territory,region_code,region,year,n_months,months,admissions,deaths,pn_admissions,icu_admissions,icu_known,W,W_any,W_pn,W_icu,W_icu_known,M,M_any,M_pn,M_icu,M_icu_known,OMS,OMS_any,OMS_pn,OMS_icu,OMS_icu_known,union_cases,W_per_1000,W_pn_per_1000,W_any_per_1000,W_survivor_per_1000,W_standardized,M_per_1000,M_pn_per_1000,M_any_per_1000,M_survivor_per_1000,M_standardized,OMS_per_1000,OMS_pn_per_1000,OMS_any_per_1000,OMS_survivor_per_1000,OMS_standardized,pn_percent
0,0.0,Brasil,2002,12,"1,2,3,4,5,6,7,8,9,10,11,12",2764196.0,778.0,86328.0,4471.0,2764196.0,79432.0,82342.0,953.0,1066.0,79432.0,31688.0,34707.0,305.0,173.0,31688.0,58222.0,62303.0,706.0,641.0,58222.0,85518.0,28.73602306059339,11.039292002594754,29.788770405571817,28.74411326842338,29.6633495812271,11.463731226005681,3.533036789917524,12.55591137531492,11.466958672195085,11.611153363991889,21.062905814204203,8.178111389120563,22.539284479103507,21.068835767878763,21.55157140612333,3.123078102999932
0,0.0,Brasil,2003,12,"1,2,3,4,5,6,7,8,9,10,11,12",2685366.0,712.0,285818.0,5395.0,2685366.0,85992.0,88959.0,3500.0,1477.0,85992.0,29278.0,31894.0,526.0,183.0,29278.0,56167.0,59769.0,1570.0,699.0,56167.0,89280.0,32.02245057098362,12.245554863584518,33.12732789496851,32.03094327984165,32.990112770338044,10.902796862699535,1.840331959498702,11.876965746941012,10.905688405284256,11.030413289070585,20.91595707996601,5.493006038807913,22.25730123938413,20.921504223635523,21.363102678672398,10.643539837772579
0,0.0,Brasil,2004,12,"1,2,3,4,5,6,7,8,9,10,11,12",2683932.0,709.0,396076.0,6170.0,2683932.0,90432.0,93504.0,4971.0,1628.0,90432.0,27912.0,30336.0,566.0,190.0,27912.0,58084.0,61523.0,2079.0,759.0,58084.0,92629.0,33.693849173526004,12.550621597875155,34.8384385297392,33.702752249813,34.623186136050066,10.39966735371835,1.4290186731839345,11.302819892605326,10.402415304281455,10.496081956085789,21.641382866630003,5.248992617578445,22.92271190179185,21.647101265902982,22.042697587726714,14.757303836311799
0,0.0,Brasil,2005,12,"1,2,3,4,5,6,7,8,9,10,11,12",2677842.0,759.0,450510.0,5946.0,2677842.0,89408.0,92581.0,5676.0,1482.0,89408.0,26589.0,28985.0,505.0,206.0,26589.0,57162.0,60780.0,1960.0,752.0,57162.0,92131.0,33.38807890831498,12.599054405007658,34.572988249493434,33.397545014480315,34.314000089094215,9.929263937155365,1.1209518101706955,10.824014262230557,9.932079057690778,10.004823397490853,21.34629302251589,4.350624847395174,22.697380950780516,21.352345071109113,21.71679029367994,16.823621408581985
0,0.0,Brasil,2006,12,"1,2,3,4,5,6,7,8,9,10,11,12",2564376.0,689.0,508948.0,6000.0,2564376.0,85502.0,88829.0,6153.0,1607.0,85502.0,23383.0,25797.0,587.0,191.0,23383.0,53804.0,57401.0,2287.0,771.0,53804.0,87595.0,33.342224385191564,12.089643735705808,34.63961603134642,33.35118522658967,34.17296420098258,9.118397614078434,1.1533594787679684,10.05975722748926,9.120848215870346,9.205265812937418,20.98132255176308,4.4935828414690695,22.384002969923287,20.986961356827102,21.348256185390927,19.84685553132614
0,0.0,Brasil,2007,11,"1,2,3,4,5,6,7,8,9,11,12",2322947.0,510.0,522663.0,5223.0,2322947.0,75922.0,79236.0,6057.0,1490.0,75922.0,19748.0,22099.0,538.0,191.0,19748.0,46642.0,50035.0,1954.0,691.0,46642.0,78135.0,32.68348352330036,11.588729257666985,34.11011960238439,32.69066071544675,33.415572083672515,8.501270153817543,1.0293439558568331,9.513346623922112,8.50313700651514,8.544512626180126,20.078805069594786,3.7385466352123644,21.5394496731953,20.08321431324079,20.37277475790646,22.49999677134261
0,0.0,Brasil,2008,12,"1,2,3,4,5,6,7,8,9,10,11,12",2371800.0,1366.0,611712.0,5190.0,2371800.0,86495.0,89499.0,11057.0,1790.0,86495.0,21835.0,22275.0,582.0,173.0,21835.0,61705.0,62858.0,4796.0,856.0,61705.0,94084.0,36.4680833122523,18.075499581502406,37.73463192512016,36.4890986207589,37.12270048248306,9.206088203052534,0.9514281230382925,9.391601315456615,9.211393356659583,9.283251361551262,26.016105911122356,7.840290855827579,26.50223458976305,26.031098102710306,26.41265105060358,25.791044776119403
0,0.0,Brasil,2009,12,"1,2,3,4,5,6,7,8,9,10,11,12",2426541.0,1483.0,611172.0,6115.0,2426541.0,85172.0,88004.0,10810.0,1757.0,85172.0,21078.0,21554.0,476.0,203.0,21078.0,56808.0,58091.0,4050.0,855.0,56808.0,91022.0,35.10016933569225,17.687328607985968,36.267262741490875,35.121634204212846,35.65798752334616,8.68643884442917,0.778831490971445,8.882602849076113,8.691750877710966,8.746512993365616,23.411102470553764,6.626612475702421,23.9398386427429,23.425419103378147,23.706219423809017,25.18696366556345
0,0.0,Brasil,2010,12,"1,2,3,4,5,6,7,8,9,10,11,12",2399935.0,872.0,644076.0,7009.0,2399935.0,85650.0,88920.0,12280.0,2326.0,85650.0,19898.0,20360.0,531.0,231.0,19898.0,54792.0,56168.0,4997.0,956.0,54792.0,90136.0,35.68846656263607,19.06607294791298,37.051003464677166,35.70143843658962,36.13904418220196,8.29105788281766,0.824436867698843,8.48356309650053,8.294071477072507,8.33901031267405,22.830618329246416,7.758401182469149,23.403967190778083,22.838916693725842,23.05729401607552,26.83722684156029
0,0.0,Brasil,2011,12,"1,2,3,4,5,6,7,8,9,10,11,12",2383077.0,605.0,632623.0,8107.0,2383077.0,83986.0,87536.0,10484.0,2689.0,83986.0,19376.0,19892.0,588.0,294.0,19376.0,52365.0,53997.0,3969.0,1116.0,52365.0,87859.0,35.24267155446509,16.572271321150197,36.73234226170619,35.251621005409504,35.598251367829775,8.13066468267706,0.9294635193472257,8.347191467166189,8.132729366808928,8.157490143649635,21.97369199568457,6.273878755593774,22.658520895464143,21.97927194947097,22.148966631601304,26.546477516253148
0,0.0,Brasil,2012,12,"1,2,3,4,5,6,7,8,9,10,11,12",2325496.0,633.0,650677.0,8585.0,2325496.0,81589.0,85263.0,11218.0,3090.0,81589.0,18660.0,19189.0,542.0,309.0,18660.0,48647.0,50202.0,4067.0,1309.0,48647.0,85198.0,35.08455830498096,17.240504889522757,36.6644363181016,35.094110921804855,35.353658299737454,8.024094644755355,0.8329785746230465,8.251572997760478,8.026279397968827,8.02909660696768,20.91897814487748,6.2504130313504245,21.587652698607094,20.92467384099622,21.026201937938456,27.980138430683176
0,0.0,Brasil,2013,12,"1,2,3,4,5,6,7,8,9,10,11,12",2344605.0,645.0,522530.0,9162.0,2344605.0,82890.0,86845.0,9248.0,3249.0,82890.0,19576.0,20197.0,356.0,313.0,19576.0,49855.0,51637.0,3491.0,1484.0,49855.0,87286.0,35.353503042090246,17.69850534897518,37.04035434540146,35.36323145446168,35.569622812847086,8.349380812546249,0.681300595181138,8.614244190386014,8.351678356285943,8.356016689448682,21.263709665380734,6.680956117352114,22.023752401790492,21.26956091400877,21.35643033263858,22.286483224253125
0,0.0,Brasil,2014,12,"1,2,3,4,5,6,7,8,9,10,11,12",2381213.0,612.0,413161.0,9429.0,2381213.0,83096.0,87300.0,6186.0,3235.0,83096.0,20926.0,21531.0,177.0,368.0,20926.0,49728.0,51455.0,2350.0,1478.0,49728.0,88661.0,34.89650022908492,14.972371545232972,36.66198697890529,34.905471349461756,35.020808796374226,8.787958070109646,0.4284044234571995,9.04203025936781,8.790217260263269,8.788394666092946,20.88347409492557,5.687855339685982,21.608734707898872,20.888842775416794,20.929077088748542,17.350862774560696
0,0.0,Brasil,2015,12,"1,2,3,4,5,6,7,8,9,10,11,12",2452136.0,854.0,401469.0,9965.0,2452136.0,84176.0,89390.0,6181.0,3740.0,84176.0,21720.0,22671.0,245.0,370.0,21720.0,49365.0,51876.0,2231.0,1490.0,49365.0,90184.0,34.32762293771634,15.395958342985386,36.45393240831667,34.33958230835946,34.3470451206383,8.857583755550262,0.6102588244671444,9.24540890064825,8.860669641436603,8.851519262276534,20.13142827314635,5.55709158116816,21.155433466985517,20.138441843900456,20.134094538183465,16.37221589667131
0,0.0,Brasil,2016,12,"1,2,3,4,5,6,7,8,9,10,11,12",2377355.0,960.0,367907.0,10402.0,2377355.0,87716.0,94096.0,6479.0,4035.0,87716.0,21832.0,22921.0,226.0,399.0,21832.0,50122.0,53092.0,2285.0,1624.0,50122.0,93170.0,36.8964668717966,17.610428722476062,39.58012160573411,36.911372057254795,36.752411527958586,9.183315070740381,0.6142856754560255,9.64138717187799,9.187024884331098,9.167727135329434,21.083094447400576,6.210808709809816,22.332381995957693,21.09161145348311,21.024080614832616,15.475475896532071
0,0.0,Brasil,2017,12,"1,2,3,4,5,6,7,8,9,10,11,12",2452559.0,864.0,396533.0,11908.0,2452559.0,94499.0,102298.0,7350.0,4756.0,94499.0,21604.0,22880.0,326.0,481.0,21604.0,49846.0,52980.0,2563.0,1780.0,49846.0,99542.0,38.530775406422435,18.535657814103743,41.710719293603134,38.54435400814538,38.16322857758168,8.808758525279107,0.822125775156166,9.329031432067486,8.811862813278161,8.78785635122377,20.324077830543526,6.463522581979306,21.601926803799625,20.331240223600407,20.203023283155222,16.1681329582693
0,0.0,Brasil,2018,12,"1,2,3,4,5,6,7,8,9,10,11,12",2513765.0,947.0,390053.0,12512.0,2513765.0,99453.0,107574.0,7449.0,4840.0,99453.0,21884.0,23153.0,348.0,441.0,21884.0,49938.0,53159.0,2614.0,1732.0,49938.0,104049.0,39.563364117170856,19.097404711667387,42.7939763661281,39.57827427215182,38.925763161248334,8.70566659970204,0.8921864464572763,9.210487058257236,8.708947484457688,8.66870279575942,19.86581880167796,6.701653365055518,21.14716371657653,19.8733055875913,19.679580772634967,15.516685131665053
0,0.0,Brasil,2019,12,"1,2,3,4,5,6,7,8,9,10,11,12",2492955.0,938.0,209028.0,14350.0,2492955.0,101571.0,110563.0,3381.0,5543.0,101571.0,23306.0,24645.0,171.0,584.0,23306.0,50597.0,54041.0,1329.0,2035.0,50597.0,105950.0,40.743214378117536,16.174866525058842,44.350178803869305,40.75855020250665,39.8822040305143,9.348744762741406,0.8180722199896665,9.885858348826995,9.352263648281694,9.298836209973144,20.295994111405943,6.3579998851828465,21.677487158813538,20.30363356269239,20.045976798518982,8.384748220485328
0,0.0,Brasil,2020,12,"1,2,3,4,5,6,7,8,9,10,11,12",2364179.0,953.0,176436.0,13886.0,2364179.0,94939.0,103876.0,3357.0,5453.0,94939.0,20749.0,22155.0,159.0,588.0,20749.0,46317.0,50445.0,1077.0,2064.0,46317.0,99841.0,40.15728081503135,19.02672923893083,43.9374514366298,40.173474733267156,39.13933918710853,8.77640821612915,0.9011766306196014,9.371117838370106,8.779947410869719,8.699163777394634,19.591156168801092,6.10419642249881,21.337216852023474,19.599056543893813,19.292119440730435,7.4628866934356495
0,0.0,Brasil,2021,12,"1,2,3,4,5,6,7,8,9,10,11,12",2353975.0,1222.0,203882.0,15384.0,2353975.0,96605.0,106311.0,5139.0,5411.0,96605.0,21008.0,22555.0,291.0,576.0,21008.0,46338.0,51050.0,1406.0,1960.0,46338.0,102136.0,41.039093448316144,25.205756270784082,45.16233180046517,41.060408806194275,39.91360500251257,8.92447880712412,1.4272961811243758,9.581665055916057,8.92911410590062,8.83089658466207,19.685000902728365,6.896145809831177,21.686721396786286,19.695225125629424,19.34867651392672,8.66117949425971
0,0.0,Brasil,2022,12,"1,2,3,4,5,6,7,8,9,10,11,12",2281158.0,824.0,219173.0,16925.0,2281158.0,100408.0,110233.0,5962.0,6479.0,100408.0,20961.0,22596.0,250.0,642.0,20961.0,46225.0,50952.0,1400.0,2335.0,46225.0,105836.0,44.016240874152516,27.202255752305255,48.32326388614905,44.032146168061345,42.54154885767968,9.188754132769409,1.1406514488554704,9.905495366826848,9.19207449435039,9.052427241738457,20.26383091394809,6.387648113590634,22.336024071984493,20.27115326088196,19.87076343860402,9.607971039270407
0,0.0,Brasil,2023,12,"1,2,3,4,5,6,7,8,9,10,11,12",2287583.0,849.0,275919.0,18373.0,2287583.0,99493.0,109454.0,7336.0,6704.0,99493.0,21641.0,23359.0,219.0,670.0,21641.0,45173.0,50426.0,1643.0,2376.0,45173.0,105493.0,43.49262955704776,26.58751300200421,47.84700708127312,43.50877714679539,41.926431424231126,9.460203192627327,0.7937111978515434,10.211214194195358,9.463715499922596,9.320404965349898,19.747043058109803,5.954646109909068,22.043353181064905,19.754374579640658,19.350494116042046,12.06159514212162
0,0.0,Brasil,2024,12,"1,2,3,4,5,6,7,8,9,10,11,12",2205202.0,965.0,291667.0,19508.0,2205202.0,96227.0,107093.0,7168.0,6665.0,96227.0,22575.0,24395.0,305.0,767.0,22575.0,45367.0,50488.0,1646.0,2557.0,45367.0,103550.0,43.63636528535708,24.575971913174957,48.56380503917555,43.65546898994981,42.006278886726285,10.23715741233683,1.0457130906136107,11.062478630075612,10.241639170379592,10.011774896588022,20.572718508327128,5.643422121803289,22.894954747909715,20.58172510487756,20.05603916214093,13.22631668209987
0,0.0,Brasil,2025,12,"1,2,3,4,5,6,7,8,9,10,11,12",2264724.0,817.0,345063.0,20984.0,2264724.0,103394.0,115052.0,9272.0,7460.0,103394.0,24927.0,26870.0,701.0,871.0,24927.0,48041.0,54064.0,2319.0,2763.0,48041.0,111864.0,45.65412827346732,26.87045554000284,50.80177540397859,45.67060396032169,44.22976362614178,11.006639219613517,2.0315130860161768,11.86458040803206,11.010611301612654,10.79134002637024,21.212739388993977,6.720511906521418,23.872224606618733,21.220394654020684,20.766566704571403,15.236426160538768
1,1.0,Norte,2002,12,"1,2,3,4,5,6,7,8,9,10,11,12",277294.0,81.0,1886.0,121.0,277294.0,6640.0,6770.0,30.0,38.0,6640.0,4625.0,4654.0,142.0,15.0,4625.0,6864.0,6945.0,157.0,44.0,6864.0,8602.0,23.94570383780392,15.906680805938494,24.414520328604297,23.95270063092279,25.418954714959202,16.67904823039806,75.2916224814422,16.78363037065353,16.683921749701494,17.322614288993496,24.753510714259956,83.24496288441145,25.045619450835574,24.7607435437732,26.057189018798557,0.6801445397303945
1,1.0,Norte,2003,12,"1,2,3,4,5,6,7,8,9,10,11,12",278495.0,70.0,10572.0,150.0,278495.0,8706.0,8815.0,128.0,58.0,8706.0,4099.0,4153.0,171.0,9.0,4099.0,7467.0,7548.0,204.0,50.0,7467.0,9717.0,31.26088439648827,12.107453651153993,31.65227382897359,31.268743826883362,33.08443142802536,14.71839709869118,16.174801362088537,14.912296450564643,14.722097512795187,15.068844866530213,26.811971489613818,19.296254256526673,27.10282051742401,26.81871240010775,28.085995086718633,3.7961184222337923
1,1.0,Norte,2004,12,"1,2,3,4,5,6,7,8,9,10,11,12",280421.0,65.0,19746.0,175.0,280421.0,10907.0,10979.0,292.0,62.0,10907.0,4424.0,4484.0,148.0,8.0,4424.0,9399.0,9481.0,223.0,48.0,9399.0,11764.0,38.895089882712064,14.787805125088626,39.15184668765891,38.90410763457889,41.05092382859505,15.776279237289646,7.495188899017522,15.99024324141202,15.779936937322548,16.138799367615537,33.51746124576975,11.293426516762889,33.80987871807033,33.52523220476822,35.06714333609372,7.041555375667301
1,1.0,Norte,2005,12,"1,2,3,4,5,6,7,8,9,10,11,12",288818.0,110.0,21847.0,210.0,288818.0,12042.0,12107.0,287.0,59.0,12042.0,5299.0,5346.0,49.0,23.0,5299.0,11190.0,11251.0,114.0,59.0,11190.0,13548.0,41.69407723895325,13.136815123357898,41.9191324640431,41.7099630076063,44.310323081513715,18.34719442694015,2.242870874719641,18.5099266666205,18.35418485112986,18.761003135181905,38.74412259623708,5.218107749347737,38.955328269013705,38.758884409160814,40.82189433753289,7.564279234673739
1,1.0,Norte,2006,12,"1,2,3,4,5,6,7,8,9,10,11,12",295257.0,100.0,27620.0,263.0,295257.0,12667.0,12760.0,240.0,90.0,12667.0,4188.0,4255.0,36.0,20.0,4188.0,10561.0,10641.0,85.0,61.0,10561.0,13246.0,42.90160775189072,8.689355539464156,43.216587583020896,42.916142934099476,45.30055511823476,14.184253040571434,1.3034033309196236,14.41117399418134,14.189058704350566,14.53961704730361,35.7688386727495,3.0774800868935555,36.03978906511954,35.780957253258435,37.732833102532865,9.354562296575526
1,1.0,Norte,2007,11,"1,2,3,4,5,6,7,8,9,11,12",266067.0,55.0,33005.0,366.0,266067.0,11490.0,11548.0,401.0,168.0,11490.0,3421.0,3466.0,31.0,13.0,3421.0,9745.0,9796.0,130.0,58.0,9745.0,12327.0,43.184611394874224,12.149674291773973,43.40260160034878,43.19354014104627,45.67609545143797,12.857663671180568,0.9392516285411301,13.026794003014277,12.86032209073275,12.999626597667087,36.626112971544764,3.938797151946675,36.81779401428963,36.63368569838955,38.581479400488476,12.404770227048074
1,1.0,Norte,2008,12,"1,2,3,4,5,6,7,8,9,10,11,12",276127.0,70.0,55851.0,297.0,276127.0,12323.0,12446.0,1186.0,190.0,12323.0,2441.0,2465.0,28.0,4.0,2441.0,10144.0,10194.0,619.0,50.0,10144.0,12785.0,44.62801536973929,21.235071887701206,45.073462573381086,44.63933173221472,47.03388988608412,8.840135155200324,0.5013339062863691,8.927051682740188,8.842376755525127,8.875841395147955,36.736718973515806,11.083060285402231,36.91779507255719,36.7460343334891,38.70682660954964,20.22656241512058
1,1.0,Norte,2009,12,"1,2,3,4,5,6,7,8,9,10,11,12",280394.0,87.0,58810.0,240.0,280394.0,11722.0,11787.0,1312.0,124.0,11722.0,2641.0,2653.0,21.0,4.0,2641.0,9433.0,9461.0,669.0,46.0,9433.0,12311.0,41.805459460616134,22.309131100153035,42.03727611860454,41.8184347875722,43.72527545847548,9.41888913457492,0.35708212888964463,9.461686056049702,9.421812512709279,9.542218591077363,33.641946689301484,11.375616391770107,33.74180617274264,33.65238827428498,35.21113635715654,20.974057932766037
1,1.0,Norte,2010,12,"1,2,3,4,5,6,7,8,9,10,11,12",276185.0,75.0,57953.0,319.0,276185.0,12251.0,12331.0,1293.0,189.0,12251.0,2521.0,2532.0,19.0,8.0,2521.0,9475.0,9508.0,578.0,55.0,9475.0,12709.0,44.35794847656462,22.311183200179457,44.64760939225519,44.36999746477853,46.38725122875891,9.127939605699078,0.32785187997170123,9.167767981606533,9.130419035891492,9.271432339258878,34.30671470210185,9.973599295981225,34.42619982982421,34.3160334649234,35.92901942229103,20.983398808769483
1,1.0,Norte,2011,12,"1,2,3,4,5,6,7,8,9,10,11,12",276785.0,70.0,59413.0,256.0,276785.0,12644.0,12759.0,1010.0,130.0,12644.0,2510.0,2522.0,11.0,4.0,2510.0,9961.0,10007.0,442.0,50.0,9961.0,13057.0,45.68166627526781,16.99964654200259,46.097151218454755,45.69322226839889,47.56917991007931,9.06841049912387,0.1851446653089391,9.11176544971729,9.070704515476212,9.202673267724352,35.988221905088785,7.439449278777372,36.154415882363566,35.99732576838986,37.44808107801885,21.465397330057627
1,1.0,Norte,2012,12,"1,2,3,4,5,6,7,8,9,10,11,12",269399.0,79.0,70271.0,288.0,269399.0,11997.0,12143.0,1100.0,162.0,11997.0,2630.0,2645.0,13.0,8.0,2630.0,8528.0,8577.0,327.0,46.0,8528.0,12399.0,44.53245928900998,15.653683596362653,45.074406363794964,44.5455220555473,46.27875219038725,9.76247127866102,0.1849980788661041,9.818150772645778,9.765334917570177,9.748255523325335,31.655648313468127,4.65341321455508,31.837534660485005,31.66493390761919,32.827097821196865,26.084358145353175
1,1.0,Norte,2013,12,"1,2,3,4,5,6,7,8,9,10,11,12",285041.0,86.0,57151.0,290.0,285041.0,12498.0,12704.0,906.0,151.0,12498.0,3039.0,3076.0,8.0,15.0,3039.0,9007.0,9079.0,240.0,63.0,9007.0,12962.0,43.84632386218123,15.852740984409722,44.56902691191794,43.85955677212191,45.164273918205325,10.661624117232257,0.13998005284246995,10.791430004806326,10.66484181712902,10.765005096684272,31.5989629562063,4.1994015852740985,31.851558196890974,31.60849958765419,32.56020972535845,20.050098056069128
1,1.0,Norte,2014,12,"1,2,3,4,5,6,7,8,9,10,11,12",282881.0,69.0,47708.0,253.0,282881.0,12281.0,12586.0,571.0,89.0,12281.0,3019.0,3095.0,5.0,14.0,3019.0,8386.0,8517.0,142.0,58.0,8386.0,12787.0,43.414015080546235,11.968642575668651,44.49220697042219,43.42460715952647,44.96198609230524,10.672332182083633,0.10480422570638048,10.940996390708461,10.67493599988685,10.823317266007855,29.644974388523796,2.976440010061206,30.10806664286396,29.65220711992419,30.61973690756034,16.86504219088592
1,1.0,Norte,2015,12,"1,2,3,4,5,6,7,8,9,10,11,12",288723.0,105.0,37549.0,291.0,288723.0,11458.0,11607.0,481.0,110.0,11458.0,2987.0,3017.0,16.0,16.0,2987.0,7764.0,7823.0,137.0,76.0,7764.0,11990.0,39.68509609556565,12.809928360275906,40.20116166706497,39.69953363962053,40.84237345311777,10.34555612126502,0.4261098830861008,10.449461941029984,10.349319862240055,10.41951855869151,26.890826155172952,3.6485658739247384,27.09517426737738,26.900609109618944,27.606929878950055,13.005198754515574
1,1.0,Norte,2016,12,"1,2,3,4,5,6,7,8,9,10,11,12",281056.0,185.0,30183.0,317.0,281056.0,11534.0,11699.0,433.0,103.0,11534.0,2776.0,2825.0,4.0,22.0,2776.0,7751.0,7825.0,98.0,71.0,7751.0,11988.0,41.038084936809746,14.3458238081039,41.62515655243083,41.06511530204258,42.19750267262426,9.877035181600819,0.1325249312526919,10.051377661391324,9.883540842593218,9.88766021389293,27.57813389502448,3.246860815690952,27.841426619606057,27.596298656678687,28.208589396198942,10.739140954115905
1,1.0,Norte,2017,12,"1,2,3,4,5,6,7,8,9,10,11,12",292186.0,131.0,36417.0,420.0,292186.0,12748.0,12871.0,720.0,149.0,12748.0,2994.0,3029.0,14.0,28.0,2994.0,7988.0,8048.0,167.0,114.0,7988.0,13362.0,43.629742698144334,19.770986077930637,44.0507074260916,43.64931262947048,44.343215153876805,10.246897524179804,0.3844358404042068,10.36668423538431,10.25149372549691,10.225604972088847,27.338749974331417,4.585770381964467,27.544098622110575,27.35101265172656,27.689684083706045,12.463636176955776
1,1.0,Norte,2018,12,"1,2,3,4,5,6,7,8,9,10,11,12",298679.0,146.0,36265.0,622.0,298679.0,13425.0,13522.0,630.0,222.0,13425.0,3270.0,3305.0,15.0,42.0,3270.0,8014.0,8089.0,152.0,148.0,8014.0,13765.0,44.94792067738274,17.37212188060113,45.272684052109454,44.96990282481334,45.54992766849102,10.94820861192116,0.41362194953812215,11.065391272905025,10.953562922691964,10.913353295460004,26.831481289277118,4.191369088652971,27.0825869913854,26.844603444175352,27.071922440485064,12.141797715942534
1,1.0,Norte,2019,12,"1,2,3,4,5,6,7,8,9,10,11,12",305685.0,149.0,24283.0,666.0,305685.0,13347.0,13418.0,281.0,252.0,13347.0,3444.0,3468.0,8.0,62.0,3444.0,7675.0,7725.0,132.0,160.0,7675.0,13694.0,43.6625938466068,11.571881563233537,43.89485908696861,43.68388667783829,44.039469200674255,11.266499828254576,0.32944858543013633,11.345012022179695,11.27199413489736,11.274684344371392,25.107545348970344,5.435901659597249,25.271112419647675,25.11978948470884,25.26918623129445,7.943798354515269
1,1.0,Norte,2020,12,"1,2,3,4,5,6,7,8,9,10,11,12",288705.0,171.0,18040.0,930.0,288705.0,12649.0,12743.0,182.0,410.0,12649.0,3148.0,3180.0,3.0,42.0,3148.0,6887.0,6949.0,76.0,149.0,6887.0,12966.0,43.8128885886978,10.088691796008868,44.13848045582861,43.83885434645484,44.05463881524983,10.903863805614728,0.1662971175166297,11.014703590169896,10.910325992777281,10.910094800736424,23.85479988223273,4.212860310421286,24.06955196480837,23.868937456244325,23.942921362557087,6.248592854297639
1,1.0,Norte,2021,12,"1,2,3,4,5,6,7,8,9,10,11,12",298675.0,205.0,18508.0,1197.0,298675.0,12492.0,12566.0,249.0,462.0,12492.0,3134.0,3147.0,8.0,40.0,3134.0,6489.0,6526.0,81.0,165.0,6489.0,12779.0,41.824725872604,13.45364166846769,42.07248681677409,41.85345260830234,41.9773494107807,10.493010797689797,0.4322455154527772,10.536536368962919,10.500217777331056,10.492572039482049,21.725956307022685,4.376485843959369,21.849836779107726,21.740878480249272,21.75835690342017,6.196702100945844
1,1.0,Norte,2022,12,"1,2,3,4,5,6,7,8,9,10,11,12",282937.0,129.0,23038.0,1207.0,282937.0,13180.0,13282.0,417.0,539.0,13180.0,3431.0,3448.0,16.0,30.0,3431.0,6689.0,6746.0,109.0,181.0,6689.0,13675.0,46.58280818698155,18.100529559857627,46.94331246885349,46.60405646233487,46.48962010872507,12.126374422574637,0.6945047313134821,12.186458469553292,12.131905745240587,12.110650385690462,23.641305308248832,4.731313482073096,23.842763583412562,23.652089049814716,23.605923938235637,8.14244867231928
1,1.0,Norte,2023,12,"1,2,3,4,5,6,7,8,9,10,11,12",280630.0,147.0,28927.0,1021.0,280630.0,12514.0,12600.0,662.0,447.0,12514.0,3426.0,3437.0,22.0,38.0,3426.0,6430.0,6480.0,184.0,146.0,6430.0,13211.0,44.592523963938284,22.885193763611852,44.898977301072584,44.615894724457455,44.407217417184626,12.20824573281545,0.7605351401804542,12.247443252681467,12.214644024771555,12.175905135697489,22.912732067134662,6.360839354236527,23.090902611980187,22.92474053685963,22.837301123295816,10.307878701493069
1,1.0,Norte,2024,12,"1,2,3,4,5,6,7,8,9,10,11,12",268193.0,105.0,30454.0,1271.0,268193.0,11721.0,11769.0,648.0,516.0,11721.0,3350.0,3364.0,20.0,44.0,3350.0,6163.0,6198.0,218.0,145.0,6163.0,12683.0,43.70360151085226,21.27799303868129,43.882577099327726,43.72071857002178,43.30186878452049,12.49100461235006,0.6567281802062126,12.543205825655406,12.49589686968458,12.382515958905852,22.979719828630873,7.158337164247718,23.110222861894233,22.988720121751065,22.813724651742888,11.355255357149515
1,1.0,Norte,2025,12,"1,2,3,4,5,6,7,8,9,10,11,12",286451.0,136.0,27354.0,1708.0,286451.0,12957.0,13086.0,598.0,672.0,12957.0,4067.0,4090.0,28.0,43.0,4067.0,6993.0,7062.0,140.0,179.0,6993.0,14277.0,45.23286705230563,21.861519339036338,45.68320585370622,45.25435272339905,44.896753083430276,14.197890738730184,1.0236162901221029,14.278183703320988,14.204634755426715,14.067431450456587,24.412552234064464,5.118081450610514,24.65343112783687,24.424148228349896,24.241538884975988,9.54927718876876
2,2.0,Nordeste,2002,12,"1,2,3,4,5,6,7,8,9,10,11,12",947138.0,216.0,12803.0,1391.0,947138.0,25154.0,25540.0,73.0,432.0,25154.0,8409.0,10331.0,26.0,39.0,8409.0,17654.0,19782.0,42.0,209.0,17654.0,25689.0,26.557903916852666,5.701788643286729,26.965447484949394,26.563961973636687,27.272168719074863,8.878326072863722,2.0307740373349996,10.90759741452671,8.88035128553355,8.943145216622588,18.639311272486164,3.280481137233461,20.886079958781085,18.643563038983146,19.053654538385977,1.351756555010991
2,2.0,Nordeste,2003,12,"1,2,3,4,5,6,7,8,9,10,11,12",911492.0,235.0,43470.0,2293.0,911492.0,29050.0,29299.0,282.0,796.0,29050.0,9763.0,11140.0,28.0,67.0,9763.0,19129.0,20671.0,107.0,279.0,19129.0,29646.0,31.870822782865893,6.487232574189096,32.14400126386189,31.879041807086256,32.74168866021926,10.711010080176239,0.644122383252818,12.221719993154082,10.71377229475329,10.827959191890919,20.986470534025532,2.461467678858983,22.67820233200072,20.991882641230738,21.47505869863634,4.769103842930053
2,2.0,Nordeste,2004,12,"1,2,3,4,5,6,7,8,9,10,11,12",903719.0,229.0,59775.0,2519.0,903719.0,29737.0,29975.0,339.0,807.0,29737.0,9019.0,10237.0,25.0,88.0,9019.0,19761.0,21074.0,111.0,270.0,19761.0,30302.0,32.90513976136388,5.671267252195734,33.16849595947413,32.91347994997177,33.83094063108831,9.979872062001574,0.41823504809703055,11.327636134683457,9.982401576110416,10.086443084923552,21.86631021368368,1.8569636135508156,23.31919545788016,21.87185248314868,22.415097349422556,6.614334765563189
2,2.0,Nordeste,2005,12,"1,2,3,4,5,6,7,8,9,10,11,12",918037.0,234.0,74514.0,2384.0,918037.0,27967.0,28220.0,672.0,693.0,27967.0,6717.0,7903.0,49.0,67.0,6717.0,17541.0,18888.0,258.0,266.0,17541.0,28316.0,30.463913763824333,9.018439487881471,30.73950178478645,30.47168074194571,31.267525193030664,7.316698564436946,0.6575945459913574,8.608585492741579,7.318564005565465,7.343805639647442,19.10707302646843,3.4624365890973507,20.574334149930777,19.11194450225157,19.50300082634888,8.116666321727774
2,2.0,Nordeste,2006,12,"1,2,3,4,5,6,7,8,9,10,11,12",868011.0,198.0,101312.0,2218.0,868011.0,26097.0,26612.0,987.0,676.0,26097.0,5522.0,6755.0,76.0,55.0,5522.0,16140.0,17649.0,363.0,253.0,16140.0,26606.0,30.065287191060943,9.742182564750474,30.658597644499896,30.072146879569676,30.815985861321664,6.361670531825058,0.7501579279848389,7.782159442679874,6.363122009004244,6.378034677502802,18.59423440486353,3.582991156032849,20.332691636396312,18.598476860798353,18.977022496938346,11.671741487147052
2,2.0,Nordeste,2007,12,"1,2,3,4,5,6,7,8,9,10,11,12",859671.0,145.0,125458.0,2191.0,859671.0,26393.0,26916.0,1379.0,667.0,26393.0,6008.0,7470.0,122.0,77.0,6008.0,15809.0,17516.0,412.0,265.0,15809.0,27064.0,30.70127990824397,10.991726314782637,31.309652180892456,30.70645914143377,31.388335173898607,6.988720103388389,0.972436990865469,8.689370701117054,6.989899083913692,7.006310552120872,18.38959322810703,3.2839675429227313,20.37523657306109,18.39269550892003,18.71804797196658,14.593722482205402
2,2.0,Nordeste,2008,12,"1,2,3,4,5,6,7,8,9,10,11,12",803376.0,983.0,150245.0,1881.0,803376.0,27624.0,28458.0,2620.0,751.0,27624.0,5890.0,5977.0,132.0,68.0,5890.0,17706.0,17974.0,775.0,327.0,17706.0,29290.0,34.384895739977296,17.438184298978335,35.42301487721814,34.42702017589884,35.08555109144812,7.331560813367589,0.8785650104828779,7.439853816892713,7.340542601941941,7.423804178712708,22.03949333811316,5.158241538819928,22.37308557885722,22.06649360101596,22.51051367308464,18.70170380992213
2,2.0,Nordeste,2009,12,"1,2,3,4,5,6,7,8,9,10,11,12",817105.0,966.0,155388.0,2088.0,817105.0,27998.0,28668.0,3017.0,705.0,27998.0,5765.0,5859.0,127.0,60.0,5765.0,17520.0,17852.0,801.0,292.0,17520.0,29605.0,34.26487415937976,19.415913712770614,35.08484221734049,34.305430815094,34.947158696236684,7.055396797229243,0.8173089299044971,7.17043709192821,7.06374771944485,7.102787769844207,21.441552799211852,5.1548382114449,21.847865329425225,21.466931490836732,21.799287433024915,19.016895013492757
2,2.0,Nordeste,2010,12,"1,2,3,4,5,6,7,8,9,10,11,12",809663.0,419.0,167233.0,3021.0,809663.0,30161.0,31020.0,4082.0,1108.0,30161.0,5449.0,5523.0,131.0,100.0,5449.0,17502.0,17924.0,1679.0,371.0,17502.0,31290.0,37.25130084985976,24.40905802084517,38.312236078467215,37.27058835159729,37.89320505499845,6.729960489734618,0.7833382167395191,6.821356539696145,6.733445042533525,6.7709686005446645,21.61640089765742,10.039884472562234,22.137605398789372,21.627593161024365,21.967276316150134,20.654642734075782
2,2.0,Nordeste,2011,12,"1,2,3,4,5,6,7,8,9,10,11,12",788784.0,228.0,159558.0,3924.0,788784.0,28955.0,30241.0,2765.0,1509.0,28955.0,5647.0,5743.0,148.0,127.0,5647.0,16256.0,16832.0,877.0,482.0,16256.0,30034.0,36.70840179313982,17.32912169869264,38.33875940688452,36.71901551697026,37.23591747741824,7.159120874662772,0.9275623911054287,7.280827197306233,7.161190834893146,7.191720245649319,20.60893730095945,5.496433898645007,21.33917523682022,20.61489608854666,20.89841707439024,20.228351487859793
2,2.0,Nordeste,2012,12,"1,2,3,4,5,6,7,8,9,10,11,12",757741.0,252.0,164416.0,4077.0,757741.0,28649.0,29955.0,3048.0,1734.0,28649.0,5810.0,5941.0,158.0,130.0,5810.0,15713.0,16196.0,928.0,615.0,15713.0,29757.0,37.80843322454506,18.5383417672246,39.53197728511457,37.82101126220975,38.215246452375396,7.667527558888855,0.9609770338653173,7.840409849803561,7.670078377375777,7.678190050760869,20.736636924753974,5.644219540677306,21.374057890492924,20.74353554969115,20.903629395849425,21.698179193154388
2,2.0,Nordeste,2013,12,"1,2,3,4,5,6,7,8,9,10,11,12",742646.0,257.0,99584.0,4243.0,742646.0,28952.0,30390.0,1918.0,1693.0,28952.0,5939.0,6134.0,31.0,116.0,5939.0,15546.0,16152.0,430.0,682.0,15546.0,30508.0,38.9849268695987,19.260122107969153,40.92124646197515,38.9984226598185,39.36646319059232,7.997080708709129,0.3112949871465296,8.259655340498703,7.999849135695706,8.00495077812621,20.93325756820881,4.317962724935732,21.749258731616408,20.940504236997047,21.089147232971623,13.409349811350227
2,2.0,Nordeste,2014,12,"1,2,3,4,5,6,7,8,9,10,11,12",748997.0,201.0,50902.0,4187.0,748997.0,29575.0,30838.0,607.0,1769.0,29575.0,7372.0,7479.0,21.0,130.0,7372.0,16426.0,16892.0,145.0,641.0,16426.0,32220.0,39.48613946384298,11.924875250481318,41.17239454897683,39.49673876463015,39.79228250459073,9.842496031359271,0.41255746336096816,9.9853537464102,9.845138061634945,9.871783504640053,21.93066193856584,2.848611056540018,22.552827314395117,21.936548806350462,22.048846672956124,6.796021879927423
2,2.0,Nordeste,2015,12,"1,2,3,4,5,6,7,8,9,10,11,12",770960.0,280.0,48201.0,4153.0,770960.0,30468.0,31531.0,572.0,1955.0,30468.0,7564.0,7657.0,26.0,114.0,7564.0,16060.0,16400.0,142.0,525.0,16060.0,33121.0,39.51956002905469,11.866973714238293,40.89836048562831,39.5339180983028,39.68987975575734,9.811144547058213,0.5394078961017407,9.931773373456469,9.814709088078061,9.821900379328039,20.83117152640863,2.9459969710171987,21.27218013904742,20.838739814190067,20.894780246047414,6.252075334647712
2,2.0,Nordeste,2016,12,"1,2,3,4,5,6,7,8,9,10,11,12",732644.0,273.0,41636.0,4051.0,732644.0,31718.0,33078.0,491.0,2003.0,31718.0,8044.0,8121.0,19.0,126.0,8044.0,16630.0,17040.0,134.0,543.0,16630.0,34104.0,43.292513144173704,11.792679412047267,45.1488035116646,43.308650943306056,43.42609455164502,10.979411555953506,0.4563358631953118,11.0845103488188,10.983504262184058,10.999173894968209,22.698609420127646,3.218368719377462,23.258226369150638,22.707070596733075,22.732983896957435,5.682978363297863
2,2.0,Nordeste,2017,12,"1,2,3,4,5,6,7,8,9,10,11,12",758624.0,289.0,46131.0,4673.0,758624.0,34539.0,35787.0,735.0,2398.0,34539.0,7784.0,7897.0,27.0,148.0,7784.0,16263.0,16658.0,252.0,572.0,16263.0,36672.0,45.52848314843717,15.932886778955583,47.17356687898089,45.545833965200075,45.43834622876691,10.260682498840005,0.5852897184106133,10.409636394313916,10.264592825070714,10.25837868886855,21.437497363647868,5.462704038499057,21.958176909773485,21.445667152379883,21.406809574028124,6.080878010714135
2,2.0,Nordeste,2018,12,"1,2,3,4,5,6,7,8,9,10,11,12",789002.0,327.0,45767.0,4577.0,789002.0,36654.0,38197.0,885.0,2293.0,36654.0,7737.0,7844.0,24.0,123.0,7737.0,15964.0,16381.0,183.0,534.0,15964.0,38530.0,46.45615600467426,19.33707693316145,48.41179109812143,46.47541763083653,45.95118568878398,9.806058793260346,0.5243953066620054,9.94167315165234,9.810124576029416,9.752472613417405,20.233155302521414,3.998514213297791,20.761671073077128,20.24154436237994,20.070479894672047,5.800619009837744
2,2.0,Nordeste,2019,12,"1,2,3,4,5,6,7,8,9,10,11,12",779342.0,323.0,20097.0,5493.0,779342.0,38670.0,40478.0,408.0,2604.0,38670.0,8672.0,8805.0,8.0,208.0,8672.0,16922.0,17402.0,99.0,671.0,16922.0,40441.0,49.61878097164018,20.301537542916854,51.938686738299744,49.63935411074698,48.78353602724968,11.127335624154735,0.39806936358660494,11.29799240898091,11.131949284934,11.042772632861801,21.713188818259507,4.926108374384237,22.32909300409833,21.722191628188785,21.46611384288292,2.5787138380839223
2,2.0,Nordeste,2020,12,"1,2,3,4,5,6,7,8,9,10,11,12",725934.0,324.0,20462.0,5171.0,725934.0,35545.0,37087.0,838.0,2475.0,35545.0,7623.0,7818.0,16.0,211.0,7623.0,15571.0,16118.0,129.0,729.0,15571.0,37655.0,48.96450641518375,40.95396344443358,51.08866646279138,48.9863700886151,47.87540446787844,10.500954632239294,0.7819372495357247,10.769574093512633,10.505643527514781,10.381253639154005,21.44960836660082,6.304369074381781,22.203120393865007,21.45918606413914,21.125645911264076,2.8187135469615696
2,2.0,Nordeste,2021,12,"1,2,3,4,5,6,7,8,9,10,11,12",736978.0,372.0,34737.0,5394.0,736978.0,37599.0,39458.0,1787.0,2405.0,37599.0,7846.0,8071.0,42.0,227.0,7846.0,15663.0,16217.0,226.0,692.0,15663.0,40008.0,51.01780514479401,51.443705558914125,53.540268501909146,51.04357010396331,49.793829268726334,10.646179397485406,1.2090854132481217,10.951480234145388,10.651555919989791,10.491725250335488,21.25300890935686,6.506031033192273,22.004727413844105,21.26374208192711,20.894208587720453,4.713437850247904
2,2.0,Nordeste,2022,12,"1,2,3,4,5,6,7,8,9,10,11,12",701089.0,270.0,37249.0,6401.0,701089.0,39372.0,40902.0,2144.0,2898.0,39372.0,7739.0,7940.0,48.0,273.0,7739.0,15370.0,15861.0,306.0,900.0,15370.0,41495.0,56.15834794155949,57.558592176971196,58.34066716208641,56.179983704779694,54.190472777679965,11.038541469057424,1.2886251979918923,11.32523830783253,11.042794216481003,10.815010205377863,21.923036875489416,8.214985637198314,22.623375919462436,21.931483022007107,21.43999442278736,5.3130201729024416
2,2.0,Nordeste,2023,12,"1,2,3,4,5,6,7,8,9,10,11,12",699972.0,284.0,57283.0,7106.0,699972.0,39113.0,40951.0,3079.0,2991.0,39113.0,8261.0,8496.0,50.0,239.0,8261.0,15019.0,15576.0,457.0,834.0,15019.0,41563.0,55.87794940369044,53.75067646596722,58.50376872217746,55.90062999508352,53.792092809661995,11.80190064745447,0.8728593125360055,12.137628362277349,11.806690982266382,11.564764748041435,21.45657254861623,7.97793411657909,22.25231866417514,21.465281668400774,21.031239327782718,8.183613058808067
2,2.0,Nordeste,2024,12,"1,2,3,4,5,6,7,8,9,10,11,12",682214.0,254.0,61421.0,7140.0,682214.0,37758.0,40434.0,2828.0,2680.0,37758.0,7956.0,8223.0,70.0,272.0,7956.0,14527.0,15395.0,416.0,881.0,14527.0,40081.0,55.34626964559508,46.042884355513586,59.26879249033295,55.36688368819286,53.16904970963279,11.662029802965051,1.1396753553344947,12.053402598011768,11.666373394333979,11.356866101453107,21.293904845107253,6.772927825987854,22.566232882937026,21.301835884802628,20.735870888761102,9.003186683357422
2,2.0,Nordeste,2025,12,"1,2,3,4,5,6,7,8,9,10,11,12",690468.0,287.0,86717.0,7767.0,690468.0,40434.0,42910.0,4623.0,3130.0,40434.0,8610.0,8846.0,207.0,307.0,8610.0,14845.0,15895.0,807.0,845.0,14845.0,43133.0,58.56028085298667,53.311346102840275,62.14625442453524,58.58463214721935,56.658116415834364,12.469803090078035,2.3870751986346392,12.81160024794777,12.474988445060063,12.219403595293008,21.49991020583141,9.30613374540171,23.020617899743364,21.50885057687766,21.076376100339676,12.559162770758384
3,3.0,Sudeste,2002,12,"1,2,3,4,5,6,7,8,9,10,11,12",1005254.0,348.0,37738.0,1900.0,1005254.0,31690.0,33923.0,517.0,413.0,31690.0,11449.0,11886.0,18.0,80.0,11449.0,21716.0,22900.0,223.0,264.0,21716.0,33701.0,31.524370955002418,13.699719116010387,33.74570009171811,31.53528787767214,32.25683227919598,11.38916134628661,0.47697281254968465,11.823877348411447,11.393105424786,11.503973539943747,21.602500462569658,5.909163177698871,22.7803122394937,21.60998143109903,21.976083486088154,3.754076084253333
3,3.0,Sudeste,2003,12,"1,2,3,4,5,6,7,8,9,10,11,12",977489.0,295.0,133307.0,2040.0,977489.0,31566.0,33963.0,2054.0,459.0,31566.0,8632.0,9044.0,77.0,67.0,8632.0,18849.0,19973.0,760.0,276.0,18849.0,32417.0,32.29294651909127,15.40804308850998,34.74514802724123,32.30269526828859,32.99739139884454,8.83078991170233,0.5776140787805591,9.252278030750219,8.833455792810843,8.92871670720832,19.28308144644083,5.701125972379545,20.432966509086036,19.28890271532572,19.615439963020343,13.637698224737056
3,3.0,Sudeste,2004,12,"1,2,3,4,5,6,7,8,9,10,11,12",976634.0,268.0,187259.0,2226.0,976634.0,32624.0,35172.0,3106.0,496.0,32624.0,7773.0,8219.0,123.0,64.0,7773.0,17978.0,19221.0,1190.0,290.0,17978.0,32849.0,33.40453025391293,16.586652710951142,36.01349123622565,33.41369937093262,33.99361454632116,7.95896927610548,0.6568442638271058,8.415639840513437,7.961153911545465,8.028382031061106,18.40812423077632,6.354834747595576,19.68086304593123,18.41317702582843,18.64903654989419,19.173917762437107
3,3.0,Sudeste,2005,12,"1,2,3,4,5,6,7,8,9,10,11,12",958352.0,281.0,199433.0,2123.0,958352.0,32091.0,34521.0,3255.0,466.0,32091.0,7809.0,8364.0,125.0,80.0,7809.0,17380.0,18793.0,1090.0,286.0,17380.0,32413.0,33.48560862814498,16.321270802725728,36.021211412925524,33.49542987941395,34.03471251086335,8.148363023189809,0.6267769125470709,8.727482177738452,8.15075291914691,8.204655351027792,18.135298929829542,5.465494677410459,19.6097049935723,18.140617970901946,18.34727223412336,20.809994657495366
3,3.0,Sudeste,2006,12,"1,2,3,4,5,6,7,8,9,10,11,12",908022.0,247.0,208094.0,2341.0,908022.0,30699.0,32977.0,3468.0,559.0,30699.0,7741.0,8313.0,119.0,74.0,7741.0,16755.0,18069.0,1285.0,283.0,16755.0,30999.0,33.80865221327237,16.665545378530854,36.317402001273095,33.81785133981438,34.24190890515289,8.52512384061179,0.5718569492633137,9.15506452486834,8.527443474429237,8.5858568403192,18.452196092165167,6.175093947927379,19.899297594111157,18.457216821348904,18.631571715869594,22.91728614504935
3,3.0,Sudeste,2007,12,"1,2,3,4,5,6,7,8,9,10,11,12",899615.0,232.0,233888.0,2024.0,899615.0,30314.0,32920.0,3682.0,505.0,30314.0,7607.0,8178.0,142.0,75.0,7607.0,16110.0,17411.0,1142.0,274.0,16110.0,30551.0,33.69663689467161,15.742577644000548,36.59343163464371,33.70532909783707,34.02817879922759,8.45583944242815,0.6071281981119168,9.090555404256266,8.458020665278308,8.493062623751724,17.907660499213552,4.882678889040909,19.353834695953267,17.912279862972728,18.037465919925186,25.99867721191843
3,3.0,Sudeste,2008,12,"1,2,3,4,5,6,7,8,9,10,11,12",828529.0,199.0,231497.0,1954.0,828529.0,29255.0,31059.0,4432.0,541.0,29255.0,8664.0,8963.0,341.0,77.0,8664.0,20287.0,21022.0,1889.0,300.0,20287.0,32232.0,35.30956671401967,19.144956522114757,37.48691958881343,35.31804956961597,35.52517942246764,10.45708719912037,1.4730212486554901,10.817967747658802,10.459599435007787,10.479790952701256,24.485564174579284,8.159932958094489,25.37267856647142,24.491446645660545,24.594727198967547,27.940723861204617
3,3.0,Sudeste,2009,12,"1,2,3,4,5,6,7,8,9,10,11,12",860536.0,288.0,215161.0,2670.0,860536.0,29185.0,31180.0,4209.0,661.0,29185.0,7984.0,8342.0,285.0,98.0,7984.0,18037.0,18921.0,1506.0,354.0,18037.0,31252.0,33.914908847509,19.562095361148163,36.23323138137161,33.92626312412234,34.04174845253262,9.277938401182519,1.3245894934490916,9.693958184201474,9.28104453599427,9.298471929280575,20.960192252270677,6.99940974433099,21.987458979054914,20.96720945587784,21.03068850884012,25.003137579369138
3,3.0,Sudeste,2010,12,"1,2,3,4,5,6,7,8,9,10,11,12",850916.0,238.0,232820.0,2541.0,850916.0,28000.0,30258.0,4290.0,726.0,28000.0,8165.0,8533.0,310.0,86.0,8165.0,17508.0,18398.0,1568.0,349.0,17508.0,29883.0,32.90571572282106,18.426252040202733,35.55932665503998,32.91492197987958,32.9230292474785,9.595541745601212,1.3315007301778197,10.028016866529716,9.598226355918456,9.606947179460418,20.575473959826823,6.734816596512327,21.62140563815935,20.58123050084756,20.59821105332056,27.361102623525706
3,3.0,Sudeste,2011,12,"1,2,3,4,5,6,7,8,9,10,11,12",853260.0,204.0,232691.0,2853.0,853260.0,27594.0,29627.0,4215.0,816.0,27594.0,7739.0,8128.0,373.0,128.0,7739.0,16493.0,17455.0,1526.0,415.0,16493.0,29108.0,32.339497925602984,18.11415138531357,34.722124557579164,32.347231600270085,32.295471205468886,9.069920071256124,1.6029842151179032,9.52581862503809,9.07208905394253,9.075309667582639,19.329395494925347,6.558053384101663,20.456836134355296,19.334017930827518,19.32630986709669,27.27082014860652
3,3.0,Sudeste,2012,12,"1,2,3,4,5,6,7,8,9,10,11,12",835619.0,199.0,238653.0,3164.0,835619.0,27070.0,29184.0,4711.0,941.0,27070.0,6931.0,7289.0,317.0,130.0,6931.0,15577.0,16521.0,1687.0,470.0,15577.0,28545.0,32.39514659192766,19.739957176318757,34.92500768891085,32.4028632304709,32.29984039250553,8.294449982587759,1.3282883517072905,8.722874898727769,8.296425749922195,8.2946449990203,18.641270722661883,7.068840534164666,19.77097217751152,18.645711139307174,18.61787605790719,28.56002556188885
3,3.0,Sudeste,2013,12,"1,2,3,4,5,6,7,8,9,10,11,12",838513.0,213.0,215476.0,3445.0,838513.0,26601.0,28778.0,4048.0,1026.0,26601.0,6947.0,7303.0,276.0,151.0,6947.0,15654.0,16694.0,1537.0,538.0,15654.0,28162.0,31.724016204876968,18.786314949228686,34.32027887462687,31.732076822140044,31.59293184399344,8.284904348531269,1.280885110174683,8.709465446570297,8.28700942383395,8.273827171722026,18.668762440176838,7.133044979487274,19.90905328838074,18.67350590480735,18.616557980878113,25.697395269960037
3,3.0,Sudeste,2014,12,"1,2,3,4,5,6,7,8,9,10,11,12",863867.0,202.0,186927.0,3734.0,863867.0,27149.0,29619.0,3218.0,1072.0,27149.0,6923.0,7324.0,114.0,186.0,6923.0,16198.0,17268.0,1203.0,593.0,16198.0,28839.0,31.42729146963595,17.215276551808994,34.28652790302211,31.434641903978974,31.18396274297495,8.01396511268517,0.6098637436004429,8.47815693851021,8.015839474796362,7.98971159773546,18.75057155789028,6.435667399573095,19.989188150490758,18.754957072476017,18.647646930261477,21.638400355610298
3,3.0,Sudeste,2015,12,"1,2,3,4,5,6,7,8,9,10,11,12",888547.0,285.0,188016.0,4133.0,888547.0,27347.0,30721.0,3327.0,1308.0,27347.0,7500.0,8130.0,135.0,194.0,7500.0,16518.0,18298.0,1243.0,658.0,16518.0,29379.0,30.777212685429134,17.695302527444472,34.5744231875185,30.787087593525335,30.447393759289398,8.440746522131075,0.7180239979576206,9.149769229990085,8.44345474645994,8.422424819150512,18.589900140341477,6.611139477491277,20.59317064826059,18.595864733603374,18.477304143729658,21.159938641399947
3,3.0,Sudeste,2016,12,"1,2,3,4,5,6,7,8,9,10,11,12",866019.0,308.0,170911.0,4440.0,866019.0,28234.0,32530.0,3378.0,1445.0,28234.0,7238.0,7987.0,142.0,200.0,7238.0,16685.0,18835.0,1187.0,738.0,16685.0,30208.0,32.60205607498219,19.76467284142039,37.562686269007955,32.61365513433467,32.046250928202944,8.357784298035032,0.8308417831502946,9.22266139657444,8.360757804856355,8.317114503474977,19.266320946769067,6.945135187319716,21.74894546193559,19.273175459246794,19.082183327801456,19.735248302866335
3,3.0,Sudeste,2017,12,"1,2,3,4,5,6,7,8,9,10,11,12",894711.0,332.0,184080.0,5094.0,894711.0,30734.0,36691.0,3809.0,1703.0,30734.0,7154.0,8092.0,210.0,238.0,7154.0,16717.0,19112.0,1373.0,813.0,16717.0,32445.0,34.350756836565104,20.692090395480225,41.008772665139915,34.363508087734616,33.50205709147666,7.99587799859396,1.1408083441981747,9.044261219544635,7.998846126753871,7.943496554587367,18.684245527326702,7.458713602781399,21.361087546705026,18.69118125537384,18.407387951857093,20.574241291322004
3,3.0,Sudeste,2018,12,"1,2,3,4,5,6,7,8,9,10,11,12",903984.0,306.0,178958.0,5502.0,903984.0,31701.0,37786.0,3606.0,1785.0,31701.0,7179.0,8132.0,189.0,217.0,7179.0,16863.0,19327.0,1376.0,746.0,16863.0,33410.0,35.06809855041682,20.149979324757766,41.79941237898016,35.079973176286245,34.02143221898367,7.941512239154675,1.0561137250081025,8.99573443777766,7.944201363760101,7.883116054266209,18.654091222853502,7.68895495032354,21.37980318235721,18.660407800123494,18.34951462013681,19.79658932016496
3,3.0,Sudeste,2019,12,"1,2,3,4,5,6,7,8,9,10,11,12",886670.0,340.0,97079.0,6343.0,886670.0,31794.0,38476.0,1630.0,2095.0,31794.0,7348.0,8378.0,102.0,248.0,7348.0,16851.0,19494.0,687.0,900.0,16851.0,33427.0,35.85775993323333,16.79044901575006,43.39382182773749,35.871515124163686,34.59309318242981,8.287186890274848,1.0506906746052185,9.448836658508803,8.290365890808165,8.196430008251358,19.00481577136928,7.076710720135147,21.985631632963784,19.012106100436633,18.629528715231597,10.948718237901362
3,3.0,Sudeste,2020,12,"1,2,3,4,5,6,7,8,9,10,11,12",848890.0,310.0,85119.0,6023.0,848890.0,29904.0,36667.0,1429.0,2017.0,29904.0,6012.0,7095.0,86.0,229.0,6012.0,15247.0,18546.0,591.0,879.0,15247.0,31588.0,35.22717902201698,16.788261140285954,43.19405341092485,35.240048080322424,33.99044602047629,7.0821896829977975,1.0103502155805402,8.35797335343802,7.084776921445238,7.041027278406015,17.96110214515426,6.943220667536038,21.84735360294031,17.967663626293337,17.630983948656787,10.027094205374077
3,3.0,Sudeste,2021,12,"1,2,3,4,5,6,7,8,9,10,11,12",823684.0,436.0,88014.0,6795.0,823684.0,29995.0,37239.0,1694.0,2044.0,29995.0,6223.0,7432.0,182.0,231.0,6223.0,15527.0,19397.0,710.0,818.0,15527.0,31861.0,36.4156642595947,19.24693798713841,45.210299095284114,36.4349503430315,34.9958762804041,7.5550818032157965,2.067852841593383,9.022877705527849,7.559083046663946,7.4687623872119335,18.85067574458166,8.066898447974186,23.549079501362172,18.86065924241541,18.400947814430538,10.68540848189354
3,3.0,Sudeste,2022,12,"1,2,3,4,5,6,7,8,9,10,11,12",798623.0,249.0,90488.0,7255.0,798623.0,30498.0,38127.0,1767.0,2460.0,30498.0,6372.0,7705.0,137.0,250.0,6372.0,15713.0,19700.0,582.0,926.0,15713.0,32489.0,38.18823149345811,19.527451153744142,47.74092406554782,38.20014178818448,36.44465732694255,7.978733394855896,1.514012907788878,9.64785637278165,7.981221833376337,7.80415811664473,19.6751157930588,6.431792060825745,24.667458863568918,19.681252144984683,19.10844354486129,11.330502627647839
3,3.0,Sudeste,2023,12,"1,2,3,4,5,6,7,8,9,10,11,12",800726.0,266.0,110547.0,8003.0,800726.0,30129.0,37650.0,1888.0,2624.0,30129.0,6554.0,7931.0,70.0,315.0,6554.0,15356.0,19766.0,524.0,1039.0,15356.0,32128.0,37.62710340366118,17.078708603580377,47.01982950472446,37.63960722584514,35.90107934042467,8.185072047117242,0.6332148317005437,9.90476142900318,8.187792019588736,8.063609490781742,19.17759633132932,4.7400653115869265,24.685098273316964,19.183969217699822,18.711522722186672,13.80584619457842
3,3.0,Sudeste,2024,12,"1,2,3,4,5,6,7,8,9,10,11,12",769186.0,284.0,118703.0,8763.0,769186.0,29643.0,37312.0,1895.0,2799.0,29643.0,7296.0,8731.0,123.0,362.0,7296.0,15978.0,19979.0,532.0,1175.0,15978.0,32218.0,38.53814291991794,15.96421320438405,48.50842319022967,38.55237728605206,36.92452501029414,9.485352047489163,1.0361995905747958,11.350960625908428,9.488855536856452,9.351392623350801,20.772608965841812,4.4817738389088735,25.97421169912089,20.780281492309815,20.244976106741618,15.432288159170863
3,3.0,Sudeste,2025,12,"1,2,3,4,5,6,7,8,9,10,11,12",783436.0,262.0,140984.0,9116.0,783436.0,32007.0,40595.0,2044.0,2950.0,32007.0,8170.0,9763.0,296.0,420.0,8170.0,17353.0,22056.0,807.0,1355.0,17353.0,35005.0,40.85464543370486,14.498099075072348,51.81661297157649,40.86831278872894,39.35122781029263,10.428420445320358,2.099529024570164,12.461770967890166,10.431909128750444,10.270425219236703,22.149862911584353,5.724053793338251,28.15290591701173,22.15727284102894,21.66307130195836,17.99559887470068
4,4.0,Sul,2002,12,"1,2,3,4,5,6,7,8,9,10,11,12",342119.0,92.0,29868.0,715.0,342119.0,9555.0,9623.0,300.0,132.0,9555.0,4804.0,5216.0,113.0,28.0,4804.0,7682.0,8116.0,268.0,86.0,7682.0,11057.0,27.92887854810753,10.04419445560466,28.12763979784812,27.93639098667649,28.001114895269218,14.041897702261494,3.7833132449444222,15.246157038925052,14.045674756671257,13.99070657735366,22.454175301576353,8.972813713673498,23.7227397484501,22.460215129214944,22.429824305426024,8.730295598899797
4,4.0,Sul,2003,12,"1,2,3,4,5,6,7,8,9,10,11,12",321871.0,74.0,78736.0,577.0,321871.0,9913.0,9958.0,842.0,115.0,9913.0,3750.0,4225.0,234.0,27.0,3750.0,6089.0,6577.0,442.0,64.0,6089.0,10627.0,30.798052635993923,10.693964641333062,30.937860198651013,30.80513491424718,30.89817056083277,11.65063022142411,2.9719569193253403,13.126376716137832,11.653309384487736,11.642744921911724,18.917516644867042,5.613696403170088,20.433651991015033,18.921866891238885,18.936793390933733,24.461973896374634
4,4.0,Sul,2004,12,"1,2,3,4,5,6,7,8,9,10,11,12",322474.0,99.0,96277.0,674.0,322474.0,10401.0,10439.0,1036.0,114.0,10401.0,3811.0,4223.0,258.0,20.0,3811.0,6214.0,6638.0,510.0,64.0,6214.0,10891.0,32.253763094078906,10.760617800720837,32.37160205163827,32.26366808840636,32.32218402604416,11.81800703312515,2.6797677534613666,13.095629415084627,11.821636293136875,11.805611973562485,19.269770586155783,5.297215326609678,20.58460527050243,19.275688251260178,19.266989955841957,29.85574030774574
4,4.0,Sul,2005,12,"1,2,3,4,5,6,7,8,9,10,11,12",315357.0,77.0,111128.0,635.0,315357.0,10194.0,10322.0,1229.0,103.0,10194.0,3823.0,4141.0,255.0,21.0,3823.0,5834.0,6172.0,433.0,50.0,5834.0,10700.0,32.32526945652071,11.059318983514506,32.73115865511151,32.33316417153007,32.43027628903318,12.122768798536262,2.2946512130156216,13.13114977628529,12.12572951027658,12.105385063569317,18.499668629521462,3.8964077460226045,19.571469794550303,18.504186754630805,18.50271971988816,35.238792860155314
4,4.0,Sul,2006,12,"1,2,3,4,5,6,7,8,9,10,11,12",303959.0,93.0,123890.0,614.0,303959.0,9718.0,9906.0,1228.0,98.0,9718.0,3607.0,3932.0,345.0,26.0,3607.0,5753.0,6100.0,501.0,64.0,5753.0,10357.0,31.971417197714164,9.91201872628945,32.58992166706694,31.981202240461258,32.134454287153616,11.866732026358818,2.7847283880862057,12.935955178165477,11.870363910407876,11.872253675869992,18.926894745672936,4.043909920090403,20.06849608006343,18.93268743459288,18.96315644084333,40.75878654686981
4,4.0,Sul,2007,12,"1,2,3,4,5,6,7,8,9,10,11,12",292404.0,74.0,123844.0,566.0,292404.0,7635.0,7793.0,918.0,99.0,7635.0,2452.0,2697.0,269.0,24.0,2452.0,4327.0,4585.0,415.0,59.0,4327.0,8141.0,26.111133910616818,7.412551274183651,26.651482195865995,26.117743645879656,26.143885421814986,8.385658198930248,2.1720874648751654,9.223540033652071,8.387780932507782,8.346483795920324,14.7980191789442,3.3509899551048092,15.680360049794121,14.801765128450723,14.759527974536502,42.35372977113856
4,4.0,Sul,2008,12,"1,2,3,4,5,6,7,8,9,10,11,12",285408.0,59.0,115794.0,577.0,285408.0,10032.0,10104.0,1771.0,134.0,10032.0,2986.0,2998.0,60.0,15.0,2986.0,7761.0,7784.0,1058.0,91.0,7761.0,11453.0,35.14968045745039,15.294402127916818,35.40195089135553,35.15694815822028,35.142273890472566,10.462215495010652,0.5181615627752734,10.504260567328176,10.464378708178407,10.40539075348871,27.192650521358896,9.13691555693732,27.273236909967483,27.198272992020296,27.109910092070812,40.57139253279516
4,4.0,Sul,2009,12,"1,2,3,4,5,6,7,8,9,10,11,12",290199.0,82.0,122010.0,609.0,290199.0,9233.0,9268.0,1593.0,108.0,9233.0,2808.0,2814.0,35.0,25.0,2808.0,6846.0,6853.0,825.0,73.0,6846.0,10465.0,31.816098608196445,13.056306860093436,31.9367055020865,31.825091256286257,31.792141390472427,9.676118801236393,0.2868617326448652,9.696794268760403,9.678853703850516,9.62382224099716,23.59070844489471,6.761740840914679,23.61482982367272,23.597376230968884,23.50592104383456,42.04356321007309
4,4.0,Sul,2010,12,"1,2,3,4,5,6,7,8,9,10,11,12",288131.0,82.0,124595.0,634.0,288131.0,9069.0,9112.0,1912.0,153.0,9069.0,2145.0,2149.0,55.0,16.0,2145.0,6065.0,6081.0,940.0,96.0,6065.0,9801.0,31.47526645865943,15.345720133231671,31.62450413180116,31.484226641994937,31.469287990828292,7.444530439279355,0.441430233958024,7.458413013525098,7.44664970196043,7.4221450710564625,21.049453200106896,7.5444439985553196,21.104983497089865,21.05544542768765,21.01164678171942,43.24248345370682
4,4.0,Sul,2011,12,"1,2,3,4,5,6,7,8,9,10,11,12",291382.0,60.0,125792.0,608.0,291382.0,9235.0,9311.0,1902.0,117.0,9235.0,2104.0,2108.0,44.0,14.0,2104.0,5880.0,5896.0,939.0,86.0,5880.0,9871.0,31.693790282172543,15.120198422793182,31.95461627691484,31.700317861335567,31.632865252887292,7.220761749181487,0.3497837700330705,7.234489433115292,7.2222489204385525,7.1764356456881435,20.17969538269351,7.464703637751208,20.23460611842873,20.183851545712304,20.115112957009053,43.1708204350303
4,4.0,Sul,2012,12,"1,2,3,4,5,6,7,8,9,10,11,12",291935.0,63.0,125679.0,571.0,291935.0,9064.0,9120.0,1793.0,130.0,9064.0,1919.0,1934.0,43.0,30.0,1919.0,5809.0,5847.0,980.0,98.0,5809.0,9551.0,31.04800726189049,14.266504348379602,31.239830784249918,31.054708913496327,31.029258904733158,6.573381060852587,0.3421414874402247,6.624762361484577,6.574799912290319,6.546264887706311,19.89826502474866,7.797643202126051,20.0284309863497,19.902560026312905,19.862346826369613,43.05033654751914
4,4.0,Sul,2013,12,"1,2,3,4,5,6,7,8,9,10,11,12",298790.0,45.0,112139.0,582.0,298790.0,9428.0,9487.0,1814.0,137.0,9428.0,1979.0,1997.0,35.0,15.0,1979.0,6226.0,6251.0,1114.0,97.0,6226.0,9931.0,31.55393420127849,16.176352562444823,31.751397302453228,31.55868717468075,31.533865883048172,6.623380969911978,0.31211264591266197,6.68362394993139,6.624378650688715,6.595007923578037,20.83737742226982,9.934099644191583,20.92104822785234,20.840516159266265,20.80378769226778,37.531041868871114
4,4.0,Sul,2014,12,"1,2,3,4,5,6,7,8,9,10,11,12",304447.0,50.0,98609.0,633.0,304447.0,9114.0,9192.0,1453.0,141.0,9114.0,2052.0,2065.0,28.0,19.0,2052.0,5690.0,5720.0,759.0,105.0,5690.0,9513.0,29.936245060716644,14.734963340060238,30.192447289676036,29.94116236362382,29.78352302445025,6.740089408008619,0.28394974089586145,6.782789779501851,6.741196529532157,6.710810610550189,18.68962413819154,7.697066190712815,18.788163457022076,18.692694080427863,18.60772993305028,32.389545635200875
4,4.0,Sul,2015,12,"1,2,3,4,5,6,7,8,9,10,11,12",316673.0,87.0,97275.0,786.0,316673.0,9246.0,9456.0,1244.0,198.0,9246.0,1949.0,1999.0,52.0,32.0,1949.0,5694.0,5842.0,578.0,144.0,5694.0,9740.0,29.197310790626293,12.788486250321254,29.860455422470498,29.20533441150272,28.912666610218466,6.154613749830267,0.5345669493703418,6.312505328840792,6.156305079820333,6.127270790320318,17.980693017718593,5.941917244924184,18.448052091589748,17.985634235247293,17.835582978934443,30.71780669649765
4,4.0,Sul,2016,12,"1,2,3,4,5,6,7,8,9,10,11,12",316220.0,115.0,97080.0,830.0,316220.0,10311.0,10505.0,1771.0,209.0,10311.0,2039.0,2101.0,49.0,29.0,2039.0,5675.0,5831.0,755.0,131.0,5675.0,10650.0,32.60704572765796,18.242686444169756,33.220542660173294,32.61890827414941,32.05846540154154,6.4480425020555305,0.5047383601153688,6.644108532034659,6.450388320336597,6.3918650476584835,17.946366453734743,7.777091058920478,18.439693884004807,17.95289539868082,17.72242165981803,30.70014546834482
4,4.0,Sul,2017,12,"1,2,3,4,5,6,7,8,9,10,11,12",319499.0,63.0,102389.0,861.0,319499.0,10496.0,10713.0,1693.0,276.0,10496.0,2057.0,2118.0,68.0,36.0,2057.0,5624.0,5752.0,668.0,164.0,5624.0,10750.0,32.8514330248295,16.534979343484164,33.53062137909665,32.85791207002342,32.07025441147021,6.438204814412565,0.6641338425026125,6.629128729667386,6.439474573936563,6.399323331551928,17.602559006444466,6.524138335172724,18.00318623845458,17.606030628983582,17.338166825902054,32.04673567053418
4,4.0,Sul,2018,12,"1,2,3,4,5,6,7,8,9,10,11,12",325906.0,87.0,102215.0,908.0,325906.0,10881.0,11100.0,1855.0,274.0,10881.0,2067.0,2133.0,107.0,37.0,2067.0,5736.0,5868.0,770.0,187.0,5736.0,11253.0,33.38692751897786,18.1480213275938,34.05890041913926,33.395842476958066,32.45150061678902,6.342319564537013,1.0468130900552757,6.544831945407571,6.344013087020707,6.264333967492667,17.60016691929575,7.533140928435161,18.005191681036862,17.604866505636565,17.272971382532305,31.363337894975853
4,4.0,Sul,2019,12,"1,2,3,4,5,6,7,8,9,10,11,12",322666.0,62.0,55482.0,945.0,322666.0,10538.0,10792.0,860.0,271.0,10538.0,1915.0,1989.0,49.0,20.0,1915.0,5243.0,5398.0,353.0,173.0,5243.0,10913.0,32.65915838669088,15.500522692044267,33.44635009576466,32.66543502250437,31.539356307586587,5.934929617623177,0.8831693161746151,6.1642689344399475,5.936070228515455,5.935890133151703,16.249000514463873,6.362423849176309,16.7293734077963,16.25212334626973,15.937861032687552,17.194870237335202
4,4.0,Sul,2020,12,"1,2,3,4,5,6,7,8,9,10,11,12",310159.0,75.0,42579.0,829.0,310159.0,9733.0,10113.0,702.0,246.0,9733.0,1827.0,1879.0,43.0,38.0,1827.0,4789.0,4909.0,235.0,144.0,4789.0,10190.0,31.38067894209099,16.487000634115407,32.605856995927894,31.38826898517821,30.146050045275405,5.8905271167369,1.0098875032292913,6.05818306094616,5.891951858206164,5.8507641167538615,15.440467631118233,5.519152633927523,15.827365963908834,15.444202216173682,15.107182218189733,13.728120093242499
4,4.0,Sul,2021,12,"1,2,3,4,5,6,7,8,9,10,11,12",305942.0,120.0,49053.0,968.0,305942.0,9752.0,10118.0,890.0,206.0,9752.0,1654.0,1710.0,40.0,31.0,1654.0,4820.0,4983.0,305.0,142.0,4820.0,10144.0,31.87532277359761,18.14364055205594,33.07162795562557,31.887830175723135,30.317695032074326,5.406253472880481,0.8154445191935253,5.589294702917546,5.40837480625985,5.333772087353479,15.754620156761739,6.217764458850631,16.28740087990534,15.760802035170785,15.275962070650964,16.033431173228912
4,4.0,Sul,2022,12,"1,2,3,4,5,6,7,8,9,10,11,12",307046.0,67.0,54672.0,994.0,307046.0,10113.0,10534.0,1006.0,243.0,10113.0,1701.0,1737.0,34.0,47.0,1701.0,4868.0,4967.0,319.0,154.0,4868.0,10542.0,32.936432977469174,18.400643839625403,34.30756303615745,32.94362155065982,31.340378161780162,5.539886531659751,0.6218905472636815,5.657132807462074,5.541095644978973,5.423186385989955,15.854301961269647,5.834796605209248,16.176729219726035,15.857762257353109,15.354298954589389,17.805801085179418
4,4.0,Sul,2023,12,"1,2,3,4,5,6,7,8,9,10,11,12",310617.0,74.0,62867.0,1167.0,310617.0,10587.0,10911.0,1156.0,311.0,10587.0,1776.0,1825.0,58.0,35.0,1776.0,4843.0,4960.0,379.0,203.0,4843.0,10983.0,34.08377519581993,18.388025514180733,35.12686041008702,34.09189709637635,32.491627078119514,5.717652285612185,0.9225825950021473,5.875402827276035,5.719014758020628,5.597535427114704,15.59154843424539,6.028600060445067,15.968218094952949,15.595263779895216,15.062050770323923,20.239394495471917
4,4.0,Sul,2024,12,"1,2,3,4,5,6,7,8,9,10,11,12",292387.0,99.0,61999.0,1132.0,292387.0,10197.0,10517.0,1161.0,292.0,10197.0,2277.0,2328.0,63.0,41.0,2277.0,5150.0,5263.0,344.0,161.0,5150.0,11111.0,34.87501154292085,18.726108485620735,35.96945144619973,34.88682395445588,33.13653656751971,7.7876239367687345,1.01614542170035,7.962050296353805,7.790261659732866,7.616494113038693,17.61364219339437,5.54847658833207,18.000116284239724,17.619608057806,17.00128771902243,21.2044311135584
4,4.0,Sul,2025,12,"1,2,3,4,5,6,7,8,9,10,11,12",303541.0,62.0,71849.0,1308.0,303541.0,10786.0,11093.0,1450.0,368.0,10786.0,2486.0,2554.0,140.0,41.0,2486.0,5319.0,5457.0,454.0,191.0,5319.0,11715.0,35.533914693566935,20.181213378056757,36.54531018873892,35.54117418338666,33.84415777455341,8.189997397386184,1.9485309468468595,8.414019852342847,8.191670593352423,7.949582301677325,17.523168204624746,6.318807499060529,17.97780201027209,17.526748144023145,16.833288990513665,23.6702784796782
5,5.0,Centro-Oeste,2002,12,"1,2,3,4,5,6,7,8,9,10,11,12",192391.0,41.0,4033.0,344.0,192391.0,6393.0,6486.0,33.0,51.0,6393.0,2401.0,2620.0,6.0,11.0,2401.0,4306.0,4560.0,16.0,38.0,4306.0,6469.0,33.22920510834707,8.182494421026531,33.712595703541226,33.23628801663634,36.01338820726471,12.479793753346051,1.4877262583684603,13.61810063880327,12.482453860150766,13.279154479681345,22.38150433232324,3.967270022315894,23.701732409520197,22.38627501949571,23.98992960329053,2.096251903675328
5,5.0,Centro-Oeste,2003,12,"1,2,3,4,5,6,7,8,9,10,11,12",196019.0,38.0,19733.0,335.0,196019.0,6757.0,6924.0,194.0,49.0,6757.0,3034.0,3332.0,16.0,13.0,3034.0,4633.0,5000.0,57.0,30.0,4633.0,6873.0,34.47114820502094,9.831247149445092,35.323106433560014,34.477832034738064,36.93033149773332,15.478091409506222,0.8108245071707292,16.998352200551988,15.481092554890525,16.40194899913504,23.63546390911085,2.888562306795723,25.507731393385335,23.640046739224722,24.988954037157704,10.066881271713456
5,5.0,Centro-Oeste,2004,12,"1,2,3,4,5,6,7,8,9,10,11,12",200684.0,48.0,33019.0,576.0,200684.0,6763.0,6939.0,198.0,149.0,6763.0,2885.0,3173.0,12.0,10.0,2885.0,4732.0,5109.0,45.0,87.0,4732.0,6823.0,33.69974686571924,5.996547442381659,34.576747523469734,33.707809166849415,35.87996950695168,14.375834645512347,0.36342711772010056,15.810926630922246,14.379273908969477,14.920579126374417,23.579358593609854,1.362851691450377,25.457933866177672,23.584999700950977,24.888502075526482,16.45322995355883
5,5.0,Centro-Oeste,2005,12,"1,2,3,4,5,6,7,8,9,10,11,12",197278.0,57.0,43588.0,594.0,197278.0,7114.0,7411.0,233.0,161.0,7114.0,2941.0,3231.0,27.0,15.0,2941.0,5217.0,5676.0,65.0,91.0,5217.0,7154.0,36.06078731536208,5.345507937964578,37.56627703038352,36.071209455382544,38.5197013619902,14.9078964709699,0.619436542167569,16.377903263415078,14.912205089721683,15.36450217581626,26.44491529719482,1.4912361200330366,28.77158122040978,26.45255829754438,27.90046366143896,22.094708989344984
5,5.0,Centro-Oeste,2006,12,"1,2,3,4,5,6,7,8,9,10,11,12",189127.0,51.0,48032.0,564.0,189127.0,6321.0,6574.0,230.0,184.0,6321.0,2325.0,2542.0,11.0,16.0,2325.0,4595.0,4942.0,53.0,110.0,4595.0,6387.0,33.42198628434861,4.788474350433044,34.75971172809805,33.431001290486364,35.49175413369052,12.293326706393058,0.22901399067288475,13.440703865656412,12.296642619898877,12.659937713311422,24.29584353371015,1.1034310459693537,26.13058949806215,24.302396919757136,25.61009504167279,25.39669111232135
5,5.0,Centro-Oeste,2007,12,"1,2,3,4,5,6,7,8,9,10,11,12",182259.0,38.0,50537.0,471.0,182259.0,6113.0,6315.0,284.0,161.0,6113.0,1876.0,2113.0,23.0,15.0,1876.0,4194.0,4560.0,70.0,89.0,4194.0,6185.0,33.540181829155216,5.6196450125650514,34.64849472454035,33.547176231060085,35.51097504944506,10.293044513576833,0.45511209608801473,11.593391821528703,10.295191004329908,10.562935974634014,23.011209322996397,1.3851237707026536,25.019340608694222,23.01600803420023,24.310421674847245,27.728123165385522
5,5.0,Centro-Oeste,2008,12,"1,2,3,4,5,6,7,8,9,10,11,12",178360.0,55.0,58325.0,481.0,178360.0,7261.0,7432.0,1048.0,174.0,7261.0,1854.0,1872.0,21.0,9.0,1854.0,5807.0,5884.0,455.0,88.0,5807.0,8324.0,40.70980040367795,17.968281183026146,41.66853554608657,40.7223577577746,42.31532460830495,10.394707333482843,0.3600514359194171,10.495626822157435,10.397913687221335,10.642346391006338,32.557748374074905,7.801114444920703,32.98945952007176,32.56779114438743,33.78845588843214,32.70071764969724
5,5.0,Centro-Oeste,2009,12,"1,2,3,4,5,6,7,8,9,10,11,12",178307.0,60.0,59803.0,508.0,178307.0,7034.0,7101.0,679.0,159.0,7034.0,1880.0,1886.0,8.0,16.0,1880.0,4972.0,5004.0,249.0,90.0,4972.0,7389.0,39.448815806446184,11.353945454241426,39.82457222655308,39.462094733712206,40.87055104143314,10.5436129821039,0.13377255321639384,10.577262810770188,10.547162084074346,10.789961801521072,27.884491354798186,4.163670718860258,28.06395710768506,27.893877596817898,28.84357844919207,33.53934506216806
5,5.0,Centro-Oeste,2010,12,"1,2,3,4,5,6,7,8,9,10,11,12",175040.0,58.0,61475.0,494.0,175040.0,6169.0,6199.0,703.0,150.0,6169.0,1618.0,1623.0,16.0,21.0,1618.0,4242.0,4257.0,232.0,85.0,4242.0,6453.0,35.24337294332724,11.435542903619357,35.41476234003656,35.25505480563715,36.25983250178408,9.243601462522852,0.26026840178934524,9.272166361974406,9.246665371295332,9.446235732961485,24.234460694698356,3.773891825945506,24.320155393053017,24.242493513618545,24.77383668102692,35.120543875685556
5,5.0,Centro-Oeste,2011,12,"1,2,3,4,5,6,7,8,9,10,11,12",172866.0,43.0,55169.0,466.0,172866.0,5558.0,5598.0,592.0,117.0,5558.0,1376.0,1391.0,12.0,21.0,1376.0,3775.0,3807.0,185.0,83.0,3775.0,5789.0,32.152071546747194,10.730663959832514,32.38346464891882,32.16007128680789,32.97314679735851,7.9599227147038745,0.21751345864525368,8.046695128018234,7.961903218900262,8.072025086727473,21.83772401744704,3.353332487447661,22.02283849918434,21.843157450107913,22.355581300635777,31.91431513426585
5,5.0,Centro-Oeste,2012,12,"1,2,3,4,5,6,7,8,9,10,11,12",170802.0,40.0,51658.0,485.0,170802.0,4809.0,4861.0,566.0,123.0,4809.0,1370.0,1380.0,11.0,11.0,1370.0,3020.0,3061.0,145.0,80.0,3020.0,4946.0,28.155408016299575,10.956676603817414,28.459854100069087,28.16200325599372,28.748855041348715,8.020983360850575,0.21293894459715823,8.079530684652404,8.022862229301602,8.131467276386143,17.681291788152365,2.8069224515079947,17.921335815739862,17.68543352736557,17.992096329182807,30.244376529548834
5,5.0,Centro-Oeste,2013,12,"1,2,3,4,5,6,7,8,9,10,11,12",179615.0,44.0,38180.0,602.0,179615.0,5411.0,5486.0,562.0,242.0,5411.0,1672.0,1687.0,6.0,16.0,1672.0,3422.0,3461.0,170.0,104.0,3422.0,5723.0,30.125546307379672,14.719748559455212,30.543106088021602,30.13292792266012,30.550450737239824,9.30879937644406,0.1571503404924044,9.392311332572447,9.311080296929905,9.383797442628294,19.051860924755726,4.452592980618125,19.26899201068953,19.056529172305105,19.277914826517513,21.25657656654511
5,5.0,Centro-Oeste,2014,12,"1,2,3,4,5,6,7,8,9,10,11,12",181021.0,90.0,29015.0,622.0,181021.0,4977.0,5065.0,337.0,164.0,4977.0,1560.0,1568.0,9.0,19.0,1560.0,3028.0,3058.0,101.0,81.0,3028.0,5302.0,27.494047651929886,11.614682061002929,27.980179095243095,27.507723938960154,27.879354128121374,8.617784676915939,0.3101843873858349,8.661978444489867,8.622071397383532,8.695025718648292,16.727341026731704,3.480958125107703,16.893067655133933,16.735661661075216,16.91999783856714,16.02852707696897
5,5.0,Centro-Oeste,2015,12,"1,2,3,4,5,6,7,8,9,10,11,12",187233.0,97.0,30428.0,602.0,187233.0,5657.0,6075.0,557.0,169.0,5657.0,1720.0,1868.0,16.0,14.0,1720.0,3329.0,3513.0,131.0,87.0,3329.0,5954.0,30.213690962597404,18.305508084658868,32.44620339363253,30.22935191518468,30.469603022174205,9.186414787991433,0.5258314710135401,9.976873734865114,9.191176470588236,9.273614258564063,17.779985365827606,4.30524516892336,18.76271811058948,17.78920143638851,17.928774132180983,16.251408672616474
5,5.0,Centro-Oeste,2016,12,"1,2,3,4,5,6,7,8,9,10,11,12",181416.0,79.0,28097.0,764.0,181416.0,5919.0,6284.0,406.0,275.0,5919.0,1735.0,1887.0,12.0,22.0,1735.0,3381.0,3561.0,111.0,141.0,3381.0,6220.0,32.626670194470165,14.449941274869204,34.63862062883097,32.64088409977004,32.75428419876884,9.563654804427394,0.4270918603409617,10.401508135996824,9.567821238908772,9.598502782590003,18.636724434449,3.9505997081538955,19.628919169202277,18.64484357853058,18.70615071993302,15.487608590201527
5,5.0,Centro-Oeste,2017,12,"1,2,3,4,5,6,7,8,9,10,11,12",187539.0,49.0,27516.0,860.0,187539.0,5982.0,6236.0,393.0,230.0,5982.0,1615.0,1744.0,7.0,31.0,1615.0,3254.0,3410.0,103.0,117.0,3254.0,6313.0,31.897365348007614,14.28259921500218,33.251750302603725,31.905701637420663,31.77422169467512,8.61154213256976,0.25439744148858845,9.2993990583292,8.613792735612567,8.614016502390879,17.351057646676157,3.743276639046373,18.182884626664322,17.355592298255907,17.350501675831836,14.67214819317582
5,5.0,Centro-Oeste,2018,12,"1,2,3,4,5,6,7,8,9,10,11,12",196194.0,81.0,26848.0,903.0,196194.0,6792.0,6969.0,473.0,266.0,6792.0,1631.0,1739.0,13.0,22.0,1631.0,3361.0,3494.0,133.0,117.0,3361.0,7091.0,34.618795681825134,17.617699642431464,35.52096394385149,34.633094185495096,34.22924454871913,8.313200199802237,0.484207389749702,8.863675749513236,8.316633777465032,8.293817244325961,17.131002986839558,4.953814064362336,17.808903432316992,17.138078556750443,17.04848725984607,13.684414406149015
5,5.0,Centro-Oeste,2019,12,"1,2,3,4,5,6,7,8,9,10,11,12",198592.0,64.0,12087.0,903.0,198592.0,7222.0,7399.0,202.0,321.0,7222.0,1927.0,2005.0,4.0,46.0,1927.0,3906.0,4022.0,58.0,131.0,3906.0,7475.0,36.366016757976155,16.712170100107553,37.25729133097003,36.37774016763378,35.730315204526136,9.703311311633902,0.33093406138826836,10.096076377699001,9.706439393939394,9.63183185011491,19.66846600064454,4.798543890129892,20.252578150177246,19.67480657640232,19.463475488499874,6.086347889139542
5,5.0,Centro-Oeste,2020,12,"1,2,3,4,5,6,7,8,9,10,11,12",190491.0,73.0,10236.0,933.0,190491.0,7108.0,7266.0,206.0,305.0,7108.0,2139.0,2183.0,11.0,68.0,2139.0,3823.0,3923.0,46.0,163.0,3823.0,7442.0,37.31409882881606,20.12504884720594,38.14353434020505,37.328403827369264,36.38324960346474,11.228876954816762,1.0746385306760453,11.459858995963064,11.23318173702066,11.003762988675572,20.069189620507007,4.493942946463462,20.594148804930416,20.076883487905555,19.68645397238964,5.373482211758036
5,5.0,Centro-Oeste,2021,12,"1,2,3,4,5,6,7,8,9,10,11,12",188696.0,89.0,13570.0,1030.0,188696.0,6767.0,6930.0,519.0,294.0,6767.0,2151.0,2195.0,19.0,47.0,2151.0,3839.0,3927.0,84.0,143.0,3839.0,7344.0,35.86191546190698,38.24613117170228,36.72573875439861,35.87883800707291,35.03426524227424,11.399287743248399,1.400147383935151,11.632467036927121,11.404666846935692,11.25168614686692,20.344893373468437,6.190125276344879,20.811251960825878,20.35449373565138,20.080934260198013,7.191461398227838
5,5.0,Centro-Oeste,2022,12,"1,2,3,4,5,6,7,8,9,10,11,12",191463.0,109.0,13726.0,1068.0,191463.0,7245.0,7388.0,628.0,339.0,7245.0,1718.0,1766.0,15.0,42.0,1718.0,3585.0,3678.0,84.0,174.0,3585.0,7635.0,37.840209335485184,45.75258633250765,38.58708993382533,37.86176406032798,36.81932145517688,8.97301306257606,1.0928165525280489,9.223714242438486,8.978124314098476,8.840325882695812,18.72424437097507,6.119772694157074,19.209977906958525,18.734910166497695,18.507026566579132,7.169009155816006
5,5.0,Centro-Oeste,2023,12,"1,2,3,4,5,6,7,8,9,10,11,12",195638.0,78.0,16295.0,1076.0,195638.0,7150.0,7342.0,551.0,331.0,7150.0,1624.0,1670.0,19.0,43.0,1624.0,3525.0,3644.0,99.0,154.0,3525.0,7608.0,36.547092078226115,33.81405339061062,37.5284965088582,36.56166905297607,35.33944449140509,8.301045809096392,1.1660018410555386,8.536173953935329,8.304356719165474,8.153481025427624,18.01797196863595,6.075483277078859,18.62623825637146,18.025158519124567,17.701340461805984,8.329158956848874
5,5.0,Centro-Oeste,2024,12,"1,2,3,4,5,6,7,8,9,10,11,12",193222.0,223.0,19090.0,1202.0,193222.0,6908.0,7061.0,636.0,378.0,6908.0,1696.0,1749.0,29.0,48.0,1696.0,3549.0,3653.0,136.0,195.0,3549.0,7457.0,35.75162248605231,33.31587218438973,36.54345778431028,35.79293156959363,34.69291015512661,8.77746840421898,1.5191199580932426,9.051764291850825,8.787610298498956,8.536005838830368,18.36747368312097,7.1241487689889995,18.905714670172134,18.388696314488676,17.971820789590563,9.879827348852615
5,5.0,Centro-Oeste,2025,12,"1,2,3,4,5,6,7,8,9,10,11,12",200828.0,70.0,18159.0,1085.0,200828.0,7210.0,7368.0,557.0,340.0,7210.0,1594.0,1617.0,30.0,60.0,1594.0,3531.0,3594.0,111.0,193.0,3531.0,7734.0,35.90136833509272,30.673495236521834,36.68811121955106,35.91388637065522,34.85888954391588,7.937140239408848,1.6520733520568314,8.051666102336327,7.939907749628906,7.750168236464779,17.582209652040554,6.1126714026102755,17.895910928754954,17.588340190677332,17.187421266540422,9.042065847391799
AC,,AC,2002,12,"1,2,3,4,5,6,7,8,9,10,11,12",15129.0,4.0,0.0,7.0,15129.0,540.0,546.0,0.0,5.0,540.0,263.0,265.0,0.0,2.0,263.0,421.0,426.0,0.0,5.0,421.0,541.0,35.69303985722784,,36.08962918897482,35.70247933884298,37.06382468088112,17.383832374909115,,17.516028818824772,17.388429752066116,17.93277590172794,27.82735144424615,,28.157842554035298,27.834710743801654,28.366284627374743,0.0
AC,,AC,2003,12,"1,2,3,4,5,6,7,8,9,10,11,12",16117.0,1.0,17.0,14.0,16117.0,663.0,668.0,1.0,9.0,663.0,218.0,220.0,0.0,4.0,218.0,415.0,419.0,0.0,10.0,415.0,664.0,41.136687969225044,58.8235294117647,41.4469194018738,41.139240506329116,43.014047870324575,13.52609046348576,0.0,13.650183036545263,13.526929759245471,13.169635680831778,25.749208909846747,0.0,25.99739405596575,25.750806651774635,26.359359443463877,0.10547868710057703
AC,,AC,2004,12,"1,2,3,4,5,6,7,8,9,10,11,12",16038.0,2.0,1723.0,6.0,16038.0,734.0,740.0,72.0,4.0,734.0,233.0,237.0,0.0,0.0,233.0,472.0,477.0,17.0,4.0,472.0,735.0,45.766305025564286,41.78757980266976,46.14041651078688,45.772012970815666,48.887596170187855,14.52799600947749,0.0,14.777403666292555,14.529807932152657,14.576147257735965,29.430103504177577,9.866511897852583,29.74186307519641,29.433774008480917,31.088838726546378,10.743234817308892
AC,,AC,2005,12,"1,2,3,4,5,6,7,8,9,10,11,12",15357.0,2.0,3494.0,9.0,15357.0,752.0,755.0,102.0,6.0,752.0,213.0,214.0,2.0,3.0,213.0,435.0,437.0,31.0,5.0,435.0,753.0,48.96789737578954,29.19290211791643,49.163248030214234,48.974275480299575,51.525753247297395,13.869896464153156,0.5724098454493417,13.935013348961386,13.871703028329534,13.650472671377358,28.325844891580388,8.872352604464798,28.456078661196848,28.329534353630738,29.73733861494361,22.751839551995833
AC,,AC,2006,12,"1,2,3,4,5,6,7,8,9,10,11,12",17162.0,0.0,3785.0,8.0,17162.0,661.0,663.0,73.0,5.0,661.0,222.0,222.0,0.0,2.0,222.0,401.0,402.0,13.0,4.0,401.0,661.0,38.515324554247755,19.28665785997358,38.63186108845123,38.515324554247755,39.51970514724729,12.935555296585479,0.0,12.935555296585479,12.935555296585479,12.882890663383144,23.365575107796293,3.4346103038309117,23.42384337489803,23.365575107796293,23.550402536170488,22.054539098007226
AC,,AC,2007,12,"1,2,3,4,5,6,7,8,9,10,11,12",15838.0,2.0,5803.0,9.0,15838.0,723.0,729.0,202.0,6.0,723.0,140.0,145.0,5.0,0.0,140.0,359.0,363.0,45.0,5.0,359.0,723.0,45.64970324535926,34.80958125107703,46.02853895693901,45.655468552664814,47.77262004846765,8.839499936860715,0.8616232982939859,9.155196363177168,8.84061631725183,8.73977796397824,22.667003409521403,7.754609684645873,22.919560550574566,22.669866127810053,23.438013302627244,36.63972723828766
AC,,AC,2008,12,"1,2,3,4,5,6,7,8,9,10,11,12",15670.0,7.0,7032.0,9.0,15670.0,655.0,664.0,197.0,6.0,655.0,157.0,158.0,1.0,0.0,157.0,356.0,359.0,39.0,5.0,356.0,657.0,41.799617102744094,28.014789533560865,42.3739629865986,41.818297899508394,42.20118514460125,10.01914486279515,0.1422070534698521,10.082961072112317,10.023622549958501,9.538010919043922,22.718570516911296,5.546075085324232,22.910019144862794,22.728723743854946,22.599593968362456,44.875558391831525
AC,,AC,2009,12,"1,2,3,4,5,6,7,8,9,10,11,12",17245.0,3.0,6801.0,9.0,17245.0,729.0,743.0,141.0,2.0,729.0,192.0,194.0,0.0,0.0,192.0,398.0,404.0,26.0,2.0,398.0,734.0,42.27312264424471,20.732245258050288,43.08495216004639,42.2804779027955,42.9439248976171,11.13366193099449,0.0,11.249637576109016,11.135599118431736,10.873318286285953,23.079153377790664,3.822967210704308,23.42708031313424,23.08316900591579,23.1446252183933,39.43751812119455
AC,,AC,2010,12,"1,2,3,4,5,6,7,8,9,10,11,12",16616.0,3.0,7080.0,11.0,16616.0,742.0,748.0,193.0,6.0,742.0,147.0,147.0,4.0,0.0,147.0,317.0,318.0,22.0,4.0,317.0,745.0,44.65575349061146,27.259887005649716,45.0168512277323,44.663817492325286,45.393580670668065,8.846894559460761,0.5649717514124294,8.846894559460761,8.848492144705952,8.762910000560561,19.077997111218103,3.1073446327683616,19.13818006740491,19.081442244025762,19.132646811184525,42.60953298025999
AC,,AC,2011,12,"1,2,3,4,5,6,7,8,9,10,11,12",17162.0,2.0,8973.0,3.0,17162.0,595.0,596.0,165.0,2.0,595.0,142.0,142.0,3.0,0.0,142.0,275.0,276.0,28.0,2.0,275.0,602.0,34.66961892553316,18.3884988298228,34.72788719263489,34.67365967365967,35.188513877021315,8.274093928446568,0.3343363423604146,8.274093928446568,8.275058275058274,8.148586857117026,16.023773452977508,3.120472528697203,16.082041720079246,16.025641025641026,16.155921486981093,52.284116070388066
AC,,AC,2012,12,"1,2,3,4,5,6,7,8,9,10,11,12",16285.0,4.0,9417.0,8.0,16285.0,717.0,718.0,240.0,3.0,717.0,156.0,156.0,3.0,1.0,156.0,278.0,279.0,27.0,3.0,278.0,722.0,44.02824685293215,25.485823510672187,44.08965305495855,44.03906393956145,44.84078427249423,9.579367516119127,0.31857279388340237,9.579367516119127,9.581721024507095,9.544711935194892,17.070924163340496,2.867155144950621,17.1323303653669,17.07511823598059,17.01294765545811,57.826220448265275
AC,,AC,2013,12,"1,2,3,4,5,6,7,8,9,10,11,12",16048.0,3.0,6943.0,10.0,16048.0,747.0,749.0,265.0,3.0,747.0,166.0,167.0,0.0,3.0,166.0,269.0,270.0,27.0,3.0,269.0,753.0,46.547856430707874,38.16793893129771,46.67248255234297,46.5565596759115,47.34786203932402,10.343968095712862,0.0,10.406281156530408,10.345902150202555,10.430315636850203,16.76221335992024,3.888808872245427,16.824526420737786,16.765347460267996,16.850802795552614,43.263958125623134
AC,,AC,2014,12,"1,2,3,4,5,6,7,8,9,10,11,12",17157.0,2.0,3809.0,11.0,17157.0,876.0,877.0,110.0,1.0,876.0,196.0,197.0,1.0,0.0,196.0,398.0,399.0,11.0,1.0,398.0,886.0,51.057877251267705,28.878970858493044,51.11616249927143,51.06382978723404,51.298475338627746,11.42390860873113,0.26253609871357314,11.48219385673486,11.425240454677937,10.968679283836918,23.197528705484643,2.8878970858493043,23.25581395348837,23.200233168172545,23.007237678853542,22.200850964620855
AC,,AC,2015,12,"1,2,3,4,5,6,7,8,9,10,11,12",16612.0,4.0,2320.0,9.0,16612.0,847.0,849.0,39.0,2.0,847.0,140.0,140.0,0.0,0.0,140.0,377.0,377.0,1.0,2.0,377.0,873.0,50.987238141102814,16.810344827586206,51.10763303635926,50.9995183044316,51.151414007901366,8.42764266795088,0.0,8.42764266795088,8.429672447013488,8.2638613727858,22.694437755839154,0.43103448275862066,22.694437755839154,22.69990366088632,22.387147991539035,13.96580784974717
AC,,AC,2016,12,"1,2,3,4,5,6,7,8,9,10,11,12",16494.0,10.0,1955.0,12.0,16494.0,910.0,910.0,13.0,2.0,910.0,144.0,144.0,0.0,2.0,144.0,248.0,248.0,2.0,2.0,248.0,924.0,55.171577543349095,6.649616368286445,55.171577543349095,55.20504731861199,55.57288833234075,8.730447435431065,0.0,8.730447435431065,8.735743751516623,8.502436095321368,15.03577058324239,1.0230179028132993,15.03577058324239,15.04489201650085,14.8152575225857,11.852794955741482
AC,,AC,2017,12,"1,2,3,4,5,6,7,8,9,10,11,12",16520.0,3.0,1967.0,9.0,16520.0,897.0,897.0,35.0,1.0,897.0,152.0,152.0,0.0,0.0,152.0,213.0,213.0,2.0,0.0,213.0,906.0,54.29782082324455,17.793594306049823,54.29782082324455,54.30768299327965,54.20420525211929,9.200968523002421,0.0,9.200968523002421,9.202639704546831,9.000383106371482,12.893462469733656,1.0167768174885612,12.893462469733656,12.895804322818913,12.591674783111221,11.90677966101695
AC,,AC,2018,12,"1,2,3,4,5,6,7,8,9,10,11,12",15921.0,5.0,2194.0,17.0,15921.0,926.0,926.0,68.0,3.0,926.0,165.0,165.0,0.0,1.0,165.0,237.0,237.0,3.0,3.0,237.0,938.0,58.16217574272973,30.993618960802188,58.16217574272973,58.180447348580046,58.2149973261822,10.363670623704541,0.0,10.363670623704541,10.366926363407892,10.139136764330281,14.88599962313925,1.3673655423883317,14.88599962313925,14.890676049258607,14.6182075741443,13.780541423277432
AC,,AC,2019,12,"1,2,3,4,5,6,7,8,9,10,11,12",15870.0,3.0,456.0,17.0,15870.0,883.0,883.0,10.0,7.0,883.0,146.0,146.0,0.0,2.0,146.0,219.0,219.0,0.0,6.0,219.0,896.0,55.63957151858853,21.92982456140351,55.63957151858853,55.65009138463478,55.765257722748416,9.1997479521109,0.0,9.1997479521109,9.201487363710847,9.181980311092548,13.799621928166351,0.0,13.799621928166351,13.80223104556627,13.829131929521607,2.873345935727788
AC,,AC,2020,12,"1,2,3,4,5,6,7,8,9,10,11,12",16363.0,2.0,189.0,5.0,16363.0,1049.0,1049.0,16.0,1.0,1049.0,150.0,150.0,0.0,0.0,150.0,231.0,231.0,0.0,0.0,231.0,1060.0,64.10804864633624,84.65608465608466,64.10804864633624,64.11588533708209,63.28859975879146,9.167023162011857,0.0,9.167023162011857,9.168143756494102,9.056051437039379,14.117215669498258,0.0,14.117215669498258,14.118941385000916,13.9913472627473,1.1550449184134939
AC,,AC,2021,12,"1,2,3,4,5,6,7,8,9,10,11,12",16398.0,4.0,121.0,6.0,16398.0,915.0,917.0,4.0,2.0,915.0,177.0,178.0,0.0,0.0,177.0,266.0,268.0,0.0,2.0,266.0,927.0,55.799487742407614,33.05785123966942,55.92145383583364,55.81310235451995,54.96875108574477,10.79399926820344,0.0,10.854982314916453,10.796632914480908,10.56282609435818,16.221490425661667,0.0,16.343456519087695,16.225448334756617,15.854717601941008,0.7378948652274667
AC,,AC,2022,12,"1,2,3,4,5,6,7,8,9,10,11,12",15568.0,4.0,119.0,9.0,15568.0,762.0,764.0,9.0,4.0,762.0,134.0,136.0,0.0,1.0,134.0,217.0,219.0,0.0,4.0,217.0,773.0,48.94655704008222,75.63025210084034,49.07502569373073,48.95913646877409,47.74618232374149,8.607399794450155,0.0,8.735868448098664,8.609611924955024,8.572255143428816,13.93884892086331,0.0,14.067317574511819,13.942431251606271,13.773651330391258,0.7643884892086331
AC,,AC,2023,12,"1,2,3,4,5,6,7,8,9,10,11,12",17098.0,1.0,66.0,12.0,17098.0,847.0,848.0,8.0,3.0,847.0,164.0,164.0,1.0,1.0,164.0,274.0,275.0,1.0,3.0,274.0,861.0,49.53795765586619,121.21212121212122,49.59644402854135,49.54085512078142,48.03974235378107,9.591765118727336,15.151515151515152,9.591765118727336,9.59232613908873,9.359903245216477,16.025266112995673,15.151515151515152,16.08375248567084,16.0262034275019,15.691747002918948,0.38601005965610014
AC,,AC,2024,12,"1,2,3,4,5,6,7,8,9,10,11,12",14635.0,3.0,45.0,14.0,14635.0,739.0,739.0,0.0,4.0,739.0,173.0,174.0,0.0,2.0,173.0,283.0,284.0,0.0,4.0,283.0,750.0,50.49538776904681,0.0,50.49538776904681,50.50574084199016,48.94911233173662,11.820977109668602,0.0,11.889306457123334,11.823400765445598,11.675649883099487,19.3372053296891,0.0,19.405534677143834,19.34117003827228,18.837044138052764,0.30748206354629315
AC,,AC,2025,12,"1,2,3,4,5,6,7,8,9,10,11,12",16387.0,6.0,30.0,13.0,16387.0,854.0,857.0,0.0,4.0,854.0,212.0,212.0,0.0,1.0,212.0,322.0,325.0,0.0,4.0,322.0,878.0,52.114480991029474,0.0,52.297552938304754,52.13356937915878,51.09980472888445,12.937084274119728,0.0,12.937084274119728,12.941822843538246,12.898582355045239,19.649722340879965,0.0,19.832794288155245,19.6569196019779,19.4547597892073,0.18307194727527917
AL,,AL,2002,12,"1,2,3,4,5,6,7,8,9,10,11,12",64307.0,11.0,1809.0,186.0,64307.0,1900.0,1952.0,26.0,70.0,1900.0,416.0,421.0,2.0,9.0,416.0,986.0,1004.0,8.0,36.0,986.0,1940.0,29.545772621954065,14.372581536760642,30.354393767397017,29.55082742316785,29.762817159369494,6.468969163543627,1.105583195135434,6.546721196759295,6.470075898967276,6.423400582291276,15.332700950129846,4.422332780541736,15.612608269706254,15.335324125917632,15.506673790742008,2.8130685617428894
AL,,AL,2003,12,"1,2,3,4,5,6,7,8,9,10,11,12",61757.0,20.0,4713.0,508.0,61757.0,1855.0,1867.0,84.0,260.0,1855.0,384.0,393.0,12.0,23.0,384.0,803.0,819.0,16.0,93.0,803.0,1887.0,30.03708081674952,17.823042647994907,30.231390773515553,30.046811474480457,30.539659848943348,6.217918616513108,2.546148949713558,6.363651084087634,6.2199329413479765,6.303756522147749,13.00257460692715,3.3948652662847443,13.261654549281863,13.006786853912564,13.28026864561819,7.631523551986009
AL,,AL,2004,12,"1,2,3,4,5,6,7,8,9,10,11,12",59499.0,13.0,4629.0,519.0,59499.0,2140.0,2152.0,68.0,295.0,2140.0,514.0,517.0,9.0,24.0,514.0,954.0,960.0,15.0,78.0,954.0,2185.0,35.96699104186625,14.6899978397062,36.16867510378326,35.97485122549843,36.54323476879122,8.6388006521118,1.9442644199611148,8.689221667591053,8.640688565376728,8.619577617016267,16.033882922402057,3.240440699935191,16.13472495336056,16.03738694818949,16.407036431753685,7.7799626884485455
AL,,AL,2005,12,"1,2,3,4,5,6,7,8,9,10,11,12",60837.0,27.0,5028.0,581.0,60837.0,2307.0,2313.0,68.0,340.0,2307.0,517.0,521.0,14.0,27.0,517.0,919.0,927.0,26.0,99.0,919.0,2349.0,37.92100202179595,13.524264120922831,38.01962621431037,37.93783917118895,38.48228704330304,8.498117921659517,2.7844073190135243,8.563867383335799,8.501891136326263,8.491764271507757,15.10593882012591,5.17104216388226,15.237437743478475,15.112645946390396,15.27888377670556,8.264707332708713
AL,,AL,2006,12,"1,2,3,4,5,6,7,8,9,10,11,12",59086.0,23.0,5711.0,493.0,59086.0,2166.0,2253.0,32.0,301.0,2166.0,483.0,487.0,6.0,21.0,483.0,887.0,905.0,10.0,90.0,887.0,2215.0,36.658430084960905,5.603221852565225,38.13086010222388,36.672705416250444,37.14188094134742,8.174525268253054,1.0506040973559796,8.242223200081238,8.17770854849906,8.040773570143436,15.012016382899503,1.7510068289266327,15.316657076126324,15.017862282647343,15.20248766934416,9.665572216768778
AL,,AL,2007,12,"1,2,3,4,5,6,7,8,9,10,11,12",58567.0,13.0,5793.0,420.0,58567.0,2522.0,2533.0,62.0,256.0,2522.0,488.0,489.0,2.0,25.0,488.0,934.0,938.0,17.0,85.0,934.0,2561.0,43.06179247699216,10.702572069739341,43.2496115559957,43.07135293916726,43.74852332405112,8.33233732306589,0.34524426031417227,8.349411784793485,8.334187245960994,8.253770291942848,15.94754725357283,2.934576212670464,16.015845100483208,15.951087884687638,16.18928239483913,9.891235678795226
AL,,AL,2008,12,"1,2,3,4,5,6,7,8,9,10,11,12",55079.0,20.0,7370.0,312.0,55079.0,1853.0,2039.0,43.0,154.0,1853.0,276.0,276.0,5.0,6.0,276.0,707.0,710.0,12.0,80.0,707.0,1907.0,33.64258610359665,5.834464043419267,37.019553731912346,33.65480666194446,34.28093043952253,5.010984222661994,0.6784260515603799,5.010984222661994,5.0128044461395955,5.025927122233883,12.836108135587066,1.6282225237449117,12.890575355398608,12.840770809495268,13.203854211575223,13.3807803337025
AL,,AL,2009,12,"1,2,3,4,5,6,7,8,9,10,11,12",53568.0,27.0,7295.0,303.0,53568.0,1728.0,1747.0,52.0,135.0,1728.0,313.0,314.0,7.0,7.0,313.0,761.0,762.0,12.0,64.0,761.0,1792.0,32.25806451612903,7.128169979437971,32.61275388291517,32.27433182047403,33.01059900105319,5.843040621266428,0.9595613433858807,5.8617084826762245,5.845987187389103,5.842872044475829,14.206242532855436,1.6449623029472242,14.224910394265233,14.21340654825274,14.494348643847463,13.618204898446834
AL,,AL,2010,12,"1,2,3,4,5,6,7,8,9,10,11,12",52575.0,31.0,7258.0,313.0,52575.0,1632.0,1634.0,72.0,139.0,1632.0,291.0,292.0,6.0,10.0,291.0,684.0,685.0,13.0,72.0,684.0,1658.0,31.041369472182595,9.920088178561587,31.079410366143605,31.059683313032888,31.47857246615265,5.534950071326676,0.8266740148801323,5.55397051830718,5.538215590742996,5.480542413014928,13.009985734664765,1.7911270322402866,13.029006181645268,13.017661388550549,13.165536845511811,13.805040418449833
AL,,AL,2011,12,"1,2,3,4,5,6,7,8,9,10,11,12",53392.0,17.0,9043.0,336.0,53392.0,1636.0,1640.0,91.0,126.0,1636.0,316.0,316.0,10.0,10.0,316.0,632.0,633.0,15.0,65.0,632.0,1654.0,30.641294575966437,10.06303217958642,30.71621216661672,30.651053864168617,31.173602958117776,5.91848966137249,1.1058277120424638,5.91848966137249,5.9203747072599535,6.002059990586386,11.83697932274498,1.6587415680636957,11.855708720407552,11.840749414519907,12.12214212918516,16.93699430626311
AL,,AL,2012,12,"1,2,3,4,5,6,7,8,9,10,11,12",50181.0,10.0,12195.0,268.0,50181.0,1675.0,1691.0,122.0,120.0,1675.0,357.0,360.0,19.0,13.0,357.0,626.0,632.0,23.0,46.0,626.0,1710.0,33.37916741396146,10.00410004100041,33.698013192244076,33.38582049391083,33.693486336145675,7.11424642793089,1.5580155801558015,7.174030011358881,7.1156644276574115,7.101158563557277,12.474841075307387,1.8860188601886019,12.594408242163368,12.477327539813837,12.528489214058022,24.30202666347821
AL,,AL,2013,12,"1,2,3,4,5,6,7,8,9,10,11,12",49372.0,18.0,10099.0,324.0,49372.0,1943.0,1953.0,238.0,153.0,1943.0,461.0,462.0,5.0,11.0,461.0,766.0,767.0,24.0,78.0,766.0,1989.0,39.354289880904155,23.566689771264482,39.55683383294175,39.36864286582648,39.240211299514975,9.337276188932998,0.4950985246063967,9.357530584136757,9.340681606354094,9.121342522367868,15.514866726079559,2.376472918110704,15.535121121283318,15.520525185395307,15.397181776977593,20.454913716276433
AL,,AL,2014,12,"1,2,3,4,5,6,7,8,9,10,11,12",46162.0,14.0,2376.0,225.0,46162.0,1429.0,1458.0,29.0,82.0,1429.0,395.0,398.0,5.0,9.0,395.0,686.0,699.0,6.0,48.0,686.0,1510.0,30.95619773839955,12.205387205387206,31.584420085784846,30.96558897460345,31.831035779964747,8.556821628179021,2.1043771043771042,8.621810146874052,8.559417526219988,8.583474756917202,14.860707941596985,2.525252525252525,15.142324855942118,14.865216260726358,14.961644736015772,5.147090680646419
AL,,AL,2015,12,"1,2,3,4,5,6,7,8,9,10,11,12",49197.0,20.0,1854.0,240.0,49197.0,1992.0,2085.0,13.0,106.0,1992.0,493.0,494.0,7.0,13.0,493.0,951.0,997.0,7.0,48.0,951.0,2053.0,40.49027379718275,7.011866235167206,42.380632965424724,40.50674095613803,41.58232168248525,10.020936235949346,3.7756202804746493,10.041262678618615,10.025011692457856,10.11667533915314,19.330446978474296,3.7756202804746493,20.265463341260645,19.338308558879152,19.641441608724566,3.768522470882371
AL,,AL,2016,12,"1,2,3,4,5,6,7,8,9,10,11,12",48139.0,20.0,1009.0,240.0,48139.0,2209.0,2328.0,9.0,101.0,2209.0,444.0,452.0,3.0,15.0,444.0,1048.0,1079.0,3.0,56.0,1048.0,2286.0,45.8879494796319,8.919722497522299,48.359957622717545,45.907022174193145,46.63569461305889,9.223290886806955,2.9732408325074333,9.389476308190863,9.227124420706998,9.286701070658086,21.77029020129209,2.9732408325074333,22.41425870915474,21.77933872274985,22.0341280776737,2.0960136272045533
AL,,AL,2017,12,"1,2,3,4,5,6,7,8,9,10,11,12",48159.0,19.0,537.0,230.0,48159.0,2123.0,2234.0,4.0,127.0,2123.0,414.0,431.0,2.0,8.0,414.0,893.0,944.0,2.0,64.0,893.0,2170.0,44.083141261238815,7.4487895716946,46.38800639548163,44.100540091400084,45.19861890036647,8.596524014202952,3.7243947858473,8.949521377105006,8.599916909015372,8.714724259725129,18.542743827737286,3.7243947858473,19.60173591644345,18.55006231823847,18.838577994115443,1.1150563757553105
AL,,AL,2018,12,"1,2,3,4,5,6,7,8,9,10,11,12",49717.0,15.0,599.0,254.0,49717.0,2011.0,2101.0,3.0,113.0,2011.0,330.0,332.0,2.0,7.0,330.0,763.0,789.0,2.0,43.0,763.0,2049.0,40.44894100609449,5.008347245409015,42.259186998411,40.4611484447306,41.135445976540076,6.6375686384938755,3.33889816360601,6.67779632721202,6.639571848215364,6.702381149818704,15.346863245972203,3.33889816360601,15.869823199308083,15.351494909661582,15.509031877977547,1.2048192771084338
AL,,AL,2019,12,"1,2,3,4,5,6,7,8,9,10,11,12",48235.0,15.0,283.0,293.0,48235.0,2018.0,2130.0,1.0,124.0,2018.0,360.0,369.0,0.0,8.0,360.0,814.0,848.0,1.0,54.0,814.0,2053.0,41.83684046853944,3.5335689045936394,44.15880584637711,41.84985483201991,42.23632756058033,7.4634601430496526,0.0,7.650046646625894,7.465781833264206,7.434336186271667,16.875712656784494,3.5335689045936394,17.58059500362807,16.880962256325176,16.954798317059435,0.5867108945786255
AL,,AL,2020,12,"1,2,3,4,5,6,7,8,9,10,11,12",47109.0,15.0,236.0,216.0,47109.0,1493.0,1573.0,0.0,91.0,1493.0,279.0,294.0,0.0,6.0,279.0,628.0,653.0,0.0,48.0,628.0,1524.0,31.69245791674627,0.0,33.39064722239912,31.702552342124264,32.12102532153222,5.922435203464306,0.0,6.2408456982742155,5.924321569626704,5.951362453168722,13.330786049374854,0.0,13.861470207391369,13.335032063532509,13.48577522916887,0.50096584516759
AL,,AL,2021,12,"1,2,3,4,5,6,7,8,9,10,11,12",46875.0,26.0,282.0,258.0,46875.0,2097.0,2172.0,1.0,98.0,2097.0,377.0,383.0,0.0,10.0,377.0,796.0,807.0,0.0,54.0,796.0,2188.0,44.736,3.5460992907801416,46.336,44.76082733889731,45.02669756063927,8.042666666666667,0.0,8.170666666666667,8.047130141518496,8.069246946381572,16.981333333333332,0.0,17.216,16.990757540182287,17.063631494598507,0.6016
AL,,AL,2022,12,"1,2,3,4,5,6,7,8,9,10,11,12",43055.0,23.0,320.0,274.0,43055.0,2087.0,2142.0,2.0,126.0,2087.0,334.0,335.0,0.0,9.0,334.0,786.0,793.0,0.0,52.0,786.0,2126.0,48.47288352107769,6.25,49.75031935895947,48.49879159695111,48.1532782372351,7.757519451863895,0.0,7.7807455580072,7.76166573712586,7.762911847614118,18.25571942863779,0.0,18.418302171640924,18.26547685443391,18.16683517758136,0.7432353965857624
AL,,AL,2023,12,"1,2,3,4,5,6,7,8,9,10,11,12",46106.0,25.0,264.0,280.0,46106.0,2498.0,2526.0,0.0,126.0,2498.0,457.0,458.0,0.0,17.0,457.0,901.0,905.0,0.0,54.0,901.0,2558.0,54.17949941439292,0.0,54.78679564481846,54.20889303617543,53.451115418646545,9.911942046588296,0.0,9.933631197674924,9.91731950261496,9.896717217869972,19.541925129050448,0.0,19.628681733396956,19.552527071895142,19.402175282908594,0.5725935886869388
AL,,AL,2024,12,"1,2,3,4,5,6,7,8,9,10,11,12",44006.0,14.0,710.0,263.0,44006.0,2181.0,2195.0,27.0,103.0,2181.0,501.0,501.0,5.0,9.0,501.0,884.0,885.0,14.0,45.0,884.0,2221.0,49.561423442257876,38.028169014084504,49.87956187792574,49.5771958537916,48.5614901048522,11.384811162114257,7.042253521126761,11.384811162114257,11.388434260774686,11.168975330582716,20.08816979502795,19.718309859154928,20.110893969004227,20.094562647754138,19.799889757771208,1.6134163523155933
AL,,AL,2025,12,"1,2,3,4,5,6,7,8,9,10,11,12",45495.0,21.0,2966.0,426.0,45495.0,1927.0,1969.0,32.0,175.0,1927.0,466.0,471.0,1.0,18.0,466.0,815.0,823.0,9.0,68.0,815.0,1990.0,42.35630289042752,10.78894133513149,43.279481261677105,42.375863130580115,41.57455030931524,10.242883833388284,0.33715441672285906,10.352786020441807,10.247614021198928,10.279297104627682,17.914056489724146,3.034389750505732,18.08989998900978,17.92232924308396,17.855856328971022,6.519397736014946
AP,,AP,2002,12,"1,2,3,4,5,6,7,8,9,10,11,12",13975.0,3.0,0.0,3.0,13975.0,242.0,247.0,0.0,3.0,242.0,98.0,122.0,0.0,0.0,98.0,121.0,149.0,0.0,2.0,121.0,242.0,17.316636851520574,,17.674418604651162,17.320354995705696,17.829753603234135,7.01252236135957,,8.729874776386405,7.014028056112225,7.190633971145477,8.658318425760287,,10.661896243291592,8.660177497852848,9.016111091367048,0.0
AP,,AP,2003,12,"1,2,3,4,5,6,7,8,9,10,11,12",13164.0,1.0,24.0,4.0,13164.0,288.0,291.0,2.0,4.0,288.0,116.0,153.0,0.0,0.0,116.0,168.0,207.0,1.0,4.0,168.0,288.0,21.877848678213308,83.33333333333333,22.10574293527803,21.879510749829066,22.343348727973424,8.81191127316925,0.0,11.622607110300821,8.812580718681152,8.961141360097638,12.76207839562443,41.666666666666664,15.724703737465816,12.76304793740029,13.01544005153735,0.18231540565177756
AP,,AP,2004,12,"1,2,3,4,5,6,7,8,9,10,11,12",13890.0,2.0,310.0,3.0,13890.0,332.0,334.0,0.0,2.0,332.0,136.0,186.0,0.0,0.0,136.0,178.0,229.0,0.0,1.0,178.0,332.0,23.90208783297336,0.0,24.04607631389489,23.90552995391705,23.358417720131126,9.791216702663787,0.0,13.390928725701944,9.7926267281106,9.445427728769276,12.814974802015838,0.0,16.48668106551476,12.816820276497696,12.398694260807254,2.2318214542836574
AP,,AP,2005,12,"1,2,3,4,5,6,7,8,9,10,11,12",12641.0,2.0,534.0,0.0,12641.0,246.0,249.0,0.0,0.0,246.0,139.0,179.0,0.0,0.0,139.0,170.0,211.0,0.0,0.0,170.0,246.0,19.460485721066373,0.0,19.697808717664742,19.463565155471162,19.852557692673912,10.995965509057827,0.0,14.160272130369433,10.997705514676793,11.03719798630647,13.448303140574321,0.0,16.691717427418716,13.450431205000395,13.740101321629963,4.224349339450993
AP,,AP,2006,12,"1,2,3,4,5,6,7,8,9,10,11,12",15204.0,0.0,736.0,2.0,15204.0,414.0,415.0,0.0,1.0,414.0,187.0,212.0,0.0,0.0,187.0,280.0,306.0,0.0,1.0,280.0,415.0,27.22967640094712,0.0,27.295448566166797,27.22967640094712,27.77483692137167,12.29939489607998,0.0,13.943699026571954,12.29939489607998,12.324854038517962,18.41620626151013,0.0,20.126282557221785,18.41620626151013,18.9563853847218,4.840831360168377
AP,,AP,2007,11,"1,2,3,4,5,6,7,8,9,11,12",14121.0,0.0,534.0,5.0,14121.0,358.0,359.0,0.0,2.0,358.0,159.0,175.0,0.0,0.0,159.0,220.0,236.0,0.0,2.0,220.0,358.0,25.352312159195524,0.0,25.423128673606683,25.352312159195524,25.296771969526525,11.25982579137455,0.0,12.39289002195312,11.25982579137455,11.01607957380741,15.57963317045535,0.0,16.71269740103392,15.57963317045535,15.359582988792987,3.7816018695559803
AP,,AP,2008,12,"1,2,3,4,5,6,7,8,9,10,11,12",14798.0,1.0,776.0,1.0,14798.0,278.0,281.0,0.0,0.0,278.0,126.0,128.0,0.0,0.0,126.0,206.0,209.0,0.0,0.0,206.0,280.0,18.786322476010273,0.0,18.989052574672254,18.78759207947557,18.925159969976406,8.514664143803216,0.0,8.649817542911205,8.515239575589646,8.305382612371178,13.92080010812272,0.0,14.1235302067847,13.921740893424342,13.836591470135886,5.243951885389918
AP,,AP,2009,12,"1,2,3,4,5,6,7,8,9,10,11,12",16930.0,4.0,289.0,4.0,16930.0,231.0,231.0,0.0,0.0,231.0,155.0,155.0,0.0,0.0,155.0,214.0,215.0,0.0,0.0,214.0,235.0,13.64441819255759,0.0,13.64441819255759,13.647642679900745,13.785192283051424,9.15534554046072,0.0,9.15534554046072,9.157509157509157,9.138248400258464,12.640283520378027,0.0,12.699350265800355,12.643270707786836,12.73352661983556,1.707028942705257
AP,,AP,2010,12,"1,2,3,4,5,6,7,8,9,10,11,12",16356.0,4.0,476.0,0.0,16356.0,221.0,222.0,7.0,0.0,221.0,129.0,132.0,0.0,0.0,129.0,197.0,200.0,3.0,0.0,197.0,223.0,13.51186109073123,14.705882352941176,13.573000733675716,13.515166340508806,13.39049067940841,7.8870139398385914,0.0,8.070432868672047,7.888943248532289,7.637387002740158,12.044509660063586,6.302521008403361,12.227928588897042,12.047455968688846,11.828529672055978,2.9102470041574957
AP,,AP,2011,12,"1,2,3,4,5,6,7,8,9,10,11,12",15833.0,9.0,323.0,1.0,15833.0,192.0,206.0,1.0,0.0,192.0,141.0,145.0,0.0,0.0,141.0,179.0,196.0,1.0,0.0,179.0,194.0,12.126571085707068,3.0959752321981426,13.010800227373208,12.133468149646108,11.940861596321254,8.905450641066128,0.0,9.158087538685026,8.91051567239636,8.58242591984638,11.305501168445652,3.0959752321981426,12.379207983325966,11.311931243680485,11.08812848938953,2.0400429482725952
AP,,AP,2012,12,"1,2,3,4,5,6,7,8,9,10,11,12",15925.0,5.0,2462.0,1.0,15925.0,209.0,214.0,1.0,0.0,209.0,161.0,164.0,0.0,0.0,161.0,203.0,211.0,1.0,0.0,203.0,210.0,13.124018838304552,0.4061738424045491,13.437990580847723,13.128140703517587,13.180863861909108,10.10989010989011,0.0,10.298273155416013,10.113065326633166,10.042195097165743,12.747252747252746,0.4061738424045491,13.249607535321822,12.751256281407036,12.751652217928612,15.459968602825745
AP,,AP,2013,12,"1,2,3,4,5,6,7,8,9,10,11,12",16922.0,4.0,2309.0,1.0,16922.0,237.0,240.0,3.0,0.0,237.0,198.0,202.0,0.0,0.0,198.0,217.0,223.0,2.0,0.0,217.0,238.0,14.005436709608793,1.2992637505413598,14.182720718591183,14.008748078969145,13.532340708235683,11.700744592837726,0.0,11.937123271480912,11.703511053315994,11.198242083040888,12.823543316392861,0.8661758336942399,13.178111334357641,12.826575245300862,12.335965446505444,13.644959224677933
AP,,AP,2014,12,"1,2,3,4,5,6,7,8,9,10,11,12",16715.0,7.0,2320.0,2.0,16715.0,268.0,280.0,0.0,0.0,268.0,214.0,215.0,0.0,0.0,214.0,260.0,271.0,0.0,0.0,260.0,270.0,16.0335028417589,0.0,16.751420879449597,16.04022025377065,15.801983896148505,12.802871672150763,0.0,12.862698175291655,12.808235575772086,12.601843444775826,15.554890816631769,0.0,16.212982351181573,15.561407708881973,15.318537119390921,13.879748728686808
AP,,AP,2015,12,"1,2,3,4,5,6,7,8,9,10,11,12",16417.0,9.0,2138.0,6.0,16417.0,201.0,207.0,0.0,0.0,201.0,150.0,152.0,0.0,0.0,150.0,195.0,201.0,0.0,0.0,195.0,206.0,12.24340622525431,0.0,12.608881037948468,12.250121891760116,12.109251022419043,9.136870317353962,0.0,9.258695254918681,9.141882008776207,9.000998026786979,11.877931412560152,0.0,12.24340622525431,11.884446611409068,11.69880439036956,13.023085825668515
AP,,AP,2016,12,"1,2,3,4,5,6,7,8,9,10,11,12",15969.0,11.0,2174.0,2.0,15969.0,183.0,202.0,0.0,0.0,183.0,120.0,128.0,0.0,0.0,120.0,165.0,184.0,0.0,0.0,165.0,189.0,11.459703174901371,0.0,12.649508422568728,11.467602456448176,11.353798840103163,7.514559458951719,0.0,8.0155300895485,7.519739315703722,7.425364509697868,10.332519256058614,0.0,11.522324503725969,10.339641559092618,10.225191975052248,13.613876886467532
AP,,AP,2017,12,"1,2,3,4,5,6,7,8,9,10,11,12",16061.0,4.0,1727.0,5.0,16061.0,163.0,178.0,0.0,1.0,163.0,98.0,101.0,0.0,0.0,98.0,142.0,156.0,0.0,1.0,142.0,169.0,10.148807670755245,0.0,11.082747026959716,10.151335865977455,10.053153904427171,6.10173712720254,0.0,6.288524998443434,6.103257146415894,6.025069707979949,8.841292572068987,0.0,9.712969304526492,8.843495048888336,8.727181896236392,10.752755121100803
AP,,AP,2018,12,"1,2,3,4,5,6,7,8,9,10,11,12",17249.0,7.0,1808.0,1.0,17249.0,463.0,471.0,0.0,0.0,463.0,215.0,220.0,0.0,0.0,215.0,374.0,383.0,0.0,0.0,374.0,479.0,26.842135775987014,0.0,27.30593077859586,26.85303329080153,26.641265305796807,12.46449069511276,0.0,12.75436257174329,12.469551096160538,12.364889795314898,21.68241637196359,0.0,22.204185749898546,21.69121911611182,21.441045797607615,10.48176705895994
AP,,AP,2019,12,"1,2,3,4,5,6,7,8,9,10,11,12",17692.0,5.0,1563.0,7.0,17692.0,623.0,639.0,1.0,2.0,623.0,274.0,279.0,1.0,1.0,274.0,415.0,426.0,1.0,1.0,415.0,688.0,35.21365588966765,0.6397952655150352,36.118019443816415,35.2236105614293,34.86846926153589,15.487225864797649,0.6397952655150352,15.769839475469139,15.491604002940013,15.374417781110122,23.456929685733666,0.6397952655150352,24.078679629210942,23.463560807372648,23.31075101010395,8.834501469590775
AP,,AP,2020,12,"1,2,3,4,5,6,7,8,9,10,11,12",15279.0,6.0,526.0,3.0,15279.0,357.0,388.0,0.0,0.0,357.0,190.0,193.0,0.0,0.0,190.0,262.0,273.0,0.0,0.0,262.0,447.0,23.365403494993128,0.0,25.394332089796453,23.374582596739344,22.862297753980556,12.435368806859088,0.0,12.631716735388443,12.440254043082565,12.055962401656638,17.147719091563584,0.0,17.867661496171216,17.15445557519806,16.695336884243694,3.4426336802146738
AP,,AP,2021,12,"1,2,3,4,5,6,7,8,9,10,11,12",16759.0,12.0,1307.0,6.0,16759.0,483.0,501.0,0.0,0.0,483.0,239.0,242.0,0.0,0.0,239.0,403.0,410.0,0.0,0.0,403.0,577.0,28.82033534220419,0.0,29.894385106509937,28.840986445333492,28.24273067567575,14.260994092726296,0.0,14.440002386777254,14.271212754523198,13.936554884363852,24.04678083417865,0.0,24.464466853630885,24.064011464739952,23.45273710022204,7.798794677486724
AP,,AP,2022,12,"1,2,3,4,5,6,7,8,9,10,11,12",16869.0,4.0,2383.0,2.0,16869.0,501.0,511.0,2.0,0.0,501.0,394.0,395.0,1.0,0.0,394.0,549.0,559.0,1.0,0.0,549.0,742.0,29.699448692868575,0.839278220730172,30.2922520599917,29.706492736436406,28.8208342787441,23.356452664651137,0.419639110365086,23.41573300136345,23.36199229172843,21.894184702892712,32.54490485505958,0.419639110365086,33.1377082221827,32.55262377705307,30.909864380451012,14.126504238544076
AP,,AP,2023,12,"1,2,3,4,5,6,7,8,9,10,11,12",16107.0,7.0,2388.0,5.0,16107.0,476.0,488.0,21.0,1.0,476.0,586.0,588.0,2.0,1.0,586.0,719.0,728.0,15.0,1.0,719.0,931.0,29.552368535419383,8.793969849246231,30.29738622958962,29.565217391304348,28.779245033188996,36.38169739864655,0.8375209380234506,36.50586701434159,36.39751552795031,33.30637944257799,44.638976842366674,6.28140703517588,45.19774011299435,44.6583850931677,41.441288301784574,14.825852113987708
AP,,AP,2024,12,"1,2,3,4,5,6,7,8,9,10,11,12",15857.0,8.0,1934.0,2.0,15857.0,613.0,618.0,12.0,0.0,613.0,707.0,710.0,1.0,0.0,707.0,857.0,862.0,8.0,0.0,857.0,1148.0,38.658005927981336,6.204756980351603,38.97332408400076,38.67751908637769,37.624527164979746,44.5859872611465,0.5170630816959669,44.77517815475815,44.60849264937851,41.08034557322216,54.0455319417292,4.1365046535677354,54.36085009774863,54.07281216480535,50.2921372850177,12.196506274831306
AP,,AP,2025,12,"1,2,3,4,5,6,7,8,9,10,11,12",15700.0,5.0,1794.0,0.0,15700.0,650.0,656.0,17.0,0.0,650.0,712.0,713.0,0.0,0.0,712.0,842.0,847.0,7.0,0.0,842.0,1183.0,41.40127388535032,9.47603121516165,41.78343949044586,41.414463204842306,40.410706789185355,45.35031847133758,0.0,45.4140127388535,45.3647658489965,42.03169026567465,53.63057324840764,3.9018952062430325,53.94904458598726,53.647658489964954,50.21132797542134,11.426751592356688
AM,,AM,2002,12,"1,2,3,4,5,6,7,8,9,10,11,12",61391.0,10.0,0.0,3.0,61391.0,928.0,929.0,0.0,1.0,928.0,304.0,304.0,0.0,0.0,304.0,601.0,602.0,0.0,1.0,601.0,928.0,15.116222247560717,,15.132511280155072,15.11868493507763,16.131290570649647,4.951865908683684,,4.951865908683684,4.95267265114612,5.222244986853496,9.789708589206887,,9.805997621801241,9.79130349782506,10.466582805328931,0.0
AM,,AM,2003,12,"1,2,3,4,5,6,7,8,9,10,11,12",62248.0,10.0,146.0,0.0,62248.0,1672.0,1673.0,8.0,0.0,1672.0,343.0,343.0,0.0,0.0,343.0,1349.0,1350.0,3.0,0.0,1349.0,1673.0,26.860300732553657,54.794520547945204,26.876365505719058,26.86461647225168,28.29201924303438,5.510217195733197,0.0,5.510217195733197,5.5111025418554584,5.773032840761557,21.671379000128518,20.54794520547945,21.68744377329392,21.674861017384877,22.962408043548102,0.23454568821488242
AM,,AM,2004,12,"1,2,3,4,5,6,7,8,9,10,11,12",60485.0,4.0,924.0,0.0,60485.0,3103.0,3103.0,2.0,0.0,3103.0,523.0,523.0,0.0,0.0,523.0,2767.0,2767.0,0.0,0.0,2767.0,3103.0,51.30197569645367,2.1645021645021645,51.30197569645367,51.30536862816422,53.41957497155883,8.64677192692403,0.0,8.64677192692403,8.64734379391875,8.724369956317977,45.74687939158469,0.0,45.74687939158469,45.74990492882062,47.572657321729075,1.5276514838389683
AM,,AM,2005,12,"1,2,3,4,5,6,7,8,9,10,11,12",63596.0,24.0,454.0,1.0,63596.0,4019.0,4021.0,0.0,1.0,4019.0,679.0,681.0,0.0,1.0,679.0,3779.0,3781.0,0.0,1.0,3779.0,4020.0,63.19579847789169,0.0,63.22724699666646,63.21965645252627,66.10880700250307,10.676772124032958,0.0,10.708220642807724,10.680802869187692,10.699996524360445,59.42197622491981,0.0,59.45342474369457,59.444409488454035,62.00160429612348,0.7138813761871816
AM,,AM,2006,12,"1,2,3,4,5,6,7,8,9,10,11,12",67780.0,44.0,1044.0,64.0,67780.0,4790.0,4826.0,1.0,22.0,4790.0,838.0,872.0,0.0,12.0,838.0,4493.0,4529.0,1.0,13.0,4493.0,4790.0,70.6698141044556,0.9578544061302682,71.20094423133668,70.71571985354907,73.34590883825159,12.363529064620833,0.0,12.865151962230746,12.371560174796269,12.580196492561562,66.28799055768663,0.9578544061302682,66.81912068456772,66.33104995866304,68.85013894313916,1.540277367955149
AM,,AM,2007,12,"1,2,3,4,5,6,7,8,9,10,11,12",66980.0,5.0,2850.0,186.0,66980.0,5382.0,5403.0,11.0,104.0,5382.0,826.0,846.0,0.0,0.0,826.0,4965.0,4986.0,4.0,0.0,4965.0,5382.0,80.35234398327859,3.8596491228070176,80.66587040907734,80.35834266517357,83.35019278998807,12.332039414750671,0.0,12.630636010749477,12.332960059723778,12.184874849634292,74.12660495670349,1.4035087719298245,74.44013138250224,74.13213885778275,77.04033216006482,4.25500149298298
AM,,AM,2008,12,"1,2,3,4,5,6,7,8,9,10,11,12",59385.0,3.0,11506.0,127.0,59385.0,4295.0,4312.0,50.0,127.0,4295.0,393.0,409.0,1.0,0.0,393.0,4270.0,4286.0,6.0,0.0,4270.0,4552.0,72.32466110970783,4.345558838866678,72.61092868569504,72.32831497760264,75.64357192856905,6.617832786057085,0.08691117677733357,6.887261092868569,6.618167121349904,6.567693503415959,71.9036793803149,0.5214670606640014,72.17310768712638,71.9073119800613,74.83274892491295,19.37526311358087
AM,,AM,2009,12,"1,2,3,4,5,6,7,8,9,10,11,12",58302.0,1.0,9020.0,49.0,58302.0,3721.0,3728.0,21.0,49.0,3721.0,439.0,446.0,0.0,0.0,439.0,3851.0,3858.0,1.0,0.0,3851.0,4021.0,63.822853418407604,2.328159645232816,63.94291791019176,63.82394813124989,66.8394973853407,7.529758841892217,0.0,7.649823333676375,7.529887995060119,7.548702075239119,66.05262255154197,0.11086474501108648,66.17268704332614,66.05375551019708,69.13729232872787,15.471167369901547
AM,,AM,2010,12,"1,2,3,4,5,6,7,8,9,10,11,12",60532.0,5.0,9612.0,96.0,60532.0,4132.0,4135.0,48.0,96.0,4132.0,514.0,517.0,2.0,0.0,514.0,4018.0,4021.0,2.0,0.0,4018.0,4333.0,68.2614154496795,4.9937578027465666,68.3109760126875,68.26705437242883,70.91751452842671,8.491376462036609,0.20807324178110695,8.540937025044604,8.492077915640953,8.52548003562596,66.37811405537568,0.20807324178110695,66.42767461838366,66.38359740281197,69.08366939514093,15.879204387761845
AM,,AM,2011,12,"1,2,3,4,5,6,7,8,9,10,11,12",61146.0,7.0,9706.0,61.0,61146.0,3788.0,3789.0,38.0,60.0,3788.0,468.0,468.0,0.0,0.0,468.0,3699.0,3700.0,1.0,0.0,3699.0,3911.0,61.95008667778759,3.9151040593447353,61.966440977332944,61.95717954170006,64.34249859305997,7.6538121872240215,0.0,7.6538121872240215,7.654688496704232,7.759288163817711,60.4945540182514,0.10302905419328251,60.51090831779675,60.501480233566134,62.82254982069988,15.87348313871717
AM,,AM,2012,12,"1,2,3,4,5,6,7,8,9,10,11,12",59551.0,9.0,10289.0,100.0,59551.0,3550.0,3556.0,49.0,98.0,3550.0,657.0,663.0,0.0,1.0,657.0,3430.0,3436.0,3.0,2.0,3430.0,3690.0,59.61276888717234,4.762367577024007,59.71352286275629,59.62177958415908,61.20434053898492,11.032560326442882,0.0,11.133314302026834,11.034227939941553,10.74614558108265,57.597689375493275,0.29157352512391876,57.69844335107723,57.60639548553962,59.246453955818,17.27762757972158
AM,,AM,2013,12,"1,2,3,4,5,6,7,8,9,10,11,12",63821.0,5.0,11505.0,68.0,63821.0,3365.0,3399.0,49.0,65.0,3365.0,799.0,822.0,2.0,3.0,799.0,3295.0,3324.0,11.0,3.0,3295.0,3555.0,52.72559188981683,4.259017818339852,53.25833189702449,52.72972295349129,54.03922583074748,12.519390169379985,0.1738374619730552,12.879773115432224,12.520371066817098,12.512311256951964,51.62877422791871,0.9561060408518036,52.08317011641936,51.632819355647484,53.04840572176574,18.026981714482694
AM,,AM,2014,12,"1,2,3,4,5,6,7,8,9,10,11,12",60491.0,5.0,17169.0,23.0,60491.0,2786.0,2844.0,112.0,14.0,2786.0,712.0,765.0,3.0,2.0,712.0,2622.0,2677.0,16.0,6.0,2622.0,2968.0,46.05643814782364,6.5233851709476385,47.01525846820188,46.060245346030484,47.65846039597324,11.770346001884578,0.17473353136466888,12.646509398092277,11.771318982905136,12.093397870789161,43.34529103503,0.931912167278234,44.25451720090592,43.34887411963099,44.97336960274823,28.38273462167926
AM,,AM,2015,12,"1,2,3,4,5,6,7,8,9,10,11,12",65684.0,28.0,9616.0,34.0,65684.0,2473.0,2487.0,113.0,18.0,2473.0,808.0,822.0,6.0,2.0,808.0,2312.0,2326.0,17.0,12.0,2312.0,2690.0,37.6499604165398,11.751247920133112,37.86310212532732,37.666016814914094,39.13030932149637,12.301321478594483,0.6239600665557404,12.514463187382011,12.306567564274399,12.787802590334385,35.19883076548322,1.7678868552412645,35.41197247427075,35.21384184232972,36.56650436899185,14.639790512149077
AM,,AM,2016,12,"1,2,3,4,5,6,7,8,9,10,11,12",64536.0,14.0,6499.0,76.0,64536.0,3260.0,3298.0,67.0,29.0,3260.0,809.0,845.0,2.0,8.0,809.0,2997.0,3034.0,12.0,16.0,2997.0,3426.0,50.51444155200198,10.309278350515465,51.103260195859676,50.525402188400854,51.91624556218365,12.53563902318086,0.307739652254193,13.093467212098673,12.53835900933015,12.692621872263718,46.43919672740796,1.8464379135251576,47.01252014379571,46.44927311614643,47.716680475122,10.070348332713523
AM,,AM,2017,12,"1,2,3,4,5,6,7,8,9,10,11,12",67292.0,16.0,7117.0,152.0,67292.0,2959.0,2985.0,95.0,68.0,2959.0,914.0,941.0,4.0,20.0,914.0,2869.0,2895.0,10.0,59.0,2869.0,3266.0,43.97253759733698,13.348320921736686,44.35891339237948,43.98299542184434,44.548725288695124,13.582595256494086,0.5620345651257552,13.983831659038222,13.585825554432487,13.656056222179123,42.63508292218986,1.405086412814388,43.02145871723236,42.64522266484333,43.20169626651021,10.576294358913392
AM,,AM,2018,12,"1,2,3,4,5,6,7,8,9,10,11,12",67927.0,30.0,4534.0,245.0,67927.0,3386.0,3410.0,60.0,57.0,3386.0,1164.0,1188.0,3.0,26.0,1164.0,3031.0,3055.0,11.0,59.0,3031.0,3505.0,49.84763054455519,13.233348037053375,50.20095102094896,49.86965550760711,50.3293342444346,17.13604310509812,0.6616674018526687,17.489363581491897,17.143614592691872,16.899113994598203,44.62143183123059,2.4261138067931185,44.974752307624364,44.6411476206607,45.08439090537636,6.674812666539078
AM,,AM,2019,12,"1,2,3,4,5,6,7,8,9,10,11,12",72419.0,31.0,4053.0,209.0,72419.0,3089.0,3101.0,70.0,72.0,3089.0,1080.0,1094.0,2.0,48.0,1080.0,2553.0,2565.0,15.0,63.0,2553.0,3156.0,42.65455198221461,17.271157167530223,42.82025435313937,42.67281869923192,43.037209568311845,14.913213383228157,0.4934616333580064,15.106532815973708,14.919599933690668,14.90186774583044,35.25317941424212,3.7009622501850483,35.418881785166874,35.26827650991877,35.63375556623262,5.596597577983679
AM,,AM,2020,12,"1,2,3,4,5,6,7,8,9,10,11,12",68147.0,71.0,3264.0,190.0,68147.0,3210.0,3228.0,64.0,67.0,3210.0,1134.0,1150.0,1.0,25.0,1134.0,2525.0,2541.0,12.0,53.0,2525.0,3264.0,47.10405447048293,19.607843137254903,47.36818935536414,47.15318173805746,47.35341993186097,16.6404977475164,0.30637254901960786,16.875284311855253,16.657852987837124,16.663968864578763,37.05225468472567,3.676470588235294,37.28704124906452,37.090898407662024,37.2686662638627,4.789645912512657
AM,,AM,2021,12,"1,2,3,4,5,6,7,8,9,10,11,12",72965.0,69.0,3720.0,230.0,72965.0,3108.0,3112.0,40.0,45.0,3108.0,1191.0,1193.0,5.0,26.0,1191.0,2226.0,2230.0,18.0,34.0,2226.0,3158.0,42.59576509285274,10.75268817204301,42.650585897348044,42.636084284460054,42.82694987826291,16.322894538477353,1.3440860215053763,16.350304940725007,16.33834503950834,16.34562837759711,30.50777770163777,4.838709677419355,30.562598506133078,30.53665496049166,30.667541265551417,5.098334818063455
AM,,AM,2022,12,"1,2,3,4,5,6,7,8,9,10,11,12",63577.0,29.0,6965.0,143.0,63577.0,3056.0,3073.0,145.0,37.0,3056.0,1269.0,1271.0,6.0,15.0,1269.0,2208.0,2212.0,41.0,23.0,2208.0,3116.0,48.06769743775265,20.8183776022972,48.335089733708735,48.089633033297666,47.947720009241245,19.960048445192445,0.8614501076812635,19.991506362363747,19.969157172531,19.96962279106954,34.72954055711971,5.886575735821967,34.79245639146232,34.745389312016115,34.642211609830504,10.95521965490665
AM,,AM,2023,12,"1,2,3,4,5,6,7,8,9,10,11,12",60037.0,22.0,9959.0,87.0,60037.0,2517.0,2530.0,230.0,16.0,2517.0,903.0,906.0,4.0,9.0,903.0,1722.0,1728.0,50.0,16.0,1722.0,2576.0,41.92414677615471,23.094688221709006,42.140679914053,41.93951512121969,41.911802172631766,15.040724886320103,0.4016467516818958,15.09069407198894,15.046238440389903,14.9995032317915,28.682312573912753,5.020584396023697,28.78225094525043,28.692826793301673,28.654140382982632,16.58810400253177
AM,,AM,2024,12,"1,2,3,4,5,6,7,8,9,10,11,12",60961.0,12.0,13409.0,164.0,60961.0,2424.0,2427.0,311.0,28.0,2424.0,875.0,876.0,6.0,8.0,875.0,1517.0,1519.0,79.0,18.0,1517.0,2546.0,39.76312724528797,23.193377582220897,39.81233903643313,39.770956045218135,39.569450118443896,14.353439084004528,0.4474606607502424,14.369843014386246,14.356265074078328,14.312887265496052,24.88476238906842,5.8915653665448575,24.91757024983186,24.889661848430656,24.801779211996262,21.996030248847624
AM,,AM,2025,12,"1,2,3,4,5,6,7,8,9,10,11,12",68567.0,25.0,14562.0,155.0,68567.0,3002.0,3004.0,308.0,33.0,3002.0,1185.0,1186.0,6.0,12.0,1185.0,1947.0,1948.0,65.0,26.0,1947.0,3218.0,43.78199425379556,21.1509408048345,43.81116280426444,43.79796329257973,43.55590963416964,17.282366152814035,0.4120313143798929,17.29695042804848,17.28866972075516,17.204517664921458,28.39558388145901,4.463672572448839,28.41016815669345,28.40594088296227,28.260770031089727,21.237621596394767
BA,,BA,2002,12,"1,2,3,4,5,6,7,8,9,10,11,12",258961.0,83.0,2784.0,48.0,258961.0,9453.0,9593.0,16.0,10.0,9453.0,4782.0,4814.0,14.0,3.0,4782.0,7843.0,8032.0,21.0,12.0,7843.0,9663.0,36.5035661740571,5.747126436781609,37.044188120991194,36.51526974095906,37.72178924755258,18.466101073134563,5.028735632183908,18.58967180386236,18.47202157000595,18.71246465585656,30.286413784315013,7.543103448275862,31.01625341267604,30.2961240429855,31.08127957494634,1.075065357331799
BA,,BA,2003,12,"1,2,3,4,5,6,7,8,9,10,11,12",249810.0,77.0,10752.0,49.0,249810.0,9336.0,9448.0,66.0,7.0,9336.0,4884.0,4950.0,7.0,2.0,4884.0,7365.0,7532.0,28.0,6.0,7365.0,9496.0,37.372403026299985,6.138392857142857,37.8207437652616,37.38392603300325,38.67146193367689,19.550858652575958,0.6510416666666666,19.815059445178335,19.556886755054396,19.890156755698,29.48240662903807,2.6041666666666665,30.15091469516833,29.49149691870918,30.306182958005834,4.304071094031464
BA,,BA,2004,12,"1,2,3,4,5,6,7,8,9,10,11,12",251704.0,78.0,16187.0,50.0,251704.0,9187.0,9279.0,41.0,7.0,9187.0,4195.0,4277.0,1.0,5.0,4195.0,7239.0,7379.0,13.0,8.0,7239.0,9215.0,36.499221307567616,2.5328967690121704,36.864730000317834,36.51053547725593,37.75625130892671,16.66640180529511,0.061777969975906594,16.992181292311603,16.671568120941398,16.89042565769739,28.75997203063916,0.8031136096867857,29.31618091091123,28.76888715792486,29.547787289030772,6.43096653211709
BA,,BA,2005,12,"1,2,3,4,5,6,7,8,9,10,11,12",247631.0,73.0,16329.0,62.0,247631.0,6413.0,6434.0,31.0,8.0,6413.0,2612.0,2628.0,4.0,3.0,2612.0,4730.0,4850.0,16.0,7.0,4730.0,6446.0,25.897403798393576,1.8984628574928042,25.982207397296783,25.905040434968775,26.838799521377354,10.547952396913148,0.24496294935391022,10.612564662744164,10.551062781247223,10.67918692248096,19.10100108629372,0.9798517974156409,19.585593080026328,19.106633596975254,19.6205681030866,6.594085554716494
BA,,BA,2006,12,"1,2,3,4,5,6,7,8,9,10,11,12",230059.0,67.0,20180.0,49.0,230059.0,5878.0,5924.0,86.0,9.0,5878.0,1740.0,1754.0,7.0,2.0,1740.0,4136.0,4262.0,32.0,8.0,4136.0,5894.0,25.549967617002594,4.261645193260654,25.749916325812073,25.557410692545826,26.41778324728164,7.563277246271609,0.3468780971258672,7.6241312011266675,7.565480538453511,7.60214249115293,17.977996948608833,1.5857284440039643,18.525682542304367,17.983234199450415,18.49720010115882,8.771662921250636
BA,,BA,2007,12,"1,2,3,4,5,6,7,8,9,10,11,12",232265.0,51.0,27943.0,193.0,232265.0,6077.0,6171.0,123.0,81.0,6077.0,2007.0,2041.0,3.0,18.0,2007.0,4104.0,4254.0,59.0,46.0,4104.0,6108.0,26.164079822616408,4.40181798661561,26.568789959744258,26.16982610867562,27.004170911382953,8.640991970378662,0.10736141430769781,8.787376488063204,8.642889748249459,8.720037944958005,17.669472369922286,2.1114411480513904,18.315286418530558,17.673353027810553,18.124952687032184,12.030654640173939
BA,,BA,2008,12,"1,2,3,4,5,6,7,8,9,10,11,12",204736.0,80.0,34413.0,258.0,204736.0,6749.0,6960.0,266.0,97.0,6749.0,2189.0,2202.0,6.0,20.0,2189.0,4775.0,4893.0,99.0,61.0,4775.0,7003.0,32.96440293841825,7.72963705576381,33.99499843701157,32.977288718630284,33.73301648588293,10.691817755548609,0.1743527155435446,10.75531416067521,10.695997185521069,10.874444075049816,23.322718036886528,2.8768198064684856,23.899070021881837,23.331834883902744,23.85871497864262,16.808475304782746
BA,,BA,2009,12,"1,2,3,4,5,6,7,8,9,10,11,12",214910.0,77.0,37601.0,186.0,214910.0,7050.0,7228.0,499.0,58.0,7050.0,2089.0,2097.0,23.0,7.0,2089.0,4465.0,4641.0,190.0,24.0,4465.0,7241.0,32.804429761295424,13.270923645647722,33.63268344888558,32.81618745723422,33.552740443311926,9.720348052673213,0.6116858594186325,9.757572937508725,9.723831999739332,9.858663958265499,20.776138848820437,5.053057099545224,21.595086315201712,20.783585389581674,21.12522307694295,17.496161183751337
BA,,BA,2010,12,"1,2,3,4,5,6,7,8,9,10,11,12",212905.0,62.0,35565.0,494.0,212905.0,6802.0,6871.0,538.0,188.0,6802.0,2078.0,2085.0,32.0,39.0,2078.0,4355.0,4562.0,181.0,107.0,4355.0,6916.0,31.948521641107536,15.12723182904541,32.27260984946338,31.957828070455687,32.40685028106795,9.760221695122238,0.8997610009841136,9.79310020901341,9.763064794238007,9.852485822110658,20.45513257086494,5.089273161816393,21.427397195932457,20.4610910389348,20.69573863400571,16.704633521993376
BA,,BA,2011,12,"1,2,3,4,5,6,7,8,9,10,11,12",207010.0,77.0,34925.0,612.0,207010.0,6353.0,6411.0,552.0,223.0,6353.0,1910.0,1913.0,17.0,36.0,1910.0,3835.0,4006.0,179.0,96.0,3835.0,6448.0,30.689338679290856,15.805297065139586,30.969518380754554,30.700758216427538,31.004194152408044,9.226607410270034,0.4867573371510379,9.24109946379402,9.230040641173714,9.291615257878927,18.525675088159993,5.125268432355046,19.3517221390271,18.532568512513713,18.6701304173978,16.87116564417178
BA,,BA,2012,12,"1,2,3,4,5,6,7,8,9,10,11,12",196562.0,88.0,35814.0,487.0,196562.0,5892.0,5925.0,554.0,181.0,5892.0,1651.0,1658.0,4.0,27.0,1651.0,3625.0,3777.0,153.0,89.0,3625.0,6041.0,29.975274976852088,15.46881107946613,30.143160936498408,29.988700795016136,29.986751462872512,8.399385435638628,0.11168816663874462,8.43499760889694,8.403147490253163,8.390249319027289,18.44201829448215,4.272072373931982,19.215311199519743,18.450278408339017,18.41354780200278,18.2202053296161
BA,,BA,2013,12,"1,2,3,4,5,6,7,8,9,10,11,12",188943.0,108.0,19369.0,485.0,188943.0,5776.0,5809.0,204.0,177.0,5776.0,1569.0,1572.0,1.0,30.0,1569.0,3473.0,3546.0,71.0,86.0,3473.0,6022.0,30.57006610459239,10.532293871650575,30.744721953181646,30.58754997749358,30.527447173513206,8.304091710198314,0.0516288915276989,8.319969514615519,8.308841051711813,8.281703683955865,18.381204913651207,3.665651298466622,18.767564821136535,18.391717637090583,18.334378003612713,10.25123979189491
BA,,BA,2014,12,"1,2,3,4,5,6,7,8,9,10,11,12",191043.0,63.0,11850.0,428.0,191043.0,5746.0,5774.0,62.0,149.0,5746.0,1634.0,1639.0,1.0,15.0,1634.0,3610.0,3682.0,22.0,64.0,3610.0,6020.0,30.07699837209424,5.232067510548523,30.223562234680152,30.086920096345168,29.937966782630646,8.553048266620603,0.08438818565400844,8.579220384939516,8.55586972457849,8.554177592637854,18.896269426254822,1.8565400843881856,19.273147930047163,18.90250287988271,18.83754827280491,6.202792041582262
BA,,BA,2015,12,"1,2,3,4,5,6,7,8,9,10,11,12",196504.0,77.0,14966.0,352.0,196504.0,5580.0,5589.0,67.0,103.0,5580.0,1757.0,1760.0,3.0,18.0,1757.0,3522.0,3530.0,36.0,59.0,3522.0,5784.0,28.396368521760373,4.476814111987171,28.442169116150307,28.407499987272626,28.16826446306736,8.941293815901966,0.20045436322330615,8.956560680698612,8.944798831117922,8.910172863201502,17.923299271261655,2.405452358679674,17.964010910719374,17.930325260783903,17.83200046018497,7.616129951553149
BA,,BA,2016,12,"1,2,3,4,5,6,7,8,9,10,11,12",188965.0,78.0,12934.0,378.0,188965.0,5817.0,5820.0,77.0,92.0,5817.0,2065.0,2067.0,4.0,27.0,2065.0,3859.0,3933.0,38.0,57.0,3859.0,5997.0,30.78347842192999,5.953301376217721,30.79935437779483,30.796190314844324,30.33797833538971,10.927949620300055,0.3092624091541673,10.938533590876617,10.932462265799128,10.832848969481985,20.421771227475986,2.9379928869645893,20.813378138808773,20.43020430204302,20.196961915267597,6.8446537718625144
BA,,BA,2017,12,"1,2,3,4,5,6,7,8,9,10,11,12",196690.0,88.0,13839.0,406.0,196690.0,5960.0,5969.0,142.0,108.0,5960.0,1901.0,1904.0,6.0,27.0,1901.0,3925.0,3947.0,100.0,73.0,3925.0,6137.0,30.30148965376989,10.26085699833803,30.34724693680411,30.31505274615721,29.708868872007486,9.66495500533835,0.43355733795794493,9.680207433016422,9.66928108564511,9.594401577050858,19.955259545477656,7.225955632632416,20.067110681783518,19.964191615548163,19.69182212644586,7.035944887894656
BA,,BA,2018,12,"1,2,3,4,5,6,7,8,9,10,11,12",192972.0,117.0,14017.0,479.0,192972.0,5502.0,5505.0,102.0,112.0,5502.0,1752.0,1754.0,7.0,27.0,1752.0,3357.0,3365.0,43.0,68.0,3357.0,5651.0,28.511908463404016,7.276878076621245,28.527454760276104,28.529205880065334,27.613179327921866,9.07903737329768,0.4993935934936149,9.089401571212404,9.084545383837598,8.918389004665734,17.396306199863194,3.0677035028893487,17.437762991522085,17.40686007622307,16.954378220484596,7.26374810853388
BA,,BA,2019,12,"1,2,3,4,5,6,7,8,9,10,11,12",188704.0,101.0,8082.0,1034.0,188704.0,5432.0,5442.0,68.0,268.0,5432.0,1778.0,1779.0,3.0,54.0,1778.0,3359.0,3363.0,45.0,114.0,3359.0,5633.0,28.785823299983043,8.413758970551843,28.838816347295236,28.801238580510383,27.776532262467207,9.42216381210785,0.3711952487008166,9.427463116839071,9.427209535373244,9.257126613584965,17.800364592165508,5.567928730512249,17.821561811090383,17.809896979369363,17.379684738544178,4.282898083771409
BA,,BA,2020,12,"1,2,3,4,5,6,7,8,9,10,11,12",176244.0,76.0,7246.0,780.0,176244.0,5221.0,5230.0,36.0,219.0,5221.0,1554.0,1559.0,0.0,58.0,1554.0,3168.0,3175.0,17.0,127.0,3168.0,5420.0,29.62370350196319,4.968258349434171,29.674769070152742,29.636483356795786,28.403604567665628,8.817321440729897,0.0,8.845691200835205,8.82112528949639,8.624010449155564,17.975080002723498,2.346121998343914,18.01479766687093,17.982834567004222,17.478714973877185,4.111345634461315
BA,,BA,2021,12,"1,2,3,4,5,6,7,8,9,10,11,12",180025.0,91.0,9216.0,899.0,180025.0,5037.0,5041.0,58.0,216.0,5037.0,1383.0,1385.0,0.0,49.0,1383.0,2870.0,2872.0,11.0,103.0,2870.0,5208.0,27.97944729898625,6.293402777777778,28.00166643521733,27.993597652472573,26.807284864660758,7.68226635189557,0.0,7.69337592001111,7.686151588915936,7.428861517017308,15.942230245799195,1.1935763888888888,15.953339813914734,15.950292885169006,15.432520917540105,5.119288987640606
BA,,BA,2022,12,"1,2,3,4,5,6,7,8,9,10,11,12",173588.0,77.0,11460.0,1369.0,173588.0,5522.0,5539.0,154.0,432.0,5522.0,1537.0,1539.0,7.0,77.0,1537.0,3091.0,3096.0,47.0,164.0,3091.0,5802.0,31.81095467428624,13.43804537521815,31.908887711132106,31.82507160929278,30.033248741956864,8.854298684240845,0.6108202443280978,8.865820217987418,8.858228008598878,8.535597175882152,17.806530405327557,4.101221640488657,17.83533423969399,17.814432514365084,17.034647030618853,6.601838836785953
BA,,BA,2023,12,"1,2,3,4,5,6,7,8,9,10,11,12",170771.0,73.0,16185.0,1468.0,170771.0,5386.0,5443.0,230.0,416.0,5386.0,1663.0,1672.0,14.0,79.0,1663.0,3105.0,3121.0,81.0,158.0,3105.0,5834.0,31.539312880992675,14.210688909484091,31.873093206692,31.5528008529684,29.533469063512886,9.738187397157597,0.8649984553599012,9.790889553846965,9.742351990064325,9.191655025387297,18.182244057831834,5.004633920296571,18.275936780835153,18.190019801052152,17.36445736179441,9.477604511304612
BA,,BA,2024,12,"1,2,3,4,5,6,7,8,9,10,11,12",162709.0,83.0,18058.0,1432.0,162709.0,5223.0,5252.0,239.0,344.0,5223.0,1722.0,1725.0,18.0,89.0,1722.0,3117.0,3123.0,114.0,144.0,3117.0,5702.0,32.10025259819678,13.235131243770073,32.27848490249464,32.11663571630613,30.30534714360204,10.583311310376192,0.9967881271458633,10.60174913495873,10.588712751958482,9.941939244153604,19.156899741255863,6.312991471923801,19.193775390420935,19.166676915130424,18.10070984073492,11.098341210381724
BA,,BA,2025,12,"1,2,3,4,5,6,7,8,9,10,11,12",165743.0,90.0,21485.0,1494.0,165743.0,5706.0,5745.0,407.0,376.0,5706.0,1968.0,1971.0,88.0,114.0,1968.0,3282.0,3290.0,173.0,188.0,3282.0,6334.0,34.42679328840434,18.94344891784966,34.662097343477555,34.44549751589165,32.70641444069544,11.873804625233042,4.09588084710263,11.891904937161751,11.880255715260212,11.329659400223491,19.80174125000754,8.052129392599488,19.8500087484841,19.812499622705293,19.011026830912417,12.962840059610361
CE,,CE,2002,12,"1,2,3,4,5,6,7,8,9,10,11,12",149402.0,27.0,4972.0,164.0,149402.0,4005.0,4122.0,21.0,59.0,4005.0,744.0,1146.0,7.0,4.0,744.0,1734.0,2147.0,9.0,37.0,1734.0,4051.0,26.806870055287078,4.223652453740949,27.589992101846025,26.811715481171547,26.98016344638044,4.979853014015877,1.407884151246983,7.670580045782519,4.980753138075314,4.950712610386127,11.606270331053132,1.8101367658889782,14.370624221897966,11.60836820083682,11.65079298332821,3.327934030334266
CE,,CE,2003,12,"1,2,3,4,5,6,7,8,9,10,11,12",139170.0,30.0,14156.0,183.0,139170.0,4585.0,4624.0,54.0,74.0,4585.0,824.0,1252.0,4.0,14.0,824.0,1884.0,2324.0,16.0,48.0,1884.0,4641.0,32.94531867500179,3.814636903079966,33.22555148379679,32.952422020986056,33.18834967644259,5.920816267873823,0.2825656965244419,8.996191707983042,5.922092856116142,5.880233340725312,13.537400301789178,1.1302627860977676,16.699001221527627,13.540319103061664,13.559576092496318,10.171732413594883
CE,,CE,2004,12,"1,2,3,4,5,6,7,8,9,10,11,12",139024.0,29.0,18569.0,200.0,139024.0,4723.0,4770.0,110.0,88.0,4723.0,879.0,1179.0,6.0,12.0,879.0,1802.0,2115.0,10.0,46.0,1802.0,4777.0,33.972551501898955,5.923851580591308,34.310622626309126,33.97963955537969,34.23814411934645,6.322649326734952,0.32311917712316224,8.480550120842445,6.323968488075111,6.2862386341143655,12.961790769939004,0.5385319618719371,15.21320059845782,12.964495125723946,12.96389448105697,13.356686615260674
CE,,CE,2005,12,"1,2,3,4,5,6,7,8,9,10,11,12",142900.0,36.0,26107.0,198.0,142900.0,4346.0,4469.0,311.0,83.0,4346.0,823.0,1144.0,12.0,11.0,823.0,1528.0,1866.0,53.0,46.0,1528.0,4393.0,30.412876137158854,11.912513885164898,31.27361791462561,30.420539814088922,30.634232747914155,5.7592722183345,0.4596468380127935,8.005598320503848,5.760723485272707,5.671273425898016,10.692792162351294,2.030106867889838,13.058082575227433,10.695486616642402,10.683440775314052,18.269419174247727
CE,,CE,2006,12,"1,2,3,4,5,6,7,8,9,10,11,12",136470.0,33.0,34889.0,208.0,136470.0,4131.0,4270.0,420.0,81.0,4131.0,803.0,1029.0,33.0,11.0,803.0,1387.0,1642.0,97.0,39.0,1387.0,4244.0,30.270389096504726,12.03817822236235,31.28892796951711,30.277710591701666,30.466641102990536,5.8840770865391665,0.9458568603284703,7.540118707408221,5.8855002675227395,5.8597047736749275,10.163405876749469,2.7802459227836853,12.031948413570747,10.165864098448369,10.17235503150509,25.56532571261083
CE,,CE,2007,12,"1,2,3,4,5,6,7,8,9,10,11,12",136068.0,24.0,38240.0,221.0,136068.0,4755.0,4898.0,705.0,107.0,4755.0,750.0,950.0,30.0,11.0,750.0,1403.0,1623.0,123.0,48.0,1403.0,4828.0,34.94576241291119,18.436192468619247,35.996707528588644,34.95192731763253,35.12682837246354,5.5119499073992415,0.7845188284518828,6.981803216039039,5.512922289847403,5.4689630982222885,10.31102096010818,3.2165271966527196,11.927859599611958,10.312839963541208,10.313801669959236,28.103595261192932
CE,,CE,2008,12,"1,2,3,4,5,6,7,8,9,10,11,12",122280.0,25.0,34716.0,143.0,122280.0,4851.0,4998.0,1005.0,63.0,4851.0,627.0,663.0,8.0,3.0,627.0,1678.0,1740.0,112.0,27.0,1678.0,5211.0,39.671246319921494,28.949187694434844,40.87340529931305,39.67935871743487,39.870725050495246,5.127576054955839,0.23044129508007835,5.42198233562316,5.128624596131037,5.1161086102602615,13.722603859993457,3.226178131121097,14.22963689892051,13.725410003680832,13.755307022195746,28.390578999018647
CE,,CE,2009,12,"1,2,3,4,5,6,7,8,9,10,11,12",125001.0,34.0,38685.0,120.0,125001.0,4691.0,4846.0,1010.0,58.0,4691.0,657.0,710.0,3.0,2.0,657.0,1778.0,1852.0,108.0,22.0,1778.0,5177.0,37.527699778401775,26.10831071474732,38.767689858481134,37.53791000824218,37.67408818301841,5.255957952336382,0.07754943776657619,5.679954560363517,5.25738795041891,5.216080340382211,14.22388620891033,2.791779759596743,14.815881472948217,14.227756127617692,14.22409982584866,30.947752417980656
CE,,CE,2010,12,"1,2,3,4,5,6,7,8,9,10,11,12",125323.0,35.0,40563.0,180.0,125323.0,5215.0,5392.0,914.0,90.0,5215.0,640.0,676.0,2.0,5.0,640.0,1750.0,1811.0,106.0,28.0,1750.0,5669.0,41.61247336881498,22.5328501343589,43.024823855158274,41.624098078028226,41.74864258061136,5.106804018416412,0.049306017799472426,5.394061744452335,5.108230636613243,5.069380074287838,13.963917237857377,2.6132189433720385,14.450659495862691,13.967818146989337,13.970042985315619,32.366764281097645
CE,,CE,2011,12,"1,2,3,4,5,6,7,8,9,10,11,12",118625.0,35.0,34586.0,182.0,118625.0,4617.0,4757.0,408.0,78.0,4617.0,608.0,650.0,3.0,9.0,608.0,1740.0,1798.0,70.0,31.0,1740.0,5117.0,38.920969441517386,11.796680737870815,40.101159114857744,38.93245636225652,38.95169108779763,5.125395152792413,0.08674029954316775,5.47945205479452,5.126907833712792,5.094455568030804,14.668071654373025,2.0239403226739143,15.157007376185458,14.672400708322792,14.643818897380699,29.155742887249737
CE,,CE,2012,12,"1,2,3,4,5,6,7,8,9,10,11,12",114169.0,40.0,34563.0,195.0,114169.0,4735.0,4982.0,563.0,75.0,4735.0,585.0,636.0,2.0,12.0,585.0,1531.0,1603.0,100.0,34.0,1531.0,5093.0,41.47360491902355,16.28909527529439,43.63706435196945,41.48814061281532,41.43016349068862,5.123982867503438,0.05786534733674739,5.570689066208866,5.1257787240753885,5.092385563018613,13.409944906235493,2.8932673668373696,14.040588951466685,13.414644831725504,13.356608999438812,30.27354185461903
CE,,CE,2013,12,"1,2,3,4,5,6,7,8,9,10,11,12",115015.0,28.0,29555.0,229.0,115015.0,5549.0,5797.0,677.0,89.0,5549.0,615.0,734.0,2.0,5.0,615.0,1772.0,1946.0,98.0,26.0,1772.0,5925.0,48.245880972047125,22.906445609879885,50.402121462417945,48.2576291232922,48.28149472020281,5.347128635395383,0.06767044493317544,6.381776290049124,5.348430692165201,5.31898613630606,15.406686084423772,3.3158518017255965,16.919532234925878,15.41043770165323,15.358168671516149,25.69664826327001
CE,,CE,2014,12,"1,2,3,4,5,6,7,8,9,10,11,12",119356.0,29.0,15572.0,265.0,119356.0,5867.0,6034.0,367.0,105.0,5867.0,659.0,701.0,7.0,8.0,659.0,1823.0,1907.0,41.0,24.0,1823.0,6319.0,49.15546767653071,23.567942460827126,50.55464325211971,49.1674139130289,49.07198976744419,5.5212976306176484,0.44952478808117136,5.8731860987298505,5.522639469692526,5.507393632064674,15.273635175441536,2.6329309016182894,15.97741211166594,15.27734712177462,15.192868179036461,13.046683870102886
CE,,CE,2015,12,"1,2,3,4,5,6,7,8,9,10,11,12",124611.0,42.0,13084.0,312.0,124611.0,6030.0,6114.0,356.0,106.0,6030.0,664.0,681.0,5.0,5.0,664.0,1891.0,1926.0,37.0,22.0,1891.0,6453.0,48.39059152081277,27.208804646896972,49.0646893131425,48.40690701538906,48.149096055996836,5.328582548892152,0.3821461326811373,5.46500710210174,5.33037914729989,5.309444605837701,15.17522530113714,2.827881381840416,15.456099381274527,15.1803418185905,15.139245380975417,10.499875612907367
CE,,CE,2016,12,"1,2,3,4,5,6,7,8,9,10,11,12",119257.0,39.0,10876.0,236.0,119257.0,5944.0,6048.0,246.0,106.0,5944.0,654.0,661.0,3.0,2.0,654.0,1816.0,1835.0,43.0,27.0,1816.0,6302.0,49.84193799944657,22.61860978300846,50.71400420939651,49.85824288278616,49.64519746194211,5.483954820262123,0.2758367046708349,5.542651584393369,5.485748796322703,5.4744113977397015,15.227617666048953,3.9536594336152997,15.386937454405192,15.232599104162123,15.147858939172806,9.119800095591874
CE,,CE,2017,12,"1,2,3,4,5,6,7,8,9,10,11,12",118585.0,51.0,11272.0,313.0,118585.0,7176.0,7269.0,328.0,147.0,7176.0,702.0,713.0,10.0,9.0,702.0,2096.0,2118.0,92.0,53.0,2096.0,7564.0,60.51355567736223,29.0986515259049,61.29780326348189,60.539592015792934,60.062998948800264,5.919804359741957,0.8871540099361249,6.0125648269174015,5.9223513928493094,5.910828059535007,17.67508538179365,8.161816891412348,17.860606316144537,17.68269019859281,17.56986975968598,9.505418054560021
CE,,CE,2018,12,"1,2,3,4,5,6,7,8,9,10,11,12",123977.0,32.0,10955.0,320.0,123977.0,7900.0,8001.0,422.0,162.0,7900.0,693.0,699.0,6.0,11.0,693.0,2114.0,2137.0,79.0,71.0,2114.0,8240.0,63.72149672923204,38.52122318575993,64.5361639658969,63.73794828351285,62.795596597554415,5.589746485235165,0.5476951163852122,5.638142558700404,5.59118964056638,5.582808741449516,17.051549884252726,7.211319032405294,17.237068165869477,17.05595223687926,16.959230791487716,8.836316413528316
CE,,CE,2019,12,"1,2,3,4,5,6,7,8,9,10,11,12",126360.0,35.0,2189.0,311.0,126360.0,8659.0,8804.0,58.0,127.0,8659.0,829.0,842.0,1.0,21.0,829.0,2047.0,2075.0,12.0,62.0,2047.0,8773.0,68.52643241532131,26.496116948378255,69.67394745172523,68.54541856322976,66.97338680429388,6.560620449509338,0.4568296025582458,6.663501107945552,6.562438155551158,6.613862980864966,16.19974675530231,5.481955230698949,16.42133586578031,16.204235107856718,16.12239005762871,1.732352010129788
CE,,CE,2020,12,"1,2,3,4,5,6,7,8,9,10,11,12",117794.0,49.0,1658.0,324.0,117794.0,8822.0,8913.0,18.0,140.0,8822.0,785.0,802.0,3.0,15.0,785.0,2177.0,2206.0,4.0,68.0,2177.0,9166.0,74.89345807086949,10.856453558504223,75.66599317452501,74.9246252494798,72.57543052098212,6.664176443621916,1.8094089264173703,6.808496188260862,6.666949764321203,6.538082746144587,18.48141671052855,2.4125452352231602,18.727609216089103,18.48910781774173,18.148891083647296,1.4075419800668965
CE,,CE,2021,12,"1,2,3,4,5,6,7,8,9,10,11,12",119876.0,68.0,3098.0,370.0,119876.0,9500.0,9567.0,29.0,145.0,9500.0,807.0,823.0,2.0,16.0,807.0,2254.0,2278.0,11.0,74.0,2254.0,9873.0,79.24855684207014,9.360877985797288,79.80746771664053,79.29353632478633,76.95592046582775,6.731956354900063,0.6455777921239509,6.8654276085288135,6.735777243589744,6.7390310940985305,18.802762854950114,3.5506778566817303,19.00296973539324,18.81343482905983,18.608406808195298,2.584337148386666
CE,,CE,2022,12,"1,2,3,4,5,6,7,8,9,10,11,12",114201.0,33.0,2596.0,521.0,114201.0,9006.0,9141.0,26.0,241.0,9006.0,731.0,753.0,1.0,22.0,731.0,1703.0,1746.0,4.0,101.0,1703.0,9161.0,78.86095568340032,10.015408320493066,80.04308193448394,78.88375026277065,75.5024896832329,6.40099473734906,0.3852080123266564,6.593637533821946,6.402844930278187,6.278986802209711,14.912303745151092,1.5408320493066257,15.288832847348097,14.916614112535912,14.70289267442707,2.2731849983800494
CE,,CE,2023,12,"1,2,3,4,5,6,7,8,9,10,11,12",114465.0,32.0,9861.0,534.0,114465.0,8979.0,9146.0,589.0,242.0,8979.0,827.0,849.0,8.0,17.0,827.0,1787.0,1845.0,83.0,84.0,1787.0,9120.0,78.4431922421701,59.73025048169557,79.90215349670206,78.46512806620468,75.63083151221436,7.224915913161229,0.8112767467802454,7.417114401782205,7.226936285861596,7.138110877338188,15.61175905298563,8.416996247845047,16.11846415935002,15.616124719268043,15.400189560703602,8.614860437688376
CE,,CE,2024,12,"1,2,3,4,5,6,7,8,9,10,11,12",111335.0,33.0,9602.0,599.0,111335.0,8439.0,8621.0,383.0,259.0,8439.0,880.0,907.0,16.0,28.0,880.0,1830.0,1883.0,55.0,115.0,1830.0,8628.0,75.79826649301657,39.8875234326182,77.43297256029102,75.82073996873372,73.37796312499688,7.904073292315983,1.6663195167673401,8.146584631966586,7.906416775978868,7.793610260829864,16.43687968742983,5.727973338887732,16.912920465262495,16.441753068228785,16.18010611604742,8.624421790092963
CE,,CE,2025,12,"1,2,3,4,5,6,7,8,9,10,11,12",114152.0,39.0,10277.0,591.0,114152.0,8990.0,9211.0,498.0,255.0,8990.0,942.0,970.0,12.0,18.0,942.0,1916.0,1975.0,58.0,79.0,1916.0,9146.0,78.75464293223071,48.45772112484188,80.69065806994183,78.78155863048032,76.89414369289473,8.252155021375009,1.1676559307190815,8.497442007148363,8.254975331469684,8.25079957808784,16.784638026490995,5.643670331808893,17.30149274651342,16.79037445339269,16.62315005696224,9.002908402831313
DF,,DF,2002,12,"1,2,3,4,5,6,7,8,9,10,11,12",50323.0,6.0,441.0,78.0,50323.0,2976.0,3034.0,0.0,6.0,2976.0,1192.0,1206.0,0.0,0.0,1192.0,1912.0,1948.0,0.0,5.0,1912.0,3009.0,59.13796872205552,0.0,60.29052321999881,59.14502056958881,60.8139018839776,23.686982095662025,0.0,23.9651849055104,23.689806625991217,24.14376950692184,37.99455517357868,0.0,38.709933827474515,37.99908579605302,38.989701920311994,0.8763388510223953
DF,,DF,2003,12,"1,2,3,4,5,6,7,8,9,10,11,12",54278.0,3.0,784.0,122.0,54278.0,2865.0,3016.0,2.0,11.0,2865.0,1568.0,1602.0,0.0,6.0,1568.0,1984.0,2079.0,0.0,11.0,1984.0,2876.0,52.783816647628875,2.5510204081632653,55.56579092818453,52.78673422385997,53.79593462593786,28.888315708021665,0.0,29.514720512914995,28.889912482726853,29.22431691237453,36.552562732598844,0.0,38.302811452153726,36.55458314140949,37.027686359818624,1.4444157854010833
DF,,DF,2004,12,"1,2,3,4,5,6,7,8,9,10,11,12",57086.0,8.0,4281.0,163.0,57086.0,2339.0,2507.0,23.0,22.0,2339.0,800.0,832.0,0.0,3.0,800.0,1520.0,1639.0,2.0,21.0,1520.0,2353.0,40.97326840206005,5.372576500817566,43.91619661563256,40.97901117768667,41.70775259749463,14.013943874154783,0.0,14.574501629120975,14.015908055643155,14.179682874267476,26.626493360894088,0.467180565288484,28.711067512174616,26.630225305721993,27.045142397980573,7.499211715657079
DF,,DF,2005,12,"1,2,3,4,5,6,7,8,9,10,11,12",53711.0,11.0,10299.0,149.0,53711.0,2573.0,2851.0,90.0,20.0,2573.0,785.0,826.0,15.0,7.0,785.0,1813.0,2014.0,20.0,21.0,1813.0,2582.0,47.9045260747333,8.73871249635887,53.08037459738229,47.91433891992551,48.631377399597056,14.615255720429706,1.4564520827264782,15.378600286719667,14.618249534450651,14.681283469109365,33.75472435813893,1.941936110301971,37.49697454897507,33.76163873370577,34.22483781723071,19.174843142000707
DF,,DF,2006,12,"1,2,3,4,5,6,7,8,9,10,11,12",52363.0,13.0,11754.0,129.0,52363.0,2501.0,2731.0,81.0,25.0,2501.0,543.0,564.0,4.0,5.0,543.0,1854.0,1997.0,6.0,18.0,1854.0,2516.0,47.76273322766075,6.891271056661562,52.15514771880908,47.774594078319005,48.087851548040014,10.369917689971926,0.3403096818104475,10.77096423046808,10.372492836676217,10.438441675963153,35.40668028951741,0.5104645227156712,38.13761625575311,35.41547277936963,35.61137001322293,22.4471477951989
DF,,DF,2007,12,"1,2,3,4,5,6,7,8,9,10,11,12",52751.0,7.0,11441.0,62.0,52751.0,2539.0,2724.0,78.0,12.0,2539.0,418.0,432.0,0.0,4.0,418.0,1875.0,2012.0,10.0,14.0,1875.0,2553.0,48.1317889708252,6.817585875360545,51.63883149134614,48.13817685423935,48.168401489138496,7.9240203977175785,0.0,8.189418210081325,7.92507204610951,7.9807486381264034,35.54434987014464,0.8740494712000699,38.14145703398988,35.54906719247687,35.58978352867892,21.688688366097324
DF,,DF,2008,12,"1,2,3,4,5,6,7,8,9,10,11,12",50759.0,5.0,13163.0,29.0,50759.0,2022.0,2115.0,217.0,9.0,2022.0,361.0,373.0,3.0,4.0,361.0,1774.0,1840.0,69.0,10.0,1774.0,2514.0,39.83530014381686,16.485603585808708,41.667487539155616,39.839224494621114,39.859902115094286,7.112039244271951,0.22791157031071943,7.348450521089856,7.112739882570832,7.119387430490935,34.949467089580175,5.241966117146547,36.24972911207865,34.95291011545888,34.85044502607988,25.932346972950608
DF,,DF,2009,12,"1,2,3,4,5,6,7,8,9,10,11,12",52177.0,14.0,15233.0,51.0,52177.0,2409.0,2442.0,146.0,16.0,2409.0,482.0,487.0,1.0,3.0,482.0,1770.0,1790.0,59.0,15.0,1770.0,2467.0,46.169768288709584,9.584454802074443,46.80223086800697,46.18215976841823,45.83913773711882,9.237786764283113,0.06564695069914002,9.333614427813021,9.24026608899028,9.272176554583591,33.92299288958736,3.8731700912492615,34.306303543706996,33.932097463719494,33.67139740156118,29.194855971021713
DF,,DF,2010,12,"1,2,3,4,5,6,7,8,9,10,11,12",50906.0,18.0,13591.0,50.0,50906.0,1930.0,1945.0,117.0,13.0,1930.0,310.0,315.0,5.0,4.0,310.0,1279.0,1291.0,40.0,11.0,1279.0,1957.0,37.91301614740895,8.608638069310572,38.2076768946686,37.926426662474455,37.50272815389435,6.089655443366205,0.36789051578250315,6.1878756924527565,6.091809463920767,6.07031963504629,25.12473971633992,2.943124126260025,25.360468314147646,25.133626788240843,24.887175317954462,26.698228106706477
DF,,DF,2011,12,"1,2,3,4,5,6,7,8,9,10,11,12",49110.0,7.0,6150.0,31.0,49110.0,1923.0,1939.0,75.0,11.0,1923.0,328.0,338.0,1.0,0.0,328.0,1305.0,1325.0,27.0,9.0,1305.0,1939.0,39.156994502138055,12.195121951219512,39.482793728364896,39.16257662464615,38.77695860179891,6.678884137650173,0.16260162601626016,6.8825086540419464,6.6798362625501495,6.732938030800054,26.57299938912645,4.390243902439025,26.980248421909998,26.576787568987637,26.372174301041717,12.522907758094075
DF,,DF,2012,12,"1,2,3,4,5,6,7,8,9,10,11,12",48753.0,10.0,3064.0,39.0,48753.0,1281.0,1303.0,48.0,11.0,1281.0,328.0,336.0,0.0,1.0,328.0,806.0,827.0,13.0,7.0,806.0,1296.0,26.275306135007078,15.66579634464752,26.726560416794864,26.280696715425805,25.886549173959093,6.7277911102906485,0.0,6.891883576395299,6.729171368196459,6.710918707884333,16.532315960043483,4.242819843342037,16.96305868356819,16.535707691360813,16.362897512253458,6.2847414518080935
DF,,DF,2013,12,"1,2,3,4,5,6,7,8,9,10,11,12",52207.0,5.0,1104.0,88.0,52207.0,961.0,979.0,17.0,22.0,961.0,353.0,358.0,0.0,3.0,353.0,615.0,624.0,6.0,12.0,615.0,982.0,18.407493248031873,15.398550724637682,18.75227459919168,18.409256350331404,18.167393266377786,6.761545386633976,0.0,6.8573179841783665,6.762193019424543,6.741108730459207,11.780029497960044,5.434782608695652,11.952420173539947,11.781157810045592,11.670053749194821,2.1146589537801446
DF,,DF,2014,12,"1,2,3,4,5,6,7,8,9,10,11,12",49112.0,44.0,15.0,184.0,49112.0,669.0,681.0,0.0,38.0,669.0,259.0,262.0,0.0,2.0,259.0,440.0,445.0,0.0,9.0,440.0,682.0,13.621925395015476,0.0,13.866264863984362,13.6341403766202,13.30255382325001,5.273660205245154,0.0,5.334745072487376,5.278389174207223,5.227944577164837,8.95911386219254,0.0,9.060921974262909,8.96714763185783,8.808397434148176,0.03054243362111093
DF,,DF,2015,12,"1,2,3,4,5,6,7,8,9,10,11,12",49901.0,40.0,1968.0,137.0,49901.0,776.0,781.0,20.0,28.0,776.0,288.0,291.0,1.0,1.0,288.0,511.0,515.0,5.0,5.0,511.0,817.0,15.550790565319332,10.16260162601626,15.65098895813711,15.563265879144021,15.13586413268804,5.771427426304082,0.508130081300813,5.8315464619947495,5.776057439682317,5.642104738913609,10.240275745977035,2.540650406504065,10.320434460231258,10.248490804436333,10.0277207647738,3.9438087413077896
DF,,DF,2016,12,"1,2,3,4,5,6,7,8,9,10,11,12",49802.0,17.0,2283.0,204.0,49802.0,1024.0,1048.0,8.0,40.0,1024.0,388.0,399.0,2.0,5.0,388.0,724.0,744.0,6.0,17.0,724.0,1051.0,20.56142323601462,3.504161191414805,21.04333159310871,20.568444310535302,20.14919836704554,7.7908517730211635,0.8760402978537013,8.01172643668929,7.7935121020387665,7.724126511932335,14.53756877233846,2.628120893561104,14.93915906991687,14.542532891433163,14.276369699438828,4.584153246857556
DF,,DF,2017,12,"1,2,3,4,5,6,7,8,9,10,11,12",50179.0,7.0,20.0,282.0,50179.0,1088.0,1115.0,0.0,56.0,1088.0,307.0,308.0,0.0,2.0,307.0,672.0,683.0,0.0,13.0,672.0,1136.0,21.682377090017738,0.0,22.220450786185456,21.685402216375667,20.795171117606706,6.118097211981108,0.0,6.1380258673947266,6.118950809216296,6.07973473199214,13.392056437952132,0.0,13.611271647501942,13.393924898349677,13.033796191001604,0.039857310827238486
DF,,DF,2018,12,"1,2,3,4,5,6,7,8,9,10,11,12",52537.0,11.0,510.0,331.0,52537.0,1443.0,1482.0,10.0,57.0,1443.0,335.0,340.0,1.0,5.0,335.0,796.0,815.0,3.0,17.0,796.0,1491.0,27.466357043607363,19.607843137254903,28.208691017758913,27.472109050755815,26.41477270026386,6.376458495917163,1.9607843137254901,6.471629518244285,6.377793854472071,6.377804404708027,15.151226754477797,5.882352941176471,15.51287663932086,15.154399725850055,14.749952381104102,0.9707444277366427
DF,,DF,2019,12,"1,2,3,4,5,6,7,8,9,10,11,12",54529.0,6.0,101.0,281.0,54529.0,1685.0,1750.0,0.0,51.0,1685.0,508.0,525.0,0.0,10.0,508.0,1104.0,1149.0,0.0,13.0,1104.0,1732.0,30.900988464853565,0.0,32.09301472610904,30.90438897346074,29.450069691842145,9.31614370335051,0.0,9.627904417832713,9.31716890119766,9.317223684889635,20.246107575785363,0.0,21.07135652588531,20.248335564807512,19.708259727334536,0.1852225421335436
DF,,DF,2020,12,"1,2,3,4,5,6,7,8,9,10,11,12",54498.0,12.0,5.0,298.0,54498.0,1683.0,1757.0,0.0,66.0,1683.0,592.0,616.0,0.0,27.0,592.0,1083.0,1152.0,0.0,41.0,1083.0,1803.0,30.8818672244853,0.0,32.239715218907115,30.88866864882722,29.280431552815884,10.862783955374509,0.0,11.303167088700503,10.865176375582719,10.535046317443404,19.87228889133546,0.0,21.138390399647694,19.876665565466357,19.05091425337896,0.0091746486109582
DF,,DF,2021,12,"1,2,3,4,5,6,7,8,9,10,11,12",53634.0,12.0,9.0,239.0,53634.0,1620.0,1708.0,0.0,58.0,1620.0,567.0,594.0,0.0,11.0,567.0,1054.0,1107.0,0.0,35.0,1054.0,1743.0,30.204720886005145,0.0,31.845471156356044,30.211480362537763,28.706100296059244,10.5716523101018,0.0,11.075064324868553,10.574018126888218,10.310077123640252,19.65171346533915,0.0,20.63989260543685,19.65611129760173,18.995035674184784,0.01678040049222508
DF,,DF,2022,12,"1,2,3,4,5,6,7,8,9,10,11,12",51752.0,33.0,1.0,228.0,51752.0,1593.0,1651.0,0.0,83.0,1593.0,435.0,453.0,0.0,9.0,435.0,932.0,964.0,0.0,43.0,932.0,1694.0,30.78141907559128,0.0,31.90214870922863,30.801059571917477,29.01193698668032,8.405472252280106,0.0,8.75328489720204,8.410835476323982,8.381178428834684,18.0089658370691,0.0,18.62729942804143,18.020456698698737,17.69529084659237,0.0019322924717885299
DF,,DF,2023,12,"1,2,3,4,5,6,7,8,9,10,11,12",51535.0,9.0,915.0,216.0,51535.0,1598.0,1663.0,14.0,62.0,1598.0,358.0,387.0,4.0,4.0,358.0,849.0,904.0,10.0,25.0,849.0,1686.0,31.008052779664308,15.300546448087431,32.26933152226642,31.01346892830804,29.519664102450452,6.946735228485495,4.371584699453552,7.509459590569516,6.947948608469511,6.845086377770104,16.474240807218397,10.92896174863388,17.54147666634326,16.477118348018475,16.107608890400645,1.7754923838168235
DF,,DF,2024,12,"1,2,3,4,5,6,7,8,9,10,11,12",50199.0,11.0,951.0,340.0,50199.0,1726.0,1791.0,21.0,123.0,1726.0,491.0,530.0,18.0,17.0,491.0,979.0,1049.0,23.0,60.0,979.0,1880.0,34.38315504292914,22.082018927444796,35.67800155381581,34.390691001833105,32.169850014291946,9.781071336082393,18.92744479495268,10.557979242614394,9.783215111181956,9.36745871640762,19.502380525508475,24.185068349106203,20.89683061415566,19.506654977285407,18.64675889333428,1.8944600490049603
DF,,DF,2025,12,"1,2,3,4,5,6,7,8,9,10,11,12",50251.0,9.0,2.0,277.0,50251.0,1942.0,1978.0,0.0,109.0,1942.0,486.0,496.0,0.0,20.0,486.0,1004.0,1026.0,0.0,53.0,1004.0,2094.0,38.645997094585184,0.0,39.362400748243815,38.65291986783966,36.49046116892064,9.671449324391554,0.0,9.870450339296731,9.673181800087576,9.329417841778403,19.97970189647967,0.0,20.41750412927106,19.98328092034553,18.922988317528663,0.00398002029810352
ES,,ES,2002,12,"1,2,3,4,5,6,7,8,9,10,11,12",48424.0,8.0,52.0,61.0,48424.0,1526.0,1658.0,0.0,14.0,1526.0,750.0,756.0,0.0,2.0,750.0,1069.0,1155.0,0.0,8.0,1069.0,1535.0,31.51329919048406,0.0,34.23922022137783,31.51850627891606,32.905111403702485,15.488187675532794,0.0,15.612093176937057,15.49074686054197,15.873904646543458,22.075830166859408,0.0,23.851809020320502,22.079477858559155,22.7392424880224,0.10738476788369404
ES,,ES,2003,12,"1,2,3,4,5,6,7,8,9,10,11,12",47361.0,15.0,840.0,97.0,47361.0,1642.0,1810.0,6.0,14.0,1642.0,917.0,920.0,2.0,3.0,917.0,1190.0,1220.0,3.0,11.0,1190.0,1644.0,34.66987605836025,7.142857142857143,38.21709845653597,34.680860051535504,36.02449958679399,19.361922256709107,2.380952380952381,19.425265513819387,19.36805643560174,20.12247981992888,25.126158653744643,3.5714285714285716,25.759591224847448,25.134119038567142,26.146966824379497,1.7736111990878571
ES,,ES,2004,12,"1,2,3,4,5,6,7,8,9,10,11,12",45933.0,20.0,2675.0,49.0,45933.0,1479.0,1673.0,14.0,11.0,1479.0,858.0,864.0,0.0,1.0,858.0,1071.0,1125.0,2.0,8.0,1071.0,1481.0,32.199072562210176,5.233644859813084,36.42261554873402,32.21309868664648,33.621241777340515,18.67938083730651,0.0,18.810005878126837,18.68751769651297,19.141113516399056,23.316569786428058,0.7476635514018691,24.492195153810986,23.326726635157797,23.99469316517232,5.823699736572834
ES,,ES,2005,12,"1,2,3,4,5,6,7,8,9,10,11,12",45874.0,10.0,5999.0,59.0,45874.0,1491.0,1756.0,52.0,9.0,1491.0,724.0,744.0,0.0,4.0,724.0,1002.0,1122.0,22.0,7.0,1002.0,1496.0,32.50207088982866,8.668111351891982,38.278763569778086,32.50915750915751,33.97117778915387,15.782360378427867,0.0,16.218337184461788,15.785801500087214,16.157131932524052,21.84243798229934,3.667277879646608,24.458298818502854,21.84720041862899,22.510086497068905,13.0771242969874
ES,,ES,2006,12,"1,2,3,4,5,6,7,8,9,10,11,12",43391.0,10.0,6658.0,47.0,43391.0,1333.0,1538.0,60.0,5.0,1333.0,591.0,601.0,1.0,1.0,591.0,885.0,944.0,22.0,3.0,885.0,1339.0,30.72065635730912,9.011715229798739,35.44513839275426,30.72773794979369,31.726053672892224,13.620336014380863,0.15019525382997898,13.85079855269526,13.623475715174846,13.994201498350272,20.395934640824134,3.3042955842595374,21.755663616879076,20.40063622323137,21.01174245837968,15.344195800972551
ES,,ES,2007,12,"1,2,3,4,5,6,7,8,9,10,11,12",43714.0,5.0,7395.0,49.0,43714.0,1254.0,1399.0,93.0,6.0,1254.0,394.0,400.0,2.0,2.0,394.0,729.0,780.0,32.0,5.0,729.0,1258.0,28.686462003019628,12.57606490872211,32.003477146909454,28.689743531080556,29.336757344592804,9.013130804776502,0.2704530087897228,9.150386603834011,9.014161843098675,8.986202903608461,16.676579585487488,4.3272481406355645,17.84325387747632,16.678487268068363,16.9464432089866,16.91677723383813
ES,,ES,2008,12,"1,2,3,4,5,6,7,8,9,10,11,12",38534.0,8.0,6910.0,30.0,38534.0,2217.0,2241.0,260.0,2.0,2217.0,351.0,356.0,8.0,0.0,351.0,1800.0,1814.0,130.0,1.0,1800.0,2331.0,57.53360668500545,37.62662807525326,58.15643327970104,57.545553652079114,59.146184015232485,9.108838947423054,1.1577424023154848,9.238594487984637,9.110730415823081,9.300206615776393,46.71199460216951,18.81331403762663,47.07531011574194,46.72169444011836,47.98804875070467,17.93221570561063
ES,,ES,2009,12,"1,2,3,4,5,6,7,8,9,10,11,12",41643.0,9.0,6902.0,49.0,41643.0,1470.0,1489.0,94.0,9.0,1470.0,403.0,408.0,4.0,0.0,403.0,1080.0,1091.0,31.0,5.0,1080.0,1534.0,35.300050428643466,13.619240799768184,35.756309583843624,35.30768122207811,36.144039166689694,9.677496818192733,0.5795421616922631,9.797565016929616,9.679588797617331,9.939308298585841,25.93473092716663,4.491451753115039,26.198880964387772,25.940337224383917,26.67725489643708,16.574214153639268
ES,,ES,2010,12,"1,2,3,4,5,6,7,8,9,10,11,12",41157.0,6.0,6379.0,37.0,41157.0,1244.0,1266.0,60.0,7.0,1244.0,490.0,496.0,1.0,2.0,490.0,863.0,872.0,24.0,6.0,863.0,1305.0,30.225721019510654,9.405862987929142,30.760259494132224,30.230128064931595,30.67756625793185,11.9056296620259,0.15676438313215238,12.051412882377239,11.907365556122572,12.122404857655187,20.96848652720072,3.762345195171657,21.187161357727724,20.97154382639547,21.318750475191607,15.499186043686372
ES,,ES,2011,12,"1,2,3,4,5,6,7,8,9,10,11,12",42474.0,10.0,5807.0,63.0,42474.0,1201.0,1232.0,59.0,22.0,1201.0,399.0,416.0,1.0,3.0,399.0,715.0,737.0,14.0,16.0,715.0,1266.0,28.276121862786646,10.160151541243327,29.005980129020106,28.282780708364733,28.645855018057468,9.39398220087583,0.1722059583261581,9.794227056552243,9.39619442351168,9.47187195015289,16.833827753449167,2.410883416566213,17.351791684324528,16.83779201205727,17.02579424429875,13.6718933936055
ES,,ES,2012,12,"1,2,3,4,5,6,7,8,9,10,11,12",41078.0,16.0,5972.0,61.0,41078.0,1117.0,1186.0,38.0,23.0,1117.0,344.0,376.0,1.0,2.0,344.0,617.0,655.0,3.0,15.0,617.0,1192.0,27.19217099177175,6.363027461486939,28.87190223477287,27.202766548146705,27.53312506503984,8.374312283947612,0.16744809109176156,9.153318077803204,8.377575373824948,8.44908595652912,15.02020546277813,0.5023442732752846,15.945274842981645,15.026058155959282,15.139851031973704,14.538195627829982
ES,,ES,2013,12,"1,2,3,4,5,6,7,8,9,10,11,12",41778.0,9.0,6047.0,76.0,41778.0,1217.0,1238.0,40.0,27.0,1217.0,368.0,371.0,1.0,3.0,368.0,726.0,733.0,9.0,16.0,726.0,1321.0,29.13016420125425,6.61485033901108,29.632821102015416,29.136440901146784,29.267948137237354,8.808463784767103,0.165371258475277,8.880271913447269,8.810361751538222,8.874360779396044,17.377567140600316,1.488341326277493,17.545119440854037,17.381311498958556,17.461303039599024,14.474125137632246
ES,,ES,2014,12,"1,2,3,4,5,6,7,8,9,10,11,12",40844.0,8.0,2860.0,77.0,40844.0,1185.0,1215.0,34.0,21.0,1185.0,384.0,393.0,1.0,6.0,384.0,712.0,727.0,8.0,17.0,712.0,1238.0,29.012829301733426,11.888111888111888,29.747331309372246,29.018513076697033,29.130843815319867,9.401625697776907,0.34965034965034963,9.621976300068553,9.40346752865119,9.343385822478556,17.43218098129468,2.797202797202797,17.799431985114094,17.435596042707417,17.477830890395882,7.002252472823426
ES,,ES,2015,12,"1,2,3,4,5,6,7,8,9,10,11,12",42396.0,16.0,2401.0,100.0,42396.0,1260.0,1297.0,18.0,31.0,1260.0,470.0,491.0,0.0,6.0,470.0,781.0,818.0,5.0,20.0,781.0,1304.0,29.719784885366543,7.4968763015410245,30.592508727238418,29.731005191127892,29.750140499807767,11.085951504858949,0.0,11.581281252948392,11.090136857008023,11.0655444933009,18.421549202754978,2.0824656393169514,19.294273044626852,18.428504011326098,18.394944618289454,5.6632701198226245
ES,,ES,2016,12,"1,2,3,4,5,6,7,8,9,10,11,12",41341.0,14.0,2111.0,139.0,41341.0,1226.0,1235.0,19.0,58.0,1226.0,417.0,419.0,0.0,11.0,417.0,753.0,760.0,2.0,45.0,753.0,1243.0,29.655789651919402,9.000473709142586,29.87349120727607,29.665835894209597,29.438301162586022,10.086838731525605,0.0,10.135216854938196,10.090255764996249,10.007519533092555,18.2143634648412,0.9474182851729038,18.383686896785274,18.220533791468046,18.080029064269922,5.106310926199173
ES,,ES,2017,12,"1,2,3,4,5,6,7,8,9,10,11,12",44114.0,9.0,2274.0,191.0,44114.0,1421.0,1434.0,14.0,69.0,1421.0,384.0,385.0,1.0,17.0,384.0,838.0,840.0,9.0,56.0,838.0,1487.0,32.21199619168518,6.156552330694811,32.50668721947681,32.21856932320598,31.651854530804226,8.704719590152786,0.4397537379067722,8.727388130752143,8.706495862147149,8.626310760136077,18.996237022260505,3.9577836411609497,19.04157410345922,19.000113365831538,18.759039400001004,5.154826132293603
ES,,ES,2018,12,"1,2,3,4,5,6,7,8,9,10,11,12",45751.0,19.0,2126.0,217.0,45751.0,1554.0,1573.0,18.0,66.0,1554.0,362.0,362.0,1.0,13.0,362.0,902.0,908.0,5.0,46.0,902.0,1591.0,33.96647067823654,8.466603951081844,34.38176214727547,33.980582524271846,33.31318972891508,7.912395357478525,0.4703668861712135,7.912395357478525,7.915682672964226,7.93243012956003,19.71541605647964,2.351834430856068,19.846560730912987,19.72360710224788,19.49772714423502,4.646892964088217
ES,,ES,2019,12,"1,2,3,4,5,6,7,8,9,10,11,12",44802.0,17.0,2246.0,209.0,44802.0,1345.0,1365.0,43.0,59.0,1345.0,436.0,438.0,4.0,8.0,436.0,849.0,858.0,22.0,36.0,849.0,1405.0,30.02098120619615,19.14514692787177,30.46738984866747,30.032376911912472,29.61108543842822,9.731708405874738,1.7809439002671417,9.77634927012187,9.73540247850843,9.750679982718422,18.95004687290746,9.795191451469279,19.150930762019552,18.957240147370772,18.874036029473213,5.013169054952904
ES,,ES,2020,12,"1,2,3,4,5,6,7,8,9,10,11,12",45018.0,30.0,4809.0,227.0,45018.0,1406.0,1428.0,102.0,66.0,1406.0,424.0,427.0,3.0,15.0,424.0,850.0,861.0,28.0,49.0,850.0,1491.0,31.231951663778933,21.210230817217717,31.720645075303214,31.252778518716102,30.398766094117853,9.418454840286108,0.6238303181534622,9.48509485094851,9.424735485018227,9.2230518057158,18.88133635434715,5.822416302765648,19.12568306010929,18.89392726949409,18.49381043962311,10.682393709182994
ES,,ES,2021,12,"1,2,3,4,5,6,7,8,9,10,11,12",44847.0,29.0,6595.0,263.0,44847.0,1411.0,1415.0,192.0,60.0,1411.0,435.0,436.0,7.0,6.0,435.0,877.0,879.0,60.0,35.0,877.0,1473.0,31.462528151269872,29.112964366944656,31.55172029344215,31.482886340309697,30.609928976513988,9.699645461234866,1.061410159211524,9.721943496777934,9.705921727877191,9.820307740839148,19.55537717127121,9.097801364670204,19.599973242357347,19.56803070195011,19.28432336354155,14.705554440653778
ES,,ES,2022,12,"1,2,3,4,5,6,7,8,9,10,11,12",43520.0,12.0,6950.0,242.0,43520.0,1475.0,1476.0,191.0,74.0,1475.0,386.0,386.0,11.0,11.0,386.0,819.0,819.0,62.0,45.0,819.0,1536.0,33.892463235294116,27.48201438848921,33.91544117647059,33.90181116116576,32.99556405620763,8.869485294117647,1.5827338129496402,8.869485294117647,8.87193159878643,8.845010919343165,18.818933823529413,8.920863309352518,18.818933823529413,18.8241242989795,18.67557146006525,15.969669117647058
ES,,ES,2023,12,"1,2,3,4,5,6,7,8,9,10,11,12",45969.0,15.0,9435.0,501.0,45969.0,1697.0,1700.0,262.0,169.0,1697.0,419.0,420.0,10.0,11.0,419.0,904.0,909.0,63.0,54.0,904.0,1784.0,36.91618264482586,27.76894541600424,36.981444016619896,36.928232580406494,35.285863582961525,9.114838260566904,1.0598834128245893,9.136592051164916,9.117813465639552,9.02379862032926,19.66542670060258,6.677265500794912,19.77419565359264,19.67184575880228,19.059563804518017,20.52470142922404
ES,,ES,2024,12,"1,2,3,4,5,6,7,8,9,10,11,12",42340.0,26.0,9442.0,545.0,42340.0,1322.0,1325.0,142.0,160.0,1322.0,623.0,624.0,5.0,18.0,623.0,1077.0,1082.0,40.0,79.0,1077.0,1585.0,31.22342938119981,15.03918661300572,31.294284364666982,31.242614737439144,30.616057581275857,14.71421823334908,0.5295488244016098,14.73783656117147,14.723259441319657,14.168107233752645,25.436939064714217,4.236390595212878,25.55503070382617,25.452568889729168,24.57614970089773,22.300425129900802
ES,,ES,2025,12,"1,2,3,4,5,6,7,8,9,10,11,12",44117.0,16.0,9300.0,670.0,44117.0,1512.0,1514.0,107.0,186.0,1512.0,462.0,463.0,7.0,18.0,462.0,910.0,911.0,33.0,100.0,910.0,1595.0,34.27250266337239,11.505376344086022,34.31783666160437,34.28493684950455,33.95554841557388,10.47215359158601,0.7526881720430108,10.494820590701996,10.4759529262375,10.65204576624799,20.626969195548202,3.5483870967741935,20.64963619466419,20.634452733498108,20.86262575556619,21.080309177867942
GO,,GO,2002,12,"1,2,3,4,5,6,7,8,9,10,11,12",62958.0,15.0,2243.0,70.0,62958.0,1522.0,1533.0,15.0,21.0,1522.0,475.0,475.0,0.0,6.0,475.0,1123.0,1131.0,8.0,18.0,1123.0,1535.0,24.1748467232123,6.687472135532769,24.349566377585056,24.180607851548228,26.332030660822863,7.544712347914483,0.0,7.544712347914483,7.546510334747311,7.9409538722557755,17.837288350964133,3.5666518056174765,17.964357190507958,17.841539170360484,18.989689990180484,3.5626925887099334
GO,,GO,2003,12,"1,2,3,4,5,6,7,8,9,10,11,12",62582.0,13.0,5509.0,62.0,62582.0,1601.0,1605.0,37.0,15.0,1601.0,397.0,398.0,1.0,2.0,397.0,1083.0,1087.0,6.0,9.0,1083.0,1604.0,25.582435844172444,6.716282446905065,25.646351986194112,25.587751122760473,28.466276653097577,6.343677095650507,0.1815211472136504,6.359656131155924,6.344995125381579,6.720352119373878,17.305295452366494,1.0891268832819023,17.36921159438816,17.308890984353273,18.838959705024134,8.802850659934167
GO,,GO,2004,12,"1,2,3,4,5,6,7,8,9,10,11,12",61615.0,18.0,9207.0,262.0,61615.0,1670.0,1672.0,25.0,105.0,1670.0,459.0,460.0,0.0,5.0,459.0,1230.0,1233.0,6.0,54.0,1230.0,1685.0,27.103789661608374,2.7153252959704575,27.13624928994563,27.111709985875937,30.390860712253303,7.449484703400146,0.0,7.465714517568774,7.451661606896439,7.704701260347918,19.962671427412157,0.6516780710329098,20.01136086991804,19.968504959657125,22.187093950534628,14.942789905055587
GO,,GO,2005,12,"1,2,3,4,5,6,7,8,9,10,11,12",58869.0,16.0,10600.0,304.0,58869.0,1822.0,1825.0,19.0,118.0,1822.0,588.0,588.0,1.0,5.0,588.0,1444.0,1448.0,4.0,53.0,1444.0,1833.0,30.950075591567717,1.7924528301886793,31.00103619901816,30.958489796611897,33.765557340910966,9.988279060286398,0.09433962264150944,9.988279060286398,9.990994511749614,10.180290068523778,24.529039052812177,0.37735849056603776,24.596986529412764,24.535707610487147,26.37059716277289,18.006081299155753
GO,,GO,2006,12,"1,2,3,4,5,6,7,8,9,10,11,12",55298.0,9.0,12225.0,275.0,55298.0,1430.0,1435.0,34.0,125.0,1430.0,518.0,519.0,2.0,10.0,518.0,1077.0,1083.0,8.0,72.0,1077.0,1432.0,25.859886433505732,2.7811860940695294,25.950305616839668,25.864095932283096,28.212849974286552,9.367427393395783,0.16359918200409,9.385511230062571,9.368952232813037,9.83780488730997,19.476292090129842,0.65439672801636,19.584795110130564,19.479462460887337,20.696312197722985,22.107490325147385
GO,,GO,2007,12,"1,2,3,4,5,6,7,8,9,10,11,12",53331.0,17.0,14364.0,283.0,53331.0,1324.0,1327.0,39.0,129.0,1324.0,405.0,406.0,4.0,8.0,405.0,908.0,912.0,12.0,61.0,908.0,1328.0,24.826086141268682,2.7151211361737677,24.88233860231385,24.83400232584312,27.09849608361673,7.594082241098048,0.278473962684489,7.612833061446438,7.596503732603068,8.02531435353842,17.02574487633834,0.835421888053467,17.1007481577319,17.031173800502682,18.28544965781336,26.933678348427744
GO,,GO,2008,12,"1,2,3,4,5,6,7,8,9,10,11,12",51811.0,18.0,16689.0,356.0,51811.0,1978.0,1979.0,322.0,132.0,1978.0,515.0,516.0,13.0,4.0,515.0,1900.0,1902.0,272.0,57.0,1900.0,2247.0,38.17722105344425,19.294145844568277,38.19652197409816,38.19048906222849,40.27950263947104,9.939974136766324,0.7789561986937503,9.959275057420239,9.943428648659085,10.480706199295012,36.671749242438864,16.29816046497693,36.710351083746694,36.68449404359662,38.40621471618694,32.21130647931906
GO,,GO,2009,12,"1,2,3,4,5,6,7,8,9,10,11,12",50877.0,22.0,16976.0,308.0,50877.0,1473.0,1483.0,193.0,99.0,1473.0,553.0,553.0,3.0,8.0,553.0,1296.0,1300.0,102.0,50.0,1296.0,1678.0,28.952178784126424,11.368991517436381,29.148731253808204,28.964703568970602,30.637624027923202,10.86935157340252,0.1767200754005655,10.86935157340252,10.874053682037164,11.175162409594003,25.47320007075889,6.008482563619227,25.551821058631603,25.484219840723625,26.73370181965442,33.366747253179234
GO,,GO,2010,12,"1,2,3,4,5,6,7,8,9,10,11,12",49592.0,13.0,16937.0,316.0,49592.0,1446.0,1453.0,122.0,87.0,1446.0,499.0,499.0,2.0,12.0,499.0,1267.0,1269.0,47.0,44.0,1267.0,1629.0,29.157928698177127,7.203164669067721,29.29908049685433,29.165574134210047,30.613776316158265,10.062106791417971,0.11808466670602823,10.062106791417971,10.06474515419835,10.556724809234707,25.548475560574285,2.7749896675916634,25.58880464591063,25.555174569878375,26.661794185025297,34.1526859170834
GO,,GO,2011,12,"1,2,3,4,5,6,7,8,9,10,11,12",49003.0,8.0,16783.0,299.0,49003.0,1254.0,1256.0,124.0,64.0,1254.0,424.0,425.0,4.0,9.0,424.0,1077.0,1079.0,48.0,46.0,1077.0,1370.0,25.5902699834704,7.38842876720491,25.631083811195232,25.59444841310338,26.659224146803425,8.652531477664633,0.23833641184531967,8.67293839152705,8.653944280028574,9.148847927474296,21.978246229822663,2.860036942143836,22.0190600575475,21.981834881110316,22.90348993758563,34.248923535293756
GO,,GO,2012,12,"1,2,3,4,5,6,7,8,9,10,11,12",48509.0,13.0,17680.0,300.0,48509.0,1079.0,1079.0,103.0,62.0,1079.0,322.0,322.0,0.0,5.0,322.0,796.0,798.0,24.0,37.0,796.0,1120.0,22.24329505864891,5.82579185520362,22.24329505864891,22.24925767073573,23.149018590667133,6.6379434744068115,0.0,6.6379434744068115,6.63972286374134,6.8498158017986714,16.40932610443423,1.3574660633484164,16.450555567008184,16.413724843286044,17.01531576014952,36.44684491537653
GO,,GO,2013,12,"1,2,3,4,5,6,7,8,9,10,11,12",50662.0,13.0,16256.0,297.0,50662.0,1484.0,1496.0,102.0,146.0,1484.0,453.0,457.0,1.0,5.0,453.0,1042.0,1052.0,30.0,59.0,1042.0,1595.0,29.292171647388574,6.274606299212598,29.52903556906557,29.299690023495035,30.524783382663756,8.94161304330662,0.061515748031496065,9.02056768386562,8.943908073209737,9.175282918938908,20.567683865619202,1.845472440944882,20.7650704670167,20.57296294102549,21.352862502806705,32.08716592317713
GO,,GO,2014,12,"1,2,3,4,5,6,7,8,9,10,11,12",54019.0,20.0,16168.0,259.0,54019.0,1557.0,1574.0,81.0,73.0,1557.0,617.0,618.0,9.0,6.0,617.0,1122.0,1132.0,34.0,37.0,1122.0,1766.0,28.82319183990818,5.0098960910440375,29.137895925507692,28.833867293838775,29.667839120867335,11.421907106758733,0.5566551212271152,11.440419111793998,11.426137521065204,11.656071098341187,20.770469649567744,2.102919346857991,20.9555896999204,20.7781625585659,21.312350432596375,29.93020974101705
GO,,GO,2015,12,"1,2,3,4,5,6,7,8,9,10,11,12",55006.0,23.0,14624.0,257.0,55006.0,1640.0,1644.0,82.0,60.0,1640.0,554.0,555.0,10.0,5.0,554.0,1151.0,1154.0,40.0,40.0,1151.0,1766.0,29.814929280442133,5.607221006564552,29.88764862015053,29.827401196733536,30.435289192792357,10.07162854961277,0.6838074398249453,10.089808384539868,10.075841623774622,10.319427866190528,20.92499000109079,2.735229759299781,20.979529505872087,20.933743156975794,21.367799387347098,26.586190597389376
GO,,GO,2016,12,"1,2,3,4,5,6,7,8,9,10,11,12",53291.0,21.0,13496.0,313.0,53291.0,1942.0,1944.0,48.0,145.0,1942.0,684.0,685.0,4.0,10.0,684.0,1236.0,1238.0,16.0,81.0,1236.0,2139.0,36.441425381396485,3.5566093657379962,36.478955170666715,36.45579125211188,37.09585275248164,12.835187930419771,0.2963841138114997,12.853952825054888,12.840247794255678,13.000884386847217,23.19340976900415,1.1855364552459988,23.23093955827438,23.202553031725174,23.589848120389238,25.325101799553394
GO,,GO,2017,12,"1,2,3,4,5,6,7,8,9,10,11,12",54360.0,16.0,13078.0,308.0,54360.0,1523.0,1528.0,55.0,74.0,1523.0,514.0,517.0,4.0,17.0,514.0,924.0,930.0,18.0,53.0,924.0,1643.0,28.01692420897719,4.205536014681144,28.108903605592346,28.02517297217724,28.266781995165726,9.455481972038264,0.3058571647040832,9.510669610007358,9.45826586191668,9.485041213618217,16.997792494481235,1.3763572411683744,17.108167770419428,17.002796996908582,17.136287704940546,24.05813097866078
GO,,GO,2018,12,"1,2,3,4,5,6,7,8,9,10,11,12",57041.0,36.0,11264.0,268.0,57041.0,1787.0,1799.0,71.0,125.0,1787.0,484.0,487.0,3.0,5.0,484.0,932.0,939.0,28.0,51.0,932.0,1886.0,31.328342770989288,6.303267045454546,31.53871776441507,31.348127357249364,31.38855234636481,8.485124734839852,0.2663352272727273,8.537718483196297,8.490483290939391,8.52745786864958,16.33912448940236,2.4857954545454546,16.4618432355674,16.349443031313044,16.395369141604935,19.747199382900018
GO,,GO,2019,12,"1,2,3,4,5,6,7,8,9,10,11,12",56348.0,33.0,5535.0,330.0,56348.0,2252.0,2276.0,91.0,167.0,2252.0,630.0,631.0,1.0,19.0,630.0,1202.0,1207.0,26.0,61.0,1202.0,2374.0,39.96592603109249,16.440831074977417,40.39185064243629,39.98934564503241,39.891625480242126,11.180521047774544,0.18066847335140018,11.198267906580535,11.187072715972654,11.219755855023365,21.33172428480159,4.697380307136405,21.420458578831546,21.34422445174465,21.37922619776955,9.822886349116207
GO,,GO,2020,12,"1,2,3,4,5,6,7,8,9,10,11,12",52076.0,27.0,6424.0,268.0,52076.0,2405.0,2409.0,160.0,129.0,2405.0,826.0,826.0,8.0,21.0,826.0,1294.0,1296.0,32.0,58.0,1294.0,2534.0,46.18250249635149,24.906600249066003,46.25931331131423,46.20645929796922,45.94631689859619,15.861433289807206,1.2453300124533002,15.861433289807206,15.869661280716247,15.849265126432838,24.848298640448576,4.981320049813201,24.88670404792995,24.861188495456204,24.870470519924677,12.335816883017129
GO,,GO,2021,12,"1,2,3,4,5,6,7,8,9,10,11,12",50930.0,32.0,7773.0,372.0,50930.0,2225.0,2245.0,323.0,142.0,2225.0,898.0,900.0,10.0,25.0,898.0,1370.0,1376.0,41.0,57.0,1370.0,2593.0,43.68741409778127,41.55409751704619,44.080109954839976,43.71488074187591,43.40491008295717,17.63204398193599,1.2865045670912132,17.67131356764186,17.643129396046994,17.66872210928658,26.8996662085215,5.274668725073974,27.017474965639114,26.916578254548313,26.95319768018996,15.262124484586687
GO,,GO,2022,12,"1,2,3,4,5,6,7,8,9,10,11,12",53645.0,33.0,7707.0,435.0,53645.0,2149.0,2170.0,313.0,134.0,2149.0,457.0,461.0,8.0,17.0,457.0,966.0,978.0,33.0,69.0,966.0,2325.0,40.05965141206077,40.61243025820683,40.451113803709575,40.084309482951575,39.358479225711314,8.518967284928697,1.0380173867912288,8.593531550004661,8.524210997537864,8.425616044607464,18.007270015844906,4.281821720513818,18.230962811072793,18.018354099828397,17.955600250558533,14.366669773511045
GO,,GO,2023,12,"1,2,3,4,5,6,7,8,9,10,11,12",57406.0,35.0,8996.0,416.0,57406.0,2243.0,2302.0,273.0,112.0,2243.0,434.0,442.0,2.0,23.0,434.0,1108.0,1138.0,54.0,65.0,1108.0,2426.0,39.07257081141344,30.346820809248555,40.10033794376894,39.0964075926862,38.06658720158292,7.560185346479462,0.2223210315695865,7.699543601714106,7.5647975457984,7.479244913349152,19.30111834999826,6.002667852378835,19.823711807128173,19.31289327360513,19.06050009166612,15.67083580113577
GO,,GO,2024,12,"1,2,3,4,5,6,7,8,9,10,11,12",57268.0,184.0,10808.0,408.0,57268.0,2131.0,2198.0,390.0,121.0,2131.0,424.0,430.0,3.0,16.0,424.0,1065.0,1085.0,77.0,66.0,1065.0,2297.0,37.21100789271495,36.08438193930422,38.38094572885381,37.33095087940579,36.35903264989504,7.40378570929664,0.27757216876387864,7.508556261786687,7.427650479994394,7.3772666092819374,18.596773066983307,7.124352331606218,18.94600824195013,18.65671641791045,18.40493144192947,18.872668855207095
GO,,GO,2025,12,"1,2,3,4,5,6,7,8,9,10,11,12",61789.0,30.0,10257.0,354.0,61789.0,2219.0,2266.0,342.0,107.0,2219.0,408.0,417.0,11.0,17.0,408.0,1110.0,1134.0,56.0,60.0,1110.0,2354.0,35.91254106718024,33.343082772740566,36.67319425787762,35.92998591298434,35.21070754112867,6.603117059670815,1.0724383347957493,6.748774053634142,6.6063245842711185,6.543620626727142,17.964362588810307,5.459686068051087,18.352781239379176,17.973088942502308,17.793665328669547,16.600042078687146
MA,,MA,2002,12,"1,2,3,4,5,6,7,8,9,10,11,12",110446.0,22.0,307.0,26.0,110446.0,1951.0,1964.0,1.0,5.0,1951.0,532.0,542.0,0.0,2.0,532.0,1324.0,1337.0,1.0,5.0,1324.0,2098.0,17.664741140466834,3.257328990228013,17.7824457200804,17.668260523074693,19.014635367796927,4.816833565724426,0.0,4.907375550042555,4.817793233355068,5.289544644452839,11.987758723720189,3.257328990228013,12.105463303333757,11.99014706947765,12.889844962129342,0.27796389185665393
MA,,MA,2003,12,"1,2,3,4,5,6,7,8,9,10,11,12",109891.0,22.0,2145.0,18.0,109891.0,2461.0,2472.0,18.0,4.0,2461.0,616.0,627.0,0.0,0.0,616.0,1240.0,1253.0,3.0,3.0,1240.0,2603.0,22.39491860115933,8.391608391608392,22.4950177903559,22.39940292530195,24.025644724781955,5.6055545950077805,0.0,5.7056537842043475,5.606677042659895,5.853070854178013,11.283908600340338,1.3986013986013985,11.402207642118098,11.286168072886802,12.10856509014548,1.9519341893330664
MA,,MA,2004,12,"1,2,3,4,5,6,7,8,9,10,11,12",109037.0,24.0,3071.0,27.0,109037.0,2387.0,2404.0,25.0,11.0,2387.0,629.0,637.0,0.0,5.0,629.0,1197.0,1205.0,7.0,10.0,1197.0,2469.0,21.891651457762045,8.140670791273202,22.047561836807688,21.89647106308422,23.493794412479193,5.768684024688867,0.0,5.842053614827994,5.769954042178456,6.030745865233011,10.97792492456689,2.2793878215564964,11.051294514706017,10.980341794097951,11.675011457944644,2.816475141465741
MA,,MA,2005,12,"1,2,3,4,5,6,7,8,9,10,11,12",110946.0,23.0,1814.0,31.0,110946.0,2729.0,2746.0,23.0,3.0,2729.0,729.0,738.0,0.0,2.0,729.0,1983.0,1994.0,9.0,3.0,1983.0,2914.0,24.597551962215853,12.679162072767365,24.75077965857264,24.602652290327523,26.136023965752866,6.570764155535125,0.0,6.651884700665189,6.572126610351325,7.058734976083622,17.87356011032394,4.961411245865491,17.972707443260685,17.8772662116964,19.009125691214322,1.635029654065942
MA,,MA,2006,12,"1,2,3,4,5,6,7,8,9,10,11,12",104600.0,19.0,2122.0,28.0,104600.0,2977.0,2985.0,35.0,9.0,2977.0,636.0,639.0,2.0,1.0,636.0,1974.0,1978.0,16.0,10.0,1974.0,3087.0,28.460803059273424,16.49387370405278,28.537284894837477,28.46597374284048,30.34428463866199,6.080305927342256,0.942507068803016,6.108986615678776,6.081410581271933,6.318905446402411,18.87189292543021,7.540056550424128,18.910133843212236,18.875321521117602,20.124606961366844,2.0286806883365203
MA,,MA,2007,12,"1,2,3,4,5,6,7,8,9,10,11,12",103403.0,19.0,3406.0,34.0,103403.0,3404.0,3418.0,49.0,6.0,3404.0,735.0,741.0,15.0,3.0,735.0,2791.0,2801.0,28.0,6.0,2791.0,3636.0,32.91974120673481,14.386376981796829,33.055133796891774,32.925791224947766,34.30281612927386,7.108110983240332,4.403992953611274,7.166136379021885,7.109417317960226,7.348430120219724,26.991479937719408,8.220786846741046,27.088188930688666,26.99644045500271,27.949264899569975,3.2939083005328667
MA,,MA,2008,12,"1,2,3,4,5,6,7,8,9,10,11,12",101281.0,17.0,8241.0,20.0,101281.0,2481.0,2491.0,171.0,2.0,2481.0,733.0,743.0,30.0,0.0,733.0,1889.0,1899.0,143.0,2.0,1889.0,2930.0,24.496203631480732,20.74990899162723,24.594938833542322,24.500316005688102,25.51184513136722,7.237290311114622,3.6403349108117946,7.336025513176213,7.238505293095276,7.711908762323414,18.651079669434544,17.352263074869555,18.749814871496135,18.654210775793963,19.964366558936486,8.136768001895716
MA,,MA,2009,12,"1,2,3,4,5,6,7,8,9,10,11,12",101997.0,11.0,5133.0,23.0,101997.0,2070.0,2086.0,93.0,1.0,2070.0,604.0,610.0,4.0,0.0,604.0,1922.0,1930.0,58.0,1.0,1922.0,2488.0,20.294714550427955,18.118059614260666,20.45158190927184,20.29690349655835,21.093143644148387,5.921742796356756,0.7792713812585232,5.9805680559232135,5.922381503343596,6.074572409371136,18.843691481121994,11.299435028248588,18.92212516054394,18.845723922891377,19.65029997661936,5.032500955910468
MA,,MA,2010,12,"1,2,3,4,5,6,7,8,9,10,11,12",102708.0,27.0,9593.0,24.0,102708.0,1717.0,1792.0,201.0,1.0,1717.0,429.0,432.0,0.0,1.0,429.0,1570.0,1628.0,143.0,1.0,1570.0,2002.0,16.71729563422518,20.95277806734077,17.447521127857616,16.72169145216739,17.10712328935974,4.176889823577521,0.0,4.206098843322818,4.177988138019692,4.124091060259313,15.286053666705612,14.90670280412801,15.85076138178136,15.290073139139665,15.764570406182493,9.340070880554581
MA,,MA,2011,12,"1,2,3,4,5,6,7,8,9,10,11,12",97468.0,15.0,10115.0,27.0,97468.0,1980.0,2211.0,155.0,2.0,1980.0,650.0,655.0,16.0,1.0,650.0,1862.0,2048.0,111.0,2.0,1862.0,2260.0,20.314359584684205,15.32377656945131,22.68436820289736,20.317486378048905,20.637559066751407,6.668855419214512,1.5818091942659416,6.7201543070546235,6.6698818917837315,6.671503961755917,19.10370583165757,10.97380128521997,21.01202445930972,19.106646280771244,19.563086883101537,10.377765010054581
MA,,MA,2012,12,"1,2,3,4,5,6,7,8,9,10,11,12",98519.0,28.0,12061.0,24.0,98519.0,2334.0,2441.0,97.0,7.0,2334.0,780.0,788.0,6.0,4.0,780.0,2272.0,2313.0,70.0,7.0,2272.0,2700.0,23.69086166120241,8.042450874720172,24.776946578832508,23.697596734727032,24.36904729557902,7.917254539733452,0.49747118812702096,7.998457150397385,7.9195053355128895,8.324465162457846,23.06154142855693,5.803830528148578,23.477704808209584,23.068097592673443,24.05460207102273,12.242308590221176
MA,,MA,2013,12,"1,2,3,4,5,6,7,8,9,10,11,12",96505.0,20.0,4849.0,27.0,96505.0,1937.0,1971.0,16.0,6.0,1937.0,791.0,794.0,0.0,0.0,791.0,1618.0,1624.0,0.0,5.0,1618.0,2165.0,20.071498886068078,3.2996494122499485,20.423812237707892,20.075659428926777,20.7666396480429,8.196466504326201,0.0,8.227552976529713,8.19816551795616,8.392727673638536,16.765970675094554,0.0,16.82814361950158,16.769446027879983,17.423387213449274,5.024610123827781
MA,,MA,2014,12,"1,2,3,4,5,6,7,8,9,10,11,12",97079.0,21.0,4061.0,51.0,97079.0,2345.0,2375.0,1.0,14.0,2345.0,1191.0,1194.0,0.0,2.0,1191.0,2051.0,2073.0,0.0,12.0,2051.0,2605.0,24.155584626953306,0.2462447672986949,24.464611295954843,24.16081106142719,25.29333849808756,12.268358759360932,0.0,12.299261426261086,12.271013208596921,12.670408544726147,21.127123270738263,0.0,21.353742828006055,21.131694450740795,22.081793277872496,4.18319100938411
MA,,MA,2015,12,"1,2,3,4,5,6,7,8,9,10,11,12",98687.0,33.0,3397.0,56.0,98687.0,2311.0,2313.0,1.0,14.0,2311.0,1190.0,1191.0,0.0,4.0,1190.0,2019.0,2021.0,8.0,12.0,2019.0,2615.0,23.417471399475108,0.2943773918163085,23.437737493286857,23.425304599914853,24.051243822192976,12.05832581799021,0.0,12.068458864896085,12.062359356944473,12.346062051876737,20.458621702959864,2.355019134530468,20.478887796771613,20.465465161067975,21.004346284596075,3.442196033925441
MA,,MA,2016,12,"1,2,3,4,5,6,7,8,9,10,11,12",88620.0,29.0,2740.0,78.0,88620.0,2481.0,2482.0,2.0,18.0,2481.0,1323.0,1323.0,1.0,1.0,1323.0,2315.0,2316.0,4.0,12.0,2315.0,2830.0,27.995937711577522,0.7299270072992701,28.007221846084406,28.00510209840729,28.975525073625516,14.928909952606634,0.36496350364963503,14.928909952606634,14.933796886816946,15.302028353682166,26.12277138343489,1.4598540145985401,26.134055517941775,26.131322594845976,26.993979108661016,3.0918528548860302
MA,,MA,2017,12,"1,2,3,4,5,6,7,8,9,10,11,12",95944.0,28.0,3521.0,63.0,95944.0,2785.0,2786.0,7.0,23.0,2785.0,1204.0,1205.0,3.0,3.0,1204.0,2212.0,2213.0,5.0,19.0,2212.0,2961.0,29.02734928708413,1.9880715705765408,29.037772033686316,29.035823011801995,29.883175804480757,12.548986909030267,0.8520306731042318,12.559409655632452,12.552650235622837,12.868485584811298,23.055115484032353,1.4200511218403862,23.065538230634537,23.061845781725676,23.671309991490286,3.6698490786292
MA,,MA,2018,12,"1,2,3,4,5,6,7,8,9,10,11,12",109604.0,48.0,4757.0,27.0,109604.0,2990.0,2991.0,11.0,9.0,2990.0,1300.0,1301.0,1.0,2.0,1300.0,2279.0,2280.0,6.0,8.0,2279.0,3060.0,27.28002627641327,2.312381753205802,27.289150031020764,27.291978531527256,27.856706604110325,11.8608809897449,0.21021652301870927,11.870004744352396,11.866077622403154,12.133684294310575,20.79303675048356,1.2612991381122556,20.802160505091056,20.802146847274454,21.244777934618764,4.340170066785884
MA,,MA,2019,12,"1,2,3,4,5,6,7,8,9,10,11,12",108467.0,54.0,2511.0,163.0,108467.0,3358.0,3361.0,2.0,50.0,3358.0,1411.0,1411.0,1.0,13.0,1411.0,2534.0,2535.0,1.0,48.0,2534.0,3411.0,30.958724773433396,0.7964954201513341,30.986382955184528,30.97414516709251,31.486980861133723,13.008564816948933,0.39824771007566706,13.008564816948933,13.015044321252986,13.224668471700449,23.361944185789227,0.39824771007566706,23.37116357970627,23.373580659146043,23.816185457519016,2.3149898125697215
MA,,MA,2020,12,"1,2,3,4,5,6,7,8,9,10,11,12",98439.0,68.0,1243.0,347.0,98439.0,2717.0,2722.0,2.0,70.0,2717.0,1036.0,1036.0,1.0,16.0,1036.0,1916.0,1917.0,2.0,56.0,1916.0,2792.0,27.60084925690021,1.6090104585679808,27.65164213370717,27.619928637504955,27.88440389578785,10.524284074401406,0.8045052292839904,10.524284074401406,10.531559097701559,10.660700232455385,19.463830392425766,1.6090104585679808,19.473988967787157,19.47728497219709,19.69262431595105,1.262710917420941
MA,,MA,2021,12,"1,2,3,4,5,6,7,8,9,10,11,12",106364.0,61.0,3716.0,278.0,106364.0,3229.0,3231.0,56.0,43.0,3229.0,1305.0,1305.0,6.0,9.0,1305.0,2177.0,2177.0,34.0,32.0,2177.0,3329.0,30.358015870031213,15.069967707212056,30.37681922454966,30.375436252974986,30.64099724771458,12.269188823286074,1.6146393972012918,12.269188823286074,12.276229269164558,12.410083939356474,20.46745139332857,9.14962325080732,20.46745139332857,20.47919625974808,20.657805695715503,3.493663269527284
MA,,MA,2022,12,"1,2,3,4,5,6,7,8,9,10,11,12",98374.0,51.0,4073.0,358.0,98374.0,3226.0,3233.0,46.0,66.0,3226.0,1232.0,1232.0,12.0,16.0,1232.0,2256.0,2257.0,30.0,59.0,2256.0,3353.0,32.793217720129306,11.293886570095752,32.8643747331612,32.81022751543382,32.770152304565386,12.523634293614167,2.9462312791554135,12.523634293614167,12.530130284877394,12.534998791739447,22.932888771423343,7.365578197888534,22.94305405899933,22.94478402815211,22.932169920002757,4.140321629698904
MA,,MA,2023,12,"1,2,3,4,5,6,7,8,9,10,11,12",97107.0,60.0,4545.0,423.0,97107.0,3161.0,3165.0,60.0,80.0,3161.0,1186.0,1190.0,1.0,10.0,1186.0,2100.0,2109.0,34.0,67.0,2100.0,3344.0,32.55172129712585,13.201320132013201,32.5929129722883,32.57184663101384,32.371278516156416,12.213331685666327,0.22002200220022003,12.254523360828777,12.220882665100415,12.154393195675416,21.625629460286078,7.48074807480748,21.718310729401587,21.63899965995858,21.534170777588837,4.680404090333344
MA,,MA,2024,12,"1,2,3,4,5,6,7,8,9,10,11,12",93634.0,36.0,5299.0,401.0,93634.0,3282.0,3291.0,27.0,79.0,3282.0,1049.0,1051.0,1.0,18.0,1049.0,1837.0,1844.0,9.0,69.0,1837.0,3492.0,35.051370228763055,5.095301000188715,35.14748915992054,35.06485181307293,34.780787492291644,11.203195420466924,0.1887148518588413,11.224555182946366,11.207504433855425,11.130524504367562,19.61894183736677,1.6984336667295716,19.69370100604481,19.626487745464647,19.5158829434106,5.659269068927953
MA,,MA,2025,12,"1,2,3,4,5,6,7,8,9,10,11,12",96102.0,50.0,5666.0,491.0,96102.0,4155.0,4167.0,26.0,134.0,4155.0,1139.0,1145.0,7.0,17.0,1139.0,2022.0,2027.0,16.0,86.0,2022.0,4474.0,43.23531248048948,4.588775150017649,43.360179808952985,43.2578186815475,42.87928632521158,11.851990593327923,1.2354394634662902,11.914424257559677,11.858160163244909,11.78225209800509,21.04014484610102,2.8238616307800917,21.092172899627478,21.051097322283763,20.964631902011163,5.895819025618613
MT,,MT,2002,12,"1,2,3,4,5,6,7,8,9,10,11,12",40456.0,12.0,343.0,152.0,40456.0,944.0,951.0,8.0,18.0,944.0,452.0,516.0,0.0,2.0,452.0,709.0,775.0,2.0,9.0,709.0,963.0,23.333992485663437,23.323615160349853,23.507019972315604,23.340915834239937,25.29936672769934,11.172631995254104,0.0,12.754597587502472,11.175946988428445,12.128505879907589,17.52521257662646,5.830903790087463,19.15661459363259,17.53041242211453,18.795138098777123,0.8478346845956101
MT,,MT,2003,12,"1,2,3,4,5,6,7,8,9,10,11,12",39837.0,11.0,4555.0,103.0,39837.0,1247.0,1256.0,76.0,11.0,1247.0,673.0,776.0,10.0,3.0,673.0,954.0,1060.0,36.0,5.0,954.0,1311.0,31.30255792353842,16.68496158068057,31.528478550091624,31.3112037362527,34.34855044177686,16.89384240781183,2.1953896816684964,19.47937846725406,16.89850851202732,18.578654130267974,23.947586414639655,7.903402854006586,26.608429349599618,23.954200773364136,26.260431099263474,11.434093932776063
MT,,MT,2004,12,"1,2,3,4,5,6,7,8,9,10,11,12",41659.0,9.0,7239.0,80.0,41659.0,1734.0,1738.0,44.0,13.0,1734.0,1279.0,1391.0,7.0,2.0,1279.0,1426.0,1538.0,13.0,7.0,1426.0,1758.0,41.62365875321059,6.0781875949716815,41.71967642046136,41.63265306122449,46.07718139865545,30.70164910343503,0.9669843901091311,33.39014378645671,30.70828331332533,33.64961445796118,34.23029837490098,1.7958281530598148,36.918793057922656,34.237695078031216,37.5215842084798,17.37679733070885
MT,,MT,2005,12,"1,2,3,4,5,6,7,8,9,10,11,12",45669.0,22.0,10226.0,98.0,45669.0,1845.0,1851.0,35.0,18.0,1845.0,1314.0,1450.0,3.0,1.0,1314.0,1511.0,1649.0,17.0,13.0,1511.0,1864.0,40.399395651317086,3.422648151769998,40.530775799776656,40.41886651915789,44.659105060691815,28.772252512645338,0.29336984158028556,31.750202544395542,28.786119569741714,31.322778945201815,33.08590072040115,1.6624291022882847,36.1076441349712,33.10184678073039,35.80870543519269,22.39155663579233
MT,,MT,2006,12,"1,2,3,4,5,6,7,8,9,10,11,12",43518.0,18.0,11264.0,86.0,43518.0,1463.0,1467.0,35.0,25.0,1463.0,990.0,1151.0,3.0,1.0,990.0,1144.0,1306.0,21.0,12.0,1144.0,1494.0,33.61827289857071,3.1072443181818183,33.710188887356956,33.632183908045974,37.03668584070969,22.74920722459672,0.2663352272727273,26.448825773243257,22.75862068965517,25.044024914325973,26.28797279286732,1.8643465909090908,30.01057033871042,26.298850574712645,28.81947118136508,25.883542442207823
MT,,MT,2007,12,"1,2,3,4,5,6,7,8,9,10,11,12",41429.0,8.0,11597.0,67.0,41429.0,1289.0,1294.0,44.0,14.0,1289.0,797.0,972.0,7.0,1.0,797.0,937.0,1112.0,16.0,8.0,937.0,1324.0,31.11347123995269,3.7940846770716563,31.234159646624345,31.119480456773136,33.71279530946665,19.237732023461827,0.6036043804432181,23.461826256969754,19.24144757490162,20.75875670933822,22.61700741026817,1.3796671552987843,26.8411016437761,22.621375630718717,24.3992878849926,27.99246904342369
MT,,MT,2008,12,"1,2,3,4,5,6,7,8,9,10,11,12",40658.0,8.0,12302.0,49.0,40658.0,1777.0,1780.0,107.0,18.0,1777.0,754.0,755.0,2.0,1.0,754.0,1407.0,1410.0,43.0,10.0,1407.0,2002.0,43.7060357125289,8.697772719882947,43.77982192926361,43.714637146371466,46.85597622521094,18.54493580599144,0.16257519102584947,18.56953121156968,18.548585485854858,19.889164066725723,34.60573564858085,3.495366607055763,34.67952186531556,34.61254612546126,37.26075209850145,30.25726794234837
MT,,MT,2009,12,"1,2,3,4,5,6,7,8,9,10,11,12",39799.0,15.0,12131.0,94.0,39799.0,1914.0,1914.0,87.0,29.0,1914.0,603.0,603.0,0.0,3.0,603.0,1293.0,1293.0,35.0,17.0,1293.0,1940.0,48.0916605944873,7.171708845107576,48.0916605944873,48.10979288156042,51.515452382996784,15.151134450614338,0.0,15.151134450614338,15.156846973657752,16.484015269464365,32.48825347370537,2.8851702250432774,32.48825347370537,32.50050271465916,35.072891481224474,30.480665343350335
MT,,MT,2010,12,"1,2,3,4,5,6,7,8,9,10,11,12",39035.0,9.0,13987.0,72.0,39035.0,1570.0,1571.0,108.0,30.0,1570.0,612.0,612.0,3.0,4.0,612.0,1107.0,1107.0,50.0,21.0,1107.0,1611.0,40.22031510183169,7.721455637377565,40.2459331369284,40.22959052939066,42.99798500884293,15.678237479185347,0.21448487881604347,15.678237479185347,15.681853123558653,17.033129738748976,28.359164852055848,3.574747980267391,28.359164852055848,28.36570491467227,30.058309945082655,35.8319456897656
MT,,MT,2011,12,"1,2,3,4,5,6,7,8,9,10,11,12",39649.0,17.0,15810.0,73.0,39649.0,1276.0,1276.0,139.0,17.0,1276.0,457.0,458.0,2.0,2.0,457.0,838.0,838.0,34.0,12.0,838.0,1359.0,32.182400564957504,8.79190385831752,32.182400564957504,32.19620508679855,33.634530050341404,11.526141895129763,0.1265022137887413,11.55136321218694,11.531085991118289,11.910731252170198,21.135463693914097,2.150537634408602,21.135463693914097,21.14452967299152,21.868283305562812,39.8749022673964
MT,,MT,2012,12,"1,2,3,4,5,6,7,8,9,10,11,12",39547.0,8.0,16475.0,83.0,39547.0,1332.0,1337.0,206.0,22.0,1332.0,536.0,537.0,5.0,2.0,536.0,846.0,852.0,41.0,15.0,846.0,1400.0,33.681442334437506,12.503793626707132,33.80787417503224,33.68825716381294,35.18285064267898,13.553493311755632,0.30349013657056145,13.578779679874579,13.556235615468271,14.102156858488284,21.392267428629225,2.488619119878604,21.54398563734291,21.396595766205518,22.076425871311354,41.659291475965304
MT,,MT,2013,12,"1,2,3,4,5,6,7,8,9,10,11,12",41085.0,16.0,13185.0,117.0,41085.0,1459.0,1463.0,272.0,31.0,1459.0,624.0,624.0,0.0,5.0,624.0,913.0,916.0,54.0,11.0,913.0,1621.0,35.511743945478884,20.62950322335988,35.6091030789826,35.52557890379605,36.53521475501399,15.188024826579044,0.0,15.188024826579044,15.193941902651636,15.692367349557514,22.22222222222222,4.09556313993174,22.295241572350005,22.23087973897587,22.81309304632721,32.092004381161004
MT,,MT,2014,12,"1,2,3,4,5,6,7,8,9,10,11,12",42443.0,16.0,6382.0,117.0,42443.0,1332.0,1337.0,125.0,29.0,1332.0,432.0,433.0,0.0,8.0,432.0,665.0,667.0,19.0,19.0,665.0,1412.0,31.383266969818344,19.586336571607646,31.501072026011357,31.39510217550145,32.475804844248685,10.17835685507622,0.0,10.201917866314822,10.182195300162633,10.543804988067091,15.66807247367057,2.9771231588843623,15.715194496147774,15.67398119122257,16.163975149007616,15.036637372476026
MT,,MT,2015,12,"1,2,3,4,5,6,7,8,9,10,11,12",45784.0,28.0,7116.0,133.0,45784.0,1783.0,2102.0,311.0,42.0,1783.0,621.0,761.0,2.0,5.0,621.0,923.0,1073.0,32.0,22.0,923.0,1863.0,38.94373580290058,43.70432827431141,45.91123536606675,38.96756709502579,39.84866379025264,13.563690372182421,0.2810567734682406,16.621527171064127,13.571990558615264,13.866741631743407,20.15988118119867,4.4969083754918495,23.436134894286212,20.17221785121077,20.665712956255657,15.542547614887297
MT,,MT,2016,12,"1,2,3,4,5,6,7,8,9,10,11,12",42771.0,18.0,5561.0,148.0,42771.0,1380.0,1627.0,185.0,50.0,1380.0,429.0,566.0,1.0,5.0,429.0,669.0,809.0,26.0,19.0,669.0,1421.0,32.26485235322999,33.26739795000899,38.039793317902316,32.27843660094028,33.056421594336314,10.030160622851932,0.1798237727027513,13.233265530382736,10.034383552031436,10.198592658474308,15.641439292978887,4.675418090271534,18.914685183886277,15.64802470002105,15.906246370085656,13.00180028524
MT,,MT,2017,12,"1,2,3,4,5,6,7,8,9,10,11,12",45448.0,11.0,7107.0,146.0,45448.0,1359.0,1565.0,131.0,46.0,1359.0,559.0,682.0,0.0,7.0,559.0,823.0,955.0,23.0,20.0,823.0,1488.0,29.902305932054215,18.432531307161952,34.434958634043305,29.90954508440258,30.170727476043893,12.299771167048055,0.0,15.006160887167752,12.302748861060369,12.45244964429615,18.10860763950009,3.236245954692557,21.013025875726104,18.1129916147633,18.302755041145325,15.637651821862349
MT,,MT,2018,12,"1,2,3,4,5,6,7,8,9,10,11,12",47618.0,19.0,7099.0,171.0,47618.0,1565.0,1682.0,169.0,41.0,1565.0,543.0,642.0,6.0,8.0,543.0,830.0,933.0,35.0,19.0,830.0,1675.0,32.86572304590701,23.806169883082124,35.32277710109622,32.87884199247883,33.095359084735094,11.403250871519173,0.8451894633046908,13.482296610525431,11.407802684930356,11.52254798213938,17.430383468436304,4.930271869277363,19.593431055483222,17.437341120611777,17.570065822304045,14.908227981015582
MT,,MT,2019,12,"1,2,3,4,5,6,7,8,9,10,11,12",48753.0,12.0,4266.0,173.0,48753.0,1507.0,1574.0,44.0,66.0,1507.0,574.0,631.0,1.0,10.0,574.0,854.0,913.0,17.0,36.0,854.0,1552.0,30.91091830246344,10.314111579934364,32.28519270608988,30.9185285488603,30.863309209288094,11.773634443008635,0.23441162681669012,12.942793264004266,11.776533103547322,11.792622057287726,17.516870756671384,3.9849976558837317,18.727052694193176,17.521183397960648,17.50944857783944,8.75023075503046
MT,,MT,2020,12,"1,2,3,4,5,6,7,8,9,10,11,12",46780.0,20.0,3366.0,235.0,46780.0,1441.0,1476.0,33.0,66.0,1441.0,559.0,572.0,2.0,13.0,559.0,831.0,845.0,10.0,33.0,831.0,1483.0,30.8037622915776,9.803921568627452,31.55194527575887,30.8169375534645,30.468396746429086,11.949551090209491,0.5941770647653001,12.227447627191108,11.954662104362702,11.846330538425482,17.764001710132536,2.9708853238265003,18.063274903805045,17.771599657827203,17.6044314000098,7.195382642154767
MT,,MT,2021,12,"1,2,3,4,5,6,7,8,9,10,11,12",46969.0,27.0,3194.0,263.0,46969.0,1335.0,1350.0,25.0,56.0,1335.0,527.0,536.0,1.0,9.0,527.0,831.0,845.0,9.0,26.0,831.0,1385.0,28.42300240584215,7.827175954915466,28.742361983435885,28.439350688083167,28.23371465432415,11.220166492793119,0.31308703819661865,11.411782239349359,11.226620084359423,11.169595486065175,17.692520598692756,2.817783343769568,17.990589537780238,17.702696945166377,17.622814074275126,6.800229938895868
MT,,MT,2022,12,"1,2,3,4,5,6,7,8,9,10,11,12",48422.0,25.0,3125.0,248.0,48422.0,1749.0,1768.0,33.0,73.0,1749.0,643.0,657.0,3.0,12.0,643.0,1055.0,1072.0,14.0,36.0,1055.0,1809.0,36.119945479327576,10.56,36.51232910660443,36.13860363245656,35.70545999081248,13.27908801784313,0.96,13.568212795836603,13.285947476083228,13.148228346401986,21.787617198793935,4.48,22.13869728635744,21.79887183089861,21.654136694156026,6.453678080211474
MT,,MT,2023,12,"1,2,3,4,5,6,7,8,9,10,11,12",48618.0,20.0,3110.0,275.0,48618.0,1664.0,1669.0,17.0,106.0,1664.0,634.0,636.0,1.0,13.0,634.0,984.0,988.0,6.0,37.0,984.0,1804.0,34.226006828746556,5.466237942122186,34.328849397342545,34.24009218486358,33.519181344304876,13.040437697971944,0.3215434083601286,13.081574725410341,13.045804354088645,12.855825709137708,20.239417499691474,1.9292604501607717,20.321691554568268,20.247746820856825,19.97837312508732,6.39680776667078
MT,,MT,2024,12,"1,2,3,4,5,6,7,8,9,10,11,12",49281.0,11.0,4391.0,284.0,49281.0,1639.0,1643.0,43.0,91.0,1639.0,569.0,572.0,2.0,11.0,569.0,922.0,927.0,10.0,41.0,922.0,1808.0,33.258253688033925,9.792757913914826,33.339420872141396,33.265678912116904,32.822253392879546,11.546031939286946,0.4554771122751082,11.606907327367546,11.548609701644002,11.226549095496821,18.709035936770764,2.277385561375541,18.810494916905096,18.713212908463568,18.393272909426692,8.910127635397009
MT,,MT,2025,12,"1,2,3,4,5,6,7,8,9,10,11,12",51842.0,13.0,4986.0,286.0,51842.0,1568.0,1572.0,63.0,81.0,1568.0,473.0,473.0,3.0,14.0,473.0,842.0,843.0,18.0,52.0,842.0,1739.0,30.245746691871457,12.635379061371841,30.322904208942557,30.253333076077098,29.84927008866326,9.123876393657651,0.601684717208183,9.123876393657651,9.126164888382952,8.89017513852812,16.241657343466688,3.6101083032490973,16.260946722734463,16.245731154373033,15.982613933661751,9.617684502912697
MS,,MS,2002,12,"1,2,3,4,5,6,7,8,9,10,11,12",38654.0,8.0,1006.0,44.0,38654.0,951.0,968.0,10.0,6.0,951.0,282.0,423.0,6.0,3.0,282.0,562.0,706.0,6.0,6.0,562.0,962.0,24.60288715268795,9.940357852882704,25.04268639726807,24.607980127309425,26.68477026989534,7.295493351270244,5.964214711729622,10.943240026905366,7.297003570874088,7.662086972446974,14.539245614942827,5.964214711729622,18.26460392197444,14.542255343373181,15.601859360811028,2.6025767061623637
MS,,MS,2003,12,"1,2,3,4,5,6,7,8,9,10,11,12",39322.0,11.0,8885.0,48.0,39322.0,1044.0,1047.0,79.0,12.0,1044.0,396.0,556.0,5.0,2.0,396.0,612.0,774.0,15.0,5.0,612.0,1082.0,26.550022887950764,8.891389983117614,26.626316057169014,26.557452112640227,28.51708128312154,10.070698336808912,0.5627462014631401,14.139667361782209,10.073516318587673,10.671245588425892,15.563806520522862,1.6882386043894204,19.683637658308328,15.568161583271857,16.26113709694584,22.59549361680484
MS,,MS,2004,12,"1,2,3,4,5,6,7,8,9,10,11,12",40324.0,13.0,12292.0,71.0,40324.0,1020.0,1022.0,106.0,9.0,1020.0,347.0,490.0,5.0,0.0,347.0,556.0,699.0,24.0,5.0,556.0,1027.0,25.29510961214165,8.623494956068988,25.344707866283105,25.303267098310634,26.250610340515486,8.605297093542307,0.40676863000325414,12.151572264656284,8.608072238346853,8.710545857784783,13.788314651324274,1.9524894240156199,17.33458982243825,13.792761281039915,14.159938753046623,30.483086995337764
MS,,MS,2005,12,"1,2,3,4,5,6,7,8,9,10,11,12",39029.0,8.0,12463.0,43.0,39029.0,874.0,884.0,89.0,5.0,874.0,254.0,367.0,8.0,2.0,254.0,449.0,565.0,24.0,4.0,449.0,875.0,22.393604755438265,7.141137767792666,22.64982448948218,22.398195843263885,23.976483258845306,6.507981244715468,0.6419000240712509,9.403264239411719,6.509315496783783,6.74095183915167,11.504266058571831,1.9257000722137527,14.476414973481258,11.506624638015428,11.953791812912927,31.932665453893257
MS,,MS,2006,12,"1,2,3,4,5,6,7,8,9,10,11,12",37948.0,11.0,12789.0,74.0,37948.0,927.0,941.0,80.0,9.0,927.0,274.0,308.0,2.0,0.0,274.0,520.0,556.0,18.0,8.0,520.0,945.0,24.428164857172973,6.255375713503792,24.797090755771055,24.43524791101036,25.576931726015175,7.220406872562454,0.1563843928375948,8.116369769157794,7.222500461291088,7.222997256383669,13.702961947928745,1.4074595355383532,14.651628544323811,13.706935182012284,14.024826051750464,33.70138083693475
MS,,MS,2007,12,"1,2,3,4,5,6,7,8,9,10,11,12",34748.0,6.0,13135.0,59.0,34748.0,961.0,970.0,123.0,6.0,961.0,256.0,303.0,12.0,2.0,256.0,474.0,524.0,32.0,6.0,474.0,980.0,27.656267986646714,9.364293871336125,27.915275699320823,27.661044269184274,29.089983902037293,7.367330493841372,0.9135896459840122,8.719926326695061,7.36860284382016,7.523652387052652,13.641072867503166,2.436239055957366,15.080004604581559,13.643428703010764,14.044140949724996,37.80073673304938
MS,,MS,2008,12,"1,2,3,4,5,6,7,8,9,10,11,12",35132.0,24.0,16171.0,47.0,35132.0,1484.0,1558.0,402.0,15.0,1484.0,224.0,228.0,3.0,0.0,224.0,726.0,732.0,71.0,11.0,726.0,1561.0,42.24069224638506,24.859316059612887,44.34703404303769,42.26956818958642,44.27044832427122,6.37595354662416,0.18551728402696185,6.489809859956734,6.380312179560214,6.328922752923158,20.664920869862232,4.39057572197143,20.835705339861097,20.679047510538908,21.464997629580786,46.029261072526474
MS,,MS,2009,12,"1,2,3,4,5,6,7,8,9,10,11,12",35454.0,9.0,15463.0,55.0,35454.0,1238.0,1262.0,253.0,15.0,1238.0,242.0,243.0,4.0,2.0,242.0,613.0,621.0,53.0,8.0,613.0,1304.0,34.91848592542449,16.36163745715579,35.59541941670898,34.92735223585837,36.84627530392839,6.8257460371185195,0.2586820151328979,6.853951599255373,6.827479193116095,7.132406651474491,17.290009589891127,3.4275367005108968,17.515654086985954,17.29439977429821,18.122818819292107,43.614260732216394
MS,,MS,2010,12,"1,2,3,4,5,6,7,8,9,10,11,12",35507.0,18.0,16960.0,56.0,35507.0,1223.0,1230.0,356.0,20.0,1223.0,197.0,197.0,6.0,1.0,197.0,589.0,590.0,95.0,9.0,589.0,1256.0,34.44391246796406,20.99056603773585,34.641056693046444,34.46138240018034,36.13939622239333,5.548201763032641,0.35377358490566035,5.548201763032641,5.551015807715067,5.647205050093592,16.588278367645817,5.601415094339623,16.61644182837187,16.596691932711543,17.062626007357867,47.765229391387614
MS,,MS,2011,12,"1,2,3,4,5,6,7,8,9,10,11,12",35104.0,11.0,16426.0,63.0,35104.0,1105.0,1127.0,254.0,25.0,1105.0,167.0,170.0,5.0,10.0,167.0,555.0,565.0,76.0,16.0,555.0,1121.0,31.477894257064722,15.463289906246196,32.10460346399271,31.48776109195566,32.38219712357592,4.757292616226071,0.30439547059539757,4.842752962625342,4.758783803037643,4.7321561670664405,15.810164083865086,4.626811153050043,16.095031905195988,15.815119824466418,16.184035255737122,46.79238833181404
MS,,MS,2012,12,"1,2,3,4,5,6,7,8,9,10,11,12",33993.0,9.0,14439.0,63.0,33993.0,1117.0,1142.0,209.0,28.0,1117.0,184.0,185.0,6.0,3.0,184.0,572.0,584.0,67.0,21.0,572.0,1130.0,32.85970641014327,14.474686612646305,33.5951519430471,32.86840866290019,33.97222687218241,5.412879122172212,0.415541242468315,5.4422969434883655,5.414312617702448,5.531339395877088,16.8269937928397,4.640210540896184,17.18000764863354,16.83145009416196,17.42278679816462,42.47639219839379
MS,,MS,2013,12,"1,2,3,4,5,6,7,8,9,10,11,12",35661.0,10.0,7635.0,100.0,35661.0,1507.0,1548.0,171.0,43.0,1507.0,242.0,248.0,5.0,3.0,242.0,852.0,869.0,80.0,22.0,852.0,1525.0,42.259050503351,22.396856581532415,43.40876587869101,42.27090404196236,43.701452958594395,6.786124898348335,0.6548788474132285,6.954375928885898,6.788028386300525,6.898310661447511,23.89164633633381,10.478061558611657,24.36835758952357,23.898347872429945,24.572401439144222,21.40994363590477
MS,,MS,2014,12,"1,2,3,4,5,6,7,8,9,10,11,12",35447.0,10.0,6450.0,62.0,35447.0,1419.0,1473.0,131.0,24.0,1419.0,252.0,255.0,0.0,3.0,252.0,801.0,814.0,48.0,16.0,801.0,1442.0,40.03159646796626,20.310077519379846,41.55499760205377,40.042893021418294,41.19654773818934,7.109205292408384,0.0,7.193838688746579,7.111211445664137,7.273039330916848,22.59711682229808,7.441860465116279,22.96386153976359,22.603493523718146,23.20772094664487,18.196180212711937
MS,,MS,2015,12,"1,2,3,4,5,6,7,8,9,10,11,12",36542.0,6.0,6720.0,75.0,36542.0,1458.0,1548.0,144.0,39.0,1458.0,257.0,261.0,3.0,3.0,257.0,744.0,771.0,54.0,20.0,744.0,1508.0,39.89929396311094,21.428571428571427,42.36221334354989,39.90584628859207,40.83252931740248,7.033003119697882,0.44642857142857145,7.142466203272946,7.034158090650317,7.12241400588551,20.36013354496196,8.035714285714286,21.099009359093646,20.36347711845851,20.67009041456354,18.389798040610803
MS,,MS,2016,12,"1,2,3,4,5,6,7,8,9,10,11,12",35552.0,23.0,6757.0,99.0,35552.0,1573.0,1665.0,165.0,40.0,1573.0,234.0,237.0,5.0,2.0,234.0,752.0,770.0,63.0,24.0,752.0,1609.0,44.245049504950494,24.41912091164718,46.83280828082808,44.27369191364801,45.06958633787471,6.581908190819082,0.7399733609590055,6.666291629162917,6.586169045005488,6.677046069781081,21.152115211521153,9.323664348083469,21.65841584158416,21.16580821300909,21.362081003781675,19.00596309630963
MS,,MS,2017,12,"1,2,3,4,5,6,7,8,9,10,11,12",37552.0,15.0,7311.0,124.0,37552.0,2012.0,2028.0,207.0,54.0,2012.0,235.0,237.0,3.0,5.0,235.0,835.0,842.0,62.0,31.0,835.0,2046.0,53.57903706859821,28.313500205170293,54.005112910098,53.60044755840904,54.02981131511529,6.257988922028121,0.4103405826836274,6.311248402215594,6.260489650211791,6.282761725259037,22.235832978270132,8.4803720421283,22.42224115892629,22.244718544369555,22.50758511212494,19.469002982530892
MS,,MS,2018,12,"1,2,3,4,5,6,7,8,9,10,11,12",38998.0,15.0,7975.0,133.0,38998.0,1997.0,2006.0,223.0,43.0,1997.0,269.0,270.0,3.0,4.0,269.0,803.0,807.0,67.0,30.0,803.0,2039.0,51.20775424380737,27.962382445141067,51.43853530950305,51.227458122771466,51.00985327871317,6.897789630237448,0.3761755485893417,6.923431970870301,6.900443783187543,6.920238529396174,20.59079952818093,8.401253918495298,20.693368890712343,20.59872252007285,20.600951987741666,20.44976665470024
MS,,MS,2019,12,"1,2,3,4,5,6,7,8,9,10,11,12",38962.0,13.0,2185.0,119.0,38962.0,1778.0,1799.0,67.0,37.0,1778.0,215.0,218.0,2.0,7.0,215.0,746.0,753.0,15.0,21.0,746.0,1817.0,45.63420768954366,30.663615560640732,46.17319439453827,45.64943900998742,45.354987460197854,5.518197217801961,0.9153318077803204,5.595195318515477,5.52003902539218,5.566557159516368,19.146861044094244,6.864988558352403,19.32652327909245,19.15325168810496,19.125842638869564,5.6080283353010625
MS,,MS,2020,12,"1,2,3,4,5,6,7,8,9,10,11,12",37137.0,14.0,441.0,132.0,37137.0,1579.0,1624.0,13.0,44.0,1579.0,162.0,169.0,1.0,7.0,162.0,615.0,630.0,4.0,31.0,615.0,1622.0,42.518243261437384,29.478458049886623,43.72997280340361,42.53427794089917,41.810876812031964,4.362226351078439,2.2675736961451247,4.5507176131620755,4.3638714543544435,4.378088335953927,16.560303740205185,9.070294784580499,16.964213587527265,16.566549039678904,16.438490620559968,1.1874949511269084
MS,,MS,2021,12,"1,2,3,4,5,6,7,8,9,10,11,12",37163.0,18.0,2594.0,156.0,37163.0,1587.0,1627.0,171.0,38.0,1587.0,159.0,165.0,8.0,2.0,159.0,584.0,599.0,34.0,25.0,584.0,1623.0,42.70376449694589,65.92135697764071,43.78010386674919,42.72445820433437,41.942795241090444,4.278448994968113,3.0840400925212026,4.439899900438609,4.28052227756091,4.214074184670156,15.714554799128166,13.107170393215112,16.1181820628044,15.722169874814915,15.545747452526419,6.9800608131743935
MS,,MS,2022,12,"1,2,3,4,5,6,7,8,9,10,11,12",37644.0,18.0,2893.0,157.0,37644.0,1754.0,1799.0,282.0,49.0,1754.0,183.0,195.0,4.0,4.0,183.0,632.0,664.0,37.0,26.0,632.0,1807.0,46.59441079587717,97.47666781887314,47.78982042290936,46.616701217243396,45.599874205812654,4.861332483264265,1.38264777048047,5.180108383806184,4.863658108754585,4.829647073858429,16.788864095207735,12.789491876944348,17.63893316331952,16.796895763567747,16.66843738549914,7.685155668898098
MS,,MS,2023,12,"1,2,3,4,5,6,7,8,9,10,11,12",38079.0,14.0,3274.0,169.0,38079.0,1645.0,1708.0,247.0,51.0,1645.0,198.0,205.0,12.0,3.0,198.0,584.0,614.0,29.0,27.0,584.0,1692.0,43.19966385671893,75.4428833231521,44.85411906825284,43.21555234467358,42.12485804869503,5.199716379106595,3.665241295051924,5.383544735943696,5.201628792854328,5.146646826974789,15.336537198981066,8.85766646304215,16.124373013997218,15.342177853671352,15.224269872834217,8.59791486120959
MS,,MS,2024,12,"1,2,3,4,5,6,7,8,9,10,11,12",36474.0,17.0,2940.0,170.0,36474.0,1412.0,1429.0,182.0,43.0,1412.0,212.0,217.0,6.0,4.0,212.0,583.0,592.0,26.0,28.0,583.0,1472.0,38.71250753961726,61.904761904761905,39.17859297033503,38.73055928902543,37.90477666032609,5.812359488951033,2.0408163265306123,5.949443439162143,5.815069808267274,5.704060860421772,15.983988594615342,8.843537414965986,16.23073970499534,15.991441972735004,15.898288130258994,8.060536272413225
MS,,MS,2025,12,"1,2,3,4,5,6,7,8,9,10,11,12",36946.0,18.0,2914.0,168.0,36946.0,1481.0,1552.0,152.0,43.0,1481.0,227.0,231.0,16.0,9.0,227.0,575.0,591.0,37.0,28.0,575.0,1547.0,40.085530233313484,52.16197666437886,42.00725382991393,40.105069324090124,39.13188624519985,6.144102203215503,5.490734385724091,6.252368321333838,6.14709705372617,6.14088077956797,15.563254479510638,12.69732326698696,15.996318951983977,15.57084055459272,15.467224617652295,7.887186704920695
MG,,MG,2002,12,"1,2,3,4,5,6,7,8,9,10,11,12",270758.0,100.0,10530.0,355.0,270758.0,8057.0,8215.0,136.0,78.0,8057.0,3222.0,3349.0,4.0,14.0,3222.0,5744.0,5921.0,58.0,43.0,5744.0,8131.0,29.757200156597403,12.915479582146249,30.340747087805347,29.768194548101295,30.265428204457837,11.899925394632845,0.3798670465337132,12.368978940603787,11.904322059573335,12.008748773349732,21.214516283914048,5.5080721747388415,21.86823658026725,21.222354410362893,21.492857140014866,3.8890817630503993
MG,,MG,2003,12,"1,2,3,4,5,6,7,8,9,10,11,12",265033.0,101.0,44009.0,427.0,265033.0,7082.0,7167.0,518.0,84.0,7082.0,2079.0,2168.0,19.0,10.0,2079.0,4464.0,4585.0,150.0,46.0,4464.0,7109.0,26.721200756132255,11.770319707332591,27.04191553504658,26.73138767683783,27.243211031161625,7.844306180739757,0.4317298734349792,8.180113419838284,7.847296664804554,7.941284686842628,16.84318556557108,3.4083937376445728,17.299732486143235,16.849606691528393,17.108194075913794,16.60510200616527
MG,,MG,2004,12,"1,2,3,4,5,6,7,8,9,10,11,12",254722.0,68.0,61293.0,377.0,254722.0,7600.0,7683.0,628.0,60.0,7600.0,2459.0,2566.0,31.0,7.0,2459.0,4946.0,5082.0,191.0,41.0,4946.0,7640.0,29.836449148483446,10.245868206809913,30.162294579973462,29.844416345315604,30.310580210393677,9.653661638963262,0.5057673796355212,10.073727436185331,9.656239446464614,9.768996579122758,19.417247037947252,3.116179661625308,19.951162443762218,19.422432005780394,19.6596158460898,24.06270365339468
MG,,MG,2005,12,"1,2,3,4,5,6,7,8,9,10,11,12",258560.0,102.0,70949.0,374.0,258560.0,7717.0,7830.0,704.0,81.0,7717.0,2768.0,2925.0,56.0,13.0,2768.0,5100.0,5294.0,199.0,59.0,5100.0,7836.0,29.846070544554454,9.922620473861507,30.283106435643564,29.857849244364655,30.288649271478224,10.705445544554456,0.789299355875347,11.312654702970297,10.709670430011839,10.793402487314513,19.724628712871286,2.8048316396284654,20.47493811881188,19.73241300327326,19.947687915077072,27.440052599009903
MG,,MG,2006,12,"1,2,3,4,5,6,7,8,9,10,11,12",248404.0,85.0,77767.0,393.0,248404.0,7827.0,7924.0,905.0,86.0,7827.0,2743.0,2902.0,42.0,13.0,2743.0,5089.0,5267.0,407.0,46.0,5089.0,7923.0,31.509154441957456,11.637326886725733,31.899647348673934,31.519940077078274,31.930391817436586,11.042495289930919,0.5400748389419677,11.682581600940404,11.046275154136413,11.14922404962777,20.486787652372747,5.233582367842401,21.20336226469783,20.493800313306675,20.71465613956614,31.30666172847458
MG,,MG,2007,12,"1,2,3,4,5,6,7,8,9,10,11,12",237991.0,64.0,84977.0,402.0,237991.0,7857.0,7932.0,979.0,87.0,7857.0,2620.0,2715.0,67.0,14.0,2620.0,4994.0,5113.0,424.0,52.0,4994.0,7918.0,33.013853465047,11.520764442143168,33.32899143244913,33.02273386374812,33.320687211136615,11.008819661247694,0.7884486390435059,11.407994419957058,11.011780924401181,11.068575943286156,20.983986789416406,4.989585417230545,21.48400569769445,20.989631273457825,21.134624318282786,35.70597207457425
MG,,MG,2008,12,"1,2,3,4,5,6,7,8,9,10,11,12",230031.0,59.0,87516.0,479.0,230031.0,8227.0,8371.0,1619.0,128.0,8227.0,2323.0,2338.0,252.0,21.0,2323.0,6146.0,6200.0,881.0,69.0,6146.0,8725.0,35.764744751794325,18.499474381827323,36.39074733405498,35.77392030334128,35.965331968690116,10.098638879107598,2.879473467708762,10.163847481426416,10.101229714921816,10.141711845770507,26.718137990096988,10.06673065496595,26.95288895844473,26.72499260779573,26.864568018912077,38.045306936891116
MG,,MG,2009,12,"1,2,3,4,5,6,7,8,9,10,11,12",228401.0,89.0,84257.0,555.0,228401.0,8324.0,8388.0,1627.0,140.0,8324.0,2222.0,2236.0,215.0,16.0,2222.0,5564.0,5595.0,709.0,82.0,5564.0,8622.0,36.44467406009606,19.309968311238237,36.724882990880076,36.45888082974176,36.56818476717854,9.72850381565755,2.551716771306835,9.789799519266554,9.732296156137215,9.755301139973078,24.360663920035375,8.414731120263005,24.496390120883884,24.370160131749536,24.447369725953504,36.88994356417003
MG,,MG,2010,12,"1,2,3,4,5,6,7,8,9,10,11,12",220723.0,72.0,84774.0,555.0,220723.0,8126.0,8200.0,1668.0,161.0,8126.0,2359.0,2380.0,240.0,24.0,2359.0,5520.0,5552.0,682.0,86.0,5520.0,8449.0,36.815374926944635,19.675844008776277,37.15063677097539,36.82738804718764,36.81606531261929,10.687603919845236,2.8310566919102556,10.782745794502612,10.691091361471283,10.697289871345237,25.00872133851026,8.044919432844976,25.15369943322626,25.016881863213854,25.035165335939137,38.40741562954472
MG,,MG,2011,12,"1,2,3,4,5,6,7,8,9,10,11,12",221111.0,52.0,85225.0,561.0,221111.0,7814.0,7922.0,1655.0,162.0,7814.0,2102.0,2118.0,313.0,24.0,2102.0,5095.0,5131.0,718.0,88.0,5095.0,8074.0,35.33971625111369,19.419184511586977,35.82815870761744,35.34802925915706,35.23599909778681,9.506537440471076,3.6726312701672046,9.578899285879038,9.508773675806006,9.509333214218428,23.042725147098064,8.424757993546494,23.20553929926598,23.048145517712467,23.027760453138505,38.54398921808503
MG,,MG,2012,12,"1,2,3,4,5,6,7,8,9,10,11,12",215955.0,50.0,83195.0,669.0,215955.0,8016.0,8209.0,1706.0,177.0,8016.0,1904.0,1926.0,252.0,22.0,1904.0,4891.0,4961.0,635.0,91.0,4891.0,8245.0,37.11884420365354,20.5060400264439,38.01254891065268,37.12744030939533,36.90724938767753,8.816651617235072,3.0290281867900717,8.9185246926443,8.818693406822446,8.810681201719923,22.64823690120627,7.632670232586093,22.972378504781087,22.653481855445683,22.582198061271118,38.524229584867214
MG,,MG,2013,12,"1,2,3,4,5,6,7,8,9,10,11,12",213024.0,43.0,66786.0,787.0,213024.0,8136.0,8385.0,1341.0,249.0,8136.0,1940.0,1968.0,183.0,29.0,1940.0,5056.0,5136.0,521.0,122.0,5056.0,8538.0,38.19287967552952,20.079058485311293,39.36176205497972,38.20059066301689,37.89714502831397,9.106955084873066,2.7400952295391248,9.238395673726904,9.108793742164794,9.065041002715308,23.73441490160733,7.801036145299913,24.109959441189726,23.73920678370371,23.61074979157971,31.351397025687245
MG,,MG,2014,12,"1,2,3,4,5,6,7,8,9,10,11,12",218897.0,43.0,54861.0,857.0,218897.0,8257.0,8622.0,908.0,296.0,8257.0,1807.0,1840.0,24.0,59.0,1807.0,4841.0,4924.0,183.0,156.0,4841.0,8769.0,37.72093724445744,16.550919596799183,39.38838814602302,37.728348579418245,37.23702036005439,8.25502405240821,0.4374692404440313,8.405779887344275,8.25664598316686,8.213049419962278,22.115424149257414,3.3357029583857387,22.49459791591479,22.119769343946192,21.906948778655806,25.06247230432578
MG,,MG,2015,12,"1,2,3,4,5,6,7,8,9,10,11,12",219775.0,81.0,62791.0,927.0,219775.0,7846.0,8058.0,991.0,332.0,7846.0,1755.0,1774.0,26.0,42.0,1755.0,4517.0,4587.0,212.0,159.0,4517.0,8322.0,35.70014787851211,15.78251660269784,36.66477078830622,35.7133103316431,35.20574381555044,7.985439654191787,0.414072080393687,8.071891707428051,7.988383842981602,7.922276301658425,20.552838129905584,3.3762800401331403,20.871345694460242,20.5604158511384,20.375312222858827,28.570583551359345
MG,,MG,2016,12,"1,2,3,4,5,6,7,8,9,10,11,12",213033.0,76.0,57400.0,901.0,213033.0,8302.0,8452.0,1085.0,311.0,8302.0,1759.0,1775.0,52.0,23.0,1759.0,4565.0,4616.0,236.0,129.0,4565.0,8905.0,38.970488140335064,18.902439024390244,39.67460440401253,38.984395910911594,38.16691296296738,8.25693671872433,0.9059233449477352,8.332042453516591,8.259883450649662,8.219060907868462,21.42860495791732,4.111498257839721,21.668004487567654,21.436252388979934,21.18781364001944,26.944182356724074
MG,,MG,2017,12,"1,2,3,4,5,6,7,8,9,10,11,12",215741.0,55.0,58551.0,906.0,215741.0,8414.0,8626.0,1116.0,323.0,8414.0,1866.0,1879.0,112.0,36.0,1866.0,4600.0,4654.0,301.0,135.0,4600.0,8834.0,39.00046815394385,19.060306399549113,39.98312791727117,39.01041328598055,37.94325983238721,8.64925999230559,1.912862290994176,8.70951743062283,8.651465556410708,8.590607054693406,21.321862789177764,5.140817407046848,21.57216291757246,21.327299871108927,20.93435764234742,27.13948669932929
MG,,MG,2018,12,"1,2,3,4,5,6,7,8,9,10,11,12",218936.0,77.0,56674.0,930.0,218936.0,7944.0,8229.0,1041.0,339.0,7944.0,1800.0,1812.0,89.0,40.0,1800.0,4464.0,4505.0,330.0,153.0,4464.0,8391.0,36.28457631453941,18.36821117267177,37.58632659772719,36.29734212438145,35.072434877126554,8.221580735922826,1.5703850089988354,8.276391274162313,8.224473291022987,8.06916619591773,20.38952022508861,5.822775876063098,20.57678956407352,20.39669376173701,19.979766646506288,25.88610370153835
MG,,MG,2019,12,"1,2,3,4,5,6,7,8,9,10,11,12",219768.0,96.0,27289.0,1034.0,219768.0,8371.0,9022.0,341.0,364.0,8371.0,1979.0,2007.0,36.0,48.0,1979.0,4689.0,4778.0,132.0,173.0,4689.0,8810.0,38.090167813330424,12.49587745978233,41.052382512467695,38.106813795112714,36.53344630284723,9.004950675257545,1.3192128696544396,9.132357759091406,9.008885975454314,8.778344329401975,21.336136289177677,4.837113855399611,21.741108805649596,21.34546050475254,20.726638149343096,12.41718539550799
MG,,MG,2020,12,"1,2,3,4,5,6,7,8,9,10,11,12",206015.0,70.0,22952.0,915.0,206015.0,7251.0,7811.0,237.0,305.0,7251.0,1379.0,1401.0,6.0,38.0,1379.0,3754.0,3841.0,78.0,123.0,3754.0,7637.0,35.19646627672742,10.325897525270129,37.91471494794068,35.208429435043335,33.84721934338696,6.693687352862655,0.2614151272220286,6.800475693517463,6.695962514263517,6.5597286376334285,18.221974128097468,3.3983966538863717,18.644273475232385,18.228167714681103,17.80820170538668,11.140936339586924
MG,,MG,2021,12,"1,2,3,4,5,6,7,8,9,10,11,12",203053.0,103.0,25932.0,1044.0,203053.0,7047.0,7677.0,375.0,303.0,7047.0,1420.0,1461.0,15.0,43.0,1420.0,3905.0,4027.0,126.0,154.0,3905.0,7460.0,34.70522474427859,14.460897732531235,37.80786297173644,34.72283813747229,33.24244333440533,6.9932480682383416,0.5784359093012494,7.195165794152266,6.99679724069968,6.88599873906683,19.23143218765544,4.858861638130495,19.832260542813945,19.241192411924118,18.72175833309772,12.771049922926526
MG,,MG,2022,12,"1,2,3,4,5,6,7,8,9,10,11,12",197668.0,66.0,31704.0,1037.0,197668.0,7260.0,7873.0,547.0,284.0,7260.0,1452.0,1477.0,11.0,49.0,1452.0,3827.0,3924.0,119.0,152.0,3827.0,7718.0,36.7282514114576,17.253343426696947,39.829410931460835,36.74051882065971,34.96268109918956,7.345650282291519,0.34695937421145595,7.472124977234555,7.348103764131942,7.205580618703623,19.36074630187992,3.7534695937421145,19.8514681182589,19.367212882460702,18.809041682430024,16.03901491389603
MG,,MG,2023,12,"1,2,3,4,5,6,7,8,9,10,11,12",198418.0,76.0,41717.0,1124.0,198418.0,7196.0,8008.0,684.0,302.0,7196.0,1404.0,1442.0,23.0,52.0,1404.0,3885.0,3994.0,171.0,189.0,3885.0,7669.0,36.26687094920824,16.396193398374763,40.35924160106442,36.28076756309808,34.48492324929908,7.075970930056749,0.5513339885418415,7.267485812779083,7.078682276068609,6.943445247199354,19.57987682569122,4.099048349593691,20.129222147184226,19.587379375018905,19.035707552830978,21.024806217177876
MG,,MG,2024,12,"1,2,3,4,5,6,7,8,9,10,11,12",191696.0,67.0,41378.0,1130.0,191696.0,7084.0,7889.0,824.0,315.0,7084.0,1529.0,1560.0,32.0,41.0,1529.0,3840.0,3933.0,173.0,183.0,3840.0,7628.0,36.95434437859945,19.913963942191504,41.15370169434939,36.96726487118338,35.41783212829985,7.976170603455471,0.7733578229977283,8.137884984558886,7.9789593433144255,7.904932924960958,20.031716885068025,4.180965730581469,20.516860028378265,20.038720652928316,19.53884232066748,21.58521826224856
MG,,MG,2025,12,"1,2,3,4,5,6,7,8,9,10,11,12",195623.0,62.0,54319.0,1257.0,195623.0,7407.0,8422.0,904.0,366.0,7407.0,1809.0,1846.0,34.0,66.0,1809.0,4070.0,4200.0,214.0,207.0,4070.0,8146.0,37.86364589030942,16.642427143356837,43.05219733875874,37.87565005292466,36.56172577415617,9.247378886940696,0.6259319943297925,9.436518200825056,9.250310644760459,9.155383470831536,20.805324527279513,3.9396896113698707,21.469868062548883,20.811920577211204,20.479412651071446,27.7671848402284
PA,,PA,2002,12,"1,2,3,4,5,6,7,8,9,10,11,12",137352.0,50.0,841.0,91.0,137352.0,3571.0,3581.0,30.0,24.0,3571.0,3415.0,3415.0,142.0,11.0,3415.0,4677.0,4685.0,157.0,31.0,4677.0,5530.0,25.99889335430136,35.6718192627824,26.07169899236997,26.00836113093764,27.786888180663848,24.86312540043101,168.84661117717005,24.86312540043101,24.872179574951566,25.996926578057224,34.05119692468985,186.68252080856124,34.10944143514474,34.063597034274814,36.10963562607567,0.6122954161570272
PA,,PA,2003,12,"1,2,3,4,5,6,7,8,9,10,11,12",139305.0,42.0,6920.0,109.0,139305.0,4631.0,4646.0,103.0,35.0,4631.0,2997.0,3002.0,170.0,2.0,2997.0,4454.0,4465.0,196.0,27.0,4454.0,5639.0,33.24360216790496,14.884393063583815,33.35127956641901,33.253628027545005,35.37684836259702,21.51394422310757,24.566473988439306,21.54983668927892,21.52043256284871,22.10596773112561,31.973008865439144,28.32369942196532,32.051972291016114,31.982651529839224,33.510187847942326,4.967517318114927
PA,,PA,2004,12,"1,2,3,4,5,6,7,8,9,10,11,12",138046.0,47.0,11241.0,111.0,138046.0,4901.0,4902.0,172.0,38.0,4901.0,3039.0,3039.0,148.0,5.0,3039.0,4657.0,4657.0,193.0,29.0,4657.0,5757.0,35.502658534111816,15.301129792723067,35.50990249626936,35.51475010688483,37.28052841226707,22.014400996769194,13.166088426296593,22.014400996769194,22.021898709410937,22.71895513781697,33.735131767671646,17.169290988346233,33.735131767671646,33.74662135232864,35.068853182107034,8.142937861292612
PA,,PA,2005,12,"1,2,3,4,5,6,7,8,9,10,11,12",143853.0,67.0,11965.0,163.0,143853.0,5416.0,5419.0,139.0,47.0,5416.0,3814.0,3814.0,45.0,18.0,3814.0,5553.0,5554.0,71.0,50.0,5553.0,6918.0,37.64954502165405,11.617216882574175,37.67039964408111,37.6670885899879,40.04328278699208,26.513176645603497,3.760969494358546,26.513176645603497,26.52553099745455,27.611871136673344,38.601906112489836,5.933974091099039,38.608857653298855,38.619893452770086,40.61850365914971,8.317518577992812
PA,,PA,2006,12,"1,2,3,4,5,6,7,8,9,10,11,12",140810.0,45.0,15578.0,152.0,140810.0,5226.0,5235.0,142.0,48.0,5226.0,2498.0,2499.0,36.0,5.0,2498.0,4202.0,4204.0,67.0,36.0,4202.0,5796.0,37.11384134649528,9.115419180896136,37.17775726155813,37.125705963840446,39.134893308579635,17.740217314111213,2.31095134163564,17.74731908245153,17.745888537633643,18.323525668973126,29.841630566010938,4.300937219155219,29.85583410269157,29.851170390366924,31.32266079989851,11.063134720545415
PA,,PA,2007,12,"1,2,3,4,5,6,7,8,9,10,11,12",141175.0,44.0,18839.0,152.0,141175.0,4481.0,4485.0,192.0,54.0,4481.0,2219.0,2219.0,29.0,14.0,2219.0,3896.0,3897.0,89.0,48.0,3896.0,5426.0,31.740747299451037,10.191623759222889,31.769080927926332,31.7506430196059,33.88592651294909,15.718080396670798,1.5393598386326237,15.718080396670798,15.722980776725171,16.12556125328589,27.596954134938905,4.724242263389777,27.60403754205773,27.605557956791916,28.996522844850958,13.344430671152825
PA,,PA,2008,12,"1,2,3,4,5,6,7,8,9,10,11,12",137794.0,41.0,28194.0,123.0,137794.0,4797.0,4802.0,479.0,40.0,4797.0,1401.0,1401.0,23.0,2.0,1401.0,3397.0,3399.0,212.0,34.0,3397.0,4968.0,34.81283655311552,16.989430375257147,34.849122603306384,34.82319804287384,36.91338216263376,10.167351263480267,0.8157764063275874,10.167351263480267,10.170377414647957,10.430301347592552,24.652742499673426,7.519330353976024,24.66725691974977,24.66007999825775,26.191661708838343,20.460977981624744
PA,,PA,2009,12,"1,2,3,4,5,6,7,8,9,10,11,12",134007.0,46.0,31134.0,137.0,134007.0,4542.0,4560.0,632.0,54.0,4542.0,1178.0,1181.0,16.0,3.0,1178.0,2925.0,2931.0,233.0,29.0,2925.0,4798.0,33.89375181893483,20.299351191623305,34.028073160357295,33.90539037481058,35.65986446955154,8.790585566425634,0.5139076251043875,8.812972456662711,8.79360410865849,8.984778737261678,21.827217981150238,7.483779790582643,21.871991761624393,21.834713088137594,22.868231891501882,23.233114688038686
PA,,PA,2010,12,"1,2,3,4,5,6,7,8,9,10,11,12",130093.0,50.0,28567.0,168.0,130093.0,4548.0,4556.0,562.0,71.0,4548.0,1109.0,1110.0,10.0,6.0,1109.0,2935.0,2941.0,179.0,35.0,2935.0,4779.0,34.95960582045152,19.67304932264501,35.021100289792685,34.973047376636956,36.771718446367075,8.524670812418808,0.35005425841005355,8.532357621086453,8.527948447821105,8.73836455572675,22.560783439539406,6.265971225539959,22.60690429154528,22.569457794729434,23.811836218623156,21.958906320862766
PA,,PA,2011,12,"1,2,3,4,5,6,7,8,9,10,11,12",128291.0,40.0,29075.0,149.0,128291.0,4816.0,4823.0,487.0,56.0,4816.0,1102.0,1105.0,3.0,2.0,1102.0,3274.0,3278.0,195.0,37.0,3274.0,5063.0,37.53965593845243,16.749785038693034,37.59421939185134,37.551364121917175,39.586505116036705,8.589846520800368,0.10318142734307825,8.613230857971331,8.592525594342344,8.851006205243806,25.520106632577498,6.706792777300086,25.55128574880545,25.52806605796446,26.71680089227831,22.663320108191535
PA,,PA,2012,12,"1,2,3,4,5,6,7,8,9,10,11,12",121799.0,49.0,35796.0,133.0,121799.0,4836.0,4846.0,611.0,47.0,4836.0,977.0,977.0,6.0,3.0,977.0,2921.0,2924.0,237.0,27.0,2921.0,5063.0,39.70475948078391,17.068946250977763,39.786861961099845,39.72073921971253,41.407192619261686,8.021412326866395,0.16761649346295676,8.021412326866395,8.02464065708419,8.015626239591349,23.982134500283255,6.620851491786792,24.006765244378034,23.991786447638603,24.76260206577634,29.389403853890425
PA,,PA,2013,12,"1,2,3,4,5,6,7,8,9,10,11,12",127986.0,56.0,28372.0,153.0,127986.0,5196.0,5210.0,481.0,63.0,5196.0,1060.0,1063.0,3.0,5.0,1060.0,3394.0,3404.0,159.0,43.0,3394.0,5426.0,40.59819042707796,16.953334273227124,40.70757739127717,40.61596185413898,41.91210098265886,8.282155860797275,0.10573805160016918,8.305595924554249,8.285781286641132,8.347177583067905,26.518525463722593,5.604116734808967,26.596659009579174,26.530133666849057,27.293516200898075,22.168049630428328
PA,,PA,2014,12,"1,2,3,4,5,6,7,8,9,10,11,12",127506.0,41.0,20396.0,146.0,127506.0,5420.0,5445.0,311.0,46.0,5420.0,1189.0,1195.0,0.0,8.0,1189.0,3367.0,3375.0,106.0,31.0,3367.0,5703.0,42.50780355434254,15.248087860364777,42.703872758928995,42.521476483740635,44.35662613884826,9.325051370131602,0.0,9.37210797923235,9.328050837484799,9.482272794201076,26.406600473703197,5.197097470092175,26.469342619170863,26.41509433962264,27.21698699800548,15.996109986981004
PA,,PA,2015,12,"1,2,3,4,5,6,7,8,9,10,11,12",130866.0,27.0,19940.0,172.0,130866.0,5370.0,5385.0,285.0,67.0,5370.0,1264.0,1267.0,9.0,9.0,1264.0,3279.0,3292.0,106.0,44.0,3279.0,5601.0,41.03434047040484,14.292878635907723,41.14896153317134,41.04280833696375,42.62952172393413,9.658734889123226,0.45135406218655966,9.681659101676525,9.66072807037657,9.774363121544164,25.05616432075558,5.315947843530592,25.15550257515321,25.061334923073396,25.85512533735738,15.236959943759265
PA,,PA,2016,12,"1,2,3,4,5,6,7,8,9,10,11,12",124243.0,50.0,17017.0,158.0,124243.0,4660.0,4670.0,325.0,48.0,4660.0,1061.0,1062.0,2.0,7.0,1061.0,2706.0,2711.0,81.0,29.0,2706.0,4893.0,37.50714325958002,19.098548510313215,37.587630691467524,37.522243604712024,39.00699250839169,8.539716523264893,0.11752952929423517,8.547765266453643,8.543154606137222,8.555964140463624,21.779899068760415,4.759945936416525,21.820142784704167,21.78866763827269,22.28109519997761,13.696546284297707
PA,,PA,2017,12,"1,2,3,4,5,6,7,8,9,10,11,12",130135.0,83.0,20578.0,176.0,130135.0,5901.0,5909.0,559.0,62.0,5901.0,1016.0,1017.0,10.0,4.0,1016.0,3026.0,3030.0,150.0,39.0,3026.0,6152.0,45.3452184270181,27.164933424045095,45.406693049525494,45.37415802909605,46.60602499402858,7.807277058439313,0.4859558752065313,7.814961386252738,7.812259711500015,7.76385112253405,23.2527759634226,7.2893381280979685,23.2835132746763,23.267616030510872,23.700492122567297,15.812809774464979
PA,,PA,2018,12,"1,2,3,4,5,6,7,8,9,10,11,12",133402.0,63.0,22869.0,299.0,133402.0,6107.0,6113.0,473.0,141.0,6107.0,1001.0,1003.0,11.0,11.0,1001.0,2824.0,2830.0,125.0,68.0,2824.0,6267.0,45.77892385421508,20.683020683020683,45.82390069114406,45.80055347647725,46.98542025798974,7.503635627651759,0.481000481000481,7.518627906628087,7.507180944809845,7.528597417183875,21.169097914573996,5.465914556823647,21.214074751502977,21.17909988825475,21.468788583887456,17.142921395481327
PA,,PA,2019,12,"1,2,3,4,5,6,7,8,9,10,11,12",131185.0,87.0,11750.0,359.0,131185.0,5960.0,5963.0,189.0,143.0,5960.0,1090.0,1091.0,4.0,9.0,1090.0,2803.0,2804.0,112.0,71.0,2803.0,6119.0,45.43202347829401,16.085106382978722,45.454891946487784,45.46217333597767,46.30501520862775,8.30887677707055,0.3404255319148936,8.316499599801807,8.31439076111001,8.322252222336123,21.36677211571445,9.53191489361702,21.374394938445707,21.380951654487482,21.569340588115292,8.956816709227427
PA,,PA,2020,12,"1,2,3,4,5,6,7,8,9,10,11,12",125252.0,62.0,7904.0,666.0,125252.0,5726.0,5729.0,98.0,317.0,5726.0,964.0,968.0,0.0,15.0,964.0,2491.0,2497.0,59.0,83.0,2491.0,5855.0,45.71583687286431,12.398785425101215,45.7397885862102,45.73847751417845,46.633223446952975,7.696483888480823,0.0,7.7284195062753485,7.70029555076284,7.762997913945063,19.887905981541213,7.4645748987854255,19.935809408233002,19.897755411774103,20.10520396414464,6.310478076198384
PA,,PA,2021,12,"1,2,3,4,5,6,7,8,9,10,11,12",131615.0,87.0,8051.0,880.0,131615.0,6146.0,6151.0,203.0,380.0,6146.0,918.0,919.0,2.0,10.0,918.0,2552.0,2555.0,60.0,104.0,2552.0,6230.0,46.69680507540934,25.214259098248665,46.73479466626144,46.72769296271516,47.392365821687584,6.974888880446757,0.24841634579555336,6.982486798617179,6.9795024633538105,6.997718742302622,19.38988717091517,7.452490373866601,19.412680925426432,19.4027127303692,19.55687792535306,6.117083919006192
PA,,PA,2022,12,"1,2,3,4,5,6,7,8,9,10,11,12",127630.0,66.0,9106.0,980.0,127630.0,6749.0,6757.0,256.0,474.0,6749.0,954.0,960.0,8.0,13.0,954.0,2555.0,2562.0,63.0,140.0,2555.0,6848.0,52.87941706495338,28.113331869097298,52.94209825276189,52.90677620645323,53.35876960447191,7.474731646164694,0.8785416209092906,7.521742537021076,7.478598977768022,7.4867728402010085,20.018804356342553,6.918515264660663,20.073650395675,20.029161832491926,20.116519994863157,7.134686202303533
PA,,PA,2023,12,"1,2,3,4,5,6,7,8,9,10,11,12",127592.0,78.0,10500.0,822.0,127592.0,6462.0,6466.0,386.0,391.0,6462.0,1038.0,1038.0,13.0,26.0,1038.0,2531.0,2534.0,113.0,108.0,2531.0,6560.0,50.645808514640414,36.76190476190476,50.677158442535585,50.676788431074236,50.87032733413224,8.135306288795535,1.2380952380952381,8.135306288795535,8.140282635632166,8.155013791779238,19.836666875666186,10.761904761904763,19.86017932158756,19.848800915977854,19.916125619046856,8.229356072481034
PA,,PA,2024,12,"1,2,3,4,5,6,7,8,9,10,11,12",121445.0,51.0,9703.0,980.0,121445.0,6016.0,6019.0,300.0,442.0,6016.0,1043.0,1044.0,9.0,26.0,1043.0,2487.0,2488.0,120.0,102.0,2487.0,6135.0,49.53682737041459,30.918272699165207,49.56152991065915,49.55763876303607,49.49383576568141,8.588249825023674,0.9275481809749562,8.596484005105191,8.591857917195249,8.582572249173804,20.478405862736217,12.367309079666082,20.486640042817736,20.48700924263143,20.490019561241734,7.989624933097287
PA,,PA,2025,12,"1,2,3,4,5,6,7,8,9,10,11,12",125418.0,67.0,9545.0,1402.0,125418.0,6359.0,6371.0,269.0,593.0,6359.0,1134.0,1138.0,21.0,26.0,1134.0,2583.0,2590.0,65.0,125.0,2583.0,6629.0,50.70245100384315,28.18229439497119,50.79813104976957,50.72955141961373,50.61672927952537,9.041764340046884,2.2001047668936615,9.073657688689025,9.046597155188232,9.041850458052533,20.595129885662345,6.80984808800419,20.65094324578609,20.606137964595415,20.61680185060385,7.61055031973082
PB,,PB,2002,12,"1,2,3,4,5,6,7,8,9,10,11,12",57206.0,14.0,570.0,152.0,57206.0,853.0,857.0,1.0,33.0,853.0,151.0,228.0,1.0,5.0,151.0,640.0,717.0,1.0,24.0,640.0,859.0,14.911023319232248,1.7543859649122806,14.980946054609657,14.914673380892433,15.26300513010023,2.6395832604971505,1.7543859649122806,3.985595916512254,2.640229402713666,2.681436633705273,11.187637660385274,1.7543859649122806,12.533650316400378,11.190376276402294,11.433661056125581,0.9963989791280635
PB,,PB,2003,12,"1,2,3,4,5,6,7,8,9,10,11,12",56774.0,14.0,2310.0,131.0,56774.0,1324.0,1328.0,35.0,31.0,1324.0,113.0,184.0,3.0,1.0,113.0,972.0,1043.0,35.0,15.0,972.0,1324.0,23.32053404727516,15.151515151515152,23.390988832916477,23.32628611698379,23.81200757661727,1.9903476943671399,1.2987012987012987,3.2409201395004756,1.9908386187455955,2.02037830287642,17.12051291083947,15.151515151515152,18.371085355972806,17.12473572938689,17.43692916630077,4.068763870785923
PB,,PB,2004,12,"1,2,3,4,5,6,7,8,9,10,11,12",58699.0,10.0,4384.0,110.0,58699.0,1644.0,1648.0,56.0,20.0,1644.0,170.0,213.0,7.0,0.0,170.0,1304.0,1347.0,56.0,13.0,1304.0,1649.0,28.007291435969947,12.773722627737227,28.075435697371336,28.012063589429022,28.438686703158382,2.896131109558936,1.5967153284671534,3.6286819196238436,2.89662458041541,2.90531326683388,22.215029216852077,12.773722627737227,22.947580026916985,22.218814428598204,22.580677427629745,7.468611049591987
PB,,PB,2005,12,"1,2,3,4,5,6,7,8,9,10,11,12",60980.0,15.0,6322.0,160.0,60980.0,2233.0,2236.0,117.0,57.0,2233.0,186.0,232.0,10.0,3.0,186.0,1674.0,1720.0,108.0,33.0,1674.0,2234.0,36.61856346343063,18.506801645049034,36.667759921285665,36.6275731977364,37.05551528342163,3.0501803870121353,1.5817779183802594,3.804526074122663,3.0509308619699826,3.029320567756025,27.451623483109216,17.0832015185068,28.205969170219745,27.458377757729846,27.651036945536283,10.367333551984258
PB,,PB,2006,12,"1,2,3,4,5,6,7,8,9,10,11,12",55629.0,14.0,7768.0,116.0,55629.0,1985.0,1986.0,175.0,48.0,1985.0,165.0,184.0,11.0,3.0,165.0,1558.0,1577.0,147.0,22.0,1558.0,1988.0,35.68282730230635,22.52832131822863,35.70080353772313,35.691809763552996,36.21404653993404,2.966078843768538,1.416065911431514,3.3076273166873396,2.9668254967185113,2.9909204962198017,28.00697477934171,18.92378990731205,28.348523252260513,28.014024993257216,28.298431103807072,13.963939671753941
PB,,PB,2007,12,"1,2,3,4,5,6,7,8,9,10,11,12",54513.0,11.0,7557.0,115.0,54513.0,1809.0,1814.0,113.0,36.0,1809.0,214.0,215.0,7.0,1.0,214.0,1373.0,1374.0,68.0,13.0,1373.0,1810.0,33.184744923229324,14.953023686648141,33.27646616403427,33.191442515870975,33.62591268641707,3.925669106451672,0.9262935027127167,3.944013354612661,3.9264614142600274,4.026841707758325,25.186652725038066,8.99827974063782,25.204996973199055,25.19173608307952,25.508810749840976,13.862748335259479
PB,,PB,2008,12,"1,2,3,4,5,6,7,8,9,10,11,12",54268.0,15.0,13276.0,126.0,54268.0,1960.0,1960.0,252.0,52.0,1960.0,270.0,270.0,10.0,2.0,270.0,1472.0,1472.0,121.0,44.0,1472.0,1979.0,36.117048721161645,18.98162097017174,36.117048721161645,36.12703444970785,36.34261361277355,4.9753077319967565,0.7532389273877674,4.9753077319967565,4.976683317051592,5.0432966510463695,27.124640672219357,9.114191021391985,27.124640672219357,27.132140158147937,27.295037194737628,24.463772388884795
PB,,PB,2009,12,"1,2,3,4,5,6,7,8,9,10,11,12",56225.0,15.0,13568.0,120.0,56225.0,2493.0,2494.0,303.0,42.0,2493.0,317.0,317.0,18.0,3.0,317.0,2064.0,2064.0,206.0,31.0,2064.0,2510.0,44.33970653623833,22.33195754716981,44.357492218763895,44.35153887208682,44.5697985456171,5.638061360604714,1.3266509433962264,5.638061360604714,5.639565913538516,5.64137759630234,36.70964873277012,15.182783018867925,36.70964873277012,36.71944493862302,36.81195955272697,24.131614050689194
PB,,PB,2010,12,"1,2,3,4,5,6,7,8,9,10,11,12",52760.0,12.0,16765.0,68.0,52760.0,2781.0,2782.0,1124.0,19.0,2781.0,257.0,257.0,54.0,1.0,257.0,2315.0,2315.0,1020.0,15.0,2315.0,2792.0,52.710386656558,67.0444378168804,52.72934040940106,52.722378099643585,52.952941487704244,4.871114480667172,3.2209961228750372,4.871114480667172,4.872222643512551,4.868649736306843,43.87793783169067,60.84103787652848,43.87793783169067,43.88791992113445,44.01885455395273,31.775966641394998
PB,,PB,2011,12,"1,2,3,4,5,6,7,8,9,10,11,12",50197.0,15.0,14729.0,154.0,50197.0,1295.0,1297.0,358.0,56.0,1295.0,189.0,189.0,28.0,3.0,189.0,877.0,877.0,301.0,51.0,877.0,1301.0,25.798354483335658,24.305791296082557,25.83819750184274,25.806065920051015,25.900597960443342,3.765165248919258,1.9010116097494738,3.765165248919258,3.7662907018452834,3.74745463903385,17.4711636153555,20.435874804806843,17.4711636153555,17.47638595512335,17.511160819966385,29.34239097954061
PB,,PB,2012,12,"1,2,3,4,5,6,7,8,9,10,11,12",47723.0,10.0,16150.0,304.0,47723.0,1217.0,1217.0,389.0,153.0,1217.0,215.0,215.0,51.0,11.0,215.0,947.0,947.0,333.0,119.0,947.0,1224.0,25.50133059531044,24.08668730650155,25.50133059531044,25.506675329574747,25.580267438104002,4.50516522431532,3.1578947368421053,4.50516522431532,4.506109446062918,4.535070830941112,19.84368124384469,20.61919504643963,19.84368124384469,19.84784021126318,19.89634812217958,33.8411248245081
PB,,PB,2013,12,"1,2,3,4,5,6,7,8,9,10,11,12",47036.0,9.0,12931.0,282.0,47036.0,1392.0,1392.0,268.0,129.0,1392.0,225.0,225.0,19.0,7.0,225.0,1150.0,1150.0,187.0,110.0,1150.0,1402.0,29.594353261331747,20.72538860103627,29.594353261331747,29.60001701150403,29.63891375061461,4.783570031465261,1.4693372515660041,4.783570031465261,4.784485508325004,4.816665262489087,24.449357938600222,14.461371896991725,24.449357938600222,24.454037042550024,24.51081805036553,27.49170847861213
PB,,PB,2014,12,"1,2,3,4,5,6,7,8,9,10,11,12",48329.0,7.0,8246.0,266.0,48329.0,1354.0,1355.0,88.0,112.0,1354.0,261.0,262.0,7.0,11.0,261.0,1133.0,1134.0,70.0,102.0,1133.0,1362.0,28.01630491009539,10.671840892553966,28.036996420368723,28.02036339555482,27.91824849566176,5.400484181340396,0.8488964346349746,5.421175691613731,5.401266503869873,5.4004486994810526,23.443481139688387,8.488964346349745,23.46417264996172,23.44687719879144,23.341503875021736,17.06221937139192
PB,,PB,2015,12,"1,2,3,4,5,6,7,8,9,10,11,12",46958.0,20.0,7690.0,219.0,46958.0,1343.0,1343.0,45.0,89.0,1343.0,260.0,260.0,9.0,9.0,260.0,1074.0,1074.0,38.0,73.0,1074.0,1362.0,28.600025554751053,5.851755526657997,28.600025554751053,28.612211853934976,28.35097077609449,5.536862728395588,1.1703511053315996,5.536862728395588,5.539221952362691,5.484393736379026,22.871502193449466,4.9414824447334205,22.871502193449466,22.881247603221272,22.66377030154032,16.37633630052387
PB,,PB,2016,12,"1,2,3,4,5,6,7,8,9,10,11,12",45580.0,20.0,6947.0,199.0,45580.0,1360.0,1360.0,15.0,72.0,1360.0,236.0,236.0,3.0,11.0,236.0,975.0,975.0,11.0,56.0,975.0,1378.0,29.8376480912681,2.159205412408234,29.8376480912681,29.850746268656717,29.596234006423792,5.177709521720053,0.43184108248164677,5.177709521720053,5.179982440737489,5.166753075778028,21.390960947784116,1.5834173024327047,21.390960947784116,21.40035118525022,21.22904064305948,15.241333918385257
PB,,PB,2017,12,"1,2,3,4,5,6,7,8,9,10,11,12",50121.0,17.0,9323.0,285.0,50121.0,1604.0,1604.0,101.0,104.0,1604.0,230.0,230.0,5.0,14.0,230.0,834.0,834.0,8.0,28.0,834.0,1671.0,32.00255381975619,10.833422718009224,32.00255381975619,32.01341210282612,31.63876178392274,4.588894874403943,0.5363080553469913,4.588894874403943,4.590451860130928,4.562671765529625,16.6397318489256,0.8580928885551861,16.6397318489256,16.645377614561713,16.497773323314295,18.600985614812153
PB,,PB,2018,12,"1,2,3,4,5,6,7,8,9,10,11,12",51608.0,19.0,9858.0,285.0,51608.0,1816.0,1820.0,156.0,111.0,1816.0,222.0,226.0,3.0,7.0,222.0,729.0,733.0,7.0,26.0,729.0,1835.0,35.188342892574795,15.824710894704808,35.265850255774296,35.20130260326814,34.44132818221273,4.301658657572469,0.30432136335970783,4.379166020771973,4.303242939386303,4.329950361208811,14.125716943109595,0.7100831811726517,14.2032243063091,14.130919382038806,13.96383105638029,19.10168966051775
PB,,PB,2019,12,"1,2,3,4,5,6,7,8,9,10,11,12",52018.0,19.0,2534.0,524.0,52018.0,2004.0,2005.0,56.0,211.0,2004.0,277.0,278.0,0.0,12.0,277.0,650.0,651.0,1.0,48.0,650.0,2029.0,38.52512591795148,22.099447513812155,38.544350032680995,38.539202676974554,37.3456337696591,5.325079780076128,0.0,5.344303894805644,5.327025519721533,5.196932481039341,12.495674574185859,0.39463299131807417,12.514898688915375,12.500240389238254,12.209274016127495,4.871390672459533
PB,,PB,2020,12,"1,2,3,4,5,6,7,8,9,10,11,12",49324.0,21.0,1990.0,401.0,49324.0,2065.0,2065.0,0.0,164.0,2065.0,327.0,327.0,0.0,6.0,327.0,733.0,734.0,0.0,35.0,733.0,2090.0,41.866028708133975,0.0,41.866028708133975,41.88386102265582,40.525670345086546,6.629632633200876,0.0,6.629632633200876,6.632456442812811,6.4630598661518475,14.860919633444166,0.0,14.881193739356094,14.867249457436667,14.38453338189353,4.0345470764739275
PB,,PB,2021,12,"1,2,3,4,5,6,7,8,9,10,11,12",48501.0,27.0,2243.0,428.0,48501.0,2234.0,2235.0,0.0,176.0,2234.0,363.0,364.0,0.0,10.0,363.0,770.0,771.0,1.0,41.0,770.0,2281.0,46.06090596070184,0.0,46.081524092286756,46.08656186821801,44.582499376413224,7.484381765324426,0.0,7.504999896909342,7.488550563188514,7.2069265496051225,15.875961320385146,0.44583147570218457,15.896579451970062,15.88480422494533,15.415521654089838,4.6246469144966085
PB,,PB,2022,12,"1,2,3,4,5,6,7,8,9,10,11,12",47026.0,11.0,3071.0,662.0,47026.0,2824.0,2829.0,1.0,357.0,2824.0,229.0,230.0,0.0,13.0,229.0,991.0,995.0,1.0,82.0,991.0,2849.0,60.05188619061796,0.32562683165092804,60.15821035172033,60.06593640327555,57.70379777405816,4.869646578488496,0.0,4.890911410708969,4.87078591938743,4.649196311730489,21.073448730489517,0.32562683165092804,21.15850805937141,21.07837924066787,20.380000250445654,6.530429974907498
PB,,PB,2023,12,"1,2,3,4,5,6,7,8,9,10,11,12",47891.0,9.0,2616.0,1074.0,47891.0,3435.0,3436.0,19.0,639.0,3435.0,237.0,237.0,0.0,9.0,237.0,826.0,827.0,19.0,119.0,826.0,3465.0,71.7253763755194,7.2629969418960245,71.74625712555596,71.73885802598053,69.10374154184345,4.948737758660291,0.0,4.948737758660291,4.9496679336702725,4.696430660560481,17.247499530183124,7.2629969418960245,17.268380280219667,17.25074140595631,16.68402452132714,5.462404209559208
PB,,PB,2024,12,"1,2,3,4,5,6,7,8,9,10,11,12",49331.0,16.0,2066.0,1376.0,49331.0,3417.0,3417.0,11.0,775.0,3417.0,238.0,239.0,0.0,14.0,238.0,800.0,801.0,9.0,202.0,800.0,3444.0,69.2667896454562,5.3242981606969995,69.2667896454562,69.28926290175403,66.75604203107333,4.82455251261884,0.0,4.844823741663457,4.82611781405252,4.777565724891214,16.21698323569358,4.356243949661181,16.237254464738196,16.222244753117714,15.86109766371646,4.1880359206178674
PB,,PB,2025,12,"1,2,3,4,5,6,7,8,9,10,11,12",49123.0,28.0,13948.0,1468.0,49123.0,3549.0,3562.0,1417.0,775.0,3549.0,373.0,376.0,28.0,25.0,373.0,947.0,1253.0,303.0,148.0,947.0,3595.0,72.24721617165075,101.59162603957557,72.51185798912933,72.28842040941032,70.5658398495474,7.593184455346782,2.007456266131345,7.654255643995684,7.597515021896323,7.571182220237375,19.27813855016998,21.723544594207056,25.50739979235796,19.289133312964662,18.985815587986345,28.394031309162713
PR,,PR,2002,12,"1,2,3,4,5,6,7,8,9,10,11,12",133123.0,34.0,24466.0,278.0,133123.0,3860.0,3897.0,197.0,47.0,3860.0,1949.0,1962.0,12.0,3.0,1949.0,2914.0,2938.0,113.0,27.0,2914.0,3939.0,28.99574078108216,8.051990517452792,29.27367922898372,29.003148269203315,29.603559092383048,14.640595539463504,0.49047657974331726,14.738249588726216,14.644335745253176,14.798760610504836,21.88953073473404,4.618654459249571,22.069815133372895,21.895122812554007,22.213142793836425,18.378492071242384
PR,,PR,2003,12,"1,2,3,4,5,6,7,8,9,10,11,12",125894.0,33.0,52722.0,217.0,125894.0,4018.0,4046.0,394.0,40.0,4018.0,1827.0,1840.0,17.0,3.0,1827.0,2591.0,2607.0,82.0,19.0,2591.0,4085.0,31.915738637266273,7.47316110921437,32.13814796574896,31.92410675268749,32.572958009871655,14.51220868349564,0.322446037707219,14.615470157434032,14.516013697650584,14.72669861968639,20.580806074951944,1.5553279465877623,20.707897119799195,20.58620223897792,20.94168652575158,41.878087915230275
PR,,PR,2004,12,"1,2,3,4,5,6,7,8,9,10,11,12",123889.0,31.0,56342.0,284.0,123889.0,4334.0,4346.0,374.0,51.0,4334.0,2048.0,2082.0,12.0,6.0,2048.0,2885.0,2923.0,72.0,28.0,2885.0,4359.0,34.98292826643205,6.6380320187426785,35.07978916610837,34.99168402525473,35.798741214445705,16.530926878092487,0.2129849845585886,16.805366093842068,16.53506434788225,16.880742648183986,23.286974630516028,1.2779099073515316,23.593700812824384,23.292803048652488,23.772396782209185,45.477806746361665
PR,,PR,2005,12,"1,2,3,4,5,6,7,8,9,10,11,12",122418.0,32.0,58966.0,251.0,122418.0,4271.0,4278.0,496.0,34.0,4271.0,2130.0,2136.0,16.0,6.0,2130.0,2821.0,2829.0,62.0,17.0,2821.0,4277.0,34.88866016435492,8.411627039310789,34.945841297848354,34.89778242609449,35.67958925188784,17.399402048718326,0.27134280771970287,17.448414448855562,17.403951432353374,17.796129910570052,23.043996797856526,1.0514533799138486,23.10934666470617,23.050022061346887,23.54107131859367,48.167753108203044
PR,,PR,2006,12,"1,2,3,4,5,6,7,8,9,10,11,12",118717.0,29.0,61157.0,232.0,118717.0,3778.0,3813.0,471.0,37.0,3778.0,1692.0,1713.0,20.0,11.0,1692.0,2439.0,2470.0,65.0,26.0,2439.0,3781.0,31.82358044761913,7.701489608712004,32.11839921830909,31.831356160690213,32.49867998149215,14.252381714497503,0.32702715960560524,14.429272976911479,14.255864114316527,14.53051760017717,20.54465662036608,1.062838268718217,20.805781817262904,20.549676462658397,20.922296158969942,51.51494731167398
PR,,PR,2007,12,"1,2,3,4,5,6,7,8,9,10,11,12",114578.0,33.0,59911.0,212.0,114578.0,2570.0,2577.0,427.0,39.0,2570.0,670.0,674.0,20.0,2.0,670.0,1324.0,1328.0,77.0,12.0,1324.0,2578.0,22.430134929916736,7.127238737460567,22.491228682644138,22.4365969706229,22.796593075201343,5.847544903908255,0.33382851229323496,5.882455619752483,5.849229560434764,5.856855047182457,11.555446944439595,1.2852397723289546,11.590357660283825,11.558776026888996,11.64869788385386,52.288397423589174
PR,,PR,2008,12,"1,2,3,4,5,6,7,8,9,10,11,12",108193.0,26.0,58033.0,238.0,108193.0,3620.0,3643.0,923.0,46.0,3620.0,1168.0,1170.0,12.0,8.0,1168.0,3457.0,3465.0,549.0,35.0,3457.0,4587.0,33.4587265349884,15.90474385263557,33.671309604133356,33.46676897759945,33.86572612873433,10.795522815708965,0.2067789016594007,10.814008299982438,10.798117725369105,10.83938734276185,31.95215956670025,9.46013475091758,32.026101503794145,31.95983987722688,32.20941684617112,53.63840544212657
PR,,PR,2009,12,"1,2,3,4,5,6,7,8,9,10,11,12",112016.0,29.0,59143.0,275.0,112016.0,3626.0,3645.0,972.0,59.0,3626.0,1081.0,1081.0,23.0,12.0,1081.0,3269.0,3269.0,548.0,39.0,3269.0,4571.0,32.370375660619914,16.434742911249007,32.539994286530494,32.3787582487253,32.79382218431869,9.650407084702186,0.3888879495460156,9.650407084702186,9.652906140891353,9.73191415063216,29.18333095272104,9.265678102226806,29.18333095272104,29.190888228097904,29.413273598782197,52.79870732752464
PR,,PR,2010,12,"1,2,3,4,5,6,7,8,9,10,11,12",112721.0,32.0,59777.0,302.0,112721.0,3420.0,3444.0,1139.0,79.0,3420.0,634.0,634.0,43.0,5.0,634.0,2626.0,2634.0,597.0,45.0,2626.0,3886.0,30.34039797375822,19.054151262191144,30.553313047258275,30.349013657056144,30.67808938188664,5.624506524959856,0.719340214463757,5.624506524959856,5.626103701337309,5.656263126874082,23.296457625464644,9.98711879150844,23.367429316631327,23.30307305948229,23.488672301383893,53.03093478588728
PR,,PR,2011,12,"1,2,3,4,5,6,7,8,9,10,11,12",114901.0,30.0,60526.0,282.0,114901.0,3676.0,3692.0,1106.0,51.0,3676.0,700.0,700.0,28.0,5.0,700.0,2579.0,2584.0,526.0,41.0,2579.0,4162.0,31.992758983820856,18.273138816376434,32.132009294958266,32.0011142934248,32.30624223334348,6.0922011122618605,0.46261110927535276,6.0922011122618605,6.09379216686544,6.097550943102268,22.445409526461912,8.690480124244127,22.488925248692354,22.45127142620853,22.616485832579865,52.676652074394475
PR,,PR,2012,12,"1,2,3,4,5,6,7,8,9,10,11,12",116353.0,20.0,62589.0,247.0,116353.0,3748.0,3767.0,1005.0,50.0,3748.0,688.0,696.0,28.0,10.0,688.0,2550.0,2562.0,519.0,31.0,2550.0,4113.0,32.21231940732083,16.057134640272253,32.37561558361194,32.217857357757474,32.50954111809341,5.913040488857185,0.44736295515186375,5.981796773611338,5.914057060335416,5.900350218976862,21.916065765386367,8.29219191870776,22.019200192517598,21.919833581185046,22.04959579188392,53.79233883097127
PR,,PR,2013,12,"1,2,3,4,5,6,7,8,9,10,11,12",120308.0,18.0,59687.0,275.0,120308.0,4074.0,4105.0,1074.0,69.0,4074.0,653.0,662.0,19.0,2.0,653.0,2849.0,2860.0,663.0,44.0,2849.0,4442.0,33.863084749143866,17.99386801145978,34.12075672440736,33.86815196608197,34.23051316287358,5.427735478937394,0.31832727394575033,5.502543471755827,5.4285476764485825,5.4547035610277845,23.68088572663497,11.10794645400171,23.7723177178575,23.68442929586832,23.886054134965693,49.61182963726436
PR,,PR,2014,12,"1,2,3,4,5,6,7,8,9,10,11,12",121597.0,23.0,53397.0,290.0,121597.0,3562.0,3595.0,909.0,62.0,3562.0,744.0,749.0,16.0,5.0,744.0,2527.0,2541.0,540.0,44.0,2527.0,3848.0,29.293485859026127,17.02342828248778,29.564874133407898,29.29902775264448,29.467787679243926,6.118572004243526,0.2996423020019851,6.159691439755915,6.11972954743613,6.137549596414729,20.781762707961544,10.112927692566998,20.896897127396237,20.785694309638576,20.86240372333956,43.913089961101015
PR,,PR,2015,12,"1,2,3,4,5,6,7,8,9,10,11,12",124906.0,42.0,53644.0,303.0,124906.0,3202.0,3268.0,661.0,74.0,3202.0,742.0,753.0,28.0,9.0,742.0,2321.0,2384.0,333.0,53.0,2321.0,3566.0,25.635277728852095,12.32197449854597,26.163675083662916,25.64390056381343,25.72524421598814,5.940467231357982,0.5219595854149579,6.028533457159784,5.942465402357765,5.94867187788937,18.581973644180422,6.207590783685035,19.086352937408932,18.588223987698616,18.61302241307853,42.94749651738107
PR,,PR,2016,12,"1,2,3,4,5,6,7,8,9,10,11,12",122154.0,58.0,53216.0,344.0,122154.0,3349.0,3365.0,913.0,75.0,3349.0,691.0,699.0,26.0,10.0,691.0,2098.0,2111.0,353.0,41.0,2098.0,3542.0,27.416212322150727,17.156494287432352,27.547194524943922,27.42923601100773,27.314343766389282,5.6567938831311295,0.4885748647023452,5.722284984527727,5.659481064080723,5.644531001319904,17.175041341257756,6.63334335538184,17.281464381027227,17.18320010483554,17.114651477877313,43.564680649016815
PR,,PR,2017,12,"1,2,3,4,5,6,7,8,9,10,11,12",126000.0,21.0,55153.0,338.0,126000.0,3451.0,3464.0,782.0,95.0,3451.0,737.0,740.0,33.0,8.0,737.0,2109.0,2117.0,305.0,59.0,2109.0,3546.0,27.38888888888889,14.178739143836237,27.49206349206349,27.393454464632995,27.039794405129214,5.849206349206349,0.5983355393178975,5.873015873015873,5.850181379436255,5.81397219129076,16.738095238095237,5.5300708936957195,16.8015873015873,16.740885385659514,16.581923935044735,43.772222222222226
PR,,PR,2018,12,"1,2,3,4,5,6,7,8,9,10,11,12",128126.0,32.0,55241.0,381.0,128126.0,3111.0,3130.0,718.0,102.0,3111.0,696.0,704.0,59.0,6.0,696.0,2021.0,2040.0,325.0,68.0,2021.0,3298.0,24.28078610118165,12.997592367987545,24.429077626711205,24.286851843177665,23.87358370186559,5.432152724661661,1.0680472837204251,5.494591261726738,5.433509766265399,5.38078646203568,15.773535426064967,5.88331130862946,15.921826951594523,15.777475916124096,15.589422268919854,43.11459032514868
PR,,PR,2019,12,"1,2,3,4,5,6,7,8,9,10,11,12",125293.0,27.0,34726.0,419.0,125293.0,2927.0,2946.0,469.0,112.0,2927.0,664.0,672.0,30.0,2.0,664.0,1855.0,1873.0,205.0,70.0,1855.0,3084.0,23.361241250508808,13.505730576513276,23.512885795694892,23.36627656347293,22.92464623200482,5.2995777896610345,0.8639060070264355,5.363428124476227,5.300720067695943,5.302470259380914,14.80529638527292,5.903357714680642,14.948959638607105,14.808487538518033,14.629864832806803,27.715834084904984
PR,,PR,2020,12,"1,2,3,4,5,6,7,8,9,10,11,12",119867.0,23.0,25084.0,350.0,119867.0,2478.0,2500.0,292.0,69.0,2478.0,618.0,621.0,21.0,8.0,618.0,1553.0,1566.0,93.0,43.0,1553.0,2720.0,20.672912477996444,11.640886620953596,20.85644923123128,20.676879943927105,20.177185856059456,5.155714249960373,0.8371870515069367,5.18074198903785,5.156703714829278,5.055901363973535,12.956026262440872,3.707542656673577,13.064479798443275,12.958512733219852,12.647670523668664,20.92652690064822
PR,,PR,2021,12,"1,2,3,4,5,6,7,8,9,10,11,12",118786.0,50.0,28136.0,462.0,118786.0,2480.0,2507.0,380.0,75.0,2480.0,527.0,533.0,20.0,7.0,527.0,1508.0,1532.0,117.0,41.0,1508.0,2686.0,20.877881231794994,13.505828831390389,21.105180745205665,20.88667295512734,20.26963461956695,4.436549761756436,0.7108330963889679,4.487060764736585,4.43841800296456,4.383052893412052,12.695098749010826,4.158373613875462,12.897142760931423,12.700444684004852,12.44494936206055,23.686292997491286
PR,,PR,2022,12,"1,2,3,4,5,6,7,8,9,10,11,12",121774.0,34.0,31416.0,436.0,121774.0,2668.0,2687.0,402.0,79.0,2668.0,577.0,580.0,20.0,16.0,577.0,1636.0,1647.0,130.0,51.0,1636.0,2869.0,21.909438796459014,12.796027501909855,22.065465534514757,21.9155577460161,20.981304588118775,4.738285676745447,0.6366182836771072,4.76292147749109,4.739609002792837,4.54956231254008,13.434723339957626,4.138018843901197,13.52505460935832,13.438475439461147,12.88112604631955,25.798610540837945
PR,,PR,2023,12,"1,2,3,4,5,6,7,8,9,10,11,12",122211.0,33.0,33771.0,476.0,122211.0,2629.0,2641.0,380.0,73.0,2629.0,485.0,486.0,26.0,7.0,485.0,1496.0,1504.0,138.0,57.0,1496.0,2782.0,21.511975190449306,11.252257854372095,21.610166024334962,21.517785526035784,20.77261972148401,3.968546202878628,0.7698913268780907,3.9767287723690994,3.969618098184616,3.828041959169646,12.241123957745211,4.086346273429866,12.306584513668982,12.244430257493166,11.878750895702892,27.633355426270956
PR,,PR,2024,12,"1,2,3,4,5,6,7,8,9,10,11,12",116385.0,38.0,31340.0,448.0,116385.0,2485.0,2500.0,284.0,74.0,2485.0,879.0,883.0,28.0,18.0,879.0,1762.0,1773.0,104.0,51.0,1762.0,3044.0,21.351548739098682,9.061901723037652,21.480431327061048,21.358522351242403,20.51065560636475,7.552519654594664,0.8934269304403318,7.586888344717962,7.554986376958581,7.235768424159919,15.139407999312626,3.318442884492661,15.233921897151696,15.14435266917067,14.532856858502814,26.92786871160373
PR,,PR,2025,12,"1,2,3,4,5,6,7,8,9,10,11,12",121450.0,21.0,34393.0,450.0,121450.0,2793.0,2807.0,326.0,88.0,2793.0,802.0,806.0,20.0,9.0,802.0,1766.0,1777.0,123.0,57.0,1766.0,3272.0,22.997118155619596,9.47867298578199,23.112391930835734,23.001095290251918,22.077205003746844,6.603540551667352,0.5815136801093246,6.636475916014821,6.604682571708571,6.311729065829776,14.540963359407163,3.576309132672346,14.6315356113627,14.543478081842064,13.929624355672098,28.318649650061754
PE,,PE,2002,12,"1,2,3,4,5,6,7,8,9,10,11,12",152172.0,35.0,1138.0,235.0,152172.0,1945.0,1990.0,1.0,13.0,1945.0,775.0,2170.0,0.0,4.0,775.0,1164.0,2567.0,0.0,11.0,1164.0,2012.0,12.78158925426491,0.8787346221441125,13.077307257576953,12.784529733069537,12.963083126223069,5.092921168151828,0.0,14.26017927082512,5.094092824230792,4.967122516178441,7.649239019004811,0.0,16.869069211155796,7.6509987708447,7.668748206415165,0.7478379728202298
PE,,PE,2003,12,"1,2,3,4,5,6,7,8,9,10,11,12",144973.0,46.0,3863.0,770.0,144973.0,2230.0,2246.0,5.0,32.0,2230.0,899.0,1675.0,2.0,14.0,899.0,1198.0,1983.0,3.0,35.0,1198.0,2423.0,15.38217461182427,1.2943308309603936,15.492539990205072,15.38705693211065,15.497904039142494,6.201154697771309,0.5177323323841574,11.553875549240203,6.203122951554921,6.101377241623265,8.263607706262546,0.7765984985762361,13.67840908307064,8.266230585053165,8.214349277249543,2.664634104281487
PE,,PE,2004,12,"1,2,3,4,5,6,7,8,9,10,11,12",138258.0,21.0,4231.0,780.0,138258.0,2436.0,2472.0,1.0,47.0,2436.0,1121.0,1896.0,0.0,31.0,1121.0,1591.0,2361.0,0.0,55.0,1591.0,2777.0,17.619233606735236,0.2363507445048452,17.879616369396345,17.621910197703944,17.92458693176743,8.108029915086288,0.0,13.713492166818556,8.10926163038839,8.151802328250213,11.50747153871747,0.0,17.07676951785792,11.509219673459349,11.675860124008155,3.0602207467199003
PE,,PE,2005,12,"1,2,3,4,5,6,7,8,9,10,11,12",144589.0,23.0,6220.0,648.0,144589.0,3301.0,3338.0,12.0,44.0,3301.0,964.0,1738.0,1.0,9.0,964.0,1508.0,2281.0,2.0,35.0,1508.0,3337.0,22.830229132229977,1.9292604501607717,23.08612688378784,22.83386135052502,23.1386578270813,6.667173851399484,0.1607717041800643,12.0202781677721,6.668234577978224,6.57411033118,10.429562414844836,0.3215434083601286,15.77575057576994,10.431221725716973,10.556815400110812,4.30184868835112
PE,,PE,2006,12,"1,2,3,4,5,6,7,8,9,10,11,12",134829.0,19.0,10831.0,636.0,134829.0,2805.0,2848.0,15.0,31.0,2805.0,1016.0,1946.0,2.0,9.0,1016.0,1620.0,2542.0,4.0,26.0,1620.0,3000.0,20.804129675366575,1.3849136737143384,21.12305216236863,20.80706179066835,21.17433780070532,7.53547085567645,0.18465515649524514,14.433096737348789,7.536532898152956,7.600352007208684,12.015219277751818,0.3693103129904903,18.85351074323773,12.0169126919368,12.30133501536775,8.033138271440121
PE,,PE,2007,12,"1,2,3,4,5,6,7,8,9,10,11,12",136380.0,13.0,17865.0,693.0,136380.0,2893.0,2962.0,157.0,35.0,2893.0,1154.0,2295.0,52.0,12.0,1154.0,1601.0,2755.0,60.0,34.0,1601.0,3180.0,21.21278779879748,8.788133221382592,21.718727086083003,21.21481003468581,21.427477083986986,8.461651268514444,2.9107192835152533,16.82798064232292,8.462457926037825,8.484486720715704,11.739257955711981,3.3585222502099077,20.200909224226425,11.740377070698923,11.897528122679319,13.099428068631765
PE,,PE,2008,12,"1,2,3,4,5,6,7,8,9,10,11,12",130455.0,791.0,20699.0,436.0,130455.0,2563.0,2754.0,196.0,35.0,2563.0,1081.0,1100.0,62.0,26.0,1081.0,1725.0,1757.0,86.0,32.0,1725.0,2875.0,19.646621440343413,9.469056476158269,21.110727837185237,19.76647334649556,19.813305547028296,8.286382277413667,2.9953137832745544,8.4320263692461,8.336932379072064,8.280317495001714,13.222950442681384,4.1547900864776075,13.468245755241272,13.30361549851925,13.375750554251368,15.866773983365912
PE,,PE,2009,12,"1,2,3,4,5,6,7,8,9,10,11,12",134145.0,776.0,24305.0,773.0,134145.0,2644.0,2880.0,208.0,46.0,2644.0,1111.0,1131.0,55.0,32.0,1111.0,1572.0,1603.0,73.0,47.0,1572.0,2878.0,19.710015281971003,8.557909895083316,21.46930560214693,19.824696893580967,19.804997689859942,8.282082820828208,2.262908866488377,8.431175220843118,8.330271652333002,8.271845046445597,11.718662641171866,3.003497222793664,11.949755861194976,11.786847018422572,11.78120568851531,18.118453911811844
PE,,PE,2010,12,"1,2,3,4,5,6,7,8,9,10,11,12",132466.0,229.0,28299.0,1056.0,132466.0,3480.0,3790.0,192.0,130.0,3480.0,1081.0,1099.0,33.0,35.0,1081.0,1694.0,1735.0,54.0,53.0,1694.0,3584.0,26.270892153458245,6.784692038587936,28.61111530505941,26.316386487896732,26.405111352544317,8.160584602841483,1.1661189441323014,8.296468527773165,8.174716607303553,8.144980300720414,12.788187157459273,1.908194635852857,13.097700542025878,12.810332962786513,12.884442442229831,21.36321773134238
PE,,PE,2011,12,"1,2,3,4,5,6,7,8,9,10,11,12",129994.0,23.0,29993.0,1598.0,129994.0,3874.0,4519.0,285.0,394.0,3874.0,1202.0,1230.0,72.0,52.0,1202.0,2175.0,2261.0,96.0,104.0,2175.0,3965.0,29.801375448097605,9.502217184009602,34.76314291428835,29.806649175585324,30.068296603263246,9.246580611412835,2.4005601306971625,9.461975168084681,9.248216909926061,9.265516199071326,16.731541455759498,3.20074684092955,17.393110451251598,16.73450231205423,16.914803469458047,23.072603350923888
PE,,PE,2012,12,"1,2,3,4,5,6,7,8,9,10,11,12",127517.0,32.0,29922.0,1790.0,127517.0,4164.0,4879.0,255.0,558.0,4164.0,1488.0,1529.0,73.0,52.0,1488.0,2432.0,2586.0,104.0,136.0,2432.0,4319.0,32.65446960013175,8.522157609785442,38.26156512465005,32.66266619602306,32.92222076518905,11.669032364312208,2.4396764922130876,11.99055812166221,11.67196140722438,11.694510335029186,19.0719668750049,3.4757034957556314,20.279648987978074,19.07675412793662,19.221852050013275,23.465106613235882
PE,,PE,2013,12,"1,2,3,4,5,6,7,8,9,10,11,12",126885.0,37.0,12774.0,1894.0,126885.0,4184.0,5055.0,64.0,525.0,4184.0,1540.0,1587.0,3.0,43.0,1540.0,2683.0,2988.0,5.0,125.0,2683.0,4772.0,32.97474090712062,5.010176921872554,39.839224494621114,32.984359233097884,33.35888380513833,12.136974425661032,0.23485204321277595,12.507388580210426,12.140514631685166,12.137464142525038,21.145131418213342,0.39142007202129325,23.548882846672182,21.151299192734612,21.320575299195497,10.067383851519091
PE,,PE,2014,12,"1,2,3,4,5,6,7,8,9,10,11,12",127166.0,32.0,4868.0,1854.0,127166.0,5195.0,5931.0,23.0,772.0,5195.0,2492.0,2534.0,0.0,59.0,2492.0,3476.0,3714.0,0.0,189.0,3476.0,6693.0,40.852114558922985,4.7247329498767465,46.63982511048551,40.862397155756916,41.39168727943511,19.596433008823112,0.0,19.926709969645973,19.60136548838234,19.774005243950835,27.33435037667301,0.0,29.205919821335893,27.3412305126874,27.557196854011575,3.8280672506802134
PE,,PE,2015,12,"1,2,3,4,5,6,7,8,9,10,11,12",128953.0,46.0,3481.0,1691.0,128953.0,5492.0,6303.0,21.0,928.0,5492.0,2424.0,2485.0,0.0,53.0,2424.0,3286.0,3514.0,0.0,174.0,3286.0,7019.0,42.58916039177065,6.032749209997127,48.878273479484776,42.60435818070392,42.98975975885566,18.797546392871823,0.0,19.270586958038976,18.80425422979357,18.949923100887283,25.482152412119145,0.0,27.250238458973424,25.491245626692113,25.691795430649385,2.699433126798136
PE,,PE,2016,12,"1,2,3,4,5,6,7,8,9,10,11,12",121836.0,43.0,2688.0,1763.0,121836.0,6064.0,7168.0,28.0,968.0,6064.0,2366.0,2421.0,2.0,57.0,2366.0,3214.0,3485.0,7.0,188.0,3214.0,7371.0,49.77182441971174,10.416666666666666,58.83318559374897,49.789396763360784,50.301913541539655,19.419547588561674,0.7440476190476191,19.870974096326208,19.426403816311282,19.53221422256892,26.379723562822154,2.6041666666666665,28.60402508289832,26.38903713678126,26.5460311779959,2.2062444597655864
PE,,PE,2017,12,"1,2,3,4,5,6,7,8,9,10,11,12",126494.0,38.0,1980.0,2158.0,126494.0,7120.0,8133.0,14.0,1236.0,7120.0,2291.0,2365.0,0.0,59.0,2291.0,2993.0,3279.0,5.0,183.0,2993.0,8274.0,56.287254731449714,7.070707070707071,64.29553970939332,56.30416903903334,56.495845936289555,18.111530981706643,0.0,18.69653896627508,18.116973492756372,18.11391640679004,23.661201321801826,2.525252525252525,25.922178127025788,23.66831150755994,23.682604203228653,1.5652916343858208
PE,,PE,2018,12,"1,2,3,4,5,6,7,8,9,10,11,12",128886.0,62.0,1468.0,2057.0,128886.0,7450.0,8768.0,7.0,1142.0,7450.0,2262.0,2348.0,3.0,38.0,2262.0,2936.0,3279.0,5.0,181.0,2936.0,8605.0,57.80301972285586,4.768392370572207,68.02911099731546,57.8308389741042,57.56264596532601,17.5503933708859,2.043596730245232,18.217649705941685,17.55883996770788,17.512524233195577,22.77982092702078,3.4059945504087192,25.44108747265025,22.790784325902006,22.737830984753103,1.1389910463510389
PE,,PE,2019,12,"1,2,3,4,5,6,7,8,9,10,11,12",127676.0,50.0,1180.0,2014.0,127676.0,7854.0,9378.0,2.0,1144.0,7854.0,2594.0,2703.0,2.0,60.0,2594.0,3311.0,3718.0,2.0,186.0,3311.0,9078.0,61.515085059055735,1.694915254237288,73.45154923399856,61.539184805603874,60.818302117612454,20.317052539239953,1.694915254237288,21.170776026817883,20.325012144860764,20.16478917213187,25.932829975876437,1.694915254237288,29.12058648453899,25.942989672950652,25.738350285105696,0.9242144177449169
PE,,PE,2020,12,"1,2,3,4,5,6,7,8,9,10,11,12",112771.0,58.0,790.0,1891.0,112771.0,7117.0,8447.0,1.0,1166.0,7117.0,2508.0,2660.0,1.0,71.0,2508.0,3144.0,3612.0,1.0,190.0,3144.0,8432.0,63.1101967704463,1.2658227848101267,74.90400900940844,63.1426720963864,62.34433269341046,22.2397602220429,1.2658227848101267,23.58762447792429,22.25120438636182,22.097337811243865,27.879508029546603,1.2658227848101267,32.0295111331814,27.893854302520563,27.710006562359652,0.7005347119383529
PE,,PE,2021,12,"1,2,3,4,5,6,7,8,9,10,11,12",113054.0,26.0,3099.0,2075.0,113054.0,7581.0,9243.0,1.0,1186.0,7581.0,2558.0,2742.0,0.0,104.0,2558.0,3330.0,3812.0,2.0,238.0,3330.0,9114.0,67.05645089957012,0.32268473701193934,81.75739027367453,67.0718759953286,66.0725012932459,22.626355546906787,0.0,24.253896368107277,22.631560321336305,22.404547802051397,29.454950731508838,0.6453694740238787,33.718400056610115,29.461726297908484,29.22751794900171,2.741167937445822
PE,,PE,2022,12,"1,2,3,4,5,6,7,8,9,10,11,12",108609.0,34.0,4085.0,2243.0,108609.0,8560.0,9826.0,110.0,1176.0,8560.0,2600.0,2772.0,2.0,107.0,2600.0,3329.0,3732.0,14.0,262.0,3329.0,9942.0,78.81483118341943,26.92778457772338,90.47132373928495,78.83951185816257,76.65615498459991,23.939084237954496,0.48959608323133413,25.522746733696103,23.946580704582086,23.51162896496703,30.651235164673277,3.427172582619339,34.361793221556226,30.660833525212986,30.184272652134915,3.7611984273863124
PE,,PE,2023,12,"1,2,3,4,5,6,7,8,9,10,11,12",108048.0,51.0,6310.0,2157.0,108048.0,7193.0,8658.0,257.0,859.0,7193.0,2800.0,2987.0,2.0,73.0,2800.0,3501.0,3925.0,21.0,192.0,3501.0,8667.0,66.57226417888346,40.729001584786054,80.13105286539316,66.60370195468393,64.59192390311259,25.914408411076558,0.31695721077654515,27.64512068710203,25.92664611054011,25.632162140260068,32.4022656597068,3.3280507131537242,36.32644750481268,32.41756715464319,32.138456120225015,5.839997038353324
PE,,PE,2024,12,"1,2,3,4,5,6,7,8,9,10,11,12",113156.0,46.0,5213.0,1979.0,113156.0,7035.0,9270.0,193.0,621.0,7035.0,2453.0,2670.0,2.0,82.0,2453.0,3276.0,4025.0,29.0,185.0,3276.0,8288.0,62.17080844144367,37.02282754651832,81.92230195482342,62.19609229953143,59.68480374439766,21.678037399695995,0.3836562440053712,23.59574392873555,21.686853505437185,21.26104572750184,28.95118243840362,5.563015538077882,35.57036303863693,28.96295641411016,28.392435948480696,4.606914348333275
PE,,PE,2025,12,"1,2,3,4,5,6,7,8,9,10,11,12",104645.0,24.0,4530.0,2081.0,104645.0,7539.0,9400.0,237.0,849.0,7539.0,2448.0,2623.0,3.0,77.0,2448.0,3179.0,3783.0,16.0,157.0,3179.0,8765.0,72.04357589946963,52.317880794701985,89.82751206459936,72.06010265625449,69.4800475156156,23.393377610014813,0.6622516556291391,25.06569831334512,23.39874403800384,23.03095661317791,30.378900090783123,3.532008830022075,36.15079554684887,30.385868993796656,29.93910875296636,4.328921592049309
PI,,PI,2002,12,"1,2,3,4,5,6,7,8,9,10,11,12",61045.0,5.0,572.0,431.0,61045.0,2193.0,2193.0,1.0,164.0,2193.0,407.0,407.0,0.0,6.0,407.0,1709.0,1709.0,0.0,35.0,1709.0,2195.0,35.92431812597264,1.7482517482517483,35.92431812597264,35.92726081258191,37.766256074400935,6.66721271193382,0.0,6.66721271193382,6.66775884665793,6.80793755056533,27.99574084691621,0.0,27.99574084691621,27.998034076015728,29.13456307733161,0.9370136784339421
PI,,PI,2003,12,"1,2,3,4,5,6,7,8,9,10,11,12",59486.0,10.0,1719.0,531.0,59486.0,3001.0,3001.0,4.0,348.0,3001.0,1597.0,1597.0,0.0,12.0,1597.0,2195.0,2195.0,0.0,61.0,2195.0,3003.0,50.44884510641159,2.326934264107039,50.44884510641159,50.45732732530769,53.035493556056146,26.846652993981778,0.0,26.846652993981778,26.85116685721972,28.493943415038682,36.899438523350035,0.0,36.899438523350035,36.905642612146075,38.75985959713151,2.8897555727398045
PI,,PI,2004,12,"1,2,3,4,5,6,7,8,9,10,11,12",59174.0,18.0,1928.0,728.0,59174.0,2440.0,2440.0,7.0,303.0,2440.0,794.0,794.0,0.0,9.0,794.0,1716.0,1716.0,0.0,41.0,1716.0,2443.0,41.234325886369014,3.6307053941908713,41.234325886369014,41.2468726756373,42.97993374527126,13.418055226957785,0.0,13.418055226957785,13.422138075596727,13.706268714219764,28.99922263156116,0.0,28.99922263156116,29.00804652106295,30.217369952407953,3.258187717578666
PI,,PI,2005,12,"1,2,3,4,5,6,7,8,9,10,11,12",60377.0,17.0,2149.0,584.0,60377.0,1556.0,1556.0,0.0,114.0,1556.0,335.0,347.0,0.0,8.0,335.0,1092.0,1104.0,0.0,21.0,1092.0,1559.0,25.771403017705417,0.0,25.771403017705417,25.77866136514248,26.953278665126238,5.548470444043262,0.0,5.747221624128393,5.550033134526176,5.430906903522219,18.08635738774699,0.0,18.285108567832122,18.09145129224652,18.65464665441231,3.559302383357901
PI,,PI,2006,12,"1,2,3,4,5,6,7,8,9,10,11,12",59612.0,9.0,3460.0,585.0,59612.0,2103.0,2120.0,3.0,149.0,2103.0,294.0,321.0,0.0,5.0,294.0,1543.0,1574.0,2.0,28.0,1543.0,2124.0,35.2781319197477,0.8670520231213873,35.56330940079179,35.28345888629767,37.131276777194756,4.931892907468295,0.0,5.384821847950077,4.9326376189118,4.897498892586019,25.884050191236664,0.5780346820809249,26.404079715493523,25.887958659799004,27.077239396812896,5.80420049654432
PI,,PI,2007,12,"1,2,3,4,5,6,7,8,9,10,11,12",56657.0,3.0,5627.0,424.0,56657.0,1556.0,1568.0,15.0,112.0,1556.0,311.0,384.0,0.0,6.0,311.0,1000.0,1077.0,0.0,16.0,1000.0,1563.0,27.4635084808585,2.665718855518038,27.675309317471804,27.46496275638084,28.478370502582603,5.489171682228145,0.0,6.777626771625748,5.489462350407738,5.479585508949582,17.650069717775384,0.0,19.00912508604409,17.65100434214707,18.21014990903308,9.931694230192209
PI,,PI,2008,12,"1,2,3,4,5,6,7,8,9,10,11,12",54000.0,13.0,11509.0,444.0,54000.0,3589.0,3589.0,414.0,273.0,3589.0,374.0,374.0,11.0,5.0,374.0,2537.0,2538.0,68.0,53.0,2537.0,3646.0,66.46296296296296,35.9718481188635,66.46296296296296,66.47896715876044,69.18333963384802,6.925925925925926,0.9557737422886436,6.925925925925926,6.92759367995999,7.009829527371716,46.98148148148148,5.908419497784343,47.0,46.99279456165373,48.888061544842294,21.312962962962963
PI,,PI,2009,12,"1,2,3,4,5,6,7,8,9,10,11,12",51084.0,8.0,10877.0,450.0,51084.0,3432.0,3433.0,557.0,306.0,3432.0,338.0,338.0,16.0,7.0,338.0,2181.0,2182.0,95.0,67.0,2181.0,3476.0,67.18346253229974,51.2089730624253,67.2030381332707,67.1939854334717,69.66037527097862,6.616553128181035,1.470993840213294,6.616553128181035,6.617589474508575,6.6460958311221425,42.69438571764153,8.734025926266433,42.71396131861248,42.70107291095622,44.11840232974122,21.292381176102108
PI,,PI,2010,12,"1,2,3,4,5,6,7,8,9,10,11,12",53448.0,7.0,13483.0,611.0,53448.0,3942.0,3947.0,677.0,415.0,3942.0,354.0,354.0,4.0,8.0,354.0,2326.0,2326.0,81.0,58.0,2326.0,3998.0,73.75392905253705,50.21137728992064,73.8474779224667,73.76358975318576,76.06566702060184,6.623259991019308,0.2966698805903731,6.623259991019308,6.624127542523531,6.600597568663547,43.51893429127376,6.007565081955055,43.51893429127376,43.5246346438128,44.833060793588274,25.226388265229755
PI,,PI,2011,12,"1,2,3,4,5,6,7,8,9,10,11,12",54363.0,22.0,13843.0,526.0,54363.0,4181.0,4200.0,588.0,386.0,4181.0,365.0,365.0,2.0,12.0,365.0,2413.0,2414.0,76.0,72.0,2413.0,4240.0,76.9089270275739,42.476341833417614,77.25842944649854,76.94006367199721,79.34947725766253,6.714125416183801,0.14447735317488983,6.714125416183801,6.716843635560626,6.712654958684155,44.3868072034288,5.490139420645813,44.40520206758273,44.404777240021346,45.85507942500518,25.46401044828284
PI,,PI,2012,12,"1,2,3,4,5,6,7,8,9,10,11,12",47816.0,24.0,12230.0,429.0,47816.0,3538.0,3560.0,672.0,309.0,3538.0,291.0,292.0,2.0,8.0,291.0,1529.0,1532.0,74.0,68.0,1529.0,3563.0,73.99196921532541,54.94685200327065,74.45206625397357,74.02912621359224,76.44368816781132,6.085829011209637,0.1635322976287817,6.106742512966371,6.088885169065953,6.0405746497756,31.976744186046513,6.050695012264923,32.039484691316716,31.99280214261801,32.86396296389031,25.57721264848586
PI,,PI,2013,12,"1,2,3,4,5,6,7,8,9,10,11,12",49025.0,25.0,5963.0,439.0,49025.0,3650.0,3695.0,298.0,313.0,3650.0,314.0,314.0,1.0,13.0,314.0,1622.0,1626.0,23.0,81.0,1622.0,3685.0,74.45181030086691,49.974844876739894,75.36970933197348,74.48979591836735,76.1580095063563,6.404895461499235,0.1677008217340265,6.404895461499235,6.408163265306122,6.557569139981758,33.08516063233044,3.8571188998826096,33.1667516573177,33.10204081632653,33.94740435634547,12.163182049974504
PI,,PI,2014,12,"1,2,3,4,5,6,7,8,9,10,11,12",47427.0,18.0,2767.0,441.0,47427.0,3511.0,3549.0,32.0,284.0,3511.0,331.0,332.0,1.0,12.0,331.0,1558.0,1561.0,5.0,78.0,1558.0,3560.0,74.02956122040187,11.564871702204554,74.83079258650136,74.05766837520302,75.31319144825744,6.979146899445464,0.3614022406938923,7.000231935395449,6.981796705266932,6.983162312758602,32.85048601007865,1.8070112034694614,32.91374111792861,32.86295850998756,33.30506633009688,5.834229447361208
PI,,PI,2015,12,"1,2,3,4,5,6,7,8,9,10,11,12",50002.0,22.0,2922.0,437.0,50002.0,3518.0,3538.0,57.0,279.0,3518.0,328.0,328.0,2.0,8.0,328.0,1554.0,1556.0,12.0,70.0,1554.0,3579.0,70.35718571257149,19.50718685831622,70.75716971321147,70.38815526210485,71.53220947322146,6.5597376104955805,0.6844626967830253,6.5597376104955805,6.562625050020008,6.569210809751202,31.078756849726012,4.1067761806981515,31.11875524979001,31.092436974789916,31.598326357549723,5.843766249350026
PI,,PI,2016,12,"1,2,3,4,5,6,7,8,9,10,11,12",49114.0,21.0,2540.0,396.0,49114.0,3677.0,3679.0,73.0,255.0,3677.0,342.0,342.0,0.0,5.0,342.0,1751.0,1751.0,17.0,74.0,1751.0,3729.0,74.86663680416989,28.74015748031496,74.9073583906829,74.89866172366733,75.89582836037559,6.963391293724803,0.0,6.963391293724803,6.966369950909498,7.032135896831846,35.65174899214073,6.692913385826771,35.65174899214073,35.66699936854541,36.086127781780405,5.171641487152339
PI,,PI,2017,12,"1,2,3,4,5,6,7,8,9,10,11,12",47831.0,27.0,2806.0,423.0,47831.0,3672.0,3674.0,110.0,246.0,3672.0,423.0,424.0,0.0,13.0,423.0,1626.0,1628.0,32.0,70.0,1626.0,3755.0,76.77029541510736,39.20171062009979,76.81210930149902,76.81365576102418,77.33199435093604,8.843636971838347,0.0,8.864543915034183,8.848631913647393,8.813737607877014,33.994689636428255,11.404133998574483,34.03650352281993,34.013890051041756,34.24261389397206,5.866488260751396
PI,,PI,2018,12,"1,2,3,4,5,6,7,8,9,10,11,12",51855.0,21.0,3078.0,387.0,51855.0,4412.0,4414.0,158.0,197.0,4412.0,502.0,502.0,1.0,16.0,502.0,1948.0,1949.0,35.0,58.0,1948.0,4473.0,85.08340565037123,51.33203378817414,85.1219747372481,85.11787629741096,84.79175893876383,9.680840806093915,0.3248862897985705,9.680840806093915,9.684762896940232,9.696386194929008,37.566290618069615,11.371020142949968,37.585575161508054,37.58151020565652,37.621431356589284,5.935782470350015
PI,,PI,2019,12,"1,2,3,4,5,6,7,8,9,10,11,12",51260.0,25.0,3126.0,402.0,51260.0,4640.0,4640.0,214.0,211.0,4640.0,508.0,508.0,1.0,14.0,508.0,1958.0,1958.0,36.0,78.0,1958.0,4687.0,90.51892313694889,68.45809341010876,90.51892313694889,90.56309163657656,89.85447104042268,9.910261412407335,0.3198976327575176,9.910261412407335,9.91509710159071,9.8773806230776,38.197424892703864,11.516314779270633,38.197424892703864,38.21606323802089,38.13776759691189,6.098322278579789
PI,,PI,2020,12,"1,2,3,4,5,6,7,8,9,10,11,12",47003.0,20.0,6560.0,402.0,47003.0,3525.0,3526.0,781.0,184.0,3525.0,366.0,366.0,11.0,18.0,366.0,1484.0,1485.0,105.0,76.0,1484.0,3569.0,74.99521307150607,119.0548780487805,75.01648830925686,75.027137475257,73.70277318598782,7.786737016786162,1.6768292682926829,7.786737016786162,7.790051720835196,7.7504582499253045,31.572452822160287,16.00609756097561,31.59372805991107,31.58589276972522,31.260565956470572,13.956555964512903
PI,,PI,2021,12,"1,2,3,4,5,6,7,8,9,10,11,12",47785.0,41.0,11191.0,331.0,47785.0,3650.0,3650.0,1641.0,146.0,3650.0,371.0,371.0,34.0,9.0,371.0,1476.0,1476.0,167.0,50.0,1476.0,3683.0,76.3838024484671,146.63568939326245,76.3838024484671,76.44939678284182,75.2109377222879,7.763942659830491,3.0381556607988562,7.763942659830491,7.770609919571045,7.719233635542754,30.888354086010253,14.9227057456885,30.888354086010253,30.914879356568363,30.554690282612636,23.41948310139165
PI,,PI,2022,12,"1,2,3,4,5,6,7,8,9,10,11,12",45269.0,14.0,10090.0,317.0,45269.0,3760.0,3761.0,1803.0,155.0,3760.0,332.0,332.0,25.0,16.0,332.0,1400.0,1401.0,208.0,58.0,1400.0,3790.0,83.05904702997637,178.69177403369673,83.0811372020588,83.08474201745663,80.44561689222567,7.333937131370253,2.4777006937561943,7.333937131370253,7.3362059440945755,7.2358566660793215,30.92624091541673,20.614469772051535,30.94833108749917,30.93580819798917,30.339597581521122,22.288983631182486
PI,,PI,2023,12,"1,2,3,4,5,6,7,8,9,10,11,12",45732.0,16.0,15375.0,358.0,45732.0,3791.0,3792.0,1917.0,160.0,3791.0,389.0,390.0,24.0,19.0,389.0,1281.0,1282.0,214.0,67.0,1281.0,3835.0,82.89600279891542,124.6829268292683,82.91786932563632,82.9250153119258,80.28189010421727,8.50607889442841,1.5609756097560976,8.527945421149305,8.50905591040336,8.321513778241021,28.011020729467333,13.91869918699187,28.03288725618823,28.020824219091786,27.50752568526767,33.61978483337707
PI,,PI,2024,12,"1,2,3,4,5,6,7,8,9,10,11,12",41886.0,15.0,17374.0,356.0,41886.0,3613.0,3617.0,1939.0,116.0,3613.0,349.0,349.0,25.0,11.0,349.0,1187.0,1188.0,177.0,43.0,1187.0,3651.0,86.25793821324548,111.60354552780016,86.35343551544669,86.28883953094027,83.15995790381412,8.332139617055818,1.438931737078393,8.332139617055818,8.33512454921067,8.1552888686276,28.338824428209904,10.187636698515023,28.362698753760206,28.348976618662082,27.64393751052356,41.47925321109679
PI,,PI,2025,12,"1,2,3,4,5,6,7,8,9,10,11,12",44767.0,20.0,21557.0,354.0,44767.0,3744.0,3751.0,1981.0,116.0,3744.0,487.0,489.0,59.0,14.0,487.0,1024.0,1027.0,217.0,38.0,1024.0,3831.0,83.63303326110751,91.89590388272951,83.78939844081577,83.67041365901625,81.27194732977746,10.878548931132308,2.7369299995361134,10.92322469676324,10.883411178403021,10.598047766398683,22.87399200303795,10.066335761005705,22.941005651484353,22.884215701611282,22.120003483060067,48.153773985301676
RJ,,RJ,2002,12,"1,2,3,4,5,6,7,8,9,10,11,12",194570.0,52.0,914.0,368.0,194570.0,6465.0,7101.0,10.0,102.0,6465.0,1840.0,1903.0,0.0,15.0,1840.0,3842.0,4035.0,0.0,66.0,3842.0,6542.0,33.227116204964794,10.940919037199125,36.495862671532095,33.235998725053726,34.21875462618004,9.456750783779617,0.0,9.78054170735468,9.459278832807247,9.542766747222585,19.746106799609397,0.0,20.738037724212365,19.75138547589426,20.090158046898463,0.46975381610731354
RJ,,RJ,2003,12,"1,2,3,4,5,6,7,8,9,10,11,12",190912.0,59.0,4327.0,347.0,190912.0,6329.0,6926.0,91.0,83.0,6329.0,1537.0,1612.0,4.0,15.0,1537.0,3439.0,3636.0,51.0,48.0,3439.0,6361.0,33.15139959772041,21.030737231338108,36.278494803888705,33.16164796990354,34.029230627176126,8.050829701642641,0.9244280101687081,8.443680858196446,8.053318522632601,8.148480160918137,18.013535031847134,11.786457129651028,19.045424069728462,18.01910370808947,18.380729869638575,2.2664892725444186
RJ,,RJ,2004,12,"1,2,3,4,5,6,7,8,9,10,11,12",187838.0,57.0,9336.0,387.0,187838.0,5664.0,6325.0,186.0,93.0,5664.0,1578.0,1661.0,11.0,16.0,1578.0,3165.0,3381.0,117.0,45.0,3165.0,5690.0,30.15364303282616,19.922879177377894,33.672632800604774,30.162796023026825,30.900083002109138,8.400856056814915,1.1782347900599828,8.842726178941428,8.403406095398363,8.491144922427702,16.849625741330296,12.532133676092545,17.999552806141462,16.854740362443486,17.151469690831963,4.9702403134616
RJ,,RJ,2005,12,"1,2,3,4,5,6,7,8,9,10,11,12",171979.0,50.0,9730.0,316.0,171979.0,4634.0,5196.0,97.0,69.0,4634.0,1385.0,1470.0,5.0,13.0,1385.0,2466.0,2711.0,38.0,29.0,2466.0,4658.0,26.945150279976044,9.969167523124357,30.21299112100896,26.952986407179708,27.489433243802658,8.05330883421813,0.513874614594039,8.547555224765814,8.055650879141972,8.067189729671018,14.338959989301019,3.905447070914697,15.763552526761988,14.34313001297047,14.485285778000613,5.65766750591642
RJ,,RJ,2006,12,"1,2,3,4,5,6,7,8,9,10,11,12",153949.0,45.0,10292.0,334.0,153949.0,4001.0,4371.0,201.0,77.0,4001.0,1230.0,1304.0,10.0,15.0,1230.0,2239.0,2458.0,78.0,43.0,2239.0,4037.0,25.989126269089112,19.529731830548,28.392519600646967,25.996725231313025,26.415585456752133,7.989658913016648,0.9716284492809949,8.47033757932822,7.991995009876287,8.031714637964805,14.543777484751443,7.57870190439176,15.966326510727578,14.54802994074228,14.662350830136713,6.685330856322548
RJ,,RJ,2007,12,"1,2,3,4,5,6,7,8,9,10,11,12",153991.0,47.0,11185.0,245.0,153991.0,4398.0,4817.0,200.0,70.0,4398.0,1376.0,1454.0,8.0,7.0,1376.0,2468.0,2659.0,70.0,40.0,2468.0,4438.0,28.56011065581755,17.881090746535538,31.28104889246774,28.56883022397755,29.01258711007946,8.935587144703263,0.7152436298614215,9.442110253196615,8.938315231512759,8.968690452397382,16.02691066361021,6.258381761287438,17.267242890818295,16.031803772800497,16.15567237530507,7.2634114980745625
RJ,,RJ,2008,12,"1,2,3,4,5,6,7,8,9,10,11,12",128502.0,30.0,14559.0,324.0,128502.0,3556.0,3744.0,227.0,70.0,3556.0,1216.0,1257.0,5.0,13.0,1216.0,2274.0,2363.0,52.0,38.0,2274.0,3770.0,27.672721047143234,15.591730201250085,29.13573329597983,27.679183012640888,28.00018003564246,9.462887737155842,0.343430180644275,9.781948919082971,9.46509745314154,9.483603006617473,17.696222626885184,3.57167387870046,18.388818851068464,17.700354941154494,17.870134502502818,11.3297847504319
RJ,,RJ,2009,12,"1,2,3,4,5,6,7,8,9,10,11,12",138154.0,34.0,9192.0,585.0,138154.0,3930.0,4095.0,216.0,134.0,3930.0,1415.0,1438.0,6.0,19.0,1415.0,2514.0,2589.0,42.0,60.0,2514.0,4257.0,28.446516206552108,23.49869451697128,29.640835589269944,28.45351867940921,28.747549080631636,10.242193494216599,0.6527415143603134,10.408674377868175,10.244714740805097,10.273507742003668,18.197084413046312,4.569190600522194,18.739956859736235,18.201563857515204,18.361090726706376,6.6534447066317295
RJ,,RJ,2010,12,"1,2,3,4,5,6,7,8,9,10,11,12",139338.0,36.0,8321.0,480.0,139338.0,4196.0,4399.0,201.0,133.0,4196.0,1370.0,1392.0,2.0,10.0,1370.0,2797.0,2880.0,43.0,55.0,2797.0,4526.0,30.113823938911136,24.15575051075592,31.570712942628717,30.12160629423842,30.489381018169055,9.832206576813217,0.24035572647518327,9.990096025491969,9.834747526955823,9.863450371818397,20.073490361566837,5.16764811921644,20.66916419067304,20.078677980215648,20.240078620151017,5.971809556617721
RJ,,RJ,2011,12,"1,2,3,4,5,6,7,8,9,10,11,12",138264.0,39.0,7996.0,651.0,138264.0,4195.0,4455.0,170.0,192.0,4195.0,1305.0,1340.0,0.0,19.0,1305.0,2537.0,2670.0,18.0,78.0,2537.0,4403.0,30.340508013655036,21.260630315157577,32.22096858184343,30.349068547657804,30.48517442091933,9.438465544176358,0.0,9.691604466817104,9.441128594682583,9.381940731221018,18.348955621130592,2.251125562781391,19.310883527165423,18.35413275456683,18.393149415164274,5.783139501243997
RJ,,RJ,2012,12,"1,2,3,4,5,6,7,8,9,10,11,12",132316.0,33.0,12304.0,629.0,132316.0,3899.0,4207.0,233.0,187.0,3899.0,1124.0,1161.0,1.0,22.0,1124.0,2241.0,2417.0,38.0,62.0,2241.0,4057.0,29.4673357719399,18.9369310793238,31.795096586958493,29.474686845626422,29.59091614288808,8.494815441821094,0.0812743823146944,8.77444904622268,8.496934602329853,8.460134900343581,16.936727228755405,3.0884265279583873,18.266876265908884,16.940952352154095,16.959067309219343,9.298950996100245
RJ,,RJ,2013,12,"1,2,3,4,5,6,7,8,9,10,11,12",139264.0,45.0,8318.0,760.0,139264.0,3842.0,4218.0,191.0,214.0,3842.0,1051.0,1091.0,3.0,29.0,1051.0,2205.0,2467.0,27.0,96.0,2205.0,3943.0,27.587890625,22.96225054099543,30.287798713235293,27.59680790696672,27.871311279734424,7.546817555147059,0.36066362106275546,7.834041819852941,7.549256926137955,7.585605005761917,15.833237591911764,3.2459725895647993,17.714556525735293,15.838355396892666,15.941322529033638,5.972828584558823
RJ,,RJ,2014,12,"1,2,3,4,5,6,7,8,9,10,11,12",148372.0,36.0,8873.0,938.0,148372.0,4325.0,4537.0,122.0,226.0,4325.0,1327.0,1354.0,3.0,42.0,1327.0,2837.0,2943.0,42.0,115.0,2837.0,4533.0,29.149704796053165,13.749577369548067,30.578545817270104,29.156779203969368,29.271449291723783,8.943736014881514,0.33810436154626394,9.12571105060254,8.945906590443318,8.889501367509471,19.12085838298331,4.733461061647695,19.835278893591784,19.12549886743609,19.141455395357976,5.980238859083924
RJ,,RJ,2015,12,"1,2,3,4,5,6,7,8,9,10,11,12",160997.0,43.0,4095.0,942.0,160997.0,4625.0,4793.0,47.0,289.0,4625.0,1703.0,1730.0,0.0,46.0,1703.0,3365.0,3465.0,17.0,139.0,3365.0,4966.0,28.727243364783195,11.477411477411477,29.770741069709374,28.734918051120196,28.795012394659643,10.577836854102872,0.0,10.745541842394578,10.580662798066529,10.563720734573671,20.901010577836853,4.151404151404152,21.522140164102435,20.90659443070691,20.919223576255344,2.5435256557575605
RJ,,RJ,2016,12,"1,2,3,4,5,6,7,8,9,10,11,12",150749.0,53.0,4395.0,953.0,150749.0,4753.0,4986.0,50.0,314.0,4753.0,1672.0,1716.0,7.0,53.0,1672.0,3411.0,3529.0,19.0,140.0,3411.0,5121.0,31.529230707998064,11.376564277588168,33.074846267636936,31.540319583797846,31.62179866245307,11.091284187623135,1.5927189988623436,11.383160087297428,11.095185008228487,11.112405140687258,22.627015767932125,4.323094425483504,23.409773862513184,22.634973721930244,22.68614528715849,2.9154422251557226
RJ,,RJ,2017,12,"1,2,3,4,5,6,7,8,9,10,11,12",163395.0,57.0,5433.0,1201.0,163395.0,6203.0,6619.0,101.0,361.0,6203.0,1513.0,1573.0,3.0,45.0,1513.0,3199.0,3359.0,21.0,140.0,3199.0,6489.0,37.96321796872609,18.590097551997054,40.509195507818475,37.97646597852306,37.8164492319651,9.25976927078552,0.5521811154058531,9.626977569693075,9.26300064896105,9.267030979256285,19.578322470087823,3.8652678078409717,20.55754460050797,19.58515470986543,19.54891591823854,3.3250711466079133
RJ,,RJ,2018,12,"1,2,3,4,5,6,7,8,9,10,11,12",169071.0,62.0,5509.0,1524.0,169071.0,6969.0,7445.0,146.0,427.0,6969.0,1702.0,1811.0,5.0,44.0,1702.0,3261.0,3470.0,34.0,157.0,3261.0,7306.0,41.21936937736217,26.502087493192956,44.03475462971178,41.23449047092166,40.79191807742477,10.066776679619805,0.9076057360682519,10.711476243708265,10.070469619961067,10.063485325302397,19.287754848554748,6.171719005264113,20.523921902632623,19.29483045281612,19.21135203749355,3.2583944023516747
RJ,,RJ,2019,12,"1,2,3,4,5,6,7,8,9,10,11,12",164618.0,64.0,1624.0,1810.0,164618.0,6958.0,7431.0,60.0,569.0,6958.0,1611.0,1673.0,5.0,49.0,1611.0,3276.0,3461.0,13.0,191.0,3276.0,7258.0,42.26755275850758,36.94581280788177,45.14087159362889,42.28399188108463,41.62325888104386,9.786293114969201,3.0788177339901477,10.162922645154236,9.790099298710453,9.751685935473164,19.900618401389885,8.004926108374384,21.024432322103294,19.908358350450307,19.788288748738676,0.9865263822911224
RJ,,RJ,2020,12,"1,2,3,4,5,6,7,8,9,10,11,12",162308.0,60.0,2036.0,1727.0,162308.0,7285.0,7942.0,53.0,587.0,7285.0,1495.0,1579.0,25.0,61.0,1495.0,3404.0,3614.0,40.0,220.0,3404.0,7636.0,44.883801168149446,26.031434184675835,48.93166079306011,44.90039938859031,44.127575845022605,9.210883012544052,12.278978388998036,9.72841757645957,9.214289236230956,9.221152224044696,20.972472090100304,19.64636542239686,22.2663084998891,20.980227799418174,20.83594272967443,1.2544052049190428
RJ,,RJ,2021,12,"1,2,3,4,5,6,7,8,9,10,11,12",160240.0,87.0,4081.0,2015.0,160240.0,7691.0,8418.0,86.0,701.0,7691.0,1605.0,1728.0,133.0,60.0,1605.0,3454.0,3729.0,159.0,209.0,3454.0,8124.0,47.99675486769845,21.073266356285224,52.53369945082376,48.0228281705619,47.01313023932666,10.016225661507738,32.59005145797599,10.783824263604593,10.021666781140535,9.888268922512072,21.55516724912631,38.96103896103896,23.271342985521716,21.566876674180314,21.29377335688943,2.546804792810784
RJ,,RJ,2022,12,"1,2,3,4,5,6,7,8,9,10,11,12",154277.0,51.0,5213.0,2063.0,154277.0,7012.0,7805.0,164.0,768.0,7012.0,1731.0,1834.0,82.0,52.0,1731.0,3570.0,3823.0,117.0,202.0,3570.0,7458.0,45.450715271881094,31.459812008440437,50.59082040744894,45.46574507540882,44.36906035993769,11.220078171081886,15.729906004220219,11.887708472422979,11.223788466276762,11.057891311439692,23.140195881434042,22.443890274314214,24.780103320650518,23.147847963378418,22.80521376263534,3.3789871464962373
RJ,,RJ,2023,12,"1,2,3,4,5,6,7,8,9,10,11,12",154911.0,59.0,10886.0,2159.0,154911.0,7042.0,8021.0,273.0,762.0,7042.0,1733.0,1845.0,13.0,64.0,1733.0,3400.0,3660.0,87.0,236.0,3400.0,7480.0,45.4583599615263,25.078081940106557,51.77811775793843,45.475680004132975,44.33394719801574,11.187068703965503,1.1941943781003124,11.910064488641865,11.191331077415855,11.001407760634176,21.948086320532436,7.991916222671321,23.62646939210256,21.956448738149977,21.677884832386695,7.027260814274002
RJ,,RJ,2024,12,"1,2,3,4,5,6,7,8,9,10,11,12",150357.0,50.0,14771.0,2418.0,150357.0,7376.0,8315.0,294.0,839.0,7376.0,1993.0,2079.0,28.0,99.0,1993.0,3786.0,4029.0,88.0,289.0,3786.0,7915.0,49.05657867608425,19.903865682756752,55.301715251035866,49.07289746984505,47.66227876234256,13.255119482298795,1.8956062555006432,13.827091522177218,13.259528830992569,13.071977174526676,25.18007142999661,5.9576196601448785,26.796224984536803,25.18844764382231,24.895216157086267,9.82395232679556
RJ,,RJ,2025,12,"1,2,3,4,5,6,7,8,9,10,11,12",155884.0,53.0,20750.0,2485.0,155884.0,8351.0,9448.0,451.0,987.0,8351.0,2419.0,2579.0,28.0,149.0,2419.0,4427.0,4814.0,168.0,442.0,4427.0,9048.0,53.5718867876113,21.734939759036145,60.60917092196762,53.59010723155213,52.14166890702235,15.517949244309872,1.3493975903614457,16.544353493623465,15.523227085753156,15.339171501092101,28.39932257319545,8.096385542168674,30.881937851222705,28.408981524857058,27.901212487380047,13.31118010828565
RN,,RN,2002,12,"1,2,3,4,5,6,7,8,9,10,11,12",54535.0,5.0,147.0,50.0,54535.0,1448.0,1452.0,0.0,22.0,1448.0,289.0,289.0,0.0,2.0,289.0,1057.0,1061.0,0.0,14.0,1057.0,1461.0,26.55175575318603,0.0,26.625103144769415,26.554190353933613,27.057505964387612,5.299349041899697,0.0,5.299349041899697,5.299834953236751,5.3068974582967865,19.382048225909966,0.0,19.455395617493352,19.38382541720154,19.815329326911066,0.26955166406894654
RN,,RN,2003,12,"1,2,3,4,5,6,7,8,9,10,11,12",52108.0,10.0,2867.0,60.0,52108.0,1533.0,1533.0,6.0,15.0,1533.0,283.0,283.0,0.0,1.0,283.0,980.0,980.0,5.0,8.0,980.0,1544.0,29.419666845781837,2.0927799093128705,29.419666845781837,29.425313831625015,29.701594953309616,5.43102786520304,0.0,5.43102786520304,5.432070328995355,5.369343751072042,18.807092960773776,1.7439832577607255,18.807092960773776,18.810702906061653,18.81644292124321,5.502034236585553
RN,,RN,2004,12,"1,2,3,4,5,6,7,8,9,10,11,12",50522.0,22.0,4535.0,68.0,50522.0,1602.0,1603.0,17.0,17.0,1602.0,395.0,396.0,0.0,0.0,395.0,965.0,967.0,5.0,7.0,965.0,1609.0,31.70895847353628,3.7486218302094816,31.728751830885553,31.722772277227723,31.93826991045301,7.818376152963066,0.0,7.838169510312339,7.821782178217822,7.852765726457637,19.100589842049008,1.1025358324145536,19.140176556747555,19.10891089108911,19.167726429112083,8.97628755789557
RN,,RN,2005,12,"1,2,3,4,5,6,7,8,9,10,11,12",51601.0,16.0,5222.0,56.0,51601.0,2018.0,2018.0,33.0,14.0,2018.0,377.0,378.0,0.0,2.0,377.0,1363.0,1364.0,24.0,6.0,1363.0,2018.0,39.1077692292785,6.319417847567982,39.1077692292785,39.11989919550257,39.57409884289601,7.306059960078293,0.0,7.325439429468421,7.30832606377823,7.510690686343901,26.4142167787446,4.595940252776714,26.433596248134727,26.422409615198216,26.63937387140417,10.119958915524894
RN,,RN,2006,12,"1,2,3,4,5,6,7,8,9,10,11,12",49368.0,10.0,5394.0,44.0,49368.0,1462.0,1463.0,47.0,15.0,1462.0,255.0,255.0,0.0,2.0,255.0,821.0,822.0,10.0,8.0,821.0,1463.0,29.614325068870524,8.71338524286244,29.63458110516934,29.62032497264881,29.657209390142125,5.1652892561983474,0.0,5.1652892561983474,5.166335751043397,5.135151904027568,16.630205801328795,1.8539117538005192,16.650461837627613,16.633575104339723,16.488056245320077,10.926105979581916
RN,,RN,2007,12,"1,2,3,4,5,6,7,8,9,10,11,12",45671.0,5.0,6878.0,53.0,45671.0,1034.0,1034.0,25.0,11.0,1034.0,219.0,219.0,0.0,1.0,219.0,570.0,570.0,20.0,1.0,570.0,1034.0,22.640187427470387,3.6347775516138414,22.640187427470387,22.642666316296587,22.929444007153762,4.795165422259202,0.0,4.795165422259202,4.795690448035738,4.830986626672748,12.480567537386964,2.907822041291073,12.480567537386964,12.481934042832743,12.624243718576452,15.059884828446936
RN,,RN,2008,12,"1,2,3,4,5,6,7,8,9,10,11,12",46183.0,13.0,7794.0,75.0,46183.0,1464.0,1464.0,172.0,42.0,1464.0,257.0,261.0,0.0,3.0,257.0,1003.0,1007.0,92.0,14.0,1003.0,1613.0,31.699976181711886,22.068257634077497,31.699976181711886,31.70890188434048,31.87369070838063,5.564818223155707,0.0,5.65143017993634,5.5663850985488414,5.5700455223713385,21.717948162743866,11.80395175776238,21.8045601195245,21.72406324453108,21.98089006405686,16.876339778706452
RN,,RN,2009,12,"1,2,3,4,5,6,7,8,9,10,11,12",46430.0,9.0,8656.0,66.0,46430.0,1650.0,1650.0,187.0,36.0,1650.0,230.0,234.0,0.0,1.0,230.0,796.0,800.0,30.0,18.0,796.0,1791.0,35.53736808098213,21.60351201478743,35.53736808098213,35.54425798668706,35.54965327446185,4.953693732500539,0.0,5.039844927848374,4.954654143598802,4.925636418349884,17.144087874219256,3.465804066543438,17.23023906956709,17.147411731759334,17.155383242192382,18.64311867327159
RN,,RN,2010,12,"1,2,3,4,5,6,7,8,9,10,11,12",45590.0,8.0,8621.0,231.0,45590.0,2199.0,2199.0,309.0,108.0,2199.0,236.0,236.0,0.0,0.0,236.0,724.0,724.0,69.0,26.0,724.0,2267.0,48.23426189953937,35.84270966245215,48.23426189953937,48.242727392391735,48.297818689490526,5.1765738100460625,0.0,5.1765738100460625,5.177482339519986,5.0809395317959405,15.880675586751481,8.00371186637281,15.880675586751481,15.883462770391821,15.817373309841422,18.90984865101996
RN,,RN,2011,12,"1,2,3,4,5,6,7,8,9,10,11,12",45446.0,16.0,8200.0,422.0,45446.0,2480.0,2481.0,303.0,214.0,2480.0,279.0,280.0,0.0,3.0,279.0,686.0,687.0,25.0,43.0,686.0,2494.0,54.570259208731244,36.951219512195124,54.592263345508954,54.589478318291874,54.642080744062994,6.139154160982264,0.0,6.161158297759979,6.141316310807836,6.210337349155367,15.094837829511949,3.048780487804878,15.116841966289662,15.10015408320493,15.247880092912196,18.043392157725652
RN,,RN,2012,12,"1,2,3,4,5,6,7,8,9,10,11,12",43868.0,9.0,8598.0,502.0,43868.0,2784.0,2786.0,381.0,295.0,2784.0,295.0,296.0,1.0,2.0,295.0,803.0,804.0,65.0,91.0,803.0,2789.0,63.46311662259506,44.31263084438241,63.50870794200784,63.47613944686381,63.5504195871803,6.724719613385611,0.11630611770179111,6.747515273092003,6.726099546273285,6.693017567892374,18.304914744232697,7.559897650616422,18.32771040393909,18.308670968330333,18.30676796559632,19.599708215555758
RN,,RN,2013,12,"1,2,3,4,5,6,7,8,9,10,11,12",39038.0,8.0,3313.0,463.0,39038.0,2469.0,2469.0,153.0,243.0,2469.0,312.0,312.0,0.0,6.0,312.0,830.0,830.0,22.0,127.0,830.0,2488.0,63.246067933808085,46.18170842137036,63.246067933808085,63.25903151421983,63.26531900834731,7.992212715815359,0.0,7.992212715815359,7.993850883935434,8.02758873596667,21.261335109380603,6.6405070932689405,21.261335109380603,21.26569305662311,21.254222142548908,8.48660279727445
RN,,RN,2014,12,"1,2,3,4,5,6,7,8,9,10,11,12",42576.0,12.0,1141.0,596.0,42576.0,2257.0,2259.0,5.0,216.0,2257.0,283.0,283.0,0.0,13.0,283.0,603.0,604.0,1.0,94.0,603.0,2273.0,53.01108605787298,4.382120946538125,53.05806087936866,53.02603138802744,52.74586185165526,6.646937241638482,0.0,6.646937241638482,6.648811201954704,6.5770754468196095,14.162908680947012,0.8764241893076249,14.186396091694851,14.166901606991823,14.05908049848189,2.679913566328448
RN,,RN,2015,12,"1,2,3,4,5,6,7,8,9,10,11,12",43933.0,9.0,798.0,808.0,43933.0,2277.0,2277.0,11.0,319.0,2277.0,309.0,309.0,0.0,4.0,309.0,571.0,571.0,4.0,61.0,571.0,2314.0,51.82892131199782,13.784461152882205,51.82892131199782,51.83954102540752,51.53351620812438,7.033437279493775,0.0,7.033437279493775,7.034878426372826,7.019265981606144,12.997063710650309,5.012531328320802,12.997063710650309,12.999726800837811,12.960613900734774,1.8164022488789748
RN,,RN,2016,12,"1,2,3,4,5,6,7,8,9,10,11,12",42294.0,10.0,1900.0,718.0,42294.0,2429.0,2429.0,40.0,381.0,2429.0,342.0,342.0,3.0,7.0,342.0,590.0,590.0,11.0,67.0,590.0,2454.0,57.431314134392586,21.05263157894737,57.431314134392586,57.444896414719516,57.05394418347826,8.086253369272237,1.5789473684210527,8.086253369272237,8.088165736448776,8.092158635910684,13.949969262779591,5.7894736842105265,13.949969262779591,13.953268375744962,13.911525153988809,4.492362982929021
RN,,RN,2017,12,"1,2,3,4,5,6,7,8,9,10,11,12",44011.0,13.0,2852.0,743.0,44011.0,2262.0,2263.0,29.0,383.0,2262.0,380.0,380.0,1.0,12.0,380.0,689.0,689.0,8.0,67.0,689.0,2285.0,51.396241848628755,10.168302945301543,51.418963440957945,51.41142779217237,50.89346495405549,8.634205085092363,0.3506311360448808,8.634205085092363,8.636756216191644,8.609166832221856,15.655177114812206,2.805049088359046,15.655177114812206,15.659802718305377,15.510786272649302,6.4801981322851105
RN,,RN,2018,12,"1,2,3,4,5,6,7,8,9,10,11,12",47737.0,10.0,1011.0,729.0,47737.0,2556.0,2556.0,26.0,431.0,2556.0,412.0,412.0,1.0,14.0,412.0,794.0,794.0,6.0,64.0,794.0,2576.0,53.5433730649182,25.717111770524234,53.5433730649182,53.55459174052423,52.872470784487,8.630621949431259,0.9891196834817013,8.630621949431259,8.632430280553985,8.615032408275356,16.632800553030144,5.9347181008902075,16.632800553030144,16.636285540679282,16.58483810951811,2.1178540754550976
RN,,RN,2019,12,"1,2,3,4,5,6,7,8,9,10,11,12",46907.0,17.0,190.0,703.0,46907.0,2802.0,2802.0,7.0,443.0,2802.0,578.0,578.0,0.0,21.0,578.0,1033.0,1033.0,1.0,60.0,1033.0,2864.0,59.73522075596393,36.8421052631579,59.73522075596393,59.75687779910429,58.39334288755311,12.322254674142451,0.0,12.322254674142451,12.326722115589678,12.294650851962967,22.02229944357985,5.2631578947368425,22.02229944357985,22.03028364256771,21.830167094499377,0.4050568145479353
RN,,RN,2020,12,"1,2,3,4,5,6,7,8,9,10,11,12",45169.0,10.0,736.0,747.0,45169.0,2614.0,2614.0,0.0,416.0,2614.0,414.0,414.0,0.0,17.0,414.0,1076.0,1076.0,0.0,107.0,1076.0,2675.0,57.87154907126569,0.0,57.87154907126569,57.88436413560974,56.7545004871826,9.165578162013771,0.0,9.165578162013771,9.167607785823424,9.112038190590583,23.821647590161394,0.0,23.821647590161394,23.826922651077304,23.67295743759294,1.629436117691337
RN,,RN,2021,12,"1,2,3,4,5,6,7,8,9,10,11,12",45195.0,23.0,1892.0,695.0,45195.0,2649.0,2661.0,1.0,376.0,2649.0,395.0,399.0,0.0,18.0,395.0,915.0,922.0,0.0,83.0,915.0,2693.0,58.61267839362761,0.5285412262156448,58.87819449054099,58.642521916231296,57.231205989330846,8.73990485673194,0.0,8.828410222369731,8.744354910121315,8.771454289824906,20.245602389644873,0.0,20.40048677951101,20.255910741167096,20.21459255880101,4.186303794667552
RN,,RN,2022,12,"1,2,3,4,5,6,7,8,9,10,11,12",40092.0,17.0,1457.0,607.0,40092.0,2701.0,2720.0,1.0,317.0,2701.0,435.0,436.0,1.0,13.0,435.0,888.0,902.0,1.0,101.0,888.0,2764.0,67.37004888755861,0.6863417982155113,67.84395889454255,67.39862757330006,65.09504567383021,10.850044896737504,0.6863417982155113,10.874987528684027,10.854647535870244,10.602360882276656,22.14905716851242,0.6863417982155113,22.49825401576374,22.15845290081098,21.585805655234367,3.6341414746084006
RN,,RN,2023,12,"1,2,3,4,5,6,7,8,9,10,11,12",41974.0,11.0,1870.0,777.0,41974.0,3261.0,3372.0,6.0,455.0,3261.0,377.0,385.0,1.0,14.0,377.0,812.0,852.0,4.0,84.0,812.0,3304.0,77.69095154143041,3.2085561497326203,80.33544575213227,77.71131711269452,74.60972481951839,8.98175060751894,0.5347593582887701,9.172344784866823,8.984105044920526,9.014861621291645,19.345309000810026,2.1390374331550803,20.298279887549434,19.350380096751902,19.106779219212143,4.455138895506742
RN,,RN,2024,12,"1,2,3,4,5,6,7,8,9,10,11,12",40199.0,6.0,2444.0,666.0,40199.0,3334.0,3533.0,2.0,348.0,3334.0,415.0,430.0,1.0,15.0,415.0,849.0,893.0,1.0,44.0,849.0,3395.0,82.9373865021518,0.8183306055646481,87.8877584019503,82.94976737242804,79.27917766078312,10.32363989153959,0.40916530278232405,10.696783502077166,10.325181001666957,9.9833898851879,21.119928356426776,0.40916530278232405,22.214482947336997,21.123081133530714,20.433626846152265,6.0797532276922315
RN,,RN,2025,12,"1,2,3,4,5,6,7,8,9,10,11,12",42211.0,15.0,5952.0,782.0,42211.0,3603.0,3869.0,25.0,406.0,3603.0,517.0,528.0,9.0,21.0,517.0,1029.0,1077.0,15.0,62.0,1029.0,3759.0,85.35689749117529,4.200268817204301,91.6585724100353,85.38724049672955,83.20318715587211,12.247992229513635,1.5120967741935485,12.508587808864988,12.252346193952034,11.889637409629266,24.37753192295847,2.5201612903225805,25.514676269218924,24.386197743861977,23.945751147094814,14.100589893629623
RS,,RS,2002,12,"1,2,3,4,5,6,7,8,9,10,11,12",131436.0,34.0,789.0,285.0,131436.0,3297.0,3317.0,3.0,44.0,3297.0,1011.0,1406.0,1.0,10.0,1011.0,1777.0,2178.0,1.0,23.0,1777.0,3339.0,25.08445174837944,3.802281368821293,25.236617060774826,25.09094229920397,24.648335777288125,7.69195654158678,1.267427122940431,10.69722146139566,7.69394681968311,7.608407962603641,13.519888006330078,1.267427122940431,16.570802519857573,13.52338624982877,13.338437305449638,0.6002921573997991
RS,,RS,2003,12,"1,2,3,4,5,6,7,8,9,10,11,12",125162.0,27.0,9749.0,260.0,125162.0,3679.0,3687.0,103.0,47.0,3679.0,868.0,1328.0,3.0,14.0,868.0,1627.0,2090.0,5.0,25.0,1627.0,3682.0,29.393905498473977,10.565186172940814,29.457822661830267,29.400247732448957,29.00404914747274,6.935012224157492,0.307723869114781,10.610249117144182,6.936508570743597,6.867622593184959,12.999153097585529,0.5128731151913016,16.698358926830828,13.001957885483678,12.84470818752102,7.7891053195059206
RS,,RS,2004,12,"1,2,3,4,5,6,7,8,9,10,11,12",128939.0,39.0,19474.0,272.0,128939.0,3793.0,3815.0,147.0,41.0,3793.0,905.0,1282.0,5.0,9.0,905.0,1817.0,2201.0,92.0,24.0,1817.0,3798.0,29.417011144804906,7.5485262401150255,29.587634462807994,29.425911559348332,29.01750783870482,7.018822854217886,0.2567525932011913,9.94268607636169,7.020946470131885,6.945462286480435,14.091934945982208,4.724247714901921,17.07008740567245,14.096198603568658,13.936949206427613,15.103265885418686
RS,,RS,2005,12,"1,2,3,4,5,6,7,8,9,10,11,12",121260.0,28.0,30333.0,240.0,121260.0,3295.0,3405.0,140.0,30.0,3295.0,788.0,1097.0,6.0,8.0,788.0,1409.0,1733.0,50.0,14.0,1409.0,3306.0,27.173016658419925,4.615435334454225,28.080158337456705,27.179292596014253,26.771894196293502,6.498433118918028,0.19780437147660962,9.04667656275771,6.499934010822225,6.435922278051055,11.619660234207489,1.6483697623050804,14.29160481609764,11.622343935594563,11.456103323744797,25.014844136566058
RS,,RS,2006,12,"1,2,3,4,5,6,7,8,9,10,11,12",114858.0,35.0,40546.0,250.0,114858.0,3271.0,3420.0,168.0,35.0,3271.0,786.0,1089.0,7.0,10.0,786.0,1495.0,1810.0,46.0,22.0,1495.0,3278.0,28.47864319420502,4.143442016475115,29.775897194797054,28.487323968194527,28.294907580008903,6.8432325131902,0.17264341735312977,9.481272527816957,6.845318446652674,6.787791803331039,13.01607201936304,1.1345138854634242,15.758588866252241,13.020039539116727,12.940574828659356,35.30098034094273
RS,,RS,2007,12,"1,2,3,4,5,6,7,8,9,10,11,12",108483.0,19.0,40292.0,206.0,108483.0,3116.0,3257.0,187.0,30.0,3116.0,771.0,1005.0,15.0,12.0,771.0,1404.0,1649.0,45.0,23.0,1404.0,3123.0,28.72339444889983,4.641119825275489,30.02313726574671,28.7284260215371,28.328689206427246,7.10710433892868,0.37228233892584134,9.264124332844778,7.10834931405812,7.083095664023867,12.942119963496586,1.1168470167775242,15.200538333195063,12.94438707774008,12.81129214740066,37.14130324566983
RS,,RS,2008,12,"1,2,3,4,5,6,7,8,9,10,11,12",105972.0,21.0,35271.0,196.0,105972.0,3691.0,3717.0,369.0,45.0,3691.0,1053.0,1059.0,19.0,4.0,1053.0,2313.0,2322.0,235.0,24.0,2313.0,3945.0,34.82995508247462,10.461852513396275,35.075302910202694,34.836858547819276,34.48616540384305,9.936587022987204,0.538686172776502,9.993205752462915,9.93855650253419,9.8010863302103,21.82652021288642,6.662697400130419,21.911448307099988,21.830846334626383,21.573629538501326,33.28332012229646
RS,,RS,2009,12,"1,2,3,4,5,6,7,8,9,10,11,12",107642.0,37.0,38343.0,213.0,107642.0,3666.0,3670.0,285.0,29.0,3666.0,1086.0,1089.0,7.0,7.0,1086.0,2193.0,2196.0,140.0,19.0,2193.0,3841.0,34.057338213708405,7.432908223143729,34.09449842998086,34.069048836020634,33.64721816062084,10.088998717972538,0.18256265811230213,10.116868880176883,10.092467822127224,9.961611491175557,20.373088571375487,3.6512531622460425,20.40095873357983,20.380093861809396,20.10114699975985,35.62085431337211
RS,,RS,2010,12,"1,2,3,4,5,6,7,8,9,10,11,12",105005.0,29.0,39468.0,198.0,105005.0,3813.0,3820.0,499.0,40.0,3813.0,908.0,909.0,4.0,6.0,908.0,2196.0,2200.0,255.0,23.0,2196.0,4001.0,36.31255654492643,12.643153947501773,36.37922003714109,36.322588020118886,35.97845868001286,8.647207275844007,0.10134792743488395,8.656730631874673,8.649596098155769,8.622829282612274,20.91328984334079,6.460930373973852,20.951383267463456,20.919067215363512,20.749316825111034,37.586781581829435
RS,,RS,2011,12,"1,2,3,4,5,6,7,8,9,10,11,12",105117.0,21.0,38893.0,192.0,105117.0,3769.0,3777.0,534.0,39.0,3769.0,948.0,951.0,4.0,4.0,948.0,2225.0,2231.0,349.0,26.0,2225.0,3872.0,35.855285063310404,13.729977116704806,35.93139073603699,35.862449569917025,35.39615506789625,9.018522218099832,0.10284627053711465,9.0470618453723,9.020324274948619,8.93214986323174,21.1668902270803,8.973337104363253,21.223969481625236,21.171119738144174,20.91636734870373,36.99972411693636
RS,,RS,2012,12,"1,2,3,4,5,6,7,8,9,10,11,12",105226.0,31.0,36153.0,209.0,105226.0,3372.0,3383.0,475.0,54.0,3372.0,776.0,779.0,3.0,15.0,776.0,2091.0,2104.0,355.0,44.0,2091.0,3443.0,32.045311995134284,13.13860537161508,32.14984889666052,32.05475545415656,31.758624935154703,7.374603234941935,0.08298066550493735,7.403113298994545,7.376776462759637,7.312872933789942,19.871514644669567,9.819378751417586,19.995058255564214,19.877370597461855,19.69023481973002,34.357478189801
RS,,RS,2013,12,"1,2,3,4,5,6,7,8,9,10,11,12",105838.0,22.0,31232.0,186.0,105838.0,3551.0,3557.0,492.0,50.0,3551.0,878.0,884.0,9.0,9.0,878.0,2201.0,2208.0,331.0,38.0,2201.0,3643.0,33.551276479147376,15.753073770491802,33.60796689279843,33.55825206017993,33.21539305666226,8.295697197603886,0.2881659836065574,8.352387611254937,8.29742193997127,8.246365607784208,20.795933407660765,10.598104508196721,20.862072223586992,20.80025704997354,20.634090864531647,29.509249985827395
RS,,RS,2014,12,"1,2,3,4,5,6,7,8,9,10,11,12",106826.0,13.0,24665.0,194.0,106826.0,3533.0,3541.0,274.0,42.0,3533.0,799.0,803.0,8.0,10.0,799.0,1856.0,1863.0,122.0,31.0,1856.0,3597.0,33.07247299346601,11.10885870666937,33.14736112931309,33.0764981790606,32.605672217884404,7.479452567726958,0.3243462396107845,7.516896635650497,7.480362877177871,7.428553892015695,17.374047516522197,4.946280154064464,17.43957463538839,17.376162077649724,17.19886785831659,23.088948383352367
RS,,RS,2015,12,"1,2,3,4,5,6,7,8,9,10,11,12",113169.0,31.0,24775.0,301.0,113169.0,3986.0,3996.0,348.0,72.0,3986.0,769.0,776.0,12.0,11.0,769.0,2121.0,2130.0,158.0,53.0,2121.0,4063.0,35.22165964177469,14.046417759838548,35.3100230628529,35.23131043504393,34.5200179707346,6.795147080914385,0.4843592330978809,6.857001475669132,6.797008962505966,6.746236936880701,18.741881610688438,6.377396569122099,18.821408689658828,18.74701691739292,18.41441429480973,21.892037572126643
RS,,RS,2016,12,"1,2,3,4,5,6,7,8,9,10,11,12",112498.0,23.0,24010.0,302.0,112498.0,4485.0,4501.0,445.0,72.0,4485.0,892.0,897.0,14.0,12.0,892.0,2045.0,2055.0,161.0,45.0,2045.0,4567.0,39.86737542000747,18.533944189920867,40.0096001706697,39.8755278950878,38.75505400794762,7.929029849419545,0.5830903790087464,7.973475084001493,7.93065125583463,7.821079439595923,18.178100944016784,6.705539358600583,18.26699141318068,18.181818181818183,17.81462857243574,21.342601646251488
RS,,RS,2017,12,"1,2,3,4,5,6,7,8,9,10,11,12",111636.0,27.0,26062.0,336.0,111636.0,4637.0,4666.0,557.0,122.0,4637.0,869.0,879.0,24.0,16.0,869.0,2083.0,2095.0,200.0,65.0,2083.0,4708.0,41.53678025009854,21.372112654439412,41.7965530832348,41.546828660771084,40.307255966382236,7.784227310186679,0.9208809761338347,7.8738041491991835,7.786110439122293,7.794321093436884,18.658855566304776,7.674008134448623,18.766347773119783,18.663369441532492,18.398470796220906,23.345515783439033
RS,,RS,2018,12,"1,2,3,4,5,6,7,8,9,10,11,12",112405.0,34.0,24926.0,286.0,112405.0,4857.0,4875.0,578.0,89.0,4857.0,848.0,855.0,21.0,18.0,848.0,2043.0,2054.0,158.0,62.0,2043.0,4937.0,43.20982162715182,23.18863836957394,43.369956852453186,43.22289558693969,41.73075702034313,7.544148391975446,0.8424937815935168,7.606423201814866,7.546431018679197,7.517488130497728,18.175348071704995,6.338762737703603,18.27320848716694,18.180847371652828,17.776400099814342,22.175170143676883
RS,,RS,2019,12,"1,2,3,4,5,6,7,8,9,10,11,12",111980.0,19.0,11704.0,307.0,111980.0,4830.0,4849.0,236.0,96.0,4830.0,765.0,773.0,8.0,13.0,765.0,1908.0,1920.0,72.0,58.0,1908.0,4951.0,43.13270226826219,20.164046479835953,43.30237542418289,43.140021971936655,41.233506875244366,6.831577067333453,0.683526999316473,6.903018396142168,6.832736399281893,6.835456563599391,17.03875692087873,6.151742993848257,17.1459189140918,17.041648431150133,16.57441851694421,10.451866404715128
RS,,RS,2020,12,"1,2,3,4,5,6,7,8,9,10,11,12",108097.0,25.0,7370.0,292.0,108097.0,4686.0,4744.0,193.0,106.0,4686.0,778.0,785.0,7.0,17.0,778.0,1884.0,1894.0,51.0,61.0,1884.0,4777.0,43.34995420779485,26.187245590230663,43.886509338834564,43.35998223406618,41.34854181502393,7.197239516360306,0.9497964721845319,7.261996170106478,7.198904434080983,7.282959484583335,17.42879080825555,6.919945725915875,17.521300313607224,17.432822562735954,17.217532456479915,6.817950544418439
RS,,RS,2021,12,"1,2,3,4,5,6,7,8,9,10,11,12",102543.0,36.0,5822.0,296.0,102543.0,4533.0,4554.0,143.0,75.0,4533.0,703.0,708.0,5.0,18.0,703.0,1856.0,1866.0,32.0,59.0,1856.0,4629.0,44.205845352681315,24.562006183442115,44.41063748866329,44.22137024788551,41.636592461245364,6.855660552158606,0.8588114050154586,6.904420584535268,6.858068229486767,6.779863437155054,18.099724018216747,5.496392992098935,18.19724408297007,18.106080560351977,17.465129439727203,5.677618169938465
RS,,RS,2022,12,"1,2,3,4,5,6,7,8,9,10,11,12",101220.0,18.0,6234.0,286.0,101220.0,4658.0,4769.0,176.0,74.0,4658.0,685.0,686.0,5.0,19.0,685.0,1805.0,1808.0,43.0,51.0,1805.0,4775.0,46.01857340446552,28.232274623034968,47.11519462556807,46.0267583644592,43.71084913770966,6.7674372653625765,0.8020532563362207,6.77731673582296,6.7686409359498825,6.785931868029704,17.8324441809919,6.897658004491499,17.86208259237305,17.835615896919034,17.380352441670016,6.158861885002964
RS,,RS,2023,12,"1,2,3,4,5,6,7,8,9,10,11,12",102622.0,24.0,7215.0,339.0,102622.0,4950.0,4989.0,246.0,109.0,4950.0,772.0,777.0,9.0,15.0,772.0,1876.0,1886.0,49.0,66.0,1876.0,5063.0,48.235271189413574,34.0956340956341,48.615306659390775,48.24655451373321,45.79393787475992,7.522753405702481,1.2474012474012475,7.571475901853404,7.524513148404452,7.413767074774943,18.280680555826237,6.791406791406791,18.378125548128082,18.284956821770404,17.557110557624984,7.03065619457816
RS,,RS,2024,12,"1,2,3,4,5,6,7,8,9,10,11,12",94564.0,29.0,8698.0,317.0,94564.0,4821.0,4866.0,294.0,83.0,4821.0,786.0,797.0,3.0,10.0,786.0,1928.0,1949.0,60.0,42.0,1928.0,4950.0,50.98134596675268,33.8008737640837,51.457214161837484,50.99698524356059,48.24183508815702,8.311831140814686,0.3449068751437112,8.428154477390974,8.314380917120642,8.320057897334928,20.388308447189207,6.898137502874224,20.610380271562118,20.394562860316285,19.744916080055795,9.1980034685504
RS,,RS,2025,12,"1,2,3,4,5,6,7,8,9,10,11,12",98477.0,22.0,11669.0,375.0,98477.0,4818.0,4835.0,428.0,111.0,4818.0,921.0,924.0,9.0,14.0,921.0,1984.0,1989.0,81.0,60.0,1984.0,5001.0,48.925129725722755,36.678378609992286,49.09775886755283,48.93606216037784,46.571031906509184,9.352437625029195,0.7712743165652584,9.382901591234502,9.354527449088415,9.31240415985783,20.146836317109578,6.941468849087325,20.197609594118422,20.15133817480067,19.378507374628075,11.849467388324177
RO,,RO,2002,12,"1,2,3,4,5,6,7,8,9,10,11,12",21013.0,10.0,550.0,6.0,21013.0,488.0,560.0,0.0,1.0,488.0,336.0,339.0,0.0,1.0,336.0,429.0,453.0,0.0,1.0,429.0,489.0,23.223718650359302,0.0,26.650168943035265,23.234775984383184,25.76559878157836,15.990101365821157,0.0,16.13287012801599,15.997714612198257,17.50885989437776,20.41593299386094,0.0,21.558083091419597,20.42565347807456,22.874964329922662,2.617427306905249
RO,,RO,2003,12,"1,2,3,4,5,6,7,8,9,10,11,12",20237.0,10.0,1488.0,2.0,20237.0,378.0,423.0,2.0,0.0,378.0,245.0,255.0,0.0,0.0,245.0,321.0,334.0,0.0,0.0,321.0,378.0,18.6786579038395,1.3440860215053763,20.902307654296585,18.687892421021406,20.419008538266066,12.106537530266344,0.0,12.600681919256807,12.112522865476837,12.930439508336795,15.862034886593863,0.0,16.504422592281465,15.869876897216592,17.39559212626846,7.35286850817809
RO,,RO,2004,12,"1,2,3,4,5,6,7,8,9,10,11,12",21403.0,3.0,2286.0,1.0,21403.0,439.0,445.0,1.0,0.0,439.0,307.0,313.0,0.0,0.0,307.0,371.0,377.0,1.0,0.0,371.0,439.0,20.51114329766855,0.4374453193350831,20.791477830210717,20.514018691588785,23.61877947553269,14.343783581740878,0.0,14.624118114283045,14.345794392523365,16.161305298193525,17.334018595523993,0.4374453193350831,17.61435312806616,17.33644859813084,19.79517348318193,10.680745689856563
RO,,RO,2005,12,"1,2,3,4,5,6,7,8,9,10,11,12",19995.0,5.0,1548.0,2.0,19995.0,367.0,380.0,4.0,0.0,367.0,237.0,241.0,0.0,0.0,237.0,316.0,322.0,3.0,0.0,316.0,369.0,18.35458864716179,2.5839793281653747,19.00475118779695,18.3591795897949,20.139211879610805,11.852963240810203,0.0,12.053013253313328,11.85592796398199,12.369120651818854,15.803950987746937,1.937984496124031,16.104026006501627,15.807903951975987,17.17793278320156,7.741935483870968
RO,,RO,2006,12,"1,2,3,4,5,6,7,8,9,10,11,12",20605.0,3.0,1865.0,1.0,20605.0,313.0,324.0,3.0,0.0,313.0,220.0,227.0,0.0,0.0,220.0,263.0,271.0,1.0,0.0,263.0,314.0,15.190487745692794,1.6085790884718498,15.72433875272992,15.192699737889525,16.70478986573212,10.677020140742538,0.0,11.016743508857074,10.6785748956412,11.808789381974734,12.763892259160398,0.5361930294906166,13.15214753700558,12.76575089797107,13.973425537604738,9.051201164765834
RO,,RO,2007,12,"1,2,3,4,5,6,7,8,9,10,11,12",19899.0,4.0,2856.0,4.0,19899.0,338.0,346.0,7.0,0.0,338.0,198.0,200.0,0.0,0.0,198.0,241.0,243.0,0.0,0.0,241.0,338.0,16.98577817980803,2.450980392156863,17.387808432584553,16.989193264639358,18.60690177401165,9.950248756218905,0.0,10.050756319413036,9.952249308871576,10.067570266726802,12.111161364892709,0.0,12.211668928086839,12.113596381000251,12.949439140408755,14.352480024121816
RO,,RO,2008,12,"1,2,3,4,5,6,7,8,9,10,11,12",15252.0,3.0,2249.0,4.0,15252.0,352.0,366.0,6.0,2.0,352.0,69.0,73.0,0.0,1.0,69.0,321.0,335.0,0.0,2.0,321.0,365.0,23.078940466824022,2.667852378835038,23.996852871754523,23.083480883992394,24.219743283950095,4.523996852871755,0.0,4.786257539994755,4.524886877828054,4.946867101487335,21.04642014162077,0.0,21.964332546551272,21.050560692504426,22.385652732024226,14.74560713349069
RO,,RO,2009,12,"1,2,3,4,5,6,7,8,9,10,11,12",19033.0,25.0,3792.0,2.0,19033.0,448.0,452.0,17.0,0.0,448.0,202.0,202.0,0.0,0.0,202.0,392.0,393.0,6.0,0.0,392.0,458.0,23.538065465244575,4.4831223628691985,23.7482267640414,23.569023569023567,24.831544229973467,10.61314558923974,0.0,10.61314558923974,10.627104377104377,11.492048545543732,20.595807282089,1.5822784810126582,20.64834760678821,20.622895622895623,21.932278419715242,19.92329112593916
RO,,RO,2010,12,"1,2,3,4,5,6,7,8,9,10,11,12",18550.0,3.0,4662.0,14.0,18550.0,487.0,496.0,24.0,10.0,487.0,212.0,215.0,0.0,2.0,212.0,409.0,415.0,10.0,10.0,409.0,490.0,26.253369272237197,5.148005148005148,26.73854447439353,26.257615786919718,27.7032588288897,11.428571428571429,0.0,11.590296495956874,11.43042001401844,12.505481752822865,22.048517520215633,2.145002145002145,22.371967654986523,22.052083894969538,23.25878043318776,25.132075471698112
RO,,RO,2011,12,"1,2,3,4,5,6,7,8,9,10,11,12",20278.0,1.0,3495.0,10.0,20278.0,686.0,690.0,17.0,2.0,686.0,212.0,214.0,2.0,0.0,212.0,435.0,438.0,11.0,2.0,435.0,703.0,33.829766249136995,4.86409155937053,34.02702436137686,33.83143463036939,34.86991493304988,10.45467994871289,0.5722460658082976,10.553309004832824,10.455195541746807,10.552093080250978,21.451819706085413,3.1473533619456364,21.59976329026531,21.452877644621985,21.932266003732867,17.235427556958278
RO,,RO,2012,12,"1,2,3,4,5,6,7,8,9,10,11,12",19604.0,2.0,3013.0,13.0,19604.0,637.0,640.0,24.0,5.0,637.0,218.0,218.0,0.0,1.0,218.0,333.0,334.0,7.0,6.0,333.0,651.0,32.49336870026525,7.965482907401261,32.646398694144054,32.49668401183553,33.798609976852184,11.120179555192818,0.0,11.120179555192818,11.121314151617183,12.020829857949762,16.986329320546826,2.3232658479920345,17.037339318506426,16.988062442607898,17.792025568530956,15.369312385227504
RO,,RO,2013,12,"1,2,3,4,5,6,7,8,9,10,11,12",22382.0,12.0,1676.0,25.0,22382.0,948.0,952.0,12.0,7.0,948.0,272.0,272.0,0.0,0.0,272.0,501.0,502.0,10.0,4.0,501.0,965.0,42.355464212313464,7.159904534606206,42.534179251183986,42.37818506928922,43.50757925725808,12.152622643195425,0.0,12.152622643195425,12.159141707644165,12.889051959976264,22.384058618532748,5.966587112171838,22.42873737825038,22.396066160035762,22.944170939303994,7.488160128674828
RO,,RO,2014,12,"1,2,3,4,5,6,7,8,9,10,11,12",23851.0,11.0,1807.0,33.0,23851.0,872.0,877.0,6.0,3.0,872.0,205.0,205.0,0.0,0.0,205.0,418.0,421.0,1.0,3.0,418.0,881.0,36.56031193660643,3.320420586607637,36.769946752756695,36.577181208053695,38.16522588753903,8.595027462160916,0.0,8.595027462160916,8.598993288590604,8.923795626285795,17.525470630162257,0.5534034311012729,17.651251519852416,17.533557046979865,18.049757063292134,7.576202255670622
RO,,RO,2015,12,"1,2,3,4,5,6,7,8,9,10,11,12",23384.0,3.0,841.0,23.0,23384.0,693.0,693.0,0.0,5.0,693.0,140.0,140.0,0.0,0.0,140.0,325.0,325.0,0.0,3.0,325.0,709.0,29.63564830653438,0.0,29.63564830653438,29.63945083614901,29.89955079279684,5.986999657885733,0.0,5.986999657885733,5.987767845686669,5.950698773951215,13.898392062949025,0.0,13.898392062949025,13.900175356058337,13.915190477895953,3.5964762230585015
RO,,RO,2016,12,"1,2,3,4,5,6,7,8,9,10,11,12",24077.0,5.0,1161.0,31.0,24077.0,613.0,615.0,5.0,9.0,613.0,112.0,113.0,0.0,0.0,112.0,371.0,372.0,1.0,8.0,371.0,623.0,25.459982555966274,4.306632213608958,25.54304938322881,25.465270854104354,25.481053693629487,4.651742326701831,0.0,4.693275740333098,4.652708541043536,4.520457668285124,15.408896457199818,0.8613264427217916,15.450429870831083,15.412097042206714,15.294960316491022,4.822029322590024
RO,,RO,2017,12,"1,2,3,4,5,6,7,8,9,10,11,12",25909.0,6.0,1586.0,37.0,25909.0,792.0,797.0,11.0,4.0,792.0,133.0,135.0,0.0,1.0,133.0,367.0,370.0,1.0,5.0,367.0,814.0,30.568528310625652,6.935687263556116,30.761511443899803,30.575609002818208,30.926307174852752,5.133351345092439,0.0,5.2105445984021,5.134540400725784,5.20312719313035,14.164961982322746,0.6305170239596469,14.280751862287236,14.168243060649345,14.3000393340241,6.121424987456097
RO,,RO,2018,12,"1,2,3,4,5,6,7,8,9,10,11,12",27533.0,9.0,1542.0,29.0,27533.0,730.0,734.0,13.0,8.0,730.0,165.0,168.0,1.0,1.0,165.0,378.0,382.0,5.0,7.0,378.0,746.0,26.513638179638978,8.430609597924773,26.65891838884248,26.52230780409824,26.763811522856887,5.9928086296444265,0.648508430609598,6.101768786547052,5.994768202296178,6.06459302072946,13.728979769730868,3.2425421530479897,13.87425997893437,13.733468972533062,13.902046497433595,5.600552064794973
RO,,RO,2019,12,"1,2,3,4,5,6,7,8,9,10,11,12",27142.0,9.0,718.0,39.0,27142.0,748.0,748.0,2.0,12.0,748.0,142.0,142.0,0.0,0.0,142.0,331.0,332.0,0.0,10.0,331.0,767.0,27.55876501363201,2.785515320334262,27.55876501363201,27.567906239634393,27.721082083353778,5.231744160341906,0.0,5.231744160341906,5.233479526775513,5.334093573056854,12.195121951219512,0.0,12.231965219954315,12.199167065934471,12.37923110106259,2.6453466951587945
RO,,RO,2020,12,"1,2,3,4,5,6,7,8,9,10,11,12",24846.0,7.0,903.0,33.0,24846.0,571.0,571.0,4.0,7.0,571.0,127.0,127.0,0.0,0.0,127.0,323.0,323.0,1.0,6.0,323.0,585.0,22.98156644932786,4.4296788482834994,22.98156644932786,22.988042996900035,22.99749839946223,5.111486758431941,0.0,5.111486758431941,5.1129272514996575,5.200123522053967,13.000080495854464,1.1074197120708749,13.000080495854464,13.003744112081806,13.0677684739324,3.6343878290268052
RO,,RO,2021,12,"1,2,3,4,5,6,7,8,9,10,11,12",23897.0,7.0,938.0,17.0,23897.0,387.0,391.0,2.0,5.0,387.0,80.0,80.0,0.0,2.0,80.0,240.0,242.0,0.0,7.0,240.0,406.0,16.194501401849603,2.1321961620469083,16.361886429258902,16.19924654667225,16.103791144943905,3.3477005481859647,0.0,3.3477005481859647,3.3486814566764336,3.30260837805649,10.043101644557895,0.0,10.126794158262543,10.046044370029302,10.024412892885154,3.9251788927480438
RO,,RO,2022,12,"1,2,3,4,5,6,7,8,9,10,11,12",23648.0,7.0,1033.0,23.0,23648.0,529.0,532.0,3.0,5.0,529.0,92.0,92.0,0.0,1.0,92.0,311.0,313.0,2.0,5.0,311.0,558.0,22.369756427604873,2.904162633107454,22.49661705006766,22.376380017765747,22.471763980740498,3.8903924221921518,0.0,3.8903924221921518,3.891544350915782,3.9706714600009776,13.151217861975642,1.936108422071636,13.235791610284167,13.155111881900089,13.284193304555123,4.368234100135318
RO,,RO,2023,12,"1,2,3,4,5,6,7,8,9,10,11,12",24731.0,5.0,1216.0,32.0,24731.0,486.0,491.0,5.0,8.0,486.0,114.0,115.0,1.0,0.0,114.0,293.0,297.0,4.0,3.0,293.0,522.0,19.65144959767094,4.1118421052631575,19.853625005054386,19.6554234409124,19.237254193363526,4.609599288342566,0.8223684210526315,4.650034369819255,4.61053142441155,4.62025236027914,11.847478872669928,3.289473684210526,12.009219198576686,11.849874625899863,11.677796916551815,4.916905907565404
RO,,RO,2024,12,"1,2,3,4,5,6,7,8,9,10,11,12",23776.0,2.0,1827.0,45.0,23776.0,468.0,476.0,6.0,13.0,468.0,116.0,118.0,3.0,2.0,116.0,302.0,309.0,7.0,8.0,302.0,510.0,19.68371467025572,3.284072249589491,20.020188425302827,19.685370572894758,19.24303707606488,4.878869448183042,1.6420361247947455,4.962987886944818,4.879279885589299,4.848937524532813,12.701884253028263,3.8314176245210727,12.996298788694482,12.702952805585934,12.579439551553056,7.68421938088829
RO,,RO,2025,12,"1,2,3,4,5,6,7,8,9,10,11,12",25468.0,5.0,934.0,28.0,25468.0,605.0,630.0,4.0,12.0,605.0,166.0,169.0,1.0,1.0,166.0,384.0,396.0,3.0,11.0,384.0,634.0,23.755300769593216,4.282655246252677,24.736924768336735,23.75996544005027,23.21850440156586,6.517983351656981,1.0706638115631693,6.635778231506204,6.519263244708008,6.518016311040291,15.077744620700487,3.2119914346895073,15.548924140097377,15.080705337155873,15.024764832866067,3.6673472593057954
RR,,RR,2002,12,"1,2,3,4,5,6,7,8,9,10,11,12",4775.0,0.0,0.0,0.0,4775.0,109.0,109.0,0.0,0.0,109.0,59.0,59.0,0.0,0.0,59.0,67.0,67.0,0.0,0.0,67.0,109.0,22.827225130890053,,22.827225130890053,22.827225130890053,23.348536910701366,12.356020942408376,,12.356020942408376,12.356020942408376,12.356383571902903,14.031413612565444,,14.031413612565444,14.031413612565444,13.991093605535362,0.0
RR,,RR,2003,12,"1,2,3,4,5,6,7,8,9,10,11,12",4561.0,2.0,0.0,4.0,4561.0,127.0,127.0,0.0,0.0,127.0,40.0,40.0,0.0,0.0,40.0,47.0,47.0,0.0,0.0,47.0,127.0,27.844770883578164,,27.844770883578164,27.856986181180083,27.363402840770558,8.770006577504933,,8.770006577504933,8.77385391533231,8.06578885182055,10.304757728568296,,10.304757728568296,10.309278350515465,9.698580588117634,0.0
RR,,RR,2004,12,"1,2,3,4,5,6,7,8,9,10,11,12",6785.0,1.0,31.0,27.0,6785.0,207.0,207.0,7.0,2.0,207.0,62.0,62.0,0.0,1.0,62.0,76.0,77.0,0.0,1.0,76.0,207.0,30.508474576271187,225.80645161290323,30.508474576271187,30.51297169811321,31.83920594265503,9.137803979366248,0.0,9.137803979366248,9.139150943396226,9.188993397108883,11.201179071481208,0.0,11.348563006632277,11.202830188679245,11.784815406068942,0.45689019896831246
RR,,RR,2005,12,"1,2,3,4,5,6,7,8,9,10,11,12",7884.0,3.0,0.0,21.0,7884.0,80.0,81.0,0.0,1.0,80.0,62.0,62.0,0.0,1.0,62.0,72.0,72.0,0.0,1.0,72.0,80.0,10.147133434804667,,10.273972602739725,10.150996066489025,11.031084780051197,7.864028411973617,,7.864028411973617,7.867021951528994,7.8302970322331324,9.132420091324201,,9.132420091324201,9.135896459840122,9.674146527175738,0.0
RR,,RR,2006,12,"1,2,3,4,5,6,7,8,9,10,11,12",8773.0,1.0,0.0,13.0,8773.0,102.0,102.0,0.0,1.0,102.0,85.0,85.0,0.0,0.0,85.0,95.0,95.0,0.0,1.0,95.0,102.0,11.62658155705004,,11.62658155705004,11.627906976744185,11.41393504916965,9.688817964208367,,9.688817964208367,9.689922480620154,9.195391740417612,10.828678901174056,,10.828678901174056,10.829913360693114,10.529471368380891,0.0
RR,,RR,2007,12,"1,2,3,4,5,6,7,8,9,10,11,12",7452.0,1.0,0.0,2.0,7452.0,96.0,98.0,0.0,0.0,96.0,69.0,70.0,0.0,0.0,69.0,84.0,86.0,0.0,0.0,84.0,97.0,12.882447665056361,,13.150831991411701,12.88417662058784,13.173057509304233,9.25925925925926,,9.39345142243693,9.26050194604751,9.462768494123708,11.272141706924316,,11.540526033279656,11.273654543014361,11.557315694344082,0.0
RR,,RR,2008,12,"1,2,3,4,5,6,7,8,9,10,11,12",8607.0,1.0,337.0,2.0,8607.0,138.0,140.0,0.0,1.0,138.0,121.0,122.0,0.0,1.0,121.0,126.0,127.0,0.0,1.0,126.0,138.0,16.03346113628442,0.0,16.265830138259556,16.03532419242389,15.772870103453483,14.058324619495759,0.0,14.174509120483327,14.059958168719499,13.654379573906398,14.6392471244336,0.0,14.755431625421169,14.640948175691378,14.228479660527885,3.91541768328105
RR,,RR,2009,12,"1,2,3,4,5,6,7,8,9,10,11,12",10216.0,2.0,1704.0,2.0,10216.0,355.0,359.0,1.0,0.0,355.0,276.0,276.0,0.0,0.0,276.0,298.0,299.0,0.0,0.0,298.0,356.0,34.74941268598277,0.5868544600938967,35.14095536413469,34.75621695711768,34.958479099582746,27.016444792482382,0.0,27.016444792482382,27.021734873702762,26.557144689877568,29.169929522317933,0.0,29.267815191855913,29.17564127667907,28.748009269853473,16.67971808927173
RR,,RR,2010,12,"1,2,3,4,5,6,7,8,9,10,11,12",9056.0,5.0,2199.0,0.0,9056.0,442.0,458.0,29.0,0.0,442.0,239.0,240.0,0.0,0.0,239.0,288.0,290.0,0.0,0.0,288.0,445.0,48.80742049469965,13.18781264211005,50.57420494699647,48.83438294111148,50.00160405562747,26.391342756183747,0.0,26.501766784452297,26.40592199756933,26.42707349838734,31.802120141342755,0.0,32.022968197879855,31.819688432217436,31.865433708452446,24.282243816254418
RR,,RR,2011,12,"1,2,3,4,5,6,7,8,9,10,11,12",8374.0,1.0,2627.0,0.0,8374.0,845.0,871.0,42.0,0.0,845.0,242.0,243.0,0.0,0.0,242.0,720.0,727.0,10.0,0.0,720.0,847.0,100.90757105326009,15.987818804720213,104.0124193933604,100.91962259644095,103.24009791989383,28.89897301170289,0.0,29.0183902555529,28.902424459572437,28.649712863444048,85.9804155720086,3.806623524933384,86.81633627895869,85.99068434252956,87.9176450893702,31.370909959398137
RR,,RR,2012,12,"1,2,3,4,5,6,7,8,9,10,11,12",10665.0,0.0,3871.0,0.0,10665.0,521.0,593.0,69.0,0.0,521.0,195.0,200.0,0.0,0.0,195.0,239.0,250.0,12.0,0.0,239.0,521.0,48.85138302859822,17.82485145957117,55.60243788091889,48.85138302859822,49.74113279524751,18.28410689170183,0.0,18.75293014533521,18.28410689170183,17.679884726077503,22.409751523675574,3.0999741668819425,23.44116268166901,22.409751523675574,21.965318870522367,36.2962962962963
RR,,RR,2013,12,"1,2,3,4,5,6,7,8,9,10,11,12",12656.0,0.0,3879.0,1.0,12656.0,566.0,657.0,56.0,0.0,566.0,256.0,257.0,1.0,0.0,256.0,312.0,321.0,12.0,0.0,312.0,567.0,44.721871049304674,14.436710492394948,51.91213653603034,44.721871049304674,45.13807987106389,20.2275600505689,0.25779840164990975,20.306573957016436,20.2275600505689,19.73607197829869,24.652338811630848,3.0935808197989174,25.36346396965866,24.652338811630848,24.372694965713038,30.649494310998737
RR,,RR,2014,12,"1,2,3,4,5,6,7,8,9,10,11,12",10746.0,0.0,1381.0,2.0,10746.0,555.0,694.0,19.0,1.0,555.0,252.0,265.0,0.0,0.0,252.0,295.0,322.0,4.0,1.0,295.0,557.0,51.64712451144612,13.758146270818248,64.5821701098083,51.64712451144612,51.91156335778623,23.450586264656618,0.0,24.66033873069049,23.450586264656618,22.87781200502931,27.452075190768657,2.896451846488052,29.96463800483901,27.452075190768657,26.894436159362968,12.851293504559836
RR,,RR,2015,12,"1,2,3,4,5,6,7,8,9,10,11,12",12506.0,1.0,2169.0,2.0,12506.0,549.0,625.0,40.0,1.0,549.0,288.0,296.0,1.0,2.0,288.0,341.0,358.0,12.0,2.0,341.0,551.0,43.89892851431313,18.441678192715536,49.97601151447305,43.90243902439025,43.78634370892759,23.02894610586918,0.46104195481788846,23.668639053254438,23.03078768492603,22.536621723089407,27.266911882296498,5.532503457814661,28.626259395490166,27.269092363054778,26.786662502295155,17.343675035982727
RR,,RR,2016,12,"1,2,3,4,5,6,7,8,9,10,11,12",12248.0,0.0,1025.0,2.0,12248.0,524.0,606.0,13.0,0.0,524.0,240.0,241.0,0.0,0.0,240.0,285.0,290.0,2.0,0.0,285.0,529.0,42.78249510124102,12.682926829268293,49.477465708687134,42.78249510124102,42.673847199120964,19.595035924232526,0.0,19.676681907250163,19.595035924232526,19.2799363873907,23.269105160026125,1.951219512195122,23.677335075114303,23.269105160026125,22.925603294303464,8.368713259307642
RR,,RR,2017,12,"1,2,3,4,5,6,7,8,9,10,11,12",14359.0,3.0,2668.0,0.0,14359.0,615.0,682.0,17.0,0.0,615.0,370.0,371.0,0.0,0.0,370.0,443.0,455.0,4.0,0.0,443.0,620.0,42.830280660213106,6.371814092953524,47.49634375652901,42.83923098356088,42.71747894642553,25.767811128908697,0.0,25.837453861689532,25.77319587628866,25.70862975866395,30.851730621909603,1.4992503748125936,31.687443415279617,30.85817776539426,30.776381873341087,18.580681105926597
RR,,RR,2018,12,"1,2,3,4,5,6,7,8,9,10,11,12",16713.0,2.0,1718.0,0.0,16713.0,644.0,698.0,15.0,0.0,644.0,342.0,343.0,0.0,0.0,342.0,470.0,502.0,7.0,0.0,470.0,647.0,38.53287859749895,8.731082654249127,41.76389636809669,38.5374902758662,38.40226071833062,20.46311254711901,0.0,20.522946209537487,20.4655616061277,20.4295049892787,28.121821336684018,4.074505238649593,30.03649853407527,28.125187002573156,28.053417938149185,10.279423203494286
RR,,RR,2019,12,"1,2,3,4,5,6,7,8,9,10,11,12",17449.0,3.0,104.0,0.0,17449.0,714.0,751.0,0.0,0.0,714.0,403.0,407.0,0.0,0.0,403.0,531.0,555.0,0.0,0.0,531.0,715.0,40.919250386841654,0.0,43.03971574302252,40.92628682792617,40.88610761514609,23.09587942002407,0.0,23.32511891798957,23.09985096870343,23.133501270581796,30.431543354920052,0.0,31.80698034271305,30.436776338415683,30.509696745090164,0.5960226947102986
RR,,RR,2020,12,"1,2,3,4,5,6,7,8,9,10,11,12",15767.0,5.0,50.0,0.0,15767.0,650.0,681.0,0.0,0.0,650.0,394.0,400.0,0.0,0.0,394.0,500.0,519.0,0.0,0.0,500.0,651.0,41.225344073063994,0.0,43.19147586731781,41.23842152011166,41.20912653863841,24.988900868903407,0.0,25.36944250650092,24.996827813729222,25.198321876935314,31.71180313312615,0.0,32.916851652184945,31.7218627077782,31.925964381373127,0.3171180313312615
RR,,RR,2021,12,"1,2,3,4,5,6,7,8,9,10,11,12",15317.0,7.0,33.0,3.0,15317.0,568.0,600.0,0.0,2.0,568.0,345.0,351.0,0.0,0.0,345.0,436.0,452.0,0.0,2.0,436.0,568.0,37.08297969576288,0.0,39.172161650453745,37.09993468321358,36.83576407879536,22.523992949010903,0.0,22.91571456551544,22.534291312867406,22.482591976997437,28.465104132663054,0.0,29.509695110008487,28.478118876551274,28.333663042381193,0.2154468890774956
RR,,RR,2022,12,"1,2,3,4,5,6,7,8,9,10,11,12",14694.0,1.0,0.0,3.0,14694.0,561.0,599.0,0.0,2.0,561.0,372.0,376.0,0.0,0.0,372.0,452.0,477.0,0.0,2.0,452.0,590.0,38.17884850959575,,40.76493806996053,38.181446947526034,38.232094059691136,25.31645569620253,,25.58867564992514,25.318178724562717,25.408032471593295,30.76085477065469,,32.46222948142099,30.76294834274825,30.976125005210285,0.0
RR,,RR,2023,12,"1,2,3,4,5,6,7,8,9,10,11,12",12365.0,9.0,0.0,7.0,12365.0,586.0,609.0,0.0,3.0,586.0,374.0,375.0,0.0,0.0,374.0,467.0,482.0,0.0,3.0,467.0,593.0,47.3918317832592,,49.25192074403559,47.426351570087405,47.62666704733316,30.246663970885564,,30.327537403962797,30.26869537067012,30.7167544459465,37.767893247068336,,38.98099474322685,37.795403043056005,38.25535951528347,0.0
RR,,RR,2024,12,"1,2,3,4,5,6,7,8,9,10,11,12",8580.0,14.0,50.0,3.0,8580.0,300.0,317.0,1.0,1.0,300.0,140.0,144.0,0.0,0.0,140.0,231.0,244.0,0.0,1.0,231.0,319.0,34.96503496503497,20.0,36.946386946386944,35.02218071445249,35.27424651859869,16.317016317016318,0.0,16.783216783216783,16.34368433341116,16.612136312182184,26.923076923076923,0.0,28.43822843822844,26.967079150128416,27.405509814412667,0.5827505827505828
RR,,RR,2025,12,"1,2,3,4,5,6,7,8,9,10,11,12",10306.0,7.0,109.0,2.0,10306.0,502.0,579.0,0.0,1.0,502.0,212.0,225.0,0.0,0.0,212.0,274.0,311.0,0.0,1.0,274.0,515.0,48.70948961769843,0.0,56.18086551523385,48.74259636857948,48.50501009897684,20.570541432175432,0.0,21.83194255773336,20.584522769200895,20.862228933395368,26.586454492528624,0.0,30.17659615757811,26.604524711137003,26.881612716840912,1.0576363283524162
SC,,SC,2002,12,"1,2,3,4,5,6,7,8,9,10,11,12",77560.0,24.0,4613.0,152.0,77560.0,2398.0,2409.0,100.0,41.0,2398.0,1844.0,1848.0,100.0,15.0,1844.0,2991.0,3000.0,154.0,36.0,2991.0,3779.0,30.917998968540484,21.677866897897246,31.059824651882412,30.927569129178703,31.100618876459365,23.775141825683342,21.677866897897246,23.826714801444044,23.782501031778786,23.798511812892734,38.56369262506447,33.38391502276176,38.679731820526044,38.57562938505984,38.65539541040475,5.947653429602888
SC,,SC,2003,12,"1,2,3,4,5,6,7,8,9,10,11,12",70815.0,14.0,16265.0,100.0,70815.0,2216.0,2225.0,345.0,28.0,2216.0,1055.0,1057.0,214.0,10.0,1055.0,1871.0,1880.0,355.0,20.0,1871.0,2860.0,31.29280519663913,21.211189671072855,31.419896914495517,31.298992952076947,31.41632158283933,14.89797359316529,13.157085766984322,14.926216197133376,14.90091947853844,14.94240511967181,26.42095601214432,21.826006762988012,26.548047730000707,26.42618042118049,26.52340677217145,22.968297677045825
SC,,SC,2004,12,"1,2,3,4,5,6,7,8,9,10,11,12",69646.0,29.0,20461.0,118.0,69646.0,2274.0,2278.0,515.0,22.0,2274.0,858.0,859.0,241.0,5.0,858.0,1512.0,1514.0,346.0,12.0,1512.0,2734.0,32.650834218763464,25.169835296417574,32.708267524337366,32.664435410891016,32.757908117875196,12.319444045602044,11.778505449391526,12.333802371995521,12.324575893819038,12.397634419218884,21.70978950693507,16.91021944186501,21.73850615972202,21.71883304365313,21.800961519894592,29.378571633690377
SC,,SC,2005,12,"1,2,3,4,5,6,7,8,9,10,11,12",71679.0,17.0,21829.0,144.0,71679.0,2628.0,2639.0,593.0,39.0,2628.0,905.0,908.0,233.0,7.0,905.0,1604.0,1610.0,321.0,19.0,1604.0,3117.0,36.663457916544594,27.165697008566585,36.816919878904564,36.67215539616533,36.817867143892826,12.625734175979018,10.673874204040496,12.667587438440826,12.628729312606403,12.694542980399996,22.37754432958049,14.705208667369096,22.461250854504108,22.382852836928915,22.491922844977445,30.45382887596088
SC,,SC,2006,12,"1,2,3,4,5,6,7,8,9,10,11,12",70384.0,29.0,22187.0,132.0,70384.0,2669.0,2673.0,589.0,26.0,2669.0,1129.0,1130.0,318.0,5.0,1129.0,1819.0,1820.0,390.0,16.0,1819.0,3298.0,37.92055012502841,26.54707711723081,37.97738122300523,37.936180797384694,38.0173134398658,16.040577403955446,14.332717357010862,16.05478517844965,16.04718925449506,16.053732724611038,25.843941804955673,17.577860909541624,25.858149579449876,25.854594556179375,25.86029924803014,31.5227892702887
SC,,SC,2007,12,"1,2,3,4,5,6,7,8,9,10,11,12",69343.0,22.0,23641.0,148.0,69343.0,1949.0,1959.0,304.0,30.0,1949.0,1011.0,1018.0,234.0,10.0,1011.0,1599.0,1608.0,293.0,24.0,1599.0,2440.0,28.106658206307774,12.85901611606954,28.250868869244194,28.11557825190058,28.129385644962266,14.579698022871812,9.898058457764053,14.680645486927304,14.584325096291167,14.598964932498435,23.059285003533162,12.393722769764393,23.189074600175935,23.066603193837366,23.083771433811936,34.09284282479847
SC,,SC,2008,12,"1,2,3,4,5,6,7,8,9,10,11,12",71243.0,12.0,22490.0,143.0,71243.0,2721.0,2744.0,479.0,43.0,2721.0,765.0,769.0,29.0,3.0,765.0,1991.0,1997.0,274.0,32.0,1991.0,2921.0,38.19322600115099,21.298354824366385,38.51606473618461,38.199660260279934,38.121851411635916,10.737897056552924,1.2894619831036016,10.794042923515292,10.739706026870323,10.69608435717728,27.94660528051879,12.18319253001334,28.03082408096234,27.951313332678186,27.885475257302485,31.56801369959154
SC,,SC,2009,12,"1,2,3,4,5,6,7,8,9,10,11,12",70541.0,16.0,24524.0,121.0,70541.0,1941.0,1953.0,336.0,20.0,1941.0,641.0,644.0,5.0,6.0,641.0,1384.0,1388.0,137.0,15.0,1384.0,2053.0,27.5159127316029,13.700864459305171,27.68602656611049,27.52215526409075,27.402253323099824,9.086913993280504,0.20388191159680313,9.129442451907401,9.088975540588445,9.054032460873106,19.619795579875532,5.586364377752406,19.676500191378064,19.624246721020913,19.552531272765723,34.765597312201415
SC,,SC,2010,12,"1,2,3,4,5,6,7,8,9,10,11,12",70405.0,21.0,25350.0,134.0,70405.0,1836.0,1848.0,274.0,34.0,1836.0,603.0,606.0,8.0,5.0,603.0,1243.0,1247.0,88.0,28.0,1243.0,1914.0,26.077693345643066,10.808678500986193,26.248135785810668,26.085473971357125,25.969467131361416,8.564732618421987,0.3155818540433925,8.607343228463888,8.567288020004547,8.534491943758539,17.654996094027414,3.4714003944773175,17.711810240749948,17.660263696294614,17.574906064500887,36.005965485405866
SC,,SC,2011,12,"1,2,3,4,5,6,7,8,9,10,11,12",71364.0,9.0,26373.0,134.0,71364.0,1790.0,1842.0,262.0,27.0,1790.0,456.0,457.0,12.0,5.0,456.0,1076.0,1081.0,64.0,19.0,1076.0,1837.0,25.082674737963117,9.934402608728623,25.811333445434673,25.085838413565973,24.949121460821324,6.389776357827476,0.45501080650665454,6.4037890252788525,6.390582299768762,6.354847960022634,15.077630177680623,2.426724301368824,15.147693514937503,15.079531917875412,15.006920429571906,36.95560786951404
SC,,SC,2012,12,"1,2,3,4,5,6,7,8,9,10,11,12",70356.0,12.0,26937.0,115.0,70356.0,1944.0,1970.0,313.0,26.0,1944.0,455.0,459.0,12.0,5.0,455.0,1168.0,1181.0,106.0,23.0,1168.0,1995.0,27.63090567968617,11.619705238148272,28.00045482972312,27.635619242579324,27.481433493924726,6.467110125646711,0.44548390689386347,6.523963841037012,6.468213351529625,6.440158216427535,16.601284893967822,3.9351078442291274,16.7860594689863,16.604116911179347,16.513366390136056,38.28671328671329
SC,,SC,2013,12,"1,2,3,4,5,6,7,8,9,10,11,12",72644.0,5.0,21220.0,121.0,72644.0,1803.0,1825.0,248.0,18.0,1803.0,448.0,451.0,7.0,4.0,448.0,1176.0,1183.0,120.0,15.0,1176.0,1846.0,24.819668520455924,11.687087653157398,25.122515279995596,24.821376946268533,24.557612482267178,6.167061285171521,0.3298774740810556,6.208358570563295,6.167485785872603,6.1303071306160355,16.188535873575244,5.655042412818096,16.28489620615605,16.189650187915582,16.03412760583582,29.21094653378118
SC,,SC,2014,12,"1,2,3,4,5,6,7,8,9,10,11,12",76024.0,14.0,20547.0,149.0,76024.0,2019.0,2056.0,270.0,37.0,2019.0,509.0,513.0,4.0,4.0,509.0,1307.0,1316.0,97.0,30.0,1307.0,2068.0,26.557402925391983,13.140604467805518,27.044091339576976,26.56229443494277,26.22986651242139,6.69525413027465,0.19467562174526695,6.747869093970325,6.696487304302066,6.655359786518839,17.191939387561824,4.720883827322724,17.31032305587709,17.195105907117483,17.02993782246174,27.02699147637588
SC,,SC,2015,12,"1,2,3,4,5,6,7,8,9,10,11,12",78598.0,14.0,18856.0,182.0,78598.0,2058.0,2192.0,235.0,52.0,2058.0,438.0,470.0,12.0,12.0,438.0,1252.0,1328.0,87.0,38.0,1252.0,2111.0,26.183872363164458,12.462876537971999,27.888750349881676,26.188537106790186,25.75949603932885,5.572660881956284,0.6364022061943148,5.979795923560396,5.5736536699582615,5.560073479923348,15.929158502760885,4.6139159949087825,16.89610422657065,15.931996335131833,15.74576039071355,23.990432326522303
SC,,SC,2016,12,"1,2,3,4,5,6,7,8,9,10,11,12",81568.0,34.0,19854.0,184.0,81568.0,2477.0,2639.0,413.0,62.0,2477.0,456.0,505.0,9.0,7.0,456.0,1532.0,1665.0,241.0,45.0,1532.0,2541.0,30.367300902314632,20.801853530774654,32.35337387210671,30.37996418671965,29.750033016164654,5.590427618673989,0.45330915684496825,6.191153393487642,5.5927588490691,5.5456520034914325,18.781875245194193,12.138611866626373,20.412416633974107,18.78970736134619,18.499784934961014,24.34042761867399
SC,,SC,2017,12,"1,2,3,4,5,6,7,8,9,10,11,12",81863.0,15.0,21174.0,187.0,81863.0,2408.0,2583.0,354.0,59.0,2408.0,451.0,499.0,11.0,12.0,451.0,1432.0,1540.0,163.0,40.0,1432.0,2496.0,29.41499822874803,16.718617172003402,31.552716123279136,29.420389013781644,28.577699304769,5.50920440247731,0.5195050533673373,6.095549882120127,5.51021405532206,5.470076062563047,17.4926401426774,7.698120336261453,18.81191747187374,17.49584595836184,17.146639014915873,25.865164970743805
SC,,SC,2018,12,"1,2,3,4,5,6,7,8,9,10,11,12",85375.0,21.0,22048.0,241.0,85375.0,2913.0,3095.0,559.0,83.0,2913.0,523.0,574.0,27.0,13.0,523.0,1672.0,1774.0,287.0,57.0,1672.0,3018.0,34.120058565153734,25.35377358490566,36.25183016105417,34.12845326522483,33.09348177684935,6.125915080527086,1.224600870827286,6.723279648609077,6.127422264920215,5.963274743527568,19.584187408491946,13.017053701015966,20.778916544655928,19.589005787660803,19.1642115821507,25.82489019033675
SC,,SC,2019,12,"1,2,3,4,5,6,7,8,9,10,11,12",85393.0,16.0,9052.0,219.0,85393.0,2781.0,2997.0,155.0,63.0,2781.0,486.0,544.0,11.0,5.0,486.0,1480.0,1605.0,76.0,45.0,1480.0,2878.0,32.567072242455474,17.123287671232877,35.096553581675316,32.57317544537756,31.39761377695687,5.691333013244646,1.2152010605391075,6.370545595072196,5.692399592396079,5.714984758165688,17.33163139835818,8.395934600088378,18.795451617814106,17.334879417173244,17.067504663172926,10.600400501212043
SC,,SC,2020,12,"1,2,3,4,5,6,7,8,9,10,11,12",82195.0,27.0,10125.0,187.0,82195.0,2569.0,2869.0,217.0,71.0,2569.0,431.0,473.0,15.0,13.0,431.0,1352.0,1449.0,91.0,40.0,1352.0,2693.0,31.254942514751505,21.432098765432098,34.90479956201715,31.265212734884628,29.953330444553185,5.243627957904982,1.4814814814814814,5.7546079445221725,5.245350988219258,5.203677101221215,16.448689093010525,8.987654320987655,17.628809538293083,16.454094051212152,16.046222990424408,12.318267534521565
SC,,SC,2021,12,"1,2,3,4,5,6,7,8,9,10,11,12",84613.0,34.0,15095.0,210.0,84613.0,2739.0,3057.0,367.0,56.0,2739.0,424.0,469.0,15.0,6.0,424.0,1456.0,1585.0,156.0,42.0,1456.0,2829.0,32.370912271164,24.3126863199735,36.12920000472741,32.38392508778775,30.63022420830298,5.0110503114178675,0.9937065253395164,5.542883481261745,5.013064708733847,4.963004797752099,17.20775767317079,10.33454786353097,18.732346093389904,17.214675037538868,16.640643391054137,17.840048219540733
SC,,SC,2022,12,"1,2,3,4,5,6,7,8,9,10,11,12",84052.0,15.0,17022.0,272.0,84052.0,2787.0,3078.0,428.0,90.0,2787.0,439.0,471.0,9.0,12.0,439.0,1427.0,1512.0,146.0,52.0,1427.0,2898.0,33.15804501974968,25.143931382916225,36.620187502974346,33.163963492271264,31.63069329592033,5.222957216960929,0.5287275290800141,5.603673916147147,5.223889477254066,5.135226257252742,16.97758530433541,8.577135471742452,17.988864036548804,16.98061568118805,16.689455500145367,20.251748917336887
SC,,SC,2023,12,"1,2,3,4,5,6,7,8,9,10,11,12",85784.0,17.0,21881.0,352.0,85784.0,3008.0,3281.0,530.0,129.0,3008.0,519.0,562.0,23.0,13.0,519.0,1471.0,1570.0,192.0,80.0,1471.0,3138.0,35.06481395131959,24.221927699830903,38.247225589853585,35.071764198351346,33.32334306346778,6.050079268861326,1.0511402586719072,6.551338244894152,6.051278463744797,5.995352944404453,17.147719854518325,8.774736072391573,18.30178121794274,17.151118728648548,16.657126347343283,25.507087568777393
SC,,SC,2024,12,"1,2,3,4,5,6,7,8,9,10,11,12",81438.0,32.0,21961.0,367.0,81438.0,2891.0,3151.0,583.0,135.0,2891.0,612.0,648.0,32.0,13.0,612.0,1460.0,1541.0,180.0,68.0,1460.0,3117.0,35.49939831528279,26.547060698510997,38.69201110046907,35.51335282411616,33.84590848053315,7.514919325130775,1.4571285460589227,7.956973403079643,7.5178733754268725,7.409530957442467,17.927748716815245,8.19634807158144,18.9223703922002,17.934795960985678,17.45693607621749,26.966526682875315
SC,,SC,2025,12,"1,2,3,4,5,6,7,8,9,10,11,12",83614.0,19.0,25787.0,483.0,83614.0,3175.0,3451.0,696.0,169.0,3175.0,763.0,824.0,111.0,18.0,763.0,1569.0,1691.0,250.0,74.0,1569.0,3442.0,37.972109933743155,26.99034397176872,41.272992561054366,37.980740474908785,36.153688992972704,9.125266103762527,4.304494512738977,9.854809003276964,9.127340151922962,8.811306448853973,18.764800153084412,9.694807461123823,20.22388595211328,18.76906513547461,18.147140756047488,30.840529097997944
SP,,SP,2002,12,"1,2,3,4,5,6,7,8,9,10,11,12",491502.0,188.0,26242.0,1116.0,491502.0,15642.0,16949.0,371.0,219.0,15642.0,5637.0,5878.0,14.0,49.0,5637.0,11061.0,11789.0,165.0,147.0,11061.0,17493.0,31.824895931247482,14.137641948022255,34.48409162119381,31.837073643331962,32.509118289900066,11.468925863984277,0.5334959225668775,11.959259575749437,11.473314418070725,11.566264881575306,22.504486248275693,6.287630515966771,23.985660282155514,22.513097530296307,22.875073691827083,5.339144093004708
SP,,SP,2003,12,"1,2,3,4,5,6,7,8,9,10,11,12",474183.0,120.0,84131.0,1169.0,474183.0,16513.0,18060.0,1439.0,278.0,16513.0,4099.0,4344.0,52.0,39.0,4099.0,9756.0,10532.0,556.0,171.0,9756.0,17303.0,34.82410799206214,17.10427785239686,38.08656151738886,34.83292305031188,35.50170081073649,8.6443419523686,0.6180837027968288,9.161020112488217,8.646530102539113,8.731561693536623,20.574335225008067,6.608741129904554,22.210834213795096,20.57954322526753,20.896150287100387,17.74230624041773
SP,,SP,2004,12,"1,2,3,4,5,6,7,8,9,10,11,12",488141.0,123.0,113955.0,1413.0,488141.0,17881.0,19491.0,2278.0,332.0,17881.0,2878.0,3128.0,81.0,40.0,2878.0,8796.0,9633.0,880.0,196.0,8796.0,18038.0,36.63080954068599,19.990347066824622,39.92903689712603,36.6400419656652,37.126837509553006,5.895837473189099,0.7108068974595235,6.407984578226373,5.897323459380597,5.940517886216525,18.01938374363145,7.722346540300996,19.734052251296244,18.02392534701589,18.215729707015814,23.344689341809026
SP,,SP,2005,12,"1,2,3,4,5,6,7,8,9,10,11,12",481939.0,119.0,112755.0,1374.0,481939.0,18249.0,19739.0,2402.0,307.0,18249.0,2932.0,3225.0,64.0,50.0,2932.0,8812.0,9666.0,831.0,191.0,8812.0,18423.0,37.86578799391624,21.30282470843865,40.95746557136899,37.87514009381097,38.32553353859263,6.0837574879808445,0.5676023236220124,6.691718246500075,6.085260055622432,6.120541700420902,18.28447168625075,7.369961420779567,20.056480176951855,18.28898758872608,18.45638747541985,23.3961144460191
SP,,SP,2006,12,"1,2,3,4,5,6,7,8,9,10,11,12",462278.0,107.0,113377.0,1567.0,462278.0,17538.0,19144.0,2302.0,391.0,17538.0,3177.0,3506.0,66.0,45.0,3177.0,8542.0,9400.0,778.0,191.0,8542.0,17700.0,37.938210340963664,20.30394171657391,41.4123103413963,37.94699364520924,38.237757359512244,6.872487983421231,0.5821286504317454,7.58418094739529,6.874079074628222,6.902696980839882,18.478058657344715,6.862061970240878,20.33408468497311,18.482336624323032,18.5973361684475,24.525718290725493
SP,,SP,2007,12,"1,2,3,4,5,6,7,8,9,10,11,12",463919.0,116.0,130331.0,1328.0,463919.0,16805.0,18772.0,2410.0,342.0,16805.0,3217.0,3609.0,65.0,52.0,3217.0,7919.0,8859.0,616.0,177.0,7919.0,16937.0,36.2239959993016,18.49137964106774,40.463960303415035,36.23305584483067,36.42351535273452,6.934400186239408,0.4987301562943582,7.779375278874114,6.9361345226313755,6.953758478865854,17.069790200444473,4.7264273273434565,19.096005983803206,17.07405946058995,17.149378407424795,28.093481836268833
SP,,SP,2008,12,"1,2,3,4,5,6,7,8,9,10,11,12",431462.0,102.0,122512.0,1121.0,431462.0,15255.0,16703.0,2326.0,341.0,15255.0,4774.0,5012.0,76.0,43.0,4774.0,10067.0,10645.0,826.0,192.0,10067.0,17406.0,35.35653197732361,18.98589525923991,38.7125633311856,35.364892433234424,35.44767138122797,11.064705582415137,0.6203473945409429,11.616318470688032,11.067321958456974,11.070829533194713,23.332298093458984,6.742196682773932,24.6719293935503,23.33781528189911,23.372826362956086,28.394621079028976
SP,,SP,2009,12,"1,2,3,4,5,6,7,8,9,10,11,12",452338.0,156.0,114810.0,1481.0,452338.0,15461.0,17208.0,2272.0,378.0,15461.0,3944.0,4260.0,60.0,63.0,3944.0,8879.0,9646.0,724.0,207.0,8879.0,16839.0,34.18019268776888,19.78921696716314,38.04234886301836,34.19198464335157,34.17033507390051,8.719143649218063,0.5226025607525477,9.417736294540807,8.722151699979213,8.72806724506745,19.62912689183752,6.306070899747409,21.32476157209874,19.635898819501882,19.642724963924426,25.38146253465329
SP,,SP,2010,12,"1,2,3,4,5,6,7,8,9,10,11,12",449698.0,124.0,133346.0,1469.0,449698.0,14434.0,16393.0,2361.0,425.0,14434.0,3946.0,4265.0,67.0,50.0,3946.0,8328.0,9094.0,819.0,202.0,8328.0,15603.0,32.097096273499105,17.705817947295007,36.453353139217874,32.105949187453014,31.957817814777577,8.77477773972755,0.5024522670346317,9.484142691317285,8.777197969633475,8.776897542871884,18.519095037113797,6.141916517930796,20.222460406761872,18.52420291209011,18.490595639818704,29.652344462283576
SP,,SP,2011,12,"1,2,3,4,5,6,7,8,9,10,11,12",451411.0,103.0,133663.0,1578.0,451411.0,14384.0,16018.0,2331.0,440.0,14384.0,3933.0,4254.0,59.0,82.0,3933.0,8146.0,8917.0,776.0,233.0,8146.0,15365.0,31.86453143587551,17.43938113015569,35.484292584806305,31.871803734921606,31.672882562903336,8.712680904984593,0.4414086171939879,9.423784533385318,8.714669361057194,8.709410856117424,18.045639118231502,5.805645541398891,19.753616992053804,18.04975759348383,17.998956554735813,29.610044947952087
SP,,SP,2012,12,"1,2,3,4,5,6,7,8,9,10,11,12",446270.0,100.0,137182.0,1805.0,446270.0,14038.0,15582.0,2734.0,554.0,14038.0,3559.0,3826.0,63.0,84.0,3559.0,7828.0,8488.0,1011.0,302.0,7828.0,15051.0,31.45629327537141,19.929728390022014,34.91608219239474,31.46334356859493,31.258228319745104,7.974992717413225,0.4592439241299879,8.57328523091402,7.976780151063496,7.977562292438508,17.54095054563381,7.3697715443717104,19.01987585990544,17.54488199565188,17.499854013192643,30.739686736728885
SP,,SP,2013,12,"1,2,3,4,5,6,7,8,9,10,11,12",444447.0,116.0,134325.0,1822.0,444447.0,13406.0,14937.0,2476.0,536.0,13406.0,3588.0,3873.0,89.0,90.0,3588.0,7667.0,8358.0,980.0,304.0,7667.0,14360.0,30.163326560872274,18.432905267076123,33.608056753673665,30.171201199106072,29.90003242407201,8.072953580516913,0.662572119858552,8.714199893350614,8.075061159360926,8.062855705545754,17.25065080875785,7.29573794900428,18.805391868996754,17.255154378155023,17.15891231741096,30.222951218030495
SP,,SP,2014,12,"1,2,3,4,5,6,7,8,9,10,11,12",455754.0,115.0,120333.0,1862.0,455754.0,13382.0,15245.0,2154.0,529.0,13382.0,3405.0,3737.0,86.0,79.0,3405.0,7808.0,8674.0,970.0,305.0,7808.0,14299.0,29.362331433185446,17.900326593702477,33.45006297256853,29.369742274037122,29.00689817917198,7.4711357442831,0.7146834201756792,8.19959890642759,7.4730214051036015,7.446147497263878,17.132049307301745,8.060964157795452,19.032197194100327,17.136373313083386,16.992859244868683,26.403059545281007
SP,,SP,2015,12,"1,2,3,4,5,6,7,8,9,10,11,12",465379.0,145.0,118729.0,2164.0,465379.0,13616.0,16573.0,2271.0,656.0,13616.0,3572.0,4135.0,109.0,100.0,3572.0,7855.0,9428.0,1009.0,340.0,7855.0,14787.0,29.25787369004618,19.12759309014647,35.61183465519501,29.266992524192126,28.778428613491453,7.675464513869341,0.9180570879902973,8.885231177169576,7.677856734460508,7.665623924800764,16.87871605723507,8.49834497047899,20.25875684119825,16.883976665505962,16.74052069733807,25.51232436358323
SP,,SP,2016,12,"1,2,3,4,5,6,7,8,9,10,11,12",460896.0,165.0,107005.0,2447.0,460896.0,13953.0,17857.0,2224.0,762.0,13953.0,3390.0,4077.0,83.0,113.0,3390.0,7956.0,9930.0,930.0,424.0,7956.0,14939.0,30.273640908144138,20.784075510490165,38.74409845171145,30.284482702488003,29.52991678296087,7.355238491980837,0.7756646885659548,8.845813372214122,7.3578725981103945,7.319934233653729,17.262028744011666,8.69118265501612,21.544990626952718,17.268210734680324,17.033382903162877,23.216734360897036
SP,,SP,2017,12,"1,2,3,4,5,6,7,8,9,10,11,12",471461.0,211.0,117822.0,2796.0,471461.0,14696.0,20012.0,2578.0,950.0,14696.0,3391.0,4255.0,94.0,140.0,3391.0,8080.0,10259.0,1042.0,482.0,8080.0,15635.0,31.171189133353554,21.880463750403152,42.44677714593572,31.185145888594164,30.072907287391683,7.192535543767141,0.797813651100813,9.025136755744377,7.195755968169761,7.086390939725912,17.138215037935268,8.843849196245184,21.76001832601212,17.145888594164457,16.779528259909817,24.990826388609026
SP,,SP,2018,12,"1,2,3,4,5,6,7,8,9,10,11,12",470226.0,148.0,114649.0,2831.0,470226.0,15234.0,20539.0,2401.0,953.0,15234.0,3315.0,4147.0,94.0,120.0,3315.0,8236.0,10444.0,1007.0,390.0,8236.0,16122.0,32.397187735259216,20.94218004518138,43.67899690786983,32.4073877101247,31.132504185733232,7.0498015847698765,0.8198937627018116,8.819163551143493,7.052021153936155,6.986552266847145,17.514982157515746,8.78332998979494,22.210596606738036,17.520496598436853,17.13553724506415,24.3816802984097
SP,,SP,2019,12,"1,2,3,4,5,6,7,8,9,10,11,12",457482.0,163.0,65920.0,3290.0,457482.0,15120.0,20658.0,1186.0,1103.0,15120.0,3322.0,4260.0,57.0,143.0,3322.0,8037.0,10397.0,520.0,500.0,8037.0,15954.0,33.05048067464949,17.991504854368934,45.15587498524532,33.06226069767493,31.582704159227085,7.261487883676297,0.8646844660194175,9.311841777381405,7.264076060692864,7.186127812514676,17.567904310989285,7.888349514563107,22.726577220524522,17.57416595418078,17.1298287741483,14.4093100930747
SP,,SP,2020,12,"1,2,3,4,5,6,7,8,9,10,11,12",435549.0,150.0,55322.0,3154.0,435549.0,13962.0,19486.0,1037.0,1059.0,13962.0,2714.0,3688.0,52.0,115.0,2714.0,7239.0,10230.0,445.0,487.0,7239.0,14824.0,32.05609472183382,18.744803152452914,44.73893867280145,32.067138417864996,30.585644931566936,6.231216235142314,0.9399515563428654,8.467474382905253,6.233362961329723,6.191195922958085,16.620403215252473,8.043816203318752,23.487598410282196,16.626129136722867,16.200177183146113,12.701670764942635
SP,,SP,2021,12,"1,2,3,4,5,6,7,8,9,10,11,12",415544.0,217.0,51406.0,3473.0,415544.0,13846.0,19729.0,1041.0,980.0,13846.0,2763.0,3807.0,27.0,122.0,2763.0,7291.0,10762.0,365.0,420.0,7291.0,14804.0,33.32017788729954,20.25055440999105,47.47752343915446,33.33758700975376,31.628169920229126,6.649115376470362,0.5252305178383846,9.161484704387501,6.652589405456424,6.561977529632949,17.545675066900255,7.100338481889273,25.898581137015576,17.55484232905638,16.99048901760399,12.370771807558285
SP,,SP,2022,12,"1,2,3,4,5,6,7,8,9,10,11,12",403158.0,120.0,46621.0,3913.0,403158.0,14751.0,20973.0,865.0,1334.0,14751.0,2803.0,4008.0,33.0,138.0,2803.0,7497.0,11134.0,284.0,527.0,7497.0,15777.0,36.58863274448231,18.553870573346774,52.02178798386737,36.59952659550712,34.37691893529855,6.952609150754791,0.7078355247635186,9.941511764618339,6.954679211389497,6.7011732480380495,18.59568705073445,6.091675425237554,27.616964068677788,18.601223705953284,17.799981628567934,11.563952594268253
SP,,SP,2023,12,"1,2,3,4,5,6,7,8,9,10,11,12",401428.0,116.0,48509.0,4219.0,401428.0,14194.0,19921.0,669.0,1391.0,14194.0,2998.0,4224.0,24.0,188.0,2998.0,7167.0,11203.0,203.0,560.0,7167.0,15195.0,35.3587691939775,13.791255230988064,49.625337544964474,35.368989713738934,33.31292085265085,7.4683380332214,0.4947535508874642,10.522434907380651,7.470496770592456,7.370840717565044,17.8537620694122,4.184790451256468,27.907868907998445,17.858922733434337,17.334129905208542,12.084109728270075
SP,,SP,2024,12,"1,2,3,4,5,6,7,8,9,10,11,12",384793.0,141.0,53112.0,4670.0,384793.0,13861.0,19783.0,635.0,1485.0,13861.0,3151.0,4468.0,58.0,204.0,3151.0,7275.0,10935.0,231.0,624.0,7275.0,15090.0,36.02196505653689,11.955866847416779,51.4120579116564,36.035169451868185,34.06051387955508,8.18881840366119,1.092031932519958,11.611437838006408,8.191820138722793,8.06230544519072,18.906269084936575,4.349299593312246,28.41787662457477,18.913199463411082,18.2324053858044,13.802745891947099
SP,,SP,2025,12,"1,2,3,4,5,6,7,8,9,10,11,12",387812.0,131.0,56615.0,4704.0,387812.0,14737.0,21211.0,582.0,1411.0,14737.0,3480.0,4875.0,227.0,187.0,3480.0,7946.0,12131.0,392.0,606.0,7946.0,16216.0,38.00037131393562,10.27996114104036,54.69402700277454,38.0132118932834,36.07265035792111,8.973420110775324,4.009538108275192,12.5705238620775,8.97645228938225,8.663371263695693,20.48930925293699,6.923960081250552,31.280620506843523,20.496232727422804,19.740112303698805,14.598568378492672
SE,,SE,2002,12,"1,2,3,4,5,6,7,8,9,10,11,12",39064.0,14.0,504.0,99.0,39064.0,1406.0,1417.0,6.0,56.0,1406.0,313.0,314.0,2.0,4.0,313.0,1197.0,1208.0,2.0,35.0,1197.0,1410.0,35.992217898832685,11.904761904761905,36.2738070858079,36.00512163892446,36.22786125418564,8.0124923202949,3.9682539682539684,8.038091337292649,8.015364916773368,8.110935515817186,30.642023346303503,3.9682539682539684,30.92361253327872,30.653008962868117,30.884573628815506,1.2901904566864633
SE,,SE,2003,12,"1,2,3,4,5,6,7,8,9,10,11,12",37523.0,6.0,945.0,43.0,37523.0,2725.0,2780.0,10.0,25.0,2725.0,163.0,179.0,0.0,0.0,163.0,2492.0,2542.0,1.0,10.0,2492.0,2725.0,72.62212509660742,10.582010582010582,74.08789275910775,72.63373937148492,73.20667446303437,4.34400234522826,0.0,4.7704074834101755,4.3446970706613,4.2969014937124985,66.41260027183327,1.0582010582010581,67.74511632865176,66.42322147293227,66.96967476092571,2.518455347386936
SE,,SE,2004,12,"1,2,3,4,5,6,7,8,9,10,11,12",37802.0,14.0,2241.0,37.0,37802.0,3178.0,3207.0,14.0,19.0,3178.0,322.0,328.0,2.0,2.0,322.0,2993.0,3024.0,5.0,12.0,2993.0,3178.0,84.06962594571716,6.247211066488175,84.83678112269192,84.10077273208427,84.78549787372995,8.518067827099095,0.892458723784025,8.676789587852495,8.521223668889595,8.597843109482268,79.17570498915401,2.2311468094600624,79.99576741971325,79.20503863660421,79.8260033174227,5.928257764139463
SE,,SE,2005,12,"1,2,3,4,5,6,7,8,9,10,11,12",38176.0,4.0,5323.0,64.0,38176.0,3064.0,3110.0,77.0,30.0,3064.0,174.0,177.0,8.0,2.0,174.0,2744.0,2782.0,20.0,16.0,2744.0,3066.0,80.25984911986589,14.465526958482059,81.46479463537301,80.26825945719375,81.04763757270253,4.557837384744342,1.502911891790344,4.636420787929589,4.558314995284502,4.6124029577974195,71.87761944677284,3.7572797294758593,72.87300922045264,71.88515141988893,72.66158355178673,13.943315171835708
SE,,SE,2006,12,"1,2,3,4,5,6,7,8,9,10,11,12",38358.0,4.0,10957.0,59.0,38358.0,2590.0,2763.0,174.0,33.0,2590.0,130.0,140.0,15.0,1.0,130.0,2214.0,2347.0,45.0,22.0,2214.0,2591.0,67.52176860107409,15.880259195035137,72.03190990145471,67.52881055430986,68.32970536385774,3.3891235205172325,1.36898786164096,3.6498253297877885,3.3894769776294518,3.4306029338774975,57.71938057250117,4.10696358492288,61.186714635799575,57.72540021901236,58.37061557181327,28.565097241774858
SE,,SE,2007,12,"1,2,3,4,5,6,7,8,9,10,11,12",36147.0,6.0,12149.0,38.0,36147.0,2343.0,2518.0,130.0,23.0,2343.0,130.0,136.0,13.0,0.0,130.0,2033.0,2124.0,37.0,16.0,2033.0,2344.0,64.81865714997095,10.700469174417648,69.65999944670374,64.82941811239313,65.65267867929494,3.596425706144355,1.0700469174417648,3.762414584889479,3.597022771921087,3.6103182334231545,56.242565081472875,3.045518149641946,58.76006307577392,56.251902271658224,57.005854633129665,33.609981464575206
SE,,SE,2008,12,"1,2,3,4,5,6,7,8,9,10,11,12",35094.0,9.0,12227.0,67.0,35094.0,2114.0,2203.0,101.0,33.0,2114.0,83.0,88.0,0.0,3.0,83.0,1920.0,1958.0,42.0,14.0,1920.0,2126.0,60.23821735909272,8.260407295330007,62.774263406850174,60.253669659398604,60.68809876102291,2.365076651279421,0.0,2.5075511483444464,2.3656833404588857,2.4089704820384084,54.710206872969735,3.4350208554837653,55.79301305066393,54.724241128687474,55.06960884959676,34.840713512281305
SE,,SE,2009,12,"1,2,3,4,5,6,7,8,9,10,11,12",33745.0,9.0,9268.0,47.0,33745.0,2240.0,2304.0,108.0,23.0,2240.0,106.0,108.0,1.0,1.0,106.0,1981.0,2018.0,29.0,18.0,1981.0,2252.0,66.380204474737,11.652999568407424,68.27678174544377,66.39791320844202,66.86743345588663,3.14120610460809,0.10789814415192059,3.2004741443176767,3.1420441071852028,3.1513305283126507,58.70499333234553,3.129046180405697,59.801452066972885,58.72065449371591,59.119794415674114,27.464809601422434
SE,,SE,2010,12,"1,2,3,4,5,6,7,8,9,10,11,12",31888.0,8.0,7086.0,44.0,31888.0,2393.0,2613.0,55.0,18.0,2393.0,83.0,92.0,0.0,1.0,83.0,2084.0,2138.0,12.0,11.0,2084.0,2404.0,75.04390366281987,7.761783799040361,81.94305067737079,75.06273525721456,75.62349644933974,2.602860010035123,0.0,2.88509784244857,2.603513174404015,2.6274541789915333,65.35373808329152,1.6934801016088061,67.0471650777722,65.37013801756588,65.89219033648561,22.2215253386854
SE,,SE,2011,12,"1,2,3,4,5,6,7,8,9,10,11,12",32289.0,8.0,4124.0,67.0,32289.0,2539.0,2725.0,25.0,30.0,2539.0,128.0,145.0,0.0,1.0,128.0,2036.0,2108.0,4.0,18.0,2036.0,2555.0,78.63359038681904,6.062075654704171,84.39406609061909,78.65307766178248,79.12521946856265,3.9641983337978877,0.0,4.49069342500542,3.965180756482141,3.9705129110969226,63.05552974697265,0.9699321047526673,65.28539130973397,63.07115640779406,63.374189711318934,12.77215150670507
SE,,SE,2012,12,"1,2,3,4,5,6,7,8,9,10,11,12",31386.0,11.0,2883.0,78.0,31386.0,2310.0,2474.0,15.0,36.0,2310.0,148.0,167.0,0.0,1.0,148.0,1948.0,2002.0,6.0,25.0,1948.0,2318.0,73.59969413114128,5.202913631633715,78.8249538010578,73.62549800796813,74.44838629282931,4.715478238705155,0.0,5.3208436882686545,4.717131474103586,4.71753859635813,62.06588924998407,2.0811654526534857,63.78640158032243,62.08764940239044,62.78048607892582,9.18562416363984
SE,,SE,2013,12,"1,2,3,4,5,6,7,8,9,10,11,12",30827.0,4.0,731.0,100.0,30827.0,2052.0,2249.0,0.0,58.0,2052.0,112.0,134.0,0.0,1.0,112.0,1632.0,1675.0,0.0,44.0,1632.0,2060.0,66.56502416712623,0.0,72.95552599993512,66.57366252473803,66.80794671989268,3.6331787069776493,0.0,4.346838810133973,3.633650196281997,3.641150783914251,52.940604015960034,0.0,54.33548512667467,52.94747428868053,53.10317507998903,2.3712978882148765
SE,,SE,2014,12,"1,2,3,4,5,6,7,8,9,10,11,12",29859.0,5.0,21.0,61.0,29859.0,1871.0,2103.0,0.0,35.0,1871.0,126.0,136.0,0.0,1.0,126.0,1486.0,1518.0,0.0,30.0,1486.0,1878.0,62.66117418533776,0.0,70.4310258213604,62.671668788102096,63.21184637594837,4.219833216115744,0.0,4.554740614220168,4.220539961144235,4.180376402689517,49.767239358317426,0.0,50.838943032251585,49.7755744623836,50.1875459892693,0.07033055360192907
SE,,SE,2015,12,"1,2,3,4,5,6,7,8,9,10,11,12",32115.0,11.0,9.0,38.0,32115.0,1925.0,1969.0,1.0,11.0,1925.0,139.0,149.0,0.0,0.0,139.0,1192.0,1211.0,0.0,6.0,1192.0,1942.0,59.94083761482173,111.11111111111111,61.31091390316052,59.96137552952903,60.258662633244874,4.328195547252063,0.0,4.639576521874513,4.329678544729629,4.335596667475049,37.116612174996106,0.0,37.70823602677876,37.12932967854473,37.3396804773249,0.02802428771602055
SE,,SE,2016,12,"1,2,3,4,5,6,7,8,9,10,11,12",28839.0,13.0,2.0,43.0,28839.0,1737.0,1764.0,1.0,10.0,1737.0,272.0,277.0,0.0,1.0,272.0,1062.0,1076.0,0.0,6.0,1062.0,1757.0,60.23093727244357,500.0,61.16716945802559,60.2581003260945,60.541385643508434,9.431672388085579,0.0,9.605048718748916,9.43592590022896,9.541206807853696,36.82513263289296,0.0,37.31058635875031,36.84174009574689,37.115045937611555,0.006935053226533513
SE,,SE,2017,12,"1,2,3,4,5,6,7,8,9,10,11,12",30789.0,8.0,1.0,52.0,30789.0,1837.0,1855.0,0.0,24.0,1837.0,239.0,245.0,0.0,3.0,239.0,995.0,1006.0,0.0,15.0,995.0,1855.0,59.66416577349053,0.0,60.24879015232713,59.679672525259086,59.232027688049655,7.762512585663711,0.0,7.957387378609243,7.764530067249277,7.803764096371806,32.31673649680081,0.0,32.674006950534284,32.325135635619375,32.13270104791023,0.003247913215758875
SE,,SE,2018,12,"1,2,3,4,5,6,7,8,9,10,11,12",32646.0,3.0,24.0,39.0,32646.0,2017.0,2041.0,0.0,16.0,2017.0,264.0,270.0,0.0,1.0,264.0,1044.0,1055.0,0.0,15.0,1044.0,2041.0,61.78398578692642,0.0,62.519144765055444,61.78966394020158,60.48028846688298,8.086748759419224,0.0,8.27053850395148,8.087491958459701,8.00289375096748,31.979415548612387,0.0,32.316363413588185,31.982354562999724,31.421656719092418,0.07351589781290203
SE,,SE,2019,12,"1,2,3,4,5,6,7,8,9,10,11,12",29715.0,7.0,2.0,49.0,29715.0,1903.0,1916.0,0.0,26.0,1903.0,337.0,337.0,0.0,5.0,337.0,1216.0,1221.0,0.0,21.0,1216.0,1913.0,64.04172976611139,0.0,64.47921924953727,64.05681971186212,62.874660018927486,11.341073531886252,0.0,11.341073531886252,11.343745792379156,11.267442605572311,40.922093218913005,0.0,41.090358404846036,40.931735559445265,40.37454980814375,0.006730607437321218
SE,,SE,2020,12,"1,2,3,4,5,6,7,8,9,10,11,12",32081.0,7.0,3.0,63.0,32081.0,1971.0,1997.0,0.0,25.0,1971.0,354.0,360.0,0.0,4.0,354.0,1245.0,1260.0,0.0,22.0,1245.0,1987.0,61.43823446900034,0.0,62.248683021102835,61.45164307538816,59.64629500396254,11.034568747856987,0.0,11.221595336803716,11.036976990708986,10.86334985612011,38.80801720644618,0.0,39.27558367881301,38.81648687410364,37.85406372549328,0.00935132944733643
SE,,SE,2021,12,"1,2,3,4,5,6,7,8,9,10,11,12",29303.0,9.0,0.0,60.0,29303.0,1622.0,1658.0,0.0,19.0,1622.0,287.0,299.0,0.0,2.0,287.0,1075.0,1102.0,0.0,17.0,1075.0,1639.0,55.352694263386,,56.58123741596424,55.3697002799208,53.348110073746206,9.794219021943146,,10.20373340613589,9.797228101317677,9.596518661103474,36.68566358393338,,37.60707094836706,36.69693452584147,35.495575700188674,0.0
SE,,SE,2022,12,"1,2,3,4,5,6,7,8,9,10,11,12",30875.0,10.0,97.0,50.0,30875.0,1686.0,1711.0,1.0,28.0,1686.0,309.0,311.0,0.0,0.0,309.0,926.0,939.0,1.0,21.0,926.0,1708.0,54.607287449392715,10.309278350515465,55.417004048582996,54.624979750526485,52.25222327044028,10.008097165991902,0.0,10.072874493927126,10.011339705167666,9.828285302071825,29.991902834008098,10.309278350515465,30.412955465587043,30.001619957881093,29.254921425347984,0.31417004048582997
SE,,SE,2023,12,"1,2,3,4,5,6,7,8,9,10,11,12",27878.0,7.0,257.0,35.0,27878.0,1409.0,1413.0,1.0,14.0,1409.0,325.0,328.0,0.0,1.0,325.0,706.0,710.0,1.0,9.0,706.0,1436.0,50.54164574216228,3.8910505836575875,50.68512805796686,50.55433963618098,48.2086812194527,11.657938159121889,0.0,11.76554989597532,11.660866133256791,11.368836865736167,25.324628739507855,3.8910505836575875,25.468111055312434,25.33098920024398,24.656808426880737,0.9218738790444078
SE,,SE,2024,12,"1,2,3,4,5,6,7,8,9,10,11,12",25958.0,5.0,655.0,68.0,25958.0,1234.0,1238.0,7.0,35.0,1234.0,349.0,351.0,2.0,6.0,349.0,747.0,753.0,8.0,34.0,747.0,1260.0,47.53833115031975,10.687022900763358,47.69242622698205,47.54748969290641,44.960915016686926,13.44479543878573,3.053435114503817,13.521842977116881,13.44738565869071,13.122574389832954,28.777255566684644,12.213740458015268,29.008398181678096,28.782799676337994,27.85064005078637,2.523306880345173
SE,,SE,2025,12,"1,2,3,4,5,6,7,8,9,10,11,12",28230.0,0.0,336.0,80.0,28230.0,1221.0,1236.0,0.0,44.0,1221.0,270.0,273.0,0.0,3.0,270.0,631.0,640.0,0.0,19.0,631.0,1239.0,43.251859723698196,0.0,43.783209351753456,43.251859723698196,42.05262022567695,9.564293304994687,0.0,9.670563230605739,9.564293304994687,9.594737888434993,22.352107686857952,0.0,22.670917463691108,22.352107686857952,22.097295759777218,1.1902231668437833
TO,,TO,2002,12,"1,2,3,4,5,6,7,8,9,10,11,12",23659.0,4.0,495.0,11.0,23659.0,762.0,798.0,0.0,4.0,762.0,150.0,150.0,0.0,1.0,150.0,548.0,563.0,0.0,4.0,548.0,763.0,32.20761655184074,0.0,33.72923623145526,32.21306277742549,34.8133118064286,6.3400819983938455,0.0,6.3400819983938455,6.341154090044388,7.003737930240182,23.16243290079885,0.0,23.796441100638233,23.166349608962165,25.399033051135774,2.0922270594699692
TO,,TO,2003,12,"1,2,3,4,5,6,7,8,9,10,11,12",22863.0,4.0,1977.0,17.0,22863.0,947.0,987.0,12.0,10.0,947.0,140.0,140.0,1.0,3.0,140.0,713.0,726.0,4.0,9.0,713.0,948.0,41.42063596203473,6.0698027314112295,43.1701876394174,41.427883984426266,45.19674967046505,6.123430870839347,0.5058168942842691,6.123430870839347,6.124502384181286,6.762002523551169,31.185758649346106,2.0232675771370765,31.754362944495472,31.19121571372326,33.60626095209168,8.647159165463849
TO,,TO,2004,12,"1,2,3,4,5,6,7,8,9,10,11,12",23774.0,6.0,3231.0,27.0,23774.0,1191.0,1248.0,38.0,16.0,1191.0,124.0,124.0,0.0,2.0,124.0,878.0,897.0,12.0,13.0,878.0,1191.0,50.0967443425591,11.761064685855771,52.49432152771936,50.10939077751599,55.366559745695874,5.215781946664423,0.0,5.215781946664423,5.217098619993268,5.473837194126887,36.93110120299487,3.714020427112349,37.73029359804829,36.94042409962975,40.330337648849934,13.590476991671574
TO,,TO,2005,12,"1,2,3,4,5,6,7,8,9,10,11,12",25492.0,7.0,3852.0,14.0,25492.0,1162.0,1202.0,42.0,4.0,1162.0,155.0,155.0,2.0,0.0,155.0,865.0,874.0,9.0,2.0,865.0,1162.0,45.58292797740467,10.903426791277258,47.1520477012396,45.59544830292329,49.73577024584011,6.080338929860348,0.5192107995846313,6.080338929860348,6.082009024916617,5.984096279425484,33.93221402793033,2.336448598130841,34.28526596579319,33.941534235824996,36.47682322261399,15.110622940530362
TO,,TO,2006,12,"1,2,3,4,5,6,7,8,9,10,11,12",24923.0,7.0,4612.0,23.0,24923.0,1161.0,1195.0,21.0,13.0,1161.0,138.0,138.0,0.0,1.0,138.0,827.0,834.0,3.0,6.0,827.0,1168.0,46.58347710949725,4.553339115351258,47.94767885086065,46.596564456574086,51.77439968145084,5.5370541267102675,0.0,5.5370541267102675,5.538609728688393,5.850881250976714,33.18220117963327,0.6504770164787511,33.463066244031616,33.19152351902392,36.78472939476816,18.504995385788227
TO,,TO,2007,12,"1,2,3,4,5,6,7,8,9,10,11,12",23902.0,5.0,5462.0,23.0,23902.0,1094.0,1113.0,39.0,10.0,1094.0,146.0,147.0,1.0,0.0,146.0,854.0,859.0,9.0,7.0,854.0,1095.0,45.770228432767134,7.140241669718052,46.56514099238557,45.77980499644307,49.08676295721462,6.1082754581206595,0.1830831197363603,6.150112961258472,6.109553500439386,6.194249360859204,35.72922767969207,1.6477480776272428,35.93841519538114,35.736703351885176,38.54496787537076,22.851644213873318
TO,,TO,2008,12,"1,2,3,4,5,6,7,8,9,10,11,12",24621.0,14.0,5757.0,31.0,24621.0,1808.0,1881.0,454.0,14.0,1808.0,174.0,174.0,3.0,0.0,174.0,1468.0,1479.0,362.0,8.0,1468.0,1825.0,73.4332480402908,78.86051763071043,76.39819666138662,73.47502743121876,77.89348910710466,7.067137809187279,0.5211047420531527,7.067137809187279,7.07115861340269,7.055046296292786,59.62389829820072,62.87997220774709,60.07067137809187,59.65782094525948,63.05642480110141,23.38247837212136
TO,,TO,2009,12,"1,2,3,4,5,6,7,8,9,10,11,12",24661.0,6.0,6070.0,37.0,24661.0,1696.0,1714.0,500.0,19.0,1696.0,199.0,199.0,5.0,1.0,199.0,1355.0,1361.0,403.0,15.0,1355.0,1709.0,68.77255585742671,82.37232289950576,69.5024532662909,68.78929223281281,71.71812579457472,8.069421353554194,0.8237232289950577,8.069421353554194,8.07138511458122,8.474388746094025,54.94505494505494,66.39209225700165,55.188354081343014,54.958426282701275,56.99909479833221,24.613762621142694
TO,,TO,2010,12,"1,2,3,4,5,6,7,8,9,10,11,12",24982.0,5.0,5357.0,30.0,24982.0,1679.0,1716.0,430.0,6.0,1679.0,171.0,171.0,3.0,0.0,171.0,1311.0,1323.0,362.0,6.0,1311.0,1694.0,67.2083900408294,80.26880716819115,68.6894564086142,67.22184409656884,70.36167491538971,6.844928348410856,0.5600149337315662,6.844928348410856,6.846298594707131,7.046073910078255,52.477784004483226,67.57513533694232,52.95812985349452,52.488289226088,54.63898075799045,21.44343927627892
TO,,TO,2011,12,"1,2,3,4,5,6,7,8,9,10,11,12",25701.0,10.0,5214.0,32.0,25701.0,1722.0,1784.0,260.0,10.0,1722.0,203.0,205.0,3.0,2.0,203.0,1379.0,1392.0,196.0,9.0,1379.0,1737.0,67.00128399673164,49.865746068277716,69.41364149254893,67.02736366821065,69.69478161673115,7.898525349208202,0.5753739930955121,7.976343332944244,7.901599782024833,8.346124181940054,53.65549978600055,37.59110088224012,54.16131668028481,53.6763847261687,55.83206143667449,20.28714835998599
TO,,TO,2012,12,"1,2,3,4,5,6,7,8,9,10,11,12",25570.0,10.0,5423.0,33.0,25570.0,1527.0,1576.0,106.0,9.0,1527.0,266.0,267.0,4.0,2.0,266.0,1124.0,1143.0,40.0,8.0,1124.0,1542.0,59.718420023465,19.546376544348146,61.634728197105986,59.74178403755869,63.28536438625214,10.40281579976535,0.7375991148810621,10.441924129839656,10.406885758998435,10.710081233143766,43.95776300351975,7.375991148810622,44.70082127493156,43.97496087636933,46.64170684559212,21.208447399296052
TO,,TO,2013,12,"1,2,3,4,5,6,7,8,9,10,11,12",25226.0,6.0,2467.0,32.0,25226.0,1439.0,1497.0,40.0,13.0,1439.0,288.0,293.0,2.0,4.0,288.0,1019.0,1035.0,19.0,10.0,1019.0,1458.0,57.044319353048444,16.214025131738953,59.34353444858479,57.057890563045206,60.09479936341706,11.41679219852533,0.8107012565869477,11.615000396416395,11.419508326724822,12.008203309508417,40.394830730199004,7.701661937576003,41.02909696345041,40.404440919904836,42.923085518983456,9.779592483945136
TO,,TO,2014,12,"1,2,3,4,5,6,7,8,9,10,11,12",26415.0,3.0,826.0,36.0,26415.0,1504.0,1569.0,13.0,24.0,1504.0,251.0,253.0,1.0,4.0,251.0,1026.0,1052.0,4.0,16.0,1026.0,1522.0,56.937346204807874,15.738498789346247,59.39806927881885,56.94381341814327,59.469105863179465,9.502176793488548,1.2106537530266344,9.577891349611964,9.50325609571407,9.895182145537014,38.841567291311755,4.842615012106537,39.82585652091615,38.845979100408904,40.981131606402975,3.1270111678970283
TO,,TO,2015,12,"1,2,3,4,5,6,7,8,9,10,11,12",23254.0,33.0,525.0,45.0,23254.0,1325.0,1361.0,4.0,17.0,1325.0,197.0,200.0,0.0,3.0,197.0,935.0,944.0,1.0,13.0,935.0,1360.0,56.97944439666294,7.619047619047619,58.527565150081706,57.060419447913524,59.00967815994664,8.471660789541584,0.0,8.600670852326482,8.483700099048276,8.471940089440906,40.2081362346263,1.9047619047619047,40.595166422980995,40.26527711984841,42.054663030988124,2.2576760987357014
TO,,TO,2016,12,"1,2,3,4,5,6,7,8,9,10,11,12",23489.0,95.0,352.0,36.0,23489.0,1384.0,1398.0,10.0,15.0,1384.0,290.0,292.0,0.0,5.0,290.0,979.0,986.0,0.0,16.0,979.0,1404.0,58.92119715611563,28.40909090909091,59.51722082676998,59.160468496195605,60.09242173063471,12.346204606411511,0.0,12.43135084507642,12.396340942121912,12.515159818281655,41.67908382647197,0.0,41.97709566179914,41.84833718047363,42.624965866835595,1.4985738005023628
TO,,TO,2017,12,"1,2,3,4,5,6,7,8,9,10,11,12",21910.0,16.0,774.0,41.0,21910.0,1421.0,1423.0,3.0,13.0,1421.0,311.0,312.0,0.0,3.0,311.0,928.0,929.0,0.0,10.0,928.0,1435.0,64.85623003194888,3.875968992248062,64.94751255134642,64.90362656435553,65.74828882481789,14.19443176631675,0.0,14.240073026015517,14.204804969398008,14.285930055473555,42.35508900045641,0.0,42.40073026015518,42.38604183794647,43.03302044355934,3.532633500684619
TO,,TO,2018,12,"1,2,3,4,5,6,7,8,9,10,11,12",19934.0,30.0,1600.0,31.0,19934.0,1169.0,1170.0,1.0,13.0,1169.0,218.0,218.0,0.0,3.0,218.0,700.0,700.0,1.0,11.0,700.0,1183.0,58.64352362797231,0.625,58.69368917427511,58.731913183279744,59.261150567561344,10.936089094010233,0.0,10.936089094010233,10.952572347266882,11.22606067018898,35.11588241195947,0.625,35.11588241195947,35.168810289389064,35.527935878364694,8.026487408447878
TO,,TO,2019,12,"1,2,3,4,5,6,7,8,9,10,11,12",23928.0,11.0,5639.0,35.0,23928.0,1330.0,1333.0,9.0,16.0,1330.0,309.0,309.0,1.0,2.0,309.0,823.0,824.0,4.0,9.0,823.0,1353.0,55.58341691741892,1.5960276644795177,55.70879304580408,55.60898105949743,55.60648143430629,12.913741223671012,0.17733640716439084,12.913741223671012,12.919680561943387,13.095225194354299,34.39485122032765,0.7093456286575633,34.436643263122704,34.41067023456119,34.567669998900364,23.56653293212972
TO,,TO,2020,12,"1,2,3,4,5,6,7,8,9,10,11,12",23051.0,18.0,5204.0,33.0,23051.0,1086.0,1097.0,0.0,18.0,1086.0,189.0,192.0,2.0,2.0,189.0,555.0,565.0,4.0,7.0,555.0,1104.0,47.1129235174179,0.0,47.59012624181163,47.14974167498806,47.178196993931884,8.199210446401457,0.3843197540353574,8.329356643963386,8.205618026310077,8.27956573956057,24.077046548956663,0.7686395080707148,24.51086720749642,24.09586245821213,24.155300235130355,22.576027070409094
TO,,TO,2021,12,"1,2,3,4,5,6,7,8,9,10,11,12",21724.0,19.0,4338.0,55.0,21724.0,885.0,894.0,0.0,28.0,885.0,184.0,184.0,1.0,2.0,184.0,366.0,369.0,3.0,16.0,366.0,913.0,40.73835389431044,0.0,41.15264223899834,40.77401520387008,40.37382572853397,8.46989504695268,0.23052097740894423,8.46989504695268,8.47730937571988,8.493473694629165,16.847726017308048,0.6915629322268326,16.985822132204014,16.86247408431237,16.797454383217,19.968698213956912
TO,,TO,2022,12,"1,2,3,4,5,6,7,8,9,10,11,12",20951.0,18.0,3432.0,47.0,20951.0,1022.0,1046.0,2.0,17.0,1022.0,216.0,218.0,1.0,0.0,216.0,397.0,404.0,2.0,7.0,397.0,1048.0,48.78048780487805,0.5827505827505828,49.92601785117655,48.8224334782401,47.90129482277543,10.309770416686554,0.2913752913752914,10.405231253878096,10.318635647064443,10.106806100207917,18.948976182521122,0.5827505827505828,19.283089112691517,18.965270147613815,18.769214456901764,16.381079662068636
TO,,TO,2023,12,"1,2,3,4,5,6,7,8,9,10,11,12",22700.0,25.0,4798.0,56.0,22700.0,1140.0,1168.0,12.0,25.0,1140.0,247.0,251.0,1.0,1.0,247.0,424.0,436.0,1.0,12.0,424.0,1168.0,50.220264317180614,2.501042100875365,51.45374449339207,50.27563395810364,49.34825874659009,10.881057268722467,0.20842017507294705,11.05726872246696,10.893054024255788,10.798545627296043,18.6784140969163,0.20842017507294705,19.207048458149778,18.699007717750828,18.49456011832805,21.136563876651984
TO,,TO,2024,12,"1,2,3,4,5,6,7,8,9,10,11,12",22939.0,15.0,3486.0,63.0,22939.0,1161.0,1173.0,18.0,28.0,1161.0,296.0,298.0,1.0,6.0,296.0,486.0,492.0,4.0,12.0,486.0,1275.0,50.61249400584158,5.163511187607573,51.13562055887353,50.645611586110626,49.34715159477747,12.90378830812154,0.2868617326448652,12.990976066960199,12.912231722212528,12.390026139623172,21.18662539779415,1.1474469305794608,21.448188674310128,21.20048857093003,20.533878873283516,15.196826365578273
TO,,TO,2025,12,"1,2,3,4,5,6,7,8,9,10,11,12",24605.0,21.0,380.0,108.0,24605.0,985.0,989.0,0.0,29.0,985.0,446.0,447.0,0.0,3.0,446.0,641.0,645.0,0.0,12.0,641.0,1220.0,40.032513716724246,0.0,40.19508230034546,40.066710055320534,39.489543833860445,18.126397073765496,0.0,18.167039219670798,18.141880898145136,17.41411689031771,26.051615525299734,0.0,26.21418410892095,26.07386918320859,25.268591506711445,1.5444015444015444
