territory,region_code,region,year,n_months,months,admissions,deaths,pn_admissions,icu_admissions,icu_known,W,W_any,W_pn,W_icu,W_icu_known,M,M_any,M_pn,M_icu,M_icu_known,OMS,OMS_any,OMS_pn,OMS_icu,OMS_icu_known,union_cases,W_per_1000,W_pn_per_1000,W_any_per_1000,W_survivor_per_1000,W_standardized,M_per_1000,M_pn_per_1000,M_any_per_1000,M_survivor_per_1000,M_standardized,OMS_per_1000,OMS_pn_per_1000,OMS_any_per_1000,OMS_survivor_per_1000,OMS_standardized,pn_percent,value,indicator
1,1.0,Norte,2004,12,"1,2,3,4,5,6,7,8,9,10,11,12",280421.0,65.0,19746.0,175.0,280421.0,10907.0,10979.0,292.0,62.0,10907.0,4424.0,4484.0,148.0,8.0,4424.0,9399.0,9481.0,223.0,48.0,9399.0,11764.0,38.895089882712064,14.787805125088626,39.15184668765891,38.90410763457889,41.05092382859505,15.776279237289646,7.495188899017522,15.99024324141202,15.779936937322548,16.138799367615537,33.51746124576975,11.293426516762889,33.80987871807033,33.52523220476822,35.06714333609372,7.041555375667301,52.775306884895926,pnad_education
1,1.0,Norte,2005,12,"1,2,3,4,5,6,7,8,9,10,11,12",288818.0,110.0,21847.0,210.0,288818.0,12042.0,12107.0,287.0,59.0,12042.0,5299.0,5346.0,49.0,23.0,5299.0,11190.0,11251.0,114.0,59.0,11190.0,13548.0,41.69407723895325,13.136815123357898,41.9191324640431,41.7099630076063,44.310323081513715,18.34719442694015,2.242870874719641,18.5099266666205,18.35418485112986,18.761003135181905,38.74412259623708,5.218107749347737,38.955328269013705,38.758884409160814,40.82189433753289,7.564279234673739,50.49960900165088,pnad_education
1,1.0,Norte,2006,12,"1,2,3,4,5,6,7,8,9,10,11,12",295257.0,100.0,27620.0,263.0,295257.0,12667.0,12760.0,240.0,90.0,12667.0,4188.0,4255.0,36.0,20.0,4188.0,10561.0,10641.0,85.0,61.0,10561.0,13246.0,42.90160775189072,8.689355539464156,43.216587583020896,42.916142934099476,45.30055511823476,14.184253040571434,1.3034033309196236,14.41117399418134,14.189058704350566,14.53961704730361,35.7688386727495,3.0774800868935555,36.03978906511954,35.780957253258435,37.732833102532865,9.354562296575526,48.5504803640654,pnad_education
1,1.0,Norte,2008,12,"1,2,3,4,5,6,7,8,9,10,11,12",276127.0,70.0,55851.0,297.0,276127.0,12323.0,12446.0,1186.0,190.0,12323.0,2441.0,2465.0,28.0,4.0,2441.0,10144.0,10194.0,619.0,50.0,10144.0,12785.0,44.62801536973929,21.235071887701206,45.073462573381086,44.63933173221472,47.03388988608412,8.840135155200324,0.5013339062863691,8.927051682740188,8.842376755525127,8.875841395147955,36.736718973515806,11.083060285402231,36.91779507255719,36.7460343334891,38.70682660954964,20.22656241512058,45.9763691521635,pnad_education
1,1.0,Norte,2009,12,"1,2,3,4,5,6,7,8,9,10,11,12",280394.0,87.0,58810.0,240.0,280394.0,11722.0,11787.0,1312.0,124.0,11722.0,2641.0,2653.0,21.0,4.0,2641.0,9433.0,9461.0,669.0,46.0,9433.0,12311.0,41.805459460616134,22.309131100153035,42.03727611860454,41.8184347875722,43.72527545847548,9.41888913457492,0.35708212888964463,9.461686056049702,9.421812512709279,9.542218591077363,33.641946689301484,11.375616391770107,33.74180617274264,33.65238827428498,35.21113635715654,20.974057932766037,45.744096650192205,pnad_education
1,1.0,Norte,2011,12,"1,2,3,4,5,6,7,8,9,10,11,12",276785.0,70.0,59413.0,256.0,276785.0,12644.0,12759.0,1010.0,130.0,12644.0,2510.0,2522.0,11.0,4.0,2510.0,9961.0,10007.0,442.0,50.0,9961.0,13057.0,45.68166627526781,16.99964654200259,46.097151218454755,45.69322226839889,47.56917991007931,9.06841049912387,0.1851446653089391,9.11176544971729,9.070704515476212,9.202673267724352,35.988221905088785,7.439449278777372,36.154415882363566,35.99732576838986,37.44808107801885,21.465397330057627,43.856106499139926,pnad_education
1,1.0,Norte,2012,12,"1,2,3,4,5,6,7,8,9,10,11,12",269399.0,79.0,70271.0,288.0,269399.0,11997.0,12143.0,1100.0,162.0,11997.0,2630.0,2645.0,13.0,8.0,2630.0,8528.0,8577.0,327.0,46.0,8528.0,12399.0,44.53245928900998,15.653683596362653,45.074406363794964,44.5455220555473,46.27875219038725,9.76247127866102,0.1849980788661041,9.818150772645778,9.765334917570177,9.748255523325335,31.655648313468127,4.65341321455508,31.837534660485005,31.66493390761919,32.827097821196865,26.084358145353175,41.67889638978573,pnad_education
1,1.0,Norte,2013,12,"1,2,3,4,5,6,7,8,9,10,11,12",285041.0,86.0,57151.0,290.0,285041.0,12498.0,12704.0,906.0,151.0,12498.0,3039.0,3076.0,8.0,15.0,3039.0,9007.0,9079.0,240.0,63.0,9007.0,12962.0,43.84632386218123,15.852740984409722,44.56902691191794,43.85955677212191,45.164273918205325,10.661624117232257,0.13998005284246995,10.791430004806326,10.66484181712902,10.765005096684272,31.5989629562063,4.1994015852740985,31.851558196890974,31.60849958765419,32.56020972535845,20.050098056069128,41.05157449250412,pnad_education
1,1.0,Norte,2014,12,"1,2,3,4,5,6,7,8,9,10,11,12",282881.0,69.0,47708.0,253.0,282881.0,12281.0,12586.0,571.0,89.0,12281.0,3019.0,3095.0,5.0,14.0,3019.0,8386.0,8517.0,142.0,58.0,8386.0,12787.0,43.414015080546235,11.968642575668651,44.49220697042219,43.42460715952647,44.96198609230524,10.672332182083633,0.10480422570638048,10.940996390708461,10.67493599988685,10.823317266007855,29.644974388523796,2.976440010061206,30.10806664286396,29.65220711992419,30.61973690756034,16.86504219088592,39.37557262668264,pnad_education
1,1.0,Norte,2015,12,"1,2,3,4,5,6,7,8,9,10,11,12",288723.0,105.0,37549.0,291.0,288723.0,11458.0,11607.0,481.0,110.0,11458.0,2987.0,3017.0,16.0,16.0,2987.0,7764.0,7823.0,137.0,76.0,7764.0,11990.0,39.68509609556565,12.809928360275906,40.20116166706497,39.69953363962053,40.84237345311777,10.34555612126502,0.4261098830861008,10.449461941029984,10.349319862240055,10.41951855869151,26.890826155172952,3.6485658739247384,27.09517426737738,26.900609109618944,27.606929878950055,13.005198754515574,38.3779321730756,pnad_education
2,2.0,Nordeste,2002,12,"1,2,3,4,5,6,7,8,9,10,11,12",947138.0,216.0,12803.0,1391.0,947138.0,25154.0,25540.0,73.0,432.0,25154.0,8409.0,10331.0,26.0,39.0,8409.0,17654.0,19782.0,42.0,209.0,17654.0,25689.0,26.557903916852666,5.701788643286729,26.965447484949394,26.563961973636687,27.272168719074863,8.878326072863722,2.0307740373349996,10.90759741452671,8.88035128553355,8.943145216622588,18.639311272486164,3.280481137233461,20.886079958781085,18.643563038983146,19.053654538385977,1.351756555010991,62.277695790289904,pnad_education
2,2.0,Nordeste,2003,12,"1,2,3,4,5,6,7,8,9,10,11,12",911492.0,235.0,43470.0,2293.0,911492.0,29050.0,29299.0,282.0,796.0,29050.0,9763.0,11140.0,28.0,67.0,9763.0,19129.0,20671.0,107.0,279.0,19129.0,29646.0,31.870822782865893,6.487232574189096,32.14400126386189,31.879041807086256,32.74168866021926,10.711010080176239,0.644122383252818,12.221719993154082,10.71377229475329,10.827959191890919,20.986470534025532,2.461467678858983,22.67820233200072,20.991882641230738,21.47505869863634,4.769103842930053,60.16030290364616,pnad_education
2,2.0,Nordeste,2004,12,"1,2,3,4,5,6,7,8,9,10,11,12",903719.0,229.0,59775.0,2519.0,903719.0,29737.0,29975.0,339.0,807.0,29737.0,9019.0,10237.0,25.0,88.0,9019.0,19761.0,21074.0,111.0,270.0,19761.0,30302.0,32.90513976136388,5.671267252195734,33.16849595947413,32.91347994997177,33.83094063108831,9.979872062001574,0.41823504809703055,11.327636134683457,9.982401576110416,10.086443084923552,21.86631021368368,1.8569636135508156,23.31919545788016,21.87185248314868,22.415097349422556,6.614334765563189,58.230238469918895,pnad_education
2,2.0,Nordeste,2005,12,"1,2,3,4,5,6,7,8,9,10,11,12",918037.0,234.0,74514.0,2384.0,918037.0,27967.0,28220.0,672.0,693.0,27967.0,6717.0,7903.0,49.0,67.0,6717.0,17541.0,18888.0,258.0,266.0,17541.0,28316.0,30.463913763824333,9.018439487881471,30.73950178478645,30.47168074194571,31.267525193030664,7.316698564436946,0.6575945459913574,8.608585492741579,7.318564005565465,7.343805639647442,19.10707302646843,3.4624365890973507,20.574334149930777,19.11194450225157,19.50300082634888,8.116666321727774,56.91722169362512,pnad_education
2,2.0,Nordeste,2006,12,"1,2,3,4,5,6,7,8,9,10,11,12",868011.0,198.0,101312.0,2218.0,868011.0,26097.0,26612.0,987.0,676.0,26097.0,5522.0,6755.0,76.0,55.0,5522.0,16140.0,17649.0,363.0,253.0,16140.0,26606.0,30.065287191060943,9.742182564750474,30.658597644499896,30.072146879569676,30.815985861321664,6.361670531825058,0.7501579279848389,7.782159442679874,6.363122009004244,6.378034677502802,18.59423440486353,3.582991156032849,20.332691636396312,18.598476860798353,18.977022496938346,11.671741487147052,55.17820880890694,pnad_education
2,2.0,Nordeste,2007,12,"1,2,3,4,5,6,7,8,9,10,11,12",859671.0,145.0,125458.0,2191.0,859671.0,26393.0,26916.0,1379.0,667.0,26393.0,6008.0,7470.0,122.0,77.0,6008.0,15809.0,17516.0,412.0,265.0,15809.0,27064.0,30.70127990824397,10.991726314782637,31.309652180892456,30.70645914143377,31.388335173898607,6.988720103388389,0.972436990865469,8.689370701117054,6.989899083913692,7.006310552120872,18.38959322810703,3.2839675429227313,20.37523657306109,18.39269550892003,18.71804797196658,14.593722482205402,53.76107210060122,pnad_education
2,2.0,Nordeste,2008,12,"1,2,3,4,5,6,7,8,9,10,11,12",803376.0,983.0,150245.0,1881.0,803376.0,27624.0,28458.0,2620.0,751.0,27624.0,5890.0,5977.0,132.0,68.0,5890.0,17706.0,17974.0,775.0,327.0,17706.0,29290.0,34.384895739977296,17.438184298978335,35.42301487721814,34.42702017589884,35.08555109144812,7.331560813367589,0.8785650104828779,7.439853816892713,7.340542601941941,7.423804178712708,22.03949333811316,5.158241538819928,22.37308557885722,22.06649360101596,22.51051367308464,18.70170380992213,51.60320867698565,pnad_education
2,2.0,Nordeste,2009,12,"1,2,3,4,5,6,7,8,9,10,11,12",817105.0,966.0,155388.0,2088.0,817105.0,27998.0,28668.0,3017.0,705.0,27998.0,5765.0,5859.0,127.0,60.0,5765.0,17520.0,17852.0,801.0,292.0,17520.0,29605.0,34.26487415937976,19.415913712770614,35.08484221734049,34.305430815094,34.947158696236684,7.055396797229243,0.8173089299044971,7.17043709192821,7.06374771944485,7.102787769844207,21.441552799211852,5.1548382114449,21.847865329425225,21.466931490836732,21.799287433024915,19.016895013492757,50.61442564559216,pnad_education
2,2.0,Nordeste,2011,12,"1,2,3,4,5,6,7,8,9,10,11,12",788784.0,228.0,159558.0,3924.0,788784.0,28955.0,30241.0,2765.0,1509.0,28955.0,5647.0,5743.0,148.0,127.0,5647.0,16256.0,16832.0,877.0,482.0,16256.0,30034.0,36.70840179313982,17.32912169869264,38.33875940688452,36.71901551697026,37.23591747741824,7.159120874662772,0.9275623911054287,7.280827197306233,7.161190834893146,7.191720245649319,20.60893730095945,5.496433898645007,21.33917523682022,20.61489608854666,20.89841707439024,20.228351487859793,47.97027987176155,pnad_education
2,2.0,Nordeste,2012,12,"1,2,3,4,5,6,7,8,9,10,11,12",757741.0,252.0,164416.0,4077.0,757741.0,28649.0,29955.0,3048.0,1734.0,28649.0,5810.0,5941.0,158.0,130.0,5810.0,15713.0,16196.0,928.0,615.0,15713.0,29757.0,37.80843322454506,18.5383417672246,39.53197728511457,37.82101126220975,38.215246452375396,7.667527558888855,0.9609770338653173,7.840409849803561,7.670078377375777,7.678190050760869,20.736636924753974,5.644219540677306,21.374057890492924,20.74353554969115,20.903629395849425,21.698179193154388,46.535374076848974,pnad_education
2,2.0,Nordeste,2013,12,"1,2,3,4,5,6,7,8,9,10,11,12",742646.0,257.0,99584.0,4243.0,742646.0,28952.0,30390.0,1918.0,1693.0,28952.0,5939.0,6134.0,31.0,116.0,5939.0,15546.0,16152.0,430.0,682.0,15546.0,30508.0,38.9849268695987,19.260122107969153,40.92124646197515,38.9984226598185,39.36646319059232,7.997080708709129,0.3112949871465296,8.259655340498703,7.999849135695706,8.00495077812621,20.93325756820881,4.317962724935732,21.749258731616408,20.940504236997047,21.089147232971623,13.409349811350227,45.31792396918127,pnad_education
2,2.0,Nordeste,2014,12,"1,2,3,4,5,6,7,8,9,10,11,12",748997.0,201.0,50902.0,4187.0,748997.0,29575.0,30838.0,607.0,1769.0,29575.0,7372.0,7479.0,21.0,130.0,7372.0,16426.0,16892.0,145.0,641.0,16426.0,32220.0,39.48613946384298,11.924875250481318,41.17239454897683,39.49673876463015,39.79228250459073,9.842496031359271,0.41255746336096816,9.9853537464102,9.845138061634945,9.871783504640053,21.93066193856584,2.848611056540018,22.552827314395117,21.936548806350462,22.048846672956124,6.796021879927423,44.35947261748051,pnad_education
2,2.0,Nordeste,2015,12,"1,2,3,4,5,6,7,8,9,10,11,12",770960.0,280.0,48201.0,4153.0,770960.0,30468.0,31531.0,572.0,1955.0,30468.0,7564.0,7657.0,26.0,114.0,7564.0,16060.0,16400.0,142.0,525.0,16060.0,33121.0,39.51956002905469,11.866973714238293,40.89836048562831,39.5339180983028,39.68987975575734,9.811144547058213,0.5394078961017407,9.931773373456469,9.814709088078061,9.821900379328039,20.83117152640863,2.9459969710171987,21.27218013904742,20.838739814190067,20.894780246047414,6.252075334647712,43.74715967775253,pnad_education
3,3.0,Sudeste,2002,12,"1,2,3,4,5,6,7,8,9,10,11,12",1005254.0,348.0,37738.0,1900.0,1005254.0,31690.0,33923.0,517.0,413.0,31690.0,11449.0,11886.0,18.0,80.0,11449.0,21716.0,22900.0,223.0,264.0,21716.0,33701.0,31.524370955002418,13.699719116010387,33.74570009171811,31.53528787767214,32.25683227919598,11.38916134628661,0.47697281254968465,11.823877348411447,11.393105424786,11.503973539943747,21.602500462569658,5.909163177698871,22.7803122394937,21.60998143109903,21.976083486088154,3.754076084253333,43.081523449795405,pnad_education
3,3.0,Sudeste,2003,12,"1,2,3,4,5,6,7,8,9,10,11,12",977489.0,295.0,133307.0,2040.0,977489.0,31566.0,33963.0,2054.0,459.0,31566.0,8632.0,9044.0,77.0,67.0,8632.0,18849.0,19973.0,760.0,276.0,18849.0,32417.0,32.29294651909127,15.40804308850998,34.74514802724123,32.30269526828859,32.99739139884454,8.83078991170233,0.5776140787805591,9.252278030750219,8.833455792810843,8.92871670720832,19.28308144644083,5.701125972379545,20.432966509086036,19.28890271532572,19.615439963020343,13.637698224737056,41.62696448459349,pnad_education
3,3.0,Sudeste,2004,12,"1,2,3,4,5,6,7,8,9,10,11,12",976634.0,268.0,187259.0,2226.0,976634.0,32624.0,35172.0,3106.0,496.0,32624.0,7773.0,8219.0,123.0,64.0,7773.0,17978.0,19221.0,1190.0,290.0,17978.0,32849.0,33.40453025391293,16.586652710951142,36.01349123622565,33.41369937093262,33.99361454632116,7.95896927610548,0.6568442638271058,8.415639840513437,7.961153911545465,8.028382031061106,18.40812423077632,6.354834747595576,19.68086304593123,18.41317702582843,18.64903654989419,19.173917762437107,40.306044376434585,pnad_education
3,3.0,Sudeste,2005,12,"1,2,3,4,5,6,7,8,9,10,11,12",958352.0,281.0,199433.0,2123.0,958352.0,32091.0,34521.0,3255.0,466.0,32091.0,7809.0,8364.0,125.0,80.0,7809.0,17380.0,18793.0,1090.0,286.0,17380.0,32413.0,33.48560862814498,16.321270802725728,36.021211412925524,33.49542987941395,34.03471251086335,8.148363023189809,0.6267769125470709,8.727482177738452,8.15075291914691,8.204655351027792,18.135298929829542,5.465494677410459,19.6097049935723,18.140617970901946,18.34727223412336,20.809994657495366,39.30484091147748,pnad_education
3,3.0,Sudeste,2006,12,"1,2,3,4,5,6,7,8,9,10,11,12",908022.0,247.0,208094.0,2341.0,908022.0,30699.0,32977.0,3468.0,559.0,30699.0,7741.0,8313.0,119.0,74.0,7741.0,16755.0,18069.0,1285.0,283.0,16755.0,30999.0,33.80865221327237,16.665545378530854,36.317402001273095,33.81785133981438,34.24190890515289,8.52512384061179,0.5718569492633137,9.15506452486834,8.527443474429237,8.5858568403192,18.452196092165167,6.175093947927379,19.899297594111157,18.457216821348904,18.631571715869594,22.91728614504935,37.92823869331918,pnad_education
3,3.0,Sudeste,2007,12,"1,2,3,4,5,6,7,8,9,10,11,12",899615.0,232.0,233888.0,2024.0,899615.0,30314.0,32920.0,3682.0,505.0,30314.0,7607.0,8178.0,142.0,75.0,7607.0,16110.0,17411.0,1142.0,274.0,16110.0,30551.0,33.69663689467161,15.742577644000548,36.59343163464371,33.70532909783707,34.02817879922759,8.45583944242815,0.6071281981119168,9.090555404256266,8.458020665278308,8.493062623751724,17.907660499213552,4.882678889040909,19.353834695953267,17.912279862972728,18.037465919925186,25.99867721191843,36.87230364742966,pnad_education
3,3.0,Sudeste,2008,12,"1,2,3,4,5,6,7,8,9,10,11,12",828529.0,199.0,231497.0,1954.0,828529.0,29255.0,31059.0,4432.0,541.0,29255.0,8664.0,8963.0,341.0,77.0,8664.0,20287.0,21022.0,1889.0,300.0,20287.0,32232.0,35.30956671401967,19.144956522114757,37.48691958881343,35.31804956961597,35.52517942246764,10.45708719912037,1.4730212486554901,10.817967747658802,10.459599435007787,10.479790952701256,24.485564174579284,8.159932958094489,25.37267856647142,24.491446645660545,24.594727198967547,27.940723861204617,36.0616404118882,pnad_education
3,3.0,Sudeste,2009,12,"1,2,3,4,5,6,7,8,9,10,11,12",860536.0,288.0,215161.0,2670.0,860536.0,29185.0,31180.0,4209.0,661.0,29185.0,7984.0,8342.0,285.0,98.0,7984.0,18037.0,18921.0,1506.0,354.0,18037.0,31252.0,33.914908847509,19.562095361148163,36.23323138137161,33.92626312412234,34.04174845253262,9.277938401182519,1.3245894934490916,9.693958184201474,9.28104453599427,9.298471929280575,20.960192252270677,6.99940974433099,21.987458979054914,20.96720945587784,21.03068850884012,25.003137579369138,35.628523111612175,pnad_education
3,3.0,Sudeste,2011,12,"1,2,3,4,5,6,7,8,9,10,11,12",853260.0,204.0,232691.0,2853.0,853260.0,27594.0,29627.0,4215.0,816.0,27594.0,7739.0,8128.0,373.0,128.0,7739.0,16493.0,17455.0,1526.0,415.0,16493.0,29108.0,32.339497925602984,18.11415138531357,34.722124557579164,32.347231600270085,32.295471205468886,9.069920071256124,1.6029842151179032,9.52581862503809,9.07208905394253,9.075309667582639,19.329395494925347,6.558053384101663,20.456836134355296,19.334017930827518,19.32630986709669,27.27082014860652,33.243273048081164,pnad_education
3,3.0,Sudeste,2012,12,"1,2,3,4,5,6,7,8,9,10,11,12",835619.0,199.0,238653.0,3164.0,835619.0,27070.0,29184.0,4711.0,941.0,27070.0,6931.0,7289.0,317.0,130.0,6931.0,15577.0,16521.0,1687.0,470.0,15577.0,28545.0,32.39514659192766,19.739957176318757,34.92500768891085,32.4028632304709,32.29984039250553,8.294449982587759,1.3282883517072905,8.722874898727769,8.296425749922195,8.2946449990203,18.641270722661883,7.068840534164666,19.77097217751152,18.645711139307174,18.61787605790719,28.56002556188885,31.744532939212306,pnad_education
3,3.0,Sudeste,2013,12,"1,2,3,4,5,6,7,8,9,10,11,12",838513.0,213.0,215476.0,3445.0,838513.0,26601.0,28778.0,4048.0,1026.0,26601.0,6947.0,7303.0,276.0,151.0,6947.0,15654.0,16694.0,1537.0,538.0,15654.0,28162.0,31.724016204876968,18.786314949228686,34.32027887462687,31.732076822140044,31.59293184399344,8.284904348531269,1.280885110174683,8.709465446570297,8.28700942383395,8.273827171722026,18.668762440176838,7.133044979487274,19.90905328838074,18.67350590480735,18.616557980878113,25.697395269960037,30.917835128361443,pnad_education
3,3.0,Sudeste,2014,12,"1,2,3,4,5,6,7,8,9,10,11,12",863867.0,202.0,186927.0,3734.0,863867.0,27149.0,29619.0,3218.0,1072.0,27149.0,6923.0,7324.0,114.0,186.0,6923.0,16198.0,17268.0,1203.0,593.0,16198.0,28839.0,31.42729146963595,17.215276551808994,34.28652790302211,31.434641903978974,31.18396274297495,8.01396511268517,0.6098637436004429,8.47815693851021,8.015839474796362,7.98971159773546,18.75057155789028,6.435667399573095,19.989188150490758,18.754957072476017,18.647646930261477,21.638400355610298,30.119157719785008,pnad_education
3,3.0,Sudeste,2015,12,"1,2,3,4,5,6,7,8,9,10,11,12",888547.0,285.0,188016.0,4133.0,888547.0,27347.0,30721.0,3327.0,1308.0,27347.0,7500.0,8130.0,135.0,194.0,7500.0,16518.0,18298.0,1243.0,658.0,16518.0,29379.0,30.777212685429134,17.695302527444472,34.5744231875185,30.787087593525335,30.447393759289398,8.440746522131075,0.7180239979576206,9.149769229990085,8.44345474645994,8.422424819150512,18.589900140341477,6.611139477491277,20.59317064826059,18.595864733603374,18.477304143729658,21.159938641399947,29.21599492056773,pnad_education
4,4.0,Sul,2002,12,"1,2,3,4,5,6,7,8,9,10,11,12",342119.0,92.0,29868.0,715.0,342119.0,9555.0,9623.0,300.0,132.0,9555.0,4804.0,5216.0,113.0,28.0,4804.0,7682.0,8116.0,268.0,86.0,7682.0,11057.0,27.92887854810753,10.04419445560466,28.12763979784812,27.93639098667649,28.001114895269218,14.041897702261494,3.7833132449444222,15.246157038925052,14.045674756671257,13.99070657735366,22.454175301576353,8.972813713673498,23.7227397484501,22.460215129214944,22.429824305426024,8.730295598899797,46.6306904663069,pnad_education
4,4.0,Sul,2003,12,"1,2,3,4,5,6,7,8,9,10,11,12",321871.0,74.0,78736.0,577.0,321871.0,9913.0,9958.0,842.0,115.0,9913.0,3750.0,4225.0,234.0,27.0,3750.0,6089.0,6577.0,442.0,64.0,6089.0,10627.0,30.798052635993923,10.693964641333062,30.937860198651013,30.80513491424718,30.89817056083277,11.65063022142411,2.9719569193253403,13.126376716137832,11.653309384487736,11.642744921911724,18.917516644867042,5.613696403170088,20.433651991015033,18.921866891238885,18.936793390933733,24.461973896374634,44.48683015440509,pnad_education
4,4.0,Sul,2004,12,"1,2,3,4,5,6,7,8,9,10,11,12",322474.0,99.0,96277.0,674.0,322474.0,10401.0,10439.0,1036.0,114.0,10401.0,3811.0,4223.0,258.0,20.0,3811.0,6214.0,6638.0,510.0,64.0,6214.0,10891.0,32.253763094078906,10.760617800720837,32.37160205163827,32.26366808840636,32.32218402604416,11.81800703312515,2.6797677534613666,13.095629415084627,11.821636293136875,11.805611973562485,19.269770586155783,5.297215326609678,20.58460527050243,19.275688251260178,19.266989955841957,29.85574030774574,43.78959578834657,pnad_education
4,4.0,Sul,2005,12,"1,2,3,4,5,6,7,8,9,10,11,12",315357.0,77.0,111128.0,635.0,315357.0,10194.0,10322.0,1229.0,103.0,10194.0,3823.0,4141.0,255.0,21.0,3823.0,5834.0,6172.0,433.0,50.0,5834.0,10700.0,32.32526945652071,11.059318983514506,32.73115865511151,32.33316417153007,32.43027628903318,12.122768798536262,2.2946512130156216,13.13114977628529,12.12572951027658,12.105385063569317,18.499668629521462,3.8964077460226045,19.571469794550303,18.504186754630805,18.50271971988816,35.238792860155314,42.81243112188671,pnad_education
4,4.0,Sul,2006,12,"1,2,3,4,5,6,7,8,9,10,11,12",303959.0,93.0,123890.0,614.0,303959.0,9718.0,9906.0,1228.0,98.0,9718.0,3607.0,3932.0,345.0,26.0,3607.0,5753.0,6100.0,501.0,64.0,5753.0,10357.0,31.971417197714164,9.91201872628945,32.58992166706694,31.981202240461258,32.134454287153616,11.866732026358818,2.7847283880862057,12.935955178165477,11.870363910407876,11.872253675869992,18.926894745672936,4.043909920090403,20.06849608006343,18.93268743459288,18.96315644084333,40.75878654686981,41.411162669673445,pnad_education
4,4.0,Sul,2007,12,"1,2,3,4,5,6,7,8,9,10,11,12",292404.0,74.0,123844.0,566.0,292404.0,7635.0,7793.0,918.0,99.0,7635.0,2452.0,2697.0,269.0,24.0,2452.0,4327.0,4585.0,415.0,59.0,4327.0,8141.0,26.111133910616818,7.412551274183651,26.651482195865995,26.117743645879656,26.143885421814986,8.385658198930248,2.1720874648751654,9.223540033652071,8.387780932507782,8.346483795920324,14.7980191789442,3.3509899551048092,15.680360049794121,14.801765128450723,14.759527974536502,42.35372977113856,41.05909439754413,pnad_education
4,4.0,Sul,2008,12,"1,2,3,4,5,6,7,8,9,10,11,12",285408.0,59.0,115794.0,577.0,285408.0,10032.0,10104.0,1771.0,134.0,10032.0,2986.0,2998.0,60.0,15.0,2986.0,7761.0,7784.0,1058.0,91.0,7761.0,11453.0,35.14968045745039,15.294402127916818,35.40195089135553,35.15694815822028,35.142273890472566,10.462215495010652,0.5181615627752734,10.504260567328176,10.464378708178407,10.40539075348871,27.192650521358896,9.13691555693732,27.273236909967483,27.198272992020296,27.109910092070812,40.57139253279516,38.65412080987986,pnad_education
4,4.0,Sul,2009,12,"1,2,3,4,5,6,7,8,9,10,11,12",290199.0,82.0,122010.0,609.0,290199.0,9233.0,9268.0,1593.0,108.0,9233.0,2808.0,2814.0,35.0,25.0,2808.0,6846.0,6853.0,825.0,73.0,6846.0,10465.0,31.816098608196445,13.056306860093436,31.9367055020865,31.825091256286257,31.792141390472427,9.676118801236393,0.2868617326448652,9.696794268760403,9.678853703850516,9.62382224099716,23.59070844489471,6.761740840914679,23.61482982367272,23.597376230968884,23.50592104383456,42.04356321007309,37.75053834686102,pnad_education
4,4.0,Sul,2011,12,"1,2,3,4,5,6,7,8,9,10,11,12",291382.0,60.0,125792.0,608.0,291382.0,9235.0,9311.0,1902.0,117.0,9235.0,2104.0,2108.0,44.0,14.0,2104.0,5880.0,5896.0,939.0,86.0,5880.0,9871.0,31.693790282172543,15.120198422793182,31.95461627691484,31.700317861335567,31.632865252887292,7.220761749181487,0.3497837700330705,7.234489433115292,7.2222489204385525,7.1764356456881435,20.17969538269351,7.464703637751208,20.23460611842873,20.183851545712304,20.115112957009053,43.1708204350303,36.42250101173614,pnad_education
4,4.0,Sul,2012,12,"1,2,3,4,5,6,7,8,9,10,11,12",291935.0,63.0,125679.0,571.0,291935.0,9064.0,9120.0,1793.0,130.0,9064.0,1919.0,1934.0,43.0,30.0,1919.0,5809.0,5847.0,980.0,98.0,5809.0,9551.0,31.04800726189049,14.266504348379602,31.239830784249918,31.054708913496327,31.029258904733158,6.573381060852587,0.3421414874402247,6.624762361484577,6.574799912290319,6.546264887706311,19.89826502474866,7.797643202126051,20.0284309863497,19.902560026312905,19.862346826369613,43.05033654751914,35.5411567074634,pnad_education
4,4.0,Sul,2013,12,"1,2,3,4,5,6,7,8,9,10,11,12",298790.0,45.0,112139.0,582.0,298790.0,9428.0,9487.0,1814.0,137.0,9428.0,1979.0,1997.0,35.0,15.0,1979.0,6226.0,6251.0,1114.0,97.0,6226.0,9931.0,31.55393420127849,16.176352562444823,31.751397302453228,31.55868717468075,31.533865883048172,6.623380969911978,0.31211264591266197,6.68362394993139,6.624378650688715,6.595007923578037,20.83737742226982,9.934099644191583,20.92104822785234,20.840516159266265,20.80378769226778,37.531041868871114,34.455147262853295,pnad_education
4,4.0,Sul,2014,12,"1,2,3,4,5,6,7,8,9,10,11,12",304447.0,50.0,98609.0,633.0,304447.0,9114.0,9192.0,1453.0,141.0,9114.0,2052.0,2065.0,28.0,19.0,2052.0,5690.0,5720.0,759.0,105.0,5690.0,9513.0,29.936245060716644,14.734963340060238,30.192447289676036,29.94116236362382,29.78352302445025,6.740089408008619,0.28394974089586145,6.782789779501851,6.741196529532157,6.710810610550189,18.68962413819154,7.697066190712815,18.788163457022076,18.692694080427863,18.60772993305028,32.389545635200875,33.50723728082219,pnad_education
4,4.0,Sul,2015,12,"1,2,3,4,5,6,7,8,9,10,11,12",316673.0,87.0,97275.0,786.0,316673.0,9246.0,9456.0,1244.0,198.0,9246.0,1949.0,1999.0,52.0,32.0,1949.0,5694.0,5842.0,578.0,144.0,5694.0,9740.0,29.197310790626293,12.788486250321254,29.860455422470498,29.20533441150272,28.912666610218466,6.154613749830267,0.5345669493703418,6.312505328840792,6.156305079820333,6.127270790320318,17.980693017718593,5.941917244924184,18.448052091589748,17.985634235247293,17.835582978934443,30.71780669649765,33.1173366444203,pnad_education
5,5.0,Centro-Oeste,2002,12,"1,2,3,4,5,6,7,8,9,10,11,12",192391.0,41.0,4033.0,344.0,192391.0,6393.0,6486.0,33.0,51.0,6393.0,2401.0,2620.0,6.0,11.0,2401.0,4306.0,4560.0,16.0,38.0,4306.0,6469.0,33.22920510834707,8.182494421026531,33.712595703541226,33.23628801663634,36.01338820726471,12.479793753346051,1.4877262583684603,13.61810063880327,12.482453860150766,13.279154479681345,22.38150433232324,3.967270022315894,23.701732409520197,22.38627501949571,23.98992960329053,2.096251903675328,46.57534246575342,pnad_education
5,5.0,Centro-Oeste,2003,12,"1,2,3,4,5,6,7,8,9,10,11,12",196019.0,38.0,19733.0,335.0,196019.0,6757.0,6924.0,194.0,49.0,6757.0,3034.0,3332.0,16.0,13.0,3034.0,4633.0,5000.0,57.0,30.0,4633.0,6873.0,34.47114820502094,9.831247149445092,35.323106433560014,34.477832034738064,36.93033149773332,15.478091409506222,0.8108245071707292,16.998352200551988,15.481092554890525,16.40194899913504,23.63546390911085,2.888562306795723,25.507731393385335,23.640046739224722,24.988954037157704,10.066881271713456,45.20853540252183,pnad_education
5,5.0,Centro-Oeste,2004,12,"1,2,3,4,5,6,7,8,9,10,11,12",200684.0,48.0,33019.0,576.0,200684.0,6763.0,6939.0,198.0,149.0,6763.0,2885.0,3173.0,12.0,10.0,2885.0,4732.0,5109.0,45.0,87.0,4732.0,6823.0,33.69974686571924,5.996547442381659,34.576747523469734,33.707809166849415,35.87996950695168,14.375834645512347,0.36342711772010056,15.810926630922246,14.379273908969477,14.920579126374417,23.579358593609854,1.362851691450377,25.457933866177672,23.584999700950977,24.888502075526482,16.45322995355883,43.63326064283682,pnad_education
5,5.0,Centro-Oeste,2005,12,"1,2,3,4,5,6,7,8,9,10,11,12",197278.0,57.0,43588.0,594.0,197278.0,7114.0,7411.0,233.0,161.0,7114.0,2941.0,3231.0,27.0,15.0,2941.0,5217.0,5676.0,65.0,91.0,5217.0,7154.0,36.06078731536208,5.345507937964578,37.56627703038352,36.071209455382544,38.5197013619902,14.9078964709699,0.619436542167569,16.377903263415078,14.912205089721683,15.36450217581626,26.44491529719482,1.4912361200330366,28.77158122040978,26.45255829754438,27.90046366143896,22.094708989344984,42.40634803469275,pnad_education
5,5.0,Centro-Oeste,2006,12,"1,2,3,4,5,6,7,8,9,10,11,12",189127.0,51.0,48032.0,564.0,189127.0,6321.0,6574.0,230.0,184.0,6321.0,2325.0,2542.0,11.0,16.0,2325.0,4595.0,4942.0,53.0,110.0,4595.0,6387.0,33.42198628434861,4.788474350433044,34.75971172809805,33.431001290486364,35.49175413369052,12.293326706393058,0.22901399067288475,13.440703865656412,12.296642619898877,12.659937713311422,24.29584353371015,1.1034310459693537,26.13058949806215,24.302396919757136,25.61009504167279,25.39669111232135,41.17436127297176,pnad_education
5,5.0,Centro-Oeste,2007,12,"1,2,3,4,5,6,7,8,9,10,11,12",182259.0,38.0,50537.0,471.0,182259.0,6113.0,6315.0,284.0,161.0,6113.0,1876.0,2113.0,23.0,15.0,1876.0,4194.0,4560.0,70.0,89.0,4194.0,6185.0,33.540181829155216,5.6196450125650514,34.64849472454035,33.547176231060085,35.51097504944506,10.293044513576833,0.45511209608801473,11.593391821528703,10.295191004329908,10.562935974634014,23.011209322996397,1.3851237707026536,25.019340608694222,23.01600803420023,24.310421674847245,27.728123165385522,40.804143622157845,pnad_education
5,5.0,Centro-Oeste,2008,12,"1,2,3,4,5,6,7,8,9,10,11,12",178360.0,55.0,58325.0,481.0,178360.0,7261.0,7432.0,1048.0,174.0,7261.0,1854.0,1872.0,21.0,9.0,1854.0,5807.0,5884.0,455.0,88.0,5807.0,8324.0,40.70980040367795,17.968281183026146,41.66853554608657,40.7223577577746,42.31532460830495,10.394707333482843,0.3600514359194171,10.495626822157435,10.397913687221335,10.642346391006338,32.557748374074905,7.801114444920703,32.98945952007176,32.56779114438743,33.78845588843214,32.70071764969724,38.950347311551326,pnad_education
5,5.0,Centro-Oeste,2009,12,"1,2,3,4,5,6,7,8,9,10,11,12",178307.0,60.0,59803.0,508.0,178307.0,7034.0,7101.0,679.0,159.0,7034.0,1880.0,1886.0,8.0,16.0,1880.0,4972.0,5004.0,249.0,90.0,4972.0,7389.0,39.448815806446184,11.353945454241426,39.82457222655308,39.462094733712206,40.87055104143314,10.5436129821039,0.13377255321639384,10.577262810770188,10.547162084074346,10.789961801521072,27.884491354798186,4.163670718860258,28.06395710768506,27.893877596817898,28.84357844919207,33.53934506216806,37.471554993678886,pnad_education
5,5.0,Centro-Oeste,2011,12,"1,2,3,4,5,6,7,8,9,10,11,12",172866.0,43.0,55169.0,466.0,172866.0,5558.0,5598.0,592.0,117.0,5558.0,1376.0,1391.0,12.0,21.0,1376.0,3775.0,3807.0,185.0,83.0,3775.0,5789.0,32.152071546747194,10.730663959832514,32.38346464891882,32.16007128680789,32.97314679735851,7.9599227147038745,0.21751345864525368,8.046695128018234,7.961903218900262,8.072025086727473,21.83772401744704,3.353332487447661,22.02283849918434,21.843157450107913,22.355581300635777,31.91431513426585,34.22959265818709,pnad_education
5,5.0,Centro-Oeste,2012,12,"1,2,3,4,5,6,7,8,9,10,11,12",170802.0,40.0,51658.0,485.0,170802.0,4809.0,4861.0,566.0,123.0,4809.0,1370.0,1380.0,11.0,11.0,1370.0,3020.0,3061.0,145.0,80.0,3020.0,4946.0,28.155408016299575,10.956676603817414,28.459854100069087,28.16200325599372,28.748855041348715,8.020983360850575,0.21293894459715823,8.079530684652404,8.022862229301602,8.131467276386143,17.681291788152365,2.8069224515079947,17.921335815739862,17.68543352736557,17.992096329182807,30.244376529548834,32.71776175001981,pnad_education
5,5.0,Centro-Oeste,2013,12,"1,2,3,4,5,6,7,8,9,10,11,12",179615.0,44.0,38180.0,602.0,179615.0,5411.0,5486.0,562.0,242.0,5411.0,1672.0,1687.0,6.0,16.0,1672.0,3422.0,3461.0,170.0,104.0,3422.0,5723.0,30.125546307379672,14.719748559455212,30.543106088021602,30.13292792266012,30.550450737239824,9.30879937644406,0.1571503404924044,9.392311332572447,9.311080296929905,9.383797442628294,19.051860924755726,4.452592980618125,19.26899201068953,19.056529172305105,19.277914826517513,21.25657656654511,32.638512204571875,pnad_education
5,5.0,Centro-Oeste,2014,12,"1,2,3,4,5,6,7,8,9,10,11,12",181021.0,90.0,29015.0,622.0,181021.0,4977.0,5065.0,337.0,164.0,4977.0,1560.0,1568.0,9.0,19.0,1560.0,3028.0,3058.0,101.0,81.0,3028.0,5302.0,27.494047651929886,11.614682061002929,27.980179095243095,27.507723938960154,27.879354128121374,8.617784676915939,0.3101843873858349,8.661978444489867,8.622071397383532,8.695025718648292,16.727341026731704,3.480958125107703,16.893067655133933,16.735661661075216,16.91999783856714,16.02852707696897,32.42148697180408,pnad_education
5,5.0,Centro-Oeste,2015,12,"1,2,3,4,5,6,7,8,9,10,11,12",187233.0,97.0,30428.0,602.0,187233.0,5657.0,6075.0,557.0,169.0,5657.0,1720.0,1868.0,16.0,14.0,1720.0,3329.0,3513.0,131.0,87.0,3329.0,5954.0,30.213690962597404,18.305508084658868,32.44620339363253,30.22935191518468,30.469603022174205,9.186414787991433,0.5258314710135401,9.976873734865114,9.191176470588236,9.273614258564063,17.779985365827606,4.30524516892336,18.76271811058948,17.78920143638851,17.928774132180983,16.251408672616474,30.689655172413797,pnad_education
1,1.0,Norte,2004,12,"1,2,3,4,5,6,7,8,9,10,11,12",280421.0,65.0,19746.0,175.0,280421.0,10907.0,10979.0,292.0,62.0,10907.0,4424.0,4484.0,148.0,8.0,4424.0,9399.0,9481.0,223.0,48.0,9399.0,11764.0,38.895089882712064,14.787805125088626,39.15184668765891,38.90410763457889,41.05092382859505,15.776279237289646,7.495188899017522,15.99024324141202,15.779936937322548,16.138799367615537,33.51746124576975,11.293426516762889,33.80987871807033,33.52523220476822,35.06714333609372,7.041555375667301,344.0,pnad_income_nominal
1,1.0,Norte,2005,12,"1,2,3,4,5,6,7,8,9,10,11,12",288818.0,110.0,21847.0,210.0,288818.0,12042.0,12107.0,287.0,59.0,12042.0,5299.0,5346.0,49.0,23.0,5299.0,11190.0,11251.0,114.0,59.0,11190.0,13548.0,41.69407723895325,13.136815123357898,41.9191324640431,41.7099630076063,44.310323081513715,18.34719442694015,2.242870874719641,18.5099266666205,18.35418485112986,18.761003135181905,38.74412259623708,5.218107749347737,38.955328269013705,38.758884409160814,40.82189433753289,7.564279234673739,373.0,pnad_income_nominal
1,1.0,Norte,2006,12,"1,2,3,4,5,6,7,8,9,10,11,12",295257.0,100.0,27620.0,263.0,295257.0,12667.0,12760.0,240.0,90.0,12667.0,4188.0,4255.0,36.0,20.0,4188.0,10561.0,10641.0,85.0,61.0,10561.0,13246.0,42.90160775189072,8.689355539464156,43.216587583020896,42.916142934099476,45.30055511823476,14.184253040571434,1.3034033309196236,14.41117399418134,14.189058704350566,14.53961704730361,35.7688386727495,3.0774800868935555,36.03978906511954,35.780957253258435,37.732833102532865,9.354562296575526,409.0,pnad_income_nominal
1,1.0,Norte,2008,12,"1,2,3,4,5,6,7,8,9,10,11,12",276127.0,70.0,55851.0,297.0,276127.0,12323.0,12446.0,1186.0,190.0,12323.0,2441.0,2465.0,28.0,4.0,2441.0,10144.0,10194.0,619.0,50.0,10144.0,12785.0,44.62801536973929,21.235071887701206,45.073462573381086,44.63933173221472,47.03388988608412,8.840135155200324,0.5013339062863691,8.927051682740188,8.842376755525127,8.875841395147955,36.736718973515806,11.083060285402231,36.91779507255719,36.7460343334891,38.70682660954964,20.22656241512058,497.0,pnad_income_nominal
1,1.0,Norte,2009,12,"1,2,3,4,5,6,7,8,9,10,11,12",280394.0,87.0,58810.0,240.0,280394.0,11722.0,11787.0,1312.0,124.0,11722.0,2641.0,2653.0,21.0,4.0,2641.0,9433.0,9461.0,669.0,46.0,9433.0,12311.0,41.805459460616134,22.309131100153035,42.03727611860454,41.8184347875722,43.72527545847548,9.41888913457492,0.35708212888964463,9.461686056049702,9.421812512709279,9.542218591077363,33.641946689301484,11.375616391770107,33.74180617274264,33.65238827428498,35.21113635715654,20.974057932766037,542.0,pnad_income_nominal
1,1.0,Norte,2011,12,"1,2,3,4,5,6,7,8,9,10,11,12",276785.0,70.0,59413.0,256.0,276785.0,12644.0,12759.0,1010.0,130.0,12644.0,2510.0,2522.0,11.0,4.0,2510.0,9961.0,10007.0,442.0,50.0,9961.0,13057.0,45.68166627526781,16.99964654200259,46.097151218454755,45.69322226839889,47.56917991007931,9.06841049912387,0.1851446653089391,9.11176544971729,9.070704515476212,9.202673267724352,35.988221905088785,7.439449278777372,36.154415882363566,35.99732576838986,37.44808107801885,21.465397330057627,641.0,pnad_income_nominal
1,1.0,Norte,2012,12,"1,2,3,4,5,6,7,8,9,10,11,12",269399.0,79.0,70271.0,288.0,269399.0,11997.0,12143.0,1100.0,162.0,11997.0,2630.0,2645.0,13.0,8.0,2630.0,8528.0,8577.0,327.0,46.0,8528.0,12399.0,44.53245928900998,15.653683596362653,45.074406363794964,44.5455220555473,46.27875219038725,9.76247127866102,0.1849980788661041,9.818150772645778,9.765334917570177,9.748255523325335,31.655648313468127,4.65341321455508,31.837534660485005,31.66493390761919,32.827097821196865,26.084358145353175,713.0,pnad_income_nominal
1,1.0,Norte,2013,12,"1,2,3,4,5,6,7,8,9,10,11,12",285041.0,86.0,57151.0,290.0,285041.0,12498.0,12704.0,906.0,151.0,12498.0,3039.0,3076.0,8.0,15.0,3039.0,9007.0,9079.0,240.0,63.0,9007.0,12962.0,43.84632386218123,15.852740984409722,44.56902691191794,43.85955677212191,45.164273918205325,10.661624117232257,0.13998005284246995,10.791430004806326,10.66484181712902,10.765005096684272,31.5989629562063,4.1994015852740985,31.851558196890974,31.60849958765419,32.56020972535845,20.050098056069128,770.0,pnad_income_nominal
1,1.0,Norte,2014,12,"1,2,3,4,5,6,7,8,9,10,11,12",282881.0,69.0,47708.0,253.0,282881.0,12281.0,12586.0,571.0,89.0,12281.0,3019.0,3095.0,5.0,14.0,3019.0,8386.0,8517.0,142.0,58.0,8386.0,12787.0,43.414015080546235,11.968642575668651,44.49220697042219,43.42460715952647,44.96198609230524,10.672332182083633,0.10480422570638048,10.940996390708461,10.67493599988685,10.823317266007855,29.644974388523796,2.976440010061206,30.10806664286396,29.65220711992419,30.61973690756034,16.86504219088592,851.0,pnad_income_nominal
1,1.0,Norte,2015,12,"1,2,3,4,5,6,7,8,9,10,11,12",288723.0,105.0,37549.0,291.0,288723.0,11458.0,11607.0,481.0,110.0,11458.0,2987.0,3017.0,16.0,16.0,2987.0,7764.0,7823.0,137.0,76.0,7764.0,11990.0,39.68509609556565,12.809928360275906,40.20116166706497,39.69953363962053,40.84237345311777,10.34555612126502,0.4261098830861008,10.449461941029984,10.349319862240055,10.41951855869151,26.890826155172952,3.6485658739247384,27.09517426737738,26.900609109618944,27.606929878950055,13.005198754515574,853.0,pnad_income_nominal
2,2.0,Nordeste,2002,12,"1,2,3,4,5,6,7,8,9,10,11,12",947138.0,216.0,12803.0,1391.0,947138.0,25154.0,25540.0,73.0,432.0,25154.0,8409.0,10331.0,26.0,39.0,8409.0,17654.0,19782.0,42.0,209.0,17654.0,25689.0,26.557903916852666,5.701788643286729,26.965447484949394,26.563961973636687,27.272168719074863,8.878326072863722,2.0307740373349996,10.90759741452671,8.88035128553355,8.943145216622588,18.639311272486164,3.280481137233461,20.886079958781085,18.643563038983146,19.053654538385977,1.351756555010991,228.0,pnad_income_nominal
2,2.0,Nordeste,2003,12,"1,2,3,4,5,6,7,8,9,10,11,12",911492.0,235.0,43470.0,2293.0,911492.0,29050.0,29299.0,282.0,796.0,29050.0,9763.0,11140.0,28.0,67.0,9763.0,19129.0,20671.0,107.0,279.0,19129.0,29646.0,31.870822782865893,6.487232574189096,32.14400126386189,31.879041807086256,32.74168866021926,10.711010080176239,0.644122383252818,12.221719993154082,10.71377229475329,10.827959191890919,20.986470534025532,2.461467678858983,22.67820233200072,20.991882641230738,21.47505869863634,4.769103842930053,247.0,pnad_income_nominal
2,2.0,Nordeste,2004,12,"1,2,3,4,5,6,7,8,9,10,11,12",903719.0,229.0,59775.0,2519.0,903719.0,29737.0,29975.0,339.0,807.0,29737.0,9019.0,10237.0,25.0,88.0,9019.0,19761.0,21074.0,111.0,270.0,19761.0,30302.0,32.90513976136388,5.671267252195734,33.16849595947413,32.91347994997177,33.83094063108831,9.979872062001574,0.41823504809703055,11.327636134683457,9.982401576110416,10.086443084923552,21.86631021368368,1.8569636135508156,23.31919545788016,21.87185248314868,22.415097349422556,6.614334765563189,280.0,pnad_income_nominal
2,2.0,Nordeste,2005,12,"1,2,3,4,5,6,7,8,9,10,11,12",918037.0,234.0,74514.0,2384.0,918037.0,27967.0,28220.0,672.0,693.0,27967.0,6717.0,7903.0,49.0,67.0,6717.0,17541.0,18888.0,258.0,266.0,17541.0,28316.0,30.463913763824333,9.018439487881471,30.73950178478645,30.47168074194571,31.267525193030664,7.316698564436946,0.6575945459913574,8.608585492741579,7.318564005565465,7.343805639647442,19.10707302646843,3.4624365890973507,20.574334149930777,19.11194450225157,19.50300082634888,8.116666321727774,308.0,pnad_income_nominal
2,2.0,Nordeste,2006,12,"1,2,3,4,5,6,7,8,9,10,11,12",868011.0,198.0,101312.0,2218.0,868011.0,26097.0,26612.0,987.0,676.0,26097.0,5522.0,6755.0,76.0,55.0,5522.0,16140.0,17649.0,363.0,253.0,16140.0,26606.0,30.065287191060943,9.742182564750474,30.658597644499896,30.072146879569676,30.815985861321664,6.361670531825058,0.7501579279848389,7.782159442679874,6.363122009004244,6.378034677502802,18.59423440486353,3.582991156032849,20.332691636396312,18.598476860798353,18.977022496938346,11.671741487147052,356.0,pnad_income_nominal
2,2.0,Nordeste,2007,12,"1,2,3,4,5,6,7,8,9,10,11,12",859671.0,145.0,125458.0,2191.0,859671.0,26393.0,26916.0,1379.0,667.0,26393.0,6008.0,7470.0,122.0,77.0,6008.0,15809.0,17516.0,412.0,265.0,15809.0,27064.0,30.70127990824397,10.991726314782637,31.309652180892456,30.70645914143377,31.388335173898607,6.988720103388389,0.972436990865469,8.689370701117054,6.989899083913692,7.006310552120872,18.38959322810703,3.2839675429227313,20.37523657306109,18.39269550892003,18.71804797196658,14.593722482205402,380.0,pnad_income_nominal
2,2.0,Nordeste,2008,12,"1,2,3,4,5,6,7,8,9,10,11,12",803376.0,983.0,150245.0,1881.0,803376.0,27624.0,28458.0,2620.0,751.0,27624.0,5890.0,5977.0,132.0,68.0,5890.0,17706.0,17974.0,775.0,327.0,17706.0,29290.0,34.384895739977296,17.438184298978335,35.42301487721814,34.42702017589884,35.08555109144812,7.331560813367589,0.8785650104828779,7.439853816892713,7.340542601941941,7.423804178712708,22.03949333811316,5.158241538819928,22.37308557885722,22.06649360101596,22.51051367308464,18.70170380992213,437.0,pnad_income_nominal
2,2.0,Nordeste,2009,12,"1,2,3,4,5,6,7,8,9,10,11,12",817105.0,966.0,155388.0,2088.0,817105.0,27998.0,28668.0,3017.0,705.0,27998.0,5765.0,5859.0,127.0,60.0,5765.0,17520.0,17852.0,801.0,292.0,17520.0,29605.0,34.26487415937976,19.415913712770614,35.08484221734049,34.305430815094,34.947158696236684,7.055396797229243,0.8173089299044971,7.17043709192821,7.06374771944485,7.102787769844207,21.441552799211852,5.1548382114449,21.847865329425225,21.466931490836732,21.799287433024915,19.016895013492757,476.0,pnad_income_nominal
2,2.0,Nordeste,2011,12,"1,2,3,4,5,6,7,8,9,10,11,12",788784.0,228.0,159558.0,3924.0,788784.0,28955.0,30241.0,2765.0,1509.0,28955.0,5647.0,5743.0,148.0,127.0,5647.0,16256.0,16832.0,877.0,482.0,16256.0,30034.0,36.70840179313982,17.32912169869264,38.33875940688452,36.71901551697026,37.23591747741824,7.159120874662772,0.9275623911054287,7.280827197306233,7.161190834893146,7.191720245649319,20.60893730095945,5.496433898645007,21.33917523682022,20.61489608854666,20.89841707439024,20.228351487859793,558.0,pnad_income_nominal
2,2.0,Nordeste,2012,12,"1,2,3,4,5,6,7,8,9,10,11,12",757741.0,252.0,164416.0,4077.0,757741.0,28649.0,29955.0,3048.0,1734.0,28649.0,5810.0,5941.0,158.0,130.0,5810.0,15713.0,16196.0,928.0,615.0,15713.0,29757.0,37.80843322454506,18.5383417672246,39.53197728511457,37.82101126220975,38.215246452375396,7.667527558888855,0.9609770338653173,7.840409849803561,7.670078377375777,7.678190050760869,20.736636924753974,5.644219540677306,21.374057890492924,20.74353554969115,20.903629395849425,21.698179193154388,646.0,pnad_income_nominal
2,2.0,Nordeste,2013,12,"1,2,3,4,5,6,7,8,9,10,11,12",742646.0,257.0,99584.0,4243.0,742646.0,28952.0,30390.0,1918.0,1693.0,28952.0,5939.0,6134.0,31.0,116.0,5939.0,15546.0,16152.0,430.0,682.0,15546.0,30508.0,38.9849268695987,19.260122107969153,40.92124646197515,38.9984226598185,39.36646319059232,7.997080708709129,0.3112949871465296,8.259655340498703,7.999849135695706,8.00495077812621,20.93325756820881,4.317962724935732,21.749258731616408,20.940504236997047,21.089147232971623,13.409349811350227,712.0,pnad_income_nominal
2,2.0,Nordeste,2014,12,"1,2,3,4,5,6,7,8,9,10,11,12",748997.0,201.0,50902.0,4187.0,748997.0,29575.0,30838.0,607.0,1769.0,29575.0,7372.0,7479.0,21.0,130.0,7372.0,16426.0,16892.0,145.0,641.0,16426.0,32220.0,39.48613946384298,11.924875250481318,41.17239454897683,39.49673876463015,39.79228250459073,9.842496031359271,0.41255746336096816,9.9853537464102,9.845138061634945,9.871783504640053,21.93066193856584,2.848611056540018,22.552827314395117,21.936548806350462,22.048846672956124,6.796021879927423,766.0,pnad_income_nominal
2,2.0,Nordeste,2015,12,"1,2,3,4,5,6,7,8,9,10,11,12",770960.0,280.0,48201.0,4153.0,770960.0,30468.0,31531.0,572.0,1955.0,30468.0,7564.0,7657.0,26.0,114.0,7564.0,16060.0,16400.0,142.0,525.0,16060.0,33121.0,39.51956002905469,11.866973714238293,40.89836048562831,39.5339180983028,39.68987975575734,9.811144547058213,0.5394078961017407,9.931773373456469,9.814709088078061,9.821900379328039,20.83117152640863,2.9459969710171987,21.27218013904742,20.838739814190067,20.894780246047414,6.252075334647712,779.0,pnad_income_nominal
3,3.0,Sudeste,2002,12,"1,2,3,4,5,6,7,8,9,10,11,12",1005254.0,348.0,37738.0,1900.0,1005254.0,31690.0,33923.0,517.0,413.0,31690.0,11449.0,11886.0,18.0,80.0,11449.0,21716.0,22900.0,223.0,264.0,21716.0,33701.0,31.524370955002418,13.699719116010387,33.74570009171811,31.53528787767214,32.25683227919598,11.38916134628661,0.47697281254968465,11.823877348411447,11.393105424786,11.503973539943747,21.602500462569658,5.909163177698871,22.7803122394937,21.60998143109903,21.976083486088154,3.754076084253333,493.0,pnad_income_nominal
3,3.0,Sudeste,2003,12,"1,2,3,4,5,6,7,8,9,10,11,12",977489.0,295.0,133307.0,2040.0,977489.0,31566.0,33963.0,2054.0,459.0,31566.0,8632.0,9044.0,77.0,67.0,8632.0,18849.0,19973.0,760.0,276.0,18849.0,32417.0,32.29294651909127,15.40804308850998,34.74514802724123,32.30269526828859,32.99739139884454,8.83078991170233,0.5776140787805591,9.252278030750219,8.833455792810843,8.92871670720832,19.28308144644083,5.701125972379545,20.432966509086036,19.28890271532572,19.615439963020343,13.637698224737056,535.0,pnad_income_nominal
3,3.0,Sudeste,2004,12,"1,2,3,4,5,6,7,8,9,10,11,12",976634.0,268.0,187259.0,2226.0,976634.0,32624.0,35172.0,3106.0,496.0,32624.0,7773.0,8219.0,123.0,64.0,7773.0,17978.0,19221.0,1190.0,290.0,17978.0,32849.0,33.40453025391293,16.586652710951142,36.01349123622565,33.41369937093262,33.99361454632116,7.95896927610548,0.6568442638271058,8.415639840513437,7.961153911545465,8.028382031061106,18.40812423077632,6.354834747595576,19.68086304593123,18.41317702582843,18.64903654989419,19.173917762437107,568.0,pnad_income_nominal
3,3.0,Sudeste,2005,12,"1,2,3,4,5,6,7,8,9,10,11,12",958352.0,281.0,199433.0,2123.0,958352.0,32091.0,34521.0,3255.0,466.0,32091.0,7809.0,8364.0,125.0,80.0,7809.0,17380.0,18793.0,1090.0,286.0,17380.0,32413.0,33.48560862814498,16.321270802725728,36.021211412925524,33.49542987941395,34.03471251086335,8.148363023189809,0.6267769125470709,8.727482177738452,8.15075291914691,8.204655351027792,18.135298929829542,5.465494677410459,19.6097049935723,18.140617970901946,18.34727223412336,20.809994657495366,641.0,pnad_income_nominal
3,3.0,Sudeste,2006,12,"1,2,3,4,5,6,7,8,9,10,11,12",908022.0,247.0,208094.0,2341.0,908022.0,30699.0,32977.0,3468.0,559.0,30699.0,7741.0,8313.0,119.0,74.0,7741.0,16755.0,18069.0,1285.0,283.0,16755.0,30999.0,33.80865221327237,16.665545378530854,36.317402001273095,33.81785133981438,34.24190890515289,8.52512384061179,0.5718569492633137,9.15506452486834,8.527443474429237,8.5858568403192,18.452196092165167,6.175093947927379,19.899297594111157,18.457216821348904,18.631571715869594,22.91728614504935,711.0,pnad_income_nominal
3,3.0,Sudeste,2007,12,"1,2,3,4,5,6,7,8,9,10,11,12",899615.0,232.0,233888.0,2024.0,899615.0,30314.0,32920.0,3682.0,505.0,30314.0,7607.0,8178.0,142.0,75.0,7607.0,16110.0,17411.0,1142.0,274.0,16110.0,30551.0,33.69663689467161,15.742577644000548,36.59343163464371,33.70532909783707,34.02817879922759,8.45583944242815,0.6071281981119168,9.090555404256266,8.458020665278308,8.493062623751724,17.907660499213552,4.882678889040909,19.353834695953267,17.912279862972728,18.037465919925186,25.99867721191843,747.0,pnad_income_nominal
3,3.0,Sudeste,2008,12,"1,2,3,4,5,6,7,8,9,10,11,12",828529.0,199.0,231497.0,1954.0,828529.0,29255.0,31059.0,4432.0,541.0,29255.0,8664.0,8963.0,341.0,77.0,8664.0,20287.0,21022.0,1889.0,300.0,20287.0,32232.0,35.30956671401967,19.144956522114757,37.48691958881343,35.31804956961597,35.52517942246764,10.45708719912037,1.4730212486554901,10.817967747658802,10.459599435007787,10.479790952701256,24.485564174579284,8.159932958094489,25.37267856647142,24.491446645660545,24.594727198967547,27.940723861204617,827.0,pnad_income_nominal
3,3.0,Sudeste,2009,12,"1,2,3,4,5,6,7,8,9,10,11,12",860536.0,288.0,215161.0,2670.0,860536.0,29185.0,31180.0,4209.0,661.0,29185.0,7984.0,8342.0,285.0,98.0,7984.0,18037.0,18921.0,1506.0,354.0,18037.0,31252.0,33.914908847509,19.562095361148163,36.23323138137161,33.92626312412234,34.04174845253262,9.277938401182519,1.3245894934490916,9.693958184201474,9.28104453599427,9.298471929280575,20.960192252270677,6.99940974433099,21.987458979054914,20.96720945587784,21.03068850884012,25.003137579369138,875.0,pnad_income_nominal
3,3.0,Sudeste,2011,12,"1,2,3,4,5,6,7,8,9,10,11,12",853260.0,204.0,232691.0,2853.0,853260.0,27594.0,29627.0,4215.0,816.0,27594.0,7739.0,8128.0,373.0,128.0,7739.0,16493.0,17455.0,1526.0,415.0,16493.0,29108.0,32.339497925602984,18.11415138531357,34.722124557579164,32.347231600270085,32.295471205468886,9.069920071256124,1.6029842151179032,9.52581862503809,9.07208905394253,9.075309667582639,19.329395494925347,6.558053384101663,20.456836134355296,19.334017930827518,19.32630986709669,27.27082014860652,1033.0,pnad_income_nominal
3,3.0,Sudeste,2012,12,"1,2,3,4,5,6,7,8,9,10,11,12",835619.0,199.0,238653.0,3164.0,835619.0,27070.0,29184.0,4711.0,941.0,27070.0,6931.0,7289.0,317.0,130.0,6931.0,15577.0,16521.0,1687.0,470.0,15577.0,28545.0,32.39514659192766,19.739957176318757,34.92500768891085,32.4028632304709,32.29984039250553,8.294449982587759,1.3282883517072905,8.722874898727769,8.296425749922195,8.2946449990203,18.641270722661883,7.068840534164666,19.77097217751152,18.645711139307174,18.61787605790719,28.56002556188885,1180.0,pnad_income_nominal
3,3.0,Sudeste,2013,12,"1,2,3,4,5,6,7,8,9,10,11,12",838513.0,213.0,215476.0,3445.0,838513.0,26601.0,28778.0,4048.0,1026.0,26601.0,6947.0,7303.0,276.0,151.0,6947.0,15654.0,16694.0,1537.0,538.0,15654.0,28162.0,31.724016204876968,18.786314949228686,34.32027887462687,31.732076822140044,31.59293184399344,8.284904348531269,1.280885110174683,8.709465446570297,8.28700942383395,8.273827171722026,18.668762440176838,7.133044979487274,19.90905328838074,18.67350590480735,18.616557980878113,25.697395269960037,1276.0,pnad_income_nominal
3,3.0,Sudeste,2014,12,"1,2,3,4,5,6,7,8,9,10,11,12",863867.0,202.0,186927.0,3734.0,863867.0,27149.0,29619.0,3218.0,1072.0,27149.0,6923.0,7324.0,114.0,186.0,6923.0,16198.0,17268.0,1203.0,593.0,16198.0,28839.0,31.42729146963595,17.215276551808994,34.28652790302211,31.434641903978974,31.18396274297495,8.01396511268517,0.6098637436004429,8.47815693851021,8.015839474796362,7.98971159773546,18.75057155789028,6.435667399573095,19.989188150490758,18.754957072476017,18.647646930261477,21.638400355610298,1410.0,pnad_income_nominal
3,3.0,Sudeste,2015,12,"1,2,3,4,5,6,7,8,9,10,11,12",888547.0,285.0,188016.0,4133.0,888547.0,27347.0,30721.0,3327.0,1308.0,27347.0,7500.0,8130.0,135.0,194.0,7500.0,16518.0,18298.0,1243.0,658.0,16518.0,29379.0,30.777212685429134,17.695302527444472,34.5744231875185,30.787087593525335,30.447393759289398,8.440746522131075,0.7180239979576206,9.149769229990085,8.44345474645994,8.422424819150512,18.589900140341477,6.611139477491277,20.59317064826059,18.595864733603374,18.477304143729658,21.159938641399947,1430.0,pnad_income_nominal
4,4.0,Sul,2002,12,"1,2,3,4,5,6,7,8,9,10,11,12",342119.0,92.0,29868.0,715.0,342119.0,9555.0,9623.0,300.0,132.0,9555.0,4804.0,5216.0,113.0,28.0,4804.0,7682.0,8116.0,268.0,86.0,7682.0,11057.0,27.92887854810753,10.04419445560466,28.12763979784812,27.93639098667649,28.001114895269218,14.041897702261494,3.7833132449444222,15.246157038925052,14.045674756671257,13.99070657735366,22.454175301576353,8.972813713673498,23.7227397484501,22.460215129214944,22.429824305426024,8.730295598899797,454.0,pnad_income_nominal
4,4.0,Sul,2003,12,"1,2,3,4,5,6,7,8,9,10,11,12",321871.0,74.0,78736.0,577.0,321871.0,9913.0,9958.0,842.0,115.0,9913.0,3750.0,4225.0,234.0,27.0,3750.0,6089.0,6577.0,442.0,64.0,6089.0,10627.0,30.798052635993923,10.693964641333062,30.937860198651013,30.80513491424718,30.89817056083277,11.65063022142411,2.9719569193253403,13.126376716137832,11.653309384487736,11.642744921911724,18.917516644867042,5.613696403170088,20.433651991015033,18.921866891238885,18.936793390933733,24.461973896374634,524.0,pnad_income_nominal
4,4.0,Sul,2004,12,"1,2,3,4,5,6,7,8,9,10,11,12",322474.0,99.0,96277.0,674.0,322474.0,10401.0,10439.0,1036.0,114.0,10401.0,3811.0,4223.0,258.0,20.0,3811.0,6214.0,6638.0,510.0,64.0,6214.0,10891.0,32.253763094078906,10.760617800720837,32.37160205163827,32.26366808840636,32.32218402604416,11.81800703312515,2.6797677534613666,13.095629415084627,11.821636293136875,11.805611973562485,19.269770586155783,5.297215326609678,20.58460527050243,19.275688251260178,19.266989955841957,29.85574030774574,579.0,pnad_income_nominal
4,4.0,Sul,2005,12,"1,2,3,4,5,6,7,8,9,10,11,12",315357.0,77.0,111128.0,635.0,315357.0,10194.0,10322.0,1229.0,103.0,10194.0,3823.0,4141.0,255.0,21.0,3823.0,5834.0,6172.0,433.0,50.0,5834.0,10700.0,32.32526945652071,11.059318983514506,32.73115865511151,32.33316417153007,32.43027628903318,12.122768798536262,2.2946512130156216,13.13114977628529,12.12572951027658,12.105385063569317,18.499668629521462,3.8964077460226045,19.571469794550303,18.504186754630805,18.50271971988816,35.238792860155314,630.0,pnad_income_nominal
4,4.0,Sul,2006,12,"1,2,3,4,5,6,7,8,9,10,11,12",303959.0,93.0,123890.0,614.0,303959.0,9718.0,9906.0,1228.0,98.0,9718.0,3607.0,3932.0,345.0,26.0,3607.0,5753.0,6100.0,501.0,64.0,5753.0,10357.0,31.971417197714164,9.91201872628945,32.58992166706694,31.981202240461258,32.134454287153616,11.866732026358818,2.7847283880862057,12.935955178165477,11.870363910407876,11.872253675869992,18.926894745672936,4.043909920090403,20.06849608006343,18.93268743459288,18.96315644084333,40.75878654686981,692.0,pnad_income_nominal
4,4.0,Sul,2007,12,"1,2,3,4,5,6,7,8,9,10,11,12",292404.0,74.0,123844.0,566.0,292404.0,7635.0,7793.0,918.0,99.0,7635.0,2452.0,2697.0,269.0,24.0,2452.0,4327.0,4585.0,415.0,59.0,4327.0,8141.0,26.111133910616818,7.412551274183651,26.651482195865995,26.117743645879656,26.143885421814986,8.385658198930248,2.1720874648751654,9.223540033652071,8.387780932507782,8.346483795920324,14.7980191789442,3.3509899551048092,15.680360049794121,14.801765128450723,14.759527974536502,42.35372977113856,758.0,pnad_income_nominal
4,4.0,Sul,2008,12,"1,2,3,4,5,6,7,8,9,10,11,12",285408.0,59.0,115794.0,577.0,285408.0,10032.0,10104.0,1771.0,134.0,10032.0,2986.0,2998.0,60.0,15.0,2986.0,7761.0,7784.0,1058.0,91.0,7761.0,11453.0,35.14968045745039,15.294402127916818,35.40195089135553,35.15694815822028,35.142273890472566,10.462215495010652,0.5181615627752734,10.504260567328176,10.464378708178407,10.40539075348871,27.192650521358896,9.13691555693732,27.273236909967483,27.198272992020296,27.109910092070812,40.57139253279516,838.0,pnad_income_nominal
4,4.0,Sul,2009,12,"1,2,3,4,5,6,7,8,9,10,11,12",290199.0,82.0,122010.0,609.0,290199.0,9233.0,9268.0,1593.0,108.0,9233.0,2808.0,2814.0,35.0,25.0,2808.0,6846.0,6853.0,825.0,73.0,6846.0,10465.0,31.816098608196445,13.056306860093436,31.9367055020865,31.825091256286257,31.792141390472427,9.676118801236393,0.2868617326448652,9.696794268760403,9.678853703850516,9.62382224099716,23.59070844489471,6.761740840914679,23.61482982367272,23.597376230968884,23.50592104383456,42.04356321007309,901.0,pnad_income_nominal
4,4.0,Sul,2011,12,"1,2,3,4,5,6,7,8,9,10,11,12",291382.0,60.0,125792.0,608.0,291382.0,9235.0,9311.0,1902.0,117.0,9235.0,2104.0,2108.0,44.0,14.0,2104.0,5880.0,5896.0,939.0,86.0,5880.0,9871.0,31.693790282172543,15.120198422793182,31.95461627691484,31.700317861335567,31.632865252887292,7.220761749181487,0.3497837700330705,7.234489433115292,7.2222489204385525,7.1764356456881435,20.17969538269351,7.464703637751208,20.23460611842873,20.183851545712304,20.115112957009053,43.1708204350303,1049.0,pnad_income_nominal
4,4.0,Sul,2012,12,"1,2,3,4,5,6,7,8,9,10,11,12",291935.0,63.0,125679.0,571.0,291935.0,9064.0,9120.0,1793.0,130.0,9064.0,1919.0,1934.0,43.0,30.0,1919.0,5809.0,5847.0,980.0,98.0,5809.0,9551.0,31.04800726189049,14.266504348379602,31.239830784249918,31.054708913496327,31.029258904733158,6.573381060852587,0.3421414874402247,6.624762361484577,6.574799912290319,6.546264887706311,19.89826502474866,7.797643202126051,20.0284309863497,19.902560026312905,19.862346826369613,43.05033654751914,1183.0,pnad_income_nominal
4,4.0,Sul,2013,12,"1,2,3,4,5,6,7,8,9,10,11,12",298790.0,45.0,112139.0,582.0,298790.0,9428.0,9487.0,1814.0,137.0,9428.0,1979.0,1997.0,35.0,15.0,1979.0,6226.0,6251.0,1114.0,97.0,6226.0,9931.0,31.55393420127849,16.176352562444823,31.751397302453228,31.55868717468075,31.533865883048172,6.623380969911978,0.31211264591266197,6.68362394993139,6.624378650688715,6.595007923578037,20.83737742226982,9.934099644191583,20.92104822785234,20.840516159266265,20.80378769226778,37.531041868871114,1309.0,pnad_income_nominal
4,4.0,Sul,2014,12,"1,2,3,4,5,6,7,8,9,10,11,12",304447.0,50.0,98609.0,633.0,304447.0,9114.0,9192.0,1453.0,141.0,9114.0,2052.0,2065.0,28.0,19.0,2052.0,5690.0,5720.0,759.0,105.0,5690.0,9513.0,29.936245060716644,14.734963340060238,30.192447289676036,29.94116236362382,29.78352302445025,6.740089408008619,0.28394974089586145,6.782789779501851,6.741196529532157,6.710810610550189,18.68962413819154,7.697066190712815,18.788163457022076,18.692694080427863,18.60772993305028,32.389545635200875,1437.0,pnad_income_nominal
4,4.0,Sul,2015,12,"1,2,3,4,5,6,7,8,9,10,11,12",316673.0,87.0,97275.0,786.0,316673.0,9246.0,9456.0,1244.0,198.0,9246.0,1949.0,1999.0,52.0,32.0,1949.0,5694.0,5842.0,578.0,144.0,5694.0,9740.0,29.197310790626293,12.788486250321254,29.860455422470498,29.20533441150272,28.912666610218466,6.154613749830267,0.5345669493703418,6.312505328840792,6.156305079820333,6.127270790320318,17.980693017718593,5.941917244924184,18.448052091589748,17.985634235247293,17.835582978934443,30.71780669649765,1492.0,pnad_income_nominal
5,5.0,Centro-Oeste,2002,12,"1,2,3,4,5,6,7,8,9,10,11,12",192391.0,41.0,4033.0,344.0,192391.0,6393.0,6486.0,33.0,51.0,6393.0,2401.0,2620.0,6.0,11.0,2401.0,4306.0,4560.0,16.0,38.0,4306.0,6469.0,33.22920510834707,8.182494421026531,33.712595703541226,33.23628801663634,36.01338820726471,12.479793753346051,1.4877262583684603,13.61810063880327,12.482453860150766,13.279154479681345,22.38150433232324,3.967270022315894,23.701732409520197,22.38627501949571,23.98992960329053,2.096251903675328,460.0,pnad_income_nominal
5,5.0,Centro-Oeste,2003,12,"1,2,3,4,5,6,7,8,9,10,11,12",196019.0,38.0,19733.0,335.0,196019.0,6757.0,6924.0,194.0,49.0,6757.0,3034.0,3332.0,16.0,13.0,3034.0,4633.0,5000.0,57.0,30.0,4633.0,6873.0,34.47114820502094,9.831247149445092,35.323106433560014,34.477832034738064,36.93033149773332,15.478091409506222,0.8108245071707292,16.998352200551988,15.481092554890525,16.40194899913504,23.63546390911085,2.888562306795723,25.507731393385335,23.640046739224722,24.988954037157704,10.066881271713456,488.0,pnad_income_nominal
5,5.0,Centro-Oeste,2004,12,"1,2,3,4,5,6,7,8,9,10,11,12",200684.0,48.0,33019.0,576.0,200684.0,6763.0,6939.0,198.0,149.0,6763.0,2885.0,3173.0,12.0,10.0,2885.0,4732.0,5109.0,45.0,87.0,4732.0,6823.0,33.69974686571924,5.996547442381659,34.576747523469734,33.707809166849415,35.87996950695168,14.375834645512347,0.36342711772010056,15.810926630922246,14.379273908969477,14.920579126374417,23.579358593609854,1.362851691450377,25.457933866177672,23.584999700950977,24.888502075526482,16.45322995355883,552.0,pnad_income_nominal
5,5.0,Centro-Oeste,2005,12,"1,2,3,4,5,6,7,8,9,10,11,12",197278.0,57.0,43588.0,594.0,197278.0,7114.0,7411.0,233.0,161.0,7114.0,2941.0,3231.0,27.0,15.0,2941.0,5217.0,5676.0,65.0,91.0,5217.0,7154.0,36.06078731536208,5.345507937964578,37.56627703038352,36.071209455382544,38.5197013619902,14.9078964709699,0.619436542167569,16.377903263415078,14.912205089721683,15.36450217581626,26.44491529719482,1.4912361200330366,28.77158122040978,26.45255829754438,27.90046366143896,22.094708989344984,606.0,pnad_income_nominal
5,5.0,Centro-Oeste,2006,12,"1,2,3,4,5,6,7,8,9,10,11,12",189127.0,51.0,48032.0,564.0,189127.0,6321.0,6574.0,230.0,184.0,6321.0,2325.0,2542.0,11.0,16.0,2325.0,4595.0,4942.0,53.0,110.0,4595.0,6387.0,33.42198628434861,4.788474350433044,34.75971172809805,33.431001290486364,35.49175413369052,12.293326706393058,0.22901399067288475,13.440703865656412,12.296642619898877,12.659937713311422,24.29584353371015,1.1034310459693537,26.13058949806215,24.302396919757136,25.61009504167279,25.39669111232135,664.0,pnad_income_nominal
5,5.0,Centro-Oeste,2007,12,"1,2,3,4,5,6,7,8,9,10,11,12",182259.0,38.0,50537.0,471.0,182259.0,6113.0,6315.0,284.0,161.0,6113.0,1876.0,2113.0,23.0,15.0,1876.0,4194.0,4560.0,70.0,89.0,4194.0,6185.0,33.540181829155216,5.6196450125650514,34.64849472454035,33.547176231060085,35.51097504944506,10.293044513576833,0.45511209608801473,11.593391821528703,10.295191004329908,10.562935974634014,23.011209322996397,1.3851237707026536,25.019340608694222,23.01600803420023,24.310421674847245,27.728123165385522,759.0,pnad_income_nominal
5,5.0,Centro-Oeste,2008,12,"1,2,3,4,5,6,7,8,9,10,11,12",178360.0,55.0,58325.0,481.0,178360.0,7261.0,7432.0,1048.0,174.0,7261.0,1854.0,1872.0,21.0,9.0,1854.0,5807.0,5884.0,455.0,88.0,5807.0,8324.0,40.70980040367795,17.968281183026146,41.66853554608657,40.7223577577746,42.31532460830495,10.394707333482843,0.3600514359194171,10.495626822157435,10.397913687221335,10.642346391006338,32.557748374074905,7.801114444920703,32.98945952007176,32.56779114438743,33.78845588843214,32.70071764969724,855.0,pnad_income_nominal
5,5.0,Centro-Oeste,2009,12,"1,2,3,4,5,6,7,8,9,10,11,12",178307.0,60.0,59803.0,508.0,178307.0,7034.0,7101.0,679.0,159.0,7034.0,1880.0,1886.0,8.0,16.0,1880.0,4972.0,5004.0,249.0,90.0,4972.0,7389.0,39.448815806446184,11.353945454241426,39.82457222655308,39.462094733712206,40.87055104143314,10.5436129821039,0.13377255321639384,10.577262810770188,10.547162084074346,10.789961801521072,27.884491354798186,4.163670718860258,28.06395710768506,27.893877596817898,28.84357844919207,33.53934506216806,897.0,pnad_income_nominal
5,5.0,Centro-Oeste,2011,12,"1,2,3,4,5,6,7,8,9,10,11,12",172866.0,43.0,55169.0,466.0,172866.0,5558.0,5598.0,592.0,117.0,5558.0,1376.0,1391.0,12.0,21.0,1376.0,3775.0,3807.0,185.0,83.0,3775.0,5789.0,32.152071546747194,10.730663959832514,32.38346464891882,32.16007128680789,32.97314679735851,7.9599227147038745,0.21751345864525368,8.046695128018234,7.961903218900262,8.072025086727473,21.83772401744704,3.353332487447661,22.02283849918434,21.843157450107913,22.355581300635777,31.91431513426585,1106.0,pnad_income_nominal
5,5.0,Centro-Oeste,2012,12,"1,2,3,4,5,6,7,8,9,10,11,12",170802.0,40.0,51658.0,485.0,170802.0,4809.0,4861.0,566.0,123.0,4809.0,1370.0,1380.0,11.0,11.0,1370.0,3020.0,3061.0,145.0,80.0,3020.0,4946.0,28.155408016299575,10.956676603817414,28.459854100069087,28.16200325599372,28.748855041348715,8.020983360850575,0.21293894459715823,8.079530684652404,8.022862229301602,8.131467276386143,17.681291788152365,2.8069224515079947,17.921335815739862,17.68543352736557,17.992096329182807,30.244376529548834,1247.0,pnad_income_nominal
5,5.0,Centro-Oeste,2013,12,"1,2,3,4,5,6,7,8,9,10,11,12",179615.0,44.0,38180.0,602.0,179615.0,5411.0,5486.0,562.0,242.0,5411.0,1672.0,1687.0,6.0,16.0,1672.0,3422.0,3461.0,170.0,104.0,3422.0,5723.0,30.125546307379672,14.719748559455212,30.543106088021602,30.13292792266012,30.550450737239824,9.30879937644406,0.1571503404924044,9.392311332572447,9.311080296929905,9.383797442628294,19.051860924755726,4.452592980618125,19.26899201068953,19.056529172305105,19.277914826517513,21.25657656654511,1345.0,pnad_income_nominal
5,5.0,Centro-Oeste,2014,12,"1,2,3,4,5,6,7,8,9,10,11,12",181021.0,90.0,29015.0,622.0,181021.0,4977.0,5065.0,337.0,164.0,4977.0,1560.0,1568.0,9.0,19.0,1560.0,3028.0,3058.0,101.0,81.0,3028.0,5302.0,27.494047651929886,11.614682061002929,27.980179095243095,27.507723938960154,27.879354128121374,8.617784676915939,0.3101843873858349,8.661978444489867,8.622071397383532,8.695025718648292,16.727341026731704,3.480958125107703,16.893067655133933,16.735661661075216,16.91999783856714,16.02852707696897,1467.0,pnad_income_nominal
5,5.0,Centro-Oeste,2015,12,"1,2,3,4,5,6,7,8,9,10,11,12",187233.0,97.0,30428.0,602.0,187233.0,5657.0,6075.0,557.0,169.0,5657.0,1720.0,1868.0,16.0,14.0,1720.0,3329.0,3513.0,131.0,87.0,3329.0,5954.0,30.213690962597404,18.305508084658868,32.44620339363253,30.22935191518468,30.469603022174205,9.186414787991433,0.5258314710135401,9.976873734865114,9.191176470588236,9.273614258564063,17.779985365827606,4.30524516892336,18.76271811058948,17.78920143638851,17.928774132180983,16.251408672616474,1496.0,pnad_income_nominal
1,1.0,Norte,2004,12,"1,2,3,4,5,6,7,8,9,10,11,12",280421.0,65.0,19746.0,175.0,280421.0,10907.0,10979.0,292.0,62.0,10907.0,4424.0,4484.0,148.0,8.0,4424.0,9399.0,9481.0,223.0,48.0,9399.0,11764.0,38.895089882712064,14.787805125088626,39.15184668765891,38.90410763457889,41.05092382859505,15.776279237289646,7.495188899017522,15.99024324141202,15.779936937322548,16.138799367615537,33.51746124576975,11.293426516762889,33.80987871807033,33.52523220476822,35.06714333609372,7.041555375667301,49.66555183946488,pnad_sewer
1,1.0,Norte,2005,12,"1,2,3,4,5,6,7,8,9,10,11,12",288818.0,110.0,21847.0,210.0,288818.0,12042.0,12107.0,287.0,59.0,12042.0,5299.0,5346.0,49.0,23.0,5299.0,11190.0,11251.0,114.0,59.0,11190.0,13548.0,41.69407723895325,13.136815123357898,41.9191324640431,41.7099630076063,44.310323081513715,18.34719442694015,2.242870874719641,18.5099266666205,18.35418485112986,18.761003135181905,38.74412259623708,5.218107749347737,38.955328269013705,38.758884409160814,40.82189433753289,7.564279234673739,51.61894567835162,pnad_sewer
1,1.0,Norte,2006,12,"1,2,3,4,5,6,7,8,9,10,11,12",295257.0,100.0,27620.0,263.0,295257.0,12667.0,12760.0,240.0,90.0,12667.0,4188.0,4255.0,36.0,20.0,4188.0,10561.0,10641.0,85.0,61.0,10561.0,13246.0,42.90160775189072,8.689355539464156,43.216587583020896,42.916142934099476,45.30055511823476,14.184253040571434,1.3034033309196236,14.41117399418134,14.189058704350566,14.53961704730361,35.7688386727495,3.0774800868935555,36.03978906511954,35.780957253258435,37.732833102532865,9.354562296575526,50.83091532577157,pnad_sewer
1,1.0,Norte,2008,12,"1,2,3,4,5,6,7,8,9,10,11,12",276127.0,70.0,55851.0,297.0,276127.0,12323.0,12446.0,1186.0,190.0,12323.0,2441.0,2465.0,28.0,4.0,2441.0,10144.0,10194.0,619.0,50.0,10144.0,12785.0,44.62801536973929,21.235071887701206,45.073462573381086,44.63933173221472,47.03388988608412,8.840135155200324,0.5013339062863691,8.927051682740188,8.842376755525127,8.875841395147955,36.736718973515806,11.083060285402231,36.91779507255719,36.7460343334891,38.70682660954964,20.22656241512058,58.42642059252064,pnad_sewer
1,1.0,Norte,2009,12,"1,2,3,4,5,6,7,8,9,10,11,12",280394.0,87.0,58810.0,240.0,280394.0,11722.0,11787.0,1312.0,124.0,11722.0,2641.0,2653.0,21.0,4.0,2641.0,9433.0,9461.0,669.0,46.0,9433.0,12311.0,41.805459460616134,22.309131100153035,42.03727611860454,41.8184347875722,43.72527545847548,9.41888913457492,0.35708212888964463,9.461686056049702,9.421812512709279,9.542218591077363,33.641946689301484,11.375616391770107,33.74180617274264,33.65238827428498,35.21113635715654,20.974057932766037,53.1036110455511,pnad_sewer
1,1.0,Norte,2011,12,"1,2,3,4,5,6,7,8,9,10,11,12",276785.0,70.0,59413.0,256.0,276785.0,12644.0,12759.0,1010.0,130.0,12644.0,2510.0,2522.0,11.0,4.0,2510.0,9961.0,10007.0,442.0,50.0,9961.0,13057.0,45.68166627526781,16.99964654200259,46.097151218454755,45.69322226839889,47.56917991007931,9.06841049912387,0.1851446653089391,9.11176544971729,9.070704515476212,9.202673267724352,35.988221905088785,7.439449278777372,36.154415882363566,35.99732576838986,37.44808107801885,21.465397330057627,57.306654676258994,pnad_sewer
1,1.0,Norte,2012,12,"1,2,3,4,5,6,7,8,9,10,11,12",269399.0,79.0,70271.0,288.0,269399.0,11997.0,12143.0,1100.0,162.0,11997.0,2630.0,2645.0,13.0,8.0,2630.0,8528.0,8577.0,327.0,46.0,8528.0,12399.0,44.53245928900998,15.653683596362653,45.074406363794964,44.5455220555473,46.27875219038725,9.76247127866102,0.1849980788661041,9.818150772645778,9.765334917570177,9.748255523325335,31.655648313468127,4.65341321455508,31.837534660485005,31.66493390761919,32.827097821196865,26.084358145353175,56.07476635514018,pnad_sewer
1,1.0,Norte,2013,12,"1,2,3,4,5,6,7,8,9,10,11,12",285041.0,86.0,57151.0,290.0,285041.0,12498.0,12704.0,906.0,151.0,12498.0,3039.0,3076.0,8.0,15.0,3039.0,9007.0,9079.0,240.0,63.0,9007.0,12962.0,43.84632386218123,15.852740984409722,44.56902691191794,43.85955677212191,45.164273918205325,10.661624117232257,0.13998005284246995,10.791430004806326,10.66484181712902,10.765005096684272,31.5989629562063,4.1994015852740985,31.851558196890974,31.60849958765419,32.56020972535845,20.050098056069128,54.17017691659646,pnad_sewer
1,1.0,Norte,2014,12,"1,2,3,4,5,6,7,8,9,10,11,12",282881.0,69.0,47708.0,253.0,282881.0,12281.0,12586.0,571.0,89.0,12281.0,3019.0,3095.0,5.0,14.0,3019.0,8386.0,8517.0,142.0,58.0,8386.0,12787.0,43.414015080546235,11.968642575668651,44.49220697042219,43.42460715952647,44.96198609230524,10.672332182083633,0.10480422570638048,10.940996390708461,10.67493599988685,10.823317266007855,29.644974388523796,2.976440010061206,30.10806664286396,29.65220711992419,30.61973690756034,16.86504219088592,54.01903219275157,pnad_sewer
1,1.0,Norte,2015,12,"1,2,3,4,5,6,7,8,9,10,11,12",288723.0,105.0,37549.0,291.0,288723.0,11458.0,11607.0,481.0,110.0,11458.0,2987.0,3017.0,16.0,16.0,2987.0,7764.0,7823.0,137.0,76.0,7764.0,11990.0,39.68509609556565,12.809928360275906,40.20116166706497,39.69953363962053,40.84237345311777,10.34555612126502,0.4261098830861008,10.449461941029984,10.349319862240055,10.41951855869151,26.890826155172952,3.6485658739247384,27.09517426737738,26.900609109618944,27.606929878950055,13.005198754515574,61.55053974484789,pnad_sewer
2,2.0,Nordeste,2002,12,"1,2,3,4,5,6,7,8,9,10,11,12",947138.0,216.0,12803.0,1391.0,947138.0,25154.0,25540.0,73.0,432.0,25154.0,8409.0,10331.0,26.0,39.0,8409.0,17654.0,19782.0,42.0,209.0,17654.0,25689.0,26.557903916852666,5.701788643286729,26.965447484949394,26.563961973636687,27.272168719074863,8.878326072863722,2.0307740373349996,10.90759741452671,8.88035128553355,8.943145216622588,18.639311272486164,3.280481137233461,20.886079958781085,18.643563038983146,19.053654538385977,1.351756555010991,43.03656597774245,pnad_sewer
2,2.0,Nordeste,2003,12,"1,2,3,4,5,6,7,8,9,10,11,12",911492.0,235.0,43470.0,2293.0,911492.0,29050.0,29299.0,282.0,796.0,29050.0,9763.0,11140.0,28.0,67.0,9763.0,19129.0,20671.0,107.0,279.0,19129.0,29646.0,31.870822782865893,6.487232574189096,32.14400126386189,31.879041807086256,32.74168866021926,10.711010080176239,0.644122383252818,12.221719993154082,10.71377229475329,10.827959191890919,20.986470534025532,2.461467678858983,22.67820233200072,20.991882641230738,21.47505869863634,4.769103842930053,44.29777436684574,pnad_sewer
2,2.0,Nordeste,2004,12,"1,2,3,4,5,6,7,8,9,10,11,12",903719.0,229.0,59775.0,2519.0,903719.0,29737.0,29975.0,339.0,807.0,29737.0,9019.0,10237.0,25.0,88.0,9019.0,19761.0,21074.0,111.0,270.0,19761.0,30302.0,32.90513976136388,5.671267252195734,33.16849595947413,32.91347994997177,33.83094063108831,9.979872062001574,0.41823504809703055,11.327636134683457,9.982401576110416,10.086443084923552,21.86631021368368,1.8569636135508156,23.31919545788016,21.87185248314868,22.415097349422556,6.614334765563189,45.50561797752809,pnad_sewer
2,2.0,Nordeste,2005,12,"1,2,3,4,5,6,7,8,9,10,11,12",918037.0,234.0,74514.0,2384.0,918037.0,27967.0,28220.0,672.0,693.0,27967.0,6717.0,7903.0,49.0,67.0,6717.0,17541.0,18888.0,258.0,266.0,17541.0,28316.0,30.463913763824333,9.018439487881471,30.73950178478645,30.47168074194571,31.267525193030664,7.316698564436946,0.6575945459913574,8.608585492741579,7.318564005565465,7.343805639647442,19.10707302646843,3.4624365890973507,20.574334149930777,19.11194450225157,19.50300082634888,8.116666321727774,46.573632023503485,pnad_sewer
2,2.0,Nordeste,2006,12,"1,2,3,4,5,6,7,8,9,10,11,12",868011.0,198.0,101312.0,2218.0,868011.0,26097.0,26612.0,987.0,676.0,26097.0,5522.0,6755.0,76.0,55.0,5522.0,16140.0,17649.0,363.0,253.0,16140.0,26606.0,30.065287191060943,9.742182564750474,30.658597644499896,30.072146879569676,30.815985861321664,6.361670531825058,0.7501579279848389,7.782159442679874,6.363122009004244,6.378034677502802,18.59423440486353,3.582991156032849,20.332691636396312,18.598476860798353,18.977022496938346,11.671741487147052,48.63574837928332,pnad_sewer
2,2.0,Nordeste,2007,12,"1,2,3,4,5,6,7,8,9,10,11,12",859671.0,145.0,125458.0,2191.0,859671.0,26393.0,26916.0,1379.0,667.0,26393.0,6008.0,7470.0,122.0,77.0,6008.0,15809.0,17516.0,412.0,265.0,15809.0,27064.0,30.70127990824397,10.991726314782637,31.309652180892456,30.70645914143377,31.388335173898607,6.988720103388389,0.972436990865469,8.689370701117054,6.989899083913692,7.006310552120872,18.38959322810703,3.2839675429227313,20.37523657306109,18.39269550892003,18.71804797196658,14.593722482205402,55.13979979288919,pnad_sewer
2,2.0,Nordeste,2008,12,"1,2,3,4,5,6,7,8,9,10,11,12",803376.0,983.0,150245.0,1881.0,803376.0,27624.0,28458.0,2620.0,751.0,27624.0,5890.0,5977.0,132.0,68.0,5890.0,17706.0,17974.0,775.0,327.0,17706.0,29290.0,34.384895739977296,17.438184298978335,35.42301487721814,34.42702017589884,35.08555109144812,7.331560813367589,0.8785650104828779,7.439853816892713,7.340542601941941,7.423804178712708,22.03949333811316,5.158241538819928,22.37308557885722,22.06649360101596,22.51051367308464,18.70170380992213,55.04422424685775,pnad_sewer
2,2.0,Nordeste,2009,12,"1,2,3,4,5,6,7,8,9,10,11,12",817105.0,966.0,155388.0,2088.0,817105.0,27998.0,28668.0,3017.0,705.0,27998.0,5765.0,5859.0,127.0,60.0,5765.0,17520.0,17852.0,801.0,292.0,17520.0,29605.0,34.26487415937976,19.415913712770614,35.08484221734049,34.305430815094,34.947158696236684,7.055396797229243,0.8173089299044971,7.17043709192821,7.06374771944485,7.102787769844207,21.441552799211852,5.1548382114449,21.847865329425225,21.466931490836732,21.799287433024915,19.016895013492757,52.343444863950005,pnad_sewer
2,2.0,Nordeste,2011,12,"1,2,3,4,5,6,7,8,9,10,11,12",788784.0,228.0,159558.0,3924.0,788784.0,28955.0,30241.0,2765.0,1509.0,28955.0,5647.0,5743.0,148.0,127.0,5647.0,16256.0,16832.0,877.0,482.0,16256.0,30034.0,36.70840179313982,17.32912169869264,38.33875940688452,36.71901551697026,37.23591747741824,7.159120874662772,0.9275623911054287,7.280827197306233,7.161190834893146,7.191720245649319,20.60893730095945,5.496433898645007,21.33917523682022,20.61489608854666,20.89841707439024,20.228351487859793,61.1117958831505,pnad_sewer
2,2.0,Nordeste,2012,12,"1,2,3,4,5,6,7,8,9,10,11,12",757741.0,252.0,164416.0,4077.0,757741.0,28649.0,29955.0,3048.0,1734.0,28649.0,5810.0,5941.0,158.0,130.0,5810.0,15713.0,16196.0,928.0,615.0,15713.0,29757.0,37.80843322454506,18.5383417672246,39.53197728511457,37.82101126220975,38.215246452375396,7.667527558888855,0.9609770338653173,7.840409849803561,7.670078377375777,7.678190050760869,20.736636924753974,5.644219540677306,21.374057890492924,20.74353554969115,20.903629395849425,21.698179193154388,61.96062002513615,pnad_sewer
2,2.0,Nordeste,2013,12,"1,2,3,4,5,6,7,8,9,10,11,12",742646.0,257.0,99584.0,4243.0,742646.0,28952.0,30390.0,1918.0,1693.0,28952.0,5939.0,6134.0,31.0,116.0,5939.0,15546.0,16152.0,430.0,682.0,15546.0,30508.0,38.9849268695987,19.260122107969153,40.92124646197515,38.9984226598185,39.36646319059232,7.997080708709129,0.3112949871465296,8.259655340498703,7.999849135695706,8.00495077812621,20.93325756820881,4.317962724935732,21.749258731616408,20.940504236997047,21.089147232971623,13.409349811350227,58.08642698208221,pnad_sewer
2,2.0,Nordeste,2014,12,"1,2,3,4,5,6,7,8,9,10,11,12",748997.0,201.0,50902.0,4187.0,748997.0,29575.0,30838.0,607.0,1769.0,29575.0,7372.0,7479.0,21.0,130.0,7372.0,16426.0,16892.0,145.0,641.0,16426.0,32220.0,39.48613946384298,11.924875250481318,41.17239454897683,39.49673876463015,39.79228250459073,9.842496031359271,0.41255746336096816,9.9853537464102,9.845138061634945,9.871783504640053,21.93066193856584,2.848611056540018,22.552827314395117,21.936548806350462,22.048846672956124,6.796021879927423,61.00102494021182,pnad_sewer
2,2.0,Nordeste,2015,12,"1,2,3,4,5,6,7,8,9,10,11,12",770960.0,280.0,48201.0,4153.0,770960.0,30468.0,31531.0,572.0,1955.0,30468.0,7564.0,7657.0,26.0,114.0,7564.0,16060.0,16400.0,142.0,525.0,16060.0,33121.0,39.51956002905469,11.866973714238293,40.89836048562831,39.5339180983028,39.68987975575734,9.811144547058213,0.5394078961017407,9.931773373456469,9.814709088078061,9.821900379328039,20.83117152640863,2.9459969710171987,21.27218013904742,20.838739814190067,20.894780246047414,6.252075334647712,64.97729438806974,pnad_sewer
3,3.0,Sudeste,2002,12,"1,2,3,4,5,6,7,8,9,10,11,12",1005254.0,348.0,37738.0,1900.0,1005254.0,31690.0,33923.0,517.0,413.0,31690.0,11449.0,11886.0,18.0,80.0,11449.0,21716.0,22900.0,223.0,264.0,21716.0,33701.0,31.524370955002418,13.699719116010387,33.74570009171811,31.53528787767214,32.25683227919598,11.38916134628661,0.47697281254968465,11.823877348411447,11.393105424786,11.503973539943747,21.602500462569658,5.909163177698871,22.7803122394937,21.60998143109903,21.976083486088154,3.754076084253333,85.58334838360123,pnad_sewer
3,3.0,Sudeste,2003,12,"1,2,3,4,5,6,7,8,9,10,11,12",977489.0,295.0,133307.0,2040.0,977489.0,31566.0,33963.0,2054.0,459.0,31566.0,8632.0,9044.0,77.0,67.0,8632.0,18849.0,19973.0,760.0,276.0,18849.0,32417.0,32.29294651909127,15.40804308850998,34.74514802724123,32.30269526828859,32.99739139884454,8.83078991170233,0.5776140787805591,9.252278030750219,8.833455792810843,8.92871670720832,19.28308144644083,5.701125972379545,20.432966509086036,19.28890271532572,19.615439963020343,13.637698224737056,86.23784919870391,pnad_sewer
3,3.0,Sudeste,2004,12,"1,2,3,4,5,6,7,8,9,10,11,12",976634.0,268.0,187259.0,2226.0,976634.0,32624.0,35172.0,3106.0,496.0,32624.0,7773.0,8219.0,123.0,64.0,7773.0,17978.0,19221.0,1190.0,290.0,17978.0,32849.0,33.40453025391293,16.586652710951142,36.01349123622565,33.41369937093262,33.99361454632116,7.95896927610548,0.6568442638271058,8.415639840513437,7.961153911545465,8.028382031061106,18.40812423077632,6.354834747595576,19.68086304593123,18.41317702582843,18.64903654989419,19.173917762437107,86.85150901967538,pnad_sewer
3,3.0,Sudeste,2005,12,"1,2,3,4,5,6,7,8,9,10,11,12",958352.0,281.0,199433.0,2123.0,958352.0,32091.0,34521.0,3255.0,466.0,32091.0,7809.0,8364.0,125.0,80.0,7809.0,17380.0,18793.0,1090.0,286.0,17380.0,32413.0,33.48560862814498,16.321270802725728,36.021211412925524,33.49542987941395,34.03471251086335,8.148363023189809,0.6267769125470709,8.727482177738452,8.15075291914691,8.204655351027792,18.135298929829542,5.465494677410459,19.6097049935723,18.140617970901946,18.34727223412336,20.809994657495366,86.89185782707335,pnad_sewer
3,3.0,Sudeste,2006,12,"1,2,3,4,5,6,7,8,9,10,11,12",908022.0,247.0,208094.0,2341.0,908022.0,30699.0,32977.0,3468.0,559.0,30699.0,7741.0,8313.0,119.0,74.0,7741.0,16755.0,18069.0,1285.0,283.0,16755.0,30999.0,33.80865221327237,16.665545378530854,36.317402001273095,33.81785133981438,34.24190890515289,8.52512384061179,0.5718569492633137,9.15506452486834,8.527443474429237,8.5858568403192,18.452196092165167,6.175093947927379,19.899297594111157,18.457216821348904,18.631571715869594,22.91728614504935,87.55368317722606,pnad_sewer
3,3.0,Sudeste,2007,12,"1,2,3,4,5,6,7,8,9,10,11,12",899615.0,232.0,233888.0,2024.0,899615.0,30314.0,32920.0,3682.0,505.0,30314.0,7607.0,8178.0,142.0,75.0,7607.0,16110.0,17411.0,1142.0,274.0,16110.0,30551.0,33.69663689467161,15.742577644000548,36.59343163464371,33.70532909783707,34.02817879922759,8.45583944242815,0.6071281981119168,9.090555404256266,8.458020665278308,8.493062623751724,17.907660499213552,4.882678889040909,19.353834695953267,17.912279862972728,18.037465919925186,25.99867721191843,89.28256866042118,pnad_sewer
3,3.0,Sudeste,2008,12,"1,2,3,4,5,6,7,8,9,10,11,12",828529.0,199.0,231497.0,1954.0,828529.0,29255.0,31059.0,4432.0,541.0,29255.0,8664.0,8963.0,341.0,77.0,8664.0,20287.0,21022.0,1889.0,300.0,20287.0,32232.0,35.30956671401967,19.144956522114757,37.48691958881343,35.31804956961597,35.52517942246764,10.45708719912037,1.4730212486554901,10.817967747658802,10.459599435007787,10.479790952701256,24.485564174579284,8.159932958094489,25.37267856647142,24.491446645660545,24.594727198967547,27.940723861204617,88.85043167146301,pnad_sewer
3,3.0,Sudeste,2009,12,"1,2,3,4,5,6,7,8,9,10,11,12",860536.0,288.0,215161.0,2670.0,860536.0,29185.0,31180.0,4209.0,661.0,29185.0,7984.0,8342.0,285.0,98.0,7984.0,18037.0,18921.0,1506.0,354.0,18037.0,31252.0,33.914908847509,19.562095361148163,36.23323138137161,33.92626312412234,34.04174845253262,9.277938401182519,1.3245894934490916,9.693958184201474,9.28104453599427,9.298471929280575,20.960192252270677,6.99940974433099,21.987458979054914,20.96720945587784,21.03068850884012,25.003137579369138,88.39111654753259,pnad_sewer
3,3.0,Sudeste,2011,12,"1,2,3,4,5,6,7,8,9,10,11,12",853260.0,204.0,232691.0,2853.0,853260.0,27594.0,29627.0,4215.0,816.0,27594.0,7739.0,8128.0,373.0,128.0,7739.0,16493.0,17455.0,1526.0,415.0,16493.0,29108.0,32.339497925602984,18.11415138531357,34.722124557579164,32.347231600270085,32.295471205468886,9.069920071256124,1.6029842151179032,9.52581862503809,9.07208905394253,9.075309667582639,19.329395494925347,6.558053384101663,20.456836134355296,19.334017930827518,19.32630986709669,27.27082014860652,90.84003082681932,pnad_sewer
3,3.0,Sudeste,2012,12,"1,2,3,4,5,6,7,8,9,10,11,12",835619.0,199.0,238653.0,3164.0,835619.0,27070.0,29184.0,4711.0,941.0,27070.0,6931.0,7289.0,317.0,130.0,6931.0,15577.0,16521.0,1687.0,470.0,15577.0,28545.0,32.39514659192766,19.739957176318757,34.92500768891085,32.4028632304709,32.29984039250553,8.294449982587759,1.3282883517072905,8.722874898727769,8.296425749922195,8.2946449990203,18.641270722661883,7.068840534164666,19.77097217751152,18.645711139307174,18.61787605790719,28.56002556188885,92.01263052136784,pnad_sewer
3,3.0,Sudeste,2013,12,"1,2,3,4,5,6,7,8,9,10,11,12",838513.0,213.0,215476.0,3445.0,838513.0,26601.0,28778.0,4048.0,1026.0,26601.0,6947.0,7303.0,276.0,151.0,6947.0,15654.0,16694.0,1537.0,538.0,15654.0,28162.0,31.724016204876968,18.786314949228686,34.32027887462687,31.732076822140044,31.59293184399344,8.284904348531269,1.280885110174683,8.709465446570297,8.28700942383395,8.273827171722026,18.668762440176838,7.133044979487274,19.90905328838074,18.67350590480735,18.616557980878113,25.697395269960037,91.90037746498749,pnad_sewer
3,3.0,Sudeste,2014,12,"1,2,3,4,5,6,7,8,9,10,11,12",863867.0,202.0,186927.0,3734.0,863867.0,27149.0,29619.0,3218.0,1072.0,27149.0,6923.0,7324.0,114.0,186.0,6923.0,16198.0,17268.0,1203.0,593.0,16198.0,28839.0,31.42729146963595,17.215276551808994,34.28652790302211,31.434641903978974,31.18396274297495,8.01396511268517,0.6098637436004429,8.47815693851021,8.015839474796362,7.98971159773546,18.75057155789028,6.435667399573095,19.989188150490758,18.754957072476017,18.647646930261477,21.638400355610298,91.3906148089664,pnad_sewer
3,3.0,Sudeste,2015,12,"1,2,3,4,5,6,7,8,9,10,11,12",888547.0,285.0,188016.0,4133.0,888547.0,27347.0,30721.0,3327.0,1308.0,27347.0,7500.0,8130.0,135.0,194.0,7500.0,16518.0,18298.0,1243.0,658.0,16518.0,29379.0,30.777212685429134,17.695302527444472,34.5744231875185,30.787087593525335,30.447393759289398,8.440746522131075,0.7180239979576206,9.149769229990085,8.44345474645994,8.422424819150512,18.589900140341477,6.611139477491277,20.59317064826059,18.595864733603374,18.477304143729658,21.159938641399947,92.6067926576867,pnad_sewer
4,4.0,Sul,2002,12,"1,2,3,4,5,6,7,8,9,10,11,12",342119.0,92.0,29868.0,715.0,342119.0,9555.0,9623.0,300.0,132.0,9555.0,4804.0,5216.0,113.0,28.0,4804.0,7682.0,8116.0,268.0,86.0,7682.0,11057.0,27.92887854810753,10.04419445560466,28.12763979784812,27.93639098667649,28.001114895269218,14.041897702261494,3.7833132449444222,15.246157038925052,14.045674756671257,13.99070657735366,22.454175301576353,8.972813713673498,23.7227397484501,22.460215129214944,22.429824305426024,8.730295598899797,72.88461538461539,pnad_sewer
4,4.0,Sul,2003,12,"1,2,3,4,5,6,7,8,9,10,11,12",321871.0,74.0,78736.0,577.0,321871.0,9913.0,9958.0,842.0,115.0,9913.0,3750.0,4225.0,234.0,27.0,3750.0,6089.0,6577.0,442.0,64.0,6089.0,10627.0,30.798052635993923,10.693964641333062,30.937860198651013,30.80513491424718,30.89817056083277,11.65063022142411,2.9719569193253403,13.126376716137832,11.653309384487736,11.642744921911724,18.917516644867042,5.613696403170088,20.433651991015033,18.921866891238885,18.936793390933733,24.461973896374634,74.875,pnad_sewer
4,4.0,Sul,2004,12,"1,2,3,4,5,6,7,8,9,10,11,12",322474.0,99.0,96277.0,674.0,322474.0,10401.0,10439.0,1036.0,114.0,10401.0,3811.0,4223.0,258.0,20.0,3811.0,6214.0,6638.0,510.0,64.0,6214.0,10891.0,32.253763094078906,10.760617800720837,32.37160205163827,32.26366808840636,32.32218402604416,11.81800703312515,2.6797677534613666,13.095629415084627,11.821636293136875,11.805611973562485,19.269770586155783,5.297215326609678,20.58460527050243,19.275688251260178,19.266989955841957,29.85574030774574,76.00979192166463,pnad_sewer
4,4.0,Sul,2005,12,"1,2,3,4,5,6,7,8,9,10,11,12",315357.0,77.0,111128.0,635.0,315357.0,10194.0,10322.0,1229.0,103.0,10194.0,3823.0,4141.0,255.0,21.0,3823.0,5834.0,6172.0,433.0,50.0,5834.0,10700.0,32.32526945652071,11.059318983514506,32.73115865511151,32.33316417153007,32.43027628903318,12.122768798536262,2.2946512130156216,13.13114977628529,12.12572951027658,12.105385063569317,18.499668629521462,3.8964077460226045,19.571469794550303,18.504186754630805,18.50271971988816,35.238792860155314,76.42968469008512,pnad_sewer
4,4.0,Sul,2006,12,"1,2,3,4,5,6,7,8,9,10,11,12",303959.0,93.0,123890.0,614.0,303959.0,9718.0,9906.0,1228.0,98.0,9718.0,3607.0,3932.0,345.0,26.0,3607.0,5753.0,6100.0,501.0,64.0,5753.0,10357.0,31.971417197714164,9.91201872628945,32.58992166706694,31.981202240461258,32.134454287153616,11.866732026358818,2.7847283880862057,12.935955178165477,11.870363910407876,11.872253675869992,18.926894745672936,4.043909920090403,20.06849608006343,18.93268743459288,18.96315644084333,40.75878654686981,77.30111962286388,pnad_sewer
4,4.0,Sul,2007,12,"1,2,3,4,5,6,7,8,9,10,11,12",292404.0,74.0,123844.0,566.0,292404.0,7635.0,7793.0,918.0,99.0,7635.0,2452.0,2697.0,269.0,24.0,2452.0,4327.0,4585.0,415.0,59.0,4327.0,8141.0,26.111133910616818,7.412551274183651,26.651482195865995,26.117743645879656,26.143885421814986,8.385658198930248,2.1720874648751654,9.223540033652071,8.387780932507782,8.346483795920324,14.7980191789442,3.3509899551048092,15.680360049794121,14.801765128450723,14.759527974536502,42.35372977113856,79.3236934988045,pnad_sewer
4,4.0,Sul,2008,12,"1,2,3,4,5,6,7,8,9,10,11,12",285408.0,59.0,115794.0,577.0,285408.0,10032.0,10104.0,1771.0,134.0,10032.0,2986.0,2998.0,60.0,15.0,2986.0,7761.0,7784.0,1058.0,91.0,7761.0,11453.0,35.14968045745039,15.294402127916818,35.40195089135553,35.15694815822028,35.142273890472566,10.462215495010652,0.5181615627752734,10.504260567328176,10.464378708178407,10.40539075348871,27.192650521358896,9.13691555693732,27.273236909967483,27.198272992020296,27.109910092070812,40.57139253279516,76.84385382059801,pnad_sewer
4,4.0,Sul,2009,12,"1,2,3,4,5,6,7,8,9,10,11,12",290199.0,82.0,122010.0,609.0,290199.0,9233.0,9268.0,1593.0,108.0,9233.0,2808.0,2814.0,35.0,25.0,2808.0,6846.0,6853.0,825.0,73.0,6846.0,10465.0,31.816098608196445,13.056306860093436,31.9367055020865,31.825091256286257,31.792141390472427,9.676118801236393,0.2868617326448652,9.696794268760403,9.678853703850516,9.62382224099716,23.59070844489471,6.761740840914679,23.61482982367272,23.597376230968884,23.50592104383456,42.04356321007309,80.81063268892794,pnad_sewer
4,4.0,Sul,2011,12,"1,2,3,4,5,6,7,8,9,10,11,12",291382.0,60.0,125792.0,608.0,291382.0,9235.0,9311.0,1902.0,117.0,9235.0,2104.0,2108.0,44.0,14.0,2104.0,5880.0,5896.0,939.0,86.0,5880.0,9871.0,31.693790282172543,15.120198422793182,31.95461627691484,31.700317861335567,31.632865252887292,7.220761749181487,0.3497837700330705,7.234489433115292,7.2222489204385525,7.1764356456881435,20.17969538269351,7.464703637751208,20.23460611842873,20.183851545712304,20.115112957009053,43.1708204350303,83.43001793059804,pnad_sewer
4,4.0,Sul,2012,12,"1,2,3,4,5,6,7,8,9,10,11,12",291935.0,63.0,125679.0,571.0,291935.0,9064.0,9120.0,1793.0,130.0,9064.0,1919.0,1934.0,43.0,30.0,1919.0,5809.0,5847.0,980.0,98.0,5809.0,9551.0,31.04800726189049,14.266504348379602,31.239830784249918,31.054708913496327,31.029258904733158,6.573381060852587,0.3421414874402247,6.624762361484577,6.574799912290319,6.546264887706311,19.89826502474866,7.797643202126051,20.0284309863497,19.902560026312905,19.862346826369613,43.05033654751914,83.22037379338673,pnad_sewer
4,4.0,Sul,2013,12,"1,2,3,4,5,6,7,8,9,10,11,12",298790.0,45.0,112139.0,582.0,298790.0,9428.0,9487.0,1814.0,137.0,9428.0,1979.0,1997.0,35.0,15.0,1979.0,6226.0,6251.0,1114.0,97.0,6226.0,9931.0,31.55393420127849,16.176352562444823,31.751397302453228,31.55868717468075,31.533865883048172,6.623380969911978,0.31211264591266197,6.68362394993139,6.624378650688715,6.595007923578037,20.83737742226982,9.934099644191583,20.92104822785234,20.840516159266265,20.80378769226778,37.531041868871114,81.36664659843468,pnad_sewer
4,4.0,Sul,2014,12,"1,2,3,4,5,6,7,8,9,10,11,12",304447.0,50.0,98609.0,633.0,304447.0,9114.0,9192.0,1453.0,141.0,9114.0,2052.0,2065.0,28.0,19.0,2052.0,5690.0,5720.0,759.0,105.0,5690.0,9513.0,29.936245060716644,14.734963340060238,30.192447289676036,29.94116236362382,29.78352302445025,6.740089408008619,0.28394974089586145,6.782789779501851,6.741196529532157,6.710810610550189,18.68962413819154,7.697066190712815,18.788163457022076,18.692694080427863,18.60772993305028,32.389545635200875,81.45804944520148,pnad_sewer
4,4.0,Sul,2015,12,"1,2,3,4,5,6,7,8,9,10,11,12",316673.0,87.0,97275.0,786.0,316673.0,9246.0,9456.0,1244.0,198.0,9246.0,1949.0,1999.0,52.0,32.0,1949.0,5694.0,5842.0,578.0,144.0,5694.0,9740.0,29.197310790626293,12.788486250321254,29.860455422470498,29.20533441150272,28.912666610218466,6.154613749830267,0.5345669493703418,6.312505328840792,6.156305079820333,6.127270790320318,17.980693017718593,5.941917244924184,18.448052091589748,17.985634235247293,17.835582978934443,30.71780669649765,87.6547950465585,pnad_sewer
5,5.0,Centro-Oeste,2002,12,"1,2,3,4,5,6,7,8,9,10,11,12",192391.0,41.0,4033.0,344.0,192391.0,6393.0,6486.0,33.0,51.0,6393.0,2401.0,2620.0,6.0,11.0,2401.0,4306.0,4560.0,16.0,38.0,4306.0,6469.0,33.22920510834707,8.182494421026531,33.712595703541226,33.23628801663634,36.01338820726471,12.479793753346051,1.4877262583684603,13.61810063880327,12.482453860150766,13.279154479681345,22.38150433232324,3.967270022315894,23.701732409520197,22.38627501949571,23.98992960329053,2.096251903675328,44.920544835414304,pnad_sewer
5,5.0,Centro-Oeste,2003,12,"1,2,3,4,5,6,7,8,9,10,11,12",196019.0,38.0,19733.0,335.0,196019.0,6757.0,6924.0,194.0,49.0,6757.0,3034.0,3332.0,16.0,13.0,3034.0,4633.0,5000.0,57.0,30.0,4633.0,6873.0,34.47114820502094,9.831247149445092,35.323106433560014,34.477832034738064,36.93033149773332,15.478091409506222,0.8108245071707292,16.998352200551988,15.481092554890525,16.40194899913504,23.63546390911085,2.888562306795723,25.507731393385335,23.640046739224722,24.988954037157704,10.066881271713456,45.3282484336693,pnad_sewer
5,5.0,Centro-Oeste,2004,12,"1,2,3,4,5,6,7,8,9,10,11,12",200684.0,48.0,33019.0,576.0,200684.0,6763.0,6939.0,198.0,149.0,6763.0,2885.0,3173.0,12.0,10.0,2885.0,4732.0,5109.0,45.0,87.0,4732.0,6823.0,33.69974686571924,5.996547442381659,34.576747523469734,33.707809166849415,35.87996950695168,14.375834645512347,0.36342711772010056,15.810926630922246,14.379273908969477,14.920579126374417,23.579358593609854,1.362851691450377,25.457933866177672,23.584999700950977,24.888502075526482,16.45322995355883,41.38388123011665,pnad_sewer
5,5.0,Centro-Oeste,2005,12,"1,2,3,4,5,6,7,8,9,10,11,12",197278.0,57.0,43588.0,594.0,197278.0,7114.0,7411.0,233.0,161.0,7114.0,2941.0,3231.0,27.0,15.0,2941.0,5217.0,5676.0,65.0,91.0,5217.0,7154.0,36.06078731536208,5.345507937964578,37.56627703038352,36.071209455382544,38.5197013619902,14.9078964709699,0.619436542167569,16.377903263415078,14.912205089721683,15.36450217581626,26.44491529719482,1.4912361200330366,28.77158122040978,26.45255829754438,27.90046366143896,22.094708989344984,44.418664604279456,pnad_sewer
5,5.0,Centro-Oeste,2006,12,"1,2,3,4,5,6,7,8,9,10,11,12",189127.0,51.0,48032.0,564.0,189127.0,6321.0,6574.0,230.0,184.0,6321.0,2325.0,2542.0,11.0,16.0,2325.0,4595.0,4942.0,53.0,110.0,4595.0,6387.0,33.42198628434861,4.788474350433044,34.75971172809805,33.431001290486364,35.49175413369052,12.293326706393058,0.22901399067288475,13.440703865656412,12.296642619898877,12.659937713311422,24.29584353371015,1.1034310459693537,26.13058949806215,24.302396919757136,25.61009504167279,25.39669111232135,44.380331159056695,pnad_sewer
5,5.0,Centro-Oeste,2007,12,"1,2,3,4,5,6,7,8,9,10,11,12",182259.0,38.0,50537.0,471.0,182259.0,6113.0,6315.0,284.0,161.0,6113.0,1876.0,2113.0,23.0,15.0,1876.0,4194.0,4560.0,70.0,89.0,4194.0,6185.0,33.540181829155216,5.6196450125650514,34.64849472454035,33.547176231060085,35.51097504944506,10.293044513576833,0.45511209608801473,11.593391821528703,10.295191004329908,10.562935974634014,23.011209322996397,1.3851237707026536,25.019340608694222,23.01600803420023,24.310421674847245,27.728123165385522,47.15719063545151,pnad_sewer
5,5.0,Centro-Oeste,2008,12,"1,2,3,4,5,6,7,8,9,10,11,12",178360.0,55.0,58325.0,481.0,178360.0,7261.0,7432.0,1048.0,174.0,7261.0,1854.0,1872.0,21.0,9.0,1854.0,5807.0,5884.0,455.0,88.0,5807.0,8324.0,40.70980040367795,17.968281183026146,41.66853554608657,40.7223577577746,42.31532460830495,10.394707333482843,0.3600514359194171,10.495626822157435,10.397913687221335,10.642346391006338,32.557748374074905,7.801114444920703,32.98945952007176,32.56779114438743,33.78845588843214,32.70071764969724,48.178421298458666,pnad_sewer
5,5.0,Centro-Oeste,2009,12,"1,2,3,4,5,6,7,8,9,10,11,12",178307.0,60.0,59803.0,508.0,178307.0,7034.0,7101.0,679.0,159.0,7034.0,1880.0,1886.0,8.0,16.0,1880.0,4972.0,5004.0,249.0,90.0,4972.0,7389.0,39.448815806446184,11.353945454241426,39.82457222655308,39.462094733712206,40.87055104143314,10.5436129821039,0.13377255321639384,10.577262810770188,10.547162084074346,10.789961801521072,27.884491354798186,4.163670718860258,28.06395710768506,27.893877596817898,28.84357844919207,33.53934506216806,46.12579762989973,pnad_sewer
5,5.0,Centro-Oeste,2011,12,"1,2,3,4,5,6,7,8,9,10,11,12",172866.0,43.0,55169.0,466.0,172866.0,5558.0,5598.0,592.0,117.0,5558.0,1376.0,1391.0,12.0,21.0,1376.0,3775.0,3807.0,185.0,83.0,3775.0,5789.0,32.152071546747194,10.730663959832514,32.38346464891882,32.16007128680789,32.97314679735851,7.9599227147038745,0.21751345864525368,8.046695128018234,7.961903218900262,8.072025086727473,21.83772401744704,3.353332487447661,22.02283849918434,21.843157450107913,22.355581300635777,31.91431513426585,59.8557182261829,pnad_sewer
5,5.0,Centro-Oeste,2012,12,"1,2,3,4,5,6,7,8,9,10,11,12",170802.0,40.0,51658.0,485.0,170802.0,4809.0,4861.0,566.0,123.0,4809.0,1370.0,1380.0,11.0,11.0,1370.0,3020.0,3061.0,145.0,80.0,3020.0,4946.0,28.155408016299575,10.956676603817414,28.459854100069087,28.16200325599372,28.748855041348715,8.020983360850575,0.21293894459715823,8.079530684652404,8.022862229301602,8.131467276386143,17.681291788152365,2.8069224515079947,17.921335815739862,17.68543352736557,17.992096329182807,30.244376529548834,60.17316017316017,pnad_sewer
5,5.0,Centro-Oeste,2013,12,"1,2,3,4,5,6,7,8,9,10,11,12",179615.0,44.0,38180.0,602.0,179615.0,5411.0,5486.0,562.0,242.0,5411.0,1672.0,1687.0,6.0,16.0,1672.0,3422.0,3461.0,170.0,104.0,3422.0,5723.0,30.125546307379672,14.719748559455212,30.543106088021602,30.13292792266012,30.550450737239824,9.30879937644406,0.1571503404924044,9.392311332572447,9.311080296929905,9.383797442628294,19.051860924755726,4.452592980618125,19.26899201068953,19.056529172305105,19.277914826517513,21.25657656654511,59.06631937487477,pnad_sewer
5,5.0,Centro-Oeste,2014,12,"1,2,3,4,5,6,7,8,9,10,11,12",181021.0,90.0,29015.0,622.0,181021.0,4977.0,5065.0,337.0,164.0,4977.0,1560.0,1568.0,9.0,19.0,1560.0,3028.0,3058.0,101.0,81.0,3028.0,5302.0,27.494047651929886,11.614682061002929,27.980179095243095,27.507723938960154,27.879354128121374,8.617784676915939,0.3101843873858349,8.661978444489867,8.622071397383532,8.695025718648292,16.727341026731704,3.480958125107703,16.893067655133933,16.735661661075216,16.91999783856714,16.02852707696897,60.02337814143775,pnad_sewer
5,5.0,Centro-Oeste,2015,12,"1,2,3,4,5,6,7,8,9,10,11,12",187233.0,97.0,30428.0,602.0,187233.0,5657.0,6075.0,557.0,169.0,5657.0,1720.0,1868.0,16.0,14.0,1720.0,3329.0,3513.0,131.0,87.0,3329.0,5954.0,30.213690962597404,18.305508084658868,32.44620339363253,30.22935191518468,30.469603022174205,9.186414787991433,0.5258314710135401,9.976873734865114,9.191176470588236,9.273614258564063,17.779985365827606,4.30524516892336,18.76271811058948,17.78920143638851,17.928774132180983,16.251408672616474,71.16011505273251,pnad_sewer
1,1.0,Norte,2016,12,"1,2,3,4,5,6,7,8,9,10,11,12",281056.0,185.0,30183.0,317.0,281056.0,11534.0,11699.0,433.0,103.0,11534.0,2776.0,2825.0,4.0,22.0,2776.0,7751.0,7825.0,98.0,71.0,7751.0,11988.0,41.038084936809746,14.3458238081039,41.62515655243083,41.06511530204258,42.19750267262426,9.877035181600819,0.1325249312526919,10.051377661391324,9.883540842593218,9.88766021389293,27.57813389502448,3.246860815690952,27.841426619606057,27.596298656678687,28.208589396198942,10.739140954115905,24.28619415518979,pnadc_education
1,1.0,Norte,2017,12,"1,2,3,4,5,6,7,8,9,10,11,12",292186.0,131.0,36417.0,420.0,292186.0,12748.0,12871.0,720.0,149.0,12748.0,2994.0,3029.0,14.0,28.0,2994.0,7988.0,8048.0,167.0,114.0,7988.0,13362.0,43.629742698144334,19.770986077930637,44.0507074260916,43.64931262947048,44.343215153876805,10.246897524179804,0.3844358404042068,10.36668423538431,10.25149372549691,10.225604972088847,27.338749974331417,4.585770381964467,27.544098622110575,27.35101265172656,27.689684083706045,12.463636176955776,21.90693629049793,pnadc_education
1,1.0,Norte,2018,12,"1,2,3,4,5,6,7,8,9,10,11,12",298679.0,146.0,36265.0,622.0,298679.0,13425.0,13522.0,630.0,222.0,13425.0,3270.0,3305.0,15.0,42.0,3270.0,8014.0,8089.0,152.0,148.0,8014.0,13765.0,44.94792067738274,17.37212188060113,45.272684052109454,44.96990282481334,45.54992766849102,10.94820861192116,0.41362194953812215,11.065391272905025,10.953562922691964,10.913353295460004,26.831481289277118,4.191369088652971,27.0825869913854,26.844603444175352,27.071922440485064,12.141797715942534,20.751154007553502,pnadc_education
1,1.0,Norte,2019,12,"1,2,3,4,5,6,7,8,9,10,11,12",305685.0,149.0,24283.0,666.0,305685.0,13347.0,13418.0,281.0,252.0,13347.0,3444.0,3468.0,8.0,62.0,3444.0,7675.0,7725.0,132.0,160.0,7675.0,13694.0,43.6625938466068,11.571881563233537,43.89485908696861,43.68388667783829,44.039469200674255,11.266499828254576,0.32944858543013633,11.345012022179695,11.27199413489736,11.274684344371392,25.107545348970344,5.435901659597249,25.271112419647675,25.11978948470884,25.26918623129445,7.943798354515269,19.987501301947717,pnadc_education
1,1.0,Norte,2022,12,"1,2,3,4,5,6,7,8,9,10,11,12",282937.0,129.0,23038.0,1207.0,282937.0,13180.0,13282.0,417.0,539.0,13180.0,3431.0,3448.0,16.0,30.0,3431.0,6689.0,6746.0,109.0,181.0,6689.0,13675.0,46.58280818698155,18.100529559857627,46.94331246885349,46.60405646233487,46.48962010872507,12.126374422574637,0.6945047313134821,12.186458469553292,12.131905745240587,12.110650385690462,23.641305308248832,4.731313482073096,23.842763583412562,23.652089049814716,23.605923938235637,8.14244867231928,18.330893118594435,pnadc_education
1,1.0,Norte,2023,12,"1,2,3,4,5,6,7,8,9,10,11,12",280630.0,147.0,28927.0,1021.0,280630.0,12514.0,12600.0,662.0,447.0,12514.0,3426.0,3437.0,22.0,38.0,3426.0,6430.0,6480.0,184.0,146.0,6430.0,13211.0,44.592523963938284,22.885193763611852,44.898977301072584,44.615894724457455,44.407217417184626,12.20824573281545,0.7605351401804542,12.247443252681467,12.214644024771555,12.175905135697489,22.912732067134662,6.360839354236527,23.090902611980187,22.92474053685963,22.837301123295816,10.307878701493069,18.205324650450105,pnadc_education
1,1.0,Norte,2024,12,"1,2,3,4,5,6,7,8,9,10,11,12",268193.0,105.0,30454.0,1271.0,268193.0,11721.0,11769.0,648.0,516.0,11721.0,3350.0,3364.0,20.0,44.0,3350.0,6163.0,6198.0,218.0,145.0,6163.0,12683.0,43.70360151085226,21.27799303868129,43.882577099327726,43.72071857002178,43.30186878452049,12.49100461235006,0.6567281802062126,12.543205825655406,12.49589686968458,12.382515958905852,22.979719828630873,7.158337164247718,23.110222861894233,22.988720121751065,22.813724651742888,11.355255357149515,17.402694610778443,pnadc_education
1,1.0,Norte,2025,12,"1,2,3,4,5,6,7,8,9,10,11,12",286451.0,136.0,27354.0,1708.0,286451.0,12957.0,13086.0,598.0,672.0,12957.0,4067.0,4090.0,28.0,43.0,4067.0,6993.0,7062.0,140.0,179.0,6993.0,14277.0,45.23286705230563,21.861519339036338,45.68320585370622,45.25435272339905,44.896753083430276,14.197890738730184,1.0236162901221029,14.278183703320988,14.204634755426715,14.067431450456587,24.412552234064464,5.118081450610514,24.65343112783687,24.424148228349896,24.241538884975988,9.54927718876876,16.628111409271767,pnadc_education
2,2.0,Nordeste,2016,12,"1,2,3,4,5,6,7,8,9,10,11,12",732644.0,273.0,41636.0,4051.0,732644.0,31718.0,33078.0,491.0,2003.0,31718.0,8044.0,8121.0,19.0,126.0,8044.0,16630.0,17040.0,134.0,543.0,16630.0,34104.0,43.292513144173704,11.792679412047267,45.1488035116646,43.308650943306056,43.42609455164502,10.979411555953506,0.4563358631953118,11.0845103488188,10.983504262184058,10.999173894968209,22.698609420127646,3.218368719377462,23.258226369150638,22.707070596733075,22.732983896957435,5.682978363297863,30.44830911862614,pnadc_education
2,2.0,Nordeste,2017,12,"1,2,3,4,5,6,7,8,9,10,11,12",758624.0,289.0,46131.0,4673.0,758624.0,34539.0,35787.0,735.0,2398.0,34539.0,7784.0,7897.0,27.0,148.0,7784.0,16263.0,16658.0,252.0,572.0,16263.0,36672.0,45.52848314843717,15.932886778955583,47.17356687898089,45.545833965200075,45.43834622876691,10.260682498840005,0.5852897184106133,10.409636394313916,10.264592825070714,10.25837868886855,21.437497363647868,5.462704038499057,21.958176909773485,21.445667152379883,21.406809574028124,6.080878010714135,28.791074430689285,pnadc_education
2,2.0,Nordeste,2018,12,"1,2,3,4,5,6,7,8,9,10,11,12",789002.0,327.0,45767.0,4577.0,789002.0,36654.0,38197.0,885.0,2293.0,36654.0,7737.0,7844.0,24.0,123.0,7737.0,15964.0,16381.0,183.0,534.0,15964.0,38530.0,46.45615600467426,19.33707693316145,48.41179109812143,46.47541763083653,45.95118568878398,9.806058793260346,0.5243953066620054,9.94167315165234,9.810124576029416,9.752472613417405,20.233155302521414,3.998514213297791,20.761671073077128,20.24154436237994,20.070479894672047,5.800619009837744,27.400348704382854,pnadc_education
2,2.0,Nordeste,2019,12,"1,2,3,4,5,6,7,8,9,10,11,12",779342.0,323.0,20097.0,5493.0,779342.0,38670.0,40478.0,408.0,2604.0,38670.0,8672.0,8805.0,8.0,208.0,8672.0,16922.0,17402.0,99.0,671.0,16922.0,40441.0,49.61878097164018,20.301537542916854,51.938686738299744,49.63935411074698,48.78353602724968,11.127335624154735,0.39806936358660494,11.29799240898091,11.131949284934,11.042772632861801,21.713188818259507,4.926108374384237,22.32909300409833,21.722191628188785,21.46611384288292,2.5787138380839223,26.99907883398211,pnadc_education
2,2.0,Nordeste,2022,12,"1,2,3,4,5,6,7,8,9,10,11,12",701089.0,270.0,37249.0,6401.0,701089.0,39372.0,40902.0,2144.0,2898.0,39372.0,7739.0,7940.0,48.0,273.0,7739.0,15370.0,15861.0,306.0,900.0,15370.0,41495.0,56.15834794155949,57.558592176971196,58.34066716208641,56.179983704779694,54.190472777679965,11.038541469057424,1.2886251979918923,11.32523830783253,11.042794216481003,10.815010205377863,21.923036875489416,8.214985637198314,22.623375919462436,21.931483022007107,21.43999442278736,5.3130201729024416,24.422611419621244,pnadc_education
2,2.0,Nordeste,2023,12,"1,2,3,4,5,6,7,8,9,10,11,12",699972.0,284.0,57283.0,7106.0,699972.0,39113.0,40951.0,3079.0,2991.0,39113.0,8261.0,8496.0,50.0,239.0,8261.0,15019.0,15576.0,457.0,834.0,15019.0,41563.0,55.87794940369044,53.75067646596722,58.50376872217746,55.90062999508352,53.792092809661995,11.80190064745447,0.8728593125360055,12.137628362277349,11.806690982266382,11.564764748041435,21.45657254861623,7.97793411657909,22.25231866417514,21.465281668400774,21.031239327782718,8.183613058808067,23.7417943107221,pnadc_education
2,2.0,Nordeste,2024,12,"1,2,3,4,5,6,7,8,9,10,11,12",682214.0,254.0,61421.0,7140.0,682214.0,37758.0,40434.0,2828.0,2680.0,37758.0,7956.0,8223.0,70.0,272.0,7956.0,14527.0,15395.0,416.0,881.0,14527.0,40081.0,55.34626964559508,46.042884355513586,59.26879249033295,55.36688368819286,53.16904970963279,11.662029802965051,1.1396753553344947,12.053402598011768,11.666373394333979,11.356866101453107,21.293904845107253,6.772927825987854,22.566232882937026,21.301835884802628,20.735870888761102,9.003186683357422,23.13875491989578,pnadc_education
2,2.0,Nordeste,2025,12,"1,2,3,4,5,6,7,8,9,10,11,12",690468.0,287.0,86717.0,7767.0,690468.0,40434.0,42910.0,4623.0,3130.0,40434.0,8610.0,8846.0,207.0,307.0,8610.0,14845.0,15895.0,807.0,845.0,14845.0,43133.0,58.56028085298667,53.311346102840275,62.14625442453524,58.58463214721935,56.658116415834364,12.469803090078035,2.3870751986346392,12.81160024794777,12.474988445060063,12.219403595293008,21.49991020583141,9.30613374540171,23.020617899743364,21.50885057687766,21.076376100339676,12.559162770758384,22.18555688884041,pnadc_education
3,3.0,Sudeste,2016,12,"1,2,3,4,5,6,7,8,9,10,11,12",866019.0,308.0,170911.0,4440.0,866019.0,28234.0,32530.0,3378.0,1445.0,28234.0,7238.0,7987.0,142.0,200.0,7238.0,16685.0,18835.0,1187.0,738.0,16685.0,30208.0,32.60205607498219,19.76467284142039,37.562686269007955,32.61365513433467,32.046250928202944,8.357784298035032,0.8308417831502946,9.22266139657444,8.360757804856355,8.317114503474977,19.266320946769067,6.945135187319716,21.74894546193559,19.273175459246794,19.082183327801456,19.735248302866335,12.930800787956557,pnadc_education
3,3.0,Sudeste,2017,12,"1,2,3,4,5,6,7,8,9,10,11,12",894711.0,332.0,184080.0,5094.0,894711.0,30734.0,36691.0,3809.0,1703.0,30734.0,7154.0,8092.0,210.0,238.0,7154.0,16717.0,19112.0,1373.0,813.0,16717.0,32445.0,34.350756836565104,20.692090395480225,41.008772665139915,34.363508087734616,33.50205709147666,7.99587799859396,1.1408083441981747,9.044261219544635,7.998846126753871,7.943496554587367,18.684245527326702,7.458713602781399,21.361087546705026,18.69118125537384,18.407387951857093,20.574241291322004,11.637444705123842,pnadc_education
3,3.0,Sudeste,2018,12,"1,2,3,4,5,6,7,8,9,10,11,12",903984.0,306.0,178958.0,5502.0,903984.0,31701.0,37786.0,3606.0,1785.0,31701.0,7179.0,8132.0,189.0,217.0,7179.0,16863.0,19327.0,1376.0,746.0,16863.0,33410.0,35.06809855041682,20.149979324757766,41.79941237898016,35.079973176286245,34.02143221898367,7.941512239154675,1.0561137250081025,8.99573443777766,7.944201363760101,7.883116054266209,18.654091222853502,7.68895495032354,21.37980318235721,18.660407800123494,18.34951462013681,19.79658932016496,11.136738640597557,pnadc_education
3,3.0,Sudeste,2019,12,"1,2,3,4,5,6,7,8,9,10,11,12",886670.0,340.0,97079.0,6343.0,886670.0,31794.0,38476.0,1630.0,2095.0,31794.0,7348.0,8378.0,102.0,248.0,7348.0,16851.0,19494.0,687.0,900.0,16851.0,33427.0,35.85775993323333,16.79044901575006,43.39382182773749,35.871515124163686,34.59309318242981,8.287186890274848,1.0506906746052185,9.448836658508803,8.290365890808165,8.196430008251358,19.00481577136928,7.076710720135147,21.985631632963784,19.012106100436633,18.629528715231597,10.948718237901362,10.611083967334404,pnadc_education
3,3.0,Sudeste,2022,12,"1,2,3,4,5,6,7,8,9,10,11,12",798623.0,249.0,90488.0,7255.0,798623.0,30498.0,38127.0,1767.0,2460.0,30498.0,6372.0,7705.0,137.0,250.0,6372.0,15713.0,19700.0,582.0,926.0,15713.0,32489.0,38.18823149345811,19.527451153744142,47.74092406554782,38.20014178818448,36.44465732694255,7.978733394855896,1.514012907788878,9.64785637278165,7.981221833376337,7.80415811664473,19.6751157930588,6.431792060825745,24.667458863568918,19.681252144984683,19.10844354486129,11.330502627647839,10.088525419441869,pnadc_education
3,3.0,Sudeste,2023,12,"1,2,3,4,5,6,7,8,9,10,11,12",800726.0,266.0,110547.0,8003.0,800726.0,30129.0,37650.0,1888.0,2624.0,30129.0,6554.0,7931.0,70.0,315.0,6554.0,15356.0,19766.0,524.0,1039.0,15356.0,32128.0,37.62710340366118,17.078708603580377,47.01982950472446,37.63960722584514,35.90107934042467,8.185072047117242,0.6332148317005437,9.90476142900318,8.187792019588736,8.063609490781742,19.17759633132932,4.7400653115869265,24.685098273316964,19.183969217699822,18.711522722186672,13.80584619457842,10.241758976158254,pnadc_education
3,3.0,Sudeste,2024,12,"1,2,3,4,5,6,7,8,9,10,11,12",769186.0,284.0,118703.0,8763.0,769186.0,29643.0,37312.0,1895.0,2799.0,29643.0,7296.0,8731.0,123.0,362.0,7296.0,15978.0,19979.0,532.0,1175.0,15978.0,32218.0,38.53814291991794,15.96421320438405,48.50842319022967,38.55237728605206,36.92452501029414,9.485352047489163,1.0361995905747958,11.350960625908428,9.488855536856452,9.351392623350801,20.772608965841812,4.4817738389088735,25.97421169912089,20.780281492309815,20.244976106741618,15.432288159170863,9.990744719531948,pnadc_education
3,3.0,Sudeste,2025,12,"1,2,3,4,5,6,7,8,9,10,11,12",783436.0,262.0,140984.0,9116.0,783436.0,32007.0,40595.0,2044.0,2950.0,32007.0,8170.0,9763.0,296.0,420.0,8170.0,17353.0,22056.0,807.0,1355.0,17353.0,35005.0,40.85464543370486,14.498099075072348,51.81661297157649,40.86831278872894,39.35122781029263,10.428420445320358,2.099529024570164,12.461770967890166,10.431909128750444,10.270425219236703,22.149862911584353,5.724053793338251,28.15290591701173,22.15727284102894,21.66307130195836,17.99559887470068,9.037771992730487,pnadc_education
4,4.0,Sul,2016,12,"1,2,3,4,5,6,7,8,9,10,11,12",316220.0,115.0,97080.0,830.0,316220.0,10311.0,10505.0,1771.0,209.0,10311.0,2039.0,2101.0,49.0,29.0,2039.0,5675.0,5831.0,755.0,131.0,5675.0,10650.0,32.60704572765796,18.242686444169756,33.220542660173294,32.61890827414941,32.05846540154154,6.4480425020555305,0.5047383601153688,6.644108532034659,6.450388320336597,6.3918650476584835,17.946366453734743,7.777091058920478,18.439693884004807,17.95289539868082,17.72242165981803,30.70014546834482,14.34021061680636,pnadc_education
4,4.0,Sul,2017,12,"1,2,3,4,5,6,7,8,9,10,11,12",319499.0,63.0,102389.0,861.0,319499.0,10496.0,10713.0,1693.0,276.0,10496.0,2057.0,2118.0,68.0,36.0,2057.0,5624.0,5752.0,668.0,164.0,5624.0,10750.0,32.8514330248295,16.534979343484164,33.53062137909665,32.85791207002342,32.07025441147021,6.438204814412565,0.6641338425026125,6.629128729667386,6.439474573936563,6.399323331551928,17.602559006444466,6.524138335172724,18.00318623845458,17.606030628983582,17.338166825902054,32.04673567053418,13.111731549280936,pnadc_education
4,4.0,Sul,2018,12,"1,2,3,4,5,6,7,8,9,10,11,12",325906.0,87.0,102215.0,908.0,325906.0,10881.0,11100.0,1855.0,274.0,10881.0,2067.0,2133.0,107.0,37.0,2067.0,5736.0,5868.0,770.0,187.0,5736.0,11253.0,33.38692751897786,18.1480213275938,34.05890041913926,33.395842476958066,32.45150061678902,6.342319564537013,1.0468130900552757,6.544831945407571,6.344013087020707,6.264333967492667,17.60016691929575,7.533140928435161,18.005191681036862,17.604866505636565,17.272971382532305,31.363337894975853,12.422295897223371,pnadc_education
4,4.0,Sul,2019,12,"1,2,3,4,5,6,7,8,9,10,11,12",322666.0,62.0,55482.0,945.0,322666.0,10538.0,10792.0,860.0,271.0,10538.0,1915.0,1989.0,49.0,20.0,1915.0,5243.0,5398.0,353.0,173.0,5243.0,10913.0,32.65915838669088,15.500522692044267,33.44635009576466,32.66543502250437,31.539356307586587,5.934929617623177,0.8831693161746151,6.1642689344399475,5.936070228515455,5.935890133151703,16.249000514463873,6.362423849176309,16.7293734077963,16.25212334626973,15.937861032687552,17.194870237335202,11.58844213423024,pnadc_education
4,4.0,Sul,2022,12,"1,2,3,4,5,6,7,8,9,10,11,12",307046.0,67.0,54672.0,994.0,307046.0,10113.0,10534.0,1006.0,243.0,10113.0,1701.0,1737.0,34.0,47.0,1701.0,4868.0,4967.0,319.0,154.0,4868.0,10542.0,32.936432977469174,18.400643839625403,34.30756303615745,32.94362155065982,31.340378161780162,5.539886531659751,0.6218905472636815,5.657132807462074,5.541095644978973,5.423186385989955,15.854301961269647,5.834796605209248,16.176729219726035,15.857762257353109,15.354298954589389,17.805801085179418,11.137277990383671,pnadc_education
4,4.0,Sul,2023,12,"1,2,3,4,5,6,7,8,9,10,11,12",310617.0,74.0,62867.0,1167.0,310617.0,10587.0,10911.0,1156.0,311.0,10587.0,1776.0,1825.0,58.0,35.0,1776.0,4843.0,4960.0,379.0,203.0,4843.0,10983.0,34.08377519581993,18.388025514180733,35.12686041008702,34.09189709637635,32.491627078119514,5.717652285612185,0.9225825950021473,5.875402827276035,5.719014758020628,5.597535427114704,15.59154843424539,6.028600060445067,15.968218094952949,15.595263779895216,15.062050770323923,20.239394495471917,11.424145609449123,pnadc_education
4,4.0,Sul,2024,12,"1,2,3,4,5,6,7,8,9,10,11,12",292387.0,99.0,61999.0,1132.0,292387.0,10197.0,10517.0,1161.0,292.0,10197.0,2277.0,2328.0,63.0,41.0,2277.0,5150.0,5263.0,344.0,161.0,5150.0,11111.0,34.87501154292085,18.726108485620735,35.96945144619973,34.88682395445588,33.13653656751971,7.7876239367687345,1.01614542170035,7.962050296353805,7.790261659732866,7.616494113038693,17.61364219339437,5.54847658833207,18.000116284239724,17.619608057806,17.00128771902243,21.2044311135584,10.876406637421324,pnadc_education
4,4.0,Sul,2025,12,"1,2,3,4,5,6,7,8,9,10,11,12",303541.0,62.0,71849.0,1308.0,303541.0,10786.0,11093.0,1450.0,368.0,10786.0,2486.0,2554.0,140.0,41.0,2486.0,5319.0,5457.0,454.0,191.0,5319.0,11715.0,35.533914693566935,20.181213378056757,36.54531018873892,35.54117418338666,33.84415777455341,8.189997397386184,1.9485309468468595,8.414019852342847,8.191670593352423,7.949582301677325,17.523168204624746,6.318807499060529,17.97780201027209,17.526748144023145,16.833288990513665,23.6702784796782,9.93147470196189,pnadc_education
5,5.0,Centro-Oeste,2016,12,"1,2,3,4,5,6,7,8,9,10,11,12",181416.0,79.0,28097.0,764.0,181416.0,5919.0,6284.0,406.0,275.0,5919.0,1735.0,1887.0,12.0,22.0,1735.0,3381.0,3561.0,111.0,141.0,3381.0,6220.0,32.626670194470165,14.449941274869204,34.63862062883097,32.64088409977004,32.75428419876884,9.563654804427394,0.4270918603409617,10.401508135996824,9.567821238908772,9.598502782590003,18.636724434449,3.9505997081538955,19.628919169202277,18.64484357853058,18.70615071993302,15.487608590201527,18.21609393515028,pnadc_education
5,5.0,Centro-Oeste,2017,12,"1,2,3,4,5,6,7,8,9,10,11,12",187539.0,49.0,27516.0,860.0,187539.0,5982.0,6236.0,393.0,230.0,5982.0,1615.0,1744.0,7.0,31.0,1615.0,3254.0,3410.0,103.0,117.0,3254.0,6313.0,31.897365348007614,14.28259921500218,33.251750302603725,31.905701637420663,31.77422169467512,8.61154213256976,0.25439744148858845,9.2993990583292,8.613792735612567,8.614016502390879,17.351057646676157,3.743276639046373,18.182884626664322,17.355592298255907,17.350501675831836,14.67214819317582,16.033976510067113,pnadc_education
5,5.0,Centro-Oeste,2018,12,"1,2,3,4,5,6,7,8,9,10,11,12",196194.0,81.0,26848.0,903.0,196194.0,6792.0,6969.0,473.0,266.0,6792.0,1631.0,1739.0,13.0,22.0,1631.0,3361.0,3494.0,133.0,117.0,3361.0,7091.0,34.618795681825134,17.617699642431464,35.52096394385149,34.633094185495096,34.22924454871913,8.313200199802237,0.484207389749702,8.863675749513236,8.316633777465032,8.293817244325961,17.131002986839558,4.953814064362336,17.808903432316992,17.138078556750443,17.04848725984607,13.684414406149015,15.131240349974266,pnadc_education
5,5.0,Centro-Oeste,2019,12,"1,2,3,4,5,6,7,8,9,10,11,12",198592.0,64.0,12087.0,903.0,198592.0,7222.0,7399.0,202.0,321.0,7222.0,1927.0,2005.0,4.0,46.0,1927.0,3906.0,4022.0,58.0,131.0,3906.0,7475.0,36.366016757976155,16.712170100107553,37.25729133097003,36.37774016763378,35.730315204526136,9.703311311633902,0.33093406138826836,10.096076377699001,9.706439393939394,9.63183185011491,19.66846600064454,4.798543890129892,20.252578150177246,19.67480657640232,19.463475488499874,6.086347889139542,14.58291049320073,pnadc_education
5,5.0,Centro-Oeste,2022,12,"1,2,3,4,5,6,7,8,9,10,11,12",191463.0,109.0,13726.0,1068.0,191463.0,7245.0,7388.0,628.0,339.0,7245.0,1718.0,1766.0,15.0,42.0,1718.0,3585.0,3678.0,84.0,174.0,3585.0,7635.0,37.840209335485184,45.75258633250765,38.58708993382533,37.86176406032798,36.81932145517688,8.97301306257606,1.0928165525280489,9.223714242438486,8.978124314098476,8.840325882695812,18.72424437097507,6.119772694157074,19.209977906958525,18.734910166497695,18.507026566579132,7.169009155816006,13.067852310071526,pnadc_education
5,5.0,Centro-Oeste,2023,12,"1,2,3,4,5,6,7,8,9,10,11,12",195638.0,78.0,16295.0,1076.0,195638.0,7150.0,7342.0,551.0,331.0,7150.0,1624.0,1670.0,19.0,43.0,1624.0,3525.0,3644.0,99.0,154.0,3525.0,7608.0,36.547092078226115,33.81405339061062,37.5284965088582,36.56166905297607,35.33944449140509,8.301045809096392,1.1660018410555386,8.536173953935329,8.304356719165474,8.153481025427624,18.01797196863595,6.075483277078859,18.62623825637146,18.025158519124567,17.701340461805984,8.329158956848874,12.25909560966438,pnadc_education
5,5.0,Centro-Oeste,2024,12,"1,2,3,4,5,6,7,8,9,10,11,12",193222.0,223.0,19090.0,1202.0,193222.0,6908.0,7061.0,636.0,378.0,6908.0,1696.0,1749.0,29.0,48.0,1696.0,3549.0,3653.0,136.0,195.0,3549.0,7457.0,35.75162248605231,33.31587218438973,36.54345778431028,35.79293156959363,34.69291015512661,8.77746840421898,1.5191199580932426,9.051764291850825,8.787610298498956,8.536005838830368,18.36747368312097,7.1241487689889995,18.905714670172134,18.388696314488676,17.971820789590563,9.879827348852615,11.221945137157109,pnadc_education
5,5.0,Centro-Oeste,2025,12,"1,2,3,4,5,6,7,8,9,10,11,12",200828.0,70.0,18159.0,1085.0,200828.0,7210.0,7368.0,557.0,340.0,7210.0,1594.0,1617.0,30.0,60.0,1594.0,3531.0,3594.0,111.0,193.0,3531.0,7734.0,35.90136833509272,30.673495236521834,36.68811121955106,35.91388637065522,34.85888954391588,7.937140239408848,1.6520733520568314,8.051666102336327,7.939907749628906,7.750168236464779,17.582209652040554,6.1126714026102755,17.895910928754954,17.588340190677332,17.187421266540422,9.042065847391799,10.722080756638778,pnadc_education
1,1.0,Norte,2012,12,"1,2,3,4,5,6,7,8,9,10,11,12",269399.0,79.0,70271.0,288.0,269399.0,11997.0,12143.0,1100.0,162.0,11997.0,2630.0,2645.0,13.0,8.0,2630.0,8528.0,8577.0,327.0,46.0,8528.0,12399.0,44.53245928900998,15.653683596362653,45.074406363794964,44.5455220555473,46.27875219038725,9.76247127866102,0.1849980788661041,9.818150772645778,9.765334917570177,9.748255523325335,31.655648313468127,4.65341321455508,31.837534660485005,31.66493390761919,32.827097821196865,26.084358145353175,2349.0,pnadc_income_real
1,1.0,Norte,2013,12,"1,2,3,4,5,6,7,8,9,10,11,12",285041.0,86.0,57151.0,290.0,285041.0,12498.0,12704.0,906.0,151.0,12498.0,3039.0,3076.0,8.0,15.0,3039.0,9007.0,9079.0,240.0,63.0,9007.0,12962.0,43.84632386218123,15.852740984409722,44.56902691191794,43.85955677212191,45.164273918205325,10.661624117232257,0.13998005284246995,10.791430004806326,10.66484181712902,10.765005096684272,31.5989629562063,4.1994015852740985,31.851558196890974,31.60849958765419,32.56020972535845,20.050098056069128,2316.0,pnadc_income_real
1,1.0,Norte,2014,12,"1,2,3,4,5,6,7,8,9,10,11,12",282881.0,69.0,47708.0,253.0,282881.0,12281.0,12586.0,571.0,89.0,12281.0,3019.0,3095.0,5.0,14.0,3019.0,8386.0,8517.0,142.0,58.0,8386.0,12787.0,43.414015080546235,11.968642575668651,44.49220697042219,43.42460715952647,44.96198609230524,10.672332182083633,0.10480422570638048,10.940996390708461,10.67493599988685,10.823317266007855,29.644974388523796,2.976440010061206,30.10806664286396,29.65220711992419,30.61973690756034,16.86504219088592,2336.0,pnadc_income_real
1,1.0,Norte,2015,12,"1,2,3,4,5,6,7,8,9,10,11,12",288723.0,105.0,37549.0,291.0,288723.0,11458.0,11607.0,481.0,110.0,11458.0,2987.0,3017.0,16.0,16.0,2987.0,7764.0,7823.0,137.0,76.0,7764.0,11990.0,39.68509609556565,12.809928360275906,40.20116166706497,39.69953363962053,40.84237345311777,10.34555612126502,0.4261098830861008,10.449461941029984,10.349319862240055,10.41951855869151,26.890826155172952,3.6485658739247384,27.09517426737738,26.900609109618944,27.606929878950055,13.005198754515574,2283.0,pnadc_income_real
1,1.0,Norte,2016,12,"1,2,3,4,5,6,7,8,9,10,11,12",281056.0,185.0,30183.0,317.0,281056.0,11534.0,11699.0,433.0,103.0,11534.0,2776.0,2825.0,4.0,22.0,2776.0,7751.0,7825.0,98.0,71.0,7751.0,11988.0,41.038084936809746,14.3458238081039,41.62515655243083,41.06511530204258,42.19750267262426,9.877035181600819,0.1325249312526919,10.051377661391324,9.883540842593218,9.88766021389293,27.57813389502448,3.246860815690952,27.841426619606057,27.596298656678687,28.208589396198942,10.739140954115905,2115.0,pnadc_income_real
1,1.0,Norte,2017,12,"1,2,3,4,5,6,7,8,9,10,11,12",292186.0,131.0,36417.0,420.0,292186.0,12748.0,12871.0,720.0,149.0,12748.0,2994.0,3029.0,14.0,28.0,2994.0,7988.0,8048.0,167.0,114.0,7988.0,13362.0,43.629742698144334,19.770986077930637,44.0507074260916,43.64931262947048,44.343215153876805,10.246897524179804,0.3844358404042068,10.36668423538431,10.25149372549691,10.225604972088847,27.338749974331417,4.585770381964467,27.544098622110575,27.35101265172656,27.689684083706045,12.463636176955776,2178.0,pnadc_income_real
1,1.0,Norte,2018,12,"1,2,3,4,5,6,7,8,9,10,11,12",298679.0,146.0,36265.0,622.0,298679.0,13425.0,13522.0,630.0,222.0,13425.0,3270.0,3305.0,15.0,42.0,3270.0,8014.0,8089.0,152.0,148.0,8014.0,13765.0,44.94792067738274,17.37212188060113,45.272684052109454,44.96990282481334,45.54992766849102,10.94820861192116,0.41362194953812215,11.065391272905025,10.953562922691964,10.913353295460004,26.831481289277118,4.191369088652971,27.0825869913854,26.844603444175352,27.071922440485064,12.141797715942534,2340.0,pnadc_income_real
1,1.0,Norte,2019,12,"1,2,3,4,5,6,7,8,9,10,11,12",305685.0,149.0,24283.0,666.0,305685.0,13347.0,13418.0,281.0,252.0,13347.0,3444.0,3468.0,8.0,62.0,3444.0,7675.0,7725.0,132.0,160.0,7675.0,13694.0,43.6625938466068,11.571881563233537,43.89485908696861,43.68388667783829,44.039469200674255,11.266499828254576,0.32944858543013633,11.345012022179695,11.27199413489736,11.274684344371392,25.107545348970344,5.435901659597249,25.271112419647675,25.11978948470884,25.26918623129445,7.943798354515269,2189.0,pnadc_income_real
1,1.0,Norte,2020,12,"1,2,3,4,5,6,7,8,9,10,11,12",288705.0,171.0,18040.0,930.0,288705.0,12649.0,12743.0,182.0,410.0,12649.0,3148.0,3180.0,3.0,42.0,3148.0,6887.0,6949.0,76.0,149.0,6887.0,12966.0,43.8128885886978,10.088691796008868,44.13848045582861,43.83885434645484,44.05463881524983,10.903863805614728,0.1662971175166297,11.014703590169896,10.910325992777281,10.910094800736424,23.85479988223273,4.212860310421286,24.06955196480837,23.868937456244325,23.942921362557087,6.248592854297639,2188.0,pnadc_income_real
1,1.0,Norte,2021,12,"1,2,3,4,5,6,7,8,9,10,11,12",298675.0,205.0,18508.0,1197.0,298675.0,12492.0,12566.0,249.0,462.0,12492.0,3134.0,3147.0,8.0,40.0,3134.0,6489.0,6526.0,81.0,165.0,6489.0,12779.0,41.824725872604,13.45364166846769,42.07248681677409,41.85345260830234,41.9773494107807,10.493010797689797,0.4322455154527772,10.536536368962919,10.500217777331056,10.492572039482049,21.725956307022685,4.376485843959369,21.849836779107726,21.740878480249272,21.75835690342017,6.196702100945844,2031.0,pnadc_income_real
1,1.0,Norte,2022,12,"1,2,3,4,5,6,7,8,9,10,11,12",282937.0,129.0,23038.0,1207.0,282937.0,13180.0,13282.0,417.0,539.0,13180.0,3431.0,3448.0,16.0,30.0,3431.0,6689.0,6746.0,109.0,181.0,6689.0,13675.0,46.58280818698155,18.100529559857627,46.94331246885349,46.60405646233487,46.48962010872507,12.126374422574637,0.6945047313134821,12.186458469553292,12.131905745240587,12.110650385690462,23.641305308248832,4.731313482073096,23.842763583412562,23.652089049814716,23.605923938235637,8.14244867231928,2240.0,pnadc_income_real
1,1.0,Norte,2023,12,"1,2,3,4,5,6,7,8,9,10,11,12",280630.0,147.0,28927.0,1021.0,280630.0,12514.0,12600.0,662.0,447.0,12514.0,3426.0,3437.0,22.0,38.0,3426.0,6430.0,6480.0,184.0,146.0,6430.0,13211.0,44.592523963938284,22.885193763611852,44.898977301072584,44.615894724457455,44.407217417184626,12.20824573281545,0.7605351401804542,12.247443252681467,12.214644024771555,12.175905135697489,22.912732067134662,6.360839354236527,23.090902611980187,22.92474053685963,22.837301123295816,10.307878701493069,2463.0,pnadc_income_real
1,1.0,Norte,2024,12,"1,2,3,4,5,6,7,8,9,10,11,12",268193.0,105.0,30454.0,1271.0,268193.0,11721.0,11769.0,648.0,516.0,11721.0,3350.0,3364.0,20.0,44.0,3350.0,6163.0,6198.0,218.0,145.0,6163.0,12683.0,43.70360151085226,21.27799303868129,43.882577099327726,43.72071857002178,43.30186878452049,12.49100461235006,0.6567281802062126,12.543205825655406,12.49589686968458,12.382515958905852,22.979719828630873,7.158337164247718,23.110222861894233,22.988720121751065,22.813724651742888,11.355255357149515,2442.0,pnadc_income_real
1,1.0,Norte,2025,12,"1,2,3,4,5,6,7,8,9,10,11,12",286451.0,136.0,27354.0,1708.0,286451.0,12957.0,13086.0,598.0,672.0,12957.0,4067.0,4090.0,28.0,43.0,4067.0,6993.0,7062.0,140.0,179.0,6993.0,14277.0,45.23286705230563,21.861519339036338,45.68320585370622,45.25435272339905,44.896753083430276,14.197890738730184,1.0236162901221029,14.278183703320988,14.204634755426715,14.067431450456587,24.412552234064464,5.118081450610514,24.65343112783687,24.424148228349896,24.241538884975988,9.54927718876876,2572.0,pnadc_income_real
2,2.0,Nordeste,2012,12,"1,2,3,4,5,6,7,8,9,10,11,12",757741.0,252.0,164416.0,4077.0,757741.0,28649.0,29955.0,3048.0,1734.0,28649.0,5810.0,5941.0,158.0,130.0,5810.0,15713.0,16196.0,928.0,615.0,15713.0,29757.0,37.80843322454506,18.5383417672246,39.53197728511457,37.82101126220975,38.215246452375396,7.667527558888855,0.9609770338653173,7.840409849803561,7.670078377375777,7.678190050760869,20.736636924753974,5.644219540677306,21.374057890492924,20.74353554969115,20.903629395849425,21.698179193154388,1946.0,pnadc_income_real
2,2.0,Nordeste,2013,12,"1,2,3,4,5,6,7,8,9,10,11,12",742646.0,257.0,99584.0,4243.0,742646.0,28952.0,30390.0,1918.0,1693.0,28952.0,5939.0,6134.0,31.0,116.0,5939.0,15546.0,16152.0,430.0,682.0,15546.0,30508.0,38.9849268695987,19.260122107969153,40.92124646197515,38.9984226598185,39.36646319059232,7.997080708709129,0.3112949871465296,8.259655340498703,7.999849135695706,8.00495077812621,20.93325756820881,4.317962724935732,21.749258731616408,20.940504236997047,21.089147232971623,13.409349811350227,2008.0,pnadc_income_real
2,2.0,Nordeste,2014,12,"1,2,3,4,5,6,7,8,9,10,11,12",748997.0,201.0,50902.0,4187.0,748997.0,29575.0,30838.0,607.0,1769.0,29575.0,7372.0,7479.0,21.0,130.0,7372.0,16426.0,16892.0,145.0,641.0,16426.0,32220.0,39.48613946384298,11.924875250481318,41.17239454897683,39.49673876463015,39.79228250459073,9.842496031359271,0.41255746336096816,9.9853537464102,9.845138061634945,9.871783504640053,21.93066193856584,2.848611056540018,22.552827314395117,21.936548806350462,22.048846672956124,6.796021879927423,2073.0,pnadc_income_real
2,2.0,Nordeste,2015,12,"1,2,3,4,5,6,7,8,9,10,11,12",770960.0,280.0,48201.0,4153.0,770960.0,30468.0,31531.0,572.0,1955.0,30468.0,7564.0,7657.0,26.0,114.0,7564.0,16060.0,16400.0,142.0,525.0,16060.0,33121.0,39.51956002905469,11.866973714238293,40.89836048562831,39.5339180983028,39.68987975575734,9.811144547058213,0.5394078961017407,9.931773373456469,9.814709088078061,9.821900379328039,20.83117152640863,2.9459969710171987,21.27218013904742,20.838739814190067,20.894780246047414,6.252075334647712,2047.0,pnadc_income_real
2,2.0,Nordeste,2016,12,"1,2,3,4,5,6,7,8,9,10,11,12",732644.0,273.0,41636.0,4051.0,732644.0,31718.0,33078.0,491.0,2003.0,31718.0,8044.0,8121.0,19.0,126.0,8044.0,16630.0,17040.0,134.0,543.0,16630.0,34104.0,43.292513144173704,11.792679412047267,45.1488035116646,43.308650943306056,43.42609455164502,10.979411555953506,0.4563358631953118,11.0845103488188,10.983504262184058,10.999173894968209,22.698609420127646,3.218368719377462,23.258226369150638,22.707070596733075,22.732983896957435,5.682978363297863,1996.0,pnadc_income_real
2,2.0,Nordeste,2017,12,"1,2,3,4,5,6,7,8,9,10,11,12",758624.0,289.0,46131.0,4673.0,758624.0,34539.0,35787.0,735.0,2398.0,34539.0,7784.0,7897.0,27.0,148.0,7784.0,16263.0,16658.0,252.0,572.0,16263.0,36672.0,45.52848314843717,15.932886778955583,47.17356687898089,45.545833965200075,45.43834622876691,10.260682498840005,0.5852897184106133,10.409636394313916,10.264592825070714,10.25837868886855,21.437497363647868,5.462704038499057,21.958176909773485,21.445667152379883,21.406809574028124,6.080878010714135,2034.0,pnadc_income_real
2,2.0,Nordeste,2018,12,"1,2,3,4,5,6,7,8,9,10,11,12",789002.0,327.0,45767.0,4577.0,789002.0,36654.0,38197.0,885.0,2293.0,36654.0,7737.0,7844.0,24.0,123.0,7737.0,15964.0,16381.0,183.0,534.0,15964.0,38530.0,46.45615600467426,19.33707693316145,48.41179109812143,46.47541763083653,45.95118568878398,9.806058793260346,0.5243953066620054,9.94167315165234,9.810124576029416,9.752472613417405,20.233155302521414,3.998514213297791,20.761671073077128,20.24154436237994,20.070479894672047,5.800619009837744,2015.0,pnadc_income_real
2,2.0,Nordeste,2019,12,"1,2,3,4,5,6,7,8,9,10,11,12",779342.0,323.0,20097.0,5493.0,779342.0,38670.0,40478.0,408.0,2604.0,38670.0,8672.0,8805.0,8.0,208.0,8672.0,16922.0,17402.0,99.0,671.0,16922.0,40441.0,49.61878097164018,20.301537542916854,51.938686738299744,49.63935411074698,48.78353602724968,11.127335624154735,0.39806936358660494,11.29799240898091,11.131949284934,11.042772632861801,21.713188818259507,4.926108374384237,22.32909300409833,21.722191628188785,21.46611384288292,2.5787138380839223,2072.0,pnadc_income_real
2,2.0,Nordeste,2020,12,"1,2,3,4,5,6,7,8,9,10,11,12",725934.0,324.0,20462.0,5171.0,725934.0,35545.0,37087.0,838.0,2475.0,35545.0,7623.0,7818.0,16.0,211.0,7623.0,15571.0,16118.0,129.0,729.0,15571.0,37655.0,48.96450641518375,40.95396344443358,51.08866646279138,48.9863700886151,47.87540446787844,10.500954632239294,0.7819372495357247,10.769574093512633,10.505643527514781,10.381253639154005,21.44960836660082,6.304369074381781,22.203120393865007,21.45918606413914,21.125645911264076,2.8187135469615696,2094.0,pnadc_income_real
2,2.0,Nordeste,2021,12,"1,2,3,4,5,6,7,8,9,10,11,12",736978.0,372.0,34737.0,5394.0,736978.0,37599.0,39458.0,1787.0,2405.0,37599.0,7846.0,8071.0,42.0,227.0,7846.0,15663.0,16217.0,226.0,692.0,15663.0,40008.0,51.01780514479401,51.443705558914125,53.540268501909146,51.04357010396331,49.793829268726334,10.646179397485406,1.2090854132481217,10.951480234145388,10.651555919989791,10.491725250335488,21.25300890935686,6.506031033192273,22.004727413844105,21.26374208192711,20.894208587720453,4.713437850247904,1863.0,pnadc_income_real
2,2.0,Nordeste,2022,12,"1,2,3,4,5,6,7,8,9,10,11,12",701089.0,270.0,37249.0,6401.0,701089.0,39372.0,40902.0,2144.0,2898.0,39372.0,7739.0,7940.0,48.0,273.0,7739.0,15370.0,15861.0,306.0,900.0,15370.0,41495.0,56.15834794155949,57.558592176971196,58.34066716208641,56.179983704779694,54.190472777679965,11.038541469057424,1.2886251979918923,11.32523830783253,11.042794216481003,10.815010205377863,21.923036875489416,8.214985637198314,22.623375919462436,21.931483022007107,21.43999442278736,5.3130201729024416,1934.0,pnadc_income_real
2,2.0,Nordeste,2023,12,"1,2,3,4,5,6,7,8,9,10,11,12",699972.0,284.0,57283.0,7106.0,699972.0,39113.0,40951.0,3079.0,2991.0,39113.0,8261.0,8496.0,50.0,239.0,8261.0,15019.0,15576.0,457.0,834.0,15019.0,41563.0,55.87794940369044,53.75067646596722,58.50376872217746,55.90062999508352,53.792092809661995,11.80190064745447,0.8728593125360055,12.137628362277349,11.806690982266382,11.564764748041435,21.45657254861623,7.97793411657909,22.25231866417514,21.465281668400774,21.031239327782718,8.183613058808067,2041.0,pnadc_income_real
2,2.0,Nordeste,2024,12,"1,2,3,4,5,6,7,8,9,10,11,12",682214.0,254.0,61421.0,7140.0,682214.0,37758.0,40434.0,2828.0,2680.0,37758.0,7956.0,8223.0,70.0,272.0,7956.0,14527.0,15395.0,416.0,881.0,14527.0,40081.0,55.34626964559508,46.042884355513586,59.26879249033295,55.36688368819286,53.16904970963279,11.662029802965051,1.1396753553344947,12.053402598011768,11.666373394333979,11.356866101453107,21.293904845107253,6.772927825987854,22.566232882937026,21.301835884802628,20.735870888761102,9.003186683357422,2165.0,pnadc_income_real
2,2.0,Nordeste,2025,12,"1,2,3,4,5,6,7,8,9,10,11,12",690468.0,287.0,86717.0,7767.0,690468.0,40434.0,42910.0,4623.0,3130.0,40434.0,8610.0,8846.0,207.0,307.0,8610.0,14845.0,15895.0,807.0,845.0,14845.0,43133.0,58.56028085298667,53.311346102840275,62.14625442453524,58.58463214721935,56.658116415834364,12.469803090078035,2.3870751986346392,12.81160024794777,12.474988445060063,12.219403595293008,21.49991020583141,9.30613374540171,23.020617899743364,21.50885057687766,21.076376100339676,12.559162770758384,2282.0,pnadc_income_real
3,3.0,Sudeste,2012,12,"1,2,3,4,5,6,7,8,9,10,11,12",835619.0,199.0,238653.0,3164.0,835619.0,27070.0,29184.0,4711.0,941.0,27070.0,6931.0,7289.0,317.0,130.0,6931.0,15577.0,16521.0,1687.0,470.0,15577.0,28545.0,32.39514659192766,19.739957176318757,34.92500768891085,32.4028632304709,32.29984039250553,8.294449982587759,1.3282883517072905,8.722874898727769,8.296425749922195,8.2946449990203,18.641270722661883,7.068840534164666,19.77097217751152,18.645711139307174,18.61787605790719,28.56002556188885,3492.0,pnadc_income_real
3,3.0,Sudeste,2013,12,"1,2,3,4,5,6,7,8,9,10,11,12",838513.0,213.0,215476.0,3445.0,838513.0,26601.0,28778.0,4048.0,1026.0,26601.0,6947.0,7303.0,276.0,151.0,6947.0,15654.0,16694.0,1537.0,538.0,15654.0,28162.0,31.724016204876968,18.786314949228686,34.32027887462687,31.732076822140044,31.59293184399344,8.284904348531269,1.280885110174683,8.709465446570297,8.28700942383395,8.273827171722026,18.668762440176838,7.133044979487274,19.90905328838074,18.67350590480735,18.616557980878113,25.697395269960037,3581.0,pnadc_income_real
3,3.0,Sudeste,2014,12,"1,2,3,4,5,6,7,8,9,10,11,12",863867.0,202.0,186927.0,3734.0,863867.0,27149.0,29619.0,3218.0,1072.0,27149.0,6923.0,7324.0,114.0,186.0,6923.0,16198.0,17268.0,1203.0,593.0,16198.0,28839.0,31.42729146963595,17.215276551808994,34.28652790302211,31.434641903978974,31.18396274297495,8.01396511268517,0.6098637436004429,8.47815693851021,8.015839474796362,7.98971159773546,18.75057155789028,6.435667399573095,19.989188150490758,18.754957072476017,18.647646930261477,21.638400355610298,3688.0,pnadc_income_real
3,3.0,Sudeste,2015,12,"1,2,3,4,5,6,7,8,9,10,11,12",888547.0,285.0,188016.0,4133.0,888547.0,27347.0,30721.0,3327.0,1308.0,27347.0,7500.0,8130.0,135.0,194.0,7500.0,16518.0,18298.0,1243.0,658.0,16518.0,29379.0,30.777212685429134,17.695302527444472,34.5744231875185,30.787087593525335,30.447393759289398,8.440746522131075,0.7180239979576206,9.149769229990085,8.44345474645994,8.422424819150512,18.589900140341477,6.611139477491277,20.59317064826059,18.595864733603374,18.477304143729658,21.159938641399947,3580.0,pnadc_income_real
3,3.0,Sudeste,2016,12,"1,2,3,4,5,6,7,8,9,10,11,12",866019.0,308.0,170911.0,4440.0,866019.0,28234.0,32530.0,3378.0,1445.0,28234.0,7238.0,7987.0,142.0,200.0,7238.0,16685.0,18835.0,1187.0,738.0,16685.0,30208.0,32.60205607498219,19.76467284142039,37.562686269007955,32.61365513433467,32.046250928202944,8.357784298035032,0.8308417831502946,9.22266139657444,8.360757804856355,8.317114503474977,19.266320946769067,6.945135187319716,21.74894546193559,19.273175459246794,19.082183327801456,19.735248302866335,3621.0,pnadc_income_real
3,3.0,Sudeste,2017,12,"1,2,3,4,5,6,7,8,9,10,11,12",894711.0,332.0,184080.0,5094.0,894711.0,30734.0,36691.0,3809.0,1703.0,30734.0,7154.0,8092.0,210.0,238.0,7154.0,16717.0,19112.0,1373.0,813.0,16717.0,32445.0,34.350756836565104,20.692090395480225,41.008772665139915,34.363508087734616,33.50205709147666,7.99587799859396,1.1408083441981747,9.044261219544635,7.998846126753871,7.943496554587367,18.684245527326702,7.458713602781399,21.361087546705026,18.69118125537384,18.407387951857093,20.574241291322004,3548.0,pnadc_income_real
3,3.0,Sudeste,2018,12,"1,2,3,4,5,6,7,8,9,10,11,12",903984.0,306.0,178958.0,5502.0,903984.0,31701.0,37786.0,3606.0,1785.0,31701.0,7179.0,8132.0,189.0,217.0,7179.0,16863.0,19327.0,1376.0,746.0,16863.0,33410.0,35.06809855041682,20.149979324757766,41.79941237898016,35.079973176286245,34.02143221898367,7.941512239154675,1.0561137250081025,8.99573443777766,7.944201363760101,7.883116054266209,18.654091222853502,7.68895495032354,21.37980318235721,18.660407800123494,18.34951462013681,19.79658932016496,3691.0,pnadc_income_real
3,3.0,Sudeste,2019,12,"1,2,3,4,5,6,7,8,9,10,11,12",886670.0,340.0,97079.0,6343.0,886670.0,31794.0,38476.0,1630.0,2095.0,31794.0,7348.0,8378.0,102.0,248.0,7348.0,16851.0,19494.0,687.0,900.0,16851.0,33427.0,35.85775993323333,16.79044901575006,43.39382182773749,35.871515124163686,34.59309318242981,8.287186890274848,1.0506906746052185,9.448836658508803,8.290365890808165,8.196430008251358,19.00481577136928,7.076710720135147,21.985631632963784,19.012106100436633,18.629528715231597,10.948718237901362,3674.0,pnadc_income_real
3,3.0,Sudeste,2020,12,"1,2,3,4,5,6,7,8,9,10,11,12",848890.0,310.0,85119.0,6023.0,848890.0,29904.0,36667.0,1429.0,2017.0,29904.0,6012.0,7095.0,86.0,229.0,6012.0,15247.0,18546.0,591.0,879.0,15247.0,31588.0,35.22717902201698,16.788261140285954,43.19405341092485,35.240048080322424,33.99044602047629,7.0821896829977975,1.0103502155805402,8.35797335343802,7.084776921445238,7.041027278406015,17.96110214515426,6.943220667536038,21.84735360294031,17.967663626293337,17.630983948656787,10.027094205374077,3496.0,pnadc_income_real
3,3.0,Sudeste,2021,12,"1,2,3,4,5,6,7,8,9,10,11,12",823684.0,436.0,88014.0,6795.0,823684.0,29995.0,37239.0,1694.0,2044.0,29995.0,6223.0,7432.0,182.0,231.0,6223.0,15527.0,19397.0,710.0,818.0,15527.0,31861.0,36.4156642595947,19.24693798713841,45.210299095284114,36.4349503430315,34.9958762804041,7.5550818032157965,2.067852841593383,9.022877705527849,7.559083046663946,7.4687623872119335,18.85067574458166,8.066898447974186,23.549079501362172,18.86065924241541,18.400947814430538,10.68540848189354,3368.0,pnadc_income_real
3,3.0,Sudeste,2022,12,"1,2,3,4,5,6,7,8,9,10,11,12",798623.0,249.0,90488.0,7255.0,798623.0,30498.0,38127.0,1767.0,2460.0,30498.0,6372.0,7705.0,137.0,250.0,6372.0,15713.0,19700.0,582.0,926.0,15713.0,32489.0,38.18823149345811,19.527451153744142,47.74092406554782,38.20014178818448,36.44465732694255,7.978733394855896,1.514012907788878,9.64785637278165,7.981221833376337,7.80415811664473,19.6751157930588,6.431792060825745,24.667458863568918,19.681252144984683,19.10844354486129,11.330502627647839,3356.0,pnadc_income_real
3,3.0,Sudeste,2023,12,"1,2,3,4,5,6,7,8,9,10,11,12",800726.0,266.0,110547.0,8003.0,800726.0,30129.0,37650.0,1888.0,2624.0,30129.0,6554.0,7931.0,70.0,315.0,6554.0,15356.0,19766.0,524.0,1039.0,15356.0,32128.0,37.62710340366118,17.078708603580377,47.01982950472446,37.63960722584514,35.90107934042467,8.185072047117242,0.6332148317005437,9.90476142900318,8.187792019588736,8.063609490781742,19.17759633132932,4.7400653115869265,24.685098273316964,19.183969217699822,18.711522722186672,13.80584619457842,3630.0,pnadc_income_real
3,3.0,Sudeste,2024,12,"1,2,3,4,5,6,7,8,9,10,11,12",769186.0,284.0,118703.0,8763.0,769186.0,29643.0,37312.0,1895.0,2799.0,29643.0,7296.0,8731.0,123.0,362.0,7296.0,15978.0,19979.0,532.0,1175.0,15978.0,32218.0,38.53814291991794,15.96421320438405,48.50842319022967,38.55237728605206,36.92452501029414,9.485352047489163,1.0361995905747958,11.350960625908428,9.488855536856452,9.351392623350801,20.772608965841812,4.4817738389088735,25.97421169912089,20.780281492309815,20.244976106741618,15.432288159170863,3663.0,pnadc_income_real
3,3.0,Sudeste,2025,12,"1,2,3,4,5,6,7,8,9,10,11,12",783436.0,262.0,140984.0,9116.0,783436.0,32007.0,40595.0,2044.0,2950.0,32007.0,8170.0,9763.0,296.0,420.0,8170.0,17353.0,22056.0,807.0,1355.0,17353.0,35005.0,40.85464543370486,14.498099075072348,51.81661297157649,40.86831278872894,39.35122781029263,10.428420445320358,2.099529024570164,12.461770967890166,10.431909128750444,10.270425219236703,22.149862911584353,5.724053793338251,28.15290591701173,22.15727284102894,21.66307130195836,17.99559887470068,3855.0,pnadc_income_real
4,4.0,Sul,2012,12,"1,2,3,4,5,6,7,8,9,10,11,12",291935.0,63.0,125679.0,571.0,291935.0,9064.0,9120.0,1793.0,130.0,9064.0,1919.0,1934.0,43.0,30.0,1919.0,5809.0,5847.0,980.0,98.0,5809.0,9551.0,31.04800726189049,14.266504348379602,31.239830784249918,31.054708913496327,31.029258904733158,6.573381060852587,0.3421414874402247,6.624762361484577,6.574799912290319,6.546264887706311,19.89826502474866,7.797643202126051,20.0284309863497,19.902560026312905,19.862346826369613,43.05033654751914,3323.0,pnadc_income_real
4,4.0,Sul,2013,12,"1,2,3,4,5,6,7,8,9,10,11,12",298790.0,45.0,112139.0,582.0,298790.0,9428.0,9487.0,1814.0,137.0,9428.0,1979.0,1997.0,35.0,15.0,1979.0,6226.0,6251.0,1114.0,97.0,6226.0,9931.0,31.55393420127849,16.176352562444823,31.751397302453228,31.55868717468075,31.533865883048172,6.623380969911978,0.31211264591266197,6.68362394993139,6.624378650688715,6.595007923578037,20.83737742226982,9.934099644191583,20.92104822785234,20.840516159266265,20.80378769226778,37.531041868871114,3411.0,pnadc_income_real
4,4.0,Sul,2014,12,"1,2,3,4,5,6,7,8,9,10,11,12",304447.0,50.0,98609.0,633.0,304447.0,9114.0,9192.0,1453.0,141.0,9114.0,2052.0,2065.0,28.0,19.0,2052.0,5690.0,5720.0,759.0,105.0,5690.0,9513.0,29.936245060716644,14.734963340060238,30.192447289676036,29.94116236362382,29.78352302445025,6.740089408008619,0.28394974089586145,6.782789779501851,6.741196529532157,6.710810610550189,18.68962413819154,7.697066190712815,18.788163457022076,18.692694080427863,18.60772993305028,32.389545635200875,3465.0,pnadc_income_real
4,4.0,Sul,2015,12,"1,2,3,4,5,6,7,8,9,10,11,12",316673.0,87.0,97275.0,786.0,316673.0,9246.0,9456.0,1244.0,198.0,9246.0,1949.0,1999.0,52.0,32.0,1949.0,5694.0,5842.0,578.0,144.0,5694.0,9740.0,29.197310790626293,12.788486250321254,29.860455422470498,29.20533441150272,28.912666610218466,6.154613749830267,0.5345669493703418,6.312505328840792,6.156305079820333,6.127270790320318,17.980693017718593,5.941917244924184,18.448052091589748,17.985634235247293,17.835582978934443,30.71780669649765,3330.0,pnadc_income_real
4,4.0,Sul,2016,12,"1,2,3,4,5,6,7,8,9,10,11,12",316220.0,115.0,97080.0,830.0,316220.0,10311.0,10505.0,1771.0,209.0,10311.0,2039.0,2101.0,49.0,29.0,2039.0,5675.0,5831.0,755.0,131.0,5675.0,10650.0,32.60704572765796,18.242686444169756,33.220542660173294,32.61890827414941,32.05846540154154,6.4480425020555305,0.5047383601153688,6.644108532034659,6.450388320336597,6.3918650476584835,17.946366453734743,7.777091058920478,18.439693884004807,17.95289539868082,17.72242165981803,30.70014546834482,3294.0,pnadc_income_real
4,4.0,Sul,2017,12,"1,2,3,4,5,6,7,8,9,10,11,12",319499.0,63.0,102389.0,861.0,319499.0,10496.0,10713.0,1693.0,276.0,10496.0,2057.0,2118.0,68.0,36.0,2057.0,5624.0,5752.0,668.0,164.0,5624.0,10750.0,32.8514330248295,16.534979343484164,33.53062137909665,32.85791207002342,32.07025441147021,6.438204814412565,0.6641338425026125,6.629128729667386,6.439474573936563,6.399323331551928,17.602559006444466,6.524138335172724,18.00318623845458,17.606030628983582,17.338166825902054,32.04673567053418,3372.0,pnadc_income_real
4,4.0,Sul,2018,12,"1,2,3,4,5,6,7,8,9,10,11,12",325906.0,87.0,102215.0,908.0,325906.0,10881.0,11100.0,1855.0,274.0,10881.0,2067.0,2133.0,107.0,37.0,2067.0,5736.0,5868.0,770.0,187.0,5736.0,11253.0,33.38692751897786,18.1480213275938,34.05890041913926,33.395842476958066,32.45150061678902,6.342319564537013,1.0468130900552757,6.544831945407571,6.344013087020707,6.264333967492667,17.60016691929575,7.533140928435161,18.005191681036862,17.604866505636565,17.272971382532305,31.363337894975853,3407.0,pnadc_income_real
4,4.0,Sul,2019,12,"1,2,3,4,5,6,7,8,9,10,11,12",322666.0,62.0,55482.0,945.0,322666.0,10538.0,10792.0,860.0,271.0,10538.0,1915.0,1989.0,49.0,20.0,1915.0,5243.0,5398.0,353.0,173.0,5243.0,10913.0,32.65915838669088,15.500522692044267,33.44635009576466,32.66543502250437,31.539356307586587,5.934929617623177,0.8831693161746151,6.1642689344399475,5.936070228515455,5.935890133151703,16.249000514463873,6.362423849176309,16.7293734077963,16.25212334626973,15.937861032687552,17.194870237335202,3428.0,pnadc_income_real
4,4.0,Sul,2020,12,"1,2,3,4,5,6,7,8,9,10,11,12",310159.0,75.0,42579.0,829.0,310159.0,9733.0,10113.0,702.0,246.0,9733.0,1827.0,1879.0,43.0,38.0,1827.0,4789.0,4909.0,235.0,144.0,4789.0,10190.0,31.38067894209099,16.487000634115407,32.605856995927894,31.38826898517821,30.146050045275405,5.8905271167369,1.0098875032292913,6.05818306094616,5.891951858206164,5.8507641167538615,15.440467631118233,5.519152633927523,15.827365963908834,15.444202216173682,15.107182218189733,13.728120093242499,3279.0,pnadc_income_real
4,4.0,Sul,2021,12,"1,2,3,4,5,6,7,8,9,10,11,12",305942.0,120.0,49053.0,968.0,305942.0,9752.0,10118.0,890.0,206.0,9752.0,1654.0,1710.0,40.0,31.0,1654.0,4820.0,4983.0,305.0,142.0,4820.0,10144.0,31.87532277359761,18.14364055205594,33.07162795562557,31.887830175723135,30.317695032074326,5.406253472880481,0.8154445191935253,5.589294702917546,5.40837480625985,5.333772087353479,15.754620156761739,6.217764458850631,16.28740087990534,15.760802035170785,15.275962070650964,16.033431173228912,3152.0,pnadc_income_real
4,4.0,Sul,2022,12,"1,2,3,4,5,6,7,8,9,10,11,12",307046.0,67.0,54672.0,994.0,307046.0,10113.0,10534.0,1006.0,243.0,10113.0,1701.0,1737.0,34.0,47.0,1701.0,4868.0,4967.0,319.0,154.0,4868.0,10542.0,32.936432977469174,18.400643839625403,34.30756303615745,32.94362155065982,31.340378161780162,5.539886531659751,0.6218905472636815,5.657132807462074,5.541095644978973,5.423186385989955,15.854301961269647,5.834796605209248,16.176729219726035,15.857762257353109,15.354298954589389,17.805801085179418,3232.0,pnadc_income_real
4,4.0,Sul,2023,12,"1,2,3,4,5,6,7,8,9,10,11,12",310617.0,74.0,62867.0,1167.0,310617.0,10587.0,10911.0,1156.0,311.0,10587.0,1776.0,1825.0,58.0,35.0,1776.0,4843.0,4960.0,379.0,203.0,4843.0,10983.0,34.08377519581993,18.388025514180733,35.12686041008702,34.09189709637635,32.491627078119514,5.717652285612185,0.9225825950021473,5.875402827276035,5.719014758020628,5.597535427114704,15.59154843424539,6.028600060445067,15.968218094952949,15.595263779895216,15.062050770323923,20.239394495471917,3400.0,pnadc_income_real
4,4.0,Sul,2024,12,"1,2,3,4,5,6,7,8,9,10,11,12",292387.0,99.0,61999.0,1132.0,292387.0,10197.0,10517.0,1161.0,292.0,10197.0,2277.0,2328.0,63.0,41.0,2277.0,5150.0,5263.0,344.0,161.0,5150.0,11111.0,34.87501154292085,18.726108485620735,35.96945144619973,34.88682395445588,33.13653656751971,7.7876239367687345,1.01614542170035,7.962050296353805,7.790261659732866,7.616494113038693,17.61364219339437,5.54847658833207,18.000116284239724,17.619608057806,17.00128771902243,21.2044311135584,3717.0,pnadc_income_real
4,4.0,Sul,2025,12,"1,2,3,4,5,6,7,8,9,10,11,12",303541.0,62.0,71849.0,1308.0,303541.0,10786.0,11093.0,1450.0,368.0,10786.0,2486.0,2554.0,140.0,41.0,2486.0,5319.0,5457.0,454.0,191.0,5319.0,11715.0,35.533914693566935,20.181213378056757,36.54531018873892,35.54117418338666,33.84415777455341,8.189997397386184,1.9485309468468595,8.414019852342847,8.191670593352423,7.949582301677325,17.523168204624746,6.318807499060529,17.97780201027209,17.526748144023145,16.833288990513665,23.6702784796782,3859.0,pnadc_income_real
5,5.0,Centro-Oeste,2012,12,"1,2,3,4,5,6,7,8,9,10,11,12",170802.0,40.0,51658.0,485.0,170802.0,4809.0,4861.0,566.0,123.0,4809.0,1370.0,1380.0,11.0,11.0,1370.0,3020.0,3061.0,145.0,80.0,3020.0,4946.0,28.155408016299575,10.956676603817414,28.459854100069087,28.16200325599372,28.748855041348715,8.020983360850575,0.21293894459715823,8.079530684652404,8.022862229301602,8.131467276386143,17.681291788152365,2.8069224515079947,17.921335815739862,17.68543352736557,17.992096329182807,30.244376529548834,3450.0,pnadc_income_real
5,5.0,Centro-Oeste,2013,12,"1,2,3,4,5,6,7,8,9,10,11,12",179615.0,44.0,38180.0,602.0,179615.0,5411.0,5486.0,562.0,242.0,5411.0,1672.0,1687.0,6.0,16.0,1672.0,3422.0,3461.0,170.0,104.0,3422.0,5723.0,30.125546307379672,14.719748559455212,30.543106088021602,30.13292792266012,30.550450737239824,9.30879937644406,0.1571503404924044,9.392311332572447,9.311080296929905,9.383797442628294,19.051860924755726,4.452592980618125,19.26899201068953,19.056529172305105,19.277914826517513,21.25657656654511,3518.0,pnadc_income_real
5,5.0,Centro-Oeste,2014,12,"1,2,3,4,5,6,7,8,9,10,11,12",181021.0,90.0,29015.0,622.0,181021.0,4977.0,5065.0,337.0,164.0,4977.0,1560.0,1568.0,9.0,19.0,1560.0,3028.0,3058.0,101.0,81.0,3028.0,5302.0,27.494047651929886,11.614682061002929,27.980179095243095,27.507723938960154,27.879354128121374,8.617784676915939,0.3101843873858349,8.661978444489867,8.622071397383532,8.695025718648292,16.727341026731704,3.480958125107703,16.893067655133933,16.735661661075216,16.91999783856714,16.02852707696897,3557.0,pnadc_income_real
5,5.0,Centro-Oeste,2015,12,"1,2,3,4,5,6,7,8,9,10,11,12",187233.0,97.0,30428.0,602.0,187233.0,5657.0,6075.0,557.0,169.0,5657.0,1720.0,1868.0,16.0,14.0,1720.0,3329.0,3513.0,131.0,87.0,3329.0,5954.0,30.213690962597404,18.305508084658868,32.44620339363253,30.22935191518468,30.469603022174205,9.186414787991433,0.5258314710135401,9.976873734865114,9.191176470588236,9.273614258564063,17.779985365827606,4.30524516892336,18.76271811058948,17.78920143638851,17.928774132180983,16.251408672616474,3413.0,pnadc_income_real
5,5.0,Centro-Oeste,2016,12,"1,2,3,4,5,6,7,8,9,10,11,12",181416.0,79.0,28097.0,764.0,181416.0,5919.0,6284.0,406.0,275.0,5919.0,1735.0,1887.0,12.0,22.0,1735.0,3381.0,3561.0,111.0,141.0,3381.0,6220.0,32.626670194470165,14.449941274869204,34.63862062883097,32.64088409977004,32.75428419876884,9.563654804427394,0.4270918603409617,10.401508135996824,9.567821238908772,9.598502782590003,18.636724434449,3.9505997081538955,19.628919169202277,18.64484357853058,18.70615071993302,15.487608590201527,3359.0,pnadc_income_real
5,5.0,Centro-Oeste,2017,12,"1,2,3,4,5,6,7,8,9,10,11,12",187539.0,49.0,27516.0,860.0,187539.0,5982.0,6236.0,393.0,230.0,5982.0,1615.0,1744.0,7.0,31.0,1615.0,3254.0,3410.0,103.0,117.0,3254.0,6313.0,31.897365348007614,14.28259921500218,33.251750302603725,31.905701637420663,31.77422169467512,8.61154213256976,0.25439744148858845,9.2993990583292,8.613792735612567,8.614016502390879,17.351057646676157,3.743276639046373,18.182884626664322,17.355592298255907,17.350501675831836,14.67214819317582,3471.0,pnadc_income_real
5,5.0,Centro-Oeste,2018,12,"1,2,3,4,5,6,7,8,9,10,11,12",196194.0,81.0,26848.0,903.0,196194.0,6792.0,6969.0,473.0,266.0,6792.0,1631.0,1739.0,13.0,22.0,1631.0,3361.0,3494.0,133.0,117.0,3361.0,7091.0,34.618795681825134,17.617699642431464,35.52096394385149,34.633094185495096,34.22924454871913,8.313200199802237,0.484207389749702,8.863675749513236,8.316633777465032,8.293817244325961,17.131002986839558,4.953814064362336,17.808903432316992,17.138078556750443,17.04848725984607,13.684414406149015,3482.0,pnadc_income_real
5,5.0,Centro-Oeste,2019,12,"1,2,3,4,5,6,7,8,9,10,11,12",198592.0,64.0,12087.0,903.0,198592.0,7222.0,7399.0,202.0,321.0,7222.0,1927.0,2005.0,4.0,46.0,1927.0,3906.0,4022.0,58.0,131.0,3906.0,7475.0,36.366016757976155,16.712170100107553,37.25729133097003,36.37774016763378,35.730315204526136,9.703311311633902,0.33093406138826836,10.096076377699001,9.706439393939394,9.63183185011491,19.66846600064454,4.798543890129892,20.252578150177246,19.67480657640232,19.463475488499874,6.086347889139542,3430.0,pnadc_income_real
5,5.0,Centro-Oeste,2020,12,"1,2,3,4,5,6,7,8,9,10,11,12",190491.0,73.0,10236.0,933.0,190491.0,7108.0,7266.0,206.0,305.0,7108.0,2139.0,2183.0,11.0,68.0,2139.0,3823.0,3923.0,46.0,163.0,3823.0,7442.0,37.31409882881606,20.12504884720594,38.14353434020505,37.328403827369264,36.38324960346474,11.228876954816762,1.0746385306760453,11.459858995963064,11.23318173702066,11.003762988675572,20.069189620507007,4.493942946463462,20.594148804930416,20.076883487905555,19.68645397238964,5.373482211758036,3318.0,pnadc_income_real
5,5.0,Centro-Oeste,2021,12,"1,2,3,4,5,6,7,8,9,10,11,12",188696.0,89.0,13570.0,1030.0,188696.0,6767.0,6930.0,519.0,294.0,6767.0,2151.0,2195.0,19.0,47.0,2151.0,3839.0,3927.0,84.0,143.0,3839.0,7344.0,35.86191546190698,38.24613117170228,36.72573875439861,35.87883800707291,35.03426524227424,11.399287743248399,1.400147383935151,11.632467036927121,11.404666846935692,11.25168614686692,20.344893373468437,6.190125276344879,20.811251960825878,20.35449373565138,20.080934260198013,7.191461398227838,3183.0,pnadc_income_real
5,5.0,Centro-Oeste,2022,12,"1,2,3,4,5,6,7,8,9,10,11,12",191463.0,109.0,13726.0,1068.0,191463.0,7245.0,7388.0,628.0,339.0,7245.0,1718.0,1766.0,15.0,42.0,1718.0,3585.0,3678.0,84.0,174.0,3585.0,7635.0,37.840209335485184,45.75258633250765,38.58708993382533,37.86176406032798,36.81932145517688,8.97301306257606,1.0928165525280489,9.223714242438486,8.978124314098476,8.840325882695812,18.72424437097507,6.119772694157074,19.209977906958525,18.734910166497695,18.507026566579132,7.169009155816006,3355.0,pnadc_income_real
5,5.0,Centro-Oeste,2023,12,"1,2,3,4,5,6,7,8,9,10,11,12",195638.0,78.0,16295.0,1076.0,195638.0,7150.0,7342.0,551.0,331.0,7150.0,1624.0,1670.0,19.0,43.0,1624.0,3525.0,3644.0,99.0,154.0,3525.0,7608.0,36.547092078226115,33.81405339061062,37.5284965088582,36.56166905297607,35.33944449140509,8.301045809096392,1.1660018410555386,8.536173953935329,8.304356719165474,8.153481025427624,18.01797196863595,6.075483277078859,18.62623825637146,18.025158519124567,17.701340461805984,8.329158956848874,3644.0,pnadc_income_real
5,5.0,Centro-Oeste,2024,12,"1,2,3,4,5,6,7,8,9,10,11,12",193222.0,223.0,19090.0,1202.0,193222.0,6908.0,7061.0,636.0,378.0,6908.0,1696.0,1749.0,29.0,48.0,1696.0,3549.0,3653.0,136.0,195.0,3549.0,7457.0,35.75162248605231,33.31587218438973,36.54345778431028,35.79293156959363,34.69291015512661,8.77746840421898,1.5191199580932426,9.051764291850825,8.787610298498956,8.536005838830368,18.36747368312097,7.1241487689889995,18.905714670172134,18.388696314488676,17.971820789590563,9.879827348852615,3716.0,pnadc_income_real
5,5.0,Centro-Oeste,2025,12,"1,2,3,4,5,6,7,8,9,10,11,12",200828.0,70.0,18159.0,1085.0,200828.0,7210.0,7368.0,557.0,340.0,7210.0,1594.0,1617.0,30.0,60.0,1594.0,3531.0,3594.0,111.0,193.0,3531.0,7734.0,35.90136833509272,30.673495236521834,36.68811121955106,35.91388637065522,34.85888954391588,7.937140239408848,1.6520733520568314,8.051666102336327,7.939907749628906,7.750168236464779,17.582209652040554,6.1126714026102755,17.895910928754954,17.588340190677332,17.187421266540422,9.042065847391799,4052.0,pnadc_income_real
1,1.0,Norte,2019,12,"1,2,3,4,5,6,7,8,9,10,11,12",305685.0,149.0,24283.0,666.0,305685.0,13347.0,13418.0,281.0,252.0,13347.0,3444.0,3468.0,8.0,62.0,3444.0,7675.0,7725.0,132.0,160.0,7675.0,13694.0,43.6625938466068,11.571881563233537,43.89485908696861,43.68388667783829,44.039469200674255,11.266499828254576,0.32944858543013633,11.345012022179695,11.27199413489736,11.274684344371392,25.107545348970344,5.435901659597249,25.271112419647675,25.11978948470884,25.26918623129445,7.943798354515269,70.12423585091697,pnadc_sewer_2019
1,1.0,Norte,2022,12,"1,2,3,4,5,6,7,8,9,10,11,12",282937.0,129.0,23038.0,1207.0,282937.0,13180.0,13282.0,417.0,539.0,13180.0,3431.0,3448.0,16.0,30.0,3431.0,6689.0,6746.0,109.0,181.0,6689.0,13675.0,46.58280818698155,18.100529559857627,46.94331246885349,46.60405646233487,46.48962010872507,12.126374422574637,0.6945047313134821,12.186458469553292,12.131905745240587,12.110650385690462,23.641305308248832,4.731313482073096,23.842763583412562,23.652089049814716,23.605923938235637,8.14244867231928,64.33085501858736,pnadc_sewer_2019
1,1.0,Norte,2023,12,"1,2,3,4,5,6,7,8,9,10,11,12",280630.0,147.0,28927.0,1021.0,280630.0,12514.0,12600.0,662.0,447.0,12514.0,3426.0,3437.0,22.0,38.0,3426.0,6430.0,6480.0,184.0,146.0,6430.0,13211.0,44.592523963938284,22.885193763611852,44.898977301072584,44.615894724457455,44.407217417184626,12.20824573281545,0.7605351401804542,12.247443252681467,12.214644024771555,12.175905135697489,22.912732067134662,6.360839354236527,23.090902611980187,22.92474053685963,22.837301123295816,10.307878701493069,61.62191001244887,pnadc_sewer_2019
1,1.0,Norte,2024,12,"1,2,3,4,5,6,7,8,9,10,11,12",268193.0,105.0,30454.0,1271.0,268193.0,11721.0,11769.0,648.0,516.0,11721.0,3350.0,3364.0,20.0,44.0,3350.0,6163.0,6198.0,218.0,145.0,6163.0,12683.0,43.70360151085226,21.27799303868129,43.882577099327726,43.72071857002178,43.30186878452049,12.49100461235006,0.6567281802062126,12.543205825655406,12.49589686968458,12.382515958905852,22.979719828630873,7.158337164247718,23.110222861894233,22.988720121751065,22.813724651742888,11.355255357149515,63.562683221245045,pnadc_sewer_2019
1,1.0,Norte,2025,12,"1,2,3,4,5,6,7,8,9,10,11,12",286451.0,136.0,27354.0,1708.0,286451.0,12957.0,13086.0,598.0,672.0,12957.0,4067.0,4090.0,28.0,43.0,4067.0,6993.0,7062.0,140.0,179.0,6993.0,14277.0,45.23286705230563,21.861519339036338,45.68320585370622,45.25435272339905,44.896753083430276,14.197890738730184,1.0236162901221029,14.278183703320988,14.204634755426715,14.067431450456587,24.412552234064464,5.118081450610514,24.65343112783687,24.424148228349896,24.241538884975988,9.54927718876876,60.676246830092985,pnadc_sewer_2019
2,2.0,Nordeste,2019,12,"1,2,3,4,5,6,7,8,9,10,11,12",779342.0,323.0,20097.0,5493.0,779342.0,38670.0,40478.0,408.0,2604.0,38670.0,8672.0,8805.0,8.0,208.0,8672.0,16922.0,17402.0,99.0,671.0,16922.0,40441.0,49.61878097164018,20.301537542916854,51.938686738299744,49.63935411074698,48.78353602724968,11.127335624154735,0.39806936358660494,11.29799240898091,11.131949284934,11.042772632861801,21.713188818259507,4.926108374384237,22.32909300409833,21.722191628188785,21.46611384288292,2.5787138380839223,77.64653193752449,pnadc_sewer_2019
2,2.0,Nordeste,2022,12,"1,2,3,4,5,6,7,8,9,10,11,12",701089.0,270.0,37249.0,6401.0,701089.0,39372.0,40902.0,2144.0,2898.0,39372.0,7739.0,7940.0,48.0,273.0,7739.0,15370.0,15861.0,306.0,900.0,15370.0,41495.0,56.15834794155949,57.558592176971196,58.34066716208641,56.179983704779694,54.190472777679965,11.038541469057424,1.2886251979918923,11.32523830783253,11.042794216481003,10.815010205377863,21.923036875489416,8.214985637198314,22.623375919462436,21.931483022007107,21.43999442278736,5.3130201729024416,75.45347214768702,pnadc_sewer_2019
2,2.0,Nordeste,2023,12,"1,2,3,4,5,6,7,8,9,10,11,12",699972.0,284.0,57283.0,7106.0,699972.0,39113.0,40951.0,3079.0,2991.0,39113.0,8261.0,8496.0,50.0,239.0,8261.0,15019.0,15576.0,457.0,834.0,15019.0,41563.0,55.87794940369044,53.75067646596722,58.50376872217746,55.90062999508352,53.792092809661995,11.80190064745447,0.8728593125360055,12.137628362277349,11.806690982266382,11.564764748041435,21.45657254861623,7.97793411657909,22.25231866417514,21.465281668400774,21.031239327782718,8.183613058808067,73.61237950279046,pnadc_sewer_2019
2,2.0,Nordeste,2024,12,"1,2,3,4,5,6,7,8,9,10,11,12",682214.0,254.0,61421.0,7140.0,682214.0,37758.0,40434.0,2828.0,2680.0,37758.0,7956.0,8223.0,70.0,272.0,7956.0,14527.0,15395.0,416.0,881.0,14527.0,40081.0,55.34626964559508,46.042884355513586,59.26879249033295,55.36688368819286,53.16904970963279,11.662029802965051,1.1396753553344947,12.053402598011768,11.666373394333979,11.356866101453107,21.293904845107253,6.772927825987854,22.566232882937026,21.301835884802628,20.735870888761102,9.003186683357422,74.93268175925003,pnadc_sewer_2019
2,2.0,Nordeste,2025,12,"1,2,3,4,5,6,7,8,9,10,11,12",690468.0,287.0,86717.0,7767.0,690468.0,40434.0,42910.0,4623.0,3130.0,40434.0,8610.0,8846.0,207.0,307.0,8610.0,14845.0,15895.0,807.0,845.0,14845.0,43133.0,58.56028085298667,53.311346102840275,62.14625442453524,58.58463214721935,56.658116415834364,12.469803090078035,2.3870751986346392,12.81160024794777,12.474988445060063,12.219403595293008,21.49991020583141,9.30613374540171,23.020617899743364,21.50885057687766,21.076376100339676,12.559162770758384,72.89751447054817,pnadc_sewer_2019
3,3.0,Sudeste,2019,12,"1,2,3,4,5,6,7,8,9,10,11,12",886670.0,340.0,97079.0,6343.0,886670.0,31794.0,38476.0,1630.0,2095.0,31794.0,7348.0,8378.0,102.0,248.0,7348.0,16851.0,19494.0,687.0,900.0,16851.0,33427.0,35.85775993323333,16.79044901575006,43.39382182773749,35.871515124163686,34.59309318242981,8.287186890274848,1.0506906746052185,9.448836658508803,8.290365890808165,8.196430008251358,19.00481577136928,7.076710720135147,21.985631632963784,19.012106100436633,18.629528715231597,10.948718237901362,94.3990241972704,pnadc_sewer_2019
3,3.0,Sudeste,2022,12,"1,2,3,4,5,6,7,8,9,10,11,12",798623.0,249.0,90488.0,7255.0,798623.0,30498.0,38127.0,1767.0,2460.0,30498.0,6372.0,7705.0,137.0,250.0,6372.0,15713.0,19700.0,582.0,926.0,15713.0,32489.0,38.18823149345811,19.527451153744142,47.74092406554782,38.20014178818448,36.44465732694255,7.978733394855896,1.514012907788878,9.64785637278165,7.981221833376337,7.80415811664473,19.6751157930588,6.431792060825745,24.667458863568918,19.681252144984683,19.10844354486129,11.330502627647839,94.00584795321636,pnadc_sewer_2019
3,3.0,Sudeste,2023,12,"1,2,3,4,5,6,7,8,9,10,11,12",800726.0,266.0,110547.0,8003.0,800726.0,30129.0,37650.0,1888.0,2624.0,30129.0,6554.0,7931.0,70.0,315.0,6554.0,15356.0,19766.0,524.0,1039.0,15356.0,32128.0,37.62710340366118,17.078708603580377,47.01982950472446,37.63960722584514,35.90107934042467,8.185072047117242,0.6332148317005437,9.90476142900318,8.187792019588736,8.063609490781742,19.17759633132932,4.7400653115869265,24.685098273316964,19.183969217699822,18.711522722186672,13.80584619457842,93.8524465065169,pnadc_sewer_2019
3,3.0,Sudeste,2024,12,"1,2,3,4,5,6,7,8,9,10,11,12",769186.0,284.0,118703.0,8763.0,769186.0,29643.0,37312.0,1895.0,2799.0,29643.0,7296.0,8731.0,123.0,362.0,7296.0,15978.0,19979.0,532.0,1175.0,15978.0,32218.0,38.53814291991794,15.96421320438405,48.50842319022967,38.55237728605206,36.92452501029414,9.485352047489163,1.0361995905747958,11.350960625908428,9.488855536856452,9.351392623350801,20.772608965841812,4.4817738389088735,25.97421169912089,20.780281492309815,20.244976106741618,15.432288159170863,94.425766944828,pnadc_sewer_2019
3,3.0,Sudeste,2025,12,"1,2,3,4,5,6,7,8,9,10,11,12",783436.0,262.0,140984.0,9116.0,783436.0,32007.0,40595.0,2044.0,2950.0,32007.0,8170.0,9763.0,296.0,420.0,8170.0,17353.0,22056.0,807.0,1355.0,17353.0,35005.0,40.85464543370486,14.498099075072348,51.81661297157649,40.86831278872894,39.35122781029263,10.428420445320358,2.099529024570164,12.461770967890166,10.431909128750444,10.270425219236703,22.149862911584353,5.724053793338251,28.15290591701173,22.15727284102894,21.66307130195836,17.99559887470068,95.1996239607509,pnadc_sewer_2019
4,4.0,Sul,2019,12,"1,2,3,4,5,6,7,8,9,10,11,12",322666.0,62.0,55482.0,945.0,322666.0,10538.0,10792.0,860.0,271.0,10538.0,1915.0,1989.0,49.0,20.0,1915.0,5243.0,5398.0,353.0,173.0,5243.0,10913.0,32.65915838669088,15.500522692044267,33.44635009576466,32.66543502250437,31.539356307586587,5.934929617623177,0.8831693161746151,6.1642689344399475,5.936070228515455,5.935890133151703,16.249000514463873,6.362423849176309,16.7293734077963,16.25212334626973,15.937861032687552,17.194870237335202,91.53002904525438,pnadc_sewer_2019
4,4.0,Sul,2022,12,"1,2,3,4,5,6,7,8,9,10,11,12",307046.0,67.0,54672.0,994.0,307046.0,10113.0,10534.0,1006.0,243.0,10113.0,1701.0,1737.0,34.0,47.0,1701.0,4868.0,4967.0,319.0,154.0,4868.0,10542.0,32.936432977469174,18.400643839625403,34.30756303615745,32.94362155065982,31.340378161780162,5.539886531659751,0.6218905472636815,5.657132807462074,5.541095644978973,5.423186385989955,15.854301961269647,5.834796605209248,16.176729219726035,15.857762257353109,15.354298954589389,17.805801085179418,90.55400915866032,pnadc_sewer_2019
4,4.0,Sul,2023,12,"1,2,3,4,5,6,7,8,9,10,11,12",310617.0,74.0,62867.0,1167.0,310617.0,10587.0,10911.0,1156.0,311.0,10587.0,1776.0,1825.0,58.0,35.0,1776.0,4843.0,4960.0,379.0,203.0,4843.0,10983.0,34.08377519581993,18.388025514180733,35.12686041008702,34.09189709637635,32.491627078119514,5.717652285612185,0.9225825950021473,5.875402827276035,5.719014758020628,5.597535427114704,15.59154843424539,6.028600060445067,15.968218094952949,15.595263779895216,15.062050770323923,20.239394495471917,89.63053328685953,pnadc_sewer_2019
4,4.0,Sul,2024,12,"1,2,3,4,5,6,7,8,9,10,11,12",292387.0,99.0,61999.0,1132.0,292387.0,10197.0,10517.0,1161.0,292.0,10197.0,2277.0,2328.0,63.0,41.0,2277.0,5150.0,5263.0,344.0,161.0,5150.0,11111.0,34.87501154292085,18.726108485620735,35.96945144619973,34.88682395445588,33.13653656751971,7.7876239367687345,1.01614542170035,7.962050296353805,7.790261659732866,7.616494113038693,17.61364219339437,5.54847658833207,18.000116284239724,17.619608057806,17.00128771902243,21.2044311135584,91.63951294803636,pnadc_sewer_2019
4,4.0,Sul,2025,12,"1,2,3,4,5,6,7,8,9,10,11,12",303541.0,62.0,71849.0,1308.0,303541.0,10786.0,11093.0,1450.0,368.0,10786.0,2486.0,2554.0,140.0,41.0,2486.0,5319.0,5457.0,454.0,191.0,5319.0,11715.0,35.533914693566935,20.181213378056757,36.54531018873892,35.54117418338666,33.84415777455341,8.189997397386184,1.9485309468468595,8.414019852342847,8.191670593352423,7.949582301677325,17.523168204624746,6.318807499060529,17.97780201027209,17.526748144023145,16.833288990513665,23.6702784796782,91.3785991254847,pnadc_sewer_2019
5,5.0,Centro-Oeste,2019,12,"1,2,3,4,5,6,7,8,9,10,11,12",198592.0,64.0,12087.0,903.0,198592.0,7222.0,7399.0,202.0,321.0,7222.0,1927.0,2005.0,4.0,46.0,1927.0,3906.0,4022.0,58.0,131.0,3906.0,7475.0,36.366016757976155,16.712170100107553,37.25729133097003,36.37774016763378,35.730315204526136,9.703311311633902,0.33093406138826836,10.096076377699001,9.706439393939394,9.63183185011491,19.66846600064454,4.798543890129892,20.252578150177246,19.67480657640232,19.463475488499874,6.086347889139542,87.19851576994434,pnadc_sewer_2019
5,5.0,Centro-Oeste,2022,12,"1,2,3,4,5,6,7,8,9,10,11,12",191463.0,109.0,13726.0,1068.0,191463.0,7245.0,7388.0,628.0,339.0,7245.0,1718.0,1766.0,15.0,42.0,1718.0,3585.0,3678.0,84.0,174.0,3585.0,7635.0,37.840209335485184,45.75258633250765,38.58708993382533,37.86176406032798,36.81932145517688,8.97301306257606,1.0928165525280489,9.223714242438486,8.978124314098476,8.840325882695812,18.72424437097507,6.119772694157074,19.209977906958525,18.734910166497695,18.507026566579132,7.169009155816006,85.16454814556852,pnadc_sewer_2019
5,5.0,Centro-Oeste,2023,12,"1,2,3,4,5,6,7,8,9,10,11,12",195638.0,78.0,16295.0,1076.0,195638.0,7150.0,7342.0,551.0,331.0,7150.0,1624.0,1670.0,19.0,43.0,1624.0,3525.0,3644.0,99.0,154.0,3525.0,7608.0,36.547092078226115,33.81405339061062,37.5284965088582,36.56166905297607,35.33944449140509,8.301045809096392,1.1660018410555386,8.536173953935329,8.304356719165474,8.153481025427624,18.01797196863595,6.075483277078859,18.62623825637146,18.025158519124567,17.701340461805984,8.329158956848874,83.38815789473684,pnadc_sewer_2019
5,5.0,Centro-Oeste,2024,12,"1,2,3,4,5,6,7,8,9,10,11,12",193222.0,223.0,19090.0,1202.0,193222.0,6908.0,7061.0,636.0,378.0,6908.0,1696.0,1749.0,29.0,48.0,1696.0,3549.0,3653.0,136.0,195.0,3549.0,7457.0,35.75162248605231,33.31587218438973,36.54345778431028,35.79293156959363,34.69291015512661,8.77746840421898,1.5191199580932426,9.051764291850825,8.787610298498956,8.536005838830368,18.36747368312097,7.1241487689889995,18.905714670172134,18.388696314488676,17.971820789590563,9.879827348852615,81.54471544715447,pnadc_sewer_2019
5,5.0,Centro-Oeste,2025,12,"1,2,3,4,5,6,7,8,9,10,11,12",200828.0,70.0,18159.0,1085.0,200828.0,7210.0,7368.0,557.0,340.0,7210.0,1594.0,1617.0,30.0,60.0,1594.0,3531.0,3594.0,111.0,193.0,3531.0,7734.0,35.90136833509272,30.673495236521834,36.68811121955106,35.91388637065522,34.85888954391588,7.937140239408848,1.6520733520568314,8.051666102336327,7.939907749628906,7.750168236464779,17.582209652040554,6.1126714026102755,17.895910928754954,17.588340190677332,17.187421266540422,9.042065847391799,84.44863336475024,pnadc_sewer_2019
