uf,year,month,status,name,directory,bytes,modified,observed_utc,processing_status,processed
AC,2002,1,available,RDAC0201.dbc,/dissemin/publicos/SIHSUS/199201_200712/Dados,161849.0,,2026-09-16T09:42:18.531232+00:00,ok,True
AC,2002,2,available,RDAC0202.dbc,/dissemin/publicos/SIHSUS/199201_200712/Dados,154423.0,,2026-09-16T09:42:18.531232+00:00,ok,True
AC,2002,3,available,RDAC0203.dbc,/dissemin/publicos/SIHSUS/199201_200712/Dados,155757.0,,2026-09-16T09:42:18.531232+00:00,ok,True
AC,2002,4,available,RDAC0204.dbc,/dissemin/publicos/SIHSUS/199201_200712/Dados,142915.0,,2026-09-16T09:42:18.531232+00:00,ok,True
AC,2002,5,available,RDAC0205.dbc,/dissemin/publicos/SIHSUS/199201_200712/Dados,163290.0,,2026-09-16T09:42:18.531232+00:00,ok,True
AC,2002,6,available,RDAC0206.dbc,/dissemin/publicos/SIHSUS/199201_200712/Dados,163261.0,,2026-09-16T09:42:18.531232+00:00,ok,True
AC,2002,7,available,RDAC0207.dbc,/dissemin/publicos/SIHSUS/199201_200712/Dados,198932.0,,2026-09-16T09:42:18.531232+00:00,ok,True
AC,2002,8,available,RDAC0208.dbc,/dissemin/publicos/SIHSUS/199201_200712/Dados,181194.0,,2026-09-16T09:42:18.531232+00:00,ok,True
AC,2002,9,available,RDAC0209.dbc,/dissemin/publicos/SIHSUS/199201_200712/Dados,167565.0,,2026-09-16T09:42:18.531232+00:00,ok,True
AC,2002,10,available,RDAC0210.dbc,/dissemin/publicos/SIHSUS/199201_200712/Dados,193299.0,,2026-09-16T09:42:18.531232+00:00,ok,True
AC,2002,11,available,RDAC0211.dbc,/dissemin/publicos/SIHSUS/199201_200712/Dados,173370.0,,2026-09-16T09:42:18.531232+00:00,ok,True
AC,2002,12,available,RDAC0212.dbc,/dissemin/publicos/SIHSUS/199201_200712/Dados,168688.0,,2026-09-16T09:42:18.531232+00:00,ok,True
AL,2002,1,available,RDAL0201.dbc,/dissemin/publicos/SIHSUS/199201_200712/Dados,856898.0,,2026-09-16T09:42:18.531232+00:00,ok,True
AL,2002,2,available,RDAL0202.dbc,/dissemin/publicos/SIHSUS/199201_200712/Dados,839556.0,,2026-09-16T09:42:18.531232+00:00,ok,True
AL,2002,3,available,RDAL0203.dbc,/dissemin/publicos/SIHSUS/199201_200712/Dados,910074.0,,2026-09-16T09:42:18.531232+00:00,ok,True
AL,2002,4,available,RDAL0204.dbc,/dissemin/publicos/SIHSUS/199201_200712/Dados,873713.0,,2026-09-16T09:42:18.531232+00:00,ok,True
AL,2002,5,available,RDAL0205.dbc,/dissemin/publicos/SIHSUS/199201_200712/Dados,863799.0,,2026-09-16T09:42:18.531232+00:00,ok,True
AL,2002,6,available,RDAL0206.dbc,/dissemin/publicos/SIHSUS/199201_200712/Dados,899158.0,,2026-09-16T09:42:18.531232+00:00,ok,True
AL,2002,7,available,RDAL0207.dbc,/dissemin/publicos/SIHSUS/199201_200712/Dados,881744.0,,2026-09-16T09:42:18.531232+00:00,ok,True
AL,2002,8,available,RDAL0208.dbc,/dissemin/publicos/SIHSUS/199201_200712/Dados,892260.0,,2026-09-16T09:42:18.531232+00:00,ok,True
AL,2002,9,available,RDAL0209.dbc,/dissemin/publicos/SIHSUS/199201_200712/Dados,886418.0,,2026-09-16T09:42:18.531232+00:00,ok,True
AL,2002,10,available,RDAL0210.dbc,/dissemin/publicos/SIHSUS/199201_200712/Dados,891590.0,,2026-09-16T09:42:18.531232+00:00,ok,True
AL,2002,11,available,RDAL0211.dbc,/dissemin/publicos/SIHSUS/199201_200712/Dados,911289.0,,2026-09-16T09:42:18.531232+00:00,ok,True
AL,2002,12,available,RDAL0212.dbc,/dissemin/publicos/SIHSUS/199201_200712/Dados,919545.0,,2026-09-16T09:42:18.531232+00:00,ok,True
AM,2002,1,available,RDAM0201.dbc,/dissemin/publicos/SIHSUS/199201_200712/Dados,483135.0,,2026-09-16T09:42:18.531232+00:00,ok,True
AM,2002,2,available,RDAM0202.dbc,/dissemin/publicos/SIHSUS/199201_200712/Dados,473128.0,,2026-09-16T09:42:18.531232+00:00,ok,True
AM,2002,3,available,RDAM0203.dbc,/dissemin/publicos/SIHSUS/199201_200712/Dados,464274.0,,2026-09-16T09:42:18.531232+00:00,ok,True
AM,2002,4,available,RDAM0204.dbc,/dissemin/publicos/SIHSUS/199201_200712/Dados,508033.0,,2026-09-16T09:42:18.531232+00:00,ok,True
AM,2002,5,available,RDAM0205.dbc,/dissemin/publicos/SIHSUS/199201_200712/Dados,511576.0,,2026-09-16T09:42:18.531232+00:00,ok,True
AM,2002,6,available,RDAM0206.dbc,/dissemin/publicos/SIHSUS/199201_200712/Dados,516866.0,,2026-09-16T09:42:18.531232+00:00,ok,True
AM,2002,7,available,RDAM0207.dbc,/dissemin/publicos/SIHSUS/199201_200712/Dados,471285.0,,2026-09-16T09:42:18.531232+00:00,ok,True
AM,2002,8,available,RDAM0208.dbc,/dissemin/publicos/SIHSUS/199201_200712/Dados,490852.0,,2026-09-16T09:42:18.531232+00:00,ok,True
AM,2002,9,available,RDAM0209.dbc,/dissemin/publicos/SIHSUS/199201_200712/Dados,534228.0,,2026-09-16T09:42:18.531232+00:00,ok,True
AM,2002,10,available,RDAM0210.dbc,/dissemin/publicos/SIHSUS/199201_200712/Dados,536489.0,,2026-09-16T09:42:18.531232+00:00,ok,True
AM,2002,11,available,RDAM0211.dbc,/dissemin/publicos/SIHSUS/199201_200712/Dados,552406.0,,2026-09-16T09:42:18.531232+00:00,ok,True
AM,2002,12,available,RDAM0212.dbc,/dissemin/publicos/SIHSUS/199201_200712/Dados,521155.0,,2026-09-16T09:42:18.531232+00:00,ok,True
AP,2002,1,available,RDAP0201.dbc,/dissemin/publicos/SIHSUS/199201_200712/Dados,107502.0,,2026-09-16T09:42:18.531232+00:00,ok,True
AP,2002,2,available,RDAP0202.dbc,/dissemin/publicos/SIHSUS/199201_200712/Dados,110328.0,,2026-09-16T09:42:18.531232+00:00,ok,True
AP,2002,3,available,RDAP0203.dbc,/dissemin/publicos/SIHSUS/199201_200712/Dados,134846.0,,2026-09-16T09:42:18.531232+00:00,ok,True
AP,2002,4,available,RDAP0204.dbc,/dissemin/publicos/SIHSUS/199201_200712/Dados,120252.0,,2026-09-16T09:42:18.531232+00:00,ok,True
AP,2002,5,available,RDAP0205.dbc,/dissemin/publicos/SIHSUS/199201_200712/Dados,120820.0,,2026-09-16T09:42:18.531232+00:00,ok,True
AP,2002,6,available,RDAP0206.dbc,/dissemin/publicos/SIHSUS/199201_200712/Dados,123118.0,,2026-09-16T09:42:18.531232+00:00,ok,True
AP,2002,7,available,RDAP0207.dbc,/dissemin/publicos/SIHSUS/199201_200712/Dados,125603.0,,2026-09-16T09:42:18.531232+00:00,ok,True
AP,2002,8,available,RDAP0208.dbc,/dissemin/publicos/SIHSUS/199201_200712/Dados,129282.0,,2026-09-16T09:42:18.531232+00:00,ok,True
AP,2002,9,available,RDAP0209.dbc,/dissemin/publicos/SIHSUS/199201_200712/Dados,127122.0,,2026-09-16T09:42:18.531232+00:00,ok,True
AP,2002,10,available,RDAP0210.dbc,/dissemin/publicos/SIHSUS/199201_200712/Dados,112491.0,,2026-09-16T09:42:18.531232+00:00,ok,True
AP,2002,11,available,RDAP0211.dbc,/dissemin/publicos/SIHSUS/199201_200712/Dados,111640.0,,2026-09-16T09:42:18.531232+00:00,ok,True
AP,2002,12,available,RDAP0212.dbc,/dissemin/publicos/SIHSUS/199201_200712/Dados,107752.0,,2026-09-16T09:42:18.531232+00:00,ok,True
BA,2002,1,available,RDBA0201.dbc,/dissemin/publicos/SIHSUS/199201_200712/Dados,4050393.0,,2026-09-16T09:42:18.531232+00:00,ok,True
BA,2002,2,available,RDBA0202.dbc,/dissemin/publicos/SIHSUS/199201_200712/Dados,3956402.0,,2026-09-16T09:42:18.531232+00:00,ok,True
BA,2002,3,available,RDBA0203.dbc,/dissemin/publicos/SIHSUS/199201_200712/Dados,4153235.0,,2026-09-16T09:42:18.531232+00:00,ok,True
BA,2002,4,available,RDBA0204.dbc,/dissemin/publicos/SIHSUS/199201_200712/Dados,4017217.0,,2026-09-16T09:42:18.531232+00:00,ok,True
BA,2002,5,available,RDBA0205.dbc,/dissemin/publicos/SIHSUS/199201_200712/Dados,4327366.0,,2026-09-16T09:42:18.531232+00:00,ok,True
BA,2002,6,available,RDBA0206.dbc,/dissemin/publicos/SIHSUS/199201_200712/Dados,4133953.0,,2026-09-16T09:42:18.531232+00:00,ok,True
BA,2002,7,available,RDBA0207.dbc,/dissemin/publicos/SIHSUS/199201_200712/Dados,4253729.0,,2026-09-16T09:42:18.531232+00:00,ok,True
BA,2002,8,available,RDBA0208.dbc,/dissemin/publicos/SIHSUS/199201_200712/Dados,4282357.0,,2026-09-16T09:42:18.531232+00:00,ok,True
BA,2002,9,available,RDBA0209.dbc,/dissemin/publicos/SIHSUS/199201_200712/Dados,3917449.0,,2026-09-16T09:42:18.531232+00:00,ok,True
BA,2002,10,available,RDBA0210.dbc,/dissemin/publicos/SIHSUS/199201_200712/Dados,4130821.0,,2026-09-16T09:42:18.531232+00:00,ok,True
BA,2002,11,available,RDBA0211.dbc,/dissemin/publicos/SIHSUS/199201_200712/Dados,4036830.0,,2026-09-16T09:42:18.531232+00:00,ok,True
BA,2002,12,available,RDBA0212.dbc,/dissemin/publicos/SIHSUS/199201_200712/Dados,4006709.0,,2026-09-16T09:42:18.531232+00:00,ok,True
CE,2002,1,available,RDCE0201.dbc,/dissemin/publicos/SIHSUS/199201_200712/Dados,2014509.0,,2026-09-16T09:42:18.531232+00:00,ok,True
CE,2002,2,available,RDCE0202.dbc,/dissemin/publicos/SIHSUS/199201_200712/Dados,2059979.0,,2026-09-16T09:42:18.531232+00:00,ok,True
CE,2002,3,available,RDCE0203.dbc,/dissemin/publicos/SIHSUS/199201_200712/Dados,2077663.0,,2026-09-16T09:42:18.531232+00:00,ok,True
CE,2002,4,available,RDCE0204.dbc,/dissemin/publicos/SIHSUS/199201_200712/Dados,2157950.0,,2026-09-16T09:42:18.531232+00:00,ok,True
CE,2002,5,available,RDCE0205.dbc,/dissemin/publicos/SIHSUS/199201_200712/Dados,2170219.0,,2026-09-16T09:42:18.531232+00:00,ok,True
CE,2002,6,available,RDCE0206.dbc,/dissemin/publicos/SIHSUS/199201_200712/Dados,2183873.0,,2026-09-16T09:42:18.531232+00:00,ok,True
CE,2002,7,available,RDCE0207.dbc,/dissemin/publicos/SIHSUS/199201_200712/Dados,2117259.0,,2026-09-16T09:42:18.531232+00:00,ok,True
CE,2002,8,available,RDCE0208.dbc,/dissemin/publicos/SIHSUS/199201_200712/Dados,2202281.0,,2026-09-16T09:42:18.531232+00:00,ok,True
CE,2002,9,available,RDCE0209.dbc,/dissemin/publicos/SIHSUS/199201_200712/Dados,2181395.0,,2026-09-16T09:42:18.531232+00:00,ok,True
CE,2002,10,available,RDCE0210.dbc,/dissemin/publicos/SIHSUS/199201_200712/Dados,2121354.0,,2026-09-16T09:42:18.531232+00:00,ok,True
CE,2002,11,available,RDCE0211.dbc,/dissemin/publicos/SIHSUS/199201_200712/Dados,2082393.0,,2026-09-16T09:42:18.531232+00:00,ok,True
CE,2002,12,available,RDCE0212.dbc,/dissemin/publicos/SIHSUS/199201_200712/Dados,2053440.0,,2026-09-16T09:42:18.531232+00:00,ok,True
DF,2002,1,available,RDDF0201.dbc,/dissemin/publicos/SIHSUS/199201_200712/Dados,707821.0,,2026-09-16T09:42:18.531232+00:00,ok,True
DF,2002,2,available,RDDF0202.dbc,/dissemin/publicos/SIHSUS/199201_200712/Dados,659516.0,,2026-09-16T09:42:18.531232+00:00,ok,True
DF,2002,3,available,RDDF0203.dbc,/dissemin/publicos/SIHSUS/199201_200712/Dados,752425.0,,2026-09-16T09:42:18.531232+00:00,ok,True
DF,2002,4,available,RDDF0204.dbc,/dissemin/publicos/SIHSUS/199201_200712/Dados,763616.0,,2026-09-16T09:42:18.531232+00:00,ok,True
DF,2002,5,available,RDDF0205.dbc,/dissemin/publicos/SIHSUS/199201_200712/Dados,516568.0,,2026-09-16T09:42:18.531232+00:00,ok,True
DF,2002,6,available,RDDF0206.dbc,/dissemin/publicos/SIHSUS/199201_200712/Dados,416762.0,,2026-09-16T09:42:18.531232+00:00,ok,True
DF,2002,7,available,RDDF0207.dbc,/dissemin/publicos/SIHSUS/199201_200712/Dados,731616.0,,2026-09-16T09:42:18.531232+00:00,ok,True
DF,2002,8,available,RDDF0208.dbc,/dissemin/publicos/SIHSUS/199201_200712/Dados,755837.0,,2026-09-16T09:42:18.531232+00:00,ok,True
DF,2002,9,available,RDDF0209.dbc,/dissemin/publicos/SIHSUS/199201_200712/Dados,775553.0,,2026-09-16T09:42:18.531232+00:00,ok,True
DF,2002,10,available,RDDF0210.dbc,/dissemin/publicos/SIHSUS/199201_200712/Dados,792401.0,,2026-09-16T09:42:18.531232+00:00,ok,True
DF,2002,11,available,RDDF0211.dbc,/dissemin/publicos/SIHSUS/199201_200712/Dados,741392.0,,2026-09-16T09:42:18.531232+00:00,ok,True
DF,2002,12,available,RDDF0212.dbc,/dissemin/publicos/SIHSUS/199201_200712/Dados,535729.0,,2026-09-16T09:42:18.531232+00:00,ok,True
ES,2002,1,available,RDES0201.dbc,/dissemin/publicos/SIHSUS/199201_200712/Dados,918801.0,,2026-09-16T09:42:18.531232+00:00,ok,True
ES,2002,2,available,RDES0202.dbc,/dissemin/publicos/SIHSUS/199201_200712/Dados,839764.0,,2026-09-16T09:42:18.531232+00:00,ok,True
ES,2002,3,available,RDES0203.dbc,/dissemin/publicos/SIHSUS/199201_200712/Dados,971230.0,,2026-09-16T09:42:18.531232+00:00,ok,True
ES,2002,4,available,RDES0204.dbc,/dissemin/publicos/SIHSUS/199201_200712/Dados,934635.0,,2026-09-16T09:42:18.531232+00:00,ok,True
ES,2002,5,available,RDES0205.dbc,/dissemin/publicos/SIHSUS/199201_200712/Dados,875722.0,,2026-09-16T09:42:18.531232+00:00,ok,True
ES,2002,6,available,RDES0206.dbc,/dissemin/publicos/SIHSUS/199201_200712/Dados,939072.0,,2026-09-16T09:42:18.531232+00:00,ok,True
ES,2002,7,available,RDES0207.dbc,/dissemin/publicos/SIHSUS/199201_200712/Dados,927924.0,,2026-09-16T09:42:18.531232+00:00,ok,True
ES,2002,8,available,RDES0208.dbc,/dissemin/publicos/SIHSUS/199201_200712/Dados,916389.0,,2026-09-16T09:42:18.531232+00:00,ok,True
ES,2002,9,available,RDES0209.dbc,/dissemin/publicos/SIHSUS/199201_200712/Dados,1002454.0,,2026-09-16T09:42:18.531232+00:00,ok,True
ES,2002,10,available,RDES0210.dbc,/dissemin/publicos/SIHSUS/199201_200712/Dados,968731.0,,2026-09-16T09:42:18.531232+00:00,ok,True
ES,2002,11,available,RDES0211.dbc,/dissemin/publicos/SIHSUS/199201_200712/Dados,966111.0,,2026-09-16T09:42:18.531232+00:00,ok,True
ES,2002,12,available,RDES0212.dbc,/dissemin/publicos/SIHSUS/199201_200712/Dados,984925.0,,2026-09-16T09:42:18.531232+00:00,ok,True
GO,2002,1,available,RDGO0201.dbc,/dissemin/publicos/SIHSUS/199201_200712/Dados,1629730.0,,2026-09-16T09:42:18.531232+00:00,ok,True
GO,2002,2,available,RDGO0202.dbc,/dissemin/publicos/SIHSUS/199201_200712/Dados,1685258.0,,2026-09-16T09:42:18.531232+00:00,ok,True
GO,2002,3,available,RDGO0203.dbc,/dissemin/publicos/SIHSUS/199201_200712/Dados,1759167.0,,2026-09-16T09:42:18.531232+00:00,ok,True
GO,2002,4,available,RDGO0204.dbc,/dissemin/publicos/SIHSUS/199201_200712/Dados,1766759.0,,2026-09-16T09:42:18.531232+00:00,ok,True
GO,2002,5,available,RDGO0205.dbc,/dissemin/publicos/SIHSUS/199201_200712/Dados,1762459.0,,2026-09-16T09:42:18.531232+00:00,ok,True
GO,2002,6,available,RDGO0206.dbc,/dissemin/publicos/SIHSUS/199201_200712/Dados,1773554.0,,2026-09-16T09:42:18.531232+00:00,ok,True
GO,2002,7,available,RDGO0207.dbc,/dissemin/publicos/SIHSUS/199201_200712/Dados,1736042.0,,2026-09-16T09:42:18.531232+00:00,ok,True
GO,2002,8,available,RDGO0208.dbc,/dissemin/publicos/SIHSUS/199201_200712/Dados,1716436.0,,2026-09-16T09:42:18.531232+00:00,ok,True
GO,2002,9,available,RDGO0209.dbc,/dissemin/publicos/SIHSUS/199201_200712/Dados,1803943.0,,2026-09-16T09:42:18.531232+00:00,ok,True
GO,2002,10,available,RDGO0210.dbc,/dissemin/publicos/SIHSUS/199201_200712/Dados,1727588.0,,2026-09-16T09:42:18.531232+00:00,ok,True
GO,2002,11,available,RDGO0211.dbc,/dissemin/publicos/SIHSUS/199201_200712/Dados,1796260.0,,2026-09-16T09:42:18.531232+00:00,ok,True
GO,2002,12,available,RDGO0212.dbc,/dissemin/publicos/SIHSUS/199201_200712/Dados,1690428.0,,2026-09-16T09:42:18.531232+00:00,ok,True
MA,2002,1,available,RDMA0201.dbc,/dissemin/publicos/SIHSUS/199201_200712/Dados,1344406.0,,2026-09-16T09:42:18.531232+00:00,ok,True
MA,2002,2,available,RDMA0202.dbc,/dissemin/publicos/SIHSUS/199201_200712/Dados,1334844.0,,2026-09-16T09:42:18.531232+00:00,ok,True
MA,2002,3,available,RDMA0203.dbc,/dissemin/publicos/SIHSUS/199201_200712/Dados,1351371.0,,2026-09-16T09:42:18.531232+00:00,ok,True
MA,2002,4,available,RDMA0204.dbc,/dissemin/publicos/SIHSUS/199201_200712/Dados,1363369.0,,2026-09-16T09:42:18.531232+00:00,ok,True
MA,2002,5,available,RDMA0205.dbc,/dissemin/publicos/SIHSUS/199201_200712/Dados,1431645.0,,2026-09-16T09:42:18.531232+00:00,ok,True
MA,2002,6,available,RDMA0206.dbc,/dissemin/publicos/SIHSUS/199201_200712/Dados,1453347.0,,2026-09-16T09:42:18.531232+00:00,ok,True
MA,2002,7,available,RDMA0207.dbc,/dissemin/publicos/SIHSUS/199201_200712/Dados,1403113.0,,2026-09-16T09:42:18.531232+00:00,ok,True
MA,2002,8,available,RDMA0208.dbc,/dissemin/publicos/SIHSUS/199201_200712/Dados,1451779.0,,2026-09-16T09:42:18.531232+00:00,ok,True
MA,2002,9,available,RDMA0209.dbc,/dissemin/publicos/SIHSUS/199201_200712/Dados,1570274.0,,2026-09-16T09:42:18.531232+00:00,ok,True
MA,2002,10,available,RDMA0210.dbc,/dissemin/publicos/SIHSUS/199201_200712/Dados,1290995.0,,2026-09-16T09:42:18.531232+00:00,ok,True
MA,2002,11,available,RDMA0211.dbc,/dissemin/publicos/SIHSUS/199201_200712/Dados,1277859.0,,2026-09-16T09:42:18.531232+00:00,ok,True
MA,2002,12,available,RDMA0212.dbc,/dissemin/publicos/SIHSUS/199201_200712/Dados,1334054.0,,2026-09-16T09:42:18.531232+00:00,ok,True
MG,2002,1,available,RDMG0201.dbc,/dissemin/publicos/SIHSUS/199201_200712/Dados,5978088.0,,2026-09-16T09:42:18.531232+00:00,ok,True
MG,2002,2,available,RDMG0202.dbc,/dissemin/publicos/SIHSUS/199201_200712/Dados,5724154.0,,2026-09-16T09:42:18.531232+00:00,ok,True
MG,2002,3,available,RDMG0203.dbc,/dissemin/publicos/SIHSUS/199201_200712/Dados,5934684.0,,2026-09-16T09:42:18.531232+00:00,ok,True
MG,2002,4,available,RDMG0204.dbc,/dissemin/publicos/SIHSUS/199201_200712/Dados,6078368.0,,2026-09-16T09:42:18.531232+00:00,ok,True
MG,2002,5,available,RDMG0205.dbc,/dissemin/publicos/SIHSUS/199201_200712/Dados,6189806.0,,2026-09-16T09:42:18.531232+00:00,ok,True
MG,2002,6,available,RDMG0206.dbc,/dissemin/publicos/SIHSUS/199201_200712/Dados,6181881.0,,2026-09-16T09:42:18.531232+00:00,ok,True
MG,2002,7,available,RDMG0207.dbc,/dissemin/publicos/SIHSUS/199201_200712/Dados,6374478.0,,2026-09-16T09:42:18.531232+00:00,ok,True
MG,2002,8,available,RDMG0208.dbc,/dissemin/publicos/SIHSUS/199201_200712/Dados,6298830.0,,2026-09-16T09:42:18.531232+00:00,ok,True
MG,2002,9,available,RDMG0209.dbc,/dissemin/publicos/SIHSUS/199201_200712/Dados,6355646.0,,2026-09-16T09:42:18.531232+00:00,ok,True
MG,2002,10,available,RDMG0210.dbc,/dissemin/publicos/SIHSUS/199201_200712/Dados,6413481.0,,2026-09-16T09:42:18.531232+00:00,ok,True
MG,2002,11,available,RDMG0211.dbc,/dissemin/publicos/SIHSUS/199201_200712/Dados,6353868.0,,2026-09-16T09:42:18.531232+00:00,ok,True
MG,2002,12,available,RDMG0212.dbc,/dissemin/publicos/SIHSUS/199201_200712/Dados,6062169.0,,2026-09-16T09:42:18.531232+00:00,ok,True
MS,2002,1,available,RDMS0201.dbc,/dissemin/publicos/SIHSUS/199201_200712/Dados,815468.0,,2026-09-16T09:42:18.531232+00:00,ok,True
MS,2002,2,available,RDMS0202.dbc,/dissemin/publicos/SIHSUS/199201_200712/Dados,787664.0,,2026-09-16T09:42:18.531232+00:00,ok,True
MS,2002,3,available,RDMS0203.dbc,/dissemin/publicos/SIHSUS/199201_200712/Dados,835619.0,,2026-09-16T09:42:18.531232+00:00,ok,True
MS,2002,4,available,RDMS0204.dbc,/dissemin/publicos/SIHSUS/199201_200712/Dados,846345.0,,2026-09-16T09:42:18.531232+00:00,ok,True
MS,2002,5,available,RDMS0205.dbc,/dissemin/publicos/SIHSUS/199201_200712/Dados,812954.0,,2026-09-16T09:42:18.531232+00:00,ok,True
MS,2002,6,available,RDMS0206.dbc,/dissemin/publicos/SIHSUS/199201_200712/Dados,808344.0,,2026-09-16T09:42:18.531232+00:00,ok,True
MS,2002,7,available,RDMS0207.dbc,/dissemin/publicos/SIHSUS/199201_200712/Dados,866523.0,,2026-09-16T09:42:18.531232+00:00,ok,True
MS,2002,8,available,RDMS0208.dbc,/dissemin/publicos/SIHSUS/199201_200712/Dados,820430.0,,2026-09-16T09:42:18.531232+00:00,ok,True
MS,2002,9,available,RDMS0209.dbc,/dissemin/publicos/SIHSUS/199201_200712/Dados,799592.0,,2026-09-16T09:42:18.531232+00:00,ok,True
MS,2002,10,available,RDMS0210.dbc,/dissemin/publicos/SIHSUS/199201_200712/Dados,847786.0,,2026-09-16T09:42:18.531232+00:00,ok,True
MS,2002,11,available,RDMS0211.dbc,/dissemin/publicos/SIHSUS/199201_200712/Dados,792403.0,,2026-09-16T09:42:18.531232+00:00,ok,True
MS,2002,12,available,RDMS0212.dbc,/dissemin/publicos/SIHSUS/199201_200712/Dados,805632.0,,2026-09-16T09:42:18.531232+00:00,ok,True
MT,2002,1,available,RDMT0201.dbc,/dissemin/publicos/SIHSUS/199201_200712/Dados,768077.0,,2026-09-16T09:42:18.531232+00:00,ok,True
MT,2002,2,available,RDMT0202.dbc,/dissemin/publicos/SIHSUS/199201_200712/Dados,827000.0,,2026-09-16T09:42:18.531232+00:00,ok,True
MT,2002,3,available,RDMT0203.dbc,/dissemin/publicos/SIHSUS/199201_200712/Dados,823655.0,,2026-09-16T09:42:18.531232+00:00,ok,True
MT,2002,4,available,RDMT0204.dbc,/dissemin/publicos/SIHSUS/199201_200712/Dados,846761.0,,2026-09-16T09:42:18.531232+00:00,ok,True
MT,2002,5,available,RDMT0205.dbc,/dissemin/publicos/SIHSUS/199201_200712/Dados,861886.0,,2026-09-16T09:42:18.531232+00:00,ok,True
MT,2002,6,available,RDMT0206.dbc,/dissemin/publicos/SIHSUS/199201_200712/Dados,916351.0,,2026-09-16T09:42:18.531232+00:00,ok,True
MT,2002,7,available,RDMT0207.dbc,/dissemin/publicos/SIHSUS/199201_200712/Dados,877650.0,,2026-09-16T09:42:18.531232+00:00,ok,True
MT,2002,8,available,RDMT0208.dbc,/dissemin/publicos/SIHSUS/199201_200712/Dados,931073.0,,2026-09-16T09:42:18.531232+00:00,ok,True
MT,2002,9,available,RDMT0209.dbc,/dissemin/publicos/SIHSUS/199201_200712/Dados,953093.0,,2026-09-16T09:42:18.531232+00:00,ok,True
MT,2002,10,available,RDMT0210.dbc,/dissemin/publicos/SIHSUS/199201_200712/Dados,917656.0,,2026-09-16T09:42:18.531232+00:00,ok,True
MT,2002,11,available,RDMT0211.dbc,/dissemin/publicos/SIHSUS/199201_200712/Dados,935837.0,,2026-09-16T09:42:18.531232+00:00,ok,True
MT,2002,12,available,RDMT0212.dbc,/dissemin/publicos/SIHSUS/199201_200712/Dados,917447.0,,2026-09-16T09:42:18.531232+00:00,ok,True
PA,2002,1,available,RDPA0201.dbc,/dissemin/publicos/SIHSUS/199201_200712/Dados,1776878.0,,2026-09-16T09:42:18.531232+00:00,ok,True
PA,2002,2,available,RDPA0202.dbc,/dissemin/publicos/SIHSUS/199201_200712/Dados,1816464.0,,2026-09-16T09:42:18.531232+00:00,ok,True
PA,2002,3,available,RDPA0203.dbc,/dissemin/publicos/SIHSUS/199201_200712/Dados,1779643.0,,2026-09-16T09:42:18.531232+00:00,ok,True
PA,2002,4,available,RDPA0204.dbc,/dissemin/publicos/SIHSUS/199201_200712/Dados,1803727.0,,2026-09-16T09:42:18.531232+00:00,ok,True
PA,2002,5,available,RDPA0205.dbc,/dissemin/publicos/SIHSUS/199201_200712/Dados,1861371.0,,2026-09-16T09:42:18.531232+00:00,ok,True
PA,2002,6,available,RDPA0206.dbc,/dissemin/publicos/SIHSUS/199201_200712/Dados,1870531.0,,2026-09-16T09:42:18.531232+00:00,ok,True
PA,2002,7,available,RDPA0207.dbc,/dissemin/publicos/SIHSUS/199201_200712/Dados,1866413.0,,2026-09-16T09:42:18.531232+00:00,ok,True
PA,2002,8,available,RDPA0208.dbc,/dissemin/publicos/SIHSUS/199201_200712/Dados,1807242.0,,2026-09-16T09:42:18.531232+00:00,ok,True
PA,2002,9,available,RDPA0209.dbc,/dissemin/publicos/SIHSUS/199201_200712/Dados,1934009.0,,2026-09-16T09:42:18.531232+00:00,ok,True
PA,2002,10,available,RDPA0210.dbc,/dissemin/publicos/SIHSUS/199201_200712/Dados,1819366.0,,2026-09-16T09:42:18.531232+00:00,ok,True
PA,2002,11,available,RDPA0211.dbc,/dissemin/publicos/SIHSUS/199201_200712/Dados,1763456.0,,2026-09-16T09:42:18.531232+00:00,ok,True
PA,2002,12,available,RDPA0212.dbc,/dissemin/publicos/SIHSUS/199201_200712/Dados,1784752.0,,2026-09-16T09:42:18.531232+00:00,ok,True
PB,2002,1,available,RDPB0201.dbc,/dissemin/publicos/SIHSUS/199201_200712/Dados,1046590.0,,2026-09-16T09:42:18.531232+00:00,ok,True
PB,2002,2,available,RDPB0202.dbc,/dissemin/publicos/SIHSUS/199201_200712/Dados,1001055.0,,2026-09-16T09:42:18.531232+00:00,ok,True
PB,2002,3,available,RDPB0203.dbc,/dissemin/publicos/SIHSUS/199201_200712/Dados,1039876.0,,2026-09-16T09:42:18.531232+00:00,ok,True
PB,2002,4,available,RDPB0204.dbc,/dissemin/publicos/SIHSUS/199201_200712/Dados,1018432.0,,2026-09-16T09:42:18.531232+00:00,ok,True
PB,2002,5,available,RDPB0205.dbc,/dissemin/publicos/SIHSUS/199201_200712/Dados,1020338.0,,2026-09-16T09:42:18.531232+00:00,ok,True
PB,2002,6,available,RDPB0206.dbc,/dissemin/publicos/SIHSUS/199201_200712/Dados,994244.0,,2026-09-16T09:42:18.531232+00:00,ok,True
PB,2002,7,available,RDPB0207.dbc,/dissemin/publicos/SIHSUS/199201_200712/Dados,1004218.0,,2026-09-16T09:42:18.531232+00:00,ok,True
PB,2002,8,available,RDPB0208.dbc,/dissemin/publicos/SIHSUS/199201_200712/Dados,1026887.0,,2026-09-16T09:42:18.531232+00:00,ok,True
PB,2002,9,available,RDPB0209.dbc,/dissemin/publicos/SIHSUS/199201_200712/Dados,1117474.0,,2026-09-16T09:42:18.531232+00:00,ok,True
PB,2002,10,available,RDPB0210.dbc,/dissemin/publicos/SIHSUS/199201_200712/Dados,1045851.0,,2026-09-16T09:42:18.531232+00:00,ok,True
PB,2002,11,available,RDPB0211.dbc,/dissemin/publicos/SIHSUS/199201_200712/Dados,1063365.0,,2026-09-16T09:42:18.531232+00:00,ok,True
PB,2002,12,available,RDPB0212.dbc,/dissemin/publicos/SIHSUS/199201_200712/Dados,1014548.0,,2026-09-16T09:42:18.531232+00:00,ok,True
PE,2002,1,available,RDPE0201.dbc,/dissemin/publicos/SIHSUS/199201_200712/Dados,2130494.0,,2026-09-16T09:42:18.531232+00:00,ok,True
PE,2002,2,available,RDPE0202.dbc,/dissemin/publicos/SIHSUS/199201_200712/Dados,2050896.0,,2026-09-16T09:42:18.531232+00:00,ok,True
PE,2002,3,available,RDPE0203.dbc,/dissemin/publicos/SIHSUS/199201_200712/Dados,2091017.0,,2026-09-16T09:42:18.531232+00:00,ok,True
PE,2002,4,available,RDPE0204.dbc,/dissemin/publicos/SIHSUS/199201_200712/Dados,2253447.0,,2026-09-16T09:42:18.531232+00:00,ok,True
PE,2002,5,available,RDPE0205.dbc,/dissemin/publicos/SIHSUS/199201_200712/Dados,2203883.0,,2026-09-16T09:42:18.531232+00:00,ok,True
PE,2002,6,available,RDPE0206.dbc,/dissemin/publicos/SIHSUS/199201_200712/Dados,2185298.0,,2026-09-16T09:42:18.531232+00:00,ok,True
PE,2002,7,available,RDPE0207.dbc,/dissemin/publicos/SIHSUS/199201_200712/Dados,2127617.0,,2026-09-16T09:42:18.531232+00:00,ok,True
PE,2002,8,available,RDPE0208.dbc,/dissemin/publicos/SIHSUS/199201_200712/Dados,2252070.0,,2026-09-16T09:42:18.531232+00:00,ok,True
PE,2002,9,available,RDPE0209.dbc,/dissemin/publicos/SIHSUS/199201_200712/Dados,2255510.0,,2026-09-16T09:42:18.531232+00:00,ok,True
PE,2002,10,available,RDPE0210.dbc,/dissemin/publicos/SIHSUS/199201_200712/Dados,2238894.0,,2026-09-16T09:42:18.531232+00:00,ok,True
PE,2002,11,available,RDPE0211.dbc,/dissemin/publicos/SIHSUS/199201_200712/Dados,2174900.0,,2026-09-16T09:42:18.531232+00:00,ok,True
PE,2002,12,available,RDPE0212.dbc,/dissemin/publicos/SIHSUS/199201_200712/Dados,2182951.0,,2026-09-16T09:42:18.531232+00:00,ok,True
PI,2002,1,available,RDPI0201.dbc,/dissemin/publicos/SIHSUS/199201_200712/Dados,1084291.0,,2026-09-16T09:42:18.531232+00:00,ok,True
PI,2002,2,available,RDPI0202.dbc,/dissemin/publicos/SIHSUS/199201_200712/Dados,1102148.0,,2026-09-16T09:42:18.531232+00:00,ok,True
PI,2002,3,available,RDPI0203.dbc,/dissemin/publicos/SIHSUS/199201_200712/Dados,1088566.0,,2026-09-16T09:42:18.531232+00:00,ok,True
PI,2002,4,available,RDPI0204.dbc,/dissemin/publicos/SIHSUS/199201_200712/Dados,1033751.0,,2026-09-16T09:42:18.531232+00:00,ok,True
PI,2002,5,available,RDPI0205.dbc,/dissemin/publicos/SIHSUS/199201_200712/Dados,1077017.0,,2026-09-16T09:42:18.531232+00:00,ok,True
PI,2002,6,available,RDPI0206.dbc,/dissemin/publicos/SIHSUS/199201_200712/Dados,1072428.0,,2026-09-16T09:42:18.531232+00:00,ok,True
PI,2002,7,available,RDPI0207.dbc,/dissemin/publicos/SIHSUS/199201_200712/Dados,1086504.0,,2026-09-16T09:42:18.531232+00:00,ok,True
PI,2002,8,available,RDPI0208.dbc,/dissemin/publicos/SIHSUS/199201_200712/Dados,1035204.0,,2026-09-16T09:42:18.531232+00:00,ok,True
PI,2002,9,available,RDPI0209.dbc,/dissemin/publicos/SIHSUS/199201_200712/Dados,1044964.0,,2026-09-16T09:42:18.531232+00:00,ok,True
PI,2002,10,available,RDPI0210.dbc,/dissemin/publicos/SIHSUS/199201_200712/Dados,1055076.0,,2026-09-16T09:42:18.531232+00:00,ok,True
PI,2002,11,available,RDPI0211.dbc,/dissemin/publicos/SIHSUS/199201_200712/Dados,1034893.0,,2026-09-16T09:42:18.531232+00:00,ok,True
PI,2002,12,available,RDPI0212.dbc,/dissemin/publicos/SIHSUS/199201_200712/Dados,954248.0,,2026-09-16T09:42:18.531232+00:00,ok,True
PR,2002,1,available,RDPR0201.dbc,/dissemin/publicos/SIHSUS/199201_200712/Dados,3567478.0,,2026-09-16T09:42:18.531232+00:00,ok,True
PR,2002,2,available,RDPR0202.dbc,/dissemin/publicos/SIHSUS/199201_200712/Dados,3451124.0,,2026-09-16T09:42:18.531232+00:00,ok,True
PR,2002,3,available,RDPR0203.dbc,/dissemin/publicos/SIHSUS/199201_200712/Dados,3625825.0,,2026-09-16T09:42:18.531232+00:00,ok,True
PR,2002,4,available,RDPR0204.dbc,/dissemin/publicos/SIHSUS/199201_200712/Dados,3724469.0,,2026-09-16T09:42:18.531232+00:00,ok,True
PR,2002,5,available,RDPR0205.dbc,/dissemin/publicos/SIHSUS/199201_200712/Dados,3711661.0,,2026-09-16T09:42:18.531232+00:00,ok,True
PR,2002,6,available,RDPR0206.dbc,/dissemin/publicos/SIHSUS/199201_200712/Dados,3766519.0,,2026-09-16T09:42:18.531232+00:00,ok,True
PR,2002,7,available,RDPR0207.dbc,/dissemin/publicos/SIHSUS/199201_200712/Dados,3496890.0,,2026-09-16T09:42:18.531232+00:00,ok,True
PR,2002,8,available,RDPR0208.dbc,/dissemin/publicos/SIHSUS/199201_200712/Dados,3458264.0,,2026-09-16T09:42:18.531232+00:00,ok,True
PR,2002,9,available,RDPR0209.dbc,/dissemin/publicos/SIHSUS/199201_200712/Dados,3528453.0,,2026-09-16T09:42:18.531232+00:00,ok,True
PR,2002,10,available,RDPR0210.dbc,/dissemin/publicos/SIHSUS/199201_200712/Dados,3888951.0,,2026-09-16T09:42:18.531232+00:00,ok,True
PR,2002,11,available,RDPR0211.dbc,/dissemin/publicos/SIHSUS/199201_200712/Dados,3961900.0,,2026-09-16T09:42:18.531232+00:00,ok,True
PR,2002,12,available,RDPR0212.dbc,/dissemin/publicos/SIHSUS/199201_200712/Dados,3725368.0,,2026-09-16T09:42:18.531232+00:00,ok,True
RJ,2002,1,available,RDRJ0201.dbc,/dissemin/publicos/SIHSUS/199201_200712/Dados,3790352.0,,2026-09-16T09:42:18.531232+00:00,ok,True
RJ,2002,2,available,RDRJ0202.dbc,/dissemin/publicos/SIHSUS/199201_200712/Dados,3550222.0,,2026-09-16T09:42:18.531232+00:00,ok,True
RJ,2002,3,available,RDRJ0203.dbc,/dissemin/publicos/SIHSUS/199201_200712/Dados,3999350.0,,2026-09-16T09:42:18.531232+00:00,ok,True
RJ,2002,4,available,RDRJ0204.dbc,/dissemin/publicos/SIHSUS/199201_200712/Dados,3972983.0,,2026-09-16T09:42:18.531232+00:00,ok,True
RJ,2002,5,available,RDRJ0205.dbc,/dissemin/publicos/SIHSUS/199201_200712/Dados,3802315.0,,2026-09-16T09:42:18.531232+00:00,ok,True
RJ,2002,6,available,RDRJ0206.dbc,/dissemin/publicos/SIHSUS/199201_200712/Dados,3769311.0,,2026-09-16T09:42:18.531232+00:00,ok,True
RJ,2002,7,available,RDRJ0207.dbc,/dissemin/publicos/SIHSUS/199201_200712/Dados,3814123.0,,2026-09-16T09:42:18.531232+00:00,ok,True
RJ,2002,8,available,RDRJ0208.dbc,/dissemin/publicos/SIHSUS/199201_200712/Dados,3735171.0,,2026-09-16T09:42:18.531232+00:00,ok,True
RJ,2002,9,available,RDRJ0209.dbc,/dissemin/publicos/SIHSUS/199201_200712/Dados,3932277.0,,2026-09-16T09:42:18.531232+00:00,ok,True
RJ,2002,10,available,RDRJ0210.dbc,/dissemin/publicos/SIHSUS/199201_200712/Dados,3828029.0,,2026-09-16T09:42:18.531232+00:00,ok,True
RJ,2002,11,available,RDRJ0211.dbc,/dissemin/publicos/SIHSUS/199201_200712/Dados,3742330.0,,2026-09-16T09:42:18.531232+00:00,ok,True
RJ,2002,12,available,RDRJ0212.dbc,/dissemin/publicos/SIHSUS/199201_200712/Dados,3507482.0,,2026-09-16T09:42:18.531232+00:00,ok,True
RN,2002,1,available,RDRN0201.dbc,/dissemin/publicos/SIHSUS/199201_200712/Dados,729626.0,,2026-09-16T09:42:18.531232+00:00,ok,True
RN,2002,2,available,RDRN0202.dbc,/dissemin/publicos/SIHSUS/199201_200712/Dados,738053.0,,2026-09-16T09:42:18.531232+00:00,ok,True
RN,2002,3,available,RDRN0203.dbc,/dissemin/publicos/SIHSUS/199201_200712/Dados,756598.0,,2026-09-16T09:42:18.531232+00:00,ok,True
RN,2002,4,available,RDRN0204.dbc,/dissemin/publicos/SIHSUS/199201_200712/Dados,704898.0,,2026-09-16T09:42:18.531232+00:00,ok,True
RN,2002,5,available,RDRN0205.dbc,/dissemin/publicos/SIHSUS/199201_200712/Dados,752915.0,,2026-09-16T09:42:18.531232+00:00,ok,True
RN,2002,6,available,RDRN0206.dbc,/dissemin/publicos/SIHSUS/199201_200712/Dados,752851.0,,2026-09-16T09:42:18.531232+00:00,ok,True
RN,2002,7,available,RDRN0207.dbc,/dissemin/publicos/SIHSUS/199201_200712/Dados,775458.0,,2026-09-16T09:42:18.531232+00:00,ok,True
RN,2002,8,available,RDRN0208.dbc,/dissemin/publicos/SIHSUS/199201_200712/Dados,780938.0,,2026-09-16T09:42:18.531232+00:00,ok,True
RN,2002,9,available,RDRN0209.dbc,/dissemin/publicos/SIHSUS/199201_200712/Dados,786010.0,,2026-09-16T09:42:18.531232+00:00,ok,True
RN,2002,10,available,RDRN0210.dbc,/dissemin/publicos/SIHSUS/199201_200712/Dados,763713.0,,2026-09-16T09:42:18.531232+00:00,ok,True
RN,2002,11,available,RDRN0211.dbc,/dissemin/publicos/SIHSUS/199201_200712/Dados,754295.0,,2026-09-16T09:42:18.531232+00:00,ok,True
RN,2002,12,available,RDRN0212.dbc,/dissemin/publicos/SIHSUS/199201_200712/Dados,763515.0,,2026-09-16T09:42:18.531232+00:00,ok,True
RO,2002,1,available,RDRO0201.dbc,/dissemin/publicos/SIHSUS/199201_200712/Dados,376298.0,,2026-09-16T09:42:18.531232+00:00,ok,True
RO,2002,2,available,RDRO0202.dbc,/dissemin/publicos/SIHSUS/199201_200712/Dados,386768.0,,2026-09-16T09:42:18.531232+00:00,ok,True
RO,2002,3,available,RDRO0203.dbc,/dissemin/publicos/SIHSUS/199201_200712/Dados,397071.0,,2026-09-16T09:42:18.531232+00:00,ok,True
RO,2002,4,available,RDRO0204.dbc,/dissemin/publicos/SIHSUS/199201_200712/Dados,367049.0,,2026-09-16T09:42:18.531232+00:00,ok,True
RO,2002,5,available,RDRO0205.dbc,/dissemin/publicos/SIHSUS/199201_200712/Dados,371067.0,,2026-09-16T09:42:18.531232+00:00,ok,True
RO,2002,6,available,RDRO0206.dbc,/dissemin/publicos/SIHSUS/199201_200712/Dados,353877.0,,2026-09-16T09:42:18.531232+00:00,ok,True
RO,2002,7,available,RDRO0207.dbc,/dissemin/publicos/SIHSUS/199201_200712/Dados,386157.0,,2026-09-16T09:42:18.531232+00:00,ok,True
RO,2002,8,available,RDRO0208.dbc,/dissemin/publicos/SIHSUS/199201_200712/Dados,335469.0,,2026-09-16T09:42:18.531232+00:00,ok,True
RO,2002,9,available,RDRO0209.dbc,/dissemin/publicos/SIHSUS/199201_200712/Dados,330791.0,,2026-09-16T09:42:18.531232+00:00,ok,True
RO,2002,10,available,RDRO0210.dbc,/dissemin/publicos/SIHSUS/199201_200712/Dados,328091.0,,2026-09-16T09:42:18.531232+00:00,ok,True
RO,2002,11,available,RDRO0211.dbc,/dissemin/publicos/SIHSUS/199201_200712/Dados,316836.0,,2026-09-16T09:42:18.531232+00:00,ok,True
RO,2002,12,available,RDRO0212.dbc,/dissemin/publicos/SIHSUS/199201_200712/Dados,334215.0,,2026-09-16T09:42:18.531232+00:00,ok,True
RR,2002,1,available,RDRR0201.dbc,/dissemin/publicos/SIHSUS/199201_200712/Dados,62529.0,,2026-09-16T09:42:18.531232+00:00,ok,True
RR,2002,2,available,RDRR0202.dbc,/dissemin/publicos/SIHSUS/199201_200712/Dados,61659.0,,2026-09-16T09:42:18.531232+00:00,ok,True
RR,2002,3,available,RDRR0203.dbc,/dissemin/publicos/SIHSUS/199201_200712/Dados,41665.0,,2026-09-16T09:42:18.531232+00:00,ok,True
RR,2002,4,available,RDRR0204.dbc,/dissemin/publicos/SIHSUS/199201_200712/Dados,47606.0,,2026-09-16T09:42:18.531232+00:00,ok,True
RR,2002,5,available,RDRR0205.dbc,/dissemin/publicos/SIHSUS/199201_200712/Dados,53225.0,,2026-09-16T09:42:18.531232+00:00,ok,True
RR,2002,6,available,RDRR0206.dbc,/dissemin/publicos/SIHSUS/199201_200712/Dados,64228.0,,2026-09-16T09:42:18.531232+00:00,ok,True
RR,2002,7,available,RDRR0207.dbc,/dissemin/publicos/SIHSUS/199201_200712/Dados,47158.0,,2026-09-16T09:42:18.531232+00:00,ok,True
RR,2002,8,available,RDRR0208.dbc,/dissemin/publicos/SIHSUS/199201_200712/Dados,45005.0,,2026-09-16T09:42:18.531232+00:00,ok,True
RR,2002,9,available,RDRR0209.dbc,/dissemin/publicos/SIHSUS/199201_200712/Dados,51905.0,,2026-09-16T09:42:18.531232+00:00,ok,True
RR,2002,10,available,RDRR0210.dbc,/dissemin/publicos/SIHSUS/199201_200712/Dados,69122.0,,2026-09-16T09:42:18.531232+00:00,ok,True
RR,2002,11,available,RDRR0211.dbc,/dissemin/publicos/SIHSUS/199201_200712/Dados,44445.0,,2026-09-16T09:42:18.531232+00:00,ok,True
RR,2002,12,available,RDRR0212.dbc,/dissemin/publicos/SIHSUS/199201_200712/Dados,46130.0,,2026-09-16T09:42:18.531232+00:00,ok,True
RS,2002,1,available,RDRS0201.dbc,/dissemin/publicos/SIHSUS/199201_200712/Dados,3883386.0,,2026-09-16T09:42:18.531232+00:00,ok,True
RS,2002,2,available,RDRS0202.dbc,/dissemin/publicos/SIHSUS/199201_200712/Dados,3726624.0,,2026-09-16T09:42:18.531232+00:00,ok,True
RS,2002,3,available,RDRS0203.dbc,/dissemin/publicos/SIHSUS/199201_200712/Dados,3631517.0,,2026-09-16T09:42:18.531232+00:00,ok,True
RS,2002,4,available,RDRS0204.dbc,/dissemin/publicos/SIHSUS/199201_200712/Dados,3921120.0,,2026-09-16T09:42:18.531232+00:00,ok,True
RS,2002,5,available,RDRS0205.dbc,/dissemin/publicos/SIHSUS/199201_200712/Dados,3800396.0,,2026-09-16T09:42:18.531232+00:00,ok,True
RS,2002,6,available,RDRS0206.dbc,/dissemin/publicos/SIHSUS/199201_200712/Dados,3932324.0,,2026-09-16T09:42:18.531232+00:00,ok,True
RS,2002,7,available,RDRS0207.dbc,/dissemin/publicos/SIHSUS/199201_200712/Dados,3898855.0,,2026-09-16T09:42:18.531232+00:00,ok,True
RS,2002,8,available,RDRS0208.dbc,/dissemin/publicos/SIHSUS/199201_200712/Dados,3918567.0,,2026-09-16T09:42:18.531232+00:00,ok,True
RS,2002,9,available,RDRS0209.dbc,/dissemin/publicos/SIHSUS/199201_200712/Dados,3796732.0,,2026-09-16T09:42:18.531232+00:00,ok,True
RS,2002,10,available,RDRS0210.dbc,/dissemin/publicos/SIHSUS/199201_200712/Dados,3839864.0,,2026-09-16T09:42:18.531232+00:00,ok,True
RS,2002,11,available,RDRS0211.dbc,/dissemin/publicos/SIHSUS/199201_200712/Dados,3880928.0,,2026-09-16T09:42:18.531232+00:00,ok,True
RS,2002,12,available,RDRS0212.dbc,/dissemin/publicos/SIHSUS/199201_200712/Dados,3643271.0,,2026-09-16T09:42:18.531232+00:00,ok,True
SC,2002,1,available,RDSC0201.dbc,/dissemin/publicos/SIHSUS/199201_200712/Dados,1931125.0,,2026-09-16T09:42:18.531232+00:00,ok,True
SC,2002,2,available,RDSC0202.dbc,/dissemin/publicos/SIHSUS/199201_200712/Dados,1829052.0,,2026-09-16T09:42:18.531232+00:00,ok,True
SC,2002,3,available,RDSC0203.dbc,/dissemin/publicos/SIHSUS/199201_200712/Dados,1934753.0,,2026-09-16T09:42:18.531232+00:00,ok,True
SC,2002,4,available,RDSC0204.dbc,/dissemin/publicos/SIHSUS/199201_200712/Dados,1907610.0,,2026-09-16T09:42:18.531232+00:00,ok,True
SC,2002,5,available,RDSC0205.dbc,/dissemin/publicos/SIHSUS/199201_200712/Dados,1821903.0,,2026-09-16T09:42:18.531232+00:00,ok,True
SC,2002,6,available,RDSC0206.dbc,/dissemin/publicos/SIHSUS/199201_200712/Dados,1971680.0,,2026-09-16T09:42:18.531232+00:00,ok,True
SC,2002,7,available,RDSC0207.dbc,/dissemin/publicos/SIHSUS/199201_200712/Dados,1961394.0,,2026-09-16T09:42:18.531232+00:00,ok,True
SC,2002,8,available,RDSC0208.dbc,/dissemin/publicos/SIHSUS/199201_200712/Dados,2083701.0,,2026-09-16T09:42:18.531232+00:00,ok,True
SC,2002,9,available,RDSC0209.dbc,/dissemin/publicos/SIHSUS/199201_200712/Dados,1894989.0,,2026-09-16T09:42:18.531232+00:00,ok,True
SC,2002,10,available,RDSC0210.dbc,/dissemin/publicos/SIHSUS/199201_200712/Dados,2010828.0,,2026-09-16T09:42:18.531232+00:00,ok,True
SC,2002,11,available,RDSC0211.dbc,/dissemin/publicos/SIHSUS/199201_200712/Dados,2006177.0,,2026-09-16T09:42:18.531232+00:00,ok,True
SC,2002,12,available,RDSC0212.dbc,/dissemin/publicos/SIHSUS/199201_200712/Dados,2074293.0,,2026-09-16T09:42:18.531232+00:00,ok,True
SE,2002,1,available,RDSE0201.dbc,/dissemin/publicos/SIHSUS/199201_200712/Dados,530928.0,,2026-09-16T09:42:18.531232+00:00,ok,True
SE,2002,2,available,RDSE0202.dbc,/dissemin/publicos/SIHSUS/199201_200712/Dados,531924.0,,2026-09-16T09:42:18.531232+00:00,ok,True
SE,2002,3,available,RDSE0203.dbc,/dissemin/publicos/SIHSUS/199201_200712/Dados,534698.0,,2026-09-16T09:42:18.531232+00:00,ok,True
SE,2002,4,available,RDSE0204.dbc,/dissemin/publicos/SIHSUS/199201_200712/Dados,599245.0,,2026-09-16T09:42:18.531232+00:00,ok,True
SE,2002,5,available,RDSE0205.dbc,/dissemin/publicos/SIHSUS/199201_200712/Dados,593620.0,,2026-09-16T09:42:18.531232+00:00,ok,True
SE,2002,6,available,RDSE0206.dbc,/dissemin/publicos/SIHSUS/199201_200712/Dados,595323.0,,2026-09-16T09:42:18.531232+00:00,ok,True
SE,2002,7,available,RDSE0207.dbc,/dissemin/publicos/SIHSUS/199201_200712/Dados,567902.0,,2026-09-16T09:42:18.531232+00:00,ok,True
SE,2002,8,available,RDSE0208.dbc,/dissemin/publicos/SIHSUS/199201_200712/Dados,570239.0,,2026-09-16T09:42:18.531232+00:00,ok,True
SE,2002,9,available,RDSE0209.dbc,/dissemin/publicos/SIHSUS/199201_200712/Dados,590951.0,,2026-09-16T09:42:18.531232+00:00,ok,True
SE,2002,10,available,RDSE0210.dbc,/dissemin/publicos/SIHSUS/199201_200712/Dados,534012.0,,2026-09-16T09:42:18.531232+00:00,ok,True
SE,2002,11,available,RDSE0211.dbc,/dissemin/publicos/SIHSUS/199201_200712/Dados,528605.0,,2026-09-16T09:42:18.531232+00:00,ok,True
SE,2002,12,available,RDSE0212.dbc,/dissemin/publicos/SIHSUS/199201_200712/Dados,549565.0,,2026-09-16T09:42:18.531232+00:00,ok,True
SP,2002,1,available,RDSP0201.dbc,/dissemin/publicos/SIHSUS/199201_200712/Dados,10652751.0,,2026-09-16T09:42:18.531232+00:00,ok,True
SP,2002,2,available,RDSP0202.dbc,/dissemin/publicos/SIHSUS/199201_200712/Dados,10487585.0,,2026-09-16T09:42:18.531232+00:00,ok,True
SP,2002,3,available,RDSP0203.dbc,/dissemin/publicos/SIHSUS/199201_200712/Dados,10811089.0,,2026-09-16T09:42:18.531232+00:00,ok,True
SP,2002,4,available,RDSP0204.dbc,/dissemin/publicos/SIHSUS/199201_200712/Dados,11047897.0,,2026-09-16T09:42:18.531232+00:00,ok,True
SP,2002,5,available,RDSP0205.dbc,/dissemin/publicos/SIHSUS/199201_200712/Dados,11114365.0,,2026-09-16T09:42:18.531232+00:00,ok,True
SP,2002,6,available,RDSP0206.dbc,/dissemin/publicos/SIHSUS/199201_200712/Dados,11205696.0,,2026-09-16T09:42:18.531232+00:00,ok,True
SP,2002,7,available,RDSP0207.dbc,/dissemin/publicos/SIHSUS/199201_200712/Dados,11210617.0,,2026-09-16T09:42:18.531232+00:00,ok,True
SP,2002,8,available,RDSP0208.dbc,/dissemin/publicos/SIHSUS/199201_200712/Dados,11400986.0,,2026-09-16T09:42:18.531232+00:00,ok,True
SP,2002,9,available,RDSP0209.dbc,/dissemin/publicos/SIHSUS/199201_200712/Dados,11421104.0,,2026-09-16T09:42:18.531232+00:00,ok,True
SP,2002,10,available,RDSP0210.dbc,/dissemin/publicos/SIHSUS/199201_200712/Dados,11425272.0,,2026-09-16T09:42:18.531232+00:00,ok,True
SP,2002,11,available,RDSP0211.dbc,/dissemin/publicos/SIHSUS/199201_200712/Dados,11420785.0,,2026-09-16T09:42:18.531232+00:00,ok,True
SP,2002,12,available,RDSP0212.dbc,/dissemin/publicos/SIHSUS/199201_200712/Dados,10871787.0,,2026-09-16T09:42:18.531232+00:00,ok,True
TO,2002,1,available,RDTO0201.dbc,/dissemin/publicos/SIHSUS/199201_200712/Dados,403493.0,,2026-09-16T09:42:18.531232+00:00,ok,True
TO,2002,2,available,RDTO0202.dbc,/dissemin/publicos/SIHSUS/199201_200712/Dados,418837.0,,2026-09-16T09:42:18.531232+00:00,ok,True
TO,2002,3,available,RDTO0203.dbc,/dissemin/publicos/SIHSUS/199201_200712/Dados,402327.0,,2026-09-16T09:42:18.531232+00:00,ok,True
TO,2002,4,available,RDTO0204.dbc,/dissemin/publicos/SIHSUS/199201_200712/Dados,395074.0,,2026-09-16T09:42:18.531232+00:00,ok,True
TO,2002,5,available,RDTO0205.dbc,/dissemin/publicos/SIHSUS/199201_200712/Dados,418345.0,,2026-09-16T09:42:18.531232+00:00,ok,True
TO,2002,6,available,RDTO0206.dbc,/dissemin/publicos/SIHSUS/199201_200712/Dados,416369.0,,2026-09-16T09:42:18.531232+00:00,ok,True
TO,2002,7,available,RDTO0207.dbc,/dissemin/publicos/SIHSUS/199201_200712/Dados,409031.0,,2026-09-16T09:42:18.531232+00:00,ok,True
TO,2002,8,available,RDTO0208.dbc,/dissemin/publicos/SIHSUS/199201_200712/Dados,444196.0,,2026-09-16T09:42:18.531232+00:00,ok,True
TO,2002,9,available,RDTO0209.dbc,/dissemin/publicos/SIHSUS/199201_200712/Dados,409292.0,,2026-09-16T09:42:18.531232+00:00,ok,True
TO,2002,10,available,RDTO0210.dbc,/dissemin/publicos/SIHSUS/199201_200712/Dados,412379.0,,2026-09-16T09:42:18.531232+00:00,ok,True
TO,2002,11,available,RDTO0211.dbc,/dissemin/publicos/SIHSUS/199201_200712/Dados,417566.0,,2026-09-16T09:42:18.531232+00:00,ok,True
TO,2002,12,available,RDTO0212.dbc,/dissemin/publicos/SIHSUS/199201_200712/Dados,405843.0,,2026-09-16T09:42:18.531232+00:00,ok,True
AC,2003,1,available,RDAC0301.dbc,/dissemin/publicos/SIHSUS/199201_200712/Dados,170252.0,,2026-09-16T09:42:18.531232+00:00,ok,True
AC,2003,2,available,RDAC0302.dbc,/dissemin/publicos/SIHSUS/199201_200712/Dados,165603.0,,2026-09-16T09:42:18.531232+00:00,ok,True
AC,2003,3,available,RDAC0303.dbc,/dissemin/publicos/SIHSUS/199201_200712/Dados,191181.0,,2026-09-16T09:42:18.531232+00:00,ok,True
AC,2003,4,available,RDAC0304.dbc,/dissemin/publicos/SIHSUS/199201_200712/Dados,166321.0,,2026-09-16T09:42:18.531232+00:00,ok,True
AC,2003,5,available,RDAC0305.dbc,/dissemin/publicos/SIHSUS/199201_200712/Dados,184947.0,,2026-09-16T09:42:18.531232+00:00,ok,True
AC,2003,6,available,RDAC0306.dbc,/dissemin/publicos/SIHSUS/199201_200712/Dados,179845.0,,2026-09-16T09:42:18.531232+00:00,ok,True
AC,2003,7,available,RDAC0307.dbc,/dissemin/publicos/SIHSUS/199201_200712/Dados,225424.0,,2026-09-16T09:42:18.531232+00:00,ok,True
AC,2003,8,available,RDAC0308.dbc,/dissemin/publicos/SIHSUS/199201_200712/Dados,208949.0,,2026-09-16T09:42:18.531232+00:00,ok,True
AC,2003,9,available,RDAC0309.dbc,/dissemin/publicos/SIHSUS/199201_200712/Dados,193503.0,,2026-09-16T09:42:18.531232+00:00,ok,True
AC,2003,10,available,RDAC0310.dbc,/dissemin/publicos/SIHSUS/199201_200712/Dados,182845.0,,2026-09-16T09:42:18.531232+00:00,ok,True
AC,2003,11,available,RDAC0311.dbc,/dissemin/publicos/SIHSUS/199201_200712/Dados,189092.0,,2026-09-16T09:42:18.531232+00:00,ok,True
AC,2003,12,available,RDAC0312.dbc,/dissemin/publicos/SIHSUS/199201_200712/Dados,156807.0,,2026-09-16T09:42:18.531232+00:00,ok,True
AL,2003,1,available,RDAL0301.dbc,/dissemin/publicos/SIHSUS/199201_200712/Dados,863590.0,,2026-09-16T09:42:18.531232+00:00,ok,True
AL,2003,2,available,RDAL0302.dbc,/dissemin/publicos/SIHSUS/199201_200712/Dados,908671.0,,2026-09-16T09:42:18.531232+00:00,ok,True
AL,2003,3,available,RDAL0303.dbc,/dissemin/publicos/SIHSUS/199201_200712/Dados,892898.0,,2026-09-16T09:42:18.531232+00:00,ok,True
AL,2003,4,available,RDAL0304.dbc,/dissemin/publicos/SIHSUS/199201_200712/Dados,916007.0,,2026-09-16T09:42:18.531232+00:00,ok,True
AL,2003,5,available,RDAL0305.dbc,/dissemin/publicos/SIHSUS/199201_200712/Dados,931910.0,,2026-09-16T09:42:18.531232+00:00,ok,True
AL,2003,6,available,RDAL0306.dbc,/dissemin/publicos/SIHSUS/199201_200712/Dados,953034.0,,2026-09-16T09:42:18.531232+00:00,ok,True
AL,2003,7,available,RDAL0307.dbc,/dissemin/publicos/SIHSUS/199201_200712/Dados,883870.0,,2026-09-16T09:42:18.531232+00:00,ok,True
AL,2003,8,available,RDAL0308.dbc,/dissemin/publicos/SIHSUS/199201_200712/Dados,843998.0,,2026-09-16T09:42:18.531232+00:00,ok,True
AL,2003,9,available,RDAL0309.dbc,/dissemin/publicos/SIHSUS/199201_200712/Dados,862125.0,,2026-09-16T09:42:18.531232+00:00,ok,True
AL,2003,10,available,RDAL0310.dbc,/dissemin/publicos/SIHSUS/199201_200712/Dados,883335.0,,2026-09-16T09:42:18.531232+00:00,ok,True
AL,2003,11,available,RDAL0311.dbc,/dissemin/publicos/SIHSUS/199201_200712/Dados,854427.0,,2026-09-16T09:42:18.531232+00:00,ok,True
AL,2003,12,available,RDAL0312.dbc,/dissemin/publicos/SIHSUS/199201_200712/Dados,833878.0,,2026-09-16T09:42:18.531232+00:00,ok,True
AM,2003,1,available,RDAM0301.dbc,/dissemin/publicos/SIHSUS/199201_200712/Dados,529684.0,,2026-09-16T09:42:18.531232+00:00,ok,True
AM,2003,2,available,RDAM0302.dbc,/dissemin/publicos/SIHSUS/199201_200712/Dados,572824.0,,2026-09-16T09:42:18.531232+00:00,ok,True
AM,2003,3,available,RDAM0303.dbc,/dissemin/publicos/SIHSUS/199201_200712/Dados,529501.0,,2026-09-16T09:42:18.531232+00:00,ok,True
AM,2003,4,available,RDAM0304.dbc,/dissemin/publicos/SIHSUS/199201_200712/Dados,550488.0,,2026-09-16T09:42:18.531232+00:00,ok,True
AM,2003,5,available,RDAM0305.dbc,/dissemin/publicos/SIHSUS/199201_200712/Dados,602274.0,,2026-09-16T09:42:18.531232+00:00,ok,True
AM,2003,6,available,RDAM0306.dbc,/dissemin/publicos/SIHSUS/199201_200712/Dados,516698.0,,2026-09-16T09:42:18.531232+00:00,ok,True
AM,2003,7,available,RDAM0307.dbc,/dissemin/publicos/SIHSUS/199201_200712/Dados,543824.0,,2026-09-16T09:42:18.531232+00:00,ok,True
AM,2003,8,available,RDAM0308.dbc,/dissemin/publicos/SIHSUS/199201_200712/Dados,540068.0,,2026-09-16T09:42:18.531232+00:00,ok,True
AM,2003,9,available,RDAM0309.dbc,/dissemin/publicos/SIHSUS/199201_200712/Dados,517193.0,,2026-09-16T09:42:18.531232+00:00,ok,True
AM,2003,10,available,RDAM0310.dbc,/dissemin/publicos/SIHSUS/199201_200712/Dados,533929.0,,2026-09-16T09:42:18.531232+00:00,ok,True
AM,2003,11,available,RDAM0311.dbc,/dissemin/publicos/SIHSUS/199201_200712/Dados,554253.0,,2026-09-16T09:42:18.531232+00:00,ok,True
AM,2003,12,available,RDAM0312.dbc,/dissemin/publicos/SIHSUS/199201_200712/Dados,506659.0,,2026-09-16T09:42:18.531232+00:00,ok,True
AP,2003,1,available,RDAP0301.dbc,/dissemin/publicos/SIHSUS/199201_200712/Dados,92085.0,,2026-09-16T09:42:18.531232+00:00,ok,True
AP,2003,2,available,RDAP0302.dbc,/dissemin/publicos/SIHSUS/199201_200712/Dados,124627.0,,2026-09-16T09:42:18.531232+00:00,ok,True
AP,2003,3,available,RDAP0303.dbc,/dissemin/publicos/SIHSUS/199201_200712/Dados,119734.0,,2026-09-16T09:42:18.531232+00:00,ok,True
AP,2003,4,available,RDAP0304.dbc,/dissemin/publicos/SIHSUS/199201_200712/Dados,128653.0,,2026-09-16T09:42:18.531232+00:00,ok,True
AP,2003,5,available,RDAP0305.dbc,/dissemin/publicos/SIHSUS/199201_200712/Dados,130268.0,,2026-09-16T09:42:18.531232+00:00,ok,True
AP,2003,6,available,RDAP0306.dbc,/dissemin/publicos/SIHSUS/199201_200712/Dados,87709.0,,2026-09-16T09:42:18.531232+00:00,ok,True
AP,2003,7,available,RDAP0307.dbc,/dissemin/publicos/SIHSUS/199201_200712/Dados,158571.0,,2026-09-16T09:42:18.531232+00:00,ok,True
AP,2003,8,available,RDAP0308.dbc,/dissemin/publicos/SIHSUS/199201_200712/Dados,135459.0,,2026-09-16T09:42:18.531232+00:00,ok,True
AP,2003,9,available,RDAP0309.dbc,/dissemin/publicos/SIHSUS/199201_200712/Dados,105499.0,,2026-09-16T09:42:18.531232+00:00,ok,True
AP,2003,10,available,RDAP0310.dbc,/dissemin/publicos/SIHSUS/199201_200712/Dados,116658.0,,2026-09-16T09:42:18.531232+00:00,ok,True
AP,2003,11,available,RDAP0311.dbc,/dissemin/publicos/SIHSUS/199201_200712/Dados,148256.0,,2026-09-16T09:42:18.531232+00:00,ok,True
AP,2003,12,available,RDAP0312.dbc,/dissemin/publicos/SIHSUS/199201_200712/Dados,134996.0,,2026-09-16T09:42:18.531232+00:00,ok,True
BA,2003,1,available,RDBA0301.dbc,/dissemin/publicos/SIHSUS/199201_200712/Dados,4486861.0,,2026-09-16T09:42:18.531232+00:00,ok,True
BA,2003,2,available,RDBA0302.dbc,/dissemin/publicos/SIHSUS/199201_200712/Dados,3963847.0,,2026-09-16T09:42:18.531232+00:00,ok,True
BA,2003,3,available,RDBA0303.dbc,/dissemin/publicos/SIHSUS/199201_200712/Dados,4212142.0,,2026-09-16T09:42:18.531232+00:00,ok,True
BA,2003,4,available,RDBA0304.dbc,/dissemin/publicos/SIHSUS/199201_200712/Dados,4293505.0,,2026-09-16T09:42:18.531232+00:00,ok,True
BA,2003,5,available,RDBA0305.dbc,/dissemin/publicos/SIHSUS/199201_200712/Dados,4132841.0,,2026-09-16T09:42:18.531232+00:00,ok,True
BA,2003,6,available,RDBA0306.dbc,/dissemin/publicos/SIHSUS/199201_200712/Dados,4096235.0,,2026-09-16T09:42:18.531232+00:00,ok,True
BA,2003,7,available,RDBA0307.dbc,/dissemin/publicos/SIHSUS/199201_200712/Dados,4366522.0,,2026-09-16T09:42:18.531232+00:00,ok,True
BA,2003,8,available,RDBA0308.dbc,/dissemin/publicos/SIHSUS/199201_200712/Dados,3940091.0,,2026-09-16T09:42:18.531232+00:00,ok,True
BA,2003,9,available,RDBA0309.dbc,/dissemin/publicos/SIHSUS/199201_200712/Dados,4306276.0,,2026-09-16T09:42:18.531232+00:00,ok,True
BA,2003,10,available,RDBA0310.dbc,/dissemin/publicos/SIHSUS/199201_200712/Dados,3258704.0,,2026-09-16T09:42:18.531232+00:00,ok,True
BA,2003,11,available,RDBA0311.dbc,/dissemin/publicos/SIHSUS/199201_200712/Dados,4670836.0,,2026-09-16T09:42:18.531232+00:00,ok,True
BA,2003,12,available,RDBA0312.dbc,/dissemin/publicos/SIHSUS/199201_200712/Dados,4002351.0,,2026-09-16T09:42:18.531232+00:00,ok,True
CE,2003,1,available,RDCE0301.dbc,/dissemin/publicos/SIHSUS/199201_200712/Dados,2035418.0,,2026-09-16T09:42:18.531232+00:00,ok,True
CE,2003,2,available,RDCE0302.dbc,/dissemin/publicos/SIHSUS/199201_200712/Dados,2091901.0,,2026-09-16T09:42:18.531232+00:00,ok,True
CE,2003,3,available,RDCE0303.dbc,/dissemin/publicos/SIHSUS/199201_200712/Dados,2033708.0,,2026-09-16T09:42:18.531232+00:00,ok,True
CE,2003,4,available,RDCE0304.dbc,/dissemin/publicos/SIHSUS/199201_200712/Dados,2121801.0,,2026-09-16T09:42:18.531232+00:00,ok,True
CE,2003,5,available,RDCE0305.dbc,/dissemin/publicos/SIHSUS/199201_200712/Dados,2135143.0,,2026-09-16T09:42:18.531232+00:00,ok,True
CE,2003,6,available,RDCE0306.dbc,/dissemin/publicos/SIHSUS/199201_200712/Dados,2229222.0,,2026-09-16T09:42:18.531232+00:00,ok,True
CE,2003,7,available,RDCE0307.dbc,/dissemin/publicos/SIHSUS/199201_200712/Dados,2149323.0,,2026-09-16T09:42:18.531232+00:00,ok,True
CE,2003,8,available,RDCE0308.dbc,/dissemin/publicos/SIHSUS/199201_200712/Dados,2040761.0,,2026-09-16T09:42:18.531232+00:00,ok,True
CE,2003,9,available,RDCE0309.dbc,/dissemin/publicos/SIHSUS/199201_200712/Dados,2237212.0,,2026-09-16T09:42:18.531232+00:00,ok,True
CE,2003,10,available,RDCE0310.dbc,/dissemin/publicos/SIHSUS/199201_200712/Dados,2233501.0,,2026-09-16T09:42:18.531232+00:00,ok,True
CE,2003,11,available,RDCE0311.dbc,/dissemin/publicos/SIHSUS/199201_200712/Dados,2226235.0,,2026-09-16T09:42:18.531232+00:00,ok,True
CE,2003,12,available,RDCE0312.dbc,/dissemin/publicos/SIHSUS/199201_200712/Dados,2213456.0,,2026-09-16T09:42:18.531232+00:00,ok,True
DF,2003,1,available,RDDF0301.dbc,/dissemin/publicos/SIHSUS/199201_200712/Dados,613476.0,,2026-09-16T09:42:18.531232+00:00,ok,True
DF,2003,2,available,RDDF0302.dbc,/dissemin/publicos/SIHSUS/199201_200712/Dados,588211.0,,2026-09-16T09:42:18.531232+00:00,ok,True
DF,2003,3,available,RDDF0303.dbc,/dissemin/publicos/SIHSUS/199201_200712/Dados,705323.0,,2026-09-16T09:42:18.531232+00:00,ok,True
DF,2003,4,available,RDDF0304.dbc,/dissemin/publicos/SIHSUS/199201_200712/Dados,696085.0,,2026-09-16T09:42:18.531232+00:00,ok,True
DF,2003,5,available,RDDF0305.dbc,/dissemin/publicos/SIHSUS/199201_200712/Dados,769248.0,,2026-09-16T09:42:18.531232+00:00,ok,True
DF,2003,6,available,RDDF0306.dbc,/dissemin/publicos/SIHSUS/199201_200712/Dados,691218.0,,2026-09-16T09:42:18.531232+00:00,ok,True
DF,2003,7,available,RDDF0307.dbc,/dissemin/publicos/SIHSUS/199201_200712/Dados,788187.0,,2026-09-16T09:42:18.531232+00:00,ok,True
DF,2003,8,available,RDDF0308.dbc,/dissemin/publicos/SIHSUS/199201_200712/Dados,940694.0,,2026-09-16T09:42:18.531232+00:00,ok,True
DF,2003,9,available,RDDF0309.dbc,/dissemin/publicos/SIHSUS/199201_200712/Dados,900660.0,,2026-09-16T09:42:18.531232+00:00,ok,True
DF,2003,10,available,RDDF0310.dbc,/dissemin/publicos/SIHSUS/199201_200712/Dados,920414.0,,2026-09-16T09:42:18.531232+00:00,ok,True
DF,2003,11,available,RDDF0311.dbc,/dissemin/publicos/SIHSUS/199201_200712/Dados,789961.0,,2026-09-16T09:42:18.531232+00:00,ok,True
DF,2003,12,available,RDDF0312.dbc,/dissemin/publicos/SIHSUS/199201_200712/Dados,661469.0,,2026-09-16T09:42:18.531232+00:00,ok,True
ES,2003,1,available,RDES0301.dbc,/dissemin/publicos/SIHSUS/199201_200712/Dados,953482.0,,2026-09-16T09:42:18.531232+00:00,ok,True
ES,2003,2,available,RDES0302.dbc,/dissemin/publicos/SIHSUS/199201_200712/Dados,937889.0,,2026-09-16T09:42:18.531232+00:00,ok,True
ES,2003,3,available,RDES0303.dbc,/dissemin/publicos/SIHSUS/199201_200712/Dados,913449.0,,2026-09-16T09:42:18.531232+00:00,ok,True
ES,2003,4,available,RDES0304.dbc,/dissemin/publicos/SIHSUS/199201_200712/Dados,946912.0,,2026-09-16T09:42:18.531232+00:00,ok,True
ES,2003,5,available,RDES0305.dbc,/dissemin/publicos/SIHSUS/199201_200712/Dados,1021951.0,,2026-09-16T09:42:18.531232+00:00,ok,True
ES,2003,6,available,RDES0306.dbc,/dissemin/publicos/SIHSUS/199201_200712/Dados,946716.0,,2026-09-16T09:42:18.531232+00:00,ok,True
ES,2003,7,available,RDES0307.dbc,/dissemin/publicos/SIHSUS/199201_200712/Dados,977567.0,,2026-09-16T09:42:18.531232+00:00,ok,True
ES,2003,8,available,RDES0308.dbc,/dissemin/publicos/SIHSUS/199201_200712/Dados,873396.0,,2026-09-16T09:42:18.531232+00:00,ok,True
ES,2003,9,available,RDES0309.dbc,/dissemin/publicos/SIHSUS/199201_200712/Dados,909756.0,,2026-09-16T09:42:18.531232+00:00,ok,True
ES,2003,10,available,RDES0310.dbc,/dissemin/publicos/SIHSUS/199201_200712/Dados,1019827.0,,2026-09-16T09:42:18.531232+00:00,ok,True
ES,2003,11,available,RDES0311.dbc,/dissemin/publicos/SIHSUS/199201_200712/Dados,975126.0,,2026-09-16T09:42:18.531232+00:00,ok,True
ES,2003,12,available,RDES0312.dbc,/dissemin/publicos/SIHSUS/199201_200712/Dados,988871.0,,2026-09-16T09:42:18.531232+00:00,ok,True
GO,2003,1,available,RDGO0301.dbc,/dissemin/publicos/SIHSUS/199201_200712/Dados,1934768.0,,2026-09-16T09:42:18.531232+00:00,ok,True
GO,2003,2,available,RDGO0302.dbc,/dissemin/publicos/SIHSUS/199201_200712/Dados,1669728.0,,2026-09-16T09:42:18.531232+00:00,ok,True
GO,2003,3,available,RDGO0303.dbc,/dissemin/publicos/SIHSUS/199201_200712/Dados,1686575.0,,2026-09-16T09:42:18.531232+00:00,ok,True
GO,2003,4,available,RDGO0304.dbc,/dissemin/publicos/SIHSUS/199201_200712/Dados,1650184.0,,2026-09-16T09:42:18.531232+00:00,ok,True
GO,2003,5,available,RDGO0305.dbc,/dissemin/publicos/SIHSUS/199201_200712/Dados,1712718.0,,2026-09-16T09:42:18.531232+00:00,ok,True
GO,2003,6,available,RDGO0306.dbc,/dissemin/publicos/SIHSUS/199201_200712/Dados,1686440.0,,2026-09-16T09:42:18.531232+00:00,ok,True
GO,2003,7,available,RDGO0307.dbc,/dissemin/publicos/SIHSUS/199201_200712/Dados,1714057.0,,2026-09-16T09:42:18.531232+00:00,ok,True
GO,2003,8,available,RDGO0308.dbc,/dissemin/publicos/SIHSUS/199201_200712/Dados,1771428.0,,2026-09-16T09:42:18.531232+00:00,ok,True
GO,2003,9,available,RDGO0309.dbc,/dissemin/publicos/SIHSUS/199201_200712/Dados,1671662.0,,2026-09-16T09:42:18.531232+00:00,ok,True
GO,2003,10,available,RDGO0310.dbc,/dissemin/publicos/SIHSUS/199201_200712/Dados,1693077.0,,2026-09-16T09:42:18.531232+00:00,ok,True
GO,2003,11,available,RDGO0311.dbc,/dissemin/publicos/SIHSUS/199201_200712/Dados,1706612.0,,2026-09-16T09:42:18.531232+00:00,ok,True
GO,2003,12,available,RDGO0312.dbc,/dissemin/publicos/SIHSUS/199201_200712/Dados,1824037.0,,2026-09-16T09:42:18.531232+00:00,ok,True
MA,2003,1,available,RDMA0301.dbc,/dissemin/publicos/SIHSUS/199201_200712/Dados,1345419.0,,2026-09-16T09:42:18.531232+00:00,ok,True
MA,2003,2,available,RDMA0302.dbc,/dissemin/publicos/SIHSUS/199201_200712/Dados,1323270.0,,2026-09-16T09:42:18.531232+00:00,ok,True
MA,2003,3,available,RDMA0303.dbc,/dissemin/publicos/SIHSUS/199201_200712/Dados,1394099.0,,2026-09-16T09:42:18.531232+00:00,ok,True
MA,2003,4,available,RDMA0304.dbc,/dissemin/publicos/SIHSUS/199201_200712/Dados,1276421.0,,2026-09-16T09:42:18.531232+00:00,ok,True
MA,2003,5,available,RDMA0305.dbc,/dissemin/publicos/SIHSUS/199201_200712/Dados,1287627.0,,2026-09-16T09:42:18.531232+00:00,ok,True
MA,2003,6,available,RDMA0306.dbc,/dissemin/publicos/SIHSUS/199201_200712/Dados,1386740.0,,2026-09-16T09:42:18.531232+00:00,ok,True
MA,2003,7,available,RDMA0307.dbc,/dissemin/publicos/SIHSUS/199201_200712/Dados,1366867.0,,2026-09-16T09:42:18.531232+00:00,ok,True
MA,2003,8,available,RDMA0308.dbc,/dissemin/publicos/SIHSUS/199201_200712/Dados,1267955.0,,2026-09-16T09:42:18.531232+00:00,ok,True
MA,2003,9,available,RDMA0309.dbc,/dissemin/publicos/SIHSUS/199201_200712/Dados,1451640.0,,2026-09-16T09:42:18.531232+00:00,ok,True
MA,2003,10,available,RDMA0310.dbc,/dissemin/publicos/SIHSUS/199201_200712/Dados,1398768.0,,2026-09-16T09:42:18.531232+00:00,ok,True
MA,2003,11,available,RDMA0311.dbc,/dissemin/publicos/SIHSUS/199201_200712/Dados,1345311.0,,2026-09-16T09:42:18.531232+00:00,ok,True
MA,2003,12,available,RDMA0312.dbc,/dissemin/publicos/SIHSUS/199201_200712/Dados,1379241.0,,2026-09-16T09:42:18.531232+00:00,ok,True
MG,2003,1,available,RDMG0301.dbc,/dissemin/publicos/SIHSUS/199201_200712/Dados,6227105.0,,2026-09-16T09:42:18.531232+00:00,ok,True
MG,2003,2,available,RDMG0302.dbc,/dissemin/publicos/SIHSUS/199201_200712/Dados,6138278.0,,2026-09-16T09:42:18.531232+00:00,ok,True
MG,2003,3,available,RDMG0303.dbc,/dissemin/publicos/SIHSUS/199201_200712/Dados,6081420.0,,2026-09-16T09:42:18.531232+00:00,ok,True
MG,2003,4,available,RDMG0304.dbc,/dissemin/publicos/SIHSUS/199201_200712/Dados,6296125.0,,2026-09-16T09:42:18.531232+00:00,ok,True
MG,2003,5,available,RDMG0305.dbc,/dissemin/publicos/SIHSUS/199201_200712/Dados,6491939.0,,2026-09-16T09:42:18.531232+00:00,ok,True
MG,2003,6,available,RDMG0306.dbc,/dissemin/publicos/SIHSUS/199201_200712/Dados,6174534.0,,2026-09-16T09:42:18.531232+00:00,ok,True
MG,2003,7,available,RDMG0307.dbc,/dissemin/publicos/SIHSUS/199201_200712/Dados,6509297.0,,2026-09-16T09:42:18.531232+00:00,ok,True
MG,2003,8,available,RDMG0308.dbc,/dissemin/publicos/SIHSUS/199201_200712/Dados,6377021.0,,2026-09-16T09:42:18.531232+00:00,ok,True
MG,2003,9,available,RDMG0309.dbc,/dissemin/publicos/SIHSUS/199201_200712/Dados,6376555.0,,2026-09-16T09:42:18.531232+00:00,ok,True
MG,2003,10,available,RDMG0310.dbc,/dissemin/publicos/SIHSUS/199201_200712/Dados,6185190.0,,2026-09-16T09:42:18.531232+00:00,ok,True
MG,2003,11,available,RDMG0311.dbc,/dissemin/publicos/SIHSUS/199201_200712/Dados,5961621.0,,2026-09-16T09:42:18.531232+00:00,ok,True
MG,2003,12,available,RDMG0312.dbc,/dissemin/publicos/SIHSUS/199201_200712/Dados,6559094.0,,2026-09-16T09:42:18.531232+00:00,ok,True
MS,2003,1,available,RDMS0301.dbc,/dissemin/publicos/SIHSUS/199201_200712/Dados,757316.0,,2026-09-16T09:42:18.531232+00:00,ok,True
MS,2003,2,available,RDMS0302.dbc,/dissemin/publicos/SIHSUS/199201_200712/Dados,817701.0,,2026-09-16T09:42:18.531232+00:00,ok,True
MS,2003,3,available,RDMS0303.dbc,/dissemin/publicos/SIHSUS/199201_200712/Dados,831935.0,,2026-09-16T09:42:18.531232+00:00,ok,True
MS,2003,4,available,RDMS0304.dbc,/dissemin/publicos/SIHSUS/199201_200712/Dados,872742.0,,2026-09-16T09:42:18.531232+00:00,ok,True
MS,2003,5,available,RDMS0305.dbc,/dissemin/publicos/SIHSUS/199201_200712/Dados,891340.0,,2026-09-16T09:42:18.531232+00:00,ok,True
MS,2003,6,available,RDMS0306.dbc,/dissemin/publicos/SIHSUS/199201_200712/Dados,817272.0,,2026-09-16T09:42:18.531232+00:00,ok,True
MS,2003,7,available,RDMS0307.dbc,/dissemin/publicos/SIHSUS/199201_200712/Dados,843759.0,,2026-09-16T09:42:18.531232+00:00,ok,True
MS,2003,8,available,RDMS0308.dbc,/dissemin/publicos/SIHSUS/199201_200712/Dados,839620.0,,2026-09-16T09:42:18.531232+00:00,ok,True
MS,2003,9,available,RDMS0309.dbc,/dissemin/publicos/SIHSUS/199201_200712/Dados,846992.0,,2026-09-16T09:42:18.531232+00:00,ok,True
MS,2003,10,available,RDMS0310.dbc,/dissemin/publicos/SIHSUS/199201_200712/Dados,898928.0,,2026-09-16T09:42:18.531232+00:00,ok,True
MS,2003,11,available,RDMS0311.dbc,/dissemin/publicos/SIHSUS/199201_200712/Dados,852487.0,,2026-09-16T09:42:18.531232+00:00,ok,True
MS,2003,12,available,RDMS0312.dbc,/dissemin/publicos/SIHSUS/199201_200712/Dados,831244.0,,2026-09-16T09:42:18.531232+00:00,ok,True
MT,2003,1,available,RDMT0301.dbc,/dissemin/publicos/SIHSUS/199201_200712/Dados,891114.0,,2026-09-16T09:42:18.531232+00:00,ok,True
MT,2003,2,available,RDMT0302.dbc,/dissemin/publicos/SIHSUS/199201_200712/Dados,934688.0,,2026-09-16T09:42:18.531232+00:00,ok,True
MT,2003,3,available,RDMT0303.dbc,/dissemin/publicos/SIHSUS/199201_200712/Dados,881973.0,,2026-09-16T09:42:18.531232+00:00,ok,True
MT,2003,4,available,RDMT0304.dbc,/dissemin/publicos/SIHSUS/199201_200712/Dados,928892.0,,2026-09-16T09:42:18.531232+00:00,ok,True
MT,2003,5,available,RDMT0305.dbc,/dissemin/publicos/SIHSUS/199201_200712/Dados,899831.0,,2026-09-16T09:42:18.531232+00:00,ok,True
MT,2003,6,available,RDMT0306.dbc,/dissemin/publicos/SIHSUS/199201_200712/Dados,937318.0,,2026-09-16T09:42:18.531232+00:00,ok,True
MT,2003,7,available,RDMT0307.dbc,/dissemin/publicos/SIHSUS/199201_200712/Dados,895775.0,,2026-09-16T09:42:18.531232+00:00,ok,True
MT,2003,8,available,RDMT0308.dbc,/dissemin/publicos/SIHSUS/199201_200712/Dados,902603.0,,2026-09-16T09:42:18.531232+00:00,ok,True
MT,2003,9,available,RDMT0309.dbc,/dissemin/publicos/SIHSUS/199201_200712/Dados,896440.0,,2026-09-16T09:42:18.531232+00:00,ok,True
MT,2003,10,available,RDMT0310.dbc,/dissemin/publicos/SIHSUS/199201_200712/Dados,888412.0,,2026-09-16T09:42:18.531232+00:00,ok,True
MT,2003,11,available,RDMT0311.dbc,/dissemin/publicos/SIHSUS/199201_200712/Dados,954189.0,,2026-09-16T09:42:18.531232+00:00,ok,True
MT,2003,12,available,RDMT0312.dbc,/dissemin/publicos/SIHSUS/199201_200712/Dados,939315.0,,2026-09-16T09:42:18.531232+00:00,ok,True
PA,2003,1,available,RDPA0301.dbc,/dissemin/publicos/SIHSUS/199201_200712/Dados,1882160.0,,2026-09-16T09:42:18.531232+00:00,ok,True
PA,2003,2,available,RDPA0302.dbc,/dissemin/publicos/SIHSUS/199201_200712/Dados,1863686.0,,2026-09-16T09:42:18.531232+00:00,ok,True
PA,2003,3,available,RDPA0303.dbc,/dissemin/publicos/SIHSUS/199201_200712/Dados,1903436.0,,2026-09-16T09:42:18.531232+00:00,ok,True
PA,2003,4,available,RDPA0304.dbc,/dissemin/publicos/SIHSUS/199201_200712/Dados,1862165.0,,2026-09-16T09:42:18.531232+00:00,ok,True
PA,2003,5,available,RDPA0305.dbc,/dissemin/publicos/SIHSUS/199201_200712/Dados,1899124.0,,2026-09-16T09:42:18.531232+00:00,ok,True
PA,2003,6,available,RDPA0306.dbc,/dissemin/publicos/SIHSUS/199201_200712/Dados,1854157.0,,2026-09-16T09:42:18.531232+00:00,ok,True
PA,2003,7,available,RDPA0307.dbc,/dissemin/publicos/SIHSUS/199201_200712/Dados,1914765.0,,2026-09-16T09:42:18.531232+00:00,ok,True
PA,2003,8,available,RDPA0308.dbc,/dissemin/publicos/SIHSUS/199201_200712/Dados,1908863.0,,2026-09-16T09:42:18.531232+00:00,ok,True
PA,2003,9,available,RDPA0309.dbc,/dissemin/publicos/SIHSUS/199201_200712/Dados,1810911.0,,2026-09-16T09:42:18.531232+00:00,ok,True
PA,2003,10,available,RDPA0310.dbc,/dissemin/publicos/SIHSUS/199201_200712/Dados,1965880.0,,2026-09-16T09:42:18.531232+00:00,ok,True
PA,2003,11,available,RDPA0311.dbc,/dissemin/publicos/SIHSUS/199201_200712/Dados,1848201.0,,2026-09-16T09:42:18.531232+00:00,ok,True
PA,2003,12,available,RDPA0312.dbc,/dissemin/publicos/SIHSUS/199201_200712/Dados,1804907.0,,2026-09-16T09:42:18.531232+00:00,ok,True
PB,2003,1,available,RDPB0301.dbc,/dissemin/publicos/SIHSUS/199201_200712/Dados,1024205.0,,2026-09-16T09:42:18.531232+00:00,ok,True
PB,2003,2,available,RDPB0302.dbc,/dissemin/publicos/SIHSUS/199201_200712/Dados,1059107.0,,2026-09-16T09:42:18.531232+00:00,ok,True
PB,2003,3,available,RDPB0303.dbc,/dissemin/publicos/SIHSUS/199201_200712/Dados,1031879.0,,2026-09-16T09:42:18.531232+00:00,ok,True
PB,2003,4,available,RDPB0304.dbc,/dissemin/publicos/SIHSUS/199201_200712/Dados,1066889.0,,2026-09-16T09:42:18.531232+00:00,ok,True
PB,2003,5,available,RDPB0305.dbc,/dissemin/publicos/SIHSUS/199201_200712/Dados,1124794.0,,2026-09-16T09:42:18.531232+00:00,ok,True
PB,2003,6,available,RDPB0306.dbc,/dissemin/publicos/SIHSUS/199201_200712/Dados,1088383.0,,2026-09-16T09:42:18.531232+00:00,ok,True
PB,2003,7,available,RDPB0307.dbc,/dissemin/publicos/SIHSUS/199201_200712/Dados,1080466.0,,2026-09-16T09:42:18.531232+00:00,ok,True
PB,2003,8,available,RDPB0308.dbc,/dissemin/publicos/SIHSUS/199201_200712/Dados,1051301.0,,2026-09-16T09:42:18.531232+00:00,ok,True
PB,2003,9,available,RDPB0309.dbc,/dissemin/publicos/SIHSUS/199201_200712/Dados,1042084.0,,2026-09-16T09:42:18.531232+00:00,ok,True
PB,2003,10,available,RDPB0310.dbc,/dissemin/publicos/SIHSUS/199201_200712/Dados,1073374.0,,2026-09-16T09:42:18.531232+00:00,ok,True
PB,2003,11,available,RDPB0311.dbc,/dissemin/publicos/SIHSUS/199201_200712/Dados,1139764.0,,2026-09-16T09:42:18.531232+00:00,ok,True
PB,2003,12,available,RDPB0312.dbc,/dissemin/publicos/SIHSUS/199201_200712/Dados,1101962.0,,2026-09-16T09:42:18.531232+00:00,ok,True
PE,2003,1,available,RDPE0301.dbc,/dissemin/publicos/SIHSUS/199201_200712/Dados,2132763.0,,2026-09-16T09:42:18.531232+00:00,ok,True
PE,2003,2,available,RDPE0302.dbc,/dissemin/publicos/SIHSUS/199201_200712/Dados,2119116.0,,2026-09-16T09:42:18.531232+00:00,ok,True
PE,2003,3,available,RDPE0303.dbc,/dissemin/publicos/SIHSUS/199201_200712/Dados,2094814.0,,2026-09-16T09:42:18.531232+00:00,ok,True
PE,2003,4,available,RDPE0304.dbc,/dissemin/publicos/SIHSUS/199201_200712/Dados,2128001.0,,2026-09-16T09:42:18.531232+00:00,ok,True
PE,2003,5,available,RDPE0305.dbc,/dissemin/publicos/SIHSUS/199201_200712/Dados,2182854.0,,2026-09-16T09:42:18.531232+00:00,ok,True
PE,2003,6,available,RDPE0306.dbc,/dissemin/publicos/SIHSUS/199201_200712/Dados,2139445.0,,2026-09-16T09:42:18.531232+00:00,ok,True
PE,2003,7,available,RDPE0307.dbc,/dissemin/publicos/SIHSUS/199201_200712/Dados,2144627.0,,2026-09-16T09:42:18.531232+00:00,ok,True
PE,2003,8,available,RDPE0308.dbc,/dissemin/publicos/SIHSUS/199201_200712/Dados,2194147.0,,2026-09-16T09:42:18.531232+00:00,ok,True
PE,2003,9,available,RDPE0309.dbc,/dissemin/publicos/SIHSUS/199201_200712/Dados,2161173.0,,2026-09-16T09:42:18.531232+00:00,ok,True
PE,2003,10,available,RDPE0310.dbc,/dissemin/publicos/SIHSUS/199201_200712/Dados,2184951.0,,2026-09-16T09:42:18.531232+00:00,ok,True
PE,2003,11,available,RDPE0311.dbc,/dissemin/publicos/SIHSUS/199201_200712/Dados,2121301.0,,2026-09-16T09:42:18.531232+00:00,ok,True
PE,2003,12,available,RDPE0312.dbc,/dissemin/publicos/SIHSUS/199201_200712/Dados,2103718.0,,2026-09-16T09:42:18.531232+00:00,ok,True
PI,2003,1,available,RDPI0301.dbc,/dissemin/publicos/SIHSUS/199201_200712/Dados,1011171.0,,2026-09-16T09:42:18.531232+00:00,ok,True
PI,2003,2,available,RDPI0302.dbc,/dissemin/publicos/SIHSUS/199201_200712/Dados,1015296.0,,2026-09-16T09:42:18.531232+00:00,ok,True
PI,2003,3,available,RDPI0303.dbc,/dissemin/publicos/SIHSUS/199201_200712/Dados,1047355.0,,2026-09-16T09:42:18.531232+00:00,ok,True
PI,2003,4,available,RDPI0304.dbc,/dissemin/publicos/SIHSUS/199201_200712/Dados,997603.0,,2026-09-16T09:42:18.531232+00:00,ok,True
PI,2003,5,available,RDPI0305.dbc,/dissemin/publicos/SIHSUS/199201_200712/Dados,1041597.0,,2026-09-16T09:42:18.531232+00:00,ok,True
PI,2003,6,available,RDPI0306.dbc,/dissemin/publicos/SIHSUS/199201_200712/Dados,1052996.0,,2026-09-16T09:42:18.531232+00:00,ok,True
PI,2003,7,available,RDPI0307.dbc,/dissemin/publicos/SIHSUS/199201_200712/Dados,1092718.0,,2026-09-16T09:42:18.531232+00:00,ok,True
PI,2003,8,available,RDPI0308.dbc,/dissemin/publicos/SIHSUS/199201_200712/Dados,1125822.0,,2026-09-16T09:42:18.531232+00:00,ok,True
PI,2003,9,available,RDPI0309.dbc,/dissemin/publicos/SIHSUS/199201_200712/Dados,999503.0,,2026-09-16T09:42:18.531232+00:00,ok,True
PI,2003,10,available,RDPI0310.dbc,/dissemin/publicos/SIHSUS/199201_200712/Dados,1095394.0,,2026-09-16T09:42:18.531232+00:00,ok,True
PI,2003,11,available,RDPI0311.dbc,/dissemin/publicos/SIHSUS/199201_200712/Dados,1006593.0,,2026-09-16T09:42:18.531232+00:00,ok,True
PI,2003,12,available,RDPI0312.dbc,/dissemin/publicos/SIHSUS/199201_200712/Dados,1046410.0,,2026-09-16T09:42:18.531232+00:00,ok,True
PR,2003,1,available,RDPR0301.dbc,/dissemin/publicos/SIHSUS/199201_200712/Dados,3729955.0,,2026-09-16T09:42:18.531232+00:00,ok,True
PR,2003,2,available,RDPR0302.dbc,/dissemin/publicos/SIHSUS/199201_200712/Dados,3664634.0,,2026-09-16T09:42:18.531232+00:00,ok,True
PR,2003,3,available,RDPR0303.dbc,/dissemin/publicos/SIHSUS/199201_200712/Dados,3659495.0,,2026-09-16T09:42:18.531232+00:00,ok,True
PR,2003,4,available,RDPR0304.dbc,/dissemin/publicos/SIHSUS/199201_200712/Dados,3706951.0,,2026-09-16T09:42:18.531232+00:00,ok,True
PR,2003,5,available,RDPR0305.dbc,/dissemin/publicos/SIHSUS/199201_200712/Dados,3859826.0,,2026-09-16T09:42:18.531232+00:00,ok,True
PR,2003,6,available,RDPR0306.dbc,/dissemin/publicos/SIHSUS/199201_200712/Dados,3881328.0,,2026-09-16T09:42:18.531232+00:00,ok,True
PR,2003,7,available,RDPR0307.dbc,/dissemin/publicos/SIHSUS/199201_200712/Dados,3775642.0,,2026-09-16T09:42:18.531232+00:00,ok,True
PR,2003,8,available,RDPR0308.dbc,/dissemin/publicos/SIHSUS/199201_200712/Dados,3695581.0,,2026-09-16T09:42:18.531232+00:00,ok,True
PR,2003,9,available,RDPR0309.dbc,/dissemin/publicos/SIHSUS/199201_200712/Dados,3683224.0,,2026-09-16T09:42:18.531232+00:00,ok,True
PR,2003,10,available,RDPR0310.dbc,/dissemin/publicos/SIHSUS/199201_200712/Dados,3575256.0,,2026-09-16T09:42:18.531232+00:00,ok,True
PR,2003,11,available,RDPR0311.dbc,/dissemin/publicos/SIHSUS/199201_200712/Dados,3652570.0,,2026-09-16T09:42:18.531232+00:00,ok,True
PR,2003,12,available,RDPR0312.dbc,/dissemin/publicos/SIHSUS/199201_200712/Dados,3429978.0,,2026-09-16T09:42:18.531232+00:00,ok,True
RJ,2003,1,available,RDRJ0301.dbc,/dissemin/publicos/SIHSUS/199201_200712/Dados,3639905.0,,2026-09-16T09:42:18.531232+00:00,ok,True
RJ,2003,2,available,RDRJ0302.dbc,/dissemin/publicos/SIHSUS/199201_200712/Dados,3532464.0,,2026-09-16T09:42:18.531232+00:00,ok,True
RJ,2003,3,available,RDRJ0303.dbc,/dissemin/publicos/SIHSUS/199201_200712/Dados,3581783.0,,2026-09-16T09:42:18.531232+00:00,ok,True
RJ,2003,4,available,RDRJ0304.dbc,/dissemin/publicos/SIHSUS/199201_200712/Dados,3710196.0,,2026-09-16T09:42:18.531232+00:00,ok,True
RJ,2003,5,available,RDRJ0305.dbc,/dissemin/publicos/SIHSUS/199201_200712/Dados,3837577.0,,2026-09-16T09:42:18.531232+00:00,ok,True
RJ,2003,6,available,RDRJ0306.dbc,/dissemin/publicos/SIHSUS/199201_200712/Dados,3851491.0,,2026-09-16T09:42:18.531232+00:00,ok,True
RJ,2003,7,available,RDRJ0307.dbc,/dissemin/publicos/SIHSUS/199201_200712/Dados,3900410.0,,2026-09-16T09:42:18.531232+00:00,ok,True
RJ,2003,8,available,RDRJ0308.dbc,/dissemin/publicos/SIHSUS/199201_200712/Dados,3859674.0,,2026-09-16T09:42:18.531232+00:00,ok,True
RJ,2003,9,available,RDRJ0309.dbc,/dissemin/publicos/SIHSUS/199201_200712/Dados,4021484.0,,2026-09-16T09:42:18.531232+00:00,ok,True
RJ,2003,10,available,RDRJ0310.dbc,/dissemin/publicos/SIHSUS/199201_200712/Dados,4002349.0,,2026-09-16T09:42:18.531232+00:00,ok,True
RJ,2003,11,available,RDRJ0311.dbc,/dissemin/publicos/SIHSUS/199201_200712/Dados,3821096.0,,2026-09-16T09:42:18.531232+00:00,ok,True
RJ,2003,12,available,RDRJ0312.dbc,/dissemin/publicos/SIHSUS/199201_200712/Dados,3720542.0,,2026-09-16T09:42:18.531232+00:00,ok,True
RN,2003,1,available,RDRN0301.dbc,/dissemin/publicos/SIHSUS/199201_200712/Dados,762627.0,,2026-09-16T09:42:18.531232+00:00,ok,True
RN,2003,2,available,RDRN0302.dbc,/dissemin/publicos/SIHSUS/199201_200712/Dados,705891.0,,2026-09-16T09:42:18.531232+00:00,ok,True
RN,2003,3,available,RDRN0303.dbc,/dissemin/publicos/SIHSUS/199201_200712/Dados,743145.0,,2026-09-16T09:42:18.531232+00:00,ok,True
RN,2003,4,available,RDRN0304.dbc,/dissemin/publicos/SIHSUS/199201_200712/Dados,747546.0,,2026-09-16T09:42:18.531232+00:00,ok,True
RN,2003,5,available,RDRN0305.dbc,/dissemin/publicos/SIHSUS/199201_200712/Dados,788100.0,,2026-09-16T09:42:18.531232+00:00,ok,True
RN,2003,6,available,RDRN0306.dbc,/dissemin/publicos/SIHSUS/199201_200712/Dados,767822.0,,2026-09-16T09:42:18.531232+00:00,ok,True
RN,2003,7,available,RDRN0307.dbc,/dissemin/publicos/SIHSUS/199201_200712/Dados,768424.0,,2026-09-16T09:42:18.531232+00:00,ok,True
RN,2003,8,available,RDRN0308.dbc,/dissemin/publicos/SIHSUS/199201_200712/Dados,547196.0,,2026-09-16T09:42:18.531232+00:00,ok,True
RN,2003,9,available,RDRN0309.dbc,/dissemin/publicos/SIHSUS/199201_200712/Dados,609157.0,,2026-09-16T09:42:18.531232+00:00,ok,True
RN,2003,10,available,RDRN0310.dbc,/dissemin/publicos/SIHSUS/199201_200712/Dados,674525.0,,2026-09-16T09:42:18.531232+00:00,ok,True
RN,2003,11,available,RDRN0311.dbc,/dissemin/publicos/SIHSUS/199201_200712/Dados,692116.0,,2026-09-16T09:42:18.531232+00:00,ok,True
RN,2003,12,available,RDRN0312.dbc,/dissemin/publicos/SIHSUS/199201_200712/Dados,793617.0,,2026-09-16T09:42:18.531232+00:00,ok,True
RO,2003,1,available,RDRO0301.dbc,/dissemin/publicos/SIHSUS/199201_200712/Dados,247747.0,,2026-09-16T09:42:18.531232+00:00,ok,True
RO,2003,2,available,RDRO0302.dbc,/dissemin/publicos/SIHSUS/199201_200712/Dados,433978.0,,2026-09-16T09:42:18.531232+00:00,ok,True
RO,2003,3,available,RDRO0303.dbc,/dissemin/publicos/SIHSUS/199201_200712/Dados,342070.0,,2026-09-16T09:42:18.531232+00:00,ok,True
RO,2003,4,available,RDRO0304.dbc,/dissemin/publicos/SIHSUS/199201_200712/Dados,356154.0,,2026-09-16T09:42:18.531232+00:00,ok,True
RO,2003,5,available,RDRO0305.dbc,/dissemin/publicos/SIHSUS/199201_200712/Dados,331000.0,,2026-09-16T09:42:18.531232+00:00,ok,True
RO,2003,6,available,RDRO0306.dbc,/dissemin/publicos/SIHSUS/199201_200712/Dados,337017.0,,2026-09-16T09:42:18.531232+00:00,ok,True
RO,2003,7,available,RDRO0307.dbc,/dissemin/publicos/SIHSUS/199201_200712/Dados,327182.0,,2026-09-16T09:42:18.531232+00:00,ok,True
RO,2003,8,available,RDRO0308.dbc,/dissemin/publicos/SIHSUS/199201_200712/Dados,251552.0,,2026-09-16T09:42:18.531232+00:00,ok,True
RO,2003,9,available,RDRO0309.dbc,/dissemin/publicos/SIHSUS/199201_200712/Dados,279652.0,,2026-09-16T09:42:18.531232+00:00,ok,True
RO,2003,10,available,RDRO0310.dbc,/dissemin/publicos/SIHSUS/199201_200712/Dados,279003.0,,2026-09-16T09:42:18.531232+00:00,ok,True
RO,2003,11,available,RDRO0311.dbc,/dissemin/publicos/SIHSUS/199201_200712/Dados,239573.0,,2026-09-16T09:42:18.531232+00:00,ok,True
RO,2003,12,available,RDRO0312.dbc,/dissemin/publicos/SIHSUS/199201_200712/Dados,380539.0,,2026-09-16T09:42:18.531232+00:00,ok,True
RR,2003,1,available,RDRR0301.dbc,/dissemin/publicos/SIHSUS/199201_200712/Dados,52791.0,,2026-09-16T09:42:18.531232+00:00,ok,True
RR,2003,2,available,RDRR0302.dbc,/dissemin/publicos/SIHSUS/199201_200712/Dados,44310.0,,2026-09-16T09:42:18.531232+00:00,ok,True
RR,2003,3,available,RDRR0303.dbc,/dissemin/publicos/SIHSUS/199201_200712/Dados,46960.0,,2026-09-16T09:42:18.531232+00:00,ok,True
RR,2003,4,available,RDRR0304.dbc,/dissemin/publicos/SIHSUS/199201_200712/Dados,50059.0,,2026-09-16T09:42:18.531232+00:00,ok,True
RR,2003,5,available,RDRR0305.dbc,/dissemin/publicos/SIHSUS/199201_200712/Dados,52320.0,,2026-09-16T09:42:18.531232+00:00,ok,True
RR,2003,6,available,RDRR0306.dbc,/dissemin/publicos/SIHSUS/199201_200712/Dados,49527.0,,2026-09-16T09:42:18.531232+00:00,ok,True
RR,2003,7,available,RDRR0307.dbc,/dissemin/publicos/SIHSUS/199201_200712/Dados,46928.0,,2026-09-16T09:42:18.531232+00:00,ok,True
RR,2003,8,available,RDRR0308.dbc,/dissemin/publicos/SIHSUS/199201_200712/Dados,50909.0,,2026-09-16T09:42:18.531232+00:00,ok,True
RR,2003,9,available,RDRR0309.dbc,/dissemin/publicos/SIHSUS/199201_200712/Dados,41194.0,,2026-09-16T09:42:18.531232+00:00,ok,True
RR,2003,10,available,RDRR0310.dbc,/dissemin/publicos/SIHSUS/199201_200712/Dados,42965.0,,2026-09-16T09:42:18.531232+00:00,ok,True
RR,2003,11,available,RDRR0311.dbc,/dissemin/publicos/SIHSUS/199201_200712/Dados,44507.0,,2026-09-16T09:42:18.531232+00:00,ok,True
RR,2003,12,available,RDRR0312.dbc,/dissemin/publicos/SIHSUS/199201_200712/Dados,57589.0,,2026-09-16T09:42:18.531232+00:00,ok,True
RS,2003,1,available,RDRS0301.dbc,/dissemin/publicos/SIHSUS/199201_200712/Dados,3862159.0,,2026-09-16T09:42:18.531232+00:00,ok,True
RS,2003,2,available,RDRS0302.dbc,/dissemin/publicos/SIHSUS/199201_200712/Dados,3664594.0,,2026-09-16T09:42:18.531232+00:00,ok,True
RS,2003,3,available,RDRS0303.dbc,/dissemin/publicos/SIHSUS/199201_200712/Dados,3703040.0,,2026-09-16T09:42:18.531232+00:00,ok,True
RS,2003,4,available,RDRS0304.dbc,/dissemin/publicos/SIHSUS/199201_200712/Dados,3656884.0,,2026-09-16T09:42:18.531232+00:00,ok,True
RS,2003,5,available,RDRS0305.dbc,/dissemin/publicos/SIHSUS/199201_200712/Dados,3602908.0,,2026-09-16T09:42:18.531232+00:00,ok,True
RS,2003,6,available,RDRS0306.dbc,/dissemin/publicos/SIHSUS/199201_200712/Dados,3605197.0,,2026-09-16T09:42:18.531232+00:00,ok,True
RS,2003,7,available,RDRS0307.dbc,/dissemin/publicos/SIHSUS/199201_200712/Dados,3661821.0,,2026-09-16T09:42:18.531232+00:00,ok,True
RS,2003,8,available,RDRS0308.dbc,/dissemin/publicos/SIHSUS/199201_200712/Dados,3734921.0,,2026-09-16T09:42:18.531232+00:00,ok,True
RS,2003,9,available,RDRS0309.dbc,/dissemin/publicos/SIHSUS/199201_200712/Dados,3741022.0,,2026-09-16T09:42:18.531232+00:00,ok,True
RS,2003,10,available,RDRS0310.dbc,/dissemin/publicos/SIHSUS/199201_200712/Dados,3876057.0,,2026-09-16T09:42:18.531232+00:00,ok,True
RS,2003,11,available,RDRS0311.dbc,/dissemin/publicos/SIHSUS/199201_200712/Dados,3755346.0,,2026-09-16T09:42:18.531232+00:00,ok,True
RS,2003,12,available,RDRS0312.dbc,/dissemin/publicos/SIHSUS/199201_200712/Dados,4689827.0,,2026-09-16T09:42:18.531232+00:00,ok,True
SC,2003,1,available,RDSC0301.dbc,/dissemin/publicos/SIHSUS/199201_200712/Dados,1955316.0,,2026-09-16T09:42:18.531232+00:00,ok,True
SC,2003,2,available,RDSC0302.dbc,/dissemin/publicos/SIHSUS/199201_200712/Dados,1887623.0,,2026-09-16T09:42:18.531232+00:00,ok,True
SC,2003,3,available,RDSC0303.dbc,/dissemin/publicos/SIHSUS/199201_200712/Dados,1825655.0,,2026-09-16T09:42:18.531232+00:00,ok,True
SC,2003,4,available,RDSC0304.dbc,/dissemin/publicos/SIHSUS/199201_200712/Dados,1877413.0,,2026-09-16T09:42:18.531232+00:00,ok,True
SC,2003,5,available,RDSC0305.dbc,/dissemin/publicos/SIHSUS/199201_200712/Dados,1906796.0,,2026-09-16T09:42:18.531232+00:00,ok,True
SC,2003,6,available,RDSC0306.dbc,/dissemin/publicos/SIHSUS/199201_200712/Dados,1888673.0,,2026-09-16T09:42:18.531232+00:00,ok,True
SC,2003,7,available,RDSC0307.dbc,/dissemin/publicos/SIHSUS/199201_200712/Dados,1820252.0,,2026-09-16T09:42:18.531232+00:00,ok,True
SC,2003,8,available,RDSC0308.dbc,/dissemin/publicos/SIHSUS/199201_200712/Dados,1853286.0,,2026-09-16T09:42:18.531232+00:00,ok,True
SC,2003,9,available,RDSC0309.dbc,/dissemin/publicos/SIHSUS/199201_200712/Dados,1974704.0,,2026-09-16T09:42:18.531232+00:00,ok,True
SC,2003,10,available,RDSC0310.dbc,/dissemin/publicos/SIHSUS/199201_200712/Dados,1915115.0,,2026-09-16T09:42:18.531232+00:00,ok,True
SC,2003,11,available,RDSC0311.dbc,/dissemin/publicos/SIHSUS/199201_200712/Dados,1868432.0,,2026-09-16T09:42:18.531232+00:00,ok,True
SC,2003,12,available,RDSC0312.dbc,/dissemin/publicos/SIHSUS/199201_200712/Dados,1915925.0,,2026-09-16T09:42:18.531232+00:00,ok,True
SE,2003,1,available,RDSE0301.dbc,/dissemin/publicos/SIHSUS/199201_200712/Dados,485533.0,,2026-09-16T09:42:18.531232+00:00,ok,True
SE,2003,2,available,RDSE0302.dbc,/dissemin/publicos/SIHSUS/199201_200712/Dados,538902.0,,2026-09-16T09:42:18.531232+00:00,ok,True
SE,2003,3,available,RDSE0303.dbc,/dissemin/publicos/SIHSUS/199201_200712/Dados,519357.0,,2026-09-16T09:42:18.531232+00:00,ok,True
SE,2003,4,available,RDSE0304.dbc,/dissemin/publicos/SIHSUS/199201_200712/Dados,578238.0,,2026-09-16T09:42:18.531232+00:00,ok,True
SE,2003,5,available,RDSE0305.dbc,/dissemin/publicos/SIHSUS/199201_200712/Dados,565253.0,,2026-09-16T09:42:18.531232+00:00,ok,True
SE,2003,6,available,RDSE0306.dbc,/dissemin/publicos/SIHSUS/199201_200712/Dados,508551.0,,2026-09-16T09:42:18.531232+00:00,ok,True
SE,2003,7,available,RDSE0307.dbc,/dissemin/publicos/SIHSUS/199201_200712/Dados,582795.0,,2026-09-16T09:42:18.531232+00:00,ok,True
SE,2003,8,available,RDSE0308.dbc,/dissemin/publicos/SIHSUS/199201_200712/Dados,592102.0,,2026-09-16T09:42:18.531232+00:00,ok,True
SE,2003,9,available,RDSE0309.dbc,/dissemin/publicos/SIHSUS/199201_200712/Dados,566198.0,,2026-09-16T09:42:18.531232+00:00,ok,True
SE,2003,10,available,RDSE0310.dbc,/dissemin/publicos/SIHSUS/199201_200712/Dados,575298.0,,2026-09-16T09:42:18.531232+00:00,ok,True
SE,2003,11,available,RDSE0311.dbc,/dissemin/publicos/SIHSUS/199201_200712/Dados,547325.0,,2026-09-16T09:42:18.531232+00:00,ok,True
SE,2003,12,available,RDSE0312.dbc,/dissemin/publicos/SIHSUS/199201_200712/Dados,525734.0,,2026-09-16T09:42:18.531232+00:00,ok,True
SP,2003,1,available,RDSP0301.dbc,/dissemin/publicos/SIHSUS/199201_200712/Dados,11563889.0,,2026-09-16T09:42:18.531232+00:00,ok,True
SP,2003,2,available,RDSP0302.dbc,/dissemin/publicos/SIHSUS/199201_200712/Dados,11081159.0,,2026-09-16T09:42:18.531232+00:00,ok,True
SP,2003,3,available,RDSP0303.dbc,/dissemin/publicos/SIHSUS/199201_200712/Dados,11167201.0,,2026-09-16T09:42:18.531232+00:00,ok,True
SP,2003,4,available,RDSP0304.dbc,/dissemin/publicos/SIHSUS/199201_200712/Dados,11231659.0,,2026-09-16T09:42:18.531232+00:00,ok,True
SP,2003,5,available,RDSP0305.dbc,/dissemin/publicos/SIHSUS/199201_200712/Dados,11839082.0,,2026-09-16T09:42:18.531232+00:00,ok,True
SP,2003,6,available,RDSP0306.dbc,/dissemin/publicos/SIHSUS/199201_200712/Dados,11613699.0,,2026-09-16T09:42:18.531232+00:00,ok,True
SP,2003,7,available,RDSP0307.dbc,/dissemin/publicos/SIHSUS/199201_200712/Dados,11820043.0,,2026-09-16T09:42:18.531232+00:00,ok,True
SP,2003,8,available,RDSP0308.dbc,/dissemin/publicos/SIHSUS/199201_200712/Dados,11769360.0,,2026-09-16T09:42:18.531232+00:00,ok,True
SP,2003,9,available,RDSP0309.dbc,/dissemin/publicos/SIHSUS/199201_200712/Dados,11816096.0,,2026-09-16T09:42:18.531232+00:00,ok,True
SP,2003,10,available,RDSP0310.dbc,/dissemin/publicos/SIHSUS/199201_200712/Dados,11541900.0,,2026-09-16T09:42:18.531232+00:00,ok,True
SP,2003,11,available,RDSP0311.dbc,/dissemin/publicos/SIHSUS/199201_200712/Dados,11339254.0,,2026-09-16T09:42:18.531232+00:00,ok,True
SP,2003,12,available,RDSP0312.dbc,/dissemin/publicos/SIHSUS/199201_200712/Dados,11065755.0,,2026-09-16T09:42:18.531232+00:00,ok,True
TO,2003,1,available,RDTO0301.dbc,/dissemin/publicos/SIHSUS/199201_200712/Dados,438222.0,,2026-09-16T09:42:18.531232+00:00,ok,True
TO,2003,2,available,RDTO0302.dbc,/dissemin/publicos/SIHSUS/199201_200712/Dados,408553.0,,2026-09-16T09:42:18.531232+00:00,ok,True
TO,2003,3,available,RDTO0303.dbc,/dissemin/publicos/SIHSUS/199201_200712/Dados,408038.0,,2026-09-16T09:42:18.531232+00:00,ok,True
TO,2003,4,available,RDTO0304.dbc,/dissemin/publicos/SIHSUS/199201_200712/Dados,409377.0,,2026-09-16T09:42:18.531232+00:00,ok,True
TO,2003,5,available,RDTO0305.dbc,/dissemin/publicos/SIHSUS/199201_200712/Dados,400822.0,,2026-09-16T09:42:18.531232+00:00,ok,True
TO,2003,6,available,RDTO0306.dbc,/dissemin/publicos/SIHSUS/199201_200712/Dados,395678.0,,2026-09-16T09:42:18.531232+00:00,ok,True
TO,2003,7,available,RDTO0307.dbc,/dissemin/publicos/SIHSUS/199201_200712/Dados,409692.0,,2026-09-16T09:42:18.531232+00:00,ok,True
TO,2003,8,available,RDTO0308.dbc,/dissemin/publicos/SIHSUS/199201_200712/Dados,435631.0,,2026-09-16T09:42:18.531232+00:00,ok,True
TO,2003,9,available,RDTO0309.dbc,/dissemin/publicos/SIHSUS/199201_200712/Dados,421055.0,,2026-09-16T09:42:18.531232+00:00,ok,True
TO,2003,10,available,RDTO0310.dbc,/dissemin/publicos/SIHSUS/199201_200712/Dados,423300.0,,2026-09-16T09:42:18.531232+00:00,ok,True
TO,2003,11,available,RDTO0311.dbc,/dissemin/publicos/SIHSUS/199201_200712/Dados,446226.0,,2026-09-16T09:42:18.531232+00:00,ok,True
TO,2003,12,available,RDTO0312.dbc,/dissemin/publicos/SIHSUS/199201_200712/Dados,421056.0,,2026-09-16T09:42:18.531232+00:00,ok,True
AC,2004,1,available,RDAC0401.dbc,/dissemin/publicos/SIHSUS/199201_200712/Dados,173968.0,,2026-09-16T09:42:18.531232+00:00,ok,True
AC,2004,2,available,RDAC0402.dbc,/dissemin/publicos/SIHSUS/199201_200712/Dados,194398.0,,2026-09-16T09:42:18.531232+00:00,ok,True
AC,2004,3,available,RDAC0403.dbc,/dissemin/publicos/SIHSUS/199201_200712/Dados,171668.0,,2026-09-16T09:42:18.531232+00:00,ok,True
AC,2004,4,available,RDAC0404.dbc,/dissemin/publicos/SIHSUS/199201_200712/Dados,168328.0,,2026-09-16T09:42:18.531232+00:00,ok,True
AC,2004,5,available,RDAC0405.dbc,/dissemin/publicos/SIHSUS/199201_200712/Dados,188796.0,,2026-09-16T09:42:18.531232+00:00,ok,True
AC,2004,6,available,RDAC0406.dbc,/dissemin/publicos/SIHSUS/199201_200712/Dados,156046.0,,2026-09-16T09:42:18.531232+00:00,ok,True
AC,2004,7,available,RDAC0407.dbc,/dissemin/publicos/SIHSUS/199201_200712/Dados,133598.0,,2026-09-16T09:42:18.531232+00:00,ok,True
AC,2004,8,available,RDAC0408.dbc,/dissemin/publicos/SIHSUS/199201_200712/Dados,162163.0,,2026-09-16T09:42:18.531232+00:00,ok,True
AC,2004,9,available,RDAC0409.dbc,/dissemin/publicos/SIHSUS/199201_200712/Dados,162801.0,,2026-09-16T09:42:18.531232+00:00,ok,True
AC,2004,10,available,RDAC0410.dbc,/dissemin/publicos/SIHSUS/199201_200712/Dados,157044.0,,2026-09-16T09:42:18.531232+00:00,ok,True
AC,2004,11,available,RDAC0411.dbc,/dissemin/publicos/SIHSUS/199201_200712/Dados,171249.0,,2026-09-16T09:42:18.531232+00:00,ok,True
AC,2004,12,available,RDAC0412.dbc,/dissemin/publicos/SIHSUS/199201_200712/Dados,160546.0,,2026-09-16T09:42:18.531232+00:00,ok,True
AL,2004,1,available,RDAL0401.dbc,/dissemin/publicos/SIHSUS/199201_200712/Dados,825163.0,,2026-09-16T09:42:18.531232+00:00,ok,True
AL,2004,2,available,RDAL0402.dbc,/dissemin/publicos/SIHSUS/199201_200712/Dados,954990.0,,2026-09-16T09:42:18.531232+00:00,ok,True
AL,2004,3,available,RDAL0403.dbc,/dissemin/publicos/SIHSUS/199201_200712/Dados,896343.0,,2026-09-16T09:42:18.531232+00:00,ok,True
AL,2004,4,available,RDAL0404.dbc,/dissemin/publicos/SIHSUS/199201_200712/Dados,893191.0,,2026-09-16T09:42:18.531232+00:00,ok,True
AL,2004,5,available,RDAL0405.dbc,/dissemin/publicos/SIHSUS/199201_200712/Dados,924331.0,,2026-09-16T09:42:18.531232+00:00,ok,True
AL,2004,6,available,RDAL0406.dbc,/dissemin/publicos/SIHSUS/199201_200712/Dados,918761.0,,2026-09-16T09:42:18.531232+00:00,ok,True
AL,2004,7,available,RDAL0407.dbc,/dissemin/publicos/SIHSUS/199201_200712/Dados,724553.0,,2026-09-16T09:42:18.531232+00:00,ok,True
AL,2004,8,available,RDAL0408.dbc,/dissemin/publicos/SIHSUS/199201_200712/Dados,712819.0,,2026-09-16T09:42:18.531232+00:00,ok,True
AL,2004,9,available,RDAL0409.dbc,/dissemin/publicos/SIHSUS/199201_200712/Dados,746004.0,,2026-09-16T09:42:18.531232+00:00,ok,True
AL,2004,10,available,RDAL0410.dbc,/dissemin/publicos/SIHSUS/199201_200712/Dados,718369.0,,2026-09-16T09:42:18.531232+00:00,ok,True
AL,2004,11,available,RDAL0411.dbc,/dissemin/publicos/SIHSUS/199201_200712/Dados,722584.0,,2026-09-16T09:42:18.531232+00:00,ok,True
AL,2004,12,available,RDAL0412.dbc,/dissemin/publicos/SIHSUS/199201_200712/Dados,723143.0,,2026-09-16T09:42:18.531232+00:00,ok,True
AM,2004,1,available,RDAM0401.dbc,/dissemin/publicos/SIHSUS/199201_200712/Dados,537227.0,,2026-09-16T09:42:18.531232+00:00,ok,True
AM,2004,2,available,RDAM0402.dbc,/dissemin/publicos/SIHSUS/199201_200712/Dados,582543.0,,2026-09-16T09:42:18.531232+00:00,ok,True
AM,2004,3,available,RDAM0403.dbc,/dissemin/publicos/SIHSUS/199201_200712/Dados,561638.0,,2026-09-16T09:42:18.531232+00:00,ok,True
AM,2004,4,available,RDAM0404.dbc,/dissemin/publicos/SIHSUS/199201_200712/Dados,627086.0,,2026-09-16T09:42:18.531232+00:00,ok,True
AM,2004,5,available,RDAM0405.dbc,/dissemin/publicos/SIHSUS/199201_200712/Dados,632582.0,,2026-09-16T09:42:18.531232+00:00,ok,True
AM,2004,6,available,RDAM0406.dbc,/dissemin/publicos/SIHSUS/199201_200712/Dados,632339.0,,2026-09-16T09:42:18.531232+00:00,ok,True
AM,2004,7,available,RDAM0407.dbc,/dissemin/publicos/SIHSUS/199201_200712/Dados,556024.0,,2026-09-16T09:42:18.531232+00:00,ok,True
AM,2004,8,available,RDAM0408.dbc,/dissemin/publicos/SIHSUS/199201_200712/Dados,522323.0,,2026-09-16T09:42:18.531232+00:00,ok,True
AM,2004,9,available,RDAM0409.dbc,/dissemin/publicos/SIHSUS/199201_200712/Dados,517800.0,,2026-09-16T09:42:18.531232+00:00,ok,True
AM,2004,10,available,RDAM0410.dbc,/dissemin/publicos/SIHSUS/199201_200712/Dados,498427.0,,2026-09-16T09:42:18.531232+00:00,ok,True
AM,2004,11,available,RDAM0411.dbc,/dissemin/publicos/SIHSUS/199201_200712/Dados,536571.0,,2026-09-16T09:42:18.531232+00:00,ok,True
AM,2004,12,available,RDAM0412.dbc,/dissemin/publicos/SIHSUS/199201_200712/Dados,465251.0,,2026-09-16T09:42:18.531232+00:00,ok,True
AP,2004,1,available,RDAP0401.dbc,/dissemin/publicos/SIHSUS/199201_200712/Dados,152845.0,,2026-09-16T09:42:18.531232+00:00,ok,True
AP,2004,2,available,RDAP0402.dbc,/dissemin/publicos/SIHSUS/199201_200712/Dados,135605.0,,2026-09-16T09:42:18.531232+00:00,ok,True
AP,2004,3,available,RDAP0403.dbc,/dissemin/publicos/SIHSUS/199201_200712/Dados,152488.0,,2026-09-16T09:42:18.531232+00:00,ok,True
AP,2004,4,available,RDAP0404.dbc,/dissemin/publicos/SIHSUS/199201_200712/Dados,147233.0,,2026-09-16T09:42:18.531232+00:00,ok,True
AP,2004,5,available,RDAP0405.dbc,/dissemin/publicos/SIHSUS/199201_200712/Dados,143549.0,,2026-09-16T09:42:18.531232+00:00,ok,True
AP,2004,6,available,RDAP0406.dbc,/dissemin/publicos/SIHSUS/199201_200712/Dados,149783.0,,2026-09-16T09:42:18.531232+00:00,ok,True
AP,2004,7,available,RDAP0407.dbc,/dissemin/publicos/SIHSUS/199201_200712/Dados,118038.0,,2026-09-16T09:42:18.531232+00:00,ok,True
AP,2004,8,available,RDAP0408.dbc,/dissemin/publicos/SIHSUS/199201_200712/Dados,101258.0,,2026-09-16T09:42:18.531232+00:00,ok,True
AP,2004,9,available,RDAP0409.dbc,/dissemin/publicos/SIHSUS/199201_200712/Dados,132095.0,,2026-09-16T09:42:18.531232+00:00,ok,True
AP,2004,10,available,RDAP0410.dbc,/dissemin/publicos/SIHSUS/199201_200712/Dados,127825.0,,2026-09-16T09:42:18.531232+00:00,ok,True
AP,2004,11,available,RDAP0411.dbc,/dissemin/publicos/SIHSUS/199201_200712/Dados,112893.0,,2026-09-16T09:42:18.531232+00:00,ok,True
AP,2004,12,available,RDAP0412.dbc,/dissemin/publicos/SIHSUS/199201_200712/Dados,105452.0,,2026-09-16T09:42:18.531232+00:00,ok,True
BA,2004,1,available,RDBA0401.dbc,/dissemin/publicos/SIHSUS/199201_200712/Dados,4153308.0,,2026-09-16T09:42:18.531232+00:00,ok,True
BA,2004,2,available,RDBA0402.dbc,/dissemin/publicos/SIHSUS/199201_200712/Dados,4076531.0,,2026-09-16T09:42:18.531232+00:00,ok,True
BA,2004,3,available,RDBA0403.dbc,/dissemin/publicos/SIHSUS/199201_200712/Dados,4110695.0,,2026-09-16T09:42:18.531232+00:00,ok,True
BA,2004,4,available,RDBA0404.dbc,/dissemin/publicos/SIHSUS/199201_200712/Dados,4255831.0,,2026-09-16T09:42:18.531232+00:00,ok,True
BA,2004,5,available,RDBA0405.dbc,/dissemin/publicos/SIHSUS/199201_200712/Dados,4175933.0,,2026-09-16T09:42:18.531232+00:00,ok,True
BA,2004,6,available,RDBA0406.dbc,/dissemin/publicos/SIHSUS/199201_200712/Dados,4192845.0,,2026-09-16T09:42:18.531232+00:00,ok,True
BA,2004,7,available,RDBA0407.dbc,/dissemin/publicos/SIHSUS/199201_200712/Dados,3183311.0,,2026-09-16T09:42:18.531232+00:00,ok,True
BA,2004,8,available,RDBA0408.dbc,/dissemin/publicos/SIHSUS/199201_200712/Dados,3270321.0,,2026-09-16T09:42:18.531232+00:00,ok,True
BA,2004,9,available,RDBA0409.dbc,/dissemin/publicos/SIHSUS/199201_200712/Dados,3076564.0,,2026-09-16T09:42:18.531232+00:00,ok,True
BA,2004,10,available,RDBA0410.dbc,/dissemin/publicos/SIHSUS/199201_200712/Dados,3067155.0,,2026-09-16T09:42:18.531232+00:00,ok,True
BA,2004,11,available,RDBA0411.dbc,/dissemin/publicos/SIHSUS/199201_200712/Dados,3022957.0,,2026-09-16T09:42:18.531232+00:00,ok,True
BA,2004,12,available,RDBA0412.dbc,/dissemin/publicos/SIHSUS/199201_200712/Dados,2941543.0,,2026-09-16T09:42:18.531232+00:00,ok,True
CE,2004,1,available,RDCE0401.dbc,/dissemin/publicos/SIHSUS/199201_200712/Dados,2168254.0,,2026-09-16T09:42:18.531232+00:00,ok,True
CE,2004,2,available,RDCE0402.dbc,/dissemin/publicos/SIHSUS/199201_200712/Dados,2217023.0,,2026-09-16T09:42:18.531232+00:00,ok,True
CE,2004,3,available,RDCE0403.dbc,/dissemin/publicos/SIHSUS/199201_200712/Dados,2240605.0,,2026-09-16T09:42:18.531232+00:00,ok,True
CE,2004,4,available,RDCE0404.dbc,/dissemin/publicos/SIHSUS/199201_200712/Dados,2335113.0,,2026-09-16T09:42:18.531232+00:00,ok,True
CE,2004,5,available,RDCE0405.dbc,/dissemin/publicos/SIHSUS/199201_200712/Dados,2249392.0,,2026-09-16T09:42:18.531232+00:00,ok,True
CE,2004,6,available,RDCE0406.dbc,/dissemin/publicos/SIHSUS/199201_200712/Dados,2367439.0,,2026-09-16T09:42:18.531232+00:00,ok,True
CE,2004,7,available,RDCE0407.dbc,/dissemin/publicos/SIHSUS/199201_200712/Dados,1835914.0,,2026-09-16T09:42:18.531232+00:00,ok,True
CE,2004,8,available,RDCE0408.dbc,/dissemin/publicos/SIHSUS/199201_200712/Dados,1876473.0,,2026-09-16T09:42:18.531232+00:00,ok,True
CE,2004,9,available,RDCE0409.dbc,/dissemin/publicos/SIHSUS/199201_200712/Dados,1865115.0,,2026-09-16T09:42:18.531232+00:00,ok,True
CE,2004,10,available,RDCE0410.dbc,/dissemin/publicos/SIHSUS/199201_200712/Dados,1834449.0,,2026-09-16T09:42:18.531232+00:00,ok,True
CE,2004,11,available,RDCE0411.dbc,/dissemin/publicos/SIHSUS/199201_200712/Dados,1799036.0,,2026-09-16T09:42:18.531232+00:00,ok,True
CE,2004,12,available,RDCE0412.dbc,/dissemin/publicos/SIHSUS/199201_200712/Dados,1733664.0,,2026-09-16T09:42:18.531232+00:00,ok,True
DF,2004,1,available,RDDF0401.dbc,/dissemin/publicos/SIHSUS/199201_200712/Dados,587732.0,,2026-09-16T09:42:18.531232+00:00,ok,True
DF,2004,2,available,RDDF0402.dbc,/dissemin/publicos/SIHSUS/199201_200712/Dados,948478.0,,2026-09-16T09:42:18.531232+00:00,ok,True
DF,2004,3,available,RDDF0403.dbc,/dissemin/publicos/SIHSUS/199201_200712/Dados,871092.0,,2026-09-16T09:42:18.531232+00:00,ok,True
DF,2004,4,available,RDDF0404.dbc,/dissemin/publicos/SIHSUS/199201_200712/Dados,922623.0,,2026-09-16T09:42:18.531232+00:00,ok,True
DF,2004,5,available,RDDF0405.dbc,/dissemin/publicos/SIHSUS/199201_200712/Dados,1018330.0,,2026-09-16T09:42:18.531232+00:00,ok,True
DF,2004,6,available,RDDF0406.dbc,/dissemin/publicos/SIHSUS/199201_200712/Dados,927736.0,,2026-09-16T09:42:18.531232+00:00,ok,True
DF,2004,7,available,RDDF0407.dbc,/dissemin/publicos/SIHSUS/199201_200712/Dados,744801.0,,2026-09-16T09:42:18.531232+00:00,ok,True
DF,2004,8,available,RDDF0408.dbc,/dissemin/publicos/SIHSUS/199201_200712/Dados,805941.0,,2026-09-16T09:42:18.531232+00:00,ok,True
DF,2004,9,available,RDDF0409.dbc,/dissemin/publicos/SIHSUS/199201_200712/Dados,713222.0,,2026-09-16T09:42:18.531232+00:00,ok,True
DF,2004,10,available,RDDF0410.dbc,/dissemin/publicos/SIHSUS/199201_200712/Dados,680641.0,,2026-09-16T09:42:18.531232+00:00,ok,True
DF,2004,11,available,RDDF0411.dbc,/dissemin/publicos/SIHSUS/199201_200712/Dados,656000.0,,2026-09-16T09:42:18.531232+00:00,ok,True
DF,2004,12,available,RDDF0412.dbc,/dissemin/publicos/SIHSUS/199201_200712/Dados,662148.0,,2026-09-16T09:42:18.531232+00:00,ok,True
ES,2004,1,available,RDES0401.dbc,/dissemin/publicos/SIHSUS/199201_200712/Dados,941584.0,,2026-09-16T09:42:18.531232+00:00,ok,True
ES,2004,2,available,RDES0402.dbc,/dissemin/publicos/SIHSUS/199201_200712/Dados,1018280.0,,2026-09-16T09:42:18.531232+00:00,ok,True
ES,2004,3,available,RDES0403.dbc,/dissemin/publicos/SIHSUS/199201_200712/Dados,978890.0,,2026-09-16T09:42:18.531232+00:00,ok,True
ES,2004,4,available,RDES0404.dbc,/dissemin/publicos/SIHSUS/199201_200712/Dados,917064.0,,2026-09-16T09:42:18.531232+00:00,ok,True
ES,2004,5,available,RDES0405.dbc,/dissemin/publicos/SIHSUS/199201_200712/Dados,964458.0,,2026-09-16T09:42:18.531232+00:00,ok,True
ES,2004,6,available,RDES0406.dbc,/dissemin/publicos/SIHSUS/199201_200712/Dados,849697.0,,2026-09-16T09:42:18.531232+00:00,ok,True
ES,2004,7,available,RDES0407.dbc,/dissemin/publicos/SIHSUS/199201_200712/Dados,740451.0,,2026-09-16T09:42:18.531232+00:00,ok,True
ES,2004,8,available,RDES0408.dbc,/dissemin/publicos/SIHSUS/199201_200712/Dados,700197.0,,2026-09-16T09:42:18.531232+00:00,ok,True
ES,2004,9,available,RDES0409.dbc,/dissemin/publicos/SIHSUS/199201_200712/Dados,757211.0,,2026-09-16T09:42:18.531232+00:00,ok,True
ES,2004,10,available,RDES0410.dbc,/dissemin/publicos/SIHSUS/199201_200712/Dados,719109.0,,2026-09-16T09:42:18.531232+00:00,ok,True
ES,2004,11,available,RDES0411.dbc,/dissemin/publicos/SIHSUS/199201_200712/Dados,807029.0,,2026-09-16T09:42:18.531232+00:00,ok,True
ES,2004,12,available,RDES0412.dbc,/dissemin/publicos/SIHSUS/199201_200712/Dados,809381.0,,2026-09-16T09:42:18.531232+00:00,ok,True
GO,2004,1,available,RDGO0401.dbc,/dissemin/publicos/SIHSUS/199201_200712/Dados,1678539.0,,2026-09-16T09:42:18.531232+00:00,ok,True
GO,2004,2,available,RDGO0402.dbc,/dissemin/publicos/SIHSUS/199201_200712/Dados,1716566.0,,2026-09-16T09:42:18.531232+00:00,ok,True
GO,2004,3,available,RDGO0403.dbc,/dissemin/publicos/SIHSUS/199201_200712/Dados,1800459.0,,2026-09-16T09:42:18.531232+00:00,ok,True
GO,2004,4,available,RDGO0404.dbc,/dissemin/publicos/SIHSUS/199201_200712/Dados,1797749.0,,2026-09-16T09:42:18.531232+00:00,ok,True
GO,2004,5,available,RDGO0405.dbc,/dissemin/publicos/SIHSUS/199201_200712/Dados,1762249.0,,2026-09-16T09:42:18.531232+00:00,ok,True
GO,2004,6,available,RDGO0406.dbc,/dissemin/publicos/SIHSUS/199201_200712/Dados,1648336.0,,2026-09-16T09:42:18.531232+00:00,ok,True
GO,2004,7,available,RDGO0407.dbc,/dissemin/publicos/SIHSUS/199201_200712/Dados,1472488.0,,2026-09-16T09:42:18.531232+00:00,ok,True
GO,2004,8,available,RDGO0408.dbc,/dissemin/publicos/SIHSUS/199201_200712/Dados,1418318.0,,2026-09-16T09:42:18.531232+00:00,ok,True
GO,2004,9,available,RDGO0409.dbc,/dissemin/publicos/SIHSUS/199201_200712/Dados,1517204.0,,2026-09-16T09:42:18.531232+00:00,ok,True
GO,2004,10,available,RDGO0410.dbc,/dissemin/publicos/SIHSUS/199201_200712/Dados,1431282.0,,2026-09-16T09:42:18.531232+00:00,ok,True
GO,2004,11,available,RDGO0411.dbc,/dissemin/publicos/SIHSUS/199201_200712/Dados,1502164.0,,2026-09-16T09:42:18.531232+00:00,ok,True
GO,2004,12,available,RDGO0412.dbc,/dissemin/publicos/SIHSUS/199201_200712/Dados,1435013.0,,2026-09-16T09:42:18.531232+00:00,ok,True
MA,2004,1,available,RDMA0401.dbc,/dissemin/publicos/SIHSUS/199201_200712/Dados,1254551.0,,2026-09-16T09:42:18.531232+00:00,ok,True
MA,2004,2,available,RDMA0402.dbc,/dissemin/publicos/SIHSUS/199201_200712/Dados,1384937.0,,2026-09-16T09:42:18.531232+00:00,ok,True
MA,2004,3,available,RDMA0403.dbc,/dissemin/publicos/SIHSUS/199201_200712/Dados,1336943.0,,2026-09-16T09:42:18.531232+00:00,ok,True
MA,2004,4,available,RDMA0404.dbc,/dissemin/publicos/SIHSUS/199201_200712/Dados,1391492.0,,2026-09-16T09:42:18.531232+00:00,ok,True
MA,2004,5,available,RDMA0405.dbc,/dissemin/publicos/SIHSUS/199201_200712/Dados,1308447.0,,2026-09-16T09:42:18.531232+00:00,ok,True
MA,2004,6,available,RDMA0406.dbc,/dissemin/publicos/SIHSUS/199201_200712/Dados,1540267.0,,2026-09-16T09:42:18.531232+00:00,ok,True
MA,2004,7,available,RDMA0407.dbc,/dissemin/publicos/SIHSUS/199201_200712/Dados,1161600.0,,2026-09-16T09:42:18.531232+00:00,ok,True
MA,2004,8,available,RDMA0408.dbc,/dissemin/publicos/SIHSUS/199201_200712/Dados,1178407.0,,2026-09-16T09:42:18.531232+00:00,ok,True
MA,2004,9,available,RDMA0409.dbc,/dissemin/publicos/SIHSUS/199201_200712/Dados,1077388.0,,2026-09-16T09:42:18.531232+00:00,ok,True
MA,2004,10,available,RDMA0410.dbc,/dissemin/publicos/SIHSUS/199201_200712/Dados,1098210.0,,2026-09-16T09:42:18.531232+00:00,ok,True
MA,2004,11,available,RDMA0411.dbc,/dissemin/publicos/SIHSUS/199201_200712/Dados,991351.0,,2026-09-16T09:42:18.531232+00:00,ok,True
MA,2004,12,available,RDMA0412.dbc,/dissemin/publicos/SIHSUS/199201_200712/Dados,920792.0,,2026-09-16T09:42:18.531232+00:00,ok,True
MG,2004,1,available,RDMG0401.dbc,/dissemin/publicos/SIHSUS/199201_200712/Dados,5994341.0,,2026-09-16T09:42:18.531232+00:00,ok,True
MG,2004,2,available,RDMG0402.dbc,/dissemin/publicos/SIHSUS/199201_200712/Dados,5745211.0,,2026-09-16T09:42:18.531232+00:00,ok,True
MG,2004,3,available,RDMG0403.dbc,/dissemin/publicos/SIHSUS/199201_200712/Dados,6177066.0,,2026-09-16T09:42:18.531232+00:00,ok,True
MG,2004,4,available,RDMG0404.dbc,/dissemin/publicos/SIHSUS/199201_200712/Dados,5985934.0,,2026-09-16T09:42:18.531232+00:00,ok,True
MG,2004,5,available,RDMG0405.dbc,/dissemin/publicos/SIHSUS/199201_200712/Dados,6354661.0,,2026-09-16T09:42:18.531232+00:00,ok,True
MG,2004,6,available,RDMG0406.dbc,/dissemin/publicos/SIHSUS/199201_200712/Dados,6315085.0,,2026-09-16T09:42:18.531232+00:00,ok,True
MG,2004,7,available,RDMG0407.dbc,/dissemin/publicos/SIHSUS/199201_200712/Dados,4881893.0,,2026-09-16T09:42:18.531232+00:00,ok,True
MG,2004,8,available,RDMG0408.dbc,/dissemin/publicos/SIHSUS/199201_200712/Dados,5074314.0,,2026-09-16T09:42:18.531232+00:00,ok,True
MG,2004,9,available,RDMG0409.dbc,/dissemin/publicos/SIHSUS/199201_200712/Dados,5014081.0,,2026-09-16T09:42:18.531232+00:00,ok,True
MG,2004,10,available,RDMG0410.dbc,/dissemin/publicos/SIHSUS/199201_200712/Dados,4884290.0,,2026-09-16T09:42:18.531232+00:00,ok,True
MG,2004,11,available,RDMG0411.dbc,/dissemin/publicos/SIHSUS/199201_200712/Dados,4835669.0,,2026-09-16T09:42:18.531232+00:00,ok,True
MG,2004,12,available,RDMG0412.dbc,/dissemin/publicos/SIHSUS/199201_200712/Dados,4745211.0,,2026-09-16T09:42:18.531232+00:00,ok,True
MS,2004,1,available,RDMS0401.dbc,/dissemin/publicos/SIHSUS/199201_200712/Dados,818222.0,,2026-09-16T09:42:18.531232+00:00,ok,True
MS,2004,2,available,RDMS0402.dbc,/dissemin/publicos/SIHSUS/199201_200712/Dados,874103.0,,2026-09-16T09:42:18.531232+00:00,ok,True
MS,2004,3,available,RDMS0403.dbc,/dissemin/publicos/SIHSUS/199201_200712/Dados,785145.0,,2026-09-16T09:42:18.531232+00:00,ok,True
MS,2004,4,available,RDMS0404.dbc,/dissemin/publicos/SIHSUS/199201_200712/Dados,863014.0,,2026-09-16T09:42:18.531232+00:00,ok,True
MS,2004,5,available,RDMS0405.dbc,/dissemin/publicos/SIHSUS/199201_200712/Dados,792578.0,,2026-09-16T09:42:18.531232+00:00,ok,True
MS,2004,6,available,RDMS0406.dbc,/dissemin/publicos/SIHSUS/199201_200712/Dados,792002.0,,2026-09-16T09:42:18.531232+00:00,ok,True
MS,2004,7,available,RDMS0407.dbc,/dissemin/publicos/SIHSUS/199201_200712/Dados,634106.0,,2026-09-16T09:42:18.531232+00:00,ok,True
MS,2004,8,available,RDMS0408.dbc,/dissemin/publicos/SIHSUS/199201_200712/Dados,621472.0,,2026-09-16T09:42:18.531232+00:00,ok,True
MS,2004,9,available,RDMS0409.dbc,/dissemin/publicos/SIHSUS/199201_200712/Dados,646316.0,,2026-09-16T09:42:18.531232+00:00,ok,True
MS,2004,10,available,RDMS0410.dbc,/dissemin/publicos/SIHSUS/199201_200712/Dados,630779.0,,2026-09-16T09:42:18.531232+00:00,ok,True
MS,2004,11,available,RDMS0411.dbc,/dissemin/publicos/SIHSUS/199201_200712/Dados,714033.0,,2026-09-16T09:42:18.531232+00:00,ok,True
MS,2004,12,available,RDMS0412.dbc,/dissemin/publicos/SIHSUS/199201_200712/Dados,600483.0,,2026-09-16T09:42:18.531232+00:00,ok,True
MT,2004,1,available,RDMT0401.dbc,/dissemin/publicos/SIHSUS/199201_200712/Dados,845271.0,,2026-09-16T09:42:18.531232+00:00,ok,True
MT,2004,2,available,RDMT0402.dbc,/dissemin/publicos/SIHSUS/199201_200712/Dados,898351.0,,2026-09-16T09:42:18.531232+00:00,ok,True
MT,2004,3,available,RDMT0403.dbc,/dissemin/publicos/SIHSUS/199201_200712/Dados,746907.0,,2026-09-16T09:42:18.531232+00:00,ok,True
MT,2004,4,available,RDMT0404.dbc,/dissemin/publicos/SIHSUS/199201_200712/Dados,758692.0,,2026-09-16T09:42:18.531232+00:00,ok,True
MT,2004,5,available,RDMT0405.dbc,/dissemin/publicos/SIHSUS/199201_200712/Dados,1183684.0,,2026-09-16T09:42:18.531232+00:00,ok,True
MT,2004,6,available,RDMT0406.dbc,/dissemin/publicos/SIHSUS/199201_200712/Dados,873478.0,,2026-09-16T09:42:18.531232+00:00,ok,True
MT,2004,7,available,RDMT0407.dbc,/dissemin/publicos/SIHSUS/199201_200712/Dados,797823.0,,2026-09-16T09:42:18.531232+00:00,ok,True
MT,2004,8,available,RDMT0408.dbc,/dissemin/publicos/SIHSUS/199201_200712/Dados,805856.0,,2026-09-16T09:42:18.531232+00:00,ok,True
MT,2004,9,available,RDMT0409.dbc,/dissemin/publicos/SIHSUS/199201_200712/Dados,774740.0,,2026-09-16T09:42:18.531232+00:00,ok,True
MT,2004,10,available,RDMT0410.dbc,/dissemin/publicos/SIHSUS/199201_200712/Dados,767342.0,,2026-09-16T09:42:18.531232+00:00,ok,True
MT,2004,11,available,RDMT0411.dbc,/dissemin/publicos/SIHSUS/199201_200712/Dados,678437.0,,2026-09-16T09:42:18.531232+00:00,ok,True
MT,2004,12,available,RDMT0412.dbc,/dissemin/publicos/SIHSUS/199201_200712/Dados,674825.0,,2026-09-16T09:42:18.531232+00:00,ok,True
PA,2004,1,available,RDPA0401.dbc,/dissemin/publicos/SIHSUS/199201_200712/Dados,1954628.0,,2026-09-16T09:42:18.531232+00:00,ok,True
PA,2004,2,available,RDPA0402.dbc,/dissemin/publicos/SIHSUS/199201_200712/Dados,1847562.0,,2026-09-16T09:42:18.531232+00:00,ok,True
PA,2004,3,available,RDPA0403.dbc,/dissemin/publicos/SIHSUS/199201_200712/Dados,1852756.0,,2026-09-16T09:42:18.531232+00:00,ok,True
PA,2004,4,available,RDPA0404.dbc,/dissemin/publicos/SIHSUS/199201_200712/Dados,1907652.0,,2026-09-16T09:42:18.531232+00:00,ok,True
PA,2004,5,available,RDPA0405.dbc,/dissemin/publicos/SIHSUS/199201_200712/Dados,2056253.0,,2026-09-16T09:42:18.531232+00:00,ok,True
PA,2004,6,available,RDPA0406.dbc,/dissemin/publicos/SIHSUS/199201_200712/Dados,1984944.0,,2026-09-16T09:42:18.531232+00:00,ok,True
PA,2004,7,available,RDPA0407.dbc,/dissemin/publicos/SIHSUS/199201_200712/Dados,1569593.0,,2026-09-16T09:42:18.531232+00:00,ok,True
PA,2004,8,available,RDPA0408.dbc,/dissemin/publicos/SIHSUS/199201_200712/Dados,1543871.0,,2026-09-16T09:42:18.531232+00:00,ok,True
PA,2004,9,available,RDPA0409.dbc,/dissemin/publicos/SIHSUS/199201_200712/Dados,1550678.0,,2026-09-16T09:42:18.531232+00:00,ok,True
PA,2004,10,available,RDPA0410.dbc,/dissemin/publicos/SIHSUS/199201_200712/Dados,1559360.0,,2026-09-16T09:42:18.531232+00:00,ok,True
PA,2004,11,available,RDPA0411.dbc,/dissemin/publicos/SIHSUS/199201_200712/Dados,1518209.0,,2026-09-16T09:42:18.531232+00:00,ok,True
PA,2004,12,available,RDPA0412.dbc,/dissemin/publicos/SIHSUS/199201_200712/Dados,1564557.0,,2026-09-16T09:42:18.531232+00:00,ok,True
PB,2004,1,available,RDPB0401.dbc,/dissemin/publicos/SIHSUS/199201_200712/Dados,1059834.0,,2026-09-16T09:42:18.531232+00:00,ok,True
PB,2004,2,available,RDPB0402.dbc,/dissemin/publicos/SIHSUS/199201_200712/Dados,1064845.0,,2026-09-16T09:42:18.531232+00:00,ok,True
PB,2004,3,available,RDPB0403.dbc,/dissemin/publicos/SIHSUS/199201_200712/Dados,1084575.0,,2026-09-16T09:42:18.531232+00:00,ok,True
PB,2004,4,available,RDPB0404.dbc,/dissemin/publicos/SIHSUS/199201_200712/Dados,1083977.0,,2026-09-16T09:42:18.531232+00:00,ok,True
PB,2004,5,available,RDPB0405.dbc,/dissemin/publicos/SIHSUS/199201_200712/Dados,1130617.0,,2026-09-16T09:42:18.531232+00:00,ok,True
PB,2004,6,available,RDPB0406.dbc,/dissemin/publicos/SIHSUS/199201_200712/Dados,1117137.0,,2026-09-16T09:42:18.531232+00:00,ok,True
PB,2004,7,available,RDPB0407.dbc,/dissemin/publicos/SIHSUS/199201_200712/Dados,896958.0,,2026-09-16T09:42:18.531232+00:00,ok,True
PB,2004,8,available,RDPB0408.dbc,/dissemin/publicos/SIHSUS/199201_200712/Dados,854813.0,,2026-09-16T09:42:18.531232+00:00,ok,True
PB,2004,9,available,RDPB0409.dbc,/dissemin/publicos/SIHSUS/199201_200712/Dados,873854.0,,2026-09-16T09:42:18.531232+00:00,ok,True
PB,2004,10,available,RDPB0410.dbc,/dissemin/publicos/SIHSUS/199201_200712/Dados,873163.0,,2026-09-16T09:42:18.531232+00:00,ok,True
PB,2004,11,available,RDPB0411.dbc,/dissemin/publicos/SIHSUS/199201_200712/Dados,859036.0,,2026-09-16T09:42:18.531232+00:00,ok,True
PB,2004,12,available,RDPB0412.dbc,/dissemin/publicos/SIHSUS/199201_200712/Dados,826773.0,,2026-09-16T09:42:18.531232+00:00,ok,True
PE,2004,1,available,RDPE0401.dbc,/dissemin/publicos/SIHSUS/199201_200712/Dados,2111772.0,,2026-09-16T09:42:18.531232+00:00,ok,True
PE,2004,2,available,RDPE0402.dbc,/dissemin/publicos/SIHSUS/199201_200712/Dados,2151386.0,,2026-09-16T09:42:18.531232+00:00,ok,True
PE,2004,3,available,RDPE0403.dbc,/dissemin/publicos/SIHSUS/199201_200712/Dados,2047093.0,,2026-09-16T09:42:18.531232+00:00,ok,True
PE,2004,4,available,RDPE0404.dbc,/dissemin/publicos/SIHSUS/199201_200712/Dados,2210836.0,,2026-09-16T09:42:18.531232+00:00,ok,True
PE,2004,5,available,RDPE0405.dbc,/dissemin/publicos/SIHSUS/199201_200712/Dados,2298138.0,,2026-09-16T09:42:18.531232+00:00,ok,True
PE,2004,6,available,RDPE0406.dbc,/dissemin/publicos/SIHSUS/199201_200712/Dados,2128729.0,,2026-09-16T09:42:18.531232+00:00,ok,True
PE,2004,7,available,RDPE0407.dbc,/dissemin/publicos/SIHSUS/199201_200712/Dados,1824038.0,,2026-09-16T09:42:18.531232+00:00,ok,True
PE,2004,8,available,RDPE0408.dbc,/dissemin/publicos/SIHSUS/199201_200712/Dados,1869338.0,,2026-09-16T09:42:18.531232+00:00,ok,True
PE,2004,9,available,RDPE0409.dbc,/dissemin/publicos/SIHSUS/199201_200712/Dados,1866368.0,,2026-09-16T09:42:18.531232+00:00,ok,True
PE,2004,10,available,RDPE0410.dbc,/dissemin/publicos/SIHSUS/199201_200712/Dados,1798312.0,,2026-09-16T09:42:18.531232+00:00,ok,True
PE,2004,11,available,RDPE0411.dbc,/dissemin/publicos/SIHSUS/199201_200712/Dados,1825822.0,,2026-09-16T09:42:18.531232+00:00,ok,True
PE,2004,12,available,RDPE0412.dbc,/dissemin/publicos/SIHSUS/199201_200712/Dados,1748797.0,,2026-09-16T09:42:18.531232+00:00,ok,True
PI,2004,1,available,RDPI0401.dbc,/dissemin/publicos/SIHSUS/199201_200712/Dados,973639.0,,2026-09-16T09:42:18.531232+00:00,ok,True
PI,2004,2,available,RDPI0402.dbc,/dissemin/publicos/SIHSUS/199201_200712/Dados,1164121.0,,2026-09-16T09:42:18.531232+00:00,ok,True
PI,2004,3,available,RDPI0403.dbc,/dissemin/publicos/SIHSUS/199201_200712/Dados,1096941.0,,2026-09-16T09:42:18.531232+00:00,ok,True
PI,2004,4,available,RDPI0404.dbc,/dissemin/publicos/SIHSUS/199201_200712/Dados,1070308.0,,2026-09-16T09:42:18.531232+00:00,ok,True
PI,2004,5,available,RDPI0405.dbc,/dissemin/publicos/SIHSUS/199201_200712/Dados,1020992.0,,2026-09-16T09:42:18.531232+00:00,ok,True
PI,2004,6,available,RDPI0406.dbc,/dissemin/publicos/SIHSUS/199201_200712/Dados,1077486.0,,2026-09-16T09:42:18.531232+00:00,ok,True
PI,2004,7,available,RDPI0407.dbc,/dissemin/publicos/SIHSUS/199201_200712/Dados,785595.0,,2026-09-16T09:42:18.531232+00:00,ok,True
PI,2004,8,available,RDPI0408.dbc,/dissemin/publicos/SIHSUS/199201_200712/Dados,819943.0,,2026-09-16T09:42:18.531232+00:00,ok,True
PI,2004,9,available,RDPI0409.dbc,/dissemin/publicos/SIHSUS/199201_200712/Dados,796829.0,,2026-09-16T09:42:18.531232+00:00,ok,True
PI,2004,10,available,RDPI0410.dbc,/dissemin/publicos/SIHSUS/199201_200712/Dados,798890.0,,2026-09-16T09:42:18.531232+00:00,ok,True
PI,2004,11,available,RDPI0411.dbc,/dissemin/publicos/SIHSUS/199201_200712/Dados,807670.0,,2026-09-16T09:42:18.531232+00:00,ok,True
PI,2004,12,available,RDPI0412.dbc,/dissemin/publicos/SIHSUS/199201_200712/Dados,777084.0,,2026-09-16T09:42:18.531232+00:00,ok,True
PR,2004,1,available,RDPR0401.dbc,/dissemin/publicos/SIHSUS/199201_200712/Dados,3612885.0,,2026-09-16T09:42:18.531232+00:00,ok,True
PR,2004,2,available,RDPR0402.dbc,/dissemin/publicos/SIHSUS/199201_200712/Dados,3662060.0,,2026-09-16T09:42:18.531232+00:00,ok,True
PR,2004,3,available,RDPR0403.dbc,/dissemin/publicos/SIHSUS/199201_200712/Dados,3753308.0,,2026-09-16T09:42:18.531232+00:00,ok,True
PR,2004,4,available,RDPR0404.dbc,/dissemin/publicos/SIHSUS/199201_200712/Dados,3589525.0,,2026-09-16T09:42:18.531232+00:00,ok,True
PR,2004,5,available,RDPR0405.dbc,/dissemin/publicos/SIHSUS/199201_200712/Dados,3784281.0,,2026-09-16T09:42:18.531232+00:00,ok,True
PR,2004,6,available,RDPR0406.dbc,/dissemin/publicos/SIHSUS/199201_200712/Dados,3576047.0,,2026-09-16T09:42:18.531232+00:00,ok,True
PR,2004,7,available,RDPR0407.dbc,/dissemin/publicos/SIHSUS/199201_200712/Dados,2903112.0,,2026-09-16T09:42:18.531232+00:00,ok,True
PR,2004,8,available,RDPR0408.dbc,/dissemin/publicos/SIHSUS/199201_200712/Dados,2908401.0,,2026-09-16T09:42:18.531232+00:00,ok,True
PR,2004,9,available,RDPR0409.dbc,/dissemin/publicos/SIHSUS/199201_200712/Dados,2932524.0,,2026-09-16T09:42:18.531232+00:00,ok,True
PR,2004,10,available,RDPR0410.dbc,/dissemin/publicos/SIHSUS/199201_200712/Dados,2981609.0,,2026-09-16T09:42:18.531232+00:00,ok,True
PR,2004,11,available,RDPR0411.dbc,/dissemin/publicos/SIHSUS/199201_200712/Dados,2864713.0,,2026-09-16T09:42:18.531232+00:00,ok,True
PR,2004,12,available,RDPR0412.dbc,/dissemin/publicos/SIHSUS/199201_200712/Dados,2895468.0,,2026-09-16T09:42:18.531232+00:00,ok,True
RJ,2004,1,available,RDRJ0401.dbc,/dissemin/publicos/SIHSUS/199201_200712/Dados,3911816.0,,2026-09-16T09:42:18.531232+00:00,ok,True
RJ,2004,2,available,RDRJ0402.dbc,/dissemin/publicos/SIHSUS/199201_200712/Dados,3510826.0,,2026-09-16T09:42:18.531232+00:00,ok,True
RJ,2004,3,available,RDRJ0403.dbc,/dissemin/publicos/SIHSUS/199201_200712/Dados,3833230.0,,2026-09-16T09:42:18.531232+00:00,ok,True
RJ,2004,4,available,RDRJ0404.dbc,/dissemin/publicos/SIHSUS/199201_200712/Dados,3908429.0,,2026-09-16T09:42:18.531232+00:00,ok,True
RJ,2004,5,available,RDRJ0405.dbc,/dissemin/publicos/SIHSUS/199201_200712/Dados,4105810.0,,2026-09-16T09:42:18.531232+00:00,ok,True
RJ,2004,6,available,RDRJ0406.dbc,/dissemin/publicos/SIHSUS/199201_200712/Dados,3997507.0,,2026-09-16T09:42:18.531232+00:00,ok,True
RJ,2004,7,available,RDRJ0407.dbc,/dissemin/publicos/SIHSUS/199201_200712/Dados,3351893.0,,2026-09-16T09:42:18.531232+00:00,ok,True
RJ,2004,8,available,RDRJ0408.dbc,/dissemin/publicos/SIHSUS/199201_200712/Dados,3332603.0,,2026-09-16T09:42:18.531232+00:00,ok,True
RJ,2004,9,available,RDRJ0409.dbc,/dissemin/publicos/SIHSUS/199201_200712/Dados,3043206.0,,2026-09-16T09:42:18.531232+00:00,ok,True
RJ,2004,10,available,RDRJ0410.dbc,/dissemin/publicos/SIHSUS/199201_200712/Dados,3068245.0,,2026-09-16T09:42:18.531232+00:00,ok,True
RJ,2004,11,available,RDRJ0411.dbc,/dissemin/publicos/SIHSUS/199201_200712/Dados,2890978.0,,2026-09-16T09:42:18.531232+00:00,ok,True
RJ,2004,12,available,RDRJ0412.dbc,/dissemin/publicos/SIHSUS/199201_200712/Dados,3000612.0,,2026-09-16T09:42:18.531232+00:00,ok,True
RN,2004,1,available,RDRN0401.dbc,/dissemin/publicos/SIHSUS/199201_200712/Dados,733676.0,,2026-09-16T09:42:18.531232+00:00,ok,True
RN,2004,2,available,RDRN0402.dbc,/dissemin/publicos/SIHSUS/199201_200712/Dados,748329.0,,2026-09-16T09:42:18.531232+00:00,ok,True
RN,2004,3,available,RDRN0403.dbc,/dissemin/publicos/SIHSUS/199201_200712/Dados,774028.0,,2026-09-16T09:42:18.531232+00:00,ok,True
RN,2004,4,available,RDRN0404.dbc,/dissemin/publicos/SIHSUS/199201_200712/Dados,722672.0,,2026-09-16T09:42:18.531232+00:00,ok,True
RN,2004,5,available,RDRN0405.dbc,/dissemin/publicos/SIHSUS/199201_200712/Dados,747848.0,,2026-09-16T09:42:18.531232+00:00,ok,True
RN,2004,6,available,RDRN0406.dbc,/dissemin/publicos/SIHSUS/199201_200712/Dados,733352.0,,2026-09-16T09:42:18.531232+00:00,ok,True
RN,2004,7,available,RDRN0407.dbc,/dissemin/publicos/SIHSUS/199201_200712/Dados,614048.0,,2026-09-16T09:42:18.531232+00:00,ok,True
RN,2004,8,available,RDRN0408.dbc,/dissemin/publicos/SIHSUS/199201_200712/Dados,578479.0,,2026-09-16T09:42:18.531232+00:00,ok,True
RN,2004,9,available,RDRN0409.dbc,/dissemin/publicos/SIHSUS/199201_200712/Dados,694440.0,,2026-09-16T09:42:18.531232+00:00,ok,True
RN,2004,10,available,RDRN0410.dbc,/dissemin/publicos/SIHSUS/199201_200712/Dados,633946.0,,2026-09-16T09:42:18.531232+00:00,ok,True
RN,2004,11,available,RDRN0411.dbc,/dissemin/publicos/SIHSUS/199201_200712/Dados,593362.0,,2026-09-16T09:42:18.531232+00:00,ok,True
RN,2004,12,available,RDRN0412.dbc,/dissemin/publicos/SIHSUS/199201_200712/Dados,592233.0,,2026-09-16T09:42:18.531232+00:00,ok,True
RO,2004,1,available,RDRO0401.dbc,/dissemin/publicos/SIHSUS/199201_200712/Dados,294850.0,,2026-09-16T09:42:18.531232+00:00,ok,True
RO,2004,2,available,RDRO0402.dbc,/dissemin/publicos/SIHSUS/199201_200712/Dados,356122.0,,2026-09-16T09:42:18.531232+00:00,ok,True
RO,2004,3,available,RDRO0403.dbc,/dissemin/publicos/SIHSUS/199201_200712/Dados,329629.0,,2026-09-16T09:42:18.531232+00:00,ok,True
RO,2004,4,available,RDRO0404.dbc,/dissemin/publicos/SIHSUS/199201_200712/Dados,192786.0,,2026-09-16T09:42:18.531232+00:00,ok,True
RO,2004,5,available,RDRO0405.dbc,/dissemin/publicos/SIHSUS/199201_200712/Dados,398450.0,,2026-09-16T09:42:18.531232+00:00,ok,True
RO,2004,6,available,RDRO0406.dbc,/dissemin/publicos/SIHSUS/199201_200712/Dados,329602.0,,2026-09-16T09:42:18.531232+00:00,ok,True
RO,2004,7,available,RDRO0407.dbc,/dissemin/publicos/SIHSUS/199201_200712/Dados,293582.0,,2026-09-16T09:42:18.531232+00:00,ok,True
RO,2004,8,available,RDRO0408.dbc,/dissemin/publicos/SIHSUS/199201_200712/Dados,301836.0,,2026-09-16T09:42:18.531232+00:00,ok,True
RO,2004,9,available,RDRO0409.dbc,/dissemin/publicos/SIHSUS/199201_200712/Dados,285975.0,,2026-09-16T09:42:18.531232+00:00,ok,True
RO,2004,10,available,RDRO0410.dbc,/dissemin/publicos/SIHSUS/199201_200712/Dados,281353.0,,2026-09-16T09:42:18.531232+00:00,ok,True
RO,2004,11,available,RDRO0411.dbc,/dissemin/publicos/SIHSUS/199201_200712/Dados,272326.0,,2026-09-16T09:42:18.531232+00:00,ok,True
RO,2004,12,available,RDRO0412.dbc,/dissemin/publicos/SIHSUS/199201_200712/Dados,252885.0,,2026-09-16T09:42:18.531232+00:00,ok,True
RR,2004,1,available,RDRR0401.dbc,/dissemin/publicos/SIHSUS/199201_200712/Dados,66093.0,,2026-09-16T09:42:18.531232+00:00,ok,True
RR,2004,2,available,RDRR0402.dbc,/dissemin/publicos/SIHSUS/199201_200712/Dados,45928.0,,2026-09-16T09:42:18.531232+00:00,ok,True
RR,2004,3,available,RDRR0403.dbc,/dissemin/publicos/SIHSUS/199201_200712/Dados,74355.0,,2026-09-16T09:42:18.531232+00:00,ok,True
RR,2004,4,available,RDRR0404.dbc,/dissemin/publicos/SIHSUS/199201_200712/Dados,69957.0,,2026-09-16T09:42:18.531232+00:00,ok,True
RR,2004,5,available,RDRR0405.dbc,/dissemin/publicos/SIHSUS/199201_200712/Dados,73123.0,,2026-09-16T09:42:18.531232+00:00,ok,True
RR,2004,6,available,RDRR0406.dbc,/dissemin/publicos/SIHSUS/199201_200712/Dados,55719.0,,2026-09-16T09:42:18.531232+00:00,ok,True
RR,2004,7,available,RDRR0407.dbc,/dissemin/publicos/SIHSUS/199201_200712/Dados,57840.0,,2026-09-16T09:42:18.531232+00:00,ok,True
RR,2004,8,available,RDRR0408.dbc,/dissemin/publicos/SIHSUS/199201_200712/Dados,61471.0,,2026-09-16T09:42:18.531232+00:00,ok,True
RR,2004,9,available,RDRR0409.dbc,/dissemin/publicos/SIHSUS/199201_200712/Dados,49969.0,,2026-09-16T09:42:18.531232+00:00,ok,True
RR,2004,10,available,RDRR0410.dbc,/dissemin/publicos/SIHSUS/199201_200712/Dados,47497.0,,2026-09-16T09:42:18.531232+00:00,ok,True
RR,2004,11,available,RDRR0411.dbc,/dissemin/publicos/SIHSUS/199201_200712/Dados,60248.0,,2026-09-16T09:42:18.531232+00:00,ok,True
RR,2004,12,available,RDRR0412.dbc,/dissemin/publicos/SIHSUS/199201_200712/Dados,41519.0,,2026-09-16T09:42:18.531232+00:00,ok,True
RS,2004,1,available,RDRS0401.dbc,/dissemin/publicos/SIHSUS/199201_200712/Dados,3724138.0,,2026-09-16T09:42:18.531232+00:00,ok,True
RS,2004,2,available,RDRS0402.dbc,/dissemin/publicos/SIHSUS/199201_200712/Dados,3649647.0,,2026-09-16T09:42:18.531232+00:00,ok,True
RS,2004,3,available,RDRS0403.dbc,/dissemin/publicos/SIHSUS/199201_200712/Dados,3951051.0,,2026-09-16T09:42:18.531232+00:00,ok,True
RS,2004,4,available,RDRS0404.dbc,/dissemin/publicos/SIHSUS/199201_200712/Dados,3761770.0,,2026-09-16T09:42:18.531232+00:00,ok,True
RS,2004,5,available,RDRS0405.dbc,/dissemin/publicos/SIHSUS/199201_200712/Dados,3926077.0,,2026-09-16T09:42:18.531232+00:00,ok,True
RS,2004,6,available,RDRS0406.dbc,/dissemin/publicos/SIHSUS/199201_200712/Dados,3978830.0,,2026-09-16T09:42:18.531232+00:00,ok,True
RS,2004,7,available,RDRS0407.dbc,/dissemin/publicos/SIHSUS/199201_200712/Dados,3159208.0,,2026-09-16T09:42:18.531232+00:00,ok,True
RS,2004,8,available,RDRS0408.dbc,/dissemin/publicos/SIHSUS/199201_200712/Dados,3130679.0,,2026-09-16T09:42:18.531232+00:00,ok,True
RS,2004,9,available,RDRS0409.dbc,/dissemin/publicos/SIHSUS/199201_200712/Dados,3149974.0,,2026-09-16T09:42:18.531232+00:00,ok,True
RS,2004,10,available,RDRS0410.dbc,/dissemin/publicos/SIHSUS/199201_200712/Dados,3060192.0,,2026-09-16T09:42:18.531232+00:00,ok,True
RS,2004,11,available,RDRS0411.dbc,/dissemin/publicos/SIHSUS/199201_200712/Dados,3062877.0,,2026-09-16T09:42:18.531232+00:00,ok,True
RS,2004,12,available,RDRS0412.dbc,/dissemin/publicos/SIHSUS/199201_200712/Dados,3096517.0,,2026-09-16T09:42:18.531232+00:00,ok,True
SC,2004,1,available,RDSC0401.dbc,/dissemin/publicos/SIHSUS/199201_200712/Dados,1403833.0,,2026-09-16T09:42:18.531232+00:00,ok,True
SC,2004,2,available,RDSC0402.dbc,/dissemin/publicos/SIHSUS/199201_200712/Dados,2045903.0,,2026-09-16T09:42:18.531232+00:00,ok,True
SC,2004,3,available,RDSC0403.dbc,/dissemin/publicos/SIHSUS/199201_200712/Dados,1924087.0,,2026-09-16T09:42:18.531232+00:00,ok,True
SC,2004,4,available,RDSC0404.dbc,/dissemin/publicos/SIHSUS/199201_200712/Dados,1880654.0,,2026-09-16T09:42:18.531232+00:00,ok,True
SC,2004,5,available,RDSC0405.dbc,/dissemin/publicos/SIHSUS/199201_200712/Dados,2129670.0,,2026-09-16T09:42:18.531232+00:00,ok,True
SC,2004,6,available,RDSC0406.dbc,/dissemin/publicos/SIHSUS/199201_200712/Dados,1917060.0,,2026-09-16T09:42:18.531232+00:00,ok,True
SC,2004,7,available,RDSC0407.dbc,/dissemin/publicos/SIHSUS/199201_200712/Dados,1575583.0,,2026-09-16T09:42:18.531232+00:00,ok,True
SC,2004,8,available,RDSC0408.dbc,/dissemin/publicos/SIHSUS/199201_200712/Dados,1696259.0,,2026-09-16T09:42:18.531232+00:00,ok,True
SC,2004,9,available,RDSC0409.dbc,/dissemin/publicos/SIHSUS/199201_200712/Dados,1614827.0,,2026-09-16T09:42:18.531232+00:00,ok,True
SC,2004,10,available,RDSC0410.dbc,/dissemin/publicos/SIHSUS/199201_200712/Dados,1577604.0,,2026-09-16T09:42:18.531232+00:00,ok,True
SC,2004,11,available,RDSC0411.dbc,/dissemin/publicos/SIHSUS/199201_200712/Dados,1518258.0,,2026-09-16T09:42:18.531232+00:00,ok,True
SC,2004,12,available,RDSC0412.dbc,/dissemin/publicos/SIHSUS/199201_200712/Dados,1546306.0,,2026-09-16T09:42:18.531232+00:00,ok,True
SE,2004,1,available,RDSE0401.dbc,/dissemin/publicos/SIHSUS/199201_200712/Dados,541284.0,,2026-09-16T09:42:18.531232+00:00,ok,True
SE,2004,2,available,RDSE0402.dbc,/dissemin/publicos/SIHSUS/199201_200712/Dados,488784.0,,2026-09-16T09:42:18.531232+00:00,ok,True
SE,2004,3,available,RDSE0403.dbc,/dissemin/publicos/SIHSUS/199201_200712/Dados,562813.0,,2026-09-16T09:42:18.531232+00:00,ok,True
SE,2004,4,available,RDSE0404.dbc,/dissemin/publicos/SIHSUS/199201_200712/Dados,480904.0,,2026-09-16T09:42:18.531232+00:00,ok,True
SE,2004,5,available,RDSE0405.dbc,/dissemin/publicos/SIHSUS/199201_200712/Dados,563209.0,,2026-09-16T09:42:18.531232+00:00,ok,True
SE,2004,6,available,RDSE0406.dbc,/dissemin/publicos/SIHSUS/199201_200712/Dados,526087.0,,2026-09-16T09:42:18.531232+00:00,ok,True
SE,2004,7,available,RDSE0407.dbc,/dissemin/publicos/SIHSUS/199201_200712/Dados,419305.0,,2026-09-16T09:42:18.531232+00:00,ok,True
SE,2004,8,available,RDSE0408.dbc,/dissemin/publicos/SIHSUS/199201_200712/Dados,420775.0,,2026-09-16T09:42:18.531232+00:00,ok,True
SE,2004,9,available,RDSE0409.dbc,/dissemin/publicos/SIHSUS/199201_200712/Dados,395374.0,,2026-09-16T09:42:18.531232+00:00,ok,True
SE,2004,10,available,RDSE0410.dbc,/dissemin/publicos/SIHSUS/199201_200712/Dados,381938.0,,2026-09-16T09:42:18.531232+00:00,ok,True
SE,2004,11,available,RDSE0411.dbc,/dissemin/publicos/SIHSUS/199201_200712/Dados,391491.0,,2026-09-16T09:42:18.531232+00:00,ok,True
SE,2004,12,available,RDSE0412.dbc,/dissemin/publicos/SIHSUS/199201_200712/Dados,356903.0,,2026-09-16T09:42:18.531232+00:00,ok,True
SP,2004,1,available,RDSP0401.dbc,/dissemin/publicos/SIHSUS/199201_200712/Dados,11041345.0,,2026-09-16T09:42:18.531232+00:00,ok,True
SP,2004,2,available,RDSP0402.dbc,/dissemin/publicos/SIHSUS/199201_200712/Dados,11216447.0,,2026-09-16T09:42:18.531232+00:00,ok,True
SP,2004,3,available,RDSP0403.dbc,/dissemin/publicos/SIHSUS/199201_200712/Dados,11917094.0,,2026-09-16T09:42:18.531232+00:00,ok,True
SP,2004,4,available,RDSP0404.dbc,/dissemin/publicos/SIHSUS/199201_200712/Dados,11703648.0,,2026-09-16T09:42:18.531232+00:00,ok,True
SP,2004,5,available,RDSP0405.dbc,/dissemin/publicos/SIHSUS/199201_200712/Dados,12157432.0,,2026-09-16T09:42:18.531232+00:00,ok,True
SP,2004,6,available,RDSP0406.dbc,/dissemin/publicos/SIHSUS/199201_200712/Dados,11952471.0,,2026-09-16T09:42:18.531232+00:00,ok,True
SP,2004,7,available,RDSP0407.dbc,/dissemin/publicos/SIHSUS/199201_200712/Dados,9642380.0,,2026-09-16T09:42:18.531232+00:00,ok,True
SP,2004,8,available,RDSP0408.dbc,/dissemin/publicos/SIHSUS/199201_200712/Dados,9617214.0,,2026-09-16T09:42:18.531232+00:00,ok,True
SP,2004,9,available,RDSP0409.dbc,/dissemin/publicos/SIHSUS/199201_200712/Dados,9583098.0,,2026-09-16T09:42:18.531232+00:00,ok,True
SP,2004,10,available,RDSP0410.dbc,/dissemin/publicos/SIHSUS/199201_200712/Dados,9119084.0,,2026-09-16T09:42:18.531232+00:00,ok,True
SP,2004,11,available,RDSP0411.dbc,/dissemin/publicos/SIHSUS/199201_200712/Dados,9366051.0,,2026-09-16T09:42:18.531232+00:00,ok,True
SP,2004,12,available,RDSP0412.dbc,/dissemin/publicos/SIHSUS/199201_200712/Dados,9117471.0,,2026-09-16T09:42:18.531232+00:00,ok,True
TO,2004,1,available,RDTO0401.dbc,/dissemin/publicos/SIHSUS/199201_200712/Dados,433477.0,,2026-09-16T09:42:18.531232+00:00,ok,True
TO,2004,2,available,RDTO0402.dbc,/dissemin/publicos/SIHSUS/199201_200712/Dados,460812.0,,2026-09-16T09:42:18.531232+00:00,ok,True
TO,2004,3,available,RDTO0403.dbc,/dissemin/publicos/SIHSUS/199201_200712/Dados,363507.0,,2026-09-16T09:42:18.531232+00:00,ok,True
TO,2004,4,available,RDTO0404.dbc,/dissemin/publicos/SIHSUS/199201_200712/Dados,415493.0,,2026-09-16T09:42:18.531232+00:00,ok,True
TO,2004,5,available,RDTO0405.dbc,/dissemin/publicos/SIHSUS/199201_200712/Dados,442776.0,,2026-09-16T09:42:18.531232+00:00,ok,True
TO,2004,6,available,RDTO0406.dbc,/dissemin/publicos/SIHSUS/199201_200712/Dados,449598.0,,2026-09-16T09:42:18.531232+00:00,ok,True
TO,2004,7,available,RDTO0407.dbc,/dissemin/publicos/SIHSUS/199201_200712/Dados,373749.0,,2026-09-16T09:42:18.531232+00:00,ok,True
TO,2004,8,available,RDTO0408.dbc,/dissemin/publicos/SIHSUS/199201_200712/Dados,379966.0,,2026-09-16T09:42:18.531232+00:00,ok,True
TO,2004,9,available,RDTO0409.dbc,/dissemin/publicos/SIHSUS/199201_200712/Dados,360602.0,,2026-09-16T09:42:18.531232+00:00,ok,True
TO,2004,10,available,RDTO0410.dbc,/dissemin/publicos/SIHSUS/199201_200712/Dados,363044.0,,2026-09-16T09:42:18.531232+00:00,ok,True
TO,2004,11,available,RDTO0411.dbc,/dissemin/publicos/SIHSUS/199201_200712/Dados,379172.0,,2026-09-16T09:42:18.531232+00:00,ok,True
TO,2004,12,available,RDTO0412.dbc,/dissemin/publicos/SIHSUS/199201_200712/Dados,334580.0,,2026-09-16T09:42:18.531232+00:00,ok,True
AC,2005,1,available,RDAC0501.dbc,/dissemin/publicos/SIHSUS/199201_200712/Dados,174098.0,,2026-09-16T09:42:18.531232+00:00,ok,True
AC,2005,2,available,RDAC0502.dbc,/dissemin/publicos/SIHSUS/199201_200712/Dados,147176.0,,2026-09-16T09:42:18.531232+00:00,ok,True
AC,2005,3,available,RDAC0503.dbc,/dissemin/publicos/SIHSUS/199201_200712/Dados,183480.0,,2026-09-16T09:42:18.531232+00:00,ok,True
AC,2005,4,available,RDAC0504.dbc,/dissemin/publicos/SIHSUS/199201_200712/Dados,165828.0,,2026-09-16T09:42:18.531232+00:00,ok,True
AC,2005,5,available,RDAC0505.dbc,/dissemin/publicos/SIHSUS/199201_200712/Dados,179482.0,,2026-09-16T09:42:18.531232+00:00,ok,True
AC,2005,6,available,RDAC0506.dbc,/dissemin/publicos/SIHSUS/199201_200712/Dados,142982.0,,2026-09-16T09:42:18.531232+00:00,ok,True
AC,2005,7,available,RDAC0507.dbc,/dissemin/publicos/SIHSUS/199201_200712/Dados,172061.0,,2026-09-16T09:42:18.531232+00:00,ok,True
AC,2005,8,available,RDAC0508.dbc,/dissemin/publicos/SIHSUS/199201_200712/Dados,190162.0,,2026-09-16T09:42:18.531232+00:00,ok,True
AC,2005,9,available,RDAC0509.dbc,/dissemin/publicos/SIHSUS/199201_200712/Dados,184319.0,,2026-09-16T09:42:18.531232+00:00,ok,True
AC,2005,10,available,RDAC0510.dbc,/dissemin/publicos/SIHSUS/199201_200712/Dados,224341.0,,2026-09-16T09:42:18.531232+00:00,ok,True
AC,2005,11,available,RDAC0511.dbc,/dissemin/publicos/SIHSUS/199201_200712/Dados,183851.0,,2026-09-16T09:42:18.531232+00:00,ok,True
AC,2005,12,available,RDAC0512.dbc,/dissemin/publicos/SIHSUS/199201_200712/Dados,156050.0,,2026-09-16T09:42:18.531232+00:00,ok,True
AL,2005,1,available,RDAL0501.dbc,/dissemin/publicos/SIHSUS/199201_200712/Dados,747933.0,,2026-09-16T09:42:18.531232+00:00,ok,True
AL,2005,2,available,RDAL0502.dbc,/dissemin/publicos/SIHSUS/199201_200712/Dados,749153.0,,2026-09-16T09:42:18.531232+00:00,ok,True
AL,2005,3,available,RDAL0503.dbc,/dissemin/publicos/SIHSUS/199201_200712/Dados,751118.0,,2026-09-16T09:42:18.531232+00:00,ok,True
AL,2005,4,available,RDAL0504.dbc,/dissemin/publicos/SIHSUS/199201_200712/Dados,761471.0,,2026-09-16T09:42:18.531232+00:00,ok,True
AL,2005,5,available,RDAL0505.dbc,/dissemin/publicos/SIHSUS/199201_200712/Dados,751797.0,,2026-09-16T09:42:18.531232+00:00,ok,True
AL,2005,6,available,RDAL0506.dbc,/dissemin/publicos/SIHSUS/199201_200712/Dados,781037.0,,2026-09-16T09:42:18.531232+00:00,ok,True
AL,2005,7,available,RDAL0507.dbc,/dissemin/publicos/SIHSUS/199201_200712/Dados,746609.0,,2026-09-16T09:42:18.531232+00:00,ok,True
AL,2005,8,available,RDAL0508.dbc,/dissemin/publicos/SIHSUS/199201_200712/Dados,764861.0,,2026-09-16T09:42:18.531232+00:00,ok,True
AL,2005,9,available,RDAL0509.dbc,/dissemin/publicos/SIHSUS/199201_200712/Dados,746323.0,,2026-09-16T09:42:18.531232+00:00,ok,True
AL,2005,10,available,RDAL0510.dbc,/dissemin/publicos/SIHSUS/199201_200712/Dados,716863.0,,2026-09-16T09:42:18.531232+00:00,ok,True
AL,2005,11,available,RDAL0511.dbc,/dissemin/publicos/SIHSUS/199201_200712/Dados,736019.0,,2026-09-16T09:42:18.531232+00:00,ok,True
AL,2005,12,available,RDAL0512.dbc,/dissemin/publicos/SIHSUS/199201_200712/Dados,718022.0,,2026-09-16T09:42:18.531232+00:00,ok,True
AM,2005,1,available,RDAM0501.dbc,/dissemin/publicos/SIHSUS/199201_200712/Dados,514374.0,,2026-09-16T09:42:18.531232+00:00,ok,True
AM,2005,2,available,RDAM0502.dbc,/dissemin/publicos/SIHSUS/199201_200712/Dados,505611.0,,2026-09-16T09:42:18.531232+00:00,ok,True
AM,2005,3,available,RDAM0503.dbc,/dissemin/publicos/SIHSUS/199201_200712/Dados,527285.0,,2026-09-16T09:42:18.531232+00:00,ok,True
AM,2005,4,available,RDAM0504.dbc,/dissemin/publicos/SIHSUS/199201_200712/Dados,528512.0,,2026-09-16T09:42:18.531232+00:00,ok,True
AM,2005,5,available,RDAM0505.dbc,/dissemin/publicos/SIHSUS/199201_200712/Dados,589510.0,,2026-09-16T09:42:18.531232+00:00,ok,True
AM,2005,6,available,RDAM0506.dbc,/dissemin/publicos/SIHSUS/199201_200712/Dados,607849.0,,2026-09-16T09:42:18.531232+00:00,ok,True
AM,2005,7,available,RDAM0507.dbc,/dissemin/publicos/SIHSUS/199201_200712/Dados,569872.0,,2026-09-16T09:42:18.531232+00:00,ok,True
AM,2005,8,available,RDAM0508.dbc,/dissemin/publicos/SIHSUS/199201_200712/Dados,621298.0,,2026-09-16T09:42:18.531232+00:00,ok,True
AM,2005,9,available,RDAM0509.dbc,/dissemin/publicos/SIHSUS/199201_200712/Dados,548483.0,,2026-09-16T09:42:18.531232+00:00,ok,True
AM,2005,10,available,RDAM0510.dbc,/dissemin/publicos/SIHSUS/199201_200712/Dados,545216.0,,2026-09-16T09:42:18.531232+00:00,ok,True
AM,2005,11,available,RDAM0511.dbc,/dissemin/publicos/SIHSUS/199201_200712/Dados,567080.0,,2026-09-16T09:42:18.531232+00:00,ok,True
AM,2005,12,available,RDAM0512.dbc,/dissemin/publicos/SIHSUS/199201_200712/Dados,503429.0,,2026-09-16T09:42:18.531232+00:00,ok,True
AP,2005,1,available,RDAP0501.dbc,/dissemin/publicos/SIHSUS/199201_200712/Dados,117024.0,,2026-09-16T09:42:18.531232+00:00,ok,True
AP,2005,2,available,RDAP0502.dbc,/dissemin/publicos/SIHSUS/199201_200712/Dados,102537.0,,2026-09-16T09:42:18.531232+00:00,ok,True
AP,2005,3,available,RDAP0503.dbc,/dissemin/publicos/SIHSUS/199201_200712/Dados,106056.0,,2026-09-16T09:42:18.531232+00:00,ok,True
AP,2005,4,available,RDAP0504.dbc,/dissemin/publicos/SIHSUS/199201_200712/Dados,100605.0,,2026-09-16T09:42:18.531232+00:00,ok,True
AP,2005,5,available,RDAP0505.dbc,/dissemin/publicos/SIHSUS/199201_200712/Dados,114753.0,,2026-09-16T09:42:18.531232+00:00,ok,True
AP,2005,6,available,RDAP0506.dbc,/dissemin/publicos/SIHSUS/199201_200712/Dados,110425.0,,2026-09-16T09:42:18.531232+00:00,ok,True
AP,2005,7,available,RDAP0507.dbc,/dissemin/publicos/SIHSUS/199201_200712/Dados,113515.0,,2026-09-16T09:42:18.531232+00:00,ok,True
AP,2005,8,available,RDAP0508.dbc,/dissemin/publicos/SIHSUS/199201_200712/Dados,83230.0,,2026-09-16T09:42:18.531232+00:00,ok,True
AP,2005,9,available,RDAP0509.dbc,/dissemin/publicos/SIHSUS/199201_200712/Dados,107519.0,,2026-09-16T09:42:18.531232+00:00,ok,True
AP,2005,10,available,RDAP0510.dbc,/dissemin/publicos/SIHSUS/199201_200712/Dados,120020.0,,2026-09-16T09:42:18.531232+00:00,ok,True
AP,2005,11,available,RDAP0511.dbc,/dissemin/publicos/SIHSUS/199201_200712/Dados,111014.0,,2026-09-16T09:42:18.531232+00:00,ok,True
AP,2005,12,available,RDAP0512.dbc,/dissemin/publicos/SIHSUS/199201_200712/Dados,99175.0,,2026-09-16T09:42:18.531232+00:00,ok,True
BA,2005,1,available,RDBA0501.dbc,/dissemin/publicos/SIHSUS/199201_200712/Dados,3015467.0,,2026-09-16T09:42:18.531232+00:00,ok,True
BA,2005,2,available,RDBA0502.dbc,/dissemin/publicos/SIHSUS/199201_200712/Dados,3073692.0,,2026-09-16T09:42:18.531232+00:00,ok,True
BA,2005,3,available,RDBA0503.dbc,/dissemin/publicos/SIHSUS/199201_200712/Dados,3198978.0,,2026-09-16T09:42:18.531232+00:00,ok,True
BA,2005,4,available,RDBA0504.dbc,/dissemin/publicos/SIHSUS/199201_200712/Dados,3204329.0,,2026-09-16T09:42:18.531232+00:00,ok,True
BA,2005,5,available,RDBA0505.dbc,/dissemin/publicos/SIHSUS/199201_200712/Dados,3234326.0,,2026-09-16T09:42:18.531232+00:00,ok,True
BA,2005,6,available,RDBA0506.dbc,/dissemin/publicos/SIHSUS/199201_200712/Dados,2990436.0,,2026-09-16T09:42:18.531232+00:00,ok,True
BA,2005,7,available,RDBA0507.dbc,/dissemin/publicos/SIHSUS/199201_200712/Dados,3232950.0,,2026-09-16T09:42:18.531232+00:00,ok,True
BA,2005,8,available,RDBA0508.dbc,/dissemin/publicos/SIHSUS/199201_200712/Dados,3204612.0,,2026-09-16T09:42:18.531232+00:00,ok,True
BA,2005,9,available,RDBA0509.dbc,/dissemin/publicos/SIHSUS/199201_200712/Dados,3055588.0,,2026-09-16T09:42:18.531232+00:00,ok,True
BA,2005,10,available,RDBA0510.dbc,/dissemin/publicos/SIHSUS/199201_200712/Dados,2971915.0,,2026-09-16T09:42:18.531232+00:00,ok,True
BA,2005,11,available,RDBA0511.dbc,/dissemin/publicos/SIHSUS/199201_200712/Dados,3188475.0,,2026-09-16T09:42:18.531232+00:00,ok,True
BA,2005,12,available,RDBA0512.dbc,/dissemin/publicos/SIHSUS/199201_200712/Dados,3044767.0,,2026-09-16T09:42:18.531232+00:00,ok,True
CE,2005,1,available,RDCE0501.dbc,/dissemin/publicos/SIHSUS/199201_200712/Dados,1832700.0,,2026-09-16T09:42:18.531232+00:00,ok,True
CE,2005,2,available,RDCE0502.dbc,/dissemin/publicos/SIHSUS/199201_200712/Dados,1872707.0,,2026-09-16T09:42:18.531232+00:00,ok,True
CE,2005,3,available,RDCE0503.dbc,/dissemin/publicos/SIHSUS/199201_200712/Dados,1948639.0,,2026-09-16T09:42:18.531232+00:00,ok,True
CE,2005,4,available,RDCE0504.dbc,/dissemin/publicos/SIHSUS/199201_200712/Dados,1982937.0,,2026-09-16T09:42:18.531232+00:00,ok,True
CE,2005,5,available,RDCE0505.dbc,/dissemin/publicos/SIHSUS/199201_200712/Dados,1975619.0,,2026-09-16T09:42:18.531232+00:00,ok,True
CE,2005,6,available,RDCE0506.dbc,/dissemin/publicos/SIHSUS/199201_200712/Dados,1930951.0,,2026-09-16T09:42:18.531232+00:00,ok,True
CE,2005,7,available,RDCE0507.dbc,/dissemin/publicos/SIHSUS/199201_200712/Dados,2115473.0,,2026-09-16T09:42:18.531232+00:00,ok,True
CE,2005,8,available,RDCE0508.dbc,/dissemin/publicos/SIHSUS/199201_200712/Dados,2194996.0,,2026-09-16T09:42:18.531232+00:00,ok,True
CE,2005,9,available,RDCE0509.dbc,/dissemin/publicos/SIHSUS/199201_200712/Dados,2136677.0,,2026-09-16T09:42:18.531232+00:00,ok,True
CE,2005,10,available,RDCE0510.dbc,/dissemin/publicos/SIHSUS/199201_200712/Dados,2092143.0,,2026-09-16T09:42:18.531232+00:00,ok,True
CE,2005,11,available,RDCE0511.dbc,/dissemin/publicos/SIHSUS/199201_200712/Dados,1892103.0,,2026-09-16T09:42:18.531232+00:00,ok,True
CE,2005,12,available,RDCE0512.dbc,/dissemin/publicos/SIHSUS/199201_200712/Dados,1890779.0,,2026-09-16T09:42:18.531232+00:00,ok,True
DF,2005,1,available,RDDF0501.dbc,/dissemin/publicos/SIHSUS/199201_200712/Dados,660501.0,,2026-09-16T09:42:18.531232+00:00,ok,True
DF,2005,2,available,RDDF0502.dbc,/dissemin/publicos/SIHSUS/199201_200712/Dados,643686.0,,2026-09-16T09:42:18.531232+00:00,ok,True
DF,2005,3,available,RDDF0503.dbc,/dissemin/publicos/SIHSUS/199201_200712/Dados,695915.0,,2026-09-16T09:42:18.531232+00:00,ok,True
DF,2005,4,available,RDDF0504.dbc,/dissemin/publicos/SIHSUS/199201_200712/Dados,661402.0,,2026-09-16T09:42:18.531232+00:00,ok,True
DF,2005,5,available,RDDF0505.dbc,/dissemin/publicos/SIHSUS/199201_200712/Dados,797014.0,,2026-09-16T09:42:18.531232+00:00,ok,True
DF,2005,6,available,RDDF0506.dbc,/dissemin/publicos/SIHSUS/199201_200712/Dados,736859.0,,2026-09-16T09:42:18.531232+00:00,ok,True
DF,2005,7,available,RDDF0507.dbc,/dissemin/publicos/SIHSUS/199201_200712/Dados,708783.0,,2026-09-16T09:42:18.531232+00:00,ok,True
DF,2005,8,available,RDDF0508.dbc,/dissemin/publicos/SIHSUS/199201_200712/Dados,765483.0,,2026-09-16T09:42:18.531232+00:00,ok,True
DF,2005,9,available,RDDF0509.dbc,/dissemin/publicos/SIHSUS/199201_200712/Dados,709333.0,,2026-09-16T09:42:18.531232+00:00,ok,True
DF,2005,10,available,RDDF0510.dbc,/dissemin/publicos/SIHSUS/199201_200712/Dados,715149.0,,2026-09-16T09:42:18.531232+00:00,ok,True
DF,2005,11,available,RDDF0511.dbc,/dissemin/publicos/SIHSUS/199201_200712/Dados,705580.0,,2026-09-16T09:42:18.531232+00:00,ok,True
DF,2005,12,available,RDDF0512.dbc,/dissemin/publicos/SIHSUS/199201_200712/Dados,753281.0,,2026-09-16T09:42:18.531232+00:00,ok,True
ES,2005,1,available,RDES0501.dbc,/dissemin/publicos/SIHSUS/199201_200712/Dados,794156.0,,2026-09-16T09:42:18.531232+00:00,ok,True
ES,2005,2,available,RDES0502.dbc,/dissemin/publicos/SIHSUS/199201_200712/Dados,792876.0,,2026-09-16T09:42:18.531232+00:00,ok,True
ES,2005,3,available,RDES0503.dbc,/dissemin/publicos/SIHSUS/199201_200712/Dados,840915.0,,2026-09-16T09:42:18.531232+00:00,ok,True
ES,2005,4,available,RDES0504.dbc,/dissemin/publicos/SIHSUS/199201_200712/Dados,836952.0,,2026-09-16T09:42:18.531232+00:00,ok,True
ES,2005,5,available,RDES0505.dbc,/dissemin/publicos/SIHSUS/199201_200712/Dados,829107.0,,2026-09-16T09:42:18.531232+00:00,ok,True
ES,2005,6,available,RDES0506.dbc,/dissemin/publicos/SIHSUS/199201_200712/Dados,790440.0,,2026-09-16T09:42:18.531232+00:00,ok,True
ES,2005,7,available,RDES0507.dbc,/dissemin/publicos/SIHSUS/199201_200712/Dados,798183.0,,2026-09-16T09:42:18.531232+00:00,ok,True
ES,2005,8,available,RDES0508.dbc,/dissemin/publicos/SIHSUS/199201_200712/Dados,757910.0,,2026-09-16T09:42:18.531232+00:00,ok,True
ES,2005,9,available,RDES0509.dbc,/dissemin/publicos/SIHSUS/199201_200712/Dados,778187.0,,2026-09-16T09:42:18.531232+00:00,ok,True
ES,2005,10,available,RDES0510.dbc,/dissemin/publicos/SIHSUS/199201_200712/Dados,809442.0,,2026-09-16T09:42:18.531232+00:00,ok,True
ES,2005,11,available,RDES0511.dbc,/dissemin/publicos/SIHSUS/199201_200712/Dados,760918.0,,2026-09-16T09:42:18.531232+00:00,ok,True
ES,2005,12,available,RDES0512.dbc,/dissemin/publicos/SIHSUS/199201_200712/Dados,761878.0,,2026-09-16T09:42:18.531232+00:00,ok,True
GO,2005,1,available,RDGO0501.dbc,/dissemin/publicos/SIHSUS/199201_200712/Dados,1366160.0,,2026-09-16T09:42:18.531232+00:00,ok,True
GO,2005,2,available,RDGO0502.dbc,/dissemin/publicos/SIHSUS/199201_200712/Dados,1404114.0,,2026-09-16T09:42:18.531232+00:00,ok,True
GO,2005,3,available,RDGO0503.dbc,/dissemin/publicos/SIHSUS/199201_200712/Dados,1456116.0,,2026-09-16T09:42:18.531232+00:00,ok,True
GO,2005,4,available,RDGO0504.dbc,/dissemin/publicos/SIHSUS/199201_200712/Dados,1335071.0,,2026-09-16T09:42:18.531232+00:00,ok,True
GO,2005,5,available,RDGO0505.dbc,/dissemin/publicos/SIHSUS/199201_200712/Dados,1569450.0,,2026-09-16T09:42:18.531232+00:00,ok,True
GO,2005,6,available,RDGO0506.dbc,/dissemin/publicos/SIHSUS/199201_200712/Dados,1511021.0,,2026-09-16T09:42:18.531232+00:00,ok,True
GO,2005,7,available,RDGO0507.dbc,/dissemin/publicos/SIHSUS/199201_200712/Dados,1437863.0,,2026-09-16T09:42:18.531232+00:00,ok,True
GO,2005,8,available,RDGO0508.dbc,/dissemin/publicos/SIHSUS/199201_200712/Dados,1452112.0,,2026-09-16T09:42:18.531232+00:00,ok,True
GO,2005,9,available,RDGO0509.dbc,/dissemin/publicos/SIHSUS/199201_200712/Dados,1464651.0,,2026-09-16T09:42:18.531232+00:00,ok,True
GO,2005,10,available,RDGO0510.dbc,/dissemin/publicos/SIHSUS/199201_200712/Dados,1427430.0,,2026-09-16T09:42:18.531232+00:00,ok,True
GO,2005,11,available,RDGO0511.dbc,/dissemin/publicos/SIHSUS/199201_200712/Dados,1456865.0,,2026-09-16T09:42:18.531232+00:00,ok,True
GO,2005,12,available,RDGO0512.dbc,/dissemin/publicos/SIHSUS/199201_200712/Dados,1525234.0,,2026-09-16T09:42:18.531232+00:00,ok,True
MA,2005,1,available,RDMA0501.dbc,/dissemin/publicos/SIHSUS/199201_200712/Dados,1039234.0,,2026-09-16T09:42:18.531232+00:00,ok,True
MA,2005,2,available,RDMA0502.dbc,/dissemin/publicos/SIHSUS/199201_200712/Dados,1018583.0,,2026-09-16T09:42:18.531232+00:00,ok,True
MA,2005,3,available,RDMA0503.dbc,/dissemin/publicos/SIHSUS/199201_200712/Dados,1090447.0,,2026-09-16T09:42:18.531232+00:00,ok,True
MA,2005,4,available,RDMA0504.dbc,/dissemin/publicos/SIHSUS/199201_200712/Dados,1043151.0,,2026-09-16T09:42:18.531232+00:00,ok,True
MA,2005,5,available,RDMA0505.dbc,/dissemin/publicos/SIHSUS/199201_200712/Dados,1162482.0,,2026-09-16T09:42:18.531232+00:00,ok,True
MA,2005,6,available,RDMA0506.dbc,/dissemin/publicos/SIHSUS/199201_200712/Dados,1150616.0,,2026-09-16T09:42:18.531232+00:00,ok,True
MA,2005,7,available,RDMA0507.dbc,/dissemin/publicos/SIHSUS/199201_200712/Dados,1154777.0,,2026-09-16T09:42:18.531232+00:00,ok,True
MA,2005,8,available,RDMA0508.dbc,/dissemin/publicos/SIHSUS/199201_200712/Dados,1225920.0,,2026-09-16T09:42:18.531232+00:00,ok,True
MA,2005,9,available,RDMA0509.dbc,/dissemin/publicos/SIHSUS/199201_200712/Dados,1163668.0,,2026-09-16T09:42:18.531232+00:00,ok,True
MA,2005,10,available,RDMA0510.dbc,/dissemin/publicos/SIHSUS/199201_200712/Dados,1165205.0,,2026-09-16T09:42:18.531232+00:00,ok,True
MA,2005,11,available,RDMA0511.dbc,/dissemin/publicos/SIHSUS/199201_200712/Dados,1085782.0,,2026-09-16T09:42:18.531232+00:00,ok,True
MA,2005,12,available,RDMA0512.dbc,/dissemin/publicos/SIHSUS/199201_200712/Dados,1174988.0,,2026-09-16T09:42:18.531232+00:00,ok,True
MG,2005,1,available,RDMG0501.dbc,/dissemin/publicos/SIHSUS/199201_200712/Dados,5026304.0,,2026-09-16T09:42:18.531232+00:00,ok,True
MG,2005,2,available,RDMG0502.dbc,/dissemin/publicos/SIHSUS/199201_200712/Dados,4727729.0,,2026-09-16T09:42:18.531232+00:00,ok,True
MG,2005,3,available,RDMG0503.dbc,/dissemin/publicos/SIHSUS/199201_200712/Dados,5054493.0,,2026-09-16T09:42:18.531232+00:00,ok,True
MG,2005,4,available,RDMG0504.dbc,/dissemin/publicos/SIHSUS/199201_200712/Dados,4961141.0,,2026-09-16T09:42:18.531232+00:00,ok,True
MG,2005,5,available,RDMG0505.dbc,/dissemin/publicos/SIHSUS/199201_200712/Dados,5128100.0,,2026-09-16T09:42:18.531232+00:00,ok,True
MG,2005,6,available,RDMG0506.dbc,/dissemin/publicos/SIHSUS/199201_200712/Dados,5181852.0,,2026-09-16T09:42:18.531232+00:00,ok,True
MG,2005,7,available,RDMG0507.dbc,/dissemin/publicos/SIHSUS/199201_200712/Dados,4952552.0,,2026-09-16T09:42:18.531232+00:00,ok,True
MG,2005,8,available,RDMG0508.dbc,/dissemin/publicos/SIHSUS/199201_200712/Dados,5204579.0,,2026-09-16T09:42:18.531232+00:00,ok,True
MG,2005,9,available,RDMG0509.dbc,/dissemin/publicos/SIHSUS/199201_200712/Dados,5120206.0,,2026-09-16T09:42:18.531232+00:00,ok,True
MG,2005,10,available,RDMG0510.dbc,/dissemin/publicos/SIHSUS/199201_200712/Dados,4965595.0,,2026-09-16T09:42:18.531232+00:00,ok,True
MG,2005,11,available,RDMG0511.dbc,/dissemin/publicos/SIHSUS/199201_200712/Dados,4962453.0,,2026-09-16T09:42:18.531232+00:00,ok,True
MG,2005,12,available,RDMG0512.dbc,/dissemin/publicos/SIHSUS/199201_200712/Dados,4932621.0,,2026-09-16T09:42:18.531232+00:00,ok,True
MS,2005,1,available,RDMS0501.dbc,/dissemin/publicos/SIHSUS/199201_200712/Dados,605896.0,,2026-09-16T09:42:18.531232+00:00,ok,True
MS,2005,2,available,RDMS0502.dbc,/dissemin/publicos/SIHSUS/199201_200712/Dados,619344.0,,2026-09-16T09:42:18.531232+00:00,ok,True
MS,2005,3,available,RDMS0503.dbc,/dissemin/publicos/SIHSUS/199201_200712/Dados,636879.0,,2026-09-16T09:42:18.531232+00:00,ok,True
MS,2005,4,available,RDMS0504.dbc,/dissemin/publicos/SIHSUS/199201_200712/Dados,670460.0,,2026-09-16T09:42:18.531232+00:00,ok,True
MS,2005,5,available,RDMS0505.dbc,/dissemin/publicos/SIHSUS/199201_200712/Dados,644435.0,,2026-09-16T09:42:18.531232+00:00,ok,True
MS,2005,6,available,RDMS0506.dbc,/dissemin/publicos/SIHSUS/199201_200712/Dados,687731.0,,2026-09-16T09:42:18.531232+00:00,ok,True
MS,2005,7,available,RDMS0507.dbc,/dissemin/publicos/SIHSUS/199201_200712/Dados,647038.0,,2026-09-16T09:42:18.531232+00:00,ok,True
MS,2005,8,available,RDMS0508.dbc,/dissemin/publicos/SIHSUS/199201_200712/Dados,674256.0,,2026-09-16T09:42:18.531232+00:00,ok,True
MS,2005,9,available,RDMS0509.dbc,/dissemin/publicos/SIHSUS/199201_200712/Dados,651230.0,,2026-09-16T09:42:18.531232+00:00,ok,True
MS,2005,10,available,RDMS0510.dbc,/dissemin/publicos/SIHSUS/199201_200712/Dados,620843.0,,2026-09-16T09:42:18.531232+00:00,ok,True
MS,2005,11,available,RDMS0511.dbc,/dissemin/publicos/SIHSUS/199201_200712/Dados,673449.0,,2026-09-16T09:42:18.531232+00:00,ok,True
MS,2005,12,available,RDMS0512.dbc,/dissemin/publicos/SIHSUS/199201_200712/Dados,701747.0,,2026-09-16T09:42:18.531232+00:00,ok,True
MT,2005,1,available,RDMT0501.dbc,/dissemin/publicos/SIHSUS/199201_200712/Dados,788402.0,,2026-09-16T09:42:18.531232+00:00,ok,True
MT,2005,2,available,RDMT0502.dbc,/dissemin/publicos/SIHSUS/199201_200712/Dados,777258.0,,2026-09-16T09:42:18.531232+00:00,ok,True
MT,2005,3,available,RDMT0503.dbc,/dissemin/publicos/SIHSUS/199201_200712/Dados,772722.0,,2026-09-16T09:42:18.531232+00:00,ok,True
MT,2005,4,available,RDMT0504.dbc,/dissemin/publicos/SIHSUS/199201_200712/Dados,812229.0,,2026-09-16T09:42:18.531232+00:00,ok,True
MT,2005,5,available,RDMT0505.dbc,/dissemin/publicos/SIHSUS/199201_200712/Dados,786459.0,,2026-09-16T09:42:18.531232+00:00,ok,True
MT,2005,6,available,RDMT0506.dbc,/dissemin/publicos/SIHSUS/199201_200712/Dados,782131.0,,2026-09-16T09:42:18.531232+00:00,ok,True
MT,2005,7,available,RDMT0507.dbc,/dissemin/publicos/SIHSUS/199201_200712/Dados,787882.0,,2026-09-16T09:42:18.531232+00:00,ok,True
MT,2005,8,available,RDMT0508.dbc,/dissemin/publicos/SIHSUS/199201_200712/Dados,802043.0,,2026-09-16T09:42:18.531232+00:00,ok,True
MT,2005,9,available,RDMT0509.dbc,/dissemin/publicos/SIHSUS/199201_200712/Dados,804259.0,,2026-09-16T09:42:18.531232+00:00,ok,True
MT,2005,10,available,RDMT0510.dbc,/dissemin/publicos/SIHSUS/199201_200712/Dados,788498.0,,2026-09-16T09:42:18.531232+00:00,ok,True
MT,2005,11,available,RDMT0511.dbc,/dissemin/publicos/SIHSUS/199201_200712/Dados,796945.0,,2026-09-16T09:42:18.531232+00:00,ok,True
MT,2005,12,available,RDMT0512.dbc,/dissemin/publicos/SIHSUS/199201_200712/Dados,719415.0,,2026-09-16T09:42:18.531232+00:00,ok,True
PA,2005,1,available,RDPA0501.dbc,/dissemin/publicos/SIHSUS/199201_200712/Dados,1614506.0,,2026-09-16T09:42:18.531232+00:00,ok,True
PA,2005,2,available,RDPA0502.dbc,/dissemin/publicos/SIHSUS/199201_200712/Dados,1641422.0,,2026-09-16T09:42:18.531232+00:00,ok,True
PA,2005,3,available,RDPA0503.dbc,/dissemin/publicos/SIHSUS/199201_200712/Dados,1714887.0,,2026-09-16T09:42:18.531232+00:00,ok,True
PA,2005,4,available,RDPA0504.dbc,/dissemin/publicos/SIHSUS/199201_200712/Dados,1587548.0,,2026-09-16T09:42:18.531232+00:00,ok,True
PA,2005,5,available,RDPA0505.dbc,/dissemin/publicos/SIHSUS/199201_200712/Dados,1694406.0,,2026-09-16T09:42:18.531232+00:00,ok,True
PA,2005,6,available,RDPA0506.dbc,/dissemin/publicos/SIHSUS/199201_200712/Dados,1607255.0,,2026-09-16T09:42:18.531232+00:00,ok,True
PA,2005,7,available,RDPA0507.dbc,/dissemin/publicos/SIHSUS/199201_200712/Dados,1666459.0,,2026-09-16T09:42:18.531232+00:00,ok,True
PA,2005,8,available,RDPA0508.dbc,/dissemin/publicos/SIHSUS/199201_200712/Dados,1673019.0,,2026-09-16T09:42:18.531232+00:00,ok,True
PA,2005,9,available,RDPA0509.dbc,/dissemin/publicos/SIHSUS/199201_200712/Dados,1667194.0,,2026-09-16T09:42:18.531232+00:00,ok,True
PA,2005,10,available,RDPA0510.dbc,/dissemin/publicos/SIHSUS/199201_200712/Dados,1573190.0,,2026-09-16T09:42:18.531232+00:00,ok,True
PA,2005,11,available,RDPA0511.dbc,/dissemin/publicos/SIHSUS/199201_200712/Dados,1677042.0,,2026-09-16T09:42:18.531232+00:00,ok,True
PA,2005,12,available,RDPA0512.dbc,/dissemin/publicos/SIHSUS/199201_200712/Dados,1629571.0,,2026-09-16T09:42:18.531232+00:00,ok,True
PB,2005,1,available,RDPB0501.dbc,/dissemin/publicos/SIHSUS/199201_200712/Dados,854925.0,,2026-09-16T09:42:18.531232+00:00,ok,True
PB,2005,2,available,RDPB0502.dbc,/dissemin/publicos/SIHSUS/199201_200712/Dados,848103.0,,2026-09-16T09:42:18.531232+00:00,ok,True
PB,2005,3,available,RDPB0503.dbc,/dissemin/publicos/SIHSUS/199201_200712/Dados,899836.0,,2026-09-16T09:42:18.531232+00:00,ok,True
PB,2005,4,available,RDPB0504.dbc,/dissemin/publicos/SIHSUS/199201_200712/Dados,907967.0,,2026-09-16T09:42:18.531232+00:00,ok,True
PB,2005,5,available,RDPB0505.dbc,/dissemin/publicos/SIHSUS/199201_200712/Dados,937502.0,,2026-09-16T09:42:18.531232+00:00,ok,True
PB,2005,6,available,RDPB0506.dbc,/dissemin/publicos/SIHSUS/199201_200712/Dados,905308.0,,2026-09-16T09:42:18.531232+00:00,ok,True
PB,2005,7,available,RDPB0507.dbc,/dissemin/publicos/SIHSUS/199201_200712/Dados,924068.0,,2026-09-16T09:42:18.531232+00:00,ok,True
PB,2005,8,available,RDPB0508.dbc,/dissemin/publicos/SIHSUS/199201_200712/Dados,928582.0,,2026-09-16T09:42:18.531232+00:00,ok,True
PB,2005,9,available,RDPB0509.dbc,/dissemin/publicos/SIHSUS/199201_200712/Dados,900369.0,,2026-09-16T09:42:18.531232+00:00,ok,True
PB,2005,10,available,RDPB0510.dbc,/dissemin/publicos/SIHSUS/199201_200712/Dados,900423.0,,2026-09-16T09:42:18.531232+00:00,ok,True
PB,2005,11,available,RDPB0511.dbc,/dissemin/publicos/SIHSUS/199201_200712/Dados,890883.0,,2026-09-16T09:42:18.531232+00:00,ok,True
PB,2005,12,available,RDPB0512.dbc,/dissemin/publicos/SIHSUS/199201_200712/Dados,880817.0,,2026-09-16T09:42:18.531232+00:00,ok,True
PE,2005,1,available,RDPE0501.dbc,/dissemin/publicos/SIHSUS/199201_200712/Dados,1865571.0,,2026-09-16T09:42:18.531232+00:00,ok,True
PE,2005,2,available,RDPE0502.dbc,/dissemin/publicos/SIHSUS/199201_200712/Dados,1773042.0,,2026-09-16T09:42:18.531232+00:00,ok,True
PE,2005,3,available,RDPE0503.dbc,/dissemin/publicos/SIHSUS/199201_200712/Dados,1826669.0,,2026-09-16T09:42:18.531232+00:00,ok,True
PE,2005,4,available,RDPE0504.dbc,/dissemin/publicos/SIHSUS/199201_200712/Dados,1866731.0,,2026-09-16T09:42:18.531232+00:00,ok,True
PE,2005,5,available,RDPE0505.dbc,/dissemin/publicos/SIHSUS/199201_200712/Dados,2030240.0,,2026-09-16T09:42:18.531232+00:00,ok,True
PE,2005,6,available,RDPE0506.dbc,/dissemin/publicos/SIHSUS/199201_200712/Dados,1975940.0,,2026-09-16T09:42:18.531232+00:00,ok,True
PE,2005,7,available,RDPE0507.dbc,/dissemin/publicos/SIHSUS/199201_200712/Dados,2046648.0,,2026-09-16T09:42:18.531232+00:00,ok,True
PE,2005,8,available,RDPE0508.dbc,/dissemin/publicos/SIHSUS/199201_200712/Dados,2063132.0,,2026-09-16T09:42:18.531232+00:00,ok,True
PE,2005,9,available,RDPE0509.dbc,/dissemin/publicos/SIHSUS/199201_200712/Dados,2074676.0,,2026-09-16T09:42:18.531232+00:00,ok,True
PE,2005,10,available,RDPE0510.dbc,/dissemin/publicos/SIHSUS/199201_200712/Dados,2040088.0,,2026-09-16T09:42:18.531232+00:00,ok,True
PE,2005,11,available,RDPE0511.dbc,/dissemin/publicos/SIHSUS/199201_200712/Dados,1955664.0,,2026-09-16T09:42:18.531232+00:00,ok,True
PE,2005,12,available,RDPE0512.dbc,/dissemin/publicos/SIHSUS/199201_200712/Dados,1932361.0,,2026-09-16T09:42:18.531232+00:00,ok,True
PI,2005,1,available,RDPI0501.dbc,/dissemin/publicos/SIHSUS/199201_200712/Dados,864497.0,,2026-09-16T09:42:18.531232+00:00,ok,True
PI,2005,2,available,RDPI0502.dbc,/dissemin/publicos/SIHSUS/199201_200712/Dados,829281.0,,2026-09-16T09:42:18.531232+00:00,ok,True
PI,2005,3,available,RDPI0503.dbc,/dissemin/publicos/SIHSUS/199201_200712/Dados,829061.0,,2026-09-16T09:42:18.531232+00:00,ok,True
PI,2005,4,available,RDPI0504.dbc,/dissemin/publicos/SIHSUS/199201_200712/Dados,823680.0,,2026-09-16T09:42:18.531232+00:00,ok,True
PI,2005,5,available,RDPI0505.dbc,/dissemin/publicos/SIHSUS/199201_200712/Dados,823344.0,,2026-09-16T09:42:18.531232+00:00,ok,True
PI,2005,6,available,RDPI0506.dbc,/dissemin/publicos/SIHSUS/199201_200712/Dados,830800.0,,2026-09-16T09:42:18.531232+00:00,ok,True
PI,2005,7,available,RDPI0507.dbc,/dissemin/publicos/SIHSUS/199201_200712/Dados,803329.0,,2026-09-16T09:42:18.531232+00:00,ok,True
PI,2005,8,available,RDPI0508.dbc,/dissemin/publicos/SIHSUS/199201_200712/Dados,857566.0,,2026-09-16T09:42:18.531232+00:00,ok,True
PI,2005,9,available,RDPI0509.dbc,/dissemin/publicos/SIHSUS/199201_200712/Dados,836576.0,,2026-09-16T09:42:18.531232+00:00,ok,True
PI,2005,10,available,RDPI0510.dbc,/dissemin/publicos/SIHSUS/199201_200712/Dados,813192.0,,2026-09-16T09:42:18.531232+00:00,ok,True
PI,2005,11,available,RDPI0511.dbc,/dissemin/publicos/SIHSUS/199201_200712/Dados,832377.0,,2026-09-16T09:42:18.531232+00:00,ok,True
PI,2005,12,available,RDPI0512.dbc,/dissemin/publicos/SIHSUS/199201_200712/Dados,820927.0,,2026-09-16T09:42:18.531232+00:00,ok,True
PR,2005,1,available,RDPR0501.dbc,/dissemin/publicos/SIHSUS/199201_200712/Dados,2933932.0,,2026-09-16T09:42:18.531232+00:00,ok,True
PR,2005,2,available,RDPR0502.dbc,/dissemin/publicos/SIHSUS/199201_200712/Dados,2891368.0,,2026-09-16T09:42:18.531232+00:00,ok,True
PR,2005,3,available,RDPR0503.dbc,/dissemin/publicos/SIHSUS/199201_200712/Dados,2878995.0,,2026-09-16T09:42:18.531232+00:00,ok,True
PR,2005,4,available,RDPR0504.dbc,/dissemin/publicos/SIHSUS/199201_200712/Dados,2977213.0,,2026-09-16T09:42:18.531232+00:00,ok,True
PR,2005,5,available,RDPR0505.dbc,/dissemin/publicos/SIHSUS/199201_200712/Dados,3048068.0,,2026-09-16T09:42:18.531232+00:00,ok,True
PR,2005,6,available,RDPR0506.dbc,/dissemin/publicos/SIHSUS/199201_200712/Dados,3000372.0,,2026-09-16T09:42:18.531232+00:00,ok,True
PR,2005,7,available,RDPR0507.dbc,/dissemin/publicos/SIHSUS/199201_200712/Dados,3008745.0,,2026-09-16T09:42:18.531232+00:00,ok,True
PR,2005,8,available,RDPR0508.dbc,/dissemin/publicos/SIHSUS/199201_200712/Dados,3122964.0,,2026-09-16T09:42:18.531232+00:00,ok,True
PR,2005,9,available,RDPR0509.dbc,/dissemin/publicos/SIHSUS/199201_200712/Dados,3055674.0,,2026-09-16T09:42:18.531232+00:00,ok,True
PR,2005,10,available,RDPR0510.dbc,/dissemin/publicos/SIHSUS/199201_200712/Dados,2973227.0,,2026-09-16T09:42:18.531232+00:00,ok,True
PR,2005,11,available,RDPR0511.dbc,/dissemin/publicos/SIHSUS/199201_200712/Dados,2923682.0,,2026-09-16T09:42:18.531232+00:00,ok,True
PR,2005,12,available,RDPR0512.dbc,/dissemin/publicos/SIHSUS/199201_200712/Dados,2976126.0,,2026-09-16T09:42:18.531232+00:00,ok,True
RJ,2005,1,available,RDRJ0501.dbc,/dissemin/publicos/SIHSUS/199201_200712/Dados,3022327.0,,2026-09-16T09:42:18.531232+00:00,ok,True
RJ,2005,2,available,RDRJ0502.dbc,/dissemin/publicos/SIHSUS/199201_200712/Dados,2817271.0,,2026-09-16T09:42:18.531232+00:00,ok,True
RJ,2005,3,available,RDRJ0503.dbc,/dissemin/publicos/SIHSUS/199201_200712/Dados,3256590.0,,2026-09-16T09:42:18.531232+00:00,ok,True
RJ,2005,4,available,RDRJ0504.dbc,/dissemin/publicos/SIHSUS/199201_200712/Dados,3039685.0,,2026-09-16T09:42:18.531232+00:00,ok,True
RJ,2005,5,available,RDRJ0505.dbc,/dissemin/publicos/SIHSUS/199201_200712/Dados,3100607.0,,2026-09-16T09:42:18.531232+00:00,ok,True
RJ,2005,6,available,RDRJ0506.dbc,/dissemin/publicos/SIHSUS/199201_200712/Dados,3142911.0,,2026-09-16T09:42:18.531232+00:00,ok,True
RJ,2005,7,available,RDRJ0507.dbc,/dissemin/publicos/SIHSUS/199201_200712/Dados,3211566.0,,2026-09-16T09:42:18.531232+00:00,ok,True
RJ,2005,8,available,RDRJ0508.dbc,/dissemin/publicos/SIHSUS/199201_200712/Dados,3253855.0,,2026-09-16T09:42:18.531232+00:00,ok,True
RJ,2005,9,available,RDRJ0509.dbc,/dissemin/publicos/SIHSUS/199201_200712/Dados,3158505.0,,2026-09-16T09:42:18.531232+00:00,ok,True
RJ,2005,10,available,RDRJ0510.dbc,/dissemin/publicos/SIHSUS/199201_200712/Dados,3008326.0,,2026-09-16T09:42:18.531232+00:00,ok,True
RJ,2005,11,available,RDRJ0511.dbc,/dissemin/publicos/SIHSUS/199201_200712/Dados,2975244.0,,2026-09-16T09:42:18.531232+00:00,ok,True
RJ,2005,12,available,RDRJ0512.dbc,/dissemin/publicos/SIHSUS/199201_200712/Dados,2898064.0,,2026-09-16T09:42:18.531232+00:00,ok,True
RN,2005,1,available,RDRN0501.dbc,/dissemin/publicos/SIHSUS/199201_200712/Dados,640992.0,,2026-09-16T09:42:18.531232+00:00,ok,True
RN,2005,2,available,RDRN0502.dbc,/dissemin/publicos/SIHSUS/199201_200712/Dados,606346.0,,2026-09-16T09:42:18.531232+00:00,ok,True
RN,2005,3,available,RDRN0503.dbc,/dissemin/publicos/SIHSUS/199201_200712/Dados,629638.0,,2026-09-16T09:42:18.531232+00:00,ok,True
RN,2005,4,available,RDRN0504.dbc,/dissemin/publicos/SIHSUS/199201_200712/Dados,625440.0,,2026-09-16T09:42:18.531232+00:00,ok,True
RN,2005,5,available,RDRN0505.dbc,/dissemin/publicos/SIHSUS/199201_200712/Dados,663051.0,,2026-09-16T09:42:18.531232+00:00,ok,True
RN,2005,6,available,RDRN0506.dbc,/dissemin/publicos/SIHSUS/199201_200712/Dados,628867.0,,2026-09-16T09:42:18.531232+00:00,ok,True
RN,2005,7,available,RDRN0507.dbc,/dissemin/publicos/SIHSUS/199201_200712/Dados,656790.0,,2026-09-16T09:42:18.531232+00:00,ok,True
RN,2005,8,available,RDRN0508.dbc,/dissemin/publicos/SIHSUS/199201_200712/Dados,641812.0,,2026-09-16T09:42:18.531232+00:00,ok,True
RN,2005,9,available,RDRN0509.dbc,/dissemin/publicos/SIHSUS/199201_200712/Dados,636266.0,,2026-09-16T09:42:18.531232+00:00,ok,True
RN,2005,10,available,RDRN0510.dbc,/dissemin/publicos/SIHSUS/199201_200712/Dados,617805.0,,2026-09-16T09:42:18.531232+00:00,ok,True
RN,2005,11,available,RDRN0511.dbc,/dissemin/publicos/SIHSUS/199201_200712/Dados,624986.0,,2026-09-16T09:42:18.531232+00:00,ok,True
RN,2005,12,available,RDRN0512.dbc,/dissemin/publicos/SIHSUS/199201_200712/Dados,593016.0,,2026-09-16T09:42:18.531232+00:00,ok,True
RO,2005,1,available,RDRO0501.dbc,/dissemin/publicos/SIHSUS/199201_200712/Dados,328371.0,,2026-09-16T09:42:18.531232+00:00,ok,True
RO,2005,2,available,RDRO0502.dbc,/dissemin/publicos/SIHSUS/199201_200712/Dados,271532.0,,2026-09-16T09:42:18.531232+00:00,ok,True
RO,2005,3,available,RDRO0503.dbc,/dissemin/publicos/SIHSUS/199201_200712/Dados,291473.0,,2026-09-16T09:42:18.531232+00:00,ok,True
RO,2005,4,available,RDRO0504.dbc,/dissemin/publicos/SIHSUS/199201_200712/Dados,280253.0,,2026-09-16T09:42:18.531232+00:00,ok,True
RO,2005,5,available,RDRO0505.dbc,/dissemin/publicos/SIHSUS/199201_200712/Dados,298943.0,,2026-09-16T09:42:18.531232+00:00,ok,True
RO,2005,6,available,RDRO0506.dbc,/dissemin/publicos/SIHSUS/199201_200712/Dados,302177.0,,2026-09-16T09:42:18.531232+00:00,ok,True
RO,2005,7,available,RDRO0507.dbc,/dissemin/publicos/SIHSUS/199201_200712/Dados,300556.0,,2026-09-16T09:42:18.531232+00:00,ok,True
RO,2005,8,available,RDRO0508.dbc,/dissemin/publicos/SIHSUS/199201_200712/Dados,305131.0,,2026-09-16T09:42:18.531232+00:00,ok,True
RO,2005,9,available,RDRO0509.dbc,/dissemin/publicos/SIHSUS/199201_200712/Dados,278707.0,,2026-09-16T09:42:18.531232+00:00,ok,True
RO,2005,10,available,RDRO0510.dbc,/dissemin/publicos/SIHSUS/199201_200712/Dados,265545.0,,2026-09-16T09:42:18.531232+00:00,ok,True
RO,2005,11,available,RDRO0511.dbc,/dissemin/publicos/SIHSUS/199201_200712/Dados,259114.0,,2026-09-16T09:42:18.531232+00:00,ok,True
RO,2005,12,available,RDRO0512.dbc,/dissemin/publicos/SIHSUS/199201_200712/Dados,223347.0,,2026-09-16T09:42:18.531232+00:00,ok,True
RR,2005,1,available,RDRR0501.dbc,/dissemin/publicos/SIHSUS/199201_200712/Dados,49137.0,,2026-09-16T09:42:18.531232+00:00,ok,True
RR,2005,2,available,RDRR0502.dbc,/dissemin/publicos/SIHSUS/199201_200712/Dados,48975.0,,2026-09-16T09:42:18.531232+00:00,ok,True
RR,2005,3,available,RDRR0503.dbc,/dissemin/publicos/SIHSUS/199201_200712/Dados,45750.0,,2026-09-16T09:42:18.531232+00:00,ok,True
RR,2005,4,available,RDRR0504.dbc,/dissemin/publicos/SIHSUS/199201_200712/Dados,48269.0,,2026-09-16T09:42:18.531232+00:00,ok,True
RR,2005,5,available,RDRR0505.dbc,/dissemin/publicos/SIHSUS/199201_200712/Dados,61771.0,,2026-09-16T09:42:18.531232+00:00,ok,True
RR,2005,6,available,RDRR0506.dbc,/dissemin/publicos/SIHSUS/199201_200712/Dados,59122.0,,2026-09-16T09:42:18.531232+00:00,ok,True
RR,2005,7,available,RDRR0507.dbc,/dissemin/publicos/SIHSUS/199201_200712/Dados,50310.0,,2026-09-16T09:42:18.531232+00:00,ok,True
RR,2005,8,available,RDRR0508.dbc,/dissemin/publicos/SIHSUS/199201_200712/Dados,79292.0,,2026-09-16T09:42:18.531232+00:00,ok,True
RR,2005,9,available,RDRR0509.dbc,/dissemin/publicos/SIHSUS/199201_200712/Dados,72366.0,,2026-09-16T09:42:18.531232+00:00,ok,True
RR,2005,10,available,RDRR0510.dbc,/dissemin/publicos/SIHSUS/199201_200712/Dados,76145.0,,2026-09-16T09:42:18.531232+00:00,ok,True
RR,2005,11,available,RDRR0511.dbc,/dissemin/publicos/SIHSUS/199201_200712/Dados,66709.0,,2026-09-16T09:42:18.531232+00:00,ok,True
RR,2005,12,available,RDRR0512.dbc,/dissemin/publicos/SIHSUS/199201_200712/Dados,66610.0,,2026-09-16T09:42:18.531232+00:00,ok,True
RS,2005,1,available,RDRS0501.dbc,/dissemin/publicos/SIHSUS/199201_200712/Dados,2985192.0,,2026-09-16T09:42:18.531232+00:00,ok,True
RS,2005,2,available,RDRS0502.dbc,/dissemin/publicos/SIHSUS/199201_200712/Dados,2990321.0,,2026-09-16T09:42:18.531232+00:00,ok,True
RS,2005,3,available,RDRS0503.dbc,/dissemin/publicos/SIHSUS/199201_200712/Dados,2781229.0,,2026-09-16T09:42:18.531232+00:00,ok,True
RS,2005,4,available,RDRS0504.dbc,/dissemin/publicos/SIHSUS/199201_200712/Dados,3135400.0,,2026-09-16T09:42:18.531232+00:00,ok,True
RS,2005,5,available,RDRS0505.dbc,/dissemin/publicos/SIHSUS/199201_200712/Dados,3120517.0,,2026-09-16T09:42:18.531232+00:00,ok,True
RS,2005,6,available,RDRS0506.dbc,/dissemin/publicos/SIHSUS/199201_200712/Dados,3190258.0,,2026-09-16T09:42:18.531232+00:00,ok,True
RS,2005,7,available,RDRS0507.dbc,/dissemin/publicos/SIHSUS/199201_200712/Dados,3276313.0,,2026-09-16T09:42:18.531232+00:00,ok,True
RS,2005,8,available,RDRS0508.dbc,/dissemin/publicos/SIHSUS/199201_200712/Dados,3382748.0,,2026-09-16T09:42:18.531232+00:00,ok,True
RS,2005,9,available,RDRS0509.dbc,/dissemin/publicos/SIHSUS/199201_200712/Dados,3157469.0,,2026-09-16T09:42:18.531232+00:00,ok,True
RS,2005,10,available,RDRS0510.dbc,/dissemin/publicos/SIHSUS/199201_200712/Dados,3137931.0,,2026-09-16T09:42:18.531232+00:00,ok,True
RS,2005,11,available,RDRS0511.dbc,/dissemin/publicos/SIHSUS/199201_200712/Dados,3004282.0,,2026-09-16T09:42:18.531232+00:00,ok,True
RS,2005,12,available,RDRS0512.dbc,/dissemin/publicos/SIHSUS/199201_200712/Dados,3248483.0,,2026-09-16T09:42:18.531232+00:00,ok,True
SC,2005,1,available,RDSC0501.dbc,/dissemin/publicos/SIHSUS/199201_200712/Dados,1497599.0,,2026-09-16T09:42:18.531232+00:00,ok,True
SC,2005,2,available,RDSC0502.dbc,/dissemin/publicos/SIHSUS/199201_200712/Dados,1536381.0,,2026-09-16T09:42:18.531232+00:00,ok,True
SC,2005,3,available,RDSC0503.dbc,/dissemin/publicos/SIHSUS/199201_200712/Dados,1606422.0,,2026-09-16T09:42:18.531232+00:00,ok,True
SC,2005,4,available,RDSC0504.dbc,/dissemin/publicos/SIHSUS/199201_200712/Dados,1650277.0,,2026-09-16T09:42:18.531232+00:00,ok,True
SC,2005,5,available,RDSC0505.dbc,/dissemin/publicos/SIHSUS/199201_200712/Dados,1693507.0,,2026-09-16T09:42:18.531232+00:00,ok,True
SC,2005,6,available,RDSC0506.dbc,/dissemin/publicos/SIHSUS/199201_200712/Dados,1668036.0,,2026-09-16T09:42:18.531232+00:00,ok,True
SC,2005,7,available,RDSC0507.dbc,/dissemin/publicos/SIHSUS/199201_200712/Dados,1636431.0,,2026-09-16T09:42:18.531232+00:00,ok,True
SC,2005,8,available,RDSC0508.dbc,/dissemin/publicos/SIHSUS/199201_200712/Dados,1718002.0,,2026-09-16T09:42:18.531232+00:00,ok,True
SC,2005,9,available,RDSC0509.dbc,/dissemin/publicos/SIHSUS/199201_200712/Dados,1689252.0,,2026-09-16T09:42:18.531232+00:00,ok,True
SC,2005,10,available,RDSC0510.dbc,/dissemin/publicos/SIHSUS/199201_200712/Dados,1618149.0,,2026-09-16T09:42:18.531232+00:00,ok,True
SC,2005,11,available,RDSC0511.dbc,/dissemin/publicos/SIHSUS/199201_200712/Dados,1659377.0,,2026-09-16T09:42:18.531232+00:00,ok,True
SC,2005,12,available,RDSC0512.dbc,/dissemin/publicos/SIHSUS/199201_200712/Dados,1915071.0,,2026-09-16T09:42:18.531232+00:00,ok,True
SE,2005,1,available,RDSE0501.dbc,/dissemin/publicos/SIHSUS/199201_200712/Dados,383034.0,,2026-09-16T09:42:18.531232+00:00,ok,True
SE,2005,2,available,RDSE0502.dbc,/dissemin/publicos/SIHSUS/199201_200712/Dados,339322.0,,2026-09-16T09:42:18.531232+00:00,ok,True
SE,2005,3,available,RDSE0503.dbc,/dissemin/publicos/SIHSUS/199201_200712/Dados,379398.0,,2026-09-16T09:42:18.531232+00:00,ok,True
SE,2005,4,available,RDSE0504.dbc,/dissemin/publicos/SIHSUS/199201_200712/Dados,378651.0,,2026-09-16T09:42:18.531232+00:00,ok,True
SE,2005,5,available,RDSE0505.dbc,/dissemin/publicos/SIHSUS/199201_200712/Dados,407408.0,,2026-09-16T09:42:18.531232+00:00,ok,True
SE,2005,6,available,RDSE0506.dbc,/dissemin/publicos/SIHSUS/199201_200712/Dados,331232.0,,2026-09-16T09:42:18.531232+00:00,ok,True
SE,2005,7,available,RDSE0507.dbc,/dissemin/publicos/SIHSUS/199201_200712/Dados,462229.0,,2026-09-16T09:42:18.531232+00:00,ok,True
SE,2005,8,available,RDSE0508.dbc,/dissemin/publicos/SIHSUS/199201_200712/Dados,403075.0,,2026-09-16T09:42:18.531232+00:00,ok,True
SE,2005,9,available,RDSE0509.dbc,/dissemin/publicos/SIHSUS/199201_200712/Dados,393378.0,,2026-09-16T09:42:18.531232+00:00,ok,True
SE,2005,10,available,RDSE0510.dbc,/dissemin/publicos/SIHSUS/199201_200712/Dados,397985.0,,2026-09-16T09:42:18.531232+00:00,ok,True
SE,2005,11,available,RDSE0511.dbc,/dissemin/publicos/SIHSUS/199201_200712/Dados,384838.0,,2026-09-16T09:42:18.531232+00:00,ok,True
SE,2005,12,available,RDSE0512.dbc,/dissemin/publicos/SIHSUS/199201_200712/Dados,376728.0,,2026-09-16T09:42:18.531232+00:00,ok,True
SP,2005,1,available,RDSP0501.dbc,/dissemin/publicos/SIHSUS/199201_200712/Dados,9227237.0,,2026-09-16T09:42:18.531232+00:00,ok,True
SP,2005,2,available,RDSP0502.dbc,/dissemin/publicos/SIHSUS/199201_200712/Dados,9073713.0,,2026-09-16T09:42:18.531232+00:00,ok,True
SP,2005,3,available,RDSP0503.dbc,/dissemin/publicos/SIHSUS/199201_200712/Dados,9660829.0,,2026-09-16T09:42:18.531232+00:00,ok,True
SP,2005,4,available,RDSP0504.dbc,/dissemin/publicos/SIHSUS/199201_200712/Dados,9551178.0,,2026-09-16T09:42:18.531232+00:00,ok,True
SP,2005,5,available,RDSP0505.dbc,/dissemin/publicos/SIHSUS/199201_200712/Dados,9850728.0,,2026-09-16T09:42:18.531232+00:00,ok,True
SP,2005,6,available,RDSP0506.dbc,/dissemin/publicos/SIHSUS/199201_200712/Dados,9952550.0,,2026-09-16T09:42:18.531232+00:00,ok,True
SP,2005,7,available,RDSP0507.dbc,/dissemin/publicos/SIHSUS/199201_200712/Dados,9735337.0,,2026-09-16T09:42:18.531232+00:00,ok,True
SP,2005,8,available,RDSP0508.dbc,/dissemin/publicos/SIHSUS/199201_200712/Dados,10185771.0,,2026-09-16T09:42:18.531232+00:00,ok,True
SP,2005,9,available,RDSP0509.dbc,/dissemin/publicos/SIHSUS/199201_200712/Dados,10193398.0,,2026-09-16T09:42:18.531232+00:00,ok,True
SP,2005,10,available,RDSP0510.dbc,/dissemin/publicos/SIHSUS/199201_200712/Dados,9682010.0,,2026-09-16T09:42:18.531232+00:00,ok,True
SP,2005,11,available,RDSP0511.dbc,/dissemin/publicos/SIHSUS/199201_200712/Dados,9588417.0,,2026-09-16T09:42:18.531232+00:00,ok,True
SP,2005,12,available,RDSP0512.dbc,/dissemin/publicos/SIHSUS/199201_200712/Dados,9992444.0,,2026-09-16T09:42:18.531232+00:00,ok,True
TO,2005,1,available,RDTO0501.dbc,/dissemin/publicos/SIHSUS/199201_200712/Dados,396013.0,,2026-09-16T09:42:18.531232+00:00,ok,True
TO,2005,2,available,RDTO0502.dbc,/dissemin/publicos/SIHSUS/199201_200712/Dados,375086.0,,2026-09-16T09:42:18.531232+00:00,ok,True
TO,2005,3,available,RDTO0503.dbc,/dissemin/publicos/SIHSUS/199201_200712/Dados,385664.0,,2026-09-16T09:42:18.531232+00:00,ok,True
TO,2005,4,available,RDTO0504.dbc,/dissemin/publicos/SIHSUS/199201_200712/Dados,320915.0,,2026-09-16T09:42:18.531232+00:00,ok,True
TO,2005,5,available,RDTO0505.dbc,/dissemin/publicos/SIHSUS/199201_200712/Dados,338902.0,,2026-09-16T09:42:18.531232+00:00,ok,True
TO,2005,6,available,RDTO0506.dbc,/dissemin/publicos/SIHSUS/199201_200712/Dados,397093.0,,2026-09-16T09:42:18.531232+00:00,ok,True
TO,2005,7,available,RDTO0507.dbc,/dissemin/publicos/SIHSUS/199201_200712/Dados,372652.0,,2026-09-16T09:42:18.531232+00:00,ok,True
TO,2005,8,available,RDTO0508.dbc,/dissemin/publicos/SIHSUS/199201_200712/Dados,396301.0,,2026-09-16T09:42:18.531232+00:00,ok,True
TO,2005,9,available,RDTO0509.dbc,/dissemin/publicos/SIHSUS/199201_200712/Dados,385149.0,,2026-09-16T09:42:18.531232+00:00,ok,True
TO,2005,10,available,RDTO0510.dbc,/dissemin/publicos/SIHSUS/199201_200712/Dados,411257.0,,2026-09-16T09:42:18.531232+00:00,ok,True
TO,2005,11,available,RDTO0511.dbc,/dissemin/publicos/SIHSUS/199201_200712/Dados,449238.0,,2026-09-16T09:42:18.531232+00:00,ok,True
TO,2005,12,available,RDTO0512.dbc,/dissemin/publicos/SIHSUS/199201_200712/Dados,406628.0,,2026-09-16T09:42:18.531232+00:00,ok,True
AC,2006,1,available,RDAC0601.dbc,/dissemin/publicos/SIHSUS/199201_200712/Dados,187938.0,,2026-09-16T09:42:18.531232+00:00,ok,True
AC,2006,2,available,RDAC0602.dbc,/dissemin/publicos/SIHSUS/199201_200712/Dados,181083.0,,2026-09-16T09:42:18.531232+00:00,ok,True
AC,2006,3,available,RDAC0603.dbc,/dissemin/publicos/SIHSUS/199201_200712/Dados,186531.0,,2026-09-16T09:42:18.531232+00:00,ok,True
AC,2006,4,available,RDAC0604.dbc,/dissemin/publicos/SIHSUS/199201_200712/Dados,265450.0,,2026-09-16T09:42:18.531232+00:00,ok,True
AC,2006,5,available,RDAC0605.dbc,/dissemin/publicos/SIHSUS/199201_200712/Dados,276969.0,,2026-09-16T09:42:18.531232+00:00,ok,True
AC,2006,6,available,RDAC0606.dbc,/dissemin/publicos/SIHSUS/199201_200712/Dados,243589.0,,2026-09-16T09:42:18.531232+00:00,ok,True
AC,2006,7,available,RDAC0607.dbc,/dissemin/publicos/SIHSUS/199201_200712/Dados,251856.0,,2026-09-16T09:42:18.531232+00:00,ok,True
AC,2006,8,available,RDAC0608.dbc,/dissemin/publicos/SIHSUS/199201_200712/Dados,293123.0,,2026-09-16T09:42:18.531232+00:00,ok,True
AC,2006,9,available,RDAC0609.dbc,/dissemin/publicos/SIHSUS/199201_200712/Dados,263853.0,,2026-09-16T09:42:18.531232+00:00,ok,True
AC,2006,10,available,RDAC0610.dbc,/dissemin/publicos/SIHSUS/199201_200712/Dados,257284.0,,2026-09-16T09:42:18.531232+00:00,ok,True
AC,2006,11,available,RDAC0611.dbc,/dissemin/publicos/SIHSUS/199201_200712/Dados,254604.0,,2026-09-16T09:42:18.531232+00:00,ok,True
AC,2006,12,available,RDAC0612.dbc,/dissemin/publicos/SIHSUS/199201_200712/Dados,238016.0,,2026-09-16T09:42:18.531232+00:00,ok,True
AL,2006,1,available,RDAL0601.dbc,/dissemin/publicos/SIHSUS/199201_200712/Dados,704916.0,,2026-09-16T09:42:18.531232+00:00,ok,True
AL,2006,2,available,RDAL0602.dbc,/dissemin/publicos/SIHSUS/199201_200712/Dados,725558.0,,2026-09-16T09:42:18.531232+00:00,ok,True
AL,2006,3,available,RDAL0603.dbc,/dissemin/publicos/SIHSUS/199201_200712/Dados,713633.0,,2026-09-16T09:42:18.531232+00:00,ok,True
AL,2006,4,available,RDAL0604.dbc,/dissemin/publicos/SIHSUS/199201_200712/Dados,1067444.0,,2026-09-16T09:42:18.531232+00:00,ok,True
AL,2006,5,available,RDAL0605.dbc,/dissemin/publicos/SIHSUS/199201_200712/Dados,1024738.0,,2026-09-16T09:42:18.531232+00:00,ok,True
AL,2006,6,available,RDAL0606.dbc,/dissemin/publicos/SIHSUS/199201_200712/Dados,996586.0,,2026-09-16T09:42:18.531232+00:00,ok,True
AL,2006,7,available,RDAL0607.dbc,/dissemin/publicos/SIHSUS/199201_200712/Dados,1015417.0,,2026-09-16T09:42:18.531232+00:00,ok,True
AL,2006,8,available,RDAL0608.dbc,/dissemin/publicos/SIHSUS/199201_200712/Dados,1012853.0,,2026-09-16T09:42:18.531232+00:00,ok,True
AL,2006,9,available,RDAL0609.dbc,/dissemin/publicos/SIHSUS/199201_200712/Dados,995555.0,,2026-09-16T09:42:18.531232+00:00,ok,True
AL,2006,10,available,RDAL0610.dbc,/dissemin/publicos/SIHSUS/199201_200712/Dados,990743.0,,2026-09-16T09:42:18.531232+00:00,ok,True
AL,2006,11,available,RDAL0611.dbc,/dissemin/publicos/SIHSUS/199201_200712/Dados,1008355.0,,2026-09-16T09:42:18.531232+00:00,ok,True
AL,2006,12,available,RDAL0612.dbc,/dissemin/publicos/SIHSUS/199201_200712/Dados,890920.0,,2026-09-16T09:42:18.531232+00:00,ok,True
AM,2006,1,available,RDAM0601.dbc,/dissemin/publicos/SIHSUS/199201_200712/Dados,567055.0,,2026-09-16T09:42:18.531232+00:00,ok,True
AM,2006,2,available,RDAM0602.dbc,/dissemin/publicos/SIHSUS/199201_200712/Dados,561018.0,,2026-09-16T09:42:18.531232+00:00,ok,True
AM,2006,3,available,RDAM0603.dbc,/dissemin/publicos/SIHSUS/199201_200712/Dados,541352.0,,2026-09-16T09:42:18.531232+00:00,ok,True
AM,2006,4,available,RDAM0604.dbc,/dissemin/publicos/SIHSUS/199201_200712/Dados,856516.0,,2026-09-16T09:42:18.531232+00:00,ok,True
AM,2006,5,available,RDAM0605.dbc,/dissemin/publicos/SIHSUS/199201_200712/Dados,851060.0,,2026-09-16T09:42:18.531232+00:00,ok,True
AM,2006,6,available,RDAM0606.dbc,/dissemin/publicos/SIHSUS/199201_200712/Dados,832590.0,,2026-09-16T09:42:18.531232+00:00,ok,True
AM,2006,7,available,RDAM0607.dbc,/dissemin/publicos/SIHSUS/199201_200712/Dados,897267.0,,2026-09-16T09:42:18.531232+00:00,ok,True
AM,2006,8,available,RDAM0608.dbc,/dissemin/publicos/SIHSUS/199201_200712/Dados,943235.0,,2026-09-16T09:42:18.531232+00:00,ok,True
AM,2006,9,available,RDAM0609.dbc,/dissemin/publicos/SIHSUS/199201_200712/Dados,856858.0,,2026-09-16T09:42:18.531232+00:00,ok,True
AM,2006,10,available,RDAM0610.dbc,/dissemin/publicos/SIHSUS/199201_200712/Dados,740088.0,,2026-09-16T09:42:18.531232+00:00,ok,True
AM,2006,11,available,RDAM0611.dbc,/dissemin/publicos/SIHSUS/199201_200712/Dados,805425.0,,2026-09-16T09:42:18.531232+00:00,ok,True
AM,2006,12,available,RDAM0612.dbc,/dissemin/publicos/SIHSUS/199201_200712/Dados,761591.0,,2026-09-16T09:42:18.531232+00:00,ok,True
AP,2006,1,available,RDAP0601.dbc,/dissemin/publicos/SIHSUS/199201_200712/Dados,100695.0,,2026-09-16T09:42:18.531232+00:00,ok,True
AP,2006,2,available,RDAP0602.dbc,/dissemin/publicos/SIHSUS/199201_200712/Dados,116202.0,,2026-09-16T09:42:18.531232+00:00,ok,True
AP,2006,3,available,RDAP0603.dbc,/dissemin/publicos/SIHSUS/199201_200712/Dados,126212.0,,2026-09-16T09:42:18.531232+00:00,ok,True
AP,2006,4,available,RDAP0604.dbc,/dissemin/publicos/SIHSUS/199201_200712/Dados,170952.0,,2026-09-16T09:42:18.531232+00:00,ok,True
AP,2006,5,available,RDAP0605.dbc,/dissemin/publicos/SIHSUS/199201_200712/Dados,178380.0,,2026-09-16T09:42:18.531232+00:00,ok,True
AP,2006,6,available,RDAP0606.dbc,/dissemin/publicos/SIHSUS/199201_200712/Dados,172077.0,,2026-09-16T09:42:18.531232+00:00,ok,True
AP,2006,7,available,RDAP0607.dbc,/dissemin/publicos/SIHSUS/199201_200712/Dados,176862.0,,2026-09-16T09:42:18.531232+00:00,ok,True
AP,2006,8,available,RDAP0608.dbc,/dissemin/publicos/SIHSUS/199201_200712/Dados,166423.0,,2026-09-16T09:42:18.531232+00:00,ok,True
AP,2006,9,available,RDAP0609.dbc,/dissemin/publicos/SIHSUS/199201_200712/Dados,171278.0,,2026-09-16T09:42:18.531232+00:00,ok,True
AP,2006,10,available,RDAP0610.dbc,/dissemin/publicos/SIHSUS/199201_200712/Dados,121589.0,,2026-09-16T09:42:18.531232+00:00,ok,True
AP,2006,11,available,RDAP0611.dbc,/dissemin/publicos/SIHSUS/199201_200712/Dados,177371.0,,2026-09-16T09:42:18.531232+00:00,ok,True
AP,2006,12,available,RDAP0612.dbc,/dissemin/publicos/SIHSUS/199201_200712/Dados,173767.0,,2026-09-16T09:42:18.531232+00:00,ok,True
BA,2006,1,available,RDBA0601.dbc,/dissemin/publicos/SIHSUS/199201_200712/Dados,3194001.0,,2026-09-16T09:42:18.531232+00:00,ok,True
BA,2006,2,available,RDBA0602.dbc,/dissemin/publicos/SIHSUS/199201_200712/Dados,2961173.0,,2026-09-16T09:42:18.531232+00:00,ok,True
BA,2006,3,available,RDBA0603.dbc,/dissemin/publicos/SIHSUS/199201_200712/Dados,3167953.0,,2026-09-16T09:42:18.531232+00:00,ok,True
BA,2006,4,available,RDBA0604.dbc,/dissemin/publicos/SIHSUS/199201_200712/Dados,4171197.0,,2026-09-16T09:42:18.531232+00:00,ok,True
BA,2006,5,available,RDBA0605.dbc,/dissemin/publicos/SIHSUS/199201_200712/Dados,4276558.0,,2026-09-16T09:42:18.531232+00:00,ok,True
BA,2006,6,available,RDBA0606.dbc,/dissemin/publicos/SIHSUS/199201_200712/Dados,4629781.0,,2026-09-16T09:42:18.531232+00:00,ok,True
BA,2006,7,available,RDBA0607.dbc,/dissemin/publicos/SIHSUS/199201_200712/Dados,4780601.0,,2026-09-16T09:42:18.531232+00:00,ok,True
BA,2006,8,available,RDBA0608.dbc,/dissemin/publicos/SIHSUS/199201_200712/Dados,4808732.0,,2026-09-16T09:42:18.531232+00:00,ok,True
BA,2006,9,available,RDBA0609.dbc,/dissemin/publicos/SIHSUS/199201_200712/Dados,4318387.0,,2026-09-16T09:42:18.531232+00:00,ok,True
BA,2006,10,available,RDBA0610.dbc,/dissemin/publicos/SIHSUS/199201_200712/Dados,4326456.0,,2026-09-16T09:42:18.531232+00:00,ok,True
BA,2006,11,available,RDBA0611.dbc,/dissemin/publicos/SIHSUS/199201_200712/Dados,4488320.0,,2026-09-16T09:42:18.531232+00:00,ok,True
BA,2006,12,available,RDBA0612.dbc,/dissemin/publicos/SIHSUS/199201_200712/Dados,4173551.0,,2026-09-16T09:42:18.531232+00:00,ok,True
CE,2006,1,available,RDCE0601.dbc,/dissemin/publicos/SIHSUS/199201_200712/Dados,1863974.0,,2026-09-16T09:42:18.531232+00:00,ok,True
CE,2006,2,available,RDCE0602.dbc,/dissemin/publicos/SIHSUS/199201_200712/Dados,1821155.0,,2026-09-16T09:42:18.531232+00:00,ok,True
CE,2006,3,available,RDCE0603.dbc,/dissemin/publicos/SIHSUS/199201_200712/Dados,2005098.0,,2026-09-16T09:42:18.531232+00:00,ok,True
CE,2006,4,available,RDCE0604.dbc,/dissemin/publicos/SIHSUS/199201_200712/Dados,2654673.0,,2026-09-16T09:42:18.531232+00:00,ok,True
CE,2006,5,available,RDCE0605.dbc,/dissemin/publicos/SIHSUS/199201_200712/Dados,3012335.0,,2026-09-16T09:42:18.531232+00:00,ok,True
CE,2006,6,available,RDCE0606.dbc,/dissemin/publicos/SIHSUS/199201_200712/Dados,2794313.0,,2026-09-16T09:42:18.531232+00:00,ok,True
CE,2006,7,available,RDCE0607.dbc,/dissemin/publicos/SIHSUS/199201_200712/Dados,2801252.0,,2026-09-16T09:42:18.531232+00:00,ok,True
CE,2006,8,available,RDCE0608.dbc,/dissemin/publicos/SIHSUS/199201_200712/Dados,2890513.0,,2026-09-16T09:42:18.531232+00:00,ok,True
CE,2006,9,available,RDCE0609.dbc,/dissemin/publicos/SIHSUS/199201_200712/Dados,2750666.0,,2026-09-16T09:42:18.531232+00:00,ok,True
CE,2006,10,available,RDCE0610.dbc,/dissemin/publicos/SIHSUS/199201_200712/Dados,2697394.0,,2026-09-16T09:42:18.531232+00:00,ok,True
CE,2006,11,available,RDCE0611.dbc,/dissemin/publicos/SIHSUS/199201_200712/Dados,2749017.0,,2026-09-16T09:42:18.531232+00:00,ok,True
CE,2006,12,available,RDCE0612.dbc,/dissemin/publicos/SIHSUS/199201_200712/Dados,2663645.0,,2026-09-16T09:42:18.531232+00:00,ok,True
DF,2006,1,available,RDDF0601.dbc,/dissemin/publicos/SIHSUS/199201_200712/Dados,689139.0,,2026-09-16T09:42:18.531232+00:00,ok,True
DF,2006,2,available,RDDF0602.dbc,/dissemin/publicos/SIHSUS/199201_200712/Dados,632343.0,,2026-09-16T09:42:18.531232+00:00,ok,True
DF,2006,3,available,RDDF0603.dbc,/dissemin/publicos/SIHSUS/199201_200712/Dados,727944.0,,2026-09-16T09:42:18.531232+00:00,ok,True
DF,2006,4,available,RDDF0604.dbc,/dissemin/publicos/SIHSUS/199201_200712/Dados,1142678.0,,2026-09-16T09:42:18.531232+00:00,ok,True
DF,2006,5,available,RDDF0605.dbc,/dissemin/publicos/SIHSUS/199201_200712/Dados,1131612.0,,2026-09-16T09:42:18.531232+00:00,ok,True
DF,2006,6,available,RDDF0606.dbc,/dissemin/publicos/SIHSUS/199201_200712/Dados,1049335.0,,2026-09-16T09:42:18.531232+00:00,ok,True
DF,2006,7,available,RDDF0607.dbc,/dissemin/publicos/SIHSUS/199201_200712/Dados,982036.0,,2026-09-16T09:42:18.531232+00:00,ok,True
DF,2006,8,available,RDDF0608.dbc,/dissemin/publicos/SIHSUS/199201_200712/Dados,935183.0,,2026-09-16T09:42:18.531232+00:00,ok,True
DF,2006,9,available,RDDF0609.dbc,/dissemin/publicos/SIHSUS/199201_200712/Dados,936285.0,,2026-09-16T09:42:18.531232+00:00,ok,True
DF,2006,10,available,RDDF0610.dbc,/dissemin/publicos/SIHSUS/199201_200712/Dados,985946.0,,2026-09-16T09:42:18.531232+00:00,ok,True
DF,2006,11,available,RDDF0611.dbc,/dissemin/publicos/SIHSUS/199201_200712/Dados,986287.0,,2026-09-16T09:42:18.531232+00:00,ok,True
DF,2006,12,available,RDDF0612.dbc,/dissemin/publicos/SIHSUS/199201_200712/Dados,888334.0,,2026-09-16T09:42:18.531232+00:00,ok,True
ES,2006,1,available,RDES0601.dbc,/dissemin/publicos/SIHSUS/199201_200712/Dados,625710.0,,2026-09-16T09:42:18.531232+00:00,ok,True
ES,2006,2,available,RDES0602.dbc,/dissemin/publicos/SIHSUS/199201_200712/Dados,797723.0,,2026-09-16T09:42:18.531232+00:00,ok,True
ES,2006,3,available,RDES0603.dbc,/dissemin/publicos/SIHSUS/199201_200712/Dados,730154.0,,2026-09-16T09:42:18.531232+00:00,ok,True
ES,2006,4,available,RDES0604.dbc,/dissemin/publicos/SIHSUS/199201_200712/Dados,1044526.0,,2026-09-16T09:42:18.531232+00:00,ok,True
ES,2006,5,available,RDES0605.dbc,/dissemin/publicos/SIHSUS/199201_200712/Dados,1090743.0,,2026-09-16T09:42:18.531232+00:00,ok,True
ES,2006,6,available,RDES0606.dbc,/dissemin/publicos/SIHSUS/199201_200712/Dados,1061926.0,,2026-09-16T09:42:18.531232+00:00,ok,True
ES,2006,7,available,RDES0607.dbc,/dissemin/publicos/SIHSUS/199201_200712/Dados,1063433.0,,2026-09-16T09:42:18.531232+00:00,ok,True
ES,2006,8,available,RDES0608.dbc,/dissemin/publicos/SIHSUS/199201_200712/Dados,1117797.0,,2026-09-16T09:42:18.531232+00:00,ok,True
ES,2006,9,available,RDES0609.dbc,/dissemin/publicos/SIHSUS/199201_200712/Dados,1045488.0,,2026-09-16T09:42:18.531232+00:00,ok,True
ES,2006,10,available,RDES0610.dbc,/dissemin/publicos/SIHSUS/199201_200712/Dados,1067829.0,,2026-09-16T09:42:18.531232+00:00,ok,True
ES,2006,11,available,RDES0611.dbc,/dissemin/publicos/SIHSUS/199201_200712/Dados,1086095.0,,2026-09-16T09:42:18.531232+00:00,ok,True
ES,2006,12,available,RDES0612.dbc,/dissemin/publicos/SIHSUS/199201_200712/Dados,1044969.0,,2026-09-16T09:42:18.531232+00:00,ok,True
GO,2006,1,available,RDGO0601.dbc,/dissemin/publicos/SIHSUS/199201_200712/Dados,1379608.0,,2026-09-16T09:42:18.531232+00:00,ok,True
GO,2006,2,available,RDGO0602.dbc,/dissemin/publicos/SIHSUS/199201_200712/Dados,1438164.0,,2026-09-16T09:42:18.531232+00:00,ok,True
GO,2006,3,available,RDGO0603.dbc,/dissemin/publicos/SIHSUS/199201_200712/Dados,1420986.0,,2026-09-16T09:42:18.531232+00:00,ok,True
GO,2006,4,available,RDGO0604.dbc,/dissemin/publicos/SIHSUS/199201_200712/Dados,2086317.0,,2026-09-16T09:42:18.531232+00:00,ok,True
GO,2006,5,available,RDGO0605.dbc,/dissemin/publicos/SIHSUS/199201_200712/Dados,2087163.0,,2026-09-16T09:42:18.531232+00:00,ok,True
GO,2006,6,available,RDGO0606.dbc,/dissemin/publicos/SIHSUS/199201_200712/Dados,2215237.0,,2026-09-16T09:42:18.531232+00:00,ok,True
GO,2006,7,available,RDGO0607.dbc,/dissemin/publicos/SIHSUS/199201_200712/Dados,2165629.0,,2026-09-16T09:42:18.531232+00:00,ok,True
GO,2006,8,available,RDGO0608.dbc,/dissemin/publicos/SIHSUS/199201_200712/Dados,2115315.0,,2026-09-16T09:42:18.531232+00:00,ok,True
GO,2006,9,available,RDGO0609.dbc,/dissemin/publicos/SIHSUS/199201_200712/Dados,2178174.0,,2026-09-16T09:42:18.531232+00:00,ok,True
GO,2006,10,available,RDGO0610.dbc,/dissemin/publicos/SIHSUS/199201_200712/Dados,1981491.0,,2026-09-16T09:42:18.531232+00:00,ok,True
GO,2006,11,available,RDGO0611.dbc,/dissemin/publicos/SIHSUS/199201_200712/Dados,2073541.0,,2026-09-16T09:42:18.531232+00:00,ok,True
GO,2006,12,available,RDGO0612.dbc,/dissemin/publicos/SIHSUS/199201_200712/Dados,1937968.0,,2026-09-16T09:42:18.531232+00:00,ok,True
MA,2006,1,available,RDMA0601.dbc,/dissemin/publicos/SIHSUS/199201_200712/Dados,1116101.0,,2026-09-16T09:42:18.531232+00:00,ok,True
MA,2006,2,available,RDMA0602.dbc,/dissemin/publicos/SIHSUS/199201_200712/Dados,1139979.0,,2026-09-16T09:42:18.531232+00:00,ok,True
MA,2006,3,available,RDMA0603.dbc,/dissemin/publicos/SIHSUS/199201_200712/Dados,1116690.0,,2026-09-16T09:42:18.531232+00:00,ok,True
MA,2006,4,available,RDMA0604.dbc,/dissemin/publicos/SIHSUS/199201_200712/Dados,1666562.0,,2026-09-16T09:42:18.531232+00:00,ok,True
MA,2006,5,available,RDMA0605.dbc,/dissemin/publicos/SIHSUS/199201_200712/Dados,1531185.0,,2026-09-16T09:42:18.531232+00:00,ok,True
MA,2006,6,available,RDMA0606.dbc,/dissemin/publicos/SIHSUS/199201_200712/Dados,1723578.0,,2026-09-16T09:42:18.531232+00:00,ok,True
MA,2006,7,available,RDMA0607.dbc,/dissemin/publicos/SIHSUS/199201_200712/Dados,1528830.0,,2026-09-16T09:42:18.531232+00:00,ok,True
MA,2006,8,available,RDMA0608.dbc,/dissemin/publicos/SIHSUS/199201_200712/Dados,1621803.0,,2026-09-16T09:42:18.531232+00:00,ok,True
MA,2006,9,available,RDMA0609.dbc,/dissemin/publicos/SIHSUS/199201_200712/Dados,1611366.0,,2026-09-16T09:42:18.531232+00:00,ok,True
MA,2006,10,available,RDMA0610.dbc,/dissemin/publicos/SIHSUS/199201_200712/Dados,1516836.0,,2026-09-16T09:42:18.531232+00:00,ok,True
MA,2006,11,available,RDMA0611.dbc,/dissemin/publicos/SIHSUS/199201_200712/Dados,1561754.0,,2026-09-16T09:42:18.531232+00:00,ok,True
MA,2006,12,available,RDMA0612.dbc,/dissemin/publicos/SIHSUS/199201_200712/Dados,1568269.0,,2026-09-16T09:42:18.531232+00:00,ok,True
MG,2006,1,available,RDMG0601.dbc,/dissemin/publicos/SIHSUS/199201_200712/Dados,4738307.0,,2026-09-16T09:42:18.531232+00:00,ok,True
MG,2006,2,available,RDMG0602.dbc,/dissemin/publicos/SIHSUS/199201_200712/Dados,4805803.0,,2026-09-16T09:42:18.531232+00:00,ok,True
MG,2006,3,available,RDMG0603.dbc,/dissemin/publicos/SIHSUS/199201_200712/Dados,5008703.0,,2026-09-16T09:42:18.531232+00:00,ok,True
MG,2006,4,available,RDMG0604.dbc,/dissemin/publicos/SIHSUS/199201_200712/Dados,6697386.0,,2026-09-16T09:42:18.531232+00:00,ok,True
MG,2006,5,available,RDMG0605.dbc,/dissemin/publicos/SIHSUS/199201_200712/Dados,7232460.0,,2026-09-16T09:42:18.531232+00:00,ok,True
MG,2006,6,available,RDMG0606.dbc,/dissemin/publicos/SIHSUS/199201_200712/Dados,7053318.0,,2026-09-16T09:42:18.531232+00:00,ok,True
MG,2006,7,available,RDMG0607.dbc,/dissemin/publicos/SIHSUS/199201_200712/Dados,7129374.0,,2026-09-16T09:42:18.531232+00:00,ok,True
MG,2006,8,available,RDMG0608.dbc,/dissemin/publicos/SIHSUS/199201_200712/Dados,6945998.0,,2026-09-16T09:42:18.531232+00:00,ok,True
MG,2006,9,available,RDMG0609.dbc,/dissemin/publicos/SIHSUS/199201_200712/Dados,6769070.0,,2026-09-16T09:42:18.531232+00:00,ok,True
MG,2006,10,available,RDMG0610.dbc,/dissemin/publicos/SIHSUS/199201_200712/Dados,6845381.0,,2026-09-16T09:42:18.531232+00:00,ok,True
MG,2006,11,available,RDMG0611.dbc,/dissemin/publicos/SIHSUS/199201_200712/Dados,6852044.0,,2026-09-16T09:42:18.531232+00:00,ok,True
MG,2006,12,available,RDMG0612.dbc,/dissemin/publicos/SIHSUS/199201_200712/Dados,6608402.0,,2026-09-16T09:42:18.531232+00:00,ok,True
MS,2006,1,available,RDMS0601.dbc,/dissemin/publicos/SIHSUS/199201_200712/Dados,649039.0,,2026-09-16T09:42:18.531232+00:00,ok,True
MS,2006,2,available,RDMS0602.dbc,/dissemin/publicos/SIHSUS/199201_200712/Dados,637018.0,,2026-09-16T09:42:18.531232+00:00,ok,True
MS,2006,3,available,RDMS0603.dbc,/dissemin/publicos/SIHSUS/199201_200712/Dados,684022.0,,2026-09-16T09:42:18.531232+00:00,ok,True
MS,2006,4,available,RDMS0604.dbc,/dissemin/publicos/SIHSUS/199201_200712/Dados,971135.0,,2026-09-16T09:42:18.531232+00:00,ok,True
MS,2006,5,available,RDMS0605.dbc,/dissemin/publicos/SIHSUS/199201_200712/Dados,1042739.0,,2026-09-16T09:42:18.531232+00:00,ok,True
MS,2006,6,available,RDMS0606.dbc,/dissemin/publicos/SIHSUS/199201_200712/Dados,922289.0,,2026-09-16T09:42:18.531232+00:00,ok,True
MS,2006,7,available,RDMS0607.dbc,/dissemin/publicos/SIHSUS/199201_200712/Dados,937000.0,,2026-09-16T09:42:18.531232+00:00,ok,True
MS,2006,8,available,RDMS0608.dbc,/dissemin/publicos/SIHSUS/199201_200712/Dados,988297.0,,2026-09-16T09:42:18.531232+00:00,ok,True
MS,2006,9,available,RDMS0609.dbc,/dissemin/publicos/SIHSUS/199201_200712/Dados,938289.0,,2026-09-16T09:42:18.531232+00:00,ok,True
MS,2006,10,available,RDMS0610.dbc,/dissemin/publicos/SIHSUS/199201_200712/Dados,915804.0,,2026-09-16T09:42:18.531232+00:00,ok,True
MS,2006,11,available,RDMS0611.dbc,/dissemin/publicos/SIHSUS/199201_200712/Dados,926497.0,,2026-09-16T09:42:18.531232+00:00,ok,True
MS,2006,12,available,RDMS0612.dbc,/dissemin/publicos/SIHSUS/199201_200712/Dados,871373.0,,2026-09-16T09:42:18.531232+00:00,ok,True
MT,2006,1,available,RDMT0601.dbc,/dissemin/publicos/SIHSUS/199201_200712/Dados,681405.0,,2026-09-16T09:42:18.531232+00:00,ok,True
MT,2006,2,available,RDMT0602.dbc,/dissemin/publicos/SIHSUS/199201_200712/Dados,706386.0,,2026-09-16T09:42:18.531232+00:00,ok,True
MT,2006,3,available,RDMT0603.dbc,/dissemin/publicos/SIHSUS/199201_200712/Dados,723557.0,,2026-09-16T09:42:18.531232+00:00,ok,True
MT,2006,4,available,RDMT0604.dbc,/dissemin/publicos/SIHSUS/199201_200712/Dados,996457.0,,2026-09-16T09:42:18.531232+00:00,ok,True
MT,2006,5,available,RDMT0605.dbc,/dissemin/publicos/SIHSUS/199201_200712/Dados,995506.0,,2026-09-16T09:42:18.531232+00:00,ok,True
MT,2006,6,available,RDMT0606.dbc,/dissemin/publicos/SIHSUS/199201_200712/Dados,1055005.0,,2026-09-16T09:42:18.531232+00:00,ok,True
MT,2006,7,available,RDMT0607.dbc,/dissemin/publicos/SIHSUS/199201_200712/Dados,991447.0,,2026-09-16T09:42:18.531232+00:00,ok,True
MT,2006,8,available,RDMT0608.dbc,/dissemin/publicos/SIHSUS/199201_200712/Dados,999550.0,,2026-09-16T09:42:18.531232+00:00,ok,True
MT,2006,9,available,RDMT0609.dbc,/dissemin/publicos/SIHSUS/199201_200712/Dados,1006431.0,,2026-09-16T09:42:18.531232+00:00,ok,True
MT,2006,10,available,RDMT0610.dbc,/dissemin/publicos/SIHSUS/199201_200712/Dados,985571.0,,2026-09-16T09:42:18.531232+00:00,ok,True
MT,2006,11,available,RDMT0611.dbc,/dissemin/publicos/SIHSUS/199201_200712/Dados,957498.0,,2026-09-16T09:42:18.531232+00:00,ok,True
MT,2006,12,available,RDMT0612.dbc,/dissemin/publicos/SIHSUS/199201_200712/Dados,942429.0,,2026-09-16T09:42:18.531232+00:00,ok,True
PA,2006,1,available,RDPA0601.dbc,/dissemin/publicos/SIHSUS/199201_200712/Dados,1624092.0,,2026-09-16T09:42:18.531232+00:00,ok,True
PA,2006,2,available,RDPA0602.dbc,/dissemin/publicos/SIHSUS/199201_200712/Dados,1691391.0,,2026-09-16T09:42:18.531232+00:00,ok,True
PA,2006,3,available,RDPA0603.dbc,/dissemin/publicos/SIHSUS/199201_200712/Dados,1723461.0,,2026-09-16T09:42:18.531232+00:00,ok,True
PA,2006,4,available,RDPA0604.dbc,/dissemin/publicos/SIHSUS/199201_200712/Dados,2472261.0,,2026-09-16T09:42:18.531232+00:00,ok,True
PA,2006,5,available,RDPA0605.dbc,/dissemin/publicos/SIHSUS/199201_200712/Dados,2538543.0,,2026-09-16T09:42:18.531232+00:00,ok,True
PA,2006,6,available,RDPA0606.dbc,/dissemin/publicos/SIHSUS/199201_200712/Dados,2537891.0,,2026-09-16T09:42:18.531232+00:00,ok,True
PA,2006,7,available,RDPA0607.dbc,/dissemin/publicos/SIHSUS/199201_200712/Dados,2536745.0,,2026-09-16T09:42:18.531232+00:00,ok,True
PA,2006,8,available,RDPA0608.dbc,/dissemin/publicos/SIHSUS/199201_200712/Dados,2439725.0,,2026-09-16T09:42:18.531232+00:00,ok,True
PA,2006,9,available,RDPA0609.dbc,/dissemin/publicos/SIHSUS/199201_200712/Dados,2449796.0,,2026-09-16T09:42:18.531232+00:00,ok,True
PA,2006,10,available,RDPA0610.dbc,/dissemin/publicos/SIHSUS/199201_200712/Dados,2490924.0,,2026-09-16T09:42:18.531232+00:00,ok,True
PA,2006,11,available,RDPA0611.dbc,/dissemin/publicos/SIHSUS/199201_200712/Dados,2478048.0,,2026-09-16T09:42:18.531232+00:00,ok,True
PA,2006,12,available,RDPA0612.dbc,/dissemin/publicos/SIHSUS/199201_200712/Dados,2413345.0,,2026-09-16T09:42:18.531232+00:00,ok,True
PB,2006,1,available,RDPB0601.dbc,/dissemin/publicos/SIHSUS/199201_200712/Dados,855348.0,,2026-09-16T09:42:18.531232+00:00,ok,True
PB,2006,2,available,RDPB0602.dbc,/dissemin/publicos/SIHSUS/199201_200712/Dados,825756.0,,2026-09-16T09:42:18.531232+00:00,ok,True
PB,2006,3,available,RDPB0603.dbc,/dissemin/publicos/SIHSUS/199201_200712/Dados,860775.0,,2026-09-16T09:42:18.531232+00:00,ok,True
PB,2006,4,available,RDPB0604.dbc,/dissemin/publicos/SIHSUS/199201_200712/Dados,1251722.0,,2026-09-16T09:42:18.531232+00:00,ok,True
PB,2006,5,available,RDPB0605.dbc,/dissemin/publicos/SIHSUS/199201_200712/Dados,1274410.0,,2026-09-16T09:42:18.531232+00:00,ok,True
PB,2006,6,available,RDPB0606.dbc,/dissemin/publicos/SIHSUS/199201_200712/Dados,1268219.0,,2026-09-16T09:42:18.531232+00:00,ok,True
PB,2006,7,available,RDPB0607.dbc,/dissemin/publicos/SIHSUS/199201_200712/Dados,1215250.0,,2026-09-16T09:42:18.531232+00:00,ok,True
PB,2006,8,available,RDPB0608.dbc,/dissemin/publicos/SIHSUS/199201_200712/Dados,1374992.0,,2026-09-16T09:42:18.531232+00:00,ok,True
PB,2006,9,available,RDPB0609.dbc,/dissemin/publicos/SIHSUS/199201_200712/Dados,1243046.0,,2026-09-16T09:42:18.531232+00:00,ok,True
PB,2006,10,available,RDPB0610.dbc,/dissemin/publicos/SIHSUS/199201_200712/Dados,1219450.0,,2026-09-16T09:42:18.531232+00:00,ok,True
PB,2006,11,available,RDPB0611.dbc,/dissemin/publicos/SIHSUS/199201_200712/Dados,1256775.0,,2026-09-16T09:42:18.531232+00:00,ok,True
PB,2006,12,available,RDPB0612.dbc,/dissemin/publicos/SIHSUS/199201_200712/Dados,1208307.0,,2026-09-16T09:42:18.531232+00:00,ok,True
PE,2006,1,available,RDPE0601.dbc,/dissemin/publicos/SIHSUS/199201_200712/Dados,1867441.0,,2026-09-16T09:42:18.531232+00:00,ok,True
PE,2006,2,available,RDPE0602.dbc,/dissemin/publicos/SIHSUS/199201_200712/Dados,1906925.0,,2026-09-16T09:42:18.531232+00:00,ok,True
PE,2006,3,available,RDPE0603.dbc,/dissemin/publicos/SIHSUS/199201_200712/Dados,1832058.0,,2026-09-16T09:42:18.531232+00:00,ok,True
PE,2006,4,available,RDPE0604.dbc,/dissemin/publicos/SIHSUS/199201_200712/Dados,2715737.0,,2026-09-16T09:42:18.531232+00:00,ok,True
PE,2006,5,available,RDPE0605.dbc,/dissemin/publicos/SIHSUS/199201_200712/Dados,2755584.0,,2026-09-16T09:42:18.531232+00:00,ok,True
PE,2006,6,available,RDPE0606.dbc,/dissemin/publicos/SIHSUS/199201_200712/Dados,2899988.0,,2026-09-16T09:42:18.531232+00:00,ok,True
PE,2006,7,available,RDPE0607.dbc,/dissemin/publicos/SIHSUS/199201_200712/Dados,2845311.0,,2026-09-16T09:42:18.531232+00:00,ok,True
PE,2006,8,available,RDPE0608.dbc,/dissemin/publicos/SIHSUS/199201_200712/Dados,2946959.0,,2026-09-16T09:42:18.531232+00:00,ok,True
PE,2006,9,available,RDPE0609.dbc,/dissemin/publicos/SIHSUS/199201_200712/Dados,2890151.0,,2026-09-16T09:42:18.531232+00:00,ok,True
PE,2006,10,available,RDPE0610.dbc,/dissemin/publicos/SIHSUS/199201_200712/Dados,2854613.0,,2026-09-16T09:42:18.531232+00:00,ok,True
PE,2006,11,available,RDPE0611.dbc,/dissemin/publicos/SIHSUS/199201_200712/Dados,2828123.0,,2026-09-16T09:42:18.531232+00:00,ok,True
PE,2006,12,available,RDPE0612.dbc,/dissemin/publicos/SIHSUS/199201_200712/Dados,2783560.0,,2026-09-16T09:42:18.531232+00:00,ok,True
PI,2006,1,available,RDPI0601.dbc,/dissemin/publicos/SIHSUS/199201_200712/Dados,796842.0,,2026-09-16T09:42:18.531232+00:00,ok,True
PI,2006,2,available,RDPI0602.dbc,/dissemin/publicos/SIHSUS/199201_200712/Dados,802634.0,,2026-09-16T09:42:18.531232+00:00,ok,True
PI,2006,3,available,RDPI0603.dbc,/dissemin/publicos/SIHSUS/199201_200712/Dados,832215.0,,2026-09-16T09:42:18.531232+00:00,ok,True
PI,2006,4,available,RDPI0604.dbc,/dissemin/publicos/SIHSUS/199201_200712/Dados,1133373.0,,2026-09-16T09:42:18.531232+00:00,ok,True
PI,2006,5,available,RDPI0605.dbc,/dissemin/publicos/SIHSUS/199201_200712/Dados,1154293.0,,2026-09-16T09:42:18.531232+00:00,ok,True
PI,2006,6,available,RDPI0606.dbc,/dissemin/publicos/SIHSUS/199201_200712/Dados,1227347.0,,2026-09-16T09:42:18.531232+00:00,ok,True
PI,2006,7,available,RDPI0607.dbc,/dissemin/publicos/SIHSUS/199201_200712/Dados,1215795.0,,2026-09-16T09:42:18.531232+00:00,ok,True
PI,2006,8,available,RDPI0608.dbc,/dissemin/publicos/SIHSUS/199201_200712/Dados,1149562.0,,2026-09-16T09:42:18.531232+00:00,ok,True
PI,2006,9,available,RDPI0609.dbc,/dissemin/publicos/SIHSUS/199201_200712/Dados,1140396.0,,2026-09-16T09:42:18.531232+00:00,ok,True
PI,2006,10,available,RDPI0610.dbc,/dissemin/publicos/SIHSUS/199201_200712/Dados,1124511.0,,2026-09-16T09:42:18.531232+00:00,ok,True
PI,2006,11,available,RDPI0611.dbc,/dissemin/publicos/SIHSUS/199201_200712/Dados,1154274.0,,2026-09-16T09:42:18.531232+00:00,ok,True
PI,2006,12,available,RDPI0612.dbc,/dissemin/publicos/SIHSUS/199201_200712/Dados,1117081.0,,2026-09-16T09:42:18.531232+00:00,ok,True
PR,2006,1,available,RDPR0601.dbc,/dissemin/publicos/SIHSUS/199201_200712/Dados,2913164.0,,2026-09-16T09:42:18.531232+00:00,ok,True
PR,2006,2,available,RDPR0602.dbc,/dissemin/publicos/SIHSUS/199201_200712/Dados,2875402.0,,2026-09-16T09:42:18.531232+00:00,ok,True
PR,2006,3,available,RDPR0603.dbc,/dissemin/publicos/SIHSUS/199201_200712/Dados,3052328.0,,2026-09-16T09:42:18.531232+00:00,ok,True
PR,2006,4,available,RDPR0604.dbc,/dissemin/publicos/SIHSUS/199201_200712/Dados,4199497.0,,2026-09-16T09:42:18.531232+00:00,ok,True
PR,2006,5,available,RDPR0605.dbc,/dissemin/publicos/SIHSUS/199201_200712/Dados,4154820.0,,2026-09-16T09:42:18.531232+00:00,ok,True
PR,2006,6,available,RDPR0606.dbc,/dissemin/publicos/SIHSUS/199201_200712/Dados,4264855.0,,2026-09-16T09:42:18.531232+00:00,ok,True
PR,2006,7,available,RDPR0607.dbc,/dissemin/publicos/SIHSUS/199201_200712/Dados,4116401.0,,2026-09-16T09:42:18.531232+00:00,ok,True
PR,2006,8,available,RDPR0608.dbc,/dissemin/publicos/SIHSUS/199201_200712/Dados,4153174.0,,2026-09-16T09:42:18.531232+00:00,ok,True
PR,2006,9,available,RDPR0609.dbc,/dissemin/publicos/SIHSUS/199201_200712/Dados,4177576.0,,2026-09-16T09:42:18.531232+00:00,ok,True
PR,2006,10,available,RDPR0610.dbc,/dissemin/publicos/SIHSUS/199201_200712/Dados,4126450.0,,2026-09-16T09:42:18.531232+00:00,ok,True
PR,2006,11,available,RDPR0611.dbc,/dissemin/publicos/SIHSUS/199201_200712/Dados,4235161.0,,2026-09-16T09:42:18.531232+00:00,ok,True
PR,2006,12,available,RDPR0612.dbc,/dissemin/publicos/SIHSUS/199201_200712/Dados,4031505.0,,2026-09-16T09:42:18.531232+00:00,ok,True
RJ,2006,1,available,RDRJ0601.dbc,/dissemin/publicos/SIHSUS/199201_200712/Dados,2719403.0,,2026-09-16T09:42:18.531232+00:00,ok,True
RJ,2006,2,available,RDRJ0602.dbc,/dissemin/publicos/SIHSUS/199201_200712/Dados,2670761.0,,2026-09-16T09:42:18.531232+00:00,ok,True
RJ,2006,3,available,RDRJ0603.dbc,/dissemin/publicos/SIHSUS/199201_200712/Dados,3135239.0,,2026-09-16T09:42:18.531232+00:00,ok,True
RJ,2006,4,available,RDRJ0604.dbc,/dissemin/publicos/SIHSUS/199201_200712/Dados,3841325.0,,2026-09-16T09:42:18.531232+00:00,ok,True
RJ,2006,5,available,RDRJ0605.dbc,/dissemin/publicos/SIHSUS/199201_200712/Dados,4294175.0,,2026-09-16T09:42:18.531232+00:00,ok,True
RJ,2006,6,available,RDRJ0606.dbc,/dissemin/publicos/SIHSUS/199201_200712/Dados,4399456.0,,2026-09-16T09:42:18.531232+00:00,ok,True
RJ,2006,7,available,RDRJ0607.dbc,/dissemin/publicos/SIHSUS/199201_200712/Dados,4182442.0,,2026-09-16T09:42:18.531232+00:00,ok,True
RJ,2006,8,available,RDRJ0608.dbc,/dissemin/publicos/SIHSUS/199201_200712/Dados,4928999.0,,2026-09-16T09:42:18.531232+00:00,ok,True
RJ,2006,9,available,RDRJ0609.dbc,/dissemin/publicos/SIHSUS/199201_200712/Dados,4200545.0,,2026-09-16T09:42:18.531232+00:00,ok,True
RJ,2006,10,available,RDRJ0610.dbc,/dissemin/publicos/SIHSUS/199201_200712/Dados,4313218.0,,2026-09-16T09:42:18.531232+00:00,ok,True
RJ,2006,11,available,RDRJ0611.dbc,/dissemin/publicos/SIHSUS/199201_200712/Dados,4074008.0,,2026-09-16T09:42:18.531232+00:00,ok,True
RJ,2006,12,available,RDRJ0612.dbc,/dissemin/publicos/SIHSUS/199201_200712/Dados,3709053.0,,2026-09-16T09:42:18.531232+00:00,ok,True
RN,2006,1,available,RDRN0601.dbc,/dissemin/publicos/SIHSUS/199201_200712/Dados,574756.0,,2026-09-16T09:42:18.531232+00:00,ok,True
RN,2006,2,available,RDRN0602.dbc,/dissemin/publicos/SIHSUS/199201_200712/Dados,601345.0,,2026-09-16T09:42:18.531232+00:00,ok,True
RN,2006,3,available,RDRN0603.dbc,/dissemin/publicos/SIHSUS/199201_200712/Dados,610271.0,,2026-09-16T09:42:18.531232+00:00,ok,True
RN,2006,4,available,RDRN0604.dbc,/dissemin/publicos/SIHSUS/199201_200712/Dados,844469.0,,2026-09-16T09:42:18.531232+00:00,ok,True
RN,2006,5,available,RDRN0605.dbc,/dissemin/publicos/SIHSUS/199201_200712/Dados,863084.0,,2026-09-16T09:42:18.531232+00:00,ok,True
RN,2006,6,available,RDRN0606.dbc,/dissemin/publicos/SIHSUS/199201_200712/Dados,859303.0,,2026-09-16T09:42:18.531232+00:00,ok,True
RN,2006,7,available,RDRN0607.dbc,/dissemin/publicos/SIHSUS/199201_200712/Dados,866684.0,,2026-09-16T09:42:18.531232+00:00,ok,True
RN,2006,8,available,RDRN0608.dbc,/dissemin/publicos/SIHSUS/199201_200712/Dados,879054.0,,2026-09-16T09:42:18.531232+00:00,ok,True
RN,2006,9,available,RDRN0609.dbc,/dissemin/publicos/SIHSUS/199201_200712/Dados,869057.0,,2026-09-16T09:42:18.531232+00:00,ok,True
RN,2006,10,available,RDRN0610.dbc,/dissemin/publicos/SIHSUS/199201_200712/Dados,890190.0,,2026-09-16T09:42:18.531232+00:00,ok,True
RN,2006,11,available,RDRN0611.dbc,/dissemin/publicos/SIHSUS/199201_200712/Dados,869852.0,,2026-09-16T09:42:18.531232+00:00,ok,True
RN,2006,12,available,RDRN0612.dbc,/dissemin/publicos/SIHSUS/199201_200712/Dados,831053.0,,2026-09-16T09:42:18.531232+00:00,ok,True
RO,2006,1,available,RDRO0601.dbc,/dissemin/publicos/SIHSUS/199201_200712/Dados,244255.0,,2026-09-16T09:42:18.531232+00:00,ok,True
RO,2006,2,available,RDRO0602.dbc,/dissemin/publicos/SIHSUS/199201_200712/Dados,240716.0,,2026-09-16T09:42:18.531232+00:00,ok,True
RO,2006,3,available,RDRO0603.dbc,/dissemin/publicos/SIHSUS/199201_200712/Dados,330725.0,,2026-09-16T09:42:18.531232+00:00,ok,True
RO,2006,4,available,RDRO0604.dbc,/dissemin/publicos/SIHSUS/199201_200712/Dados,410891.0,,2026-09-16T09:42:18.531232+00:00,ok,True
RO,2006,5,available,RDRO0605.dbc,/dissemin/publicos/SIHSUS/199201_200712/Dados,438386.0,,2026-09-16T09:42:18.531232+00:00,ok,True
RO,2006,6,available,RDRO0606.dbc,/dissemin/publicos/SIHSUS/199201_200712/Dados,479820.0,,2026-09-16T09:42:18.531232+00:00,ok,True
RO,2006,7,available,RDRO0607.dbc,/dissemin/publicos/SIHSUS/199201_200712/Dados,438972.0,,2026-09-16T09:42:18.531232+00:00,ok,True
RO,2006,8,available,RDRO0608.dbc,/dissemin/publicos/SIHSUS/199201_200712/Dados,453062.0,,2026-09-16T09:42:18.531232+00:00,ok,True
RO,2006,9,available,RDRO0609.dbc,/dissemin/publicos/SIHSUS/199201_200712/Dados,462866.0,,2026-09-16T09:42:18.531232+00:00,ok,True
RO,2006,10,available,RDRO0610.dbc,/dissemin/publicos/SIHSUS/199201_200712/Dados,394149.0,,2026-09-16T09:42:18.531232+00:00,ok,True
RO,2006,11,available,RDRO0611.dbc,/dissemin/publicos/SIHSUS/199201_200712/Dados,449676.0,,2026-09-16T09:42:18.531232+00:00,ok,True
RO,2006,12,available,RDRO0612.dbc,/dissemin/publicos/SIHSUS/199201_200712/Dados,444515.0,,2026-09-16T09:42:18.531232+00:00,ok,True
RR,2006,1,available,RDRR0601.dbc,/dissemin/publicos/SIHSUS/199201_200712/Dados,58284.0,,2026-09-16T09:42:18.531232+00:00,ok,True
RR,2006,2,available,RDRR0602.dbc,/dissemin/publicos/SIHSUS/199201_200712/Dados,68848.0,,2026-09-16T09:42:18.531232+00:00,ok,True
RR,2006,3,available,RDRR0603.dbc,/dissemin/publicos/SIHSUS/199201_200712/Dados,67483.0,,2026-09-16T09:42:18.531232+00:00,ok,True
RR,2006,4,available,RDRR0604.dbc,/dissemin/publicos/SIHSUS/199201_200712/Dados,99701.0,,2026-09-16T09:42:18.531232+00:00,ok,True
RR,2006,5,available,RDRR0605.dbc,/dissemin/publicos/SIHSUS/199201_200712/Dados,103136.0,,2026-09-16T09:42:18.531232+00:00,ok,True
RR,2006,6,available,RDRR0606.dbc,/dissemin/publicos/SIHSUS/199201_200712/Dados,98324.0,,2026-09-16T09:42:18.531232+00:00,ok,True
RR,2006,7,available,RDRR0607.dbc,/dissemin/publicos/SIHSUS/199201_200712/Dados,94674.0,,2026-09-16T09:42:18.531232+00:00,ok,True
RR,2006,8,available,RDRR0608.dbc,/dissemin/publicos/SIHSUS/199201_200712/Dados,108826.0,,2026-09-16T09:42:18.531232+00:00,ok,True
RR,2006,9,available,RDRR0609.dbc,/dissemin/publicos/SIHSUS/199201_200712/Dados,97873.0,,2026-09-16T09:42:18.531232+00:00,ok,True
RR,2006,10,available,RDRR0610.dbc,/dissemin/publicos/SIHSUS/199201_200712/Dados,108575.0,,2026-09-16T09:42:18.531232+00:00,ok,True
RR,2006,11,available,RDRR0611.dbc,/dissemin/publicos/SIHSUS/199201_200712/Dados,105101.0,,2026-09-16T09:42:18.531232+00:00,ok,True
RR,2006,12,available,RDRR0612.dbc,/dissemin/publicos/SIHSUS/199201_200712/Dados,104865.0,,2026-09-16T09:42:18.531232+00:00,ok,True
RS,2006,1,available,RDRS0601.dbc,/dissemin/publicos/SIHSUS/199201_200712/Dados,3007445.0,,2026-09-16T09:42:18.531232+00:00,ok,True
RS,2006,2,available,RDRS0602.dbc,/dissemin/publicos/SIHSUS/199201_200712/Dados,3035600.0,,2026-09-16T09:42:18.531232+00:00,ok,True
RS,2006,3,available,RDRS0603.dbc,/dissemin/publicos/SIHSUS/199201_200712/Dados,3151802.0,,2026-09-16T09:42:18.531232+00:00,ok,True
RS,2006,4,available,RDRS0604.dbc,/dissemin/publicos/SIHSUS/199201_200712/Dados,4416562.0,,2026-09-16T09:42:18.531232+00:00,ok,True
RS,2006,5,available,RDRS0605.dbc,/dissemin/publicos/SIHSUS/199201_200712/Dados,4568089.0,,2026-09-16T09:42:18.531232+00:00,ok,True
RS,2006,6,available,RDRS0606.dbc,/dissemin/publicos/SIHSUS/199201_200712/Dados,4457035.0,,2026-09-16T09:42:18.531232+00:00,ok,True
RS,2006,7,available,RDRS0607.dbc,/dissemin/publicos/SIHSUS/199201_200712/Dados,4474184.0,,2026-09-16T09:42:18.531232+00:00,ok,True
RS,2006,8,available,RDRS0608.dbc,/dissemin/publicos/SIHSUS/199201_200712/Dados,4663468.0,,2026-09-16T09:42:18.531232+00:00,ok,True
RS,2006,9,available,RDRS0609.dbc,/dissemin/publicos/SIHSUS/199201_200712/Dados,4505356.0,,2026-09-16T09:42:18.531232+00:00,ok,True
RS,2006,10,available,RDRS0610.dbc,/dissemin/publicos/SIHSUS/199201_200712/Dados,4514018.0,,2026-09-16T09:42:18.531232+00:00,ok,True
RS,2006,11,available,RDRS0611.dbc,/dissemin/publicos/SIHSUS/199201_200712/Dados,4505870.0,,2026-09-16T09:42:18.531232+00:00,ok,True
RS,2006,12,available,RDRS0612.dbc,/dissemin/publicos/SIHSUS/199201_200712/Dados,4076418.0,,2026-09-16T09:42:18.531232+00:00,ok,True
SC,2006,1,available,RDSC0601.dbc,/dissemin/publicos/SIHSUS/199201_200712/Dados,1462367.0,,2026-09-16T09:42:18.531232+00:00,ok,True
SC,2006,2,available,RDSC0602.dbc,/dissemin/publicos/SIHSUS/199201_200712/Dados,1542615.0,,2026-09-16T09:42:18.531232+00:00,ok,True
SC,2006,3,available,RDSC0603.dbc,/dissemin/publicos/SIHSUS/199201_200712/Dados,1617958.0,,2026-09-16T09:42:18.531232+00:00,ok,True
SC,2006,4,available,RDSC0604.dbc,/dissemin/publicos/SIHSUS/199201_200712/Dados,2249121.0,,2026-09-16T09:42:18.531232+00:00,ok,True
SC,2006,5,available,RDSC0605.dbc,/dissemin/publicos/SIHSUS/199201_200712/Dados,2247663.0,,2026-09-16T09:42:18.531232+00:00,ok,True
SC,2006,6,available,RDSC0606.dbc,/dissemin/publicos/SIHSUS/199201_200712/Dados,2275768.0,,2026-09-16T09:42:18.531232+00:00,ok,True
SC,2006,7,available,RDSC0607.dbc,/dissemin/publicos/SIHSUS/199201_200712/Dados,2401715.0,,2026-09-16T09:42:18.531232+00:00,ok,True
SC,2006,8,available,RDSC0608.dbc,/dissemin/publicos/SIHSUS/199201_200712/Dados,2400725.0,,2026-09-16T09:42:18.531232+00:00,ok,True
SC,2006,9,available,RDSC0609.dbc,/dissemin/publicos/SIHSUS/199201_200712/Dados,2200048.0,,2026-09-16T09:42:18.531232+00:00,ok,True
SC,2006,10,available,RDSC0610.dbc,/dissemin/publicos/SIHSUS/199201_200712/Dados,2156638.0,,2026-09-16T09:42:18.531232+00:00,ok,True
SC,2006,11,available,RDSC0611.dbc,/dissemin/publicos/SIHSUS/199201_200712/Dados,2239526.0,,2026-09-16T09:42:18.531232+00:00,ok,True
SC,2006,12,available,RDSC0612.dbc,/dissemin/publicos/SIHSUS/199201_200712/Dados,2191402.0,,2026-09-16T09:42:18.531232+00:00,ok,True
SE,2006,1,available,RDSE0601.dbc,/dissemin/publicos/SIHSUS/199201_200712/Dados,345381.0,,2026-09-16T09:42:18.531232+00:00,ok,True
SE,2006,2,available,RDSE0602.dbc,/dissemin/publicos/SIHSUS/199201_200712/Dados,354851.0,,2026-09-16T09:42:18.531232+00:00,ok,True
SE,2006,3,available,RDSE0603.dbc,/dissemin/publicos/SIHSUS/199201_200712/Dados,385074.0,,2026-09-16T09:42:18.531232+00:00,ok,True
SE,2006,4,available,RDSE0604.dbc,/dissemin/publicos/SIHSUS/199201_200712/Dados,602509.0,,2026-09-16T09:42:18.531232+00:00,ok,True
SE,2006,5,available,RDSE0605.dbc,/dissemin/publicos/SIHSUS/199201_200712/Dados,603402.0,,2026-09-16T09:42:18.531232+00:00,ok,True
SE,2006,6,available,RDSE0606.dbc,/dissemin/publicos/SIHSUS/199201_200712/Dados,595619.0,,2026-09-16T09:42:18.531232+00:00,ok,True
SE,2006,7,available,RDSE0607.dbc,/dissemin/publicos/SIHSUS/199201_200712/Dados,558825.0,,2026-09-16T09:42:18.531232+00:00,ok,True
SE,2006,8,available,RDSE0608.dbc,/dissemin/publicos/SIHSUS/199201_200712/Dados,530106.0,,2026-09-16T09:42:18.531232+00:00,ok,True
SE,2006,9,available,RDSE0609.dbc,/dissemin/publicos/SIHSUS/199201_200712/Dados,610999.0,,2026-09-16T09:42:18.531232+00:00,ok,True
SE,2006,10,available,RDSE0610.dbc,/dissemin/publicos/SIHSUS/199201_200712/Dados,594557.0,,2026-09-16T09:42:18.531232+00:00,ok,True
SE,2006,11,available,RDSE0611.dbc,/dissemin/publicos/SIHSUS/199201_200712/Dados,586584.0,,2026-09-16T09:42:18.531232+00:00,ok,True
SE,2006,12,available,RDSE0612.dbc,/dissemin/publicos/SIHSUS/199201_200712/Dados,553982.0,,2026-09-16T09:42:18.531232+00:00,ok,True
SP,2006,1,available,RDSP0601.dbc,/dissemin/publicos/SIHSUS/199201_200712/Dados,8899567.0,,2026-09-16T09:42:18.531232+00:00,ok,True
SP,2006,2,available,RDSP0602.dbc,/dissemin/publicos/SIHSUS/199201_200712/Dados,9120711.0,,2026-09-16T09:42:18.531232+00:00,ok,True
SP,2006,3,available,RDSP0603.dbc,/dissemin/publicos/SIHSUS/199201_200712/Dados,9739256.0,,2026-09-16T09:42:18.531232+00:00,ok,True
SP,2006,4,available,RDSP0604.dbc,/dissemin/publicos/SIHSUS/199201_200712/Dados,13815133.0,,2026-09-16T09:42:18.531232+00:00,ok,True
SP,2006,5,available,RDSP0605.dbc,/dissemin/publicos/SIHSUS/199201_200712/Dados,14436577.0,,2026-09-16T09:42:18.531232+00:00,ok,True
SP,2006,6,available,RDSP0606.dbc,/dissemin/publicos/SIHSUS/199201_200712/Dados,14383185.0,,2026-09-16T09:42:18.531232+00:00,ok,True
SP,2006,7,available,RDSP0607.dbc,/dissemin/publicos/SIHSUS/199201_200712/Dados,14478506.0,,2026-09-16T09:42:18.531232+00:00,ok,True
SP,2006,8,available,RDSP0608.dbc,/dissemin/publicos/SIHSUS/199201_200712/Dados,14459338.0,,2026-09-16T09:42:18.531232+00:00,ok,True
SP,2006,9,available,RDSP0609.dbc,/dissemin/publicos/SIHSUS/199201_200712/Dados,13801764.0,,2026-09-16T09:42:18.531232+00:00,ok,True
SP,2006,10,available,RDSP0610.dbc,/dissemin/publicos/SIHSUS/199201_200712/Dados,14028553.0,,2026-09-16T09:42:18.531232+00:00,ok,True
SP,2006,11,available,RDSP0611.dbc,/dissemin/publicos/SIHSUS/199201_200712/Dados,13810699.0,,2026-09-16T09:42:18.531232+00:00,ok,True
SP,2006,12,available,RDSP0612.dbc,/dissemin/publicos/SIHSUS/199201_200712/Dados,13503118.0,,2026-09-16T09:42:18.531232+00:00,ok,True
TO,2006,1,available,RDTO0601.dbc,/dissemin/publicos/SIHSUS/199201_200712/Dados,406993.0,,2026-09-16T09:42:18.531232+00:00,ok,True
TO,2006,2,available,RDTO0602.dbc,/dissemin/publicos/SIHSUS/199201_200712/Dados,421063.0,,2026-09-16T09:42:18.531232+00:00,ok,True
TO,2006,3,available,RDTO0603.dbc,/dissemin/publicos/SIHSUS/199201_200712/Dados,388811.0,,2026-09-16T09:42:18.531232+00:00,ok,True
TO,2006,4,available,RDTO0604.dbc,/dissemin/publicos/SIHSUS/199201_200712/Dados,567544.0,,2026-09-16T09:42:18.531232+00:00,ok,True
TO,2006,5,available,RDTO0605.dbc,/dissemin/publicos/SIHSUS/199201_200712/Dados,614233.0,,2026-09-16T09:42:18.531232+00:00,ok,True
TO,2006,6,available,RDTO0606.dbc,/dissemin/publicos/SIHSUS/199201_200712/Dados,575865.0,,2026-09-16T09:42:18.531232+00:00,ok,True
TO,2006,7,available,RDTO0607.dbc,/dissemin/publicos/SIHSUS/199201_200712/Dados,567983.0,,2026-09-16T09:42:18.531232+00:00,ok,True
TO,2006,8,available,RDTO0608.dbc,/dissemin/publicos/SIHSUS/199201_200712/Dados,593923.0,,2026-09-16T09:42:18.531232+00:00,ok,True
TO,2006,9,available,RDTO0609.dbc,/dissemin/publicos/SIHSUS/199201_200712/Dados,591383.0,,2026-09-16T09:42:18.531232+00:00,ok,True
TO,2006,10,available,RDTO0610.dbc,/dissemin/publicos/SIHSUS/199201_200712/Dados,551296.0,,2026-09-16T09:42:18.531232+00:00,ok,True
TO,2006,11,available,RDTO0611.dbc,/dissemin/publicos/SIHSUS/199201_200712/Dados,563082.0,,2026-09-16T09:42:18.531232+00:00,ok,True
TO,2006,12,available,RDTO0612.dbc,/dissemin/publicos/SIHSUS/199201_200712/Dados,493041.0,,2026-09-16T09:42:18.531232+00:00,ok,True
AC,2007,1,available,RDAC0701.dbc,/dissemin/publicos/SIHSUS/199201_200712/Dados,219075.0,,2026-09-16T09:42:18.531232+00:00,ok,True
AC,2007,2,available,RDAC0702.dbc,/dissemin/publicos/SIHSUS/199201_200712/Dados,242709.0,,2026-09-16T09:42:18.531232+00:00,ok,True
AC,2007,3,available,RDAC0703.dbc,/dissemin/publicos/SIHSUS/199201_200712/Dados,228359.0,,2026-09-16T09:42:18.531232+00:00,ok,True
AC,2007,4,available,RDAC0704.dbc,/dissemin/publicos/SIHSUS/199201_200712/Dados,235073.0,,2026-09-16T09:42:18.531232+00:00,ok,True
AC,2007,5,available,RDAC0705.dbc,/dissemin/publicos/SIHSUS/199201_200712/Dados,253389.0,,2026-09-16T09:42:18.531232+00:00,ok,True
AC,2007,6,available,RDAC0706.dbc,/dissemin/publicos/SIHSUS/199201_200712/Dados,235330.0,,2026-09-16T09:42:18.531232+00:00,ok,True
AC,2007,7,available,RDAC0707.dbc,/dissemin/publicos/SIHSUS/199201_200712/Dados,214809.0,,2026-09-16T09:42:18.531232+00:00,ok,True
AC,2007,8,available,RDAC0708.dbc,/dissemin/publicos/SIHSUS/199201_200712/Dados,250048.0,,2026-09-16T09:42:18.531232+00:00,ok,True
AC,2007,9,available,RDAC0709.dbc,/dissemin/publicos/SIHSUS/199201_200712/Dados,270072.0,,2026-09-16T09:42:18.531232+00:00,ok,True
AC,2007,10,available,RDAC0710.dbc,/dissemin/publicos/SIHSUS/199201_200712/Dados,281782.0,,2026-09-16T09:42:18.531232+00:00,ok,True
AC,2007,11,available,RDAC0711.dbc,/dissemin/publicos/SIHSUS/199201_200712/Dados,261024.0,,2026-09-16T09:42:18.531232+00:00,ok,True
AC,2007,12,available,RDAC0712.dbc,/dissemin/publicos/SIHSUS/199201_200712/Dados,235268.0,,2026-09-16T09:42:18.531232+00:00,ok,True
AL,2007,1,available,RDAL0701.dbc,/dissemin/publicos/SIHSUS/199201_200712/Dados,969777.0,,2026-09-16T09:42:18.531232+00:00,ok,True
AL,2007,2,available,RDAL0702.dbc,/dissemin/publicos/SIHSUS/199201_200712/Dados,952485.0,,2026-09-16T09:42:18.531232+00:00,ok,True
AL,2007,3,available,RDAL0703.dbc,/dissemin/publicos/SIHSUS/199201_200712/Dados,984650.0,,2026-09-16T09:42:18.531232+00:00,ok,True
AL,2007,4,available,RDAL0704.dbc,/dissemin/publicos/SIHSUS/199201_200712/Dados,1044396.0,,2026-09-16T09:42:18.531232+00:00,ok,True
AL,2007,5,available,RDAL0705.dbc,/dissemin/publicos/SIHSUS/199201_200712/Dados,1043698.0,,2026-09-16T09:42:18.531232+00:00,ok,True
AL,2007,6,available,RDAL0706.dbc,/dissemin/publicos/SIHSUS/199201_200712/Dados,973588.0,,2026-09-16T09:42:18.531232+00:00,ok,True
AL,2007,7,available,RDAL0707.dbc,/dissemin/publicos/SIHSUS/199201_200712/Dados,976270.0,,2026-09-16T09:42:18.531232+00:00,ok,True
AL,2007,8,available,RDAL0708.dbc,/dissemin/publicos/SIHSUS/199201_200712/Dados,982972.0,,2026-09-16T09:42:18.531232+00:00,ok,True
AL,2007,9,available,RDAL0709.dbc,/dissemin/publicos/SIHSUS/199201_200712/Dados,931781.0,,2026-09-16T09:42:18.531232+00:00,ok,True
AL,2007,10,available,RDAL0710.dbc,/dissemin/publicos/SIHSUS/199201_200712/Dados,1010477.0,,2026-09-16T09:42:18.531232+00:00,ok,True
AL,2007,11,available,RDAL0711.dbc,/dissemin/publicos/SIHSUS/199201_200712/Dados,927560.0,,2026-09-16T09:42:18.531232+00:00,ok,True
AL,2007,12,available,RDAL0712.dbc,/dissemin/publicos/SIHSUS/199201_200712/Dados,1258339.0,,2026-09-16T09:42:18.531232+00:00,ok,True
AM,2007,1,available,RDAM0701.dbc,/dissemin/publicos/SIHSUS/199201_200712/Dados,762340.0,,2026-09-16T09:42:18.531232+00:00,ok,True
AM,2007,2,available,RDAM0702.dbc,/dissemin/publicos/SIHSUS/199201_200712/Dados,715009.0,,2026-09-16T09:42:18.531232+00:00,ok,True
AM,2007,3,available,RDAM0703.dbc,/dissemin/publicos/SIHSUS/199201_200712/Dados,830050.0,,2026-09-16T09:42:18.531232+00:00,ok,True
AM,2007,4,available,RDAM0704.dbc,/dissemin/publicos/SIHSUS/199201_200712/Dados,893168.0,,2026-09-16T09:42:18.531232+00:00,ok,True
AM,2007,5,available,RDAM0705.dbc,/dissemin/publicos/SIHSUS/199201_200712/Dados,832863.0,,2026-09-16T09:42:18.531232+00:00,ok,True
AM,2007,6,available,RDAM0706.dbc,/dissemin/publicos/SIHSUS/199201_200712/Dados,860147.0,,2026-09-16T09:42:18.531232+00:00,ok,True
AM,2007,7,available,RDAM0707.dbc,/dissemin/publicos/SIHSUS/199201_200712/Dados,859090.0,,2026-09-16T09:42:18.531232+00:00,ok,True
AM,2007,8,available,RDAM0708.dbc,/dissemin/publicos/SIHSUS/199201_200712/Dados,927116.0,,2026-09-16T09:42:18.531232+00:00,ok,True
AM,2007,9,available,RDAM0709.dbc,/dissemin/publicos/SIHSUS/199201_200712/Dados,849844.0,,2026-09-16T09:42:18.531232+00:00,ok,True
AM,2007,10,available,RDAM0710.dbc,/dissemin/publicos/SIHSUS/199201_200712/Dados,877300.0,,2026-09-16T09:42:18.531232+00:00,ok,True
AM,2007,11,available,RDAM0711.dbc,/dissemin/publicos/SIHSUS/199201_200712/Dados,875388.0,,2026-09-16T09:42:18.531232+00:00,ok,True
AM,2007,12,available,RDAM0712.dbc,/dissemin/publicos/SIHSUS/199201_200712/Dados,949754.0,,2026-09-16T09:42:18.531232+00:00,ok,True
AP,2007,1,available,RDAP0701.dbc,/dissemin/publicos/SIHSUS/199201_200712/Dados,165669.0,,2026-09-16T09:42:18.531232+00:00,ok,True
AP,2007,2,available,RDAP0702.dbc,/dissemin/publicos/SIHSUS/199201_200712/Dados,155945.0,,2026-09-16T09:42:18.531232+00:00,ok,True
AP,2007,3,available,RDAP0703.dbc,/dissemin/publicos/SIHSUS/199201_200712/Dados,189251.0,,2026-09-16T09:42:18.531232+00:00,ok,True
AP,2007,4,available,RDAP0704.dbc,/dissemin/publicos/SIHSUS/199201_200712/Dados,190179.0,,2026-09-16T09:42:18.531232+00:00,ok,True
AP,2007,5,available,RDAP0705.dbc,/dissemin/publicos/SIHSUS/199201_200712/Dados,170390.0,,2026-09-16T09:42:18.531232+00:00,ok,True
AP,2007,6,available,RDAP0706.dbc,/dissemin/publicos/SIHSUS/199201_200712/Dados,181421.0,,2026-09-16T09:42:18.531232+00:00,ok,True
AP,2007,7,available,RDAP0707.dbc,/dissemin/publicos/SIHSUS/199201_200712/Dados,183995.0,,2026-09-16T09:42:18.531232+00:00,ok,True
AP,2007,8,available,RDAP0708.dbc,/dissemin/publicos/SIHSUS/199201_200712/Dados,177085.0,,2026-09-16T09:42:18.531232+00:00,ok,True
AP,2007,9,available,RDAP0709.dbc,/dissemin/publicos/SIHSUS/199201_200712/Dados,170059.0,,2026-09-16T09:42:18.531232+00:00,ok,True
AP,2007,10,not_listed,RDAP0710.dbc,/dissemin/publicos/SIHSUS/199201_200712/Dados,,,2026-09-16T09:42:18.531232+00:00,,False
AP,2007,11,available,RDAP0711.dbc,/dissemin/publicos/SIHSUS/199201_200712/Dados,166931.0,,2026-09-16T09:42:18.531232+00:00,ok,True
AP,2007,12,available,RDAP0712.dbc,/dissemin/publicos/SIHSUS/199201_200712/Dados,142573.0,,2026-09-16T09:42:18.531232+00:00,ok,True
BA,2007,1,available,RDBA0701.dbc,/dissemin/publicos/SIHSUS/199201_200712/Dados,4432065.0,,2026-09-16T09:42:18.531232+00:00,ok,True
BA,2007,2,available,RDBA0702.dbc,/dissemin/publicos/SIHSUS/199201_200712/Dados,4169551.0,,2026-09-16T09:42:18.531232+00:00,ok,True
BA,2007,3,available,RDBA0703.dbc,/dissemin/publicos/SIHSUS/199201_200712/Dados,4740702.0,,2026-09-16T09:42:18.531232+00:00,ok,True
BA,2007,4,available,RDBA0704.dbc,/dissemin/publicos/SIHSUS/199201_200712/Dados,4580941.0,,2026-09-16T09:42:18.531232+00:00,ok,True
BA,2007,5,available,RDBA0705.dbc,/dissemin/publicos/SIHSUS/199201_200712/Dados,4944613.0,,2026-09-16T09:42:18.531232+00:00,ok,True
BA,2007,6,available,RDBA0706.dbc,/dissemin/publicos/SIHSUS/199201_200712/Dados,4658492.0,,2026-09-16T09:42:18.531232+00:00,ok,True
BA,2007,7,available,RDBA0707.dbc,/dissemin/publicos/SIHSUS/199201_200712/Dados,4747033.0,,2026-09-16T09:42:18.531232+00:00,ok,True
BA,2007,8,available,RDBA0708.dbc,/dissemin/publicos/SIHSUS/199201_200712/Dados,4661562.0,,2026-09-16T09:42:18.531232+00:00,ok,True
BA,2007,9,available,RDBA0709.dbc,/dissemin/publicos/SIHSUS/199201_200712/Dados,4498048.0,,2026-09-16T09:42:18.531232+00:00,ok,True
BA,2007,10,available,RDBA0710.dbc,/dissemin/publicos/SIHSUS/199201_200712/Dados,4749837.0,,2026-09-16T09:42:18.531232+00:00,ok,True
BA,2007,11,available,RDBA0711.dbc,/dissemin/publicos/SIHSUS/199201_200712/Dados,4512602.0,,2026-09-16T09:42:18.531232+00:00,ok,True
BA,2007,12,available,RDBA0712.dbc,/dissemin/publicos/SIHSUS/199201_200712/Dados,4640574.0,,2026-09-16T09:42:18.531232+00:00,ok,True
CE,2007,1,available,RDCE0701.dbc,/dissemin/publicos/SIHSUS/199201_200712/Dados,2666766.0,,2026-09-16T09:42:18.531232+00:00,ok,True
CE,2007,2,available,RDCE0702.dbc,/dissemin/publicos/SIHSUS/199201_200712/Dados,2610812.0,,2026-09-16T09:42:18.531232+00:00,ok,True
CE,2007,3,available,RDCE0703.dbc,/dissemin/publicos/SIHSUS/199201_200712/Dados,2814738.0,,2026-09-16T09:42:18.531232+00:00,ok,True
CE,2007,4,available,RDCE0704.dbc,/dissemin/publicos/SIHSUS/199201_200712/Dados,2790693.0,,2026-09-16T09:42:18.531232+00:00,ok,True
CE,2007,5,available,RDCE0705.dbc,/dissemin/publicos/SIHSUS/199201_200712/Dados,2878954.0,,2026-09-16T09:42:18.531232+00:00,ok,True
CE,2007,6,available,RDCE0706.dbc,/dissemin/publicos/SIHSUS/199201_200712/Dados,2953923.0,,2026-09-16T09:42:18.531232+00:00,ok,True
CE,2007,7,available,RDCE0707.dbc,/dissemin/publicos/SIHSUS/199201_200712/Dados,2873148.0,,2026-09-16T09:42:18.531232+00:00,ok,True
CE,2007,8,available,RDCE0708.dbc,/dissemin/publicos/SIHSUS/199201_200712/Dados,2805115.0,,2026-09-16T09:42:18.531232+00:00,ok,True
CE,2007,9,available,RDCE0709.dbc,/dissemin/publicos/SIHSUS/199201_200712/Dados,2780202.0,,2026-09-16T09:42:18.531232+00:00,ok,True
CE,2007,10,available,RDCE0710.dbc,/dissemin/publicos/SIHSUS/199201_200712/Dados,2751151.0,,2026-09-16T09:42:18.531232+00:00,ok,True
CE,2007,11,available,RDCE0711.dbc,/dissemin/publicos/SIHSUS/199201_200712/Dados,2639011.0,,2026-09-16T09:42:18.531232+00:00,ok,True
CE,2007,12,available,RDCE0712.dbc,/dissemin/publicos/SIHSUS/199201_200712/Dados,3216956.0,,2026-09-16T09:42:18.531232+00:00,ok,True
DF,2007,1,available,RDDF0701.dbc,/dissemin/publicos/SIHSUS/199201_200712/Dados,1048249.0,,2026-09-16T09:42:18.531232+00:00,ok,True
DF,2007,2,available,RDDF0702.dbc,/dissemin/publicos/SIHSUS/199201_200712/Dados,906350.0,,2026-09-16T09:42:18.531232+00:00,ok,True
DF,2007,3,available,RDDF0703.dbc,/dissemin/publicos/SIHSUS/199201_200712/Dados,1062092.0,,2026-09-16T09:42:18.531232+00:00,ok,True
DF,2007,4,available,RDDF0704.dbc,/dissemin/publicos/SIHSUS/199201_200712/Dados,1031475.0,,2026-09-16T09:42:18.531232+00:00,ok,True
DF,2007,5,available,RDDF0705.dbc,/dissemin/publicos/SIHSUS/199201_200712/Dados,1053513.0,,2026-09-16T09:42:18.531232+00:00,ok,True
DF,2007,6,available,RDDF0706.dbc,/dissemin/publicos/SIHSUS/199201_200712/Dados,1050082.0,,2026-09-16T09:42:18.531232+00:00,ok,True
DF,2007,7,available,RDDF0707.dbc,/dissemin/publicos/SIHSUS/199201_200712/Dados,1094250.0,,2026-09-16T09:42:18.531232+00:00,ok,True
DF,2007,8,available,RDDF0708.dbc,/dissemin/publicos/SIHSUS/199201_200712/Dados,1095267.0,,2026-09-16T09:42:18.531232+00:00,ok,True
DF,2007,9,available,RDDF0709.dbc,/dissemin/publicos/SIHSUS/199201_200712/Dados,1063696.0,,2026-09-16T09:42:18.531232+00:00,ok,True
DF,2007,10,available,RDDF0710.dbc,/dissemin/publicos/SIHSUS/199201_200712/Dados,1046482.0,,2026-09-16T09:42:18.531232+00:00,ok,True
DF,2007,11,available,RDDF0711.dbc,/dissemin/publicos/SIHSUS/199201_200712/Dados,1028566.0,,2026-09-16T09:42:18.531232+00:00,ok,True
DF,2007,12,available,RDDF0712.dbc,/dissemin/publicos/SIHSUS/199201_200712/Dados,960400.0,,2026-09-16T09:42:18.531232+00:00,ok,True
ES,2007,1,available,RDES0701.dbc,/dissemin/publicos/SIHSUS/199201_200712/Dados,1002076.0,,2026-09-16T09:42:18.531232+00:00,ok,True
ES,2007,2,available,RDES0702.dbc,/dissemin/publicos/SIHSUS/199201_200712/Dados,1010555.0,,2026-09-16T09:42:18.531232+00:00,ok,True
ES,2007,3,available,RDES0703.dbc,/dissemin/publicos/SIHSUS/199201_200712/Dados,1052396.0,,2026-09-16T09:42:18.531232+00:00,ok,True
ES,2007,4,available,RDES0704.dbc,/dissemin/publicos/SIHSUS/199201_200712/Dados,1116024.0,,2026-09-16T09:42:18.531232+00:00,ok,True
ES,2007,5,available,RDES0705.dbc,/dissemin/publicos/SIHSUS/199201_200712/Dados,1134878.0,,2026-09-16T09:42:18.531232+00:00,ok,True
ES,2007,6,available,RDES0706.dbc,/dissemin/publicos/SIHSUS/199201_200712/Dados,1090653.0,,2026-09-16T09:42:18.531232+00:00,ok,True
ES,2007,7,available,RDES0707.dbc,/dissemin/publicos/SIHSUS/199201_200712/Dados,1126645.0,,2026-09-16T09:42:18.531232+00:00,ok,True
ES,2007,8,available,RDES0708.dbc,/dissemin/publicos/SIHSUS/199201_200712/Dados,1247096.0,,2026-09-16T09:42:18.531232+00:00,ok,True
ES,2007,9,available,RDES0709.dbc,/dissemin/publicos/SIHSUS/199201_200712/Dados,1199544.0,,2026-09-16T09:42:18.531232+00:00,ok,True
ES,2007,10,available,RDES0710.dbc,/dissemin/publicos/SIHSUS/199201_200712/Dados,1185938.0,,2026-09-16T09:42:18.531232+00:00,ok,True
ES,2007,11,available,RDES0711.dbc,/dissemin/publicos/SIHSUS/199201_200712/Dados,1159274.0,,2026-09-16T09:42:18.531232+00:00,ok,True
ES,2007,12,available,RDES0712.dbc,/dissemin/publicos/SIHSUS/199201_200712/Dados,1292270.0,,2026-09-16T09:42:18.531232+00:00,ok,True
GO,2007,1,available,RDGO0701.dbc,/dissemin/publicos/SIHSUS/199201_200712/Dados,1963106.0,,2026-09-16T09:42:18.531232+00:00,ok,True
GO,2007,2,available,RDGO0702.dbc,/dissemin/publicos/SIHSUS/199201_200712/Dados,1947859.0,,2026-09-16T09:42:18.531232+00:00,ok,True
GO,2007,3,available,RDGO0703.dbc,/dissemin/publicos/SIHSUS/199201_200712/Dados,1935052.0,,2026-09-16T09:42:18.531232+00:00,ok,True
GO,2007,4,available,RDGO0704.dbc,/dissemin/publicos/SIHSUS/199201_200712/Dados,2015392.0,,2026-09-16T09:42:18.531232+00:00,ok,True
GO,2007,5,available,RDGO0705.dbc,/dissemin/publicos/SIHSUS/199201_200712/Dados,2005091.0,,2026-09-16T09:42:18.531232+00:00,ok,True
GO,2007,6,available,RDGO0706.dbc,/dissemin/publicos/SIHSUS/199201_200712/Dados,1970005.0,,2026-09-16T09:42:18.531232+00:00,ok,True
GO,2007,7,available,RDGO0707.dbc,/dissemin/publicos/SIHSUS/199201_200712/Dados,1890884.0,,2026-09-16T09:42:18.531232+00:00,ok,True
GO,2007,8,available,RDGO0708.dbc,/dissemin/publicos/SIHSUS/199201_200712/Dados,1959451.0,,2026-09-16T09:42:18.531232+00:00,ok,True
GO,2007,9,available,RDGO0709.dbc,/dissemin/publicos/SIHSUS/199201_200712/Dados,1963856.0,,2026-09-16T09:42:18.531232+00:00,ok,True
GO,2007,10,available,RDGO0710.dbc,/dissemin/publicos/SIHSUS/199201_200712/Dados,1986573.0,,2026-09-16T09:42:18.531232+00:00,ok,True
GO,2007,11,available,RDGO0711.dbc,/dissemin/publicos/SIHSUS/199201_200712/Dados,1918578.0,,2026-09-16T09:42:18.531232+00:00,ok,True
GO,2007,12,available,RDGO0712.dbc,/dissemin/publicos/SIHSUS/199201_200712/Dados,1961865.0,,2026-09-16T09:42:18.531232+00:00,ok,True
MA,2007,1,available,RDMA0701.dbc,/dissemin/publicos/SIHSUS/199201_200712/Dados,1553974.0,,2026-09-16T09:42:18.531232+00:00,ok,True
MA,2007,2,available,RDMA0702.dbc,/dissemin/publicos/SIHSUS/199201_200712/Dados,1521848.0,,2026-09-16T09:42:18.531232+00:00,ok,True
MA,2007,3,available,RDMA0703.dbc,/dissemin/publicos/SIHSUS/199201_200712/Dados,1527260.0,,2026-09-16T09:42:18.531232+00:00,ok,True
MA,2007,4,available,RDMA0704.dbc,/dissemin/publicos/SIHSUS/199201_200712/Dados,1595333.0,,2026-09-16T09:42:18.531232+00:00,ok,True
MA,2007,5,available,RDMA0705.dbc,/dissemin/publicos/SIHSUS/199201_200712/Dados,1676829.0,,2026-09-16T09:42:18.531232+00:00,ok,True
MA,2007,6,available,RDMA0706.dbc,/dissemin/publicos/SIHSUS/199201_200712/Dados,1550837.0,,2026-09-16T09:42:18.531232+00:00,ok,True
MA,2007,7,available,RDMA0707.dbc,/dissemin/publicos/SIHSUS/199201_200712/Dados,1622295.0,,2026-09-16T09:42:18.531232+00:00,ok,True
MA,2007,8,available,RDMA0708.dbc,/dissemin/publicos/SIHSUS/199201_200712/Dados,1502787.0,,2026-09-16T09:42:18.531232+00:00,ok,True
MA,2007,9,available,RDMA0709.dbc,/dissemin/publicos/SIHSUS/199201_200712/Dados,1483155.0,,2026-09-16T09:42:18.531232+00:00,ok,True
MA,2007,10,available,RDMA0710.dbc,/dissemin/publicos/SIHSUS/199201_200712/Dados,1559841.0,,2026-09-16T09:42:18.531232+00:00,ok,True
MA,2007,11,available,RDMA0711.dbc,/dissemin/publicos/SIHSUS/199201_200712/Dados,1526070.0,,2026-09-16T09:42:18.531232+00:00,ok,True
MA,2007,12,available,RDMA0712.dbc,/dissemin/publicos/SIHSUS/199201_200712/Dados,1543682.0,,2026-09-16T09:42:18.531232+00:00,ok,True
MG,2007,1,available,RDMG0701.dbc,/dissemin/publicos/SIHSUS/199201_200712/Dados,6718672.0,,2026-09-16T09:42:18.531232+00:00,ok,True
MG,2007,2,available,RDMG0702.dbc,/dissemin/publicos/SIHSUS/199201_200712/Dados,6313882.0,,2026-09-16T09:42:18.531232+00:00,ok,True
MG,2007,3,available,RDMG0703.dbc,/dissemin/publicos/SIHSUS/199201_200712/Dados,6842892.0,,2026-09-16T09:42:18.531232+00:00,ok,True
MG,2007,4,available,RDMG0704.dbc,/dissemin/publicos/SIHSUS/199201_200712/Dados,6825924.0,,2026-09-16T09:42:18.531232+00:00,ok,True
MG,2007,5,available,RDMG0705.dbc,/dissemin/publicos/SIHSUS/199201_200712/Dados,7011767.0,,2026-09-16T09:42:18.531232+00:00,ok,True
MG,2007,6,available,RDMG0706.dbc,/dissemin/publicos/SIHSUS/199201_200712/Dados,6680741.0,,2026-09-16T09:42:18.531232+00:00,ok,True
MG,2007,7,available,RDMG0707.dbc,/dissemin/publicos/SIHSUS/199201_200712/Dados,6825317.0,,2026-09-16T09:42:18.531232+00:00,ok,True
MG,2007,8,available,RDMG0708.dbc,/dissemin/publicos/SIHSUS/199201_200712/Dados,6836321.0,,2026-09-16T09:42:18.531232+00:00,ok,True
MG,2007,9,available,RDMG0709.dbc,/dissemin/publicos/SIHSUS/199201_200712/Dados,6711458.0,,2026-09-16T09:42:18.531232+00:00,ok,True
MG,2007,10,available,RDMG0710.dbc,/dissemin/publicos/SIHSUS/199201_200712/Dados,6757573.0,,2026-09-16T09:42:18.531232+00:00,ok,True
MG,2007,11,available,RDMG0711.dbc,/dissemin/publicos/SIHSUS/199201_200712/Dados,6696916.0,,2026-09-16T09:42:18.531232+00:00,ok,True
MG,2007,12,available,RDMG0712.dbc,/dissemin/publicos/SIHSUS/199201_200712/Dados,7103213.0,,2026-09-16T09:42:18.531232+00:00,ok,True
MS,2007,1,available,RDMS0701.dbc,/dissemin/publicos/SIHSUS/199201_200712/Dados,901908.0,,2026-09-16T09:42:18.531232+00:00,ok,True
MS,2007,2,available,RDMS0702.dbc,/dissemin/publicos/SIHSUS/199201_200712/Dados,918254.0,,2026-09-16T09:42:18.531232+00:00,ok,True
MS,2007,3,available,RDMS0703.dbc,/dissemin/publicos/SIHSUS/199201_200712/Dados,979002.0,,2026-09-16T09:42:18.531232+00:00,ok,True
MS,2007,4,available,RDMS0704.dbc,/dissemin/publicos/SIHSUS/199201_200712/Dados,895164.0,,2026-09-16T09:42:18.531232+00:00,ok,True
MS,2007,5,available,RDMS0705.dbc,/dissemin/publicos/SIHSUS/199201_200712/Dados,904792.0,,2026-09-16T09:42:18.531232+00:00,ok,True
MS,2007,6,available,RDMS0706.dbc,/dissemin/publicos/SIHSUS/199201_200712/Dados,975625.0,,2026-09-16T09:42:18.531232+00:00,ok,True
MS,2007,7,available,RDMS0707.dbc,/dissemin/publicos/SIHSUS/199201_200712/Dados,945818.0,,2026-09-16T09:42:18.531232+00:00,ok,True
MS,2007,8,available,RDMS0708.dbc,/dissemin/publicos/SIHSUS/199201_200712/Dados,901490.0,,2026-09-16T09:42:18.531232+00:00,ok,True
MS,2007,9,available,RDMS0709.dbc,/dissemin/publicos/SIHSUS/199201_200712/Dados,893607.0,,2026-09-16T09:42:18.531232+00:00,ok,True
MS,2007,10,available,RDMS0710.dbc,/dissemin/publicos/SIHSUS/199201_200712/Dados,879018.0,,2026-09-16T09:42:18.531232+00:00,ok,True
MS,2007,11,available,RDMS0711.dbc,/dissemin/publicos/SIHSUS/199201_200712/Dados,854873.0,,2026-09-16T09:42:18.531232+00:00,ok,True
MS,2007,12,available,RDMS0712.dbc,/dissemin/publicos/SIHSUS/199201_200712/Dados,914698.0,,2026-09-16T09:42:18.531232+00:00,ok,True
MT,2007,1,available,RDMT0701.dbc,/dissemin/publicos/SIHSUS/199201_200712/Dados,888593.0,,2026-09-16T09:42:18.531232+00:00,ok,True
MT,2007,2,available,RDMT0702.dbc,/dissemin/publicos/SIHSUS/199201_200712/Dados,953853.0,,2026-09-16T09:42:18.531232+00:00,ok,True
MT,2007,3,available,RDMT0703.dbc,/dissemin/publicos/SIHSUS/199201_200712/Dados,1017307.0,,2026-09-16T09:42:18.531232+00:00,ok,True
MT,2007,4,available,RDMT0704.dbc,/dissemin/publicos/SIHSUS/199201_200712/Dados,990394.0,,2026-09-16T09:42:18.531232+00:00,ok,True
MT,2007,5,available,RDMT0705.dbc,/dissemin/publicos/SIHSUS/199201_200712/Dados,972756.0,,2026-09-16T09:42:18.531232+00:00,ok,True
MT,2007,6,available,RDMT0706.dbc,/dissemin/publicos/SIHSUS/199201_200712/Dados,1050170.0,,2026-09-16T09:42:18.531232+00:00,ok,True
MT,2007,7,available,RDMT0707.dbc,/dissemin/publicos/SIHSUS/199201_200712/Dados,1054067.0,,2026-09-16T09:42:18.531232+00:00,ok,True
MT,2007,8,available,RDMT0708.dbc,/dissemin/publicos/SIHSUS/199201_200712/Dados,948055.0,,2026-09-16T09:42:18.531232+00:00,ok,True
MT,2007,9,available,RDMT0709.dbc,/dissemin/publicos/SIHSUS/199201_200712/Dados,997031.0,,2026-09-16T09:42:18.531232+00:00,ok,True
MT,2007,10,available,RDMT0710.dbc,/dissemin/publicos/SIHSUS/199201_200712/Dados,980357.0,,2026-09-16T09:42:18.531232+00:00,ok,True
MT,2007,11,available,RDMT0711.dbc,/dissemin/publicos/SIHSUS/199201_200712/Dados,970116.0,,2026-09-16T09:42:18.531232+00:00,ok,True
MT,2007,12,available,RDMT0712.dbc,/dissemin/publicos/SIHSUS/199201_200712/Dados,1012541.0,,2026-09-16T09:42:18.531232+00:00,ok,True
PA,2007,1,available,RDPA0701.dbc,/dissemin/publicos/SIHSUS/199201_200712/Dados,2453891.0,,2026-09-16T09:42:18.531232+00:00,ok,True
PA,2007,2,available,RDPA0702.dbc,/dissemin/publicos/SIHSUS/199201_200712/Dados,2434278.0,,2026-09-16T09:42:18.531232+00:00,ok,True
PA,2007,3,available,RDPA0703.dbc,/dissemin/publicos/SIHSUS/199201_200712/Dados,2533724.0,,2026-09-16T09:42:18.531232+00:00,ok,True
PA,2007,4,available,RDPA0704.dbc,/dissemin/publicos/SIHSUS/199201_200712/Dados,2607609.0,,2026-09-16T09:42:18.531232+00:00,ok,True
PA,2007,5,available,RDPA0705.dbc,/dissemin/publicos/SIHSUS/199201_200712/Dados,2537282.0,,2026-09-16T09:42:18.531232+00:00,ok,True
PA,2007,6,available,RDPA0706.dbc,/dissemin/publicos/SIHSUS/199201_200712/Dados,2583595.0,,2026-09-16T09:42:18.531232+00:00,ok,True
PA,2007,7,available,RDPA0707.dbc,/dissemin/publicos/SIHSUS/199201_200712/Dados,2477314.0,,2026-09-16T09:42:18.531232+00:00,ok,True
PA,2007,8,available,RDPA0708.dbc,/dissemin/publicos/SIHSUS/199201_200712/Dados,2549567.0,,2026-09-16T09:42:18.531232+00:00,ok,True
PA,2007,9,available,RDPA0709.dbc,/dissemin/publicos/SIHSUS/199201_200712/Dados,2565180.0,,2026-09-16T09:42:18.531232+00:00,ok,True
PA,2007,10,available,RDPA0710.dbc,/dissemin/publicos/SIHSUS/199201_200712/Dados,2570684.0,,2026-09-16T09:42:18.531232+00:00,ok,True
PA,2007,11,available,RDPA0711.dbc,/dissemin/publicos/SIHSUS/199201_200712/Dados,2381177.0,,2026-09-16T09:42:18.531232+00:00,ok,True
PA,2007,12,available,RDPA0712.dbc,/dissemin/publicos/SIHSUS/199201_200712/Dados,2296198.0,,2026-09-16T09:42:18.531232+00:00,ok,True
PB,2007,1,available,RDPB0701.dbc,/dissemin/publicos/SIHSUS/199201_200712/Dados,1172166.0,,2026-09-16T09:42:18.531232+00:00,ok,True
PB,2007,2,available,RDPB0702.dbc,/dissemin/publicos/SIHSUS/199201_200712/Dados,1187674.0,,2026-09-16T09:42:18.531232+00:00,ok,True
PB,2007,3,available,RDPB0703.dbc,/dissemin/publicos/SIHSUS/199201_200712/Dados,1264249.0,,2026-09-16T09:42:18.531232+00:00,ok,True
PB,2007,4,available,RDPB0704.dbc,/dissemin/publicos/SIHSUS/199201_200712/Dados,1244431.0,,2026-09-16T09:42:18.531232+00:00,ok,True
PB,2007,5,available,RDPB0705.dbc,/dissemin/publicos/SIHSUS/199201_200712/Dados,1263409.0,,2026-09-16T09:42:18.531232+00:00,ok,True
PB,2007,6,available,RDPB0706.dbc,/dissemin/publicos/SIHSUS/199201_200712/Dados,1247171.0,,2026-09-16T09:42:18.531232+00:00,ok,True
PB,2007,7,available,RDPB0707.dbc,/dissemin/publicos/SIHSUS/199201_200712/Dados,1236138.0,,2026-09-16T09:42:18.531232+00:00,ok,True
PB,2007,8,available,RDPB0708.dbc,/dissemin/publicos/SIHSUS/199201_200712/Dados,1236903.0,,2026-09-16T09:42:18.531232+00:00,ok,True
PB,2007,9,available,RDPB0709.dbc,/dissemin/publicos/SIHSUS/199201_200712/Dados,1187677.0,,2026-09-16T09:42:18.531232+00:00,ok,True
PB,2007,10,available,RDPB0710.dbc,/dissemin/publicos/SIHSUS/199201_200712/Dados,1243202.0,,2026-09-16T09:42:18.531232+00:00,ok,True
PB,2007,11,available,RDPB0711.dbc,/dissemin/publicos/SIHSUS/199201_200712/Dados,1184375.0,,2026-09-16T09:42:18.531232+00:00,ok,True
PB,2007,12,available,RDPB0712.dbc,/dissemin/publicos/SIHSUS/199201_200712/Dados,1246255.0,,2026-09-16T09:42:18.531232+00:00,ok,True
PE,2007,1,available,RDPE0701.dbc,/dissemin/publicos/SIHSUS/199201_200712/Dados,2599376.0,,2026-09-16T09:42:18.531232+00:00,ok,True
PE,2007,2,available,RDPE0702.dbc,/dissemin/publicos/SIHSUS/199201_200712/Dados,2573986.0,,2026-09-16T09:42:18.531232+00:00,ok,True
PE,2007,3,available,RDPE0703.dbc,/dissemin/publicos/SIHSUS/199201_200712/Dados,2798237.0,,2026-09-16T09:42:18.531232+00:00,ok,True
PE,2007,4,available,RDPE0704.dbc,/dissemin/publicos/SIHSUS/199201_200712/Dados,2883518.0,,2026-09-16T09:42:18.531232+00:00,ok,True
PE,2007,5,available,RDPE0705.dbc,/dissemin/publicos/SIHSUS/199201_200712/Dados,2938572.0,,2026-09-16T09:42:18.531232+00:00,ok,True
PE,2007,6,available,RDPE0706.dbc,/dissemin/publicos/SIHSUS/199201_200712/Dados,2984601.0,,2026-09-16T09:42:18.531232+00:00,ok,True
PE,2007,7,available,RDPE0707.dbc,/dissemin/publicos/SIHSUS/199201_200712/Dados,2875622.0,,2026-09-16T09:42:18.531232+00:00,ok,True
PE,2007,8,available,RDPE0708.dbc,/dissemin/publicos/SIHSUS/199201_200712/Dados,2925225.0,,2026-09-16T09:42:18.531232+00:00,ok,True
PE,2007,9,available,RDPE0709.dbc,/dissemin/publicos/SIHSUS/199201_200712/Dados,2966994.0,,2026-09-16T09:42:18.531232+00:00,ok,True
PE,2007,10,available,RDPE0710.dbc,/dissemin/publicos/SIHSUS/199201_200712/Dados,3015004.0,,2026-09-16T09:42:18.531232+00:00,ok,True
PE,2007,11,available,RDPE0711.dbc,/dissemin/publicos/SIHSUS/199201_200712/Dados,2819470.0,,2026-09-16T09:42:18.531232+00:00,ok,True
PE,2007,12,available,RDPE0712.dbc,/dissemin/publicos/SIHSUS/199201_200712/Dados,2863735.0,,2026-09-16T09:42:18.531232+00:00,ok,True
PI,2007,1,available,RDPI0701.dbc,/dissemin/publicos/SIHSUS/199201_200712/Dados,1148140.0,,2026-09-16T09:42:18.531232+00:00,ok,True
PI,2007,2,available,RDPI0702.dbc,/dissemin/publicos/SIHSUS/199201_200712/Dados,1075596.0,,2026-09-16T09:42:18.531232+00:00,ok,True
PI,2007,3,available,RDPI0703.dbc,/dissemin/publicos/SIHSUS/199201_200712/Dados,1187900.0,,2026-09-16T09:42:18.531232+00:00,ok,True
PI,2007,4,available,RDPI0704.dbc,/dissemin/publicos/SIHSUS/199201_200712/Dados,1176851.0,,2026-09-16T09:42:18.531232+00:00,ok,True
PI,2007,5,available,RDPI0705.dbc,/dissemin/publicos/SIHSUS/199201_200712/Dados,1168530.0,,2026-09-16T09:42:18.531232+00:00,ok,True
PI,2007,6,available,RDPI0706.dbc,/dissemin/publicos/SIHSUS/199201_200712/Dados,1151110.0,,2026-09-16T09:42:18.531232+00:00,ok,True
PI,2007,7,available,RDPI0707.dbc,/dissemin/publicos/SIHSUS/199201_200712/Dados,1147812.0,,2026-09-16T09:42:18.531232+00:00,ok,True
PI,2007,8,available,RDPI0708.dbc,/dissemin/publicos/SIHSUS/199201_200712/Dados,1148891.0,,2026-09-16T09:42:18.531232+00:00,ok,True
PI,2007,9,available,RDPI0709.dbc,/dissemin/publicos/SIHSUS/199201_200712/Dados,1183897.0,,2026-09-16T09:42:18.531232+00:00,ok,True
PI,2007,10,available,RDPI0710.dbc,/dissemin/publicos/SIHSUS/199201_200712/Dados,1160540.0,,2026-09-16T09:42:18.531232+00:00,ok,True
PI,2007,11,available,RDPI0711.dbc,/dissemin/publicos/SIHSUS/199201_200712/Dados,1121758.0,,2026-09-16T09:42:18.531232+00:00,ok,True
PI,2007,12,available,RDPI0712.dbc,/dissemin/publicos/SIHSUS/199201_200712/Dados,1102887.0,,2026-09-16T09:42:18.531232+00:00,ok,True
PR,2007,1,available,RDPR0701.dbc,/dissemin/publicos/SIHSUS/199201_200712/Dados,4130163.0,,2026-09-16T09:42:18.531232+00:00,ok,True
PR,2007,2,available,RDPR0702.dbc,/dissemin/publicos/SIHSUS/199201_200712/Dados,4103281.0,,2026-09-16T09:42:18.531232+00:00,ok,True
PR,2007,3,available,RDPR0703.dbc,/dissemin/publicos/SIHSUS/199201_200712/Dados,4288087.0,,2026-09-16T09:42:18.531232+00:00,ok,True
PR,2007,4,available,RDPR0704.dbc,/dissemin/publicos/SIHSUS/199201_200712/Dados,4294578.0,,2026-09-16T09:42:18.531232+00:00,ok,True
PR,2007,5,available,RDPR0705.dbc,/dissemin/publicos/SIHSUS/199201_200712/Dados,4298367.0,,2026-09-16T09:42:18.531232+00:00,ok,True
PR,2007,6,available,RDPR0706.dbc,/dissemin/publicos/SIHSUS/199201_200712/Dados,4158262.0,,2026-09-16T09:42:18.531232+00:00,ok,True
PR,2007,7,available,RDPR0707.dbc,/dissemin/publicos/SIHSUS/199201_200712/Dados,4270087.0,,2026-09-16T09:42:18.531232+00:00,ok,True
PR,2007,8,available,RDPR0708.dbc,/dissemin/publicos/SIHSUS/199201_200712/Dados,4302605.0,,2026-09-16T09:42:18.531232+00:00,ok,True
PR,2007,9,available,RDPR0709.dbc,/dissemin/publicos/SIHSUS/199201_200712/Dados,4291844.0,,2026-09-16T09:42:18.531232+00:00,ok,True
PR,2007,10,available,RDPR0710.dbc,/dissemin/publicos/SIHSUS/199201_200712/Dados,4406858.0,,2026-09-16T09:42:18.531232+00:00,ok,True
PR,2007,11,available,RDPR0711.dbc,/dissemin/publicos/SIHSUS/199201_200712/Dados,4132222.0,,2026-09-16T09:42:18.531232+00:00,ok,True
PR,2007,12,available,RDPR0712.dbc,/dissemin/publicos/SIHSUS/199201_200712/Dados,4063426.0,,2026-09-16T09:42:18.531232+00:00,ok,True
RJ,2007,1,available,RDRJ0701.dbc,/dissemin/publicos/SIHSUS/199201_200712/Dados,3877458.0,,2026-09-16T09:42:18.531232+00:00,ok,True
RJ,2007,2,available,RDRJ0702.dbc,/dissemin/publicos/SIHSUS/199201_200712/Dados,3924283.0,,2026-09-16T09:42:18.531232+00:00,ok,True
RJ,2007,3,available,RDRJ0703.dbc,/dissemin/publicos/SIHSUS/199201_200712/Dados,4283120.0,,2026-09-16T09:42:18.531232+00:00,ok,True
RJ,2007,4,available,RDRJ0704.dbc,/dissemin/publicos/SIHSUS/199201_200712/Dados,4331791.0,,2026-09-16T09:42:18.531232+00:00,ok,True
RJ,2007,5,available,RDRJ0705.dbc,/dissemin/publicos/SIHSUS/199201_200712/Dados,4561826.0,,2026-09-16T09:42:18.531232+00:00,ok,True
RJ,2007,6,available,RDRJ0706.dbc,/dissemin/publicos/SIHSUS/199201_200712/Dados,4350401.0,,2026-09-16T09:42:18.531232+00:00,ok,True
RJ,2007,7,available,RDRJ0707.dbc,/dissemin/publicos/SIHSUS/199201_200712/Dados,4255506.0,,2026-09-16T09:42:18.531232+00:00,ok,True
RJ,2007,8,available,RDRJ0708.dbc,/dissemin/publicos/SIHSUS/199201_200712/Dados,4577426.0,,2026-09-16T09:42:18.531232+00:00,ok,True
RJ,2007,9,available,RDRJ0709.dbc,/dissemin/publicos/SIHSUS/199201_200712/Dados,4516925.0,,2026-09-16T09:42:18.531232+00:00,ok,True
RJ,2007,10,available,RDRJ0710.dbc,/dissemin/publicos/SIHSUS/199201_200712/Dados,4428629.0,,2026-09-16T09:42:18.531232+00:00,ok,True
RJ,2007,11,available,RDRJ0711.dbc,/dissemin/publicos/SIHSUS/199201_200712/Dados,4073136.0,,2026-09-16T09:42:18.531232+00:00,ok,True
RJ,2007,12,available,RDRJ0712.dbc,/dissemin/publicos/SIHSUS/199201_200712/Dados,4160412.0,,2026-09-16T09:42:18.531232+00:00,ok,True
RN,2007,1,available,RDRN0701.dbc,/dissemin/publicos/SIHSUS/199201_200712/Dados,808800.0,,2026-09-16T09:42:18.531232+00:00,ok,True
RN,2007,2,available,RDRN0702.dbc,/dissemin/publicos/SIHSUS/199201_200712/Dados,754280.0,,2026-09-16T09:42:18.531232+00:00,ok,True
RN,2007,3,available,RDRN0703.dbc,/dissemin/publicos/SIHSUS/199201_200712/Dados,828582.0,,2026-09-16T09:42:18.531232+00:00,ok,True
RN,2007,4,available,RDRN0704.dbc,/dissemin/publicos/SIHSUS/199201_200712/Dados,854446.0,,2026-09-16T09:42:18.531232+00:00,ok,True
RN,2007,5,available,RDRN0705.dbc,/dissemin/publicos/SIHSUS/199201_200712/Dados,873511.0,,2026-09-16T09:42:18.531232+00:00,ok,True
RN,2007,6,available,RDRN0706.dbc,/dissemin/publicos/SIHSUS/199201_200712/Dados,830411.0,,2026-09-16T09:42:18.531232+00:00,ok,True
RN,2007,7,available,RDRN0707.dbc,/dissemin/publicos/SIHSUS/199201_200712/Dados,849295.0,,2026-09-16T09:42:18.531232+00:00,ok,True
RN,2007,8,available,RDRN0708.dbc,/dissemin/publicos/SIHSUS/199201_200712/Dados,867274.0,,2026-09-16T09:42:18.531232+00:00,ok,True
RN,2007,9,available,RDRN0709.dbc,/dissemin/publicos/SIHSUS/199201_200712/Dados,636797.0,,2026-09-16T09:42:18.531232+00:00,ok,True
RN,2007,10,available,RDRN0710.dbc,/dissemin/publicos/SIHSUS/199201_200712/Dados,869092.0,,2026-09-16T09:42:18.531232+00:00,ok,True
RN,2007,11,available,RDRN0711.dbc,/dissemin/publicos/SIHSUS/199201_200712/Dados,795819.0,,2026-09-16T09:42:18.531232+00:00,ok,True
RN,2007,12,available,RDRN0712.dbc,/dissemin/publicos/SIHSUS/199201_200712/Dados,878770.0,,2026-09-16T09:42:18.531232+00:00,ok,True
RO,2007,1,available,RDRO0701.dbc,/dissemin/publicos/SIHSUS/199201_200712/Dados,424456.0,,2026-09-16T09:42:18.531232+00:00,ok,True
RO,2007,2,available,RDRO0702.dbc,/dissemin/publicos/SIHSUS/199201_200712/Dados,452689.0,,2026-09-16T09:42:18.531232+00:00,ok,True
RO,2007,3,available,RDRO0703.dbc,/dissemin/publicos/SIHSUS/199201_200712/Dados,450818.0,,2026-09-16T09:42:18.531232+00:00,ok,True
RO,2007,4,available,RDRO0704.dbc,/dissemin/publicos/SIHSUS/199201_200712/Dados,454259.0,,2026-09-16T09:42:18.531232+00:00,ok,True
RO,2007,5,available,RDRO0705.dbc,/dissemin/publicos/SIHSUS/199201_200712/Dados,465769.0,,2026-09-16T09:42:18.531232+00:00,ok,True
RO,2007,6,available,RDRO0706.dbc,/dissemin/publicos/SIHSUS/199201_200712/Dados,460351.0,,2026-09-16T09:42:18.531232+00:00,ok,True
RO,2007,7,available,RDRO0707.dbc,/dissemin/publicos/SIHSUS/199201_200712/Dados,426005.0,,2026-09-16T09:42:18.531232+00:00,ok,True
RO,2007,8,available,RDRO0708.dbc,/dissemin/publicos/SIHSUS/199201_200712/Dados,466736.0,,2026-09-16T09:42:18.531232+00:00,ok,True
RO,2007,9,available,RDRO0709.dbc,/dissemin/publicos/SIHSUS/199201_200712/Dados,436402.0,,2026-09-16T09:42:18.531232+00:00,ok,True
RO,2007,10,available,RDRO0710.dbc,/dissemin/publicos/SIHSUS/199201_200712/Dados,450157.0,,2026-09-16T09:42:18.531232+00:00,ok,True
RO,2007,11,available,RDRO0711.dbc,/dissemin/publicos/SIHSUS/199201_200712/Dados,442166.0,,2026-09-16T09:42:18.531232+00:00,ok,True
RO,2007,12,available,RDRO0712.dbc,/dissemin/publicos/SIHSUS/199201_200712/Dados,395361.0,,2026-09-16T09:42:18.531232+00:00,ok,True
RR,2007,1,available,RDRR0701.dbc,/dissemin/publicos/SIHSUS/199201_200712/Dados,93165.0,,2026-09-16T09:42:18.531232+00:00,ok,True
RR,2007,2,available,RDRR0702.dbc,/dissemin/publicos/SIHSUS/199201_200712/Dados,99366.0,,2026-09-16T09:42:18.531232+00:00,ok,True
RR,2007,3,available,RDRR0703.dbc,/dissemin/publicos/SIHSUS/199201_200712/Dados,95338.0,,2026-09-16T09:42:18.531232+00:00,ok,True
RR,2007,4,available,RDRR0704.dbc,/dissemin/publicos/SIHSUS/199201_200712/Dados,106194.0,,2026-09-16T09:42:18.531232+00:00,ok,True
RR,2007,5,available,RDRR0705.dbc,/dissemin/publicos/SIHSUS/199201_200712/Dados,106009.0,,2026-09-16T09:42:18.531232+00:00,ok,True
RR,2007,6,available,RDRR0706.dbc,/dissemin/publicos/SIHSUS/199201_200712/Dados,104724.0,,2026-09-16T09:42:18.531232+00:00,ok,True
RR,2007,7,available,RDRR0707.dbc,/dissemin/publicos/SIHSUS/199201_200712/Dados,94574.0,,2026-09-16T09:42:18.531232+00:00,ok,True
RR,2007,8,available,RDRR0708.dbc,/dissemin/publicos/SIHSUS/199201_200712/Dados,88328.0,,2026-09-16T09:42:18.531232+00:00,ok,True
RR,2007,9,available,RDRR0709.dbc,/dissemin/publicos/SIHSUS/199201_200712/Dados,120721.0,,2026-09-16T09:42:18.531232+00:00,ok,True
RR,2007,10,available,RDRR0710.dbc,/dissemin/publicos/SIHSUS/199201_200712/Dados,100164.0,,2026-09-16T09:42:18.531232+00:00,ok,True
RR,2007,11,available,RDRR0711.dbc,/dissemin/publicos/SIHSUS/199201_200712/Dados,107251.0,,2026-09-16T09:42:18.531232+00:00,ok,True
RR,2007,12,available,RDRR0712.dbc,/dissemin/publicos/SIHSUS/199201_200712/Dados,93077.0,,2026-09-16T09:42:18.531232+00:00,ok,True
RS,2007,1,available,RDRS0701.dbc,/dissemin/publicos/SIHSUS/199201_200712/Dados,4350726.0,,2026-09-16T09:42:18.531232+00:00,ok,True
RS,2007,2,available,RDRS0702.dbc,/dissemin/publicos/SIHSUS/199201_200712/Dados,3989280.0,,2026-09-16T09:42:18.531232+00:00,ok,True
RS,2007,3,available,RDRS0703.dbc,/dissemin/publicos/SIHSUS/199201_200712/Dados,4413483.0,,2026-09-16T09:42:18.531232+00:00,ok,True
RS,2007,4,available,RDRS0704.dbc,/dissemin/publicos/SIHSUS/199201_200712/Dados,4341141.0,,2026-09-16T09:42:18.531232+00:00,ok,True
RS,2007,5,available,RDRS0705.dbc,/dissemin/publicos/SIHSUS/199201_200712/Dados,4516537.0,,2026-09-16T09:42:18.531232+00:00,ok,True
RS,2007,6,available,RDRS0706.dbc,/dissemin/publicos/SIHSUS/199201_200712/Dados,4379791.0,,2026-09-16T09:42:18.531232+00:00,ok,True
RS,2007,7,available,RDRS0707.dbc,/dissemin/publicos/SIHSUS/199201_200712/Dados,4343189.0,,2026-09-16T09:42:18.531232+00:00,ok,True
RS,2007,8,available,RDRS0708.dbc,/dissemin/publicos/SIHSUS/199201_200712/Dados,4578829.0,,2026-09-16T09:42:18.531232+00:00,ok,True
RS,2007,9,available,RDRS0709.dbc,/dissemin/publicos/SIHSUS/199201_200712/Dados,4315308.0,,2026-09-16T09:42:18.531232+00:00,ok,True
RS,2007,10,available,RDRS0710.dbc,/dissemin/publicos/SIHSUS/199201_200712/Dados,4330367.0,,2026-09-16T09:42:18.531232+00:00,ok,True
RS,2007,11,available,RDRS0711.dbc,/dissemin/publicos/SIHSUS/199201_200712/Dados,4338104.0,,2026-09-16T09:42:18.531232+00:00,ok,True
RS,2007,12,available,RDRS0712.dbc,/dissemin/publicos/SIHSUS/199201_200712/Dados,4278664.0,,2026-09-16T09:42:18.531232+00:00,ok,True
SC,2007,1,available,RDSC0701.dbc,/dissemin/publicos/SIHSUS/199201_200712/Dados,2105741.0,,2026-09-16T09:42:18.531232+00:00,ok,True
SC,2007,2,available,RDSC0702.dbc,/dissemin/publicos/SIHSUS/199201_200712/Dados,2036270.0,,2026-09-16T09:42:18.531232+00:00,ok,True
SC,2007,3,available,RDSC0703.dbc,/dissemin/publicos/SIHSUS/199201_200712/Dados,2221762.0,,2026-09-16T09:42:18.531232+00:00,ok,True
SC,2007,4,available,RDSC0704.dbc,/dissemin/publicos/SIHSUS/199201_200712/Dados,2290627.0,,2026-09-16T09:42:18.531232+00:00,ok,True
SC,2007,5,available,RDSC0705.dbc,/dissemin/publicos/SIHSUS/199201_200712/Dados,2293922.0,,2026-09-16T09:42:18.531232+00:00,ok,True
SC,2007,6,available,RDSC0706.dbc,/dissemin/publicos/SIHSUS/199201_200712/Dados,2168753.0,,2026-09-16T09:42:18.531232+00:00,ok,True
SC,2007,7,available,RDSC0707.dbc,/dissemin/publicos/SIHSUS/199201_200712/Dados,2204371.0,,2026-09-16T09:42:18.531232+00:00,ok,True
SC,2007,8,available,RDSC0708.dbc,/dissemin/publicos/SIHSUS/199201_200712/Dados,2218802.0,,2026-09-16T09:42:18.531232+00:00,ok,True
SC,2007,9,available,RDSC0709.dbc,/dissemin/publicos/SIHSUS/199201_200712/Dados,2113135.0,,2026-09-16T09:42:18.531232+00:00,ok,True
SC,2007,10,available,RDSC0710.dbc,/dissemin/publicos/SIHSUS/199201_200712/Dados,2220755.0,,2026-09-16T09:42:18.531232+00:00,ok,True
SC,2007,11,available,RDSC0711.dbc,/dissemin/publicos/SIHSUS/199201_200712/Dados,2173921.0,,2026-09-16T09:42:18.531232+00:00,ok,True
SC,2007,12,available,RDSC0712.dbc,/dissemin/publicos/SIHSUS/199201_200712/Dados,2370361.0,,2026-09-16T09:42:18.531232+00:00,ok,True
SE,2007,1,available,RDSE0701.dbc,/dissemin/publicos/SIHSUS/199201_200712/Dados,590773.0,,2026-09-16T09:42:18.531232+00:00,ok,True
SE,2007,2,available,RDSE0702.dbc,/dissemin/publicos/SIHSUS/199201_200712/Dados,537983.0,,2026-09-16T09:42:18.531232+00:00,ok,True
SE,2007,3,available,RDSE0703.dbc,/dissemin/publicos/SIHSUS/199201_200712/Dados,571576.0,,2026-09-16T09:42:18.531232+00:00,ok,True
SE,2007,4,available,RDSE0704.dbc,/dissemin/publicos/SIHSUS/199201_200712/Dados,578354.0,,2026-09-16T09:42:18.531232+00:00,ok,True
SE,2007,5,available,RDSE0705.dbc,/dissemin/publicos/SIHSUS/199201_200712/Dados,574799.0,,2026-09-16T09:42:18.531232+00:00,ok,True
SE,2007,6,available,RDSE0706.dbc,/dissemin/publicos/SIHSUS/199201_200712/Dados,534084.0,,2026-09-16T09:42:18.531232+00:00,ok,True
SE,2007,7,available,RDSE0707.dbc,/dissemin/publicos/SIHSUS/199201_200712/Dados,619826.0,,2026-09-16T09:42:18.531232+00:00,ok,True
SE,2007,8,available,RDSE0708.dbc,/dissemin/publicos/SIHSUS/199201_200712/Dados,592382.0,,2026-09-16T09:42:18.531232+00:00,ok,True
SE,2007,9,available,RDSE0709.dbc,/dissemin/publicos/SIHSUS/199201_200712/Dados,577653.0,,2026-09-16T09:42:18.531232+00:00,ok,True
SE,2007,10,available,RDSE0710.dbc,/dissemin/publicos/SIHSUS/199201_200712/Dados,590128.0,,2026-09-16T09:42:18.531232+00:00,ok,True
SE,2007,11,available,RDSE0711.dbc,/dissemin/publicos/SIHSUS/199201_200712/Dados,533201.0,,2026-09-16T09:42:18.531232+00:00,ok,True
SE,2007,12,available,RDSE0712.dbc,/dissemin/publicos/SIHSUS/199201_200712/Dados,515846.0,,2026-09-16T09:42:18.531232+00:00,ok,True
SP,2007,1,available,RDSP0701.dbc,/dissemin/publicos/SIHSUS/199201_200712/Dados,13589922.0,,2026-09-16T09:42:18.531232+00:00,ok,True
SP,2007,2,available,RDSP0702.dbc,/dissemin/publicos/SIHSUS/199201_200712/Dados,13290135.0,,2026-09-16T09:42:18.531232+00:00,ok,True
SP,2007,3,available,RDSP0703.dbc,/dissemin/publicos/SIHSUS/199201_200712/Dados,14484337.0,,2026-09-16T09:42:18.531232+00:00,ok,True
SP,2007,4,available,RDSP0704.dbc,/dissemin/publicos/SIHSUS/199201_200712/Dados,14140029.0,,2026-09-16T09:42:18.531232+00:00,ok,True
SP,2007,5,available,RDSP0705.dbc,/dissemin/publicos/SIHSUS/199201_200712/Dados,14829948.0,,2026-09-16T09:42:18.531232+00:00,ok,True
SP,2007,6,available,RDSP0706.dbc,/dissemin/publicos/SIHSUS/199201_200712/Dados,13975624.0,,2026-09-16T09:42:18.531232+00:00,ok,True
SP,2007,7,available,RDSP0707.dbc,/dissemin/publicos/SIHSUS/199201_200712/Dados,14312551.0,,2026-09-16T09:42:18.531232+00:00,ok,True
SP,2007,8,available,RDSP0708.dbc,/dissemin/publicos/SIHSUS/199201_200712/Dados,14765103.0,,2026-09-16T09:42:18.531232+00:00,ok,True
SP,2007,9,available,RDSP0709.dbc,/dissemin/publicos/SIHSUS/199201_200712/Dados,14386718.0,,2026-09-16T09:42:18.531232+00:00,ok,True
SP,2007,10,available,RDSP0710.dbc,/dissemin/publicos/SIHSUS/199201_200712/Dados,14317730.0,,2026-09-16T09:42:18.531232+00:00,ok,True
SP,2007,11,available,RDSP0711.dbc,/dissemin/publicos/SIHSUS/199201_200712/Dados,13996232.0,,2026-09-16T09:42:18.531232+00:00,ok,True
SP,2007,12,available,RDSP0712.dbc,/dissemin/publicos/SIHSUS/199201_200712/Dados,15129589.0,,2026-09-16T09:42:18.531232+00:00,ok,True
TO,2007,1,available,RDTO0701.dbc,/dissemin/publicos/SIHSUS/199201_200712/Dados,478261.0,,2026-09-16T09:42:18.531232+00:00,ok,True
TO,2007,2,available,RDTO0702.dbc,/dissemin/publicos/SIHSUS/199201_200712/Dados,466643.0,,2026-09-16T09:42:18.531232+00:00,ok,True
TO,2007,3,available,RDTO0703.dbc,/dissemin/publicos/SIHSUS/199201_200712/Dados,503140.0,,2026-09-16T09:42:18.531232+00:00,ok,True
TO,2007,4,available,RDTO0704.dbc,/dissemin/publicos/SIHSUS/199201_200712/Dados,536755.0,,2026-09-16T09:42:18.531232+00:00,ok,True
TO,2007,5,available,RDTO0705.dbc,/dissemin/publicos/SIHSUS/199201_200712/Dados,591342.0,,2026-09-16T09:42:18.531232+00:00,ok,True
TO,2007,6,available,RDTO0706.dbc,/dissemin/publicos/SIHSUS/199201_200712/Dados,606892.0,,2026-09-16T09:42:18.531232+00:00,ok,True
TO,2007,7,available,RDTO0707.dbc,/dissemin/publicos/SIHSUS/199201_200712/Dados,522614.0,,2026-09-16T09:42:18.531232+00:00,ok,True
TO,2007,8,available,RDTO0708.dbc,/dissemin/publicos/SIHSUS/199201_200712/Dados,565524.0,,2026-09-16T09:42:18.531232+00:00,ok,True
TO,2007,9,available,RDTO0709.dbc,/dissemin/publicos/SIHSUS/199201_200712/Dados,532592.0,,2026-09-16T09:42:18.531232+00:00,ok,True
TO,2007,10,available,RDTO0710.dbc,/dissemin/publicos/SIHSUS/199201_200712/Dados,539462.0,,2026-09-16T09:42:18.531232+00:00,ok,True
TO,2007,11,available,RDTO0711.dbc,/dissemin/publicos/SIHSUS/199201_200712/Dados,565964.0,,2026-09-16T09:42:18.531232+00:00,ok,True
TO,2007,12,available,RDTO0712.dbc,/dissemin/publicos/SIHSUS/199201_200712/Dados,543425.0,,2026-09-16T09:42:18.531232+00:00,ok,True
AC,2008,1,available,RDAC0801.dbc,/dissemin/publicos/SIHSUS/200801_/Dados,114153.0,,2026-09-16T09:42:18.531232+00:00,ok,True
AC,2008,2,available,RDAC0802.dbc,/dissemin/publicos/SIHSUS/200801_/Dados,196880.0,,2026-09-16T09:42:18.531232+00:00,ok,True
AC,2008,3,available,RDAC0803.dbc,/dissemin/publicos/SIHSUS/200801_/Dados,237897.0,,2026-09-16T09:42:18.531232+00:00,ok,True
AC,2008,4,available,RDAC0804.dbc,/dissemin/publicos/SIHSUS/200801_/Dados,240471.0,,2026-09-16T09:42:18.531232+00:00,ok,True
AC,2008,5,available,RDAC0805.dbc,/dissemin/publicos/SIHSUS/200801_/Dados,233251.0,,2026-09-16T09:42:18.531232+00:00,ok,True
AC,2008,6,available,RDAC0806.dbc,/dissemin/publicos/SIHSUS/200801_/Dados,246534.0,,2026-09-16T09:42:18.531232+00:00,ok,True
AC,2008,7,available,RDAC0807.dbc,/dissemin/publicos/SIHSUS/200801_/Dados,305332.0,,2026-09-16T09:42:18.531232+00:00,ok,True
AC,2008,8,available,RDAC0808.dbc,/dissemin/publicos/SIHSUS/200801_/Dados,271594.0,,2026-09-16T09:42:18.531232+00:00,ok,True
AC,2008,9,available,RDAC0809.dbc,/dissemin/publicos/SIHSUS/200801_/Dados,288309.0,,2026-09-16T09:42:18.531232+00:00,ok,True
AC,2008,10,available,RDAC0810.dbc,/dissemin/publicos/SIHSUS/200801_/Dados,259103.0,,2026-09-16T09:42:18.531232+00:00,ok,True
AC,2008,11,available,RDAC0811.dbc,/dissemin/publicos/SIHSUS/200801_/Dados,251587.0,,2026-09-16T09:42:18.531232+00:00,ok,True
AC,2008,12,available,RDAC0812.dbc,/dissemin/publicos/SIHSUS/200801_/Dados,260523.0,,2026-09-16T09:42:18.531232+00:00,ok,True
AL,2008,1,available,RDAL0801.dbc,/dissemin/publicos/SIHSUS/200801_/Dados,649292.0,,2026-09-16T09:42:18.531232+00:00,ok,True
AL,2008,2,available,RDAL0802.dbc,/dissemin/publicos/SIHSUS/200801_/Dados,888336.0,,2026-09-16T09:42:18.531232+00:00,ok,True
AL,2008,3,available,RDAL0803.dbc,/dissemin/publicos/SIHSUS/200801_/Dados,865276.0,,2026-09-16T09:42:18.531232+00:00,ok,True
AL,2008,4,available,RDAL0804.dbc,/dissemin/publicos/SIHSUS/200801_/Dados,962224.0,,2026-09-16T09:42:18.531232+00:00,ok,True
AL,2008,5,available,RDAL0805.dbc,/dissemin/publicos/SIHSUS/200801_/Dados,936386.0,,2026-09-16T09:42:18.531232+00:00,ok,True
AL,2008,6,available,RDAL0806.dbc,/dissemin/publicos/SIHSUS/200801_/Dados,981035.0,,2026-09-16T09:42:18.531232+00:00,ok,True
AL,2008,7,available,RDAL0807.dbc,/dissemin/publicos/SIHSUS/200801_/Dados,953950.0,,2026-09-16T09:42:18.531232+00:00,ok,True
AL,2008,8,available,RDAL0808.dbc,/dissemin/publicos/SIHSUS/200801_/Dados,916585.0,,2026-09-16T09:42:18.531232+00:00,ok,True
AL,2008,9,available,RDAL0809.dbc,/dissemin/publicos/SIHSUS/200801_/Dados,933910.0,,2026-09-16T09:42:18.531232+00:00,ok,True
AL,2008,10,available,RDAL0810.dbc,/dissemin/publicos/SIHSUS/200801_/Dados,949072.0,,2026-09-16T09:42:18.531232+00:00,ok,True
AL,2008,11,available,RDAL0811.dbc,/dissemin/publicos/SIHSUS/200801_/Dados,880174.0,,2026-09-16T09:42:18.531232+00:00,ok,True
AL,2008,12,available,RDAL0812.dbc,/dissemin/publicos/SIHSUS/200801_/Dados,805959.0,,2026-09-16T09:42:18.531232+00:00,ok,True
AM,2008,1,available,RDAM0801.dbc,/dissemin/publicos/SIHSUS/200801_/Dados,507103.0,,2026-09-16T09:42:18.531232+00:00,ok,True
AM,2008,2,available,RDAM0802.dbc,/dissemin/publicos/SIHSUS/200801_/Dados,747571.0,,2026-09-16T09:42:18.531232+00:00,ok,True
AM,2008,3,available,RDAM0803.dbc,/dissemin/publicos/SIHSUS/200801_/Dados,871321.0,,2026-09-16T09:42:18.531232+00:00,ok,True
AM,2008,4,available,RDAM0804.dbc,/dissemin/publicos/SIHSUS/200801_/Dados,857942.0,,2026-09-16T09:42:18.531232+00:00,ok,True
AM,2008,5,available,RDAM0805.dbc,/dissemin/publicos/SIHSUS/200801_/Dados,759217.0,,2026-09-16T09:42:18.531232+00:00,ok,True
AM,2008,6,available,RDAM0806.dbc,/dissemin/publicos/SIHSUS/200801_/Dados,841689.0,,2026-09-16T09:42:18.531232+00:00,ok,True
AM,2008,7,available,RDAM0807.dbc,/dissemin/publicos/SIHSUS/200801_/Dados,891116.0,,2026-09-16T09:42:18.531232+00:00,ok,True
AM,2008,8,available,RDAM0808.dbc,/dissemin/publicos/SIHSUS/200801_/Dados,922836.0,,2026-09-16T09:42:18.531232+00:00,ok,True
AM,2008,9,available,RDAM0809.dbc,/dissemin/publicos/SIHSUS/200801_/Dados,877123.0,,2026-09-16T09:42:18.531232+00:00,ok,True
AM,2008,10,available,RDAM0810.dbc,/dissemin/publicos/SIHSUS/200801_/Dados,867278.0,,2026-09-16T09:42:18.531232+00:00,ok,True
AM,2008,11,available,RDAM0811.dbc,/dissemin/publicos/SIHSUS/200801_/Dados,730734.0,,2026-09-16T09:42:18.531232+00:00,ok,True
AM,2008,12,available,RDAM0812.dbc,/dissemin/publicos/SIHSUS/200801_/Dados,699196.0,,2026-09-16T09:42:18.531232+00:00,ok,True
AP,2008,1,available,RDAP0801.dbc,/dissemin/publicos/SIHSUS/200801_/Dados,138343.0,,2026-09-16T09:42:18.531232+00:00,ok,True
AP,2008,2,available,RDAP0802.dbc,/dissemin/publicos/SIHSUS/200801_/Dados,168097.0,,2026-09-16T09:42:18.531232+00:00,ok,True
AP,2008,3,available,RDAP0803.dbc,/dissemin/publicos/SIHSUS/200801_/Dados,131414.0,,2026-09-16T09:42:18.531232+00:00,ok,True
AP,2008,4,available,RDAP0804.dbc,/dissemin/publicos/SIHSUS/200801_/Dados,135466.0,,2026-09-16T09:42:18.531232+00:00,ok,True
AP,2008,5,available,RDAP0805.dbc,/dissemin/publicos/SIHSUS/200801_/Dados,99399.0,,2026-09-16T09:42:18.531232+00:00,ok,True
AP,2008,6,available,RDAP0806.dbc,/dissemin/publicos/SIHSUS/200801_/Dados,154641.0,,2026-09-16T09:42:18.531232+00:00,ok,True
AP,2008,7,available,RDAP0807.dbc,/dissemin/publicos/SIHSUS/200801_/Dados,161198.0,,2026-09-16T09:42:18.531232+00:00,ok,True
AP,2008,8,available,RDAP0808.dbc,/dissemin/publicos/SIHSUS/200801_/Dados,167593.0,,2026-09-16T09:42:18.531232+00:00,ok,True
AP,2008,9,available,RDAP0809.dbc,/dissemin/publicos/SIHSUS/200801_/Dados,194929.0,,2026-09-16T09:42:18.531232+00:00,ok,True
AP,2008,10,available,RDAP0810.dbc,/dissemin/publicos/SIHSUS/200801_/Dados,212864.0,,2026-09-16T09:42:18.531232+00:00,ok,True
AP,2008,11,available,RDAP0811.dbc,/dissemin/publicos/SIHSUS/200801_/Dados,170580.0,,2026-09-16T09:42:18.531232+00:00,ok,True
AP,2008,12,available,RDAP0812.dbc,/dissemin/publicos/SIHSUS/200801_/Dados,176800.0,,2026-09-16T09:42:18.531232+00:00,ok,True
BA,2008,1,available,RDBA0801.dbc,/dissemin/publicos/SIHSUS/200801_/Dados,2442824.0,,2026-09-16T09:42:18.531232+00:00,ok,True
BA,2008,2,available,RDBA0802.dbc,/dissemin/publicos/SIHSUS/200801_/Dados,3249003.0,,2026-09-16T09:42:18.531232+00:00,ok,True
BA,2008,3,available,RDBA0803.dbc,/dissemin/publicos/SIHSUS/200801_/Dados,3695866.0,,2026-09-16T09:42:18.531232+00:00,ok,True
BA,2008,4,available,RDBA0804.dbc,/dissemin/publicos/SIHSUS/200801_/Dados,4522660.0,,2026-09-16T09:42:18.531232+00:00,ok,True
BA,2008,5,available,RDBA0805.dbc,/dissemin/publicos/SIHSUS/200801_/Dados,4853044.0,,2026-09-16T09:42:18.531232+00:00,ok,True
BA,2008,6,available,RDBA0806.dbc,/dissemin/publicos/SIHSUS/200801_/Dados,5179295.0,,2026-09-16T09:42:18.531232+00:00,ok,True
BA,2008,7,available,RDBA0807.dbc,/dissemin/publicos/SIHSUS/200801_/Dados,4930923.0,,2026-09-16T09:42:18.531232+00:00,ok,True
BA,2008,8,available,RDBA0808.dbc,/dissemin/publicos/SIHSUS/200801_/Dados,4819036.0,,2026-09-16T09:42:18.531232+00:00,ok,True
BA,2008,9,available,RDBA0809.dbc,/dissemin/publicos/SIHSUS/200801_/Dados,4825352.0,,2026-09-16T09:42:18.531232+00:00,ok,True
BA,2008,10,available,RDBA0810.dbc,/dissemin/publicos/SIHSUS/200801_/Dados,4708847.0,,2026-09-16T09:42:18.531232+00:00,ok,True
BA,2008,11,available,RDBA0811.dbc,/dissemin/publicos/SIHSUS/200801_/Dados,4016514.0,,2026-09-16T09:42:18.531232+00:00,ok,True
BA,2008,12,available,RDBA0812.dbc,/dissemin/publicos/SIHSUS/200801_/Dados,3994609.0,,2026-09-16T09:42:18.531232+00:00,ok,True
CE,2008,1,available,RDCE0801.dbc,/dissemin/publicos/SIHSUS/200801_/Dados,1717859.0,,2026-09-16T09:42:18.531232+00:00,ok,True
CE,2008,2,available,RDCE0802.dbc,/dissemin/publicos/SIHSUS/200801_/Dados,2419066.0,,2026-09-16T09:42:18.531232+00:00,ok,True
CE,2008,3,available,RDCE0803.dbc,/dissemin/publicos/SIHSUS/200801_/Dados,2584670.0,,2026-09-16T09:42:18.531232+00:00,ok,True
CE,2008,4,available,RDCE0804.dbc,/dissemin/publicos/SIHSUS/200801_/Dados,2737406.0,,2026-09-16T09:42:18.531232+00:00,ok,True
CE,2008,5,available,RDCE0805.dbc,/dissemin/publicos/SIHSUS/200801_/Dados,2725206.0,,2026-09-16T09:42:18.531232+00:00,ok,True
CE,2008,6,available,RDCE0806.dbc,/dissemin/publicos/SIHSUS/200801_/Dados,2713298.0,,2026-09-16T09:42:18.531232+00:00,ok,True
CE,2008,7,available,RDCE0807.dbc,/dissemin/publicos/SIHSUS/200801_/Dados,2689722.0,,2026-09-16T09:42:18.531232+00:00,ok,True
CE,2008,8,available,RDCE0808.dbc,/dissemin/publicos/SIHSUS/200801_/Dados,2558201.0,,2026-09-16T09:42:18.531232+00:00,ok,True
CE,2008,9,available,RDCE0809.dbc,/dissemin/publicos/SIHSUS/200801_/Dados,2642254.0,,2026-09-16T09:42:18.531232+00:00,ok,True
CE,2008,10,available,RDCE0810.dbc,/dissemin/publicos/SIHSUS/200801_/Dados,2463972.0,,2026-09-16T09:42:18.531232+00:00,ok,True
CE,2008,11,available,RDCE0811.dbc,/dissemin/publicos/SIHSUS/200801_/Dados,2116122.0,,2026-09-16T09:42:18.531232+00:00,ok,True
CE,2008,12,available,RDCE0812.dbc,/dissemin/publicos/SIHSUS/200801_/Dados,2382546.0,,2026-09-16T09:42:18.531232+00:00,ok,True
DF,2008,1,available,RDDF0801.dbc,/dissemin/publicos/SIHSUS/200801_/Dados,463062.0,,2026-09-16T09:42:18.531232+00:00,ok,True
DF,2008,2,available,RDDF0802.dbc,/dissemin/publicos/SIHSUS/200801_/Dados,791308.0,,2026-09-16T09:42:18.531232+00:00,ok,True
DF,2008,3,available,RDDF0803.dbc,/dissemin/publicos/SIHSUS/200801_/Dados,939556.0,,2026-09-16T09:42:18.531232+00:00,ok,True
DF,2008,4,available,RDDF0804.dbc,/dissemin/publicos/SIHSUS/200801_/Dados,953232.0,,2026-09-16T09:42:18.531232+00:00,ok,True
DF,2008,5,available,RDDF0805.dbc,/dissemin/publicos/SIHSUS/200801_/Dados,1088038.0,,2026-09-16T09:42:18.531232+00:00,ok,True
DF,2008,6,available,RDDF0806.dbc,/dissemin/publicos/SIHSUS/200801_/Dados,1157261.0,,2026-09-16T09:42:18.531232+00:00,ok,True
DF,2008,7,available,RDDF0807.dbc,/dissemin/publicos/SIHSUS/200801_/Dados,1140589.0,,2026-09-16T09:42:18.531232+00:00,ok,True
DF,2008,8,available,RDDF0808.dbc,/dissemin/publicos/SIHSUS/200801_/Dados,1240396.0,,2026-09-16T09:42:18.531232+00:00,ok,True
DF,2008,9,available,RDDF0809.dbc,/dissemin/publicos/SIHSUS/200801_/Dados,1092633.0,,2026-09-16T09:42:18.531232+00:00,ok,True
DF,2008,10,available,RDDF0810.dbc,/dissemin/publicos/SIHSUS/200801_/Dados,1301064.0,,2026-09-16T09:42:18.531232+00:00,ok,True
DF,2008,11,available,RDDF0811.dbc,/dissemin/publicos/SIHSUS/200801_/Dados,994207.0,,2026-09-16T09:42:18.531232+00:00,ok,True
DF,2008,12,available,RDDF0812.dbc,/dissemin/publicos/SIHSUS/200801_/Dados,1066333.0,,2026-09-16T09:42:18.531232+00:00,ok,True
ES,2008,1,available,RDES0801.dbc,/dissemin/publicos/SIHSUS/200801_/Dados,599540.0,,2026-09-16T09:42:18.531232+00:00,ok,True
ES,2008,2,available,RDES0802.dbc,/dissemin/publicos/SIHSUS/200801_/Dados,904640.0,,2026-09-16T09:42:18.531232+00:00,ok,True
ES,2008,3,available,RDES0803.dbc,/dissemin/publicos/SIHSUS/200801_/Dados,1021684.0,,2026-09-16T09:42:18.531232+00:00,ok,True
ES,2008,4,available,RDES0804.dbc,/dissemin/publicos/SIHSUS/200801_/Dados,1027177.0,,2026-09-16T09:42:18.531232+00:00,ok,True
ES,2008,5,available,RDES0805.dbc,/dissemin/publicos/SIHSUS/200801_/Dados,949075.0,,2026-09-16T09:42:18.531232+00:00,ok,True
ES,2008,6,available,RDES0806.dbc,/dissemin/publicos/SIHSUS/200801_/Dados,1099875.0,,2026-09-16T09:42:18.531232+00:00,ok,True
ES,2008,7,available,RDES0807.dbc,/dissemin/publicos/SIHSUS/200801_/Dados,1173430.0,,2026-09-16T09:42:18.531232+00:00,ok,True
ES,2008,8,available,RDES0808.dbc,/dissemin/publicos/SIHSUS/200801_/Dados,1101040.0,,2026-09-16T09:42:18.531232+00:00,ok,True
ES,2008,9,available,RDES0809.dbc,/dissemin/publicos/SIHSUS/200801_/Dados,1143535.0,,2026-09-16T09:42:18.531232+00:00,ok,True
ES,2008,10,available,RDES0810.dbc,/dissemin/publicos/SIHSUS/200801_/Dados,1162353.0,,2026-09-16T09:42:18.531232+00:00,ok,True
ES,2008,11,available,RDES0811.dbc,/dissemin/publicos/SIHSUS/200801_/Dados,1108487.0,,2026-09-16T09:42:18.531232+00:00,ok,True
ES,2008,12,available,RDES0812.dbc,/dissemin/publicos/SIHSUS/200801_/Dados,1004581.0,,2026-09-16T09:42:18.531232+00:00,ok,True
GO,2008,1,available,RDGO0801.dbc,/dissemin/publicos/SIHSUS/200801_/Dados,1565822.0,,2026-09-16T09:42:18.531232+00:00,ok,True
GO,2008,2,available,RDGO0802.dbc,/dissemin/publicos/SIHSUS/200801_/Dados,2316153.0,,2026-09-16T09:42:18.531232+00:00,ok,True
GO,2008,3,available,RDGO0803.dbc,/dissemin/publicos/SIHSUS/200801_/Dados,2107920.0,,2026-09-16T09:42:18.531232+00:00,ok,True
GO,2008,4,available,RDGO0804.dbc,/dissemin/publicos/SIHSUS/200801_/Dados,2176142.0,,2026-09-16T09:42:18.531232+00:00,ok,True
GO,2008,5,available,RDGO0805.dbc,/dissemin/publicos/SIHSUS/200801_/Dados,2160491.0,,2026-09-16T09:42:18.531232+00:00,ok,True
GO,2008,6,available,RDGO0806.dbc,/dissemin/publicos/SIHSUS/200801_/Dados,1837080.0,,2026-09-16T09:42:18.531232+00:00,ok,True
GO,2008,7,available,RDGO0807.dbc,/dissemin/publicos/SIHSUS/200801_/Dados,2048624.0,,2026-09-16T09:42:18.531232+00:00,ok,True
GO,2008,8,available,RDGO0808.dbc,/dissemin/publicos/SIHSUS/200801_/Dados,2060077.0,,2026-09-16T09:42:18.531232+00:00,ok,True
GO,2008,9,available,RDGO0809.dbc,/dissemin/publicos/SIHSUS/200801_/Dados,2091895.0,,2026-09-16T09:42:18.531232+00:00,ok,True
GO,2008,10,available,RDGO0810.dbc,/dissemin/publicos/SIHSUS/200801_/Dados,1992452.0,,2026-09-16T09:42:18.531232+00:00,ok,True
GO,2008,11,available,RDGO0811.dbc,/dissemin/publicos/SIHSUS/200801_/Dados,1661836.0,,2026-09-16T09:42:18.531232+00:00,ok,True
GO,2008,12,available,RDGO0812.dbc,/dissemin/publicos/SIHSUS/200801_/Dados,1786280.0,,2026-09-16T09:42:18.531232+00:00,ok,True
MA,2008,1,available,RDMA0801.dbc,/dissemin/publicos/SIHSUS/200801_/Dados,1064563.0,,2026-09-16T09:42:18.531232+00:00,ok,True
MA,2008,2,available,RDMA0802.dbc,/dissemin/publicos/SIHSUS/200801_/Dados,1422968.0,,2026-09-16T09:42:18.531232+00:00,ok,True
MA,2008,3,available,RDMA0803.dbc,/dissemin/publicos/SIHSUS/200801_/Dados,1482552.0,,2026-09-16T09:42:18.531232+00:00,ok,True
MA,2008,4,available,RDMA0804.dbc,/dissemin/publicos/SIHSUS/200801_/Dados,1606895.0,,2026-09-16T09:42:18.531232+00:00,ok,True
MA,2008,5,available,RDMA0805.dbc,/dissemin/publicos/SIHSUS/200801_/Dados,1595163.0,,2026-09-16T09:42:18.531232+00:00,ok,True
MA,2008,6,available,RDMA0806.dbc,/dissemin/publicos/SIHSUS/200801_/Dados,1629512.0,,2026-09-16T09:42:18.531232+00:00,ok,True
MA,2008,7,available,RDMA0807.dbc,/dissemin/publicos/SIHSUS/200801_/Dados,1690528.0,,2026-09-16T09:42:18.531232+00:00,ok,True
MA,2008,8,available,RDMA0808.dbc,/dissemin/publicos/SIHSUS/200801_/Dados,1657390.0,,2026-09-16T09:42:18.531232+00:00,ok,True
MA,2008,9,available,RDMA0809.dbc,/dissemin/publicos/SIHSUS/200801_/Dados,1605442.0,,2026-09-16T09:42:18.531232+00:00,ok,True
MA,2008,10,available,RDMA0810.dbc,/dissemin/publicos/SIHSUS/200801_/Dados,1677907.0,,2026-09-16T09:42:18.531232+00:00,ok,True
MA,2008,11,available,RDMA0811.dbc,/dissemin/publicos/SIHSUS/200801_/Dados,1520166.0,,2026-09-16T09:42:18.531232+00:00,ok,True
MA,2008,12,available,RDMA0812.dbc,/dissemin/publicos/SIHSUS/200801_/Dados,1503696.0,,2026-09-16T09:42:18.531232+00:00,ok,True
MG,2008,1,available,RDMG0801.dbc,/dissemin/publicos/SIHSUS/200801_/Dados,4357193.0,,2026-09-16T09:42:18.531232+00:00,ok,True
MG,2008,2,available,RDMG0802.dbc,/dissemin/publicos/SIHSUS/200801_/Dados,6226820.0,,2026-09-16T09:42:18.531232+00:00,ok,True
MG,2008,3,available,RDMG0803.dbc,/dissemin/publicos/SIHSUS/200801_/Dados,6634745.0,,2026-09-16T09:42:18.531232+00:00,ok,True
MG,2008,4,available,RDMG0804.dbc,/dissemin/publicos/SIHSUS/200801_/Dados,6590399.0,,2026-09-16T09:42:18.531232+00:00,ok,True
MG,2008,5,available,RDMG0805.dbc,/dissemin/publicos/SIHSUS/200801_/Dados,6689916.0,,2026-09-16T09:42:18.531232+00:00,ok,True
MG,2008,6,available,RDMG0806.dbc,/dissemin/publicos/SIHSUS/200801_/Dados,7529150.0,,2026-09-16T09:42:18.531232+00:00,ok,True
MG,2008,7,available,RDMG0807.dbc,/dissemin/publicos/SIHSUS/200801_/Dados,6878842.0,,2026-09-16T09:42:18.531232+00:00,ok,True
MG,2008,8,available,RDMG0808.dbc,/dissemin/publicos/SIHSUS/200801_/Dados,6995177.0,,2026-09-16T09:42:18.531232+00:00,ok,True
MG,2008,9,available,RDMG0809.dbc,/dissemin/publicos/SIHSUS/200801_/Dados,6811215.0,,2026-09-16T09:42:18.531232+00:00,ok,True
MG,2008,10,available,RDMG0810.dbc,/dissemin/publicos/SIHSUS/200801_/Dados,6977840.0,,2026-09-16T09:42:18.531232+00:00,ok,True
MG,2008,11,available,RDMG0811.dbc,/dissemin/publicos/SIHSUS/200801_/Dados,6511198.0,,2026-09-16T09:42:18.531232+00:00,ok,True
MG,2008,12,available,RDMG0812.dbc,/dissemin/publicos/SIHSUS/200801_/Dados,6249089.0,,2026-09-16T09:42:18.531232+00:00,ok,True
MS,2008,1,available,RDMS0801.dbc,/dissemin/publicos/SIHSUS/200801_/Dados,618944.0,,2026-09-16T09:42:18.531232+00:00,ok,True
MS,2008,2,available,RDMS0802.dbc,/dissemin/publicos/SIHSUS/200801_/Dados,763447.0,,2026-09-16T09:42:18.531232+00:00,ok,True
MS,2008,3,available,RDMS0803.dbc,/dissemin/publicos/SIHSUS/200801_/Dados,804320.0,,2026-09-16T09:42:18.531232+00:00,ok,True
MS,2008,4,available,RDMS0804.dbc,/dissemin/publicos/SIHSUS/200801_/Dados,843504.0,,2026-09-16T09:42:18.531232+00:00,ok,True
MS,2008,5,available,RDMS0805.dbc,/dissemin/publicos/SIHSUS/200801_/Dados,904302.0,,2026-09-16T09:42:18.531232+00:00,ok,True
MS,2008,6,available,RDMS0806.dbc,/dissemin/publicos/SIHSUS/200801_/Dados,991797.0,,2026-09-16T09:42:18.531232+00:00,ok,True
MS,2008,7,available,RDMS0807.dbc,/dissemin/publicos/SIHSUS/200801_/Dados,942274.0,,2026-09-16T09:42:18.531232+00:00,ok,True
MS,2008,8,available,RDMS0808.dbc,/dissemin/publicos/SIHSUS/200801_/Dados,901042.0,,2026-09-16T09:42:18.531232+00:00,ok,True
MS,2008,9,available,RDMS0809.dbc,/dissemin/publicos/SIHSUS/200801_/Dados,957816.0,,2026-09-16T09:42:18.531232+00:00,ok,True
MS,2008,10,available,RDMS0810.dbc,/dissemin/publicos/SIHSUS/200801_/Dados,902419.0,,2026-09-16T09:42:18.531232+00:00,ok,True
MS,2008,11,available,RDMS0811.dbc,/dissemin/publicos/SIHSUS/200801_/Dados,829412.0,,2026-09-16T09:42:18.531232+00:00,ok,True
MS,2008,12,available,RDMS0812.dbc,/dissemin/publicos/SIHSUS/200801_/Dados,778048.0,,2026-09-16T09:42:18.531232+00:00,ok,True
MT,2008,1,available,RDMT0801.dbc,/dissemin/publicos/SIHSUS/200801_/Dados,623545.0,,2026-09-16T09:42:18.531232+00:00,ok,True
MT,2008,2,available,RDMT0802.dbc,/dissemin/publicos/SIHSUS/200801_/Dados,934821.0,,2026-09-16T09:42:18.531232+00:00,ok,True
MT,2008,3,available,RDMT0803.dbc,/dissemin/publicos/SIHSUS/200801_/Dados,930538.0,,2026-09-16T09:42:18.531232+00:00,ok,True
MT,2008,4,available,RDMT0804.dbc,/dissemin/publicos/SIHSUS/200801_/Dados,988478.0,,2026-09-16T09:42:18.531232+00:00,ok,True
MT,2008,5,available,RDMT0805.dbc,/dissemin/publicos/SIHSUS/200801_/Dados,966971.0,,2026-09-16T09:42:18.531232+00:00,ok,True
MT,2008,6,available,RDMT0806.dbc,/dissemin/publicos/SIHSUS/200801_/Dados,1081836.0,,2026-09-16T09:42:18.531232+00:00,ok,True
MT,2008,7,available,RDMT0807.dbc,/dissemin/publicos/SIHSUS/200801_/Dados,1016279.0,,2026-09-16T09:42:18.531232+00:00,ok,True
MT,2008,8,available,RDMT0808.dbc,/dissemin/publicos/SIHSUS/200801_/Dados,1023650.0,,2026-09-16T09:42:18.531232+00:00,ok,True
MT,2008,9,available,RDMT0809.dbc,/dissemin/publicos/SIHSUS/200801_/Dados,918808.0,,2026-09-16T09:42:18.531232+00:00,ok,True
MT,2008,10,available,RDMT0810.dbc,/dissemin/publicos/SIHSUS/200801_/Dados,1056878.0,,2026-09-16T09:42:18.531232+00:00,ok,True
MT,2008,11,available,RDMT0811.dbc,/dissemin/publicos/SIHSUS/200801_/Dados,883819.0,,2026-09-16T09:42:18.531232+00:00,ok,True
MT,2008,12,available,RDMT0812.dbc,/dissemin/publicos/SIHSUS/200801_/Dados,940855.0,,2026-09-16T09:42:18.531232+00:00,ok,True
PA,2008,1,available,RDPA0801.dbc,/dissemin/publicos/SIHSUS/200801_/Dados,2050198.0,,2026-09-16T09:42:18.531232+00:00,ok,True
PA,2008,2,available,RDPA0802.dbc,/dissemin/publicos/SIHSUS/200801_/Dados,2353687.0,,2026-09-16T09:42:18.531232+00:00,ok,True
PA,2008,3,available,RDPA0803.dbc,/dissemin/publicos/SIHSUS/200801_/Dados,2502305.0,,2026-09-16T09:42:18.531232+00:00,ok,True
PA,2008,4,available,RDPA0804.dbc,/dissemin/publicos/SIHSUS/200801_/Dados,2418095.0,,2026-09-16T09:42:18.531232+00:00,ok,True
PA,2008,5,available,RDPA0805.dbc,/dissemin/publicos/SIHSUS/200801_/Dados,2627295.0,,2026-09-16T09:42:18.531232+00:00,ok,True
PA,2008,6,available,RDPA0806.dbc,/dissemin/publicos/SIHSUS/200801_/Dados,2575748.0,,2026-09-16T09:42:18.531232+00:00,ok,True
PA,2008,7,available,RDPA0807.dbc,/dissemin/publicos/SIHSUS/200801_/Dados,2670709.0,,2026-09-16T09:42:18.531232+00:00,ok,True
PA,2008,8,available,RDPA0808.dbc,/dissemin/publicos/SIHSUS/200801_/Dados,2540576.0,,2026-09-16T09:42:18.531232+00:00,ok,True
PA,2008,9,available,RDPA0809.dbc,/dissemin/publicos/SIHSUS/200801_/Dados,2585637.0,,2026-09-16T09:42:18.531232+00:00,ok,True
PA,2008,10,available,RDPA0810.dbc,/dissemin/publicos/SIHSUS/200801_/Dados,2560024.0,,2026-09-16T09:42:18.531232+00:00,ok,True
PA,2008,11,available,RDPA0811.dbc,/dissemin/publicos/SIHSUS/200801_/Dados,2395221.0,,2026-09-16T09:42:18.531232+00:00,ok,True
PA,2008,12,available,RDPA0812.dbc,/dissemin/publicos/SIHSUS/200801_/Dados,2348194.0,,2026-09-16T09:42:18.531232+00:00,ok,True
PB,2008,1,available,RDPB0801.dbc,/dissemin/publicos/SIHSUS/200801_/Dados,1049842.0,,2026-09-16T09:42:18.531232+00:00,ok,True
PB,2008,2,available,RDPB0802.dbc,/dissemin/publicos/SIHSUS/200801_/Dados,1161270.0,,2026-09-16T09:42:18.531232+00:00,ok,True
PB,2008,3,available,RDPB0803.dbc,/dissemin/publicos/SIHSUS/200801_/Dados,1233181.0,,2026-09-16T09:42:18.531232+00:00,ok,True
PB,2008,4,available,RDPB0804.dbc,/dissemin/publicos/SIHSUS/200801_/Dados,1282963.0,,2026-09-16T09:42:18.531232+00:00,ok,True
PB,2008,5,available,RDPB0805.dbc,/dissemin/publicos/SIHSUS/200801_/Dados,1236388.0,,2026-09-16T09:42:18.531232+00:00,ok,True
PB,2008,6,available,RDPB0806.dbc,/dissemin/publicos/SIHSUS/200801_/Dados,1231155.0,,2026-09-16T09:42:18.531232+00:00,ok,True
PB,2008,7,available,RDPB0807.dbc,/dissemin/publicos/SIHSUS/200801_/Dados,1257627.0,,2026-09-16T09:42:18.531232+00:00,ok,True
PB,2008,8,available,RDPB0808.dbc,/dissemin/publicos/SIHSUS/200801_/Dados,1255990.0,,2026-09-16T09:42:18.531232+00:00,ok,True
PB,2008,9,available,RDPB0809.dbc,/dissemin/publicos/SIHSUS/200801_/Dados,1224328.0,,2026-09-16T09:42:18.531232+00:00,ok,True
PB,2008,10,available,RDPB0810.dbc,/dissemin/publicos/SIHSUS/200801_/Dados,1286403.0,,2026-09-16T09:42:18.531232+00:00,ok,True
PB,2008,11,available,RDPB0811.dbc,/dissemin/publicos/SIHSUS/200801_/Dados,1191944.0,,2026-09-16T09:42:18.531232+00:00,ok,True
PB,2008,12,available,RDPB0812.dbc,/dissemin/publicos/SIHSUS/200801_/Dados,1158874.0,,2026-09-16T09:42:18.531232+00:00,ok,True
PE,2008,1,available,RDPE0801.dbc,/dissemin/publicos/SIHSUS/200801_/Dados,1489520.0,,2026-09-16T09:42:18.531232+00:00,ok,True
PE,2008,2,available,RDPE0802.dbc,/dissemin/publicos/SIHSUS/200801_/Dados,2386826.0,,2026-09-16T09:42:18.531232+00:00,ok,True
PE,2008,3,available,RDPE0803.dbc,/dissemin/publicos/SIHSUS/200801_/Dados,2733152.0,,2026-09-16T09:42:18.531232+00:00,ok,True
PE,2008,4,available,RDPE0804.dbc,/dissemin/publicos/SIHSUS/200801_/Dados,3053556.0,,2026-09-16T09:42:18.531232+00:00,ok,True
PE,2008,5,available,RDPE0805.dbc,/dissemin/publicos/SIHSUS/200801_/Dados,2959684.0,,2026-09-16T09:42:18.531232+00:00,ok,True
PE,2008,6,available,RDPE0806.dbc,/dissemin/publicos/SIHSUS/200801_/Dados,2852220.0,,2026-09-16T09:42:18.531232+00:00,ok,True
PE,2008,7,available,RDPE0807.dbc,/dissemin/publicos/SIHSUS/200801_/Dados,2807927.0,,2026-09-16T09:42:18.531232+00:00,ok,True
PE,2008,8,available,RDPE0808.dbc,/dissemin/publicos/SIHSUS/200801_/Dados,3112217.0,,2026-09-16T09:42:18.531232+00:00,ok,True
PE,2008,9,available,RDPE0809.dbc,/dissemin/publicos/SIHSUS/200801_/Dados,2989704.0,,2026-09-16T09:42:18.531232+00:00,ok,True
PE,2008,10,available,RDPE0810.dbc,/dissemin/publicos/SIHSUS/200801_/Dados,2695269.0,,2026-09-16T09:42:18.531232+00:00,ok,True
PE,2008,11,available,RDPE0811.dbc,/dissemin/publicos/SIHSUS/200801_/Dados,2727030.0,,2026-09-16T09:42:18.531232+00:00,ok,True
PE,2008,12,available,RDPE0812.dbc,/dissemin/publicos/SIHSUS/200801_/Dados,2759852.0,,2026-09-16T09:42:18.531232+00:00,ok,True
PI,2008,1,available,RDPI0801.dbc,/dissemin/publicos/SIHSUS/200801_/Dados,927125.0,,2026-09-16T09:42:18.531232+00:00,ok,True
PI,2008,2,available,RDPI0802.dbc,/dissemin/publicos/SIHSUS/200801_/Dados,1197652.0,,2026-09-16T09:42:18.531232+00:00,ok,True
PI,2008,3,available,RDPI0803.dbc,/dissemin/publicos/SIHSUS/200801_/Dados,1153520.0,,2026-09-16T09:42:18.531232+00:00,ok,True
PI,2008,4,available,RDPI0804.dbc,/dissemin/publicos/SIHSUS/200801_/Dados,1192855.0,,2026-09-16T09:42:18.531232+00:00,ok,True
PI,2008,5,available,RDPI0805.dbc,/dissemin/publicos/SIHSUS/200801_/Dados,1234139.0,,2026-09-16T09:42:18.531232+00:00,ok,True
PI,2008,6,available,RDPI0806.dbc,/dissemin/publicos/SIHSUS/200801_/Dados,1228832.0,,2026-09-16T09:42:18.531232+00:00,ok,True
PI,2008,7,available,RDPI0807.dbc,/dissemin/publicos/SIHSUS/200801_/Dados,1312311.0,,2026-09-16T09:42:18.531232+00:00,ok,True
PI,2008,8,available,RDPI0808.dbc,/dissemin/publicos/SIHSUS/200801_/Dados,1246383.0,,2026-09-16T09:42:18.531232+00:00,ok,True
PI,2008,9,available,RDPI0809.dbc,/dissemin/publicos/SIHSUS/200801_/Dados,1269915.0,,2026-09-16T09:42:18.531232+00:00,ok,True
PI,2008,10,available,RDPI0810.dbc,/dissemin/publicos/SIHSUS/200801_/Dados,1319634.0,,2026-09-16T09:42:18.531232+00:00,ok,True
PI,2008,11,available,RDPI0811.dbc,/dissemin/publicos/SIHSUS/200801_/Dados,1226304.0,,2026-09-16T09:42:18.531232+00:00,ok,True
PI,2008,12,available,RDPI0812.dbc,/dissemin/publicos/SIHSUS/200801_/Dados,1148171.0,,2026-09-16T09:42:18.531232+00:00,ok,True
PR,2008,1,available,RDPR0801.dbc,/dissemin/publicos/SIHSUS/200801_/Dados,3206594.0,,2026-09-16T09:42:18.531232+00:00,ok,True
PR,2008,2,available,RDPR0802.dbc,/dissemin/publicos/SIHSUS/200801_/Dados,4290230.0,,2026-09-16T09:42:18.531232+00:00,ok,True
PR,2008,3,available,RDPR0803.dbc,/dissemin/publicos/SIHSUS/200801_/Dados,4469098.0,,2026-09-16T09:42:18.531232+00:00,ok,True
PR,2008,4,available,RDPR0804.dbc,/dissemin/publicos/SIHSUS/200801_/Dados,4186752.0,,2026-09-16T09:42:18.531232+00:00,ok,True
PR,2008,5,available,RDPR0805.dbc,/dissemin/publicos/SIHSUS/200801_/Dados,4181050.0,,2026-09-16T09:42:18.531232+00:00,ok,True
PR,2008,6,available,RDPR0806.dbc,/dissemin/publicos/SIHSUS/200801_/Dados,4471807.0,,2026-09-16T09:42:18.531232+00:00,ok,True
PR,2008,7,available,RDPR0807.dbc,/dissemin/publicos/SIHSUS/200801_/Dados,4424093.0,,2026-09-16T09:42:18.531232+00:00,ok,True
PR,2008,8,available,RDPR0808.dbc,/dissemin/publicos/SIHSUS/200801_/Dados,4332271.0,,2026-09-16T09:42:18.531232+00:00,ok,True
PR,2008,9,available,RDPR0809.dbc,/dissemin/publicos/SIHSUS/200801_/Dados,4409282.0,,2026-09-16T09:42:18.531232+00:00,ok,True
PR,2008,10,available,RDPR0810.dbc,/dissemin/publicos/SIHSUS/200801_/Dados,4311384.0,,2026-09-16T09:42:18.531232+00:00,ok,True
PR,2008,11,available,RDPR0811.dbc,/dissemin/publicos/SIHSUS/200801_/Dados,4129923.0,,2026-09-16T09:42:18.531232+00:00,ok,True
PR,2008,12,available,RDPR0812.dbc,/dissemin/publicos/SIHSUS/200801_/Dados,4211466.0,,2026-09-16T09:42:18.531232+00:00,ok,True
RJ,2008,1,available,RDRJ0801.dbc,/dissemin/publicos/SIHSUS/200801_/Dados,1970037.0,,2026-09-16T09:42:18.531232+00:00,ok,True
RJ,2008,2,available,RDRJ0802.dbc,/dissemin/publicos/SIHSUS/200801_/Dados,2575703.0,,2026-09-16T09:42:18.531232+00:00,ok,True
RJ,2008,3,available,RDRJ0803.dbc,/dissemin/publicos/SIHSUS/200801_/Dados,4056901.0,,2026-09-16T09:42:18.531232+00:00,ok,True
RJ,2008,4,available,RDRJ0804.dbc,/dissemin/publicos/SIHSUS/200801_/Dados,3634850.0,,2026-09-16T09:42:18.531232+00:00,ok,True
RJ,2008,5,available,RDRJ0805.dbc,/dissemin/publicos/SIHSUS/200801_/Dados,3992373.0,,2026-09-16T09:42:18.531232+00:00,ok,True
RJ,2008,6,available,RDRJ0806.dbc,/dissemin/publicos/SIHSUS/200801_/Dados,4283644.0,,2026-09-16T09:42:18.531232+00:00,ok,True
RJ,2008,7,available,RDRJ0807.dbc,/dissemin/publicos/SIHSUS/200801_/Dados,3962065.0,,2026-09-16T09:42:18.531232+00:00,ok,True
RJ,2008,8,available,RDRJ0808.dbc,/dissemin/publicos/SIHSUS/200801_/Dados,4133938.0,,2026-09-16T09:42:18.531232+00:00,ok,True
RJ,2008,9,available,RDRJ0809.dbc,/dissemin/publicos/SIHSUS/200801_/Dados,4138515.0,,2026-09-16T09:42:18.531232+00:00,ok,True
RJ,2008,10,available,RDRJ0810.dbc,/dissemin/publicos/SIHSUS/200801_/Dados,3972599.0,,2026-09-16T09:42:18.531232+00:00,ok,True
RJ,2008,11,available,RDRJ0811.dbc,/dissemin/publicos/SIHSUS/200801_/Dados,3519263.0,,2026-09-16T09:42:18.531232+00:00,ok,True
RJ,2008,12,available,RDRJ0812.dbc,/dissemin/publicos/SIHSUS/200801_/Dados,3652992.0,,2026-09-16T09:42:18.531232+00:00,ok,True
RN,2008,1,available,RDRN0801.dbc,/dissemin/publicos/SIHSUS/200801_/Dados,573433.0,,2026-09-16T09:42:18.531232+00:00,ok,True
RN,2008,2,available,RDRN0802.dbc,/dissemin/publicos/SIHSUS/200801_/Dados,845561.0,,2026-09-16T09:42:18.531232+00:00,ok,True
RN,2008,3,available,RDRN0803.dbc,/dissemin/publicos/SIHSUS/200801_/Dados,921588.0,,2026-09-16T09:42:18.531232+00:00,ok,True
RN,2008,4,available,RDRN0804.dbc,/dissemin/publicos/SIHSUS/200801_/Dados,915509.0,,2026-09-16T09:42:18.531232+00:00,ok,True
RN,2008,5,available,RDRN0805.dbc,/dissemin/publicos/SIHSUS/200801_/Dados,958369.0,,2026-09-16T09:42:18.531232+00:00,ok,True
RN,2008,6,available,RDRN0806.dbc,/dissemin/publicos/SIHSUS/200801_/Dados,921244.0,,2026-09-16T09:42:18.531232+00:00,ok,True
RN,2008,7,available,RDRN0807.dbc,/dissemin/publicos/SIHSUS/200801_/Dados,932959.0,,2026-09-16T09:42:18.531232+00:00,ok,True
RN,2008,8,available,RDRN0808.dbc,/dissemin/publicos/SIHSUS/200801_/Dados,898804.0,,2026-09-16T09:42:18.531232+00:00,ok,True
RN,2008,9,available,RDRN0809.dbc,/dissemin/publicos/SIHSUS/200801_/Dados,919677.0,,2026-09-16T09:42:18.531232+00:00,ok,True
RN,2008,10,available,RDRN0810.dbc,/dissemin/publicos/SIHSUS/200801_/Dados,877135.0,,2026-09-16T09:42:18.531232+00:00,ok,True
RN,2008,11,available,RDRN0811.dbc,/dissemin/publicos/SIHSUS/200801_/Dados,895917.0,,2026-09-16T09:42:18.531232+00:00,ok,True
RN,2008,12,available,RDRN0812.dbc,/dissemin/publicos/SIHSUS/200801_/Dados,765843.0,,2026-09-16T09:42:18.531232+00:00,ok,True
RO,2008,1,available,RDRO0801.dbc,/dissemin/publicos/SIHSUS/200801_/Dados,223052.0,,2026-09-16T09:42:18.531232+00:00,ok,True
RO,2008,2,available,RDRO0802.dbc,/dissemin/publicos/SIHSUS/200801_/Dados,410449.0,,2026-09-16T09:42:18.531232+00:00,ok,True
RO,2008,3,available,RDRO0803.dbc,/dissemin/publicos/SIHSUS/200801_/Dados,239138.0,,2026-09-16T09:42:18.531232+00:00,ok,True
RO,2008,4,available,RDRO0804.dbc,/dissemin/publicos/SIHSUS/200801_/Dados,238564.0,,2026-09-16T09:42:18.531232+00:00,ok,True
RO,2008,5,available,RDRO0805.dbc,/dissemin/publicos/SIHSUS/200801_/Dados,255881.0,,2026-09-16T09:42:18.531232+00:00,ok,True
RO,2008,6,available,RDRO0806.dbc,/dissemin/publicos/SIHSUS/200801_/Dados,219619.0,,2026-09-16T09:42:18.531232+00:00,ok,True
RO,2008,7,available,RDRO0807.dbc,/dissemin/publicos/SIHSUS/200801_/Dados,447275.0,,2026-09-16T09:42:18.531232+00:00,ok,True
RO,2008,8,available,RDRO0808.dbc,/dissemin/publicos/SIHSUS/200801_/Dados,447307.0,,2026-09-16T09:42:18.531232+00:00,ok,True
RO,2008,9,available,RDRO0809.dbc,/dissemin/publicos/SIHSUS/200801_/Dados,437860.0,,2026-09-16T09:42:18.531232+00:00,ok,True
RO,2008,10,available,RDRO0810.dbc,/dissemin/publicos/SIHSUS/200801_/Dados,404623.0,,2026-09-16T09:42:18.531232+00:00,ok,True
RO,2008,11,available,RDRO0811.dbc,/dissemin/publicos/SIHSUS/200801_/Dados,397084.0,,2026-09-16T09:42:18.531232+00:00,ok,True
RO,2008,12,available,RDRO0812.dbc,/dissemin/publicos/SIHSUS/200801_/Dados,371143.0,,2026-09-16T09:42:18.531232+00:00,ok,True
RR,2008,1,available,RDRR0801.dbc,/dissemin/publicos/SIHSUS/200801_/Dados,75358.0,,2026-09-16T09:42:18.531232+00:00,ok,True
RR,2008,2,available,RDRR0802.dbc,/dissemin/publicos/SIHSUS/200801_/Dados,103695.0,,2026-09-16T09:42:18.531232+00:00,ok,True
RR,2008,3,available,RDRR0803.dbc,/dissemin/publicos/SIHSUS/200801_/Dados,113845.0,,2026-09-16T09:42:18.531232+00:00,ok,True
RR,2008,4,available,RDRR0804.dbc,/dissemin/publicos/SIHSUS/200801_/Dados,117541.0,,2026-09-16T09:42:18.531232+00:00,ok,True
RR,2008,5,available,RDRR0805.dbc,/dissemin/publicos/SIHSUS/200801_/Dados,123401.0,,2026-09-16T09:42:18.531232+00:00,ok,True
RR,2008,6,available,RDRR0806.dbc,/dissemin/publicos/SIHSUS/200801_/Dados,124923.0,,2026-09-16T09:42:18.531232+00:00,ok,True
RR,2008,7,available,RDRR0807.dbc,/dissemin/publicos/SIHSUS/200801_/Dados,136327.0,,2026-09-16T09:42:18.531232+00:00,ok,True
RR,2008,8,available,RDRR0808.dbc,/dissemin/publicos/SIHSUS/200801_/Dados,131727.0,,2026-09-16T09:42:18.531232+00:00,ok,True
RR,2008,9,available,RDRR0809.dbc,/dissemin/publicos/SIHSUS/200801_/Dados,115236.0,,2026-09-16T09:42:18.531232+00:00,ok,True
RR,2008,10,available,RDRR0810.dbc,/dissemin/publicos/SIHSUS/200801_/Dados,154239.0,,2026-09-16T09:42:18.531232+00:00,ok,True
RR,2008,11,available,RDRR0811.dbc,/dissemin/publicos/SIHSUS/200801_/Dados,141860.0,,2026-09-16T09:42:18.531232+00:00,ok,True
RR,2008,12,available,RDRR0812.dbc,/dissemin/publicos/SIHSUS/200801_/Dados,132398.0,,2026-09-16T09:42:18.531232+00:00,ok,True
RS,2008,1,available,RDRS0801.dbc,/dissemin/publicos/SIHSUS/200801_/Dados,2780100.0,,2026-09-16T09:42:18.531232+00:00,ok,True
RS,2008,2,available,RDRS0802.dbc,/dissemin/publicos/SIHSUS/200801_/Dados,4667350.0,,2026-09-16T09:42:18.531232+00:00,ok,True
RS,2008,3,available,RDRS0803.dbc,/dissemin/publicos/SIHSUS/200801_/Dados,4399812.0,,2026-09-16T09:42:18.531232+00:00,ok,True
RS,2008,4,available,RDRS0804.dbc,/dissemin/publicos/SIHSUS/200801_/Dados,4611349.0,,2026-09-16T09:42:18.531232+00:00,ok,True
RS,2008,5,available,RDRS0805.dbc,/dissemin/publicos/SIHSUS/200801_/Dados,4070599.0,,2026-09-16T09:42:18.531232+00:00,ok,True
RS,2008,6,available,RDRS0806.dbc,/dissemin/publicos/SIHSUS/200801_/Dados,4202933.0,,2026-09-16T09:42:18.531232+00:00,ok,True
RS,2008,7,available,RDRS0807.dbc,/dissemin/publicos/SIHSUS/200801_/Dados,4581104.0,,2026-09-16T09:42:18.531232+00:00,ok,True
RS,2008,8,available,RDRS0808.dbc,/dissemin/publicos/SIHSUS/200801_/Dados,4569350.0,,2026-09-16T09:42:18.531232+00:00,ok,True
RS,2008,9,available,RDRS0809.dbc,/dissemin/publicos/SIHSUS/200801_/Dados,4378117.0,,2026-09-16T09:42:18.531232+00:00,ok,True
RS,2008,10,available,RDRS0810.dbc,/dissemin/publicos/SIHSUS/200801_/Dados,4398330.0,,2026-09-16T09:42:18.531232+00:00,ok,True
RS,2008,11,available,RDRS0811.dbc,/dissemin/publicos/SIHSUS/200801_/Dados,4107652.0,,2026-09-16T09:42:18.531232+00:00,ok,True
RS,2008,12,available,RDRS0812.dbc,/dissemin/publicos/SIHSUS/200801_/Dados,4264046.0,,2026-09-16T09:42:18.531232+00:00,ok,True
SC,2008,1,available,RDSC0801.dbc,/dissemin/publicos/SIHSUS/200801_/Dados,1619551.0,,2026-09-16T09:42:18.531232+00:00,ok,True
SC,2008,2,available,RDSC0802.dbc,/dissemin/publicos/SIHSUS/200801_/Dados,2116010.0,,2026-09-16T09:42:18.531232+00:00,ok,True
SC,2008,3,available,RDSC0803.dbc,/dissemin/publicos/SIHSUS/200801_/Dados,2197022.0,,2026-09-16T09:42:18.531232+00:00,ok,True
SC,2008,4,available,RDSC0804.dbc,/dissemin/publicos/SIHSUS/200801_/Dados,2209306.0,,2026-09-16T09:42:18.531232+00:00,ok,True
SC,2008,5,available,RDSC0805.dbc,/dissemin/publicos/SIHSUS/200801_/Dados,2190411.0,,2026-09-16T09:42:18.531232+00:00,ok,True
SC,2008,6,available,RDSC0806.dbc,/dissemin/publicos/SIHSUS/200801_/Dados,2313942.0,,2026-09-16T09:42:18.531232+00:00,ok,True
SC,2008,7,available,RDSC0807.dbc,/dissemin/publicos/SIHSUS/200801_/Dados,2357744.0,,2026-09-16T09:42:18.531232+00:00,ok,True
SC,2008,8,available,RDSC0808.dbc,/dissemin/publicos/SIHSUS/200801_/Dados,2332248.0,,2026-09-16T09:42:18.531232+00:00,ok,True
SC,2008,9,available,RDSC0809.dbc,/dissemin/publicos/SIHSUS/200801_/Dados,2271303.0,,2026-09-16T09:42:18.531232+00:00,ok,True
SC,2008,10,available,RDSC0810.dbc,/dissemin/publicos/SIHSUS/200801_/Dados,2419666.0,,2026-09-16T09:42:18.531232+00:00,ok,True
SC,2008,11,available,RDSC0811.dbc,/dissemin/publicos/SIHSUS/200801_/Dados,2063103.0,,2026-09-16T09:42:18.531232+00:00,ok,True
SC,2008,12,available,RDSC0812.dbc,/dissemin/publicos/SIHSUS/200801_/Dados,2176517.0,,2026-09-16T09:42:18.531232+00:00,ok,True
SE,2008,1,available,RDSE0801.dbc,/dissemin/publicos/SIHSUS/200801_/Dados,309622.0,,2026-09-16T09:42:18.531232+00:00,ok,True
SE,2008,2,available,RDSE0802.dbc,/dissemin/publicos/SIHSUS/200801_/Dados,435848.0,,2026-09-16T09:42:18.531232+00:00,ok,True
SE,2008,3,available,RDSE0803.dbc,/dissemin/publicos/SIHSUS/200801_/Dados,568705.0,,2026-09-16T09:42:18.531232+00:00,ok,True
SE,2008,4,available,RDSE0804.dbc,/dissemin/publicos/SIHSUS/200801_/Dados,563365.0,,2026-09-16T09:42:18.531232+00:00,ok,True
SE,2008,5,available,RDSE0805.dbc,/dissemin/publicos/SIHSUS/200801_/Dados,528346.0,,2026-09-16T09:42:18.531232+00:00,ok,True
SE,2008,6,available,RDSE0806.dbc,/dissemin/publicos/SIHSUS/200801_/Dados,586599.0,,2026-09-16T09:42:18.531232+00:00,ok,True
SE,2008,7,available,RDSE0807.dbc,/dissemin/publicos/SIHSUS/200801_/Dados,617907.0,,2026-09-16T09:42:18.531232+00:00,ok,True
SE,2008,8,available,RDSE0808.dbc,/dissemin/publicos/SIHSUS/200801_/Dados,568473.0,,2026-09-16T09:42:18.531232+00:00,ok,True
SE,2008,9,available,RDSE0809.dbc,/dissemin/publicos/SIHSUS/200801_/Dados,581258.0,,2026-09-16T09:42:18.531232+00:00,ok,True
SE,2008,10,available,RDSE0810.dbc,/dissemin/publicos/SIHSUS/200801_/Dados,526564.0,,2026-09-16T09:42:18.531232+00:00,ok,True
SE,2008,11,available,RDSE0811.dbc,/dissemin/publicos/SIHSUS/200801_/Dados,473748.0,,2026-09-16T09:42:18.531232+00:00,ok,True
SE,2008,12,available,RDSE0812.dbc,/dissemin/publicos/SIHSUS/200801_/Dados,424500.0,,2026-09-16T09:42:18.531232+00:00,ok,True
SP,2008,1,available,RDSP0801.dbc,/dissemin/publicos/SIHSUS/200801_/Dados,7799792.0,,2026-09-16T09:42:18.531232+00:00,ok,True
SP,2008,2,available,RDSP0802.dbc,/dissemin/publicos/SIHSUS/200801_/Dados,11250583.0,,2026-09-16T09:42:18.531232+00:00,ok,True
SP,2008,3,available,RDSP0803.dbc,/dissemin/publicos/SIHSUS/200801_/Dados,12140389.0,,2026-09-16T09:42:18.531232+00:00,ok,True
SP,2008,4,available,RDSP0804.dbc,/dissemin/publicos/SIHSUS/200801_/Dados,12656158.0,,2026-09-16T09:42:18.531232+00:00,ok,True
SP,2008,5,available,RDSP0805.dbc,/dissemin/publicos/SIHSUS/200801_/Dados,14313268.0,,2026-09-16T09:42:18.531232+00:00,ok,True
SP,2008,6,available,RDSP0806.dbc,/dissemin/publicos/SIHSUS/200801_/Dados,13848612.0,,2026-09-16T09:42:18.531232+00:00,ok,True
SP,2008,7,available,RDSP0807.dbc,/dissemin/publicos/SIHSUS/200801_/Dados,14643686.0,,2026-09-16T09:42:18.531232+00:00,ok,True
SP,2008,8,available,RDSP0808.dbc,/dissemin/publicos/SIHSUS/200801_/Dados,14196994.0,,2026-09-16T09:42:18.531232+00:00,ok,True
SP,2008,9,available,RDSP0809.dbc,/dissemin/publicos/SIHSUS/200801_/Dados,14527598.0,,2026-09-16T09:42:18.531232+00:00,ok,True
SP,2008,10,available,RDSP0810.dbc,/dissemin/publicos/SIHSUS/200801_/Dados,14052194.0,,2026-09-16T09:42:18.531232+00:00,ok,True
SP,2008,11,available,RDSP0811.dbc,/dissemin/publicos/SIHSUS/200801_/Dados,12650218.0,,2026-09-16T09:42:18.531232+00:00,ok,True
SP,2008,12,available,RDSP0812.dbc,/dissemin/publicos/SIHSUS/200801_/Dados,12835174.0,,2026-09-16T09:42:18.531232+00:00,ok,True
TO,2008,1,available,RDTO0801.dbc,/dissemin/publicos/SIHSUS/200801_/Dados,418955.0,,2026-09-16T09:42:18.531232+00:00,ok,True
TO,2008,2,available,RDTO0802.dbc,/dissemin/publicos/SIHSUS/200801_/Dados,515269.0,,2026-09-16T09:42:18.531232+00:00,ok,True
TO,2008,3,available,RDTO0803.dbc,/dissemin/publicos/SIHSUS/200801_/Dados,628904.0,,2026-09-16T09:42:18.531232+00:00,ok,True
TO,2008,4,available,RDTO0804.dbc,/dissemin/publicos/SIHSUS/200801_/Dados,562023.0,,2026-09-16T09:42:18.531232+00:00,ok,True
TO,2008,5,available,RDTO0805.dbc,/dissemin/publicos/SIHSUS/200801_/Dados,577763.0,,2026-09-16T09:42:18.531232+00:00,ok,True
TO,2008,6,available,RDTO0806.dbc,/dissemin/publicos/SIHSUS/200801_/Dados,544433.0,,2026-09-16T09:42:18.531232+00:00,ok,True
TO,2008,7,available,RDTO0807.dbc,/dissemin/publicos/SIHSUS/200801_/Dados,589015.0,,2026-09-16T09:42:18.531232+00:00,ok,True
TO,2008,8,available,RDTO0808.dbc,/dissemin/publicos/SIHSUS/200801_/Dados,558847.0,,2026-09-16T09:42:18.531232+00:00,ok,True
TO,2008,9,available,RDTO0809.dbc,/dissemin/publicos/SIHSUS/200801_/Dados,564392.0,,2026-09-16T09:42:18.531232+00:00,ok,True
TO,2008,10,available,RDTO0810.dbc,/dissemin/publicos/SIHSUS/200801_/Dados,520479.0,,2026-09-16T09:42:18.531232+00:00,ok,True
TO,2008,11,available,RDTO0811.dbc,/dissemin/publicos/SIHSUS/200801_/Dados,551627.0,,2026-09-16T09:42:18.531232+00:00,ok,True
TO,2008,12,available,RDTO0812.dbc,/dissemin/publicos/SIHSUS/200801_/Dados,519447.0,,2026-09-16T09:42:18.531232+00:00,ok,True
AC,2009,1,available,RDAC0901.dbc,/dissemin/publicos/SIHSUS/200801_/Dados,286321.0,,2026-09-16T09:42:18.531232+00:00,ok,True
AC,2009,2,available,RDAC0902.dbc,/dissemin/publicos/SIHSUS/200801_/Dados,278257.0,,2026-09-16T09:42:18.531232+00:00,ok,True
AC,2009,3,available,RDAC0903.dbc,/dissemin/publicos/SIHSUS/200801_/Dados,261183.0,,2026-09-16T09:42:18.531232+00:00,ok,True
AC,2009,4,available,RDAC0904.dbc,/dissemin/publicos/SIHSUS/200801_/Dados,302444.0,,2026-09-16T09:42:18.531232+00:00,ok,True
AC,2009,5,available,RDAC0905.dbc,/dissemin/publicos/SIHSUS/200801_/Dados,297840.0,,2026-09-16T09:42:18.531232+00:00,ok,True
AC,2009,6,available,RDAC0906.dbc,/dissemin/publicos/SIHSUS/200801_/Dados,270815.0,,2026-09-16T09:42:18.531232+00:00,ok,True
AC,2009,7,available,RDAC0907.dbc,/dissemin/publicos/SIHSUS/200801_/Dados,287862.0,,2026-09-16T09:42:18.531232+00:00,ok,True
AC,2009,8,available,RDAC0908.dbc,/dissemin/publicos/SIHSUS/200801_/Dados,280791.0,,2026-09-16T09:42:18.531232+00:00,ok,True
AC,2009,9,available,RDAC0909.dbc,/dissemin/publicos/SIHSUS/200801_/Dados,197298.0,,2026-09-16T09:42:18.531232+00:00,ok,True
AC,2009,10,available,RDAC0910.dbc,/dissemin/publicos/SIHSUS/200801_/Dados,300944.0,,2026-09-16T09:42:18.531232+00:00,ok,True
AC,2009,11,available,RDAC0911.dbc,/dissemin/publicos/SIHSUS/200801_/Dados,261105.0,,2026-09-16T09:42:18.531232+00:00,ok,True
AC,2009,12,available,RDAC0912.dbc,/dissemin/publicos/SIHSUS/200801_/Dados,280452.0,,2026-09-16T09:42:18.531232+00:00,ok,True
AL,2009,1,available,RDAL0901.dbc,/dissemin/publicos/SIHSUS/200801_/Dados,813239.0,,2026-09-16T09:42:18.531232+00:00,ok,True
AL,2009,2,available,RDAL0902.dbc,/dissemin/publicos/SIHSUS/200801_/Dados,800382.0,,2026-09-16T09:42:18.531232+00:00,ok,True
AL,2009,3,available,RDAL0903.dbc,/dissemin/publicos/SIHSUS/200801_/Dados,959705.0,,2026-09-16T09:42:18.531232+00:00,ok,True
AL,2009,4,available,RDAL0904.dbc,/dissemin/publicos/SIHSUS/200801_/Dados,965110.0,,2026-09-16T09:42:18.531232+00:00,ok,True
AL,2009,5,available,RDAL0905.dbc,/dissemin/publicos/SIHSUS/200801_/Dados,977841.0,,2026-09-16T09:42:18.531232+00:00,ok,True
AL,2009,6,available,RDAL0906.dbc,/dissemin/publicos/SIHSUS/200801_/Dados,925434.0,,2026-09-16T09:42:18.531232+00:00,ok,True
AL,2009,7,available,RDAL0907.dbc,/dissemin/publicos/SIHSUS/200801_/Dados,945321.0,,2026-09-16T09:42:18.531232+00:00,ok,True
AL,2009,8,available,RDAL0908.dbc,/dissemin/publicos/SIHSUS/200801_/Dados,895686.0,,2026-09-16T09:42:18.531232+00:00,ok,True
AL,2009,9,available,RDAL0909.dbc,/dissemin/publicos/SIHSUS/200801_/Dados,938246.0,,2026-09-16T09:42:18.531232+00:00,ok,True
AL,2009,10,available,RDAL0910.dbc,/dissemin/publicos/SIHSUS/200801_/Dados,965539.0,,2026-09-16T09:42:18.531232+00:00,ok,True
AL,2009,11,available,RDAL0911.dbc,/dissemin/publicos/SIHSUS/200801_/Dados,920344.0,,2026-09-16T09:42:18.531232+00:00,ok,True
AL,2009,12,available,RDAL0912.dbc,/dissemin/publicos/SIHSUS/200801_/Dados,906200.0,,2026-09-16T09:42:18.531232+00:00,ok,True
AM,2009,1,available,RDAM0901.dbc,/dissemin/publicos/SIHSUS/200801_/Dados,655362.0,,2026-09-16T09:42:18.531232+00:00,ok,True
AM,2009,2,available,RDAM0902.dbc,/dissemin/publicos/SIHSUS/200801_/Dados,589188.0,,2026-09-16T09:42:18.531232+00:00,ok,True
AM,2009,3,available,RDAM0903.dbc,/dissemin/publicos/SIHSUS/200801_/Dados,865970.0,,2026-09-16T09:42:18.531232+00:00,ok,True
AM,2009,4,available,RDAM0904.dbc,/dissemin/publicos/SIHSUS/200801_/Dados,782543.0,,2026-09-16T09:42:18.531232+00:00,ok,True
AM,2009,5,available,RDAM0905.dbc,/dissemin/publicos/SIHSUS/200801_/Dados,800009.0,,2026-09-16T09:42:18.531232+00:00,ok,True
AM,2009,6,available,RDAM0906.dbc,/dissemin/publicos/SIHSUS/200801_/Dados,791900.0,,2026-09-16T09:42:18.531232+00:00,ok,True
AM,2009,7,available,RDAM0907.dbc,/dissemin/publicos/SIHSUS/200801_/Dados,858104.0,,2026-09-16T09:42:18.531232+00:00,ok,True
AM,2009,8,available,RDAM0908.dbc,/dissemin/publicos/SIHSUS/200801_/Dados,819976.0,,2026-09-16T09:42:18.531232+00:00,ok,True
AM,2009,9,available,RDAM0909.dbc,/dissemin/publicos/SIHSUS/200801_/Dados,856300.0,,2026-09-16T09:42:18.531232+00:00,ok,True
AM,2009,10,available,RDAM0910.dbc,/dissemin/publicos/SIHSUS/200801_/Dados,801641.0,,2026-09-16T09:42:18.531232+00:00,ok,True
AM,2009,11,available,RDAM0911.dbc,/dissemin/publicos/SIHSUS/200801_/Dados,763022.0,,2026-09-16T09:42:18.531232+00:00,ok,True
AM,2009,12,available,RDAM0912.dbc,/dissemin/publicos/SIHSUS/200801_/Dados,758427.0,,2026-09-16T09:42:18.531232+00:00,ok,True
AP,2009,1,available,RDAP0901.dbc,/dissemin/publicos/SIHSUS/200801_/Dados,175379.0,,2026-09-16T09:42:18.531232+00:00,ok,True
AP,2009,2,available,RDAP0902.dbc,/dissemin/publicos/SIHSUS/200801_/Dados,196916.0,,2026-09-16T09:42:18.531232+00:00,ok,True
AP,2009,3,available,RDAP0903.dbc,/dissemin/publicos/SIHSUS/200801_/Dados,191977.0,,2026-09-16T09:42:18.531232+00:00,ok,True
AP,2009,4,available,RDAP0904.dbc,/dissemin/publicos/SIHSUS/200801_/Dados,227467.0,,2026-09-16T09:42:18.531232+00:00,ok,True
AP,2009,5,available,RDAP0905.dbc,/dissemin/publicos/SIHSUS/200801_/Dados,183349.0,,2026-09-16T09:42:18.531232+00:00,ok,True
AP,2009,6,available,RDAP0906.dbc,/dissemin/publicos/SIHSUS/200801_/Dados,185832.0,,2026-09-16T09:42:18.531232+00:00,ok,True
AP,2009,7,available,RDAP0907.dbc,/dissemin/publicos/SIHSUS/200801_/Dados,193542.0,,2026-09-16T09:42:18.531232+00:00,ok,True
AP,2009,8,available,RDAP0908.dbc,/dissemin/publicos/SIHSUS/200801_/Dados,189616.0,,2026-09-16T09:42:18.531232+00:00,ok,True
AP,2009,9,available,RDAP0909.dbc,/dissemin/publicos/SIHSUS/200801_/Dados,192942.0,,2026-09-16T09:42:18.531232+00:00,ok,True
AP,2009,10,available,RDAP0910.dbc,/dissemin/publicos/SIHSUS/200801_/Dados,198962.0,,2026-09-16T09:42:18.531232+00:00,ok,True
AP,2009,11,available,RDAP0911.dbc,/dissemin/publicos/SIHSUS/200801_/Dados,206397.0,,2026-09-16T09:42:18.531232+00:00,ok,True
AP,2009,12,available,RDAP0912.dbc,/dissemin/publicos/SIHSUS/200801_/Dados,185285.0,,2026-09-16T09:42:18.531232+00:00,ok,True
BA,2009,1,available,RDBA0901.dbc,/dissemin/publicos/SIHSUS/200801_/Dados,3652642.0,,2026-09-16T09:42:18.531232+00:00,ok,True
BA,2009,2,available,RDBA0902.dbc,/dissemin/publicos/SIHSUS/200801_/Dados,4228996.0,,2026-09-16T09:42:18.531232+00:00,ok,True
BA,2009,3,available,RDBA0903.dbc,/dissemin/publicos/SIHSUS/200801_/Dados,4670785.0,,2026-09-16T09:42:18.531232+00:00,ok,True
BA,2009,4,available,RDBA0904.dbc,/dissemin/publicos/SIHSUS/200801_/Dados,4695660.0,,2026-09-16T09:42:18.531232+00:00,ok,True
BA,2009,5,available,RDBA0905.dbc,/dissemin/publicos/SIHSUS/200801_/Dados,4515559.0,,2026-09-16T09:42:18.531232+00:00,ok,True
BA,2009,6,available,RDBA0906.dbc,/dissemin/publicos/SIHSUS/200801_/Dados,4609654.0,,2026-09-16T09:42:18.531232+00:00,ok,True
BA,2009,7,available,RDBA0907.dbc,/dissemin/publicos/SIHSUS/200801_/Dados,4669952.0,,2026-09-16T09:42:18.531232+00:00,ok,True
BA,2009,8,available,RDBA0908.dbc,/dissemin/publicos/SIHSUS/200801_/Dados,4770681.0,,2026-09-16T09:42:18.531232+00:00,ok,True
BA,2009,9,available,RDBA0909.dbc,/dissemin/publicos/SIHSUS/200801_/Dados,4929041.0,,2026-09-16T09:42:18.531232+00:00,ok,True
BA,2009,10,available,RDBA0910.dbc,/dissemin/publicos/SIHSUS/200801_/Dados,4749789.0,,2026-09-16T09:42:18.531232+00:00,ok,True
BA,2009,11,available,RDBA0911.dbc,/dissemin/publicos/SIHSUS/200801_/Dados,4784158.0,,2026-09-16T09:42:18.531232+00:00,ok,True
BA,2009,12,available,RDBA0912.dbc,/dissemin/publicos/SIHSUS/200801_/Dados,4573627.0,,2026-09-16T09:42:18.531232+00:00,ok,True
CE,2009,1,available,RDCE0901.dbc,/dissemin/publicos/SIHSUS/200801_/Dados,2249751.0,,2026-09-16T09:42:18.531232+00:00,ok,True
CE,2009,2,available,RDCE0902.dbc,/dissemin/publicos/SIHSUS/200801_/Dados,2366571.0,,2026-09-16T09:42:18.531232+00:00,ok,True
CE,2009,3,available,RDCE0903.dbc,/dissemin/publicos/SIHSUS/200801_/Dados,2752353.0,,2026-09-16T09:42:18.531232+00:00,ok,True
CE,2009,4,available,RDCE0904.dbc,/dissemin/publicos/SIHSUS/200801_/Dados,2649214.0,,2026-09-16T09:42:18.531232+00:00,ok,True
CE,2009,5,available,RDCE0905.dbc,/dissemin/publicos/SIHSUS/200801_/Dados,2711873.0,,2026-09-16T09:42:18.531232+00:00,ok,True
CE,2009,6,available,RDCE0906.dbc,/dissemin/publicos/SIHSUS/200801_/Dados,2652273.0,,2026-09-16T09:42:18.531232+00:00,ok,True
CE,2009,7,available,RDCE0907.dbc,/dissemin/publicos/SIHSUS/200801_/Dados,2640037.0,,2026-09-16T09:42:18.531232+00:00,ok,True
CE,2009,8,available,RDCE0908.dbc,/dissemin/publicos/SIHSUS/200801_/Dados,2698039.0,,2026-09-16T09:42:18.531232+00:00,ok,True
CE,2009,9,available,RDCE0909.dbc,/dissemin/publicos/SIHSUS/200801_/Dados,2653571.0,,2026-09-16T09:42:18.531232+00:00,ok,True
CE,2009,10,available,RDCE0910.dbc,/dissemin/publicos/SIHSUS/200801_/Dados,2633669.0,,2026-09-16T09:42:18.531232+00:00,ok,True
CE,2009,11,available,RDCE0911.dbc,/dissemin/publicos/SIHSUS/200801_/Dados,2608187.0,,2026-09-16T09:42:18.531232+00:00,ok,True
CE,2009,12,available,RDCE0912.dbc,/dissemin/publicos/SIHSUS/200801_/Dados,2456478.0,,2026-09-16T09:42:18.531232+00:00,ok,True
DF,2009,1,available,RDDF0901.dbc,/dissemin/publicos/SIHSUS/200801_/Dados,990011.0,,2026-09-16T09:42:18.531232+00:00,ok,True
DF,2009,2,available,RDDF0902.dbc,/dissemin/publicos/SIHSUS/200801_/Dados,831883.0,,2026-09-16T09:42:18.531232+00:00,ok,True
DF,2009,3,available,RDDF0903.dbc,/dissemin/publicos/SIHSUS/200801_/Dados,1049912.0,,2026-09-16T09:42:18.531232+00:00,ok,True
DF,2009,4,available,RDDF0904.dbc,/dissemin/publicos/SIHSUS/200801_/Dados,1003805.0,,2026-09-16T09:42:18.531232+00:00,ok,True
DF,2009,5,available,RDDF0905.dbc,/dissemin/publicos/SIHSUS/200801_/Dados,1153266.0,,2026-09-16T09:42:18.531232+00:00,ok,True
DF,2009,6,available,RDDF0906.dbc,/dissemin/publicos/SIHSUS/200801_/Dados,1193989.0,,2026-09-16T09:42:18.531232+00:00,ok,True
DF,2009,7,available,RDDF0907.dbc,/dissemin/publicos/SIHSUS/200801_/Dados,1041670.0,,2026-09-16T09:42:18.531232+00:00,ok,True
DF,2009,8,available,RDDF0908.dbc,/dissemin/publicos/SIHSUS/200801_/Dados,1091523.0,,2026-09-16T09:42:18.531232+00:00,ok,True
DF,2009,9,available,RDDF0909.dbc,/dissemin/publicos/SIHSUS/200801_/Dados,1034234.0,,2026-09-16T09:42:18.531232+00:00,ok,True
DF,2009,10,available,RDDF0910.dbc,/dissemin/publicos/SIHSUS/200801_/Dados,1079734.0,,2026-09-16T09:42:18.531232+00:00,ok,True
DF,2009,11,available,RDDF0911.dbc,/dissemin/publicos/SIHSUS/200801_/Dados,982411.0,,2026-09-16T09:42:18.531232+00:00,ok,True
DF,2009,12,available,RDDF0912.dbc,/dissemin/publicos/SIHSUS/200801_/Dados,892404.0,,2026-09-16T09:42:18.531232+00:00,ok,True
ES,2009,1,available,RDES0901.dbc,/dissemin/publicos/SIHSUS/200801_/Dados,973896.0,,2026-09-16T09:42:18.531232+00:00,ok,True
ES,2009,2,available,RDES0902.dbc,/dissemin/publicos/SIHSUS/200801_/Dados,1059834.0,,2026-09-16T09:42:18.531232+00:00,ok,True
ES,2009,3,available,RDES0903.dbc,/dissemin/publicos/SIHSUS/200801_/Dados,1132295.0,,2026-09-16T09:42:18.531232+00:00,ok,True
ES,2009,4,available,RDES0904.dbc,/dissemin/publicos/SIHSUS/200801_/Dados,1174630.0,,2026-09-16T09:42:18.531232+00:00,ok,True
ES,2009,5,available,RDES0905.dbc,/dissemin/publicos/SIHSUS/200801_/Dados,1204575.0,,2026-09-16T09:42:18.531232+00:00,ok,True
ES,2009,6,available,RDES0906.dbc,/dissemin/publicos/SIHSUS/200801_/Dados,1151722.0,,2026-09-16T09:42:18.531232+00:00,ok,True
ES,2009,7,available,RDES0907.dbc,/dissemin/publicos/SIHSUS/200801_/Dados,1155494.0,,2026-09-16T09:42:18.531232+00:00,ok,True
ES,2009,8,available,RDES0908.dbc,/dissemin/publicos/SIHSUS/200801_/Dados,1228693.0,,2026-09-16T09:42:18.531232+00:00,ok,True
ES,2009,9,available,RDES0909.dbc,/dissemin/publicos/SIHSUS/200801_/Dados,1160837.0,,2026-09-16T09:42:18.531232+00:00,ok,True
ES,2009,10,available,RDES0910.dbc,/dissemin/publicos/SIHSUS/200801_/Dados,1197467.0,,2026-09-16T09:42:18.531232+00:00,ok,True
ES,2009,11,available,RDES0911.dbc,/dissemin/publicos/SIHSUS/200801_/Dados,1098915.0,,2026-09-16T09:42:18.531232+00:00,ok,True
ES,2009,12,available,RDES0912.dbc,/dissemin/publicos/SIHSUS/200801_/Dados,1065963.0,,2026-09-16T09:42:18.531232+00:00,ok,True
GO,2009,1,available,RDGO0901.dbc,/dissemin/publicos/SIHSUS/200801_/Dados,1762838.0,,2026-09-16T09:42:18.531232+00:00,ok,True
GO,2009,2,available,RDGO0902.dbc,/dissemin/publicos/SIHSUS/200801_/Dados,1916186.0,,2026-09-16T09:42:18.531232+00:00,ok,True
GO,2009,3,available,RDGO0903.dbc,/dissemin/publicos/SIHSUS/200801_/Dados,2043698.0,,2026-09-16T09:42:18.531232+00:00,ok,True
GO,2009,4,available,RDGO0904.dbc,/dissemin/publicos/SIHSUS/200801_/Dados,2023850.0,,2026-09-16T09:42:18.531232+00:00,ok,True
GO,2009,5,available,RDGO0905.dbc,/dissemin/publicos/SIHSUS/200801_/Dados,2099068.0,,2026-09-16T09:42:18.531232+00:00,ok,True
GO,2009,6,available,RDGO0906.dbc,/dissemin/publicos/SIHSUS/200801_/Dados,2038326.0,,2026-09-16T09:42:18.531232+00:00,ok,True
GO,2009,7,available,RDGO0907.dbc,/dissemin/publicos/SIHSUS/200801_/Dados,1992337.0,,2026-09-16T09:42:18.531232+00:00,ok,True
GO,2009,8,available,RDGO0908.dbc,/dissemin/publicos/SIHSUS/200801_/Dados,2028989.0,,2026-09-16T09:42:18.531232+00:00,ok,True
GO,2009,9,available,RDGO0909.dbc,/dissemin/publicos/SIHSUS/200801_/Dados,2014227.0,,2026-09-16T09:42:18.531232+00:00,ok,True
GO,2009,10,available,RDGO0910.dbc,/dissemin/publicos/SIHSUS/200801_/Dados,2055942.0,,2026-09-16T09:42:18.531232+00:00,ok,True
GO,2009,11,available,RDGO0911.dbc,/dissemin/publicos/SIHSUS/200801_/Dados,2049003.0,,2026-09-16T09:42:18.531232+00:00,ok,True
GO,2009,12,available,RDGO0912.dbc,/dissemin/publicos/SIHSUS/200801_/Dados,2036014.0,,2026-09-16T09:42:18.531232+00:00,ok,True
MA,2009,1,available,RDMA0901.dbc,/dissemin/publicos/SIHSUS/200801_/Dados,1472500.0,,2026-09-16T09:42:18.531232+00:00,ok,True
MA,2009,2,available,RDMA0902.dbc,/dissemin/publicos/SIHSUS/200801_/Dados,1596204.0,,2026-09-16T09:42:18.531232+00:00,ok,True
MA,2009,3,available,RDMA0903.dbc,/dissemin/publicos/SIHSUS/200801_/Dados,1597990.0,,2026-09-16T09:42:18.531232+00:00,ok,True
MA,2009,4,available,RDMA0904.dbc,/dissemin/publicos/SIHSUS/200801_/Dados,1694074.0,,2026-09-16T09:42:18.531232+00:00,ok,True
MA,2009,5,available,RDMA0905.dbc,/dissemin/publicos/SIHSUS/200801_/Dados,1721549.0,,2026-09-16T09:42:18.531232+00:00,ok,True
MA,2009,6,available,RDMA0906.dbc,/dissemin/publicos/SIHSUS/200801_/Dados,1755630.0,,2026-09-16T09:42:18.531232+00:00,ok,True
MA,2009,7,available,RDMA0907.dbc,/dissemin/publicos/SIHSUS/200801_/Dados,1764699.0,,2026-09-16T09:42:18.531232+00:00,ok,True
MA,2009,8,available,RDMA0908.dbc,/dissemin/publicos/SIHSUS/200801_/Dados,1833896.0,,2026-09-16T09:42:18.531232+00:00,ok,True
MA,2009,9,available,RDMA0909.dbc,/dissemin/publicos/SIHSUS/200801_/Dados,1885917.0,,2026-09-16T09:42:18.531232+00:00,ok,True
MA,2009,10,available,RDMA0910.dbc,/dissemin/publicos/SIHSUS/200801_/Dados,1916721.0,,2026-09-16T09:42:18.531232+00:00,ok,True
MA,2009,11,available,RDMA0911.dbc,/dissemin/publicos/SIHSUS/200801_/Dados,1792891.0,,2026-09-16T09:42:18.531232+00:00,ok,True
MA,2009,12,available,RDMA0912.dbc,/dissemin/publicos/SIHSUS/200801_/Dados,1778879.0,,2026-09-16T09:42:18.531232+00:00,ok,True
MG,2009,1,available,RDMG0901.dbc,/dissemin/publicos/SIHSUS/200801_/Dados,6323383.0,,2026-09-16T09:42:18.531232+00:00,ok,True
MG,2009,2,available,RDMG0902.dbc,/dissemin/publicos/SIHSUS/200801_/Dados,6265480.0,,2026-09-16T09:42:18.531232+00:00,ok,True
MG,2009,3,available,RDMG0903.dbc,/dissemin/publicos/SIHSUS/200801_/Dados,6820466.0,,2026-09-16T09:42:18.531232+00:00,ok,True
MG,2009,4,available,RDMG0904.dbc,/dissemin/publicos/SIHSUS/200801_/Dados,6652524.0,,2026-09-16T09:42:18.531232+00:00,ok,True
MG,2009,5,available,RDMG0905.dbc,/dissemin/publicos/SIHSUS/200801_/Dados,7000508.0,,2026-09-16T09:42:18.531232+00:00,ok,True
MG,2009,6,available,RDMG0906.dbc,/dissemin/publicos/SIHSUS/200801_/Dados,6739616.0,,2026-09-16T09:42:18.531232+00:00,ok,True
MG,2009,7,available,RDMG0907.dbc,/dissemin/publicos/SIHSUS/200801_/Dados,6968828.0,,2026-09-16T09:42:18.531232+00:00,ok,True
MG,2009,8,available,RDMG0908.dbc,/dissemin/publicos/SIHSUS/200801_/Dados,6856921.0,,2026-09-16T09:42:18.531232+00:00,ok,True
MG,2009,9,available,RDMG0909.dbc,/dissemin/publicos/SIHSUS/200801_/Dados,6719567.0,,2026-09-16T09:42:18.531232+00:00,ok,True
MG,2009,10,available,RDMG0910.dbc,/dissemin/publicos/SIHSUS/200801_/Dados,6747598.0,,2026-09-16T09:42:18.531232+00:00,ok,True
MG,2009,11,available,RDMG0911.dbc,/dissemin/publicos/SIHSUS/200801_/Dados,6771205.0,,2026-09-16T09:42:18.531232+00:00,ok,True
MG,2009,12,available,RDMG0912.dbc,/dissemin/publicos/SIHSUS/200801_/Dados,6459876.0,,2026-09-16T09:42:18.531232+00:00,ok,True
MS,2009,1,available,RDMS0901.dbc,/dissemin/publicos/SIHSUS/200801_/Dados,857767.0,,2026-09-16T09:42:18.531232+00:00,ok,True
MS,2009,2,available,RDMS0902.dbc,/dissemin/publicos/SIHSUS/200801_/Dados,845198.0,,2026-09-16T09:42:18.531232+00:00,ok,True
MS,2009,3,available,RDMS0903.dbc,/dissemin/publicos/SIHSUS/200801_/Dados,898758.0,,2026-09-16T09:42:18.531232+00:00,ok,True
MS,2009,4,available,RDMS0904.dbc,/dissemin/publicos/SIHSUS/200801_/Dados,926042.0,,2026-09-16T09:42:18.531232+00:00,ok,True
MS,2009,5,available,RDMS0905.dbc,/dissemin/publicos/SIHSUS/200801_/Dados,932996.0,,2026-09-16T09:42:18.531232+00:00,ok,True
MS,2009,6,available,RDMS0906.dbc,/dissemin/publicos/SIHSUS/200801_/Dados,931781.0,,2026-09-16T09:42:18.531232+00:00,ok,True
MS,2009,7,available,RDMS0907.dbc,/dissemin/publicos/SIHSUS/200801_/Dados,961164.0,,2026-09-16T09:42:18.531232+00:00,ok,True
MS,2009,8,available,RDMS0908.dbc,/dissemin/publicos/SIHSUS/200801_/Dados,913663.0,,2026-09-16T09:42:18.531232+00:00,ok,True
MS,2009,9,available,RDMS0909.dbc,/dissemin/publicos/SIHSUS/200801_/Dados,931680.0,,2026-09-16T09:42:18.531232+00:00,ok,True
MS,2009,10,available,RDMS0910.dbc,/dissemin/publicos/SIHSUS/200801_/Dados,928611.0,,2026-09-16T09:42:18.531232+00:00,ok,True
MS,2009,11,available,RDMS0911.dbc,/dissemin/publicos/SIHSUS/200801_/Dados,890273.0,,2026-09-16T09:42:18.531232+00:00,ok,True
MS,2009,12,available,RDMS0912.dbc,/dissemin/publicos/SIHSUS/200801_/Dados,868444.0,,2026-09-16T09:42:18.531232+00:00,ok,True
MT,2009,1,available,RDMT0901.dbc,/dissemin/publicos/SIHSUS/200801_/Dados,923086.0,,2026-09-16T09:42:18.531232+00:00,ok,True
MT,2009,2,available,RDMT0902.dbc,/dissemin/publicos/SIHSUS/200801_/Dados,872801.0,,2026-09-16T09:42:18.531232+00:00,ok,True
MT,2009,3,available,RDMT0903.dbc,/dissemin/publicos/SIHSUS/200801_/Dados,1050209.0,,2026-09-16T09:42:18.531232+00:00,ok,True
MT,2009,4,available,RDMT0904.dbc,/dissemin/publicos/SIHSUS/200801_/Dados,969393.0,,2026-09-16T09:42:18.531232+00:00,ok,True
MT,2009,5,available,RDMT0905.dbc,/dissemin/publicos/SIHSUS/200801_/Dados,1033754.0,,2026-09-16T09:42:18.531232+00:00,ok,True
MT,2009,6,available,RDMT0906.dbc,/dissemin/publicos/SIHSUS/200801_/Dados,1055847.0,,2026-09-16T09:42:18.531232+00:00,ok,True
MT,2009,7,available,RDMT0907.dbc,/dissemin/publicos/SIHSUS/200801_/Dados,990266.0,,2026-09-16T09:42:18.531232+00:00,ok,True
MT,2009,8,available,RDMT0908.dbc,/dissemin/publicos/SIHSUS/200801_/Dados,996261.0,,2026-09-16T09:42:18.531232+00:00,ok,True
MT,2009,9,available,RDMT0909.dbc,/dissemin/publicos/SIHSUS/200801_/Dados,915235.0,,2026-09-16T09:42:18.531232+00:00,ok,True
MT,2009,10,available,RDMT0910.dbc,/dissemin/publicos/SIHSUS/200801_/Dados,1002711.0,,2026-09-16T09:42:18.531232+00:00,ok,True
MT,2009,11,available,RDMT0911.dbc,/dissemin/publicos/SIHSUS/200801_/Dados,956149.0,,2026-09-16T09:42:18.531232+00:00,ok,True
MT,2009,12,available,RDMT0912.dbc,/dissemin/publicos/SIHSUS/200801_/Dados,918632.0,,2026-09-16T09:42:18.531232+00:00,ok,True
PA,2009,1,available,RDPA0901.dbc,/dissemin/publicos/SIHSUS/200801_/Dados,2416514.0,,2026-09-16T09:42:18.531232+00:00,ok,True
PA,2009,2,available,RDPA0902.dbc,/dissemin/publicos/SIHSUS/200801_/Dados,2414504.0,,2026-09-16T09:42:18.531232+00:00,ok,True
PA,2009,3,available,RDPA0903.dbc,/dissemin/publicos/SIHSUS/200801_/Dados,2633290.0,,2026-09-16T09:42:18.531232+00:00,ok,True
PA,2009,4,available,RDPA0904.dbc,/dissemin/publicos/SIHSUS/200801_/Dados,2566664.0,,2026-09-16T09:42:18.531232+00:00,ok,True
PA,2009,5,available,RDPA0905.dbc,/dissemin/publicos/SIHSUS/200801_/Dados,2507586.0,,2026-09-16T09:42:18.531232+00:00,ok,True
PA,2009,6,available,RDPA0906.dbc,/dissemin/publicos/SIHSUS/200801_/Dados,2462555.0,,2026-09-16T09:42:18.531232+00:00,ok,True
PA,2009,7,available,RDPA0907.dbc,/dissemin/publicos/SIHSUS/200801_/Dados,2815886.0,,2026-09-16T09:42:18.531232+00:00,ok,True
PA,2009,8,available,RDPA0908.dbc,/dissemin/publicos/SIHSUS/200801_/Dados,2724660.0,,2026-09-16T09:42:18.531232+00:00,ok,True
PA,2009,9,available,RDPA0909.dbc,/dissemin/publicos/SIHSUS/200801_/Dados,2702197.0,,2026-09-16T09:42:18.531232+00:00,ok,True
PA,2009,10,available,RDPA0910.dbc,/dissemin/publicos/SIHSUS/200801_/Dados,2708628.0,,2026-09-16T09:42:18.531232+00:00,ok,True
PA,2009,11,available,RDPA0911.dbc,/dissemin/publicos/SIHSUS/200801_/Dados,2497752.0,,2026-09-16T09:42:18.531232+00:00,ok,True
PA,2009,12,available,RDPA0912.dbc,/dissemin/publicos/SIHSUS/200801_/Dados,2515095.0,,2026-09-16T09:42:18.531232+00:00,ok,True
PB,2009,1,available,RDPB0901.dbc,/dissemin/publicos/SIHSUS/200801_/Dados,1122965.0,,2026-09-16T09:42:18.531232+00:00,ok,True
PB,2009,2,available,RDPB0902.dbc,/dissemin/publicos/SIHSUS/200801_/Dados,1130616.0,,2026-09-16T09:42:18.531232+00:00,ok,True
PB,2009,3,available,RDPB0903.dbc,/dissemin/publicos/SIHSUS/200801_/Dados,1271416.0,,2026-09-16T09:42:18.531232+00:00,ok,True
PB,2009,4,available,RDPB0904.dbc,/dissemin/publicos/SIHSUS/200801_/Dados,1285813.0,,2026-09-16T09:42:18.531232+00:00,ok,True
PB,2009,5,available,RDPB0905.dbc,/dissemin/publicos/SIHSUS/200801_/Dados,1359447.0,,2026-09-16T09:42:18.531232+00:00,ok,True
PB,2009,6,available,RDPB0906.dbc,/dissemin/publicos/SIHSUS/200801_/Dados,1311536.0,,2026-09-16T09:42:18.531232+00:00,ok,True
PB,2009,7,available,RDPB0907.dbc,/dissemin/publicos/SIHSUS/200801_/Dados,1322915.0,,2026-09-16T09:42:18.531232+00:00,ok,True
PB,2009,8,available,RDPB0908.dbc,/dissemin/publicos/SIHSUS/200801_/Dados,1323419.0,,2026-09-16T09:42:18.531232+00:00,ok,True
PB,2009,9,available,RDPB0909.dbc,/dissemin/publicos/SIHSUS/200801_/Dados,1334563.0,,2026-09-16T09:42:18.531232+00:00,ok,True
PB,2009,10,available,RDPB0910.dbc,/dissemin/publicos/SIHSUS/200801_/Dados,1293220.0,,2026-09-16T09:42:18.531232+00:00,ok,True
PB,2009,11,available,RDPB0911.dbc,/dissemin/publicos/SIHSUS/200801_/Dados,1336885.0,,2026-09-16T09:42:18.531232+00:00,ok,True
PB,2009,12,available,RDPB0912.dbc,/dissemin/publicos/SIHSUS/200801_/Dados,1278684.0,,2026-09-16T09:42:18.531232+00:00,ok,True
PE,2009,1,available,RDPE0901.dbc,/dissemin/publicos/SIHSUS/200801_/Dados,2364308.0,,2026-09-16T09:42:18.531232+00:00,ok,True
PE,2009,2,available,RDPE0902.dbc,/dissemin/publicos/SIHSUS/200801_/Dados,2595774.0,,2026-09-16T09:42:18.531232+00:00,ok,True
PE,2009,3,available,RDPE0903.dbc,/dissemin/publicos/SIHSUS/200801_/Dados,2731856.0,,2026-09-16T09:42:18.531232+00:00,ok,True
PE,2009,4,available,RDPE0904.dbc,/dissemin/publicos/SIHSUS/200801_/Dados,2868124.0,,2026-09-16T09:42:18.531232+00:00,ok,True
PE,2009,5,available,RDPE0905.dbc,/dissemin/publicos/SIHSUS/200801_/Dados,2882288.0,,2026-09-16T09:42:18.531232+00:00,ok,True
PE,2009,6,available,RDPE0906.dbc,/dissemin/publicos/SIHSUS/200801_/Dados,2847860.0,,2026-09-16T09:42:18.531232+00:00,ok,True
PE,2009,7,available,RDPE0907.dbc,/dissemin/publicos/SIHSUS/200801_/Dados,2804456.0,,2026-09-16T09:42:18.531232+00:00,ok,True
PE,2009,8,available,RDPE0908.dbc,/dissemin/publicos/SIHSUS/200801_/Dados,2846440.0,,2026-09-16T09:42:18.531232+00:00,ok,True
PE,2009,9,available,RDPE0909.dbc,/dissemin/publicos/SIHSUS/200801_/Dados,2961374.0,,2026-09-16T09:42:18.531232+00:00,ok,True
PE,2009,10,available,RDPE0910.dbc,/dissemin/publicos/SIHSUS/200801_/Dados,3022225.0,,2026-09-16T09:42:18.531232+00:00,ok,True
PE,2009,11,available,RDPE0911.dbc,/dissemin/publicos/SIHSUS/200801_/Dados,2920934.0,,2026-09-16T09:42:18.531232+00:00,ok,True
PE,2009,12,available,RDPE0912.dbc,/dissemin/publicos/SIHSUS/200801_/Dados,2690706.0,,2026-09-16T09:42:18.531232+00:00,ok,True
PI,2009,1,available,RDPI0901.dbc,/dissemin/publicos/SIHSUS/200801_/Dados,1114229.0,,2026-09-16T09:42:18.531232+00:00,ok,True
PI,2009,2,available,RDPI0902.dbc,/dissemin/publicos/SIHSUS/200801_/Dados,1146098.0,,2026-09-16T09:42:18.531232+00:00,ok,True
PI,2009,3,available,RDPI0903.dbc,/dissemin/publicos/SIHSUS/200801_/Dados,1182084.0,,2026-09-16T09:42:18.531232+00:00,ok,True
PI,2009,4,available,RDPI0904.dbc,/dissemin/publicos/SIHSUS/200801_/Dados,1247112.0,,2026-09-16T09:42:18.531232+00:00,ok,True
PI,2009,5,available,RDPI0905.dbc,/dissemin/publicos/SIHSUS/200801_/Dados,1328778.0,,2026-09-16T09:42:18.531232+00:00,ok,True
PI,2009,6,available,RDPI0906.dbc,/dissemin/publicos/SIHSUS/200801_/Dados,1380855.0,,2026-09-16T09:42:18.531232+00:00,ok,True
PI,2009,7,available,RDPI0907.dbc,/dissemin/publicos/SIHSUS/200801_/Dados,1338245.0,,2026-09-16T09:42:18.531232+00:00,ok,True
PI,2009,8,available,RDPI0908.dbc,/dissemin/publicos/SIHSUS/200801_/Dados,1290923.0,,2026-09-16T09:42:18.531232+00:00,ok,True
PI,2009,9,available,RDPI0909.dbc,/dissemin/publicos/SIHSUS/200801_/Dados,1271228.0,,2026-09-16T09:42:18.531232+00:00,ok,True
PI,2009,10,available,RDPI0910.dbc,/dissemin/publicos/SIHSUS/200801_/Dados,1257709.0,,2026-09-16T09:42:18.531232+00:00,ok,True
PI,2009,11,available,RDPI0911.dbc,/dissemin/publicos/SIHSUS/200801_/Dados,1251788.0,,2026-09-16T09:42:18.531232+00:00,ok,True
PI,2009,12,available,RDPI0912.dbc,/dissemin/publicos/SIHSUS/200801_/Dados,1306993.0,,2026-09-16T09:42:18.531232+00:00,ok,True
PR,2009,1,available,RDPR0901.dbc,/dissemin/publicos/SIHSUS/200801_/Dados,4393639.0,,2026-09-16T09:42:18.531232+00:00,ok,True
PR,2009,2,available,RDPR0902.dbc,/dissemin/publicos/SIHSUS/200801_/Dados,4303774.0,,2026-09-16T09:42:18.531232+00:00,ok,True
PR,2009,3,available,RDPR0903.dbc,/dissemin/publicos/SIHSUS/200801_/Dados,4513409.0,,2026-09-16T09:42:18.531232+00:00,ok,True
PR,2009,4,available,RDPR0904.dbc,/dissemin/publicos/SIHSUS/200801_/Dados,4494493.0,,2026-09-16T09:42:18.531232+00:00,ok,True
PR,2009,5,available,RDPR0905.dbc,/dissemin/publicos/SIHSUS/200801_/Dados,4485773.0,,2026-09-16T09:42:18.531232+00:00,ok,True
PR,2009,6,available,RDPR0906.dbc,/dissemin/publicos/SIHSUS/200801_/Dados,4406741.0,,2026-09-16T09:42:18.531232+00:00,ok,True
PR,2009,7,available,RDPR0907.dbc,/dissemin/publicos/SIHSUS/200801_/Dados,4630454.0,,2026-09-16T09:42:18.531232+00:00,ok,True
PR,2009,8,available,RDPR0908.dbc,/dissemin/publicos/SIHSUS/200801_/Dados,4498557.0,,2026-09-16T09:42:18.531232+00:00,ok,True
PR,2009,9,available,RDPR0909.dbc,/dissemin/publicos/SIHSUS/200801_/Dados,4465392.0,,2026-09-16T09:42:18.531232+00:00,ok,True
PR,2009,10,available,RDPR0910.dbc,/dissemin/publicos/SIHSUS/200801_/Dados,4482962.0,,2026-09-16T09:42:18.531232+00:00,ok,True
PR,2009,11,available,RDPR0911.dbc,/dissemin/publicos/SIHSUS/200801_/Dados,4367679.0,,2026-09-16T09:42:18.531232+00:00,ok,True
PR,2009,12,available,RDPR0912.dbc,/dissemin/publicos/SIHSUS/200801_/Dados,4391484.0,,2026-09-16T09:42:18.531232+00:00,ok,True
RJ,2009,1,available,RDRJ0901.dbc,/dissemin/publicos/SIHSUS/200801_/Dados,3429099.0,,2026-09-16T09:42:18.531232+00:00,ok,True
RJ,2009,2,available,RDRJ0902.dbc,/dissemin/publicos/SIHSUS/200801_/Dados,3443549.0,,2026-09-16T09:42:18.531232+00:00,ok,True
RJ,2009,3,available,RDRJ0903.dbc,/dissemin/publicos/SIHSUS/200801_/Dados,3722491.0,,2026-09-16T09:42:18.531232+00:00,ok,True
RJ,2009,4,available,RDRJ0904.dbc,/dissemin/publicos/SIHSUS/200801_/Dados,3679856.0,,2026-09-16T09:42:18.531232+00:00,ok,True
RJ,2009,5,available,RDRJ0905.dbc,/dissemin/publicos/SIHSUS/200801_/Dados,3928873.0,,2026-09-16T09:42:18.531232+00:00,ok,True
RJ,2009,6,available,RDRJ0906.dbc,/dissemin/publicos/SIHSUS/200801_/Dados,3815416.0,,2026-09-16T09:42:18.531232+00:00,ok,True
RJ,2009,7,available,RDRJ0907.dbc,/dissemin/publicos/SIHSUS/200801_/Dados,4036782.0,,2026-09-16T09:42:18.531232+00:00,ok,True
RJ,2009,8,available,RDRJ0908.dbc,/dissemin/publicos/SIHSUS/200801_/Dados,3866848.0,,2026-09-16T09:42:18.531232+00:00,ok,True
RJ,2009,9,available,RDRJ0909.dbc,/dissemin/publicos/SIHSUS/200801_/Dados,3860956.0,,2026-09-16T09:42:18.531232+00:00,ok,True
RJ,2009,10,available,RDRJ0910.dbc,/dissemin/publicos/SIHSUS/200801_/Dados,3799929.0,,2026-09-16T09:42:18.531232+00:00,ok,True
RJ,2009,11,available,RDRJ0911.dbc,/dissemin/publicos/SIHSUS/200801_/Dados,3819691.0,,2026-09-16T09:42:18.531232+00:00,ok,True
RJ,2009,12,available,RDRJ0912.dbc,/dissemin/publicos/SIHSUS/200801_/Dados,3645501.0,,2026-09-16T09:42:18.531232+00:00,ok,True
RN,2009,1,available,RDRN0901.dbc,/dissemin/publicos/SIHSUS/200801_/Dados,751664.0,,2026-09-16T09:42:18.531232+00:00,ok,True
RN,2009,2,available,RDRN0902.dbc,/dissemin/publicos/SIHSUS/200801_/Dados,791901.0,,2026-09-16T09:42:18.531232+00:00,ok,True
RN,2009,3,available,RDRN0903.dbc,/dissemin/publicos/SIHSUS/200801_/Dados,891699.0,,2026-09-16T09:42:18.531232+00:00,ok,True
RN,2009,4,available,RDRN0904.dbc,/dissemin/publicos/SIHSUS/200801_/Dados,592242.0,,2026-09-16T09:42:18.531232+00:00,ok,True
RN,2009,5,available,RDRN0905.dbc,/dissemin/publicos/SIHSUS/200801_/Dados,987292.0,,2026-09-16T09:42:18.531232+00:00,ok,True
RN,2009,6,available,RDRN0906.dbc,/dissemin/publicos/SIHSUS/200801_/Dados,952814.0,,2026-09-16T09:42:18.531232+00:00,ok,True
RN,2009,7,available,RDRN0907.dbc,/dissemin/publicos/SIHSUS/200801_/Dados,960185.0,,2026-09-16T09:42:18.531232+00:00,ok,True
RN,2009,8,available,RDRN0908.dbc,/dissemin/publicos/SIHSUS/200801_/Dados,991556.0,,2026-09-16T09:42:18.531232+00:00,ok,True
RN,2009,9,available,RDRN0909.dbc,/dissemin/publicos/SIHSUS/200801_/Dados,980092.0,,2026-09-16T09:42:18.531232+00:00,ok,True
RN,2009,10,available,RDRN0910.dbc,/dissemin/publicos/SIHSUS/200801_/Dados,1007878.0,,2026-09-16T09:42:18.531232+00:00,ok,True
RN,2009,11,available,RDRN0911.dbc,/dissemin/publicos/SIHSUS/200801_/Dados,1014836.0,,2026-09-16T09:42:18.531232+00:00,ok,True
RN,2009,12,available,RDRN0912.dbc,/dissemin/publicos/SIHSUS/200801_/Dados,968890.0,,2026-09-16T09:42:18.531232+00:00,ok,True
RO,2009,1,available,RDRO0901.dbc,/dissemin/publicos/SIHSUS/200801_/Dados,362494.0,,2026-09-16T09:42:18.531232+00:00,ok,True
RO,2009,2,available,RDRO0902.dbc,/dissemin/publicos/SIHSUS/200801_/Dados,414320.0,,2026-09-16T09:42:18.531232+00:00,ok,True
RO,2009,3,available,RDRO0903.dbc,/dissemin/publicos/SIHSUS/200801_/Dados,437773.0,,2026-09-16T09:42:18.531232+00:00,ok,True
RO,2009,4,available,RDRO0904.dbc,/dissemin/publicos/SIHSUS/200801_/Dados,438350.0,,2026-09-16T09:42:18.531232+00:00,ok,True
RO,2009,5,available,RDRO0905.dbc,/dissemin/publicos/SIHSUS/200801_/Dados,473069.0,,2026-09-16T09:42:18.531232+00:00,ok,True
RO,2009,6,available,RDRO0906.dbc,/dissemin/publicos/SIHSUS/200801_/Dados,457706.0,,2026-09-16T09:42:18.531232+00:00,ok,True
RO,2009,7,available,RDRO0907.dbc,/dissemin/publicos/SIHSUS/200801_/Dados,454026.0,,2026-09-16T09:42:18.531232+00:00,ok,True
RO,2009,8,available,RDRO0908.dbc,/dissemin/publicos/SIHSUS/200801_/Dados,458267.0,,2026-09-16T09:42:18.531232+00:00,ok,True
RO,2009,9,available,RDRO0909.dbc,/dissemin/publicos/SIHSUS/200801_/Dados,452541.0,,2026-09-16T09:42:18.531232+00:00,ok,True
RO,2009,10,available,RDRO0910.dbc,/dissemin/publicos/SIHSUS/200801_/Dados,475715.0,,2026-09-16T09:42:18.531232+00:00,ok,True
RO,2009,11,available,RDRO0911.dbc,/dissemin/publicos/SIHSUS/200801_/Dados,486905.0,,2026-09-16T09:42:18.531232+00:00,ok,True
RO,2009,12,available,RDRO0912.dbc,/dissemin/publicos/SIHSUS/200801_/Dados,474973.0,,2026-09-16T09:42:18.531232+00:00,ok,True
RR,2009,1,available,RDRR0901.dbc,/dissemin/publicos/SIHSUS/200801_/Dados,136666.0,,2026-09-16T09:42:18.531232+00:00,ok,True
RR,2009,2,available,RDRR0902.dbc,/dissemin/publicos/SIHSUS/200801_/Dados,122676.0,,2026-09-16T09:42:18.531232+00:00,ok,True
RR,2009,3,available,RDRR0903.dbc,/dissemin/publicos/SIHSUS/200801_/Dados,140448.0,,2026-09-16T09:42:18.531232+00:00,ok,True
RR,2009,4,available,RDRR0904.dbc,/dissemin/publicos/SIHSUS/200801_/Dados,141606.0,,2026-09-16T09:42:18.531232+00:00,ok,True
RR,2009,5,available,RDRR0905.dbc,/dissemin/publicos/SIHSUS/200801_/Dados,182338.0,,2026-09-16T09:42:18.531232+00:00,ok,True
RR,2009,6,available,RDRR0906.dbc,/dissemin/publicos/SIHSUS/200801_/Dados,157033.0,,2026-09-16T09:42:18.531232+00:00,ok,True
RR,2009,7,available,RDRR0907.dbc,/dissemin/publicos/SIHSUS/200801_/Dados,168939.0,,2026-09-16T09:42:18.531232+00:00,ok,True
RR,2009,8,available,RDRR0908.dbc,/dissemin/publicos/SIHSUS/200801_/Dados,176601.0,,2026-09-16T09:42:18.531232+00:00,ok,True
RR,2009,9,available,RDRR0909.dbc,/dissemin/publicos/SIHSUS/200801_/Dados,183039.0,,2026-09-16T09:42:18.531232+00:00,ok,True
RR,2009,10,available,RDRR0910.dbc,/dissemin/publicos/SIHSUS/200801_/Dados,136527.0,,2026-09-16T09:42:18.531232+00:00,ok,True
RR,2009,11,available,RDRR0911.dbc,/dissemin/publicos/SIHSUS/200801_/Dados,163490.0,,2026-09-16T09:42:18.531232+00:00,ok,True
RR,2009,12,available,RDRR0912.dbc,/dissemin/publicos/SIHSUS/200801_/Dados,135536.0,,2026-09-16T09:42:18.531232+00:00,ok,True
RS,2009,1,available,RDRS0901.dbc,/dissemin/publicos/SIHSUS/200801_/Dados,3929360.0,,2026-09-16T09:42:18.531232+00:00,ok,True
RS,2009,2,available,RDRS0902.dbc,/dissemin/publicos/SIHSUS/200801_/Dados,4033214.0,,2026-09-16T09:42:18.531232+00:00,ok,True
RS,2009,3,available,RDRS0903.dbc,/dissemin/publicos/SIHSUS/200801_/Dados,4508402.0,,2026-09-16T09:42:18.531232+00:00,ok,True
RS,2009,4,available,RDRS0904.dbc,/dissemin/publicos/SIHSUS/200801_/Dados,4479070.0,,2026-09-16T09:42:18.531232+00:00,ok,True
RS,2009,5,available,RDRS0905.dbc,/dissemin/publicos/SIHSUS/200801_/Dados,4456847.0,,2026-09-16T09:42:18.531232+00:00,ok,True
RS,2009,6,available,RDRS0906.dbc,/dissemin/publicos/SIHSUS/200801_/Dados,4405281.0,,2026-09-16T09:42:18.531232+00:00,ok,True
RS,2009,7,available,RDRS0907.dbc,/dissemin/publicos/SIHSUS/200801_/Dados,4582749.0,,2026-09-16T09:42:18.531232+00:00,ok,True
RS,2009,8,available,RDRS0908.dbc,/dissemin/publicos/SIHSUS/200801_/Dados,4500291.0,,2026-09-16T09:42:18.531232+00:00,ok,True
RS,2009,9,available,RDRS0909.dbc,/dissemin/publicos/SIHSUS/200801_/Dados,4475354.0,,2026-09-16T09:42:18.531232+00:00,ok,True
RS,2009,10,available,RDRS0910.dbc,/dissemin/publicos/SIHSUS/200801_/Dados,4487067.0,,2026-09-16T09:42:18.531232+00:00,ok,True
RS,2009,11,available,RDRS0911.dbc,/dissemin/publicos/SIHSUS/200801_/Dados,4357346.0,,2026-09-16T09:42:18.531232+00:00,ok,True
RS,2009,12,available,RDRS0912.dbc,/dissemin/publicos/SIHSUS/200801_/Dados,4307920.0,,2026-09-16T09:42:18.531232+00:00,ok,True
SC,2009,1,available,RDSC0901.dbc,/dissemin/publicos/SIHSUS/200801_/Dados,2350981.0,,2026-09-16T09:42:18.531232+00:00,ok,True
SC,2009,2,available,RDSC0902.dbc,/dissemin/publicos/SIHSUS/200801_/Dados,2181807.0,,2026-09-16T09:42:18.531232+00:00,ok,True
SC,2009,3,available,RDSC0903.dbc,/dissemin/publicos/SIHSUS/200801_/Dados,2448073.0,,2026-09-16T09:42:18.531232+00:00,ok,True
SC,2009,4,available,RDSC0904.dbc,/dissemin/publicos/SIHSUS/200801_/Dados,2358507.0,,2026-09-16T09:42:18.531232+00:00,ok,True
SC,2009,5,available,RDSC0905.dbc,/dissemin/publicos/SIHSUS/200801_/Dados,2427996.0,,2026-09-16T09:42:18.531232+00:00,ok,True
SC,2009,6,available,RDSC0906.dbc,/dissemin/publicos/SIHSUS/200801_/Dados,2356919.0,,2026-09-16T09:42:18.531232+00:00,ok,True
SC,2009,7,available,RDSC0907.dbc,/dissemin/publicos/SIHSUS/200801_/Dados,2516631.0,,2026-09-16T09:42:18.531232+00:00,ok,True
SC,2009,8,available,RDSC0908.dbc,/dissemin/publicos/SIHSUS/200801_/Dados,2409699.0,,2026-09-16T09:42:18.531232+00:00,ok,True
SC,2009,9,available,RDSC0909.dbc,/dissemin/publicos/SIHSUS/200801_/Dados,2465459.0,,2026-09-16T09:42:18.531232+00:00,ok,True
SC,2009,10,available,RDSC0910.dbc,/dissemin/publicos/SIHSUS/200801_/Dados,2493393.0,,2026-09-16T09:42:18.531232+00:00,ok,True
SC,2009,11,available,RDSC0911.dbc,/dissemin/publicos/SIHSUS/200801_/Dados,2431412.0,,2026-09-16T09:42:18.531232+00:00,ok,True
SC,2009,12,available,RDSC0912.dbc,/dissemin/publicos/SIHSUS/200801_/Dados,2178802.0,,2026-09-16T09:42:18.531232+00:00,ok,True
SE,2009,1,available,RDSE0901.dbc,/dissemin/publicos/SIHSUS/200801_/Dados,410674.0,,2026-09-16T09:42:18.531232+00:00,ok,True
SE,2009,2,available,RDSE0902.dbc,/dissemin/publicos/SIHSUS/200801_/Dados,387364.0,,2026-09-16T09:42:18.531232+00:00,ok,True
SE,2009,3,available,RDSE0903.dbc,/dissemin/publicos/SIHSUS/200801_/Dados,469685.0,,2026-09-16T09:42:18.531232+00:00,ok,True
SE,2009,4,available,RDSE0904.dbc,/dissemin/publicos/SIHSUS/200801_/Dados,509405.0,,2026-09-16T09:42:18.531232+00:00,ok,True
SE,2009,5,available,RDSE0905.dbc,/dissemin/publicos/SIHSUS/200801_/Dados,576469.0,,2026-09-16T09:42:18.531232+00:00,ok,True
SE,2009,6,available,RDSE0906.dbc,/dissemin/publicos/SIHSUS/200801_/Dados,498515.0,,2026-09-16T09:42:18.531232+00:00,ok,True
SE,2009,7,available,RDSE0907.dbc,/dissemin/publicos/SIHSUS/200801_/Dados,507645.0,,2026-09-16T09:42:18.531232+00:00,ok,True
SE,2009,8,available,RDSE0908.dbc,/dissemin/publicos/SIHSUS/200801_/Dados,487771.0,,2026-09-16T09:42:18.531232+00:00,ok,True
SE,2009,9,available,RDSE0909.dbc,/dissemin/publicos/SIHSUS/200801_/Dados,538721.0,,2026-09-16T09:42:18.531232+00:00,ok,True
SE,2009,10,available,RDSE0910.dbc,/dissemin/publicos/SIHSUS/200801_/Dados,476691.0,,2026-09-16T09:42:18.531232+00:00,ok,True
SE,2009,11,available,RDSE0911.dbc,/dissemin/publicos/SIHSUS/200801_/Dados,528801.0,,2026-09-16T09:42:18.531232+00:00,ok,True
SE,2009,12,available,RDSE0912.dbc,/dissemin/publicos/SIHSUS/200801_/Dados,457308.0,,2026-09-16T09:42:18.531232+00:00,ok,True
SP,2009,1,available,RDSP0901.dbc,/dissemin/publicos/SIHSUS/200801_/Dados,11894938.0,,2026-09-16T09:42:18.531232+00:00,ok,True
SP,2009,2,available,RDSP0902.dbc,/dissemin/publicos/SIHSUS/200801_/Dados,12284189.0,,2026-09-16T09:42:18.531232+00:00,ok,True
SP,2009,3,available,RDSP0903.dbc,/dissemin/publicos/SIHSUS/200801_/Dados,14105810.0,,2026-09-16T09:42:18.531232+00:00,ok,True
SP,2009,4,available,RDSP0904.dbc,/dissemin/publicos/SIHSUS/200801_/Dados,13326329.0,,2026-09-16T09:42:18.531232+00:00,ok,True
SP,2009,5,available,RDSP0905.dbc,/dissemin/publicos/SIHSUS/200801_/Dados,14216947.0,,2026-09-16T09:42:18.531232+00:00,ok,True
SP,2009,6,available,RDSP0906.dbc,/dissemin/publicos/SIHSUS/200801_/Dados,13900117.0,,2026-09-16T09:42:18.531232+00:00,ok,True
SP,2009,7,available,RDSP0907.dbc,/dissemin/publicos/SIHSUS/200801_/Dados,14325719.0,,2026-09-16T09:42:18.531232+00:00,ok,True
SP,2009,8,available,RDSP0908.dbc,/dissemin/publicos/SIHSUS/200801_/Dados,14373559.0,,2026-09-16T09:42:18.531232+00:00,ok,True
SP,2009,9,available,RDSP0909.dbc,/dissemin/publicos/SIHSUS/200801_/Dados,14319499.0,,2026-09-16T09:42:18.531232+00:00,ok,True
SP,2009,10,available,RDSP0910.dbc,/dissemin/publicos/SIHSUS/200801_/Dados,14170880.0,,2026-09-16T09:42:18.531232+00:00,ok,True
SP,2009,11,available,RDSP0911.dbc,/dissemin/publicos/SIHSUS/200801_/Dados,14129080.0,,2026-09-16T09:42:18.531232+00:00,ok,True
SP,2009,12,available,RDSP0912.dbc,/dissemin/publicos/SIHSUS/200801_/Dados,13303071.0,,2026-09-16T09:42:18.531232+00:00,ok,True
TO,2009,1,available,RDTO0901.dbc,/dissemin/publicos/SIHSUS/200801_/Dados,532677.0,,2026-09-16T09:42:18.531232+00:00,ok,True
TO,2009,2,available,RDTO0902.dbc,/dissemin/publicos/SIHSUS/200801_/Dados,584467.0,,2026-09-16T09:42:18.531232+00:00,ok,True
TO,2009,3,available,RDTO0903.dbc,/dissemin/publicos/SIHSUS/200801_/Dados,575853.0,,2026-09-16T09:42:18.531232+00:00,ok,True
TO,2009,4,available,RDTO0904.dbc,/dissemin/publicos/SIHSUS/200801_/Dados,557204.0,,2026-09-16T09:42:18.531232+00:00,ok,True
TO,2009,5,available,RDTO0905.dbc,/dissemin/publicos/SIHSUS/200801_/Dados,576613.0,,2026-09-16T09:42:18.531232+00:00,ok,True
TO,2009,6,available,RDTO0906.dbc,/dissemin/publicos/SIHSUS/200801_/Dados,597675.0,,2026-09-16T09:42:18.531232+00:00,ok,True
TO,2009,7,available,RDTO0907.dbc,/dissemin/publicos/SIHSUS/200801_/Dados,550085.0,,2026-09-16T09:42:18.531232+00:00,ok,True
TO,2009,8,available,RDTO0908.dbc,/dissemin/publicos/SIHSUS/200801_/Dados,554501.0,,2026-09-16T09:42:18.531232+00:00,ok,True
TO,2009,9,available,RDTO0909.dbc,/dissemin/publicos/SIHSUS/200801_/Dados,580075.0,,2026-09-16T09:42:18.531232+00:00,ok,True
TO,2009,10,available,RDTO0910.dbc,/dissemin/publicos/SIHSUS/200801_/Dados,562324.0,,2026-09-16T09:42:18.531232+00:00,ok,True
TO,2009,11,available,RDTO0911.dbc,/dissemin/publicos/SIHSUS/200801_/Dados,537144.0,,2026-09-16T09:42:18.531232+00:00,ok,True
TO,2009,12,available,RDTO0912.dbc,/dissemin/publicos/SIHSUS/200801_/Dados,507545.0,,2026-09-16T09:42:18.531232+00:00,ok,True
AC,2010,1,available,RDAC1001.dbc,/dissemin/publicos/SIHSUS/200801_/Dados,286291.0,,2026-09-16T09:42:18.531232+00:00,ok,True
AC,2010,2,available,RDAC1002.dbc,/dissemin/publicos/SIHSUS/200801_/Dados,238769.0,,2026-09-16T09:42:18.531232+00:00,ok,True
AC,2010,3,available,RDAC1003.dbc,/dissemin/publicos/SIHSUS/200801_/Dados,251882.0,,2026-09-16T09:42:18.531232+00:00,ok,True
AC,2010,4,available,RDAC1004.dbc,/dissemin/publicos/SIHSUS/200801_/Dados,283719.0,,2026-09-16T09:42:18.531232+00:00,ok,True
AC,2010,5,available,RDAC1005.dbc,/dissemin/publicos/SIHSUS/200801_/Dados,264166.0,,2026-09-16T09:42:18.531232+00:00,ok,True
AC,2010,6,available,RDAC1006.dbc,/dissemin/publicos/SIHSUS/200801_/Dados,254824.0,,2026-09-16T09:42:18.531232+00:00,ok,True
AC,2010,7,available,RDAC1007.dbc,/dissemin/publicos/SIHSUS/200801_/Dados,258381.0,,2026-09-16T09:42:18.531232+00:00,ok,True
AC,2010,8,available,RDAC1008.dbc,/dissemin/publicos/SIHSUS/200801_/Dados,240148.0,,2026-09-16T09:42:18.531232+00:00,ok,True
AC,2010,9,available,RDAC1009.dbc,/dissemin/publicos/SIHSUS/200801_/Dados,267969.0,,2026-09-16T09:42:18.531232+00:00,ok,True
AC,2010,10,available,RDAC1010.dbc,/dissemin/publicos/SIHSUS/200801_/Dados,237360.0,,2026-09-16T09:42:18.531232+00:00,ok,True
AC,2010,11,available,RDAC1011.dbc,/dissemin/publicos/SIHSUS/200801_/Dados,280033.0,,2026-09-16T09:42:18.531232+00:00,ok,True
AC,2010,12,available,RDAC1012.dbc,/dissemin/publicos/SIHSUS/200801_/Dados,269821.0,,2026-09-16T09:42:18.531232+00:00,ok,True
AL,2010,1,available,RDAL1001.dbc,/dissemin/publicos/SIHSUS/200801_/Dados,944024.0,,2026-09-16T09:42:18.531232+00:00,ok,True
AL,2010,2,available,RDAL1002.dbc,/dissemin/publicos/SIHSUS/200801_/Dados,836316.0,,2026-09-16T09:42:18.531232+00:00,ok,True
AL,2010,3,available,RDAL1003.dbc,/dissemin/publicos/SIHSUS/200801_/Dados,878507.0,,2026-09-16T09:42:18.531232+00:00,ok,True
AL,2010,4,available,RDAL1004.dbc,/dissemin/publicos/SIHSUS/200801_/Dados,893140.0,,2026-09-16T09:42:18.531232+00:00,ok,True
AL,2010,5,available,RDAL1005.dbc,/dissemin/publicos/SIHSUS/200801_/Dados,878091.0,,2026-09-16T09:42:18.531232+00:00,ok,True
AL,2010,6,available,RDAL1006.dbc,/dissemin/publicos/SIHSUS/200801_/Dados,877080.0,,2026-09-16T09:42:18.531232+00:00,ok,True
AL,2010,7,available,RDAL1007.dbc,/dissemin/publicos/SIHSUS/200801_/Dados,975468.0,,2026-09-16T09:42:18.531232+00:00,ok,True
AL,2010,8,available,RDAL1008.dbc,/dissemin/publicos/SIHSUS/200801_/Dados,868026.0,,2026-09-16T09:42:18.531232+00:00,ok,True
AL,2010,9,available,RDAL1009.dbc,/dissemin/publicos/SIHSUS/200801_/Dados,888483.0,,2026-09-16T09:42:18.531232+00:00,ok,True
AL,2010,10,available,RDAL1010.dbc,/dissemin/publicos/SIHSUS/200801_/Dados,849071.0,,2026-09-16T09:42:18.531232+00:00,ok,True
AL,2010,11,available,RDAL1011.dbc,/dissemin/publicos/SIHSUS/200801_/Dados,861959.0,,2026-09-16T09:42:18.531232+00:00,ok,True
AL,2010,12,available,RDAL1012.dbc,/dissemin/publicos/SIHSUS/200801_/Dados,811626.0,,2026-09-16T09:42:18.531232+00:00,ok,True
AM,2010,1,available,RDAM1001.dbc,/dissemin/publicos/SIHSUS/200801_/Dados,822646.0,,2026-09-16T09:42:18.531232+00:00,ok,True
AM,2010,2,available,RDAM1002.dbc,/dissemin/publicos/SIHSUS/200801_/Dados,770709.0,,2026-09-16T09:42:18.531232+00:00,ok,True
AM,2010,3,available,RDAM1003.dbc,/dissemin/publicos/SIHSUS/200801_/Dados,714407.0,,2026-09-16T09:42:18.531232+00:00,ok,True
AM,2010,4,available,RDAM1004.dbc,/dissemin/publicos/SIHSUS/200801_/Dados,767306.0,,2026-09-16T09:42:18.531232+00:00,ok,True
AM,2010,5,available,RDAM1005.dbc,/dissemin/publicos/SIHSUS/200801_/Dados,769748.0,,2026-09-16T09:42:18.531232+00:00,ok,True
AM,2010,6,available,RDAM1006.dbc,/dissemin/publicos/SIHSUS/200801_/Dados,787078.0,,2026-09-16T09:42:18.531232+00:00,ok,True
AM,2010,7,available,RDAM1007.dbc,/dissemin/publicos/SIHSUS/200801_/Dados,867082.0,,2026-09-16T09:42:18.531232+00:00,ok,True
AM,2010,8,available,RDAM1008.dbc,/dissemin/publicos/SIHSUS/200801_/Dados,693993.0,,2026-09-16T09:42:18.531232+00:00,ok,True
AM,2010,9,available,RDAM1009.dbc,/dissemin/publicos/SIHSUS/200801_/Dados,631206.0,,2026-09-16T09:42:18.531232+00:00,ok,True
AM,2010,10,available,RDAM1010.dbc,/dissemin/publicos/SIHSUS/200801_/Dados,738281.0,,2026-09-16T09:42:18.531232+00:00,ok,True
AM,2010,11,available,RDAM1011.dbc,/dissemin/publicos/SIHSUS/200801_/Dados,746375.0,,2026-09-16T09:42:18.531232+00:00,ok,True
AM,2010,12,available,RDAM1012.dbc,/dissemin/publicos/SIHSUS/200801_/Dados,746717.0,,2026-09-16T09:42:18.531232+00:00,ok,True
AP,2010,1,available,RDAP1001.dbc,/dissemin/publicos/SIHSUS/200801_/Dados,197748.0,,2026-09-16T09:42:18.531232+00:00,ok,True
AP,2010,2,available,RDAP1002.dbc,/dissemin/publicos/SIHSUS/200801_/Dados,183270.0,,2026-09-16T09:42:18.531232+00:00,ok,True
AP,2010,3,available,RDAP1003.dbc,/dissemin/publicos/SIHSUS/200801_/Dados,157271.0,,2026-09-16T09:42:18.531232+00:00,ok,True
AP,2010,4,available,RDAP1004.dbc,/dissemin/publicos/SIHSUS/200801_/Dados,154199.0,,2026-09-16T09:42:18.531232+00:00,ok,True
AP,2010,5,available,RDAP1005.dbc,/dissemin/publicos/SIHSUS/200801_/Dados,171398.0,,2026-09-16T09:42:18.531232+00:00,ok,True
AP,2010,6,available,RDAP1006.dbc,/dissemin/publicos/SIHSUS/200801_/Dados,185361.0,,2026-09-16T09:42:18.531232+00:00,ok,True
AP,2010,7,available,RDAP1007.dbc,/dissemin/publicos/SIHSUS/200801_/Dados,193763.0,,2026-09-16T09:42:18.531232+00:00,ok,True
AP,2010,8,available,RDAP1008.dbc,/dissemin/publicos/SIHSUS/200801_/Dados,157807.0,,2026-09-16T09:42:18.531232+00:00,ok,True
AP,2010,9,available,RDAP1009.dbc,/dissemin/publicos/SIHSUS/200801_/Dados,169615.0,,2026-09-16T09:42:18.531232+00:00,ok,True
AP,2010,10,available,RDAP1010.dbc,/dissemin/publicos/SIHSUS/200801_/Dados,159599.0,,2026-09-16T09:42:18.531232+00:00,ok,True
AP,2010,11,available,RDAP1011.dbc,/dissemin/publicos/SIHSUS/200801_/Dados,194965.0,,2026-09-16T09:42:18.531232+00:00,ok,True
AP,2010,12,available,RDAP1012.dbc,/dissemin/publicos/SIHSUS/200801_/Dados,198719.0,,2026-09-16T09:42:18.531232+00:00,ok,True
BA,2010,1,available,RDBA1001.dbc,/dissemin/publicos/SIHSUS/200801_/Dados,4557883.0,,2026-09-16T09:42:18.531232+00:00,ok,True
BA,2010,2,available,RDBA1002.dbc,/dissemin/publicos/SIHSUS/200801_/Dados,4428888.0,,2026-09-16T09:42:18.531232+00:00,ok,True
BA,2010,3,available,RDBA1003.dbc,/dissemin/publicos/SIHSUS/200801_/Dados,4474700.0,,2026-09-16T09:42:18.531232+00:00,ok,True
BA,2010,4,available,RDBA1004.dbc,/dissemin/publicos/SIHSUS/200801_/Dados,4490763.0,,2026-09-16T09:42:18.531232+00:00,ok,True
BA,2010,5,available,RDBA1005.dbc,/dissemin/publicos/SIHSUS/200801_/Dados,4456980.0,,2026-09-16T09:42:18.531232+00:00,ok,True
BA,2010,6,available,RDBA1006.dbc,/dissemin/publicos/SIHSUS/200801_/Dados,4427666.0,,2026-09-16T09:42:18.531232+00:00,ok,True
BA,2010,7,available,RDBA1007.dbc,/dissemin/publicos/SIHSUS/200801_/Dados,4810884.0,,2026-09-16T09:42:18.531232+00:00,ok,True
BA,2010,8,available,RDBA1008.dbc,/dissemin/publicos/SIHSUS/200801_/Dados,4617218.0,,2026-09-16T09:42:18.531232+00:00,ok,True
BA,2010,9,available,RDBA1009.dbc,/dissemin/publicos/SIHSUS/200801_/Dados,4162104.0,,2026-09-16T09:42:18.531232+00:00,ok,True
BA,2010,10,available,RDBA1010.dbc,/dissemin/publicos/SIHSUS/200801_/Dados,4209290.0,,2026-09-16T09:42:18.531232+00:00,ok,True
BA,2010,11,available,RDBA1011.dbc,/dissemin/publicos/SIHSUS/200801_/Dados,4115090.0,,2026-09-16T09:42:18.531232+00:00,ok,True
BA,2010,12,available,RDBA1012.dbc,/dissemin/publicos/SIHSUS/200801_/Dados,3916848.0,,2026-09-16T09:42:18.531232+00:00,ok,True
CE,2010,1,available,RDCE1001.dbc,/dissemin/publicos/SIHSUS/200801_/Dados,2451380.0,,2026-09-16T09:42:18.531232+00:00,ok,True
CE,2010,2,available,RDCE1002.dbc,/dissemin/publicos/SIHSUS/200801_/Dados,2474880.0,,2026-09-16T09:42:18.531232+00:00,ok,True
CE,2010,3,available,RDCE1003.dbc,/dissemin/publicos/SIHSUS/200801_/Dados,2461098.0,,2026-09-16T09:42:18.531232+00:00,ok,True
CE,2010,4,available,RDCE1004.dbc,/dissemin/publicos/SIHSUS/200801_/Dados,2479540.0,,2026-09-16T09:42:18.531232+00:00,ok,True
CE,2010,5,available,RDCE1005.dbc,/dissemin/publicos/SIHSUS/200801_/Dados,2581724.0,,2026-09-16T09:42:18.531232+00:00,ok,True
CE,2010,6,available,RDCE1006.dbc,/dissemin/publicos/SIHSUS/200801_/Dados,2603262.0,,2026-09-16T09:42:18.531232+00:00,ok,True
CE,2010,7,available,RDCE1007.dbc,/dissemin/publicos/SIHSUS/200801_/Dados,2602806.0,,2026-09-16T09:42:18.531232+00:00,ok,True
CE,2010,8,available,RDCE1008.dbc,/dissemin/publicos/SIHSUS/200801_/Dados,2529395.0,,2026-09-16T09:42:18.531232+00:00,ok,True
CE,2010,9,available,RDCE1009.dbc,/dissemin/publicos/SIHSUS/200801_/Dados,2371296.0,,2026-09-16T09:42:18.531232+00:00,ok,True
CE,2010,10,available,RDCE1010.dbc,/dissemin/publicos/SIHSUS/200801_/Dados,2319008.0,,2026-09-16T09:42:18.531232+00:00,ok,True
CE,2010,11,available,RDCE1011.dbc,/dissemin/publicos/SIHSUS/200801_/Dados,2376038.0,,2026-09-16T09:42:18.531232+00:00,ok,True
CE,2010,12,available,RDCE1012.dbc,/dissemin/publicos/SIHSUS/200801_/Dados,2270776.0,,2026-09-16T09:42:18.531232+00:00,ok,True
DF,2010,1,available,RDDF1001.dbc,/dissemin/publicos/SIHSUS/200801_/Dados,1093352.0,,2026-09-16T09:42:18.531232+00:00,ok,True
DF,2010,2,available,RDDF1002.dbc,/dissemin/publicos/SIHSUS/200801_/Dados,923027.0,,2026-09-16T09:42:18.531232+00:00,ok,True
DF,2010,3,available,RDDF1003.dbc,/dissemin/publicos/SIHSUS/200801_/Dados,1042762.0,,2026-09-16T09:42:18.531232+00:00,ok,True
DF,2010,4,available,RDDF1004.dbc,/dissemin/publicos/SIHSUS/200801_/Dados,1039678.0,,2026-09-16T09:42:18.531232+00:00,ok,True
DF,2010,5,available,RDDF1005.dbc,/dissemin/publicos/SIHSUS/200801_/Dados,1066458.0,,2026-09-16T09:42:18.531232+00:00,ok,True
DF,2010,6,available,RDDF1006.dbc,/dissemin/publicos/SIHSUS/200801_/Dados,1028580.0,,2026-09-16T09:42:18.531232+00:00,ok,True
DF,2010,7,available,RDDF1007.dbc,/dissemin/publicos/SIHSUS/200801_/Dados,1028205.0,,2026-09-16T09:42:18.531232+00:00,ok,True
DF,2010,8,available,RDDF1008.dbc,/dissemin/publicos/SIHSUS/200801_/Dados,1016419.0,,2026-09-16T09:42:18.531232+00:00,ok,True
DF,2010,9,available,RDDF1009.dbc,/dissemin/publicos/SIHSUS/200801_/Dados,921700.0,,2026-09-16T09:42:18.531232+00:00,ok,True
DF,2010,10,available,RDDF1010.dbc,/dissemin/publicos/SIHSUS/200801_/Dados,903287.0,,2026-09-16T09:42:18.531232+00:00,ok,True
DF,2010,11,available,RDDF1011.dbc,/dissemin/publicos/SIHSUS/200801_/Dados,935818.0,,2026-09-16T09:42:18.531232+00:00,ok,True
DF,2010,12,available,RDDF1012.dbc,/dissemin/publicos/SIHSUS/200801_/Dados,868857.0,,2026-09-16T09:42:18.531232+00:00,ok,True
ES,2010,1,available,RDES1001.dbc,/dissemin/publicos/SIHSUS/200801_/Dados,1129203.0,,2026-09-16T09:42:18.531232+00:00,ok,True
ES,2010,2,available,RDES1002.dbc,/dissemin/publicos/SIHSUS/200801_/Dados,1049739.0,,2026-09-16T09:42:18.531232+00:00,ok,True
ES,2010,3,available,RDES1003.dbc,/dissemin/publicos/SIHSUS/200801_/Dados,1054346.0,,2026-09-16T09:42:18.531232+00:00,ok,True
ES,2010,4,available,RDES1004.dbc,/dissemin/publicos/SIHSUS/200801_/Dados,998883.0,,2026-09-16T09:42:18.531232+00:00,ok,True
ES,2010,5,available,RDES1005.dbc,/dissemin/publicos/SIHSUS/200801_/Dados,1133375.0,,2026-09-16T09:42:18.531232+00:00,ok,True
ES,2010,6,available,RDES1006.dbc,/dissemin/publicos/SIHSUS/200801_/Dados,1092192.0,,2026-09-16T09:42:18.531232+00:00,ok,True
ES,2010,7,available,RDES1007.dbc,/dissemin/publicos/SIHSUS/200801_/Dados,1183621.0,,2026-09-16T09:42:18.531232+00:00,ok,True
ES,2010,8,available,RDES1008.dbc,/dissemin/publicos/SIHSUS/200801_/Dados,1114553.0,,2026-09-16T09:42:18.531232+00:00,ok,True
ES,2010,9,available,RDES1009.dbc,/dissemin/publicos/SIHSUS/200801_/Dados,1129586.0,,2026-09-16T09:42:18.531232+00:00,ok,True
ES,2010,10,available,RDES1010.dbc,/dissemin/publicos/SIHSUS/200801_/Dados,1149107.0,,2026-09-16T09:42:18.531232+00:00,ok,True
ES,2010,11,available,RDES1011.dbc,/dissemin/publicos/SIHSUS/200801_/Dados,1128471.0,,2026-09-16T09:42:18.531232+00:00,ok,True
ES,2010,12,available,RDES1012.dbc,/dissemin/publicos/SIHSUS/200801_/Dados,1134693.0,,2026-09-16T09:42:18.531232+00:00,ok,True
GO,2010,1,available,RDGO1001.dbc,/dissemin/publicos/SIHSUS/200801_/Dados,2052334.0,,2026-09-16T09:42:18.531232+00:00,ok,True
GO,2010,2,available,RDGO1002.dbc,/dissemin/publicos/SIHSUS/200801_/Dados,2062048.0,,2026-09-16T09:42:18.531232+00:00,ok,True
GO,2010,3,available,RDGO1003.dbc,/dissemin/publicos/SIHSUS/200801_/Dados,2014247.0,,2026-09-16T09:42:18.531232+00:00,ok,True
GO,2010,4,available,RDGO1004.dbc,/dissemin/publicos/SIHSUS/200801_/Dados,1916208.0,,2026-09-16T09:42:18.531232+00:00,ok,True
GO,2010,5,available,RDGO1005.dbc,/dissemin/publicos/SIHSUS/200801_/Dados,1932440.0,,2026-09-16T09:42:18.531232+00:00,ok,True
GO,2010,6,available,RDGO1006.dbc,/dissemin/publicos/SIHSUS/200801_/Dados,1977631.0,,2026-09-16T09:42:18.531232+00:00,ok,True
GO,2010,7,available,RDGO1007.dbc,/dissemin/publicos/SIHSUS/200801_/Dados,2004669.0,,2026-09-16T09:42:18.531232+00:00,ok,True
GO,2010,8,available,RDGO1008.dbc,/dissemin/publicos/SIHSUS/200801_/Dados,1918928.0,,2026-09-16T09:42:18.531232+00:00,ok,True
GO,2010,9,available,RDGO1009.dbc,/dissemin/publicos/SIHSUS/200801_/Dados,1853683.0,,2026-09-16T09:42:18.531232+00:00,ok,True
GO,2010,10,available,RDGO1010.dbc,/dissemin/publicos/SIHSUS/200801_/Dados,1837066.0,,2026-09-16T09:42:18.531232+00:00,ok,True
GO,2010,11,available,RDGO1011.dbc,/dissemin/publicos/SIHSUS/200801_/Dados,1831544.0,,2026-09-16T09:42:18.531232+00:00,ok,True
GO,2010,12,available,RDGO1012.dbc,/dissemin/publicos/SIHSUS/200801_/Dados,1750610.0,,2026-09-16T09:42:18.531232+00:00,ok,True
MA,2010,1,available,RDMA1001.dbc,/dissemin/publicos/SIHSUS/200801_/Dados,1815849.0,,2026-09-16T09:42:18.531232+00:00,ok,True
MA,2010,2,available,RDMA1002.dbc,/dissemin/publicos/SIHSUS/200801_/Dados,1738665.0,,2026-09-16T09:42:18.531232+00:00,ok,True
MA,2010,3,available,RDMA1003.dbc,/dissemin/publicos/SIHSUS/200801_/Dados,1767541.0,,2026-09-16T09:42:18.531232+00:00,ok,True
MA,2010,4,available,RDMA1004.dbc,/dissemin/publicos/SIHSUS/200801_/Dados,1740213.0,,2026-09-16T09:42:18.531232+00:00,ok,True
MA,2010,5,available,RDMA1005.dbc,/dissemin/publicos/SIHSUS/200801_/Dados,1788775.0,,2026-09-16T09:42:18.531232+00:00,ok,True
MA,2010,6,available,RDMA1006.dbc,/dissemin/publicos/SIHSUS/200801_/Dados,1886769.0,,2026-09-16T09:42:18.531232+00:00,ok,True
MA,2010,7,available,RDMA1007.dbc,/dissemin/publicos/SIHSUS/200801_/Dados,1967858.0,,2026-09-16T09:42:18.531232+00:00,ok,True
MA,2010,8,available,RDMA1008.dbc,/dissemin/publicos/SIHSUS/200801_/Dados,1814924.0,,2026-09-16T09:42:18.531232+00:00,ok,True
MA,2010,9,available,RDMA1009.dbc,/dissemin/publicos/SIHSUS/200801_/Dados,1676969.0,,2026-09-16T09:42:18.531232+00:00,ok,True
MA,2010,10,available,RDMA1010.dbc,/dissemin/publicos/SIHSUS/200801_/Dados,1799558.0,,2026-09-16T09:42:18.531232+00:00,ok,True
MA,2010,11,available,RDMA1011.dbc,/dissemin/publicos/SIHSUS/200801_/Dados,1803659.0,,2026-09-16T09:42:18.531232+00:00,ok,True
MA,2010,12,available,RDMA1012.dbc,/dissemin/publicos/SIHSUS/200801_/Dados,1799337.0,,2026-09-16T09:42:18.531232+00:00,ok,True
MG,2010,1,available,RDMG1001.dbc,/dissemin/publicos/SIHSUS/200801_/Dados,6624909.0,,2026-09-16T09:42:18.531232+00:00,ok,True
MG,2010,2,available,RDMG1002.dbc,/dissemin/publicos/SIHSUS/200801_/Dados,6271709.0,,2026-09-16T09:42:18.531232+00:00,ok,True
MG,2010,3,available,RDMG1003.dbc,/dissemin/publicos/SIHSUS/200801_/Dados,6481936.0,,2026-09-16T09:42:18.531232+00:00,ok,True
MG,2010,4,available,RDMG1004.dbc,/dissemin/publicos/SIHSUS/200801_/Dados,6472058.0,,2026-09-16T09:42:18.531232+00:00,ok,True
MG,2010,5,available,RDMG1005.dbc,/dissemin/publicos/SIHSUS/200801_/Dados,6699065.0,,2026-09-16T09:42:18.531232+00:00,ok,True
MG,2010,6,available,RDMG1006.dbc,/dissemin/publicos/SIHSUS/200801_/Dados,6448484.0,,2026-09-16T09:42:18.531232+00:00,ok,True
MG,2010,7,available,RDMG1007.dbc,/dissemin/publicos/SIHSUS/200801_/Dados,6843261.0,,2026-09-16T09:42:18.531232+00:00,ok,True
MG,2010,8,available,RDMG1008.dbc,/dissemin/publicos/SIHSUS/200801_/Dados,6474648.0,,2026-09-16T09:42:18.531232+00:00,ok,True
MG,2010,9,available,RDMG1009.dbc,/dissemin/publicos/SIHSUS/200801_/Dados,6202719.0,,2026-09-16T09:42:18.531232+00:00,ok,True
MG,2010,10,available,RDMG1010.dbc,/dissemin/publicos/SIHSUS/200801_/Dados,6169610.0,,2026-09-16T09:42:18.531232+00:00,ok,True
MG,2010,11,available,RDMG1011.dbc,/dissemin/publicos/SIHSUS/200801_/Dados,6212814.0,,2026-09-16T09:42:18.531232+00:00,ok,True
MG,2010,12,available,RDMG1012.dbc,/dissemin/publicos/SIHSUS/200801_/Dados,6160055.0,,2026-09-16T09:42:18.531232+00:00,ok,True
MS,2010,1,available,RDMS1001.dbc,/dissemin/publicos/SIHSUS/200801_/Dados,936586.0,,2026-09-16T09:42:18.531232+00:00,ok,True
MS,2010,2,available,RDMS1002.dbc,/dissemin/publicos/SIHSUS/200801_/Dados,946354.0,,2026-09-16T09:42:18.531232+00:00,ok,True
MS,2010,3,available,RDMS1003.dbc,/dissemin/publicos/SIHSUS/200801_/Dados,899572.0,,2026-09-16T09:42:18.531232+00:00,ok,True
MS,2010,4,available,RDMS1004.dbc,/dissemin/publicos/SIHSUS/200801_/Dados,868894.0,,2026-09-16T09:42:18.531232+00:00,ok,True
MS,2010,5,available,RDMS1005.dbc,/dissemin/publicos/SIHSUS/200801_/Dados,928419.0,,2026-09-16T09:42:18.531232+00:00,ok,True
MS,2010,6,available,RDMS1006.dbc,/dissemin/publicos/SIHSUS/200801_/Dados,922983.0,,2026-09-16T09:42:18.531232+00:00,ok,True
MS,2010,7,available,RDMS1007.dbc,/dissemin/publicos/SIHSUS/200801_/Dados,933683.0,,2026-09-16T09:42:18.531232+00:00,ok,True
MS,2010,8,available,RDMS1008.dbc,/dissemin/publicos/SIHSUS/200801_/Dados,883173.0,,2026-09-16T09:42:18.531232+00:00,ok,True
MS,2010,9,available,RDMS1009.dbc,/dissemin/publicos/SIHSUS/200801_/Dados,878160.0,,2026-09-16T09:42:18.531232+00:00,ok,True
MS,2010,10,available,RDMS1010.dbc,/dissemin/publicos/SIHSUS/200801_/Dados,871001.0,,2026-09-16T09:42:18.531232+00:00,ok,True
MS,2010,11,available,RDMS1011.dbc,/dissemin/publicos/SIHSUS/200801_/Dados,853186.0,,2026-09-16T09:42:18.531232+00:00,ok,True
MS,2010,12,available,RDMS1012.dbc,/dissemin/publicos/SIHSUS/200801_/Dados,845153.0,,2026-09-16T09:42:18.531232+00:00,ok,True
MT,2010,1,available,RDMT1001.dbc,/dissemin/publicos/SIHSUS/200801_/Dados,960341.0,,2026-09-16T09:42:18.531232+00:00,ok,True
MT,2010,2,available,RDMT1002.dbc,/dissemin/publicos/SIHSUS/200801_/Dados,954003.0,,2026-09-16T09:42:18.531232+00:00,ok,True
MT,2010,3,available,RDMT1003.dbc,/dissemin/publicos/SIHSUS/200801_/Dados,942356.0,,2026-09-16T09:42:18.531232+00:00,ok,True
MT,2010,4,available,RDMT1004.dbc,/dissemin/publicos/SIHSUS/200801_/Dados,953994.0,,2026-09-16T09:42:18.531232+00:00,ok,True
MT,2010,5,available,RDMT1005.dbc,/dissemin/publicos/SIHSUS/200801_/Dados,962368.0,,2026-09-16T09:42:18.531232+00:00,ok,True
MT,2010,6,available,RDMT1006.dbc,/dissemin/publicos/SIHSUS/200801_/Dados,954475.0,,2026-09-16T09:42:18.531232+00:00,ok,True
MT,2010,7,available,RDMT1007.dbc,/dissemin/publicos/SIHSUS/200801_/Dados,1027090.0,,2026-09-16T09:42:18.531232+00:00,ok,True
MT,2010,8,available,RDMT1008.dbc,/dissemin/publicos/SIHSUS/200801_/Dados,941818.0,,2026-09-16T09:42:18.531232+00:00,ok,True
MT,2010,9,available,RDMT1009.dbc,/dissemin/publicos/SIHSUS/200801_/Dados,902067.0,,2026-09-16T09:42:18.531232+00:00,ok,True
MT,2010,10,available,RDMT1010.dbc,/dissemin/publicos/SIHSUS/200801_/Dados,903041.0,,2026-09-16T09:42:18.531232+00:00,ok,True
MT,2010,11,available,RDMT1011.dbc,/dissemin/publicos/SIHSUS/200801_/Dados,914779.0,,2026-09-16T09:42:18.531232+00:00,ok,True
MT,2010,12,available,RDMT1012.dbc,/dissemin/publicos/SIHSUS/200801_/Dados,837639.0,,2026-09-16T09:42:18.531232+00:00,ok,True
PA,2010,1,available,RDPA1001.dbc,/dissemin/publicos/SIHSUS/200801_/Dados,2510023.0,,2026-09-16T09:42:18.531232+00:00,ok,True
PA,2010,2,available,RDPA1002.dbc,/dissemin/publicos/SIHSUS/200801_/Dados,2582263.0,,2026-09-16T09:42:18.531232+00:00,ok,True
PA,2010,3,available,RDPA1003.dbc,/dissemin/publicos/SIHSUS/200801_/Dados,2391094.0,,2026-09-16T09:42:18.531232+00:00,ok,True
PA,2010,4,available,RDPA1004.dbc,/dissemin/publicos/SIHSUS/200801_/Dados,2304244.0,,2026-09-16T09:42:18.531232+00:00,ok,True
PA,2010,5,available,RDPA1005.dbc,/dissemin/publicos/SIHSUS/200801_/Dados,2490126.0,,2026-09-16T09:42:18.531232+00:00,ok,True
PA,2010,6,available,RDPA1006.dbc,/dissemin/publicos/SIHSUS/200801_/Dados,2495706.0,,2026-09-16T09:42:18.531232+00:00,ok,True
PA,2010,7,available,RDPA1007.dbc,/dissemin/publicos/SIHSUS/200801_/Dados,2550370.0,,2026-09-16T09:42:18.531232+00:00,ok,True
PA,2010,8,available,RDPA1008.dbc,/dissemin/publicos/SIHSUS/200801_/Dados,2382716.0,,2026-09-16T09:42:18.531232+00:00,ok,True
PA,2010,9,available,RDPA1009.dbc,/dissemin/publicos/SIHSUS/200801_/Dados,2285074.0,,2026-09-16T09:42:18.531232+00:00,ok,True
PA,2010,10,available,RDPA1010.dbc,/dissemin/publicos/SIHSUS/200801_/Dados,2279315.0,,2026-09-16T09:42:18.531232+00:00,ok,True
PA,2010,11,available,RDPA1011.dbc,/dissemin/publicos/SIHSUS/200801_/Dados,2253220.0,,2026-09-16T09:42:18.531232+00:00,ok,True
PA,2010,12,available,RDPA1012.dbc,/dissemin/publicos/SIHSUS/200801_/Dados,2236095.0,,2026-09-16T09:42:18.531232+00:00,ok,True
PB,2010,1,available,RDPB1001.dbc,/dissemin/publicos/SIHSUS/200801_/Dados,1273149.0,,2026-09-16T09:42:18.531232+00:00,ok,True
PB,2010,2,available,RDPB1002.dbc,/dissemin/publicos/SIHSUS/200801_/Dados,1223233.0,,2026-09-16T09:42:18.531232+00:00,ok,True
PB,2010,3,available,RDPB1003.dbc,/dissemin/publicos/SIHSUS/200801_/Dados,1213414.0,,2026-09-16T09:42:18.531232+00:00,ok,True
PB,2010,4,available,RDPB1004.dbc,/dissemin/publicos/SIHSUS/200801_/Dados,1191251.0,,2026-09-16T09:42:18.531232+00:00,ok,True
PB,2010,5,available,RDPB1005.dbc,/dissemin/publicos/SIHSUS/200801_/Dados,1271949.0,,2026-09-16T09:42:18.531232+00:00,ok,True
PB,2010,6,available,RDPB1006.dbc,/dissemin/publicos/SIHSUS/200801_/Dados,1237020.0,,2026-09-16T09:42:18.531232+00:00,ok,True
PB,2010,7,available,RDPB1007.dbc,/dissemin/publicos/SIHSUS/200801_/Dados,1383196.0,,2026-09-16T09:42:18.531232+00:00,ok,True
PB,2010,8,available,RDPB1008.dbc,/dissemin/publicos/SIHSUS/200801_/Dados,1293722.0,,2026-09-16T09:42:18.531232+00:00,ok,True
PB,2010,9,available,RDPB1009.dbc,/dissemin/publicos/SIHSUS/200801_/Dados,1175930.0,,2026-09-16T09:42:18.531232+00:00,ok,True
PB,2010,10,available,RDPB1010.dbc,/dissemin/publicos/SIHSUS/200801_/Dados,1175240.0,,2026-09-16T09:42:18.531232+00:00,ok,True
PB,2010,11,available,RDPB1011.dbc,/dissemin/publicos/SIHSUS/200801_/Dados,1155178.0,,2026-09-16T09:42:18.531232+00:00,ok,True
PB,2010,12,available,RDPB1012.dbc,/dissemin/publicos/SIHSUS/200801_/Dados,1132270.0,,2026-09-16T09:42:18.531232+00:00,ok,True
PE,2010,1,available,RDPE1001.dbc,/dissemin/publicos/SIHSUS/200801_/Dados,2701375.0,,2026-09-16T09:42:18.531232+00:00,ok,True
PE,2010,2,available,RDPE1002.dbc,/dissemin/publicos/SIHSUS/200801_/Dados,2494769.0,,2026-09-16T09:42:18.531232+00:00,ok,True
PE,2010,3,available,RDPE1003.dbc,/dissemin/publicos/SIHSUS/200801_/Dados,2585359.0,,2026-09-16T09:42:18.531232+00:00,ok,True
PE,2010,4,available,RDPE1004.dbc,/dissemin/publicos/SIHSUS/200801_/Dados,2717229.0,,2026-09-16T09:42:18.531232+00:00,ok,True
PE,2010,5,available,RDPE1005.dbc,/dissemin/publicos/SIHSUS/200801_/Dados,2877478.0,,2026-09-16T09:42:18.531232+00:00,ok,True
PE,2010,6,available,RDPE1006.dbc,/dissemin/publicos/SIHSUS/200801_/Dados,2853505.0,,2026-09-16T09:42:18.531232+00:00,ok,True
PE,2010,7,available,RDPE1007.dbc,/dissemin/publicos/SIHSUS/200801_/Dados,2969548.0,,2026-09-16T09:42:18.531232+00:00,ok,True
PE,2010,8,available,RDPE1008.dbc,/dissemin/publicos/SIHSUS/200801_/Dados,2766947.0,,2026-09-16T09:42:18.531232+00:00,ok,True
PE,2010,9,available,RDPE1009.dbc,/dissemin/publicos/SIHSUS/200801_/Dados,2514476.0,,2026-09-16T09:42:18.531232+00:00,ok,True
PE,2010,10,available,RDPE1010.dbc,/dissemin/publicos/SIHSUS/200801_/Dados,2739181.0,,2026-09-16T09:42:18.531232+00:00,ok,True
PE,2010,11,available,RDPE1011.dbc,/dissemin/publicos/SIHSUS/200801_/Dados,2828106.0,,2026-09-16T09:42:18.531232+00:00,ok,True
PE,2010,12,available,RDPE1012.dbc,/dissemin/publicos/SIHSUS/200801_/Dados,2839373.0,,2026-09-16T09:42:18.531232+00:00,ok,True
PI,2010,1,available,RDPI1001.dbc,/dissemin/publicos/SIHSUS/200801_/Dados,1344265.0,,2026-09-16T09:42:18.531232+00:00,ok,True
PI,2010,2,available,RDPI1002.dbc,/dissemin/publicos/SIHSUS/200801_/Dados,1223287.0,,2026-09-16T09:42:18.531232+00:00,ok,True
PI,2010,3,available,RDPI1003.dbc,/dissemin/publicos/SIHSUS/200801_/Dados,1238093.0,,2026-09-16T09:42:18.531232+00:00,ok,True
PI,2010,4,available,RDPI1004.dbc,/dissemin/publicos/SIHSUS/200801_/Dados,1185023.0,,2026-09-16T09:42:18.531232+00:00,ok,True
PI,2010,5,available,RDPI1005.dbc,/dissemin/publicos/SIHSUS/200801_/Dados,1209058.0,,2026-09-16T09:42:18.531232+00:00,ok,True
PI,2010,6,available,RDPI1006.dbc,/dissemin/publicos/SIHSUS/200801_/Dados,1173526.0,,2026-09-16T09:42:18.531232+00:00,ok,True
PI,2010,7,available,RDPI1007.dbc,/dissemin/publicos/SIHSUS/200801_/Dados,1244627.0,,2026-09-16T09:42:18.531232+00:00,ok,True
PI,2010,8,available,RDPI1008.dbc,/dissemin/publicos/SIHSUS/200801_/Dados,1114061.0,,2026-09-16T09:42:18.531232+00:00,ok,True
PI,2010,9,available,RDPI1009.dbc,/dissemin/publicos/SIHSUS/200801_/Dados,1047911.0,,2026-09-16T09:42:18.531232+00:00,ok,True
PI,2010,10,available,RDPI1010.dbc,/dissemin/publicos/SIHSUS/200801_/Dados,1047976.0,,2026-09-16T09:42:18.531232+00:00,ok,True
PI,2010,11,available,RDPI1011.dbc,/dissemin/publicos/SIHSUS/200801_/Dados,1042363.0,,2026-09-16T09:42:18.531232+00:00,ok,True
PI,2010,12,available,RDPI1012.dbc,/dissemin/publicos/SIHSUS/200801_/Dados,1027501.0,,2026-09-16T09:42:18.531232+00:00,ok,True
PR,2010,1,available,RDPR1001.dbc,/dissemin/publicos/SIHSUS/200801_/Dados,4253481.0,,2026-09-16T09:42:18.531232+00:00,ok,True
PR,2010,2,available,RDPR1002.dbc,/dissemin/publicos/SIHSUS/200801_/Dados,4187061.0,,2026-09-16T09:42:18.531232+00:00,ok,True
PR,2010,3,available,RDPR1003.dbc,/dissemin/publicos/SIHSUS/200801_/Dados,4188796.0,,2026-09-16T09:42:18.531232+00:00,ok,True
PR,2010,4,available,RDPR1004.dbc,/dissemin/publicos/SIHSUS/200801_/Dados,4240164.0,,2026-09-16T09:42:18.531232+00:00,ok,True
PR,2010,5,available,RDPR1005.dbc,/dissemin/publicos/SIHSUS/200801_/Dados,4306167.0,,2026-09-16T09:42:18.531232+00:00,ok,True
PR,2010,6,available,RDPR1006.dbc,/dissemin/publicos/SIHSUS/200801_/Dados,4337567.0,,2026-09-16T09:42:18.531232+00:00,ok,True
PR,2010,7,available,RDPR1007.dbc,/dissemin/publicos/SIHSUS/200801_/Dados,4628154.0,,2026-09-16T09:42:18.531232+00:00,ok,True
PR,2010,8,available,RDPR1008.dbc,/dissemin/publicos/SIHSUS/200801_/Dados,4394554.0,,2026-09-16T09:42:18.531232+00:00,ok,True
PR,2010,9,available,RDPR1009.dbc,/dissemin/publicos/SIHSUS/200801_/Dados,4111334.0,,2026-09-16T09:42:18.531232+00:00,ok,True
PR,2010,10,available,RDPR1010.dbc,/dissemin/publicos/SIHSUS/200801_/Dados,4152147.0,,2026-09-16T09:42:18.531232+00:00,ok,True
PR,2010,11,available,RDPR1011.dbc,/dissemin/publicos/SIHSUS/200801_/Dados,4206275.0,,2026-09-16T09:42:18.531232+00:00,ok,True
PR,2010,12,available,RDPR1012.dbc,/dissemin/publicos/SIHSUS/200801_/Dados,4084080.0,,2026-09-16T09:42:18.531232+00:00,ok,True
RJ,2010,1,available,RDRJ1001.dbc,/dissemin/publicos/SIHSUS/200801_/Dados,3542404.0,,2026-09-16T09:42:18.531232+00:00,ok,True
RJ,2010,2,available,RDRJ1002.dbc,/dissemin/publicos/SIHSUS/200801_/Dados,3625107.0,,2026-09-16T09:42:18.531232+00:00,ok,True
RJ,2010,3,available,RDRJ1003.dbc,/dissemin/publicos/SIHSUS/200801_/Dados,3698466.0,,2026-09-16T09:42:18.531232+00:00,ok,True
RJ,2010,4,available,RDRJ1004.dbc,/dissemin/publicos/SIHSUS/200801_/Dados,3516408.0,,2026-09-16T09:42:18.531232+00:00,ok,True
RJ,2010,5,available,RDRJ1005.dbc,/dissemin/publicos/SIHSUS/200801_/Dados,3762863.0,,2026-09-16T09:42:18.531232+00:00,ok,True
RJ,2010,6,available,RDRJ1006.dbc,/dissemin/publicos/SIHSUS/200801_/Dados,3825004.0,,2026-09-16T09:42:18.531232+00:00,ok,True
RJ,2010,7,available,RDRJ1007.dbc,/dissemin/publicos/SIHSUS/200801_/Dados,4190054.0,,2026-09-16T09:42:18.531232+00:00,ok,True
RJ,2010,8,available,RDRJ1008.dbc,/dissemin/publicos/SIHSUS/200801_/Dados,3888515.0,,2026-09-16T09:42:18.531232+00:00,ok,True
RJ,2010,9,available,RDRJ1009.dbc,/dissemin/publicos/SIHSUS/200801_/Dados,3488473.0,,2026-09-16T09:42:18.531232+00:00,ok,True
RJ,2010,10,available,RDRJ1010.dbc,/dissemin/publicos/SIHSUS/200801_/Dados,3511515.0,,2026-09-16T09:42:18.531232+00:00,ok,True
RJ,2010,11,available,RDRJ1011.dbc,/dissemin/publicos/SIHSUS/200801_/Dados,3470556.0,,2026-09-16T09:42:18.531232+00:00,ok,True
RJ,2010,12,available,RDRJ1012.dbc,/dissemin/publicos/SIHSUS/200801_/Dados,3492875.0,,2026-09-16T09:42:18.531232+00:00,ok,True
RN,2010,1,available,RDRN1001.dbc,/dissemin/publicos/SIHSUS/200801_/Dados,943958.0,,2026-09-16T09:42:18.531232+00:00,ok,True
RN,2010,2,available,RDRN1002.dbc,/dissemin/publicos/SIHSUS/200801_/Dados,878232.0,,2026-09-16T09:42:18.531232+00:00,ok,True
RN,2010,3,available,RDRN1003.dbc,/dissemin/publicos/SIHSUS/200801_/Dados,922210.0,,2026-09-16T09:42:18.531232+00:00,ok,True
RN,2010,4,available,RDRN1004.dbc,/dissemin/publicos/SIHSUS/200801_/Dados,904930.0,,2026-09-16T09:42:18.531232+00:00,ok,True
RN,2010,5,available,RDRN1005.dbc,/dissemin/publicos/SIHSUS/200801_/Dados,924630.0,,2026-09-16T09:42:18.531232+00:00,ok,True
RN,2010,6,available,RDRN1006.dbc,/dissemin/publicos/SIHSUS/200801_/Dados,885728.0,,2026-09-16T09:42:18.531232+00:00,ok,True
RN,2010,7,available,RDRN1007.dbc,/dissemin/publicos/SIHSUS/200801_/Dados,945531.0,,2026-09-16T09:42:18.531232+00:00,ok,True
RN,2010,8,available,RDRN1008.dbc,/dissemin/publicos/SIHSUS/200801_/Dados,871423.0,,2026-09-16T09:42:18.531232+00:00,ok,True
RN,2010,9,available,RDRN1009.dbc,/dissemin/publicos/SIHSUS/200801_/Dados,861192.0,,2026-09-16T09:42:18.531232+00:00,ok,True
RN,2010,10,available,RDRN1010.dbc,/dissemin/publicos/SIHSUS/200801_/Dados,820079.0,,2026-09-16T09:42:18.531232+00:00,ok,True
RN,2010,11,available,RDRN1011.dbc,/dissemin/publicos/SIHSUS/200801_/Dados,842603.0,,2026-09-16T09:42:18.531232+00:00,ok,True
RN,2010,12,available,RDRN1012.dbc,/dissemin/publicos/SIHSUS/200801_/Dados,832993.0,,2026-09-16T09:42:18.531232+00:00,ok,True
RO,2010,1,available,RDRO1001.dbc,/dissemin/publicos/SIHSUS/200801_/Dados,470830.0,,2026-09-16T09:42:18.531232+00:00,ok,True
RO,2010,2,available,RDRO1002.dbc,/dissemin/publicos/SIHSUS/200801_/Dados,462466.0,,2026-09-16T09:42:18.531232+00:00,ok,True
RO,2010,3,available,RDRO1003.dbc,/dissemin/publicos/SIHSUS/200801_/Dados,441645.0,,2026-09-16T09:42:18.531232+00:00,ok,True
RO,2010,4,available,RDRO1004.dbc,/dissemin/publicos/SIHSUS/200801_/Dados,473924.0,,2026-09-16T09:42:18.531232+00:00,ok,True
RO,2010,5,available,RDRO1005.dbc,/dissemin/publicos/SIHSUS/200801_/Dados,498038.0,,2026-09-16T09:42:18.531232+00:00,ok,True
RO,2010,6,available,RDRO1006.dbc,/dissemin/publicos/SIHSUS/200801_/Dados,463842.0,,2026-09-16T09:42:18.531232+00:00,ok,True
RO,2010,7,available,RDRO1007.dbc,/dissemin/publicos/SIHSUS/200801_/Dados,505354.0,,2026-09-16T09:42:18.531232+00:00,ok,True
RO,2010,8,available,RDRO1008.dbc,/dissemin/publicos/SIHSUS/200801_/Dados,470180.0,,2026-09-16T09:42:18.531232+00:00,ok,True
RO,2010,9,available,RDRO1009.dbc,/dissemin/publicos/SIHSUS/200801_/Dados,486104.0,,2026-09-16T09:42:18.531232+00:00,ok,True
RO,2010,10,available,RDRO1010.dbc,/dissemin/publicos/SIHSUS/200801_/Dados,459690.0,,2026-09-16T09:42:18.531232+00:00,ok,True
RO,2010,11,available,RDRO1011.dbc,/dissemin/publicos/SIHSUS/200801_/Dados,453916.0,,2026-09-16T09:42:18.531232+00:00,ok,True
RO,2010,12,available,RDRO1012.dbc,/dissemin/publicos/SIHSUS/200801_/Dados,423680.0,,2026-09-16T09:42:18.531232+00:00,ok,True
RR,2010,1,available,RDRR1001.dbc,/dissemin/publicos/SIHSUS/200801_/Dados,143585.0,,2026-09-16T09:42:18.531232+00:00,ok,True
RR,2010,2,available,RDRR1002.dbc,/dissemin/publicos/SIHSUS/200801_/Dados,133775.0,,2026-09-16T09:42:18.531232+00:00,ok,True
RR,2010,3,available,RDRR1003.dbc,/dissemin/publicos/SIHSUS/200801_/Dados,164639.0,,2026-09-16T09:42:18.531232+00:00,ok,True
RR,2010,4,available,RDRR1004.dbc,/dissemin/publicos/SIHSUS/200801_/Dados,174247.0,,2026-09-16T09:42:18.531232+00:00,ok,True
RR,2010,5,available,RDRR1005.dbc,/dissemin/publicos/SIHSUS/200801_/Dados,176373.0,,2026-09-16T09:42:18.531232+00:00,ok,True
RR,2010,6,available,RDRR1006.dbc,/dissemin/publicos/SIHSUS/200801_/Dados,171039.0,,2026-09-16T09:42:18.531232+00:00,ok,True
RR,2010,7,available,RDRR1007.dbc,/dissemin/publicos/SIHSUS/200801_/Dados,185038.0,,2026-09-16T09:42:18.531232+00:00,ok,True
RR,2010,8,available,RDRR1008.dbc,/dissemin/publicos/SIHSUS/200801_/Dados,164160.0,,2026-09-16T09:42:18.531232+00:00,ok,True
RR,2010,9,available,RDRR1009.dbc,/dissemin/publicos/SIHSUS/200801_/Dados,177395.0,,2026-09-16T09:42:18.531232+00:00,ok,True
RR,2010,10,available,RDRR1010.dbc,/dissemin/publicos/SIHSUS/200801_/Dados,169328.0,,2026-09-16T09:42:18.531232+00:00,ok,True
RR,2010,11,available,RDRR1011.dbc,/dissemin/publicos/SIHSUS/200801_/Dados,158790.0,,2026-09-16T09:42:18.531232+00:00,ok,True
RR,2010,12,available,RDRR1012.dbc,/dissemin/publicos/SIHSUS/200801_/Dados,121155.0,,2026-09-16T09:42:18.531232+00:00,ok,True
RS,2010,1,available,RDRS1001.dbc,/dissemin/publicos/SIHSUS/200801_/Dados,4209274.0,,2026-09-16T09:42:18.531232+00:00,ok,True
RS,2010,2,available,RDRS1002.dbc,/dissemin/publicos/SIHSUS/200801_/Dados,4143771.0,,2026-09-16T09:42:18.531232+00:00,ok,True
RS,2010,3,available,RDRS1003.dbc,/dissemin/publicos/SIHSUS/200801_/Dados,4035717.0,,2026-09-16T09:42:18.531232+00:00,ok,True
RS,2010,4,available,RDRS1004.dbc,/dissemin/publicos/SIHSUS/200801_/Dados,4179063.0,,2026-09-16T09:42:18.531232+00:00,ok,True
RS,2010,5,available,RDRS1005.dbc,/dissemin/publicos/SIHSUS/200801_/Dados,4348779.0,,2026-09-16T09:42:18.531232+00:00,ok,True
RS,2010,6,available,RDRS1006.dbc,/dissemin/publicos/SIHSUS/200801_/Dados,4011132.0,,2026-09-16T09:42:18.531232+00:00,ok,True
RS,2010,7,available,RDRS1007.dbc,/dissemin/publicos/SIHSUS/200801_/Dados,4494658.0,,2026-09-16T09:42:18.531232+00:00,ok,True
RS,2010,8,available,RDRS1008.dbc,/dissemin/publicos/SIHSUS/200801_/Dados,4222036.0,,2026-09-16T09:42:18.531232+00:00,ok,True
RS,2010,9,available,RDRS1009.dbc,/dissemin/publicos/SIHSUS/200801_/Dados,3876854.0,,2026-09-16T09:42:18.531232+00:00,ok,True
RS,2010,10,available,RDRS1010.dbc,/dissemin/publicos/SIHSUS/200801_/Dados,3965709.0,,2026-09-16T09:42:18.531232+00:00,ok,True
RS,2010,11,available,RDRS1011.dbc,/dissemin/publicos/SIHSUS/200801_/Dados,3974751.0,,2026-09-16T09:42:18.531232+00:00,ok,True
RS,2010,12,available,RDRS1012.dbc,/dissemin/publicos/SIHSUS/200801_/Dados,4037717.0,,2026-09-16T09:42:18.531232+00:00,ok,True
SC,2010,1,available,RDSC1001.dbc,/dissemin/publicos/SIHSUS/200801_/Dados,2365158.0,,2026-09-16T09:42:18.531232+00:00,ok,True
SC,2010,2,available,RDSC1002.dbc,/dissemin/publicos/SIHSUS/200801_/Dados,2100181.0,,2026-09-16T09:42:18.531232+00:00,ok,True
SC,2010,3,available,RDSC1003.dbc,/dissemin/publicos/SIHSUS/200801_/Dados,2268212.0,,2026-09-16T09:42:18.531232+00:00,ok,True
SC,2010,4,available,RDSC1004.dbc,/dissemin/publicos/SIHSUS/200801_/Dados,2275872.0,,2026-09-16T09:42:18.531232+00:00,ok,True
SC,2010,5,available,RDSC1005.dbc,/dissemin/publicos/SIHSUS/200801_/Dados,2233335.0,,2026-09-16T09:42:18.531232+00:00,ok,True
SC,2010,6,available,RDSC1006.dbc,/dissemin/publicos/SIHSUS/200801_/Dados,2204493.0,,2026-09-16T09:42:18.531232+00:00,ok,True
SC,2010,7,available,RDSC1007.dbc,/dissemin/publicos/SIHSUS/200801_/Dados,2401069.0,,2026-09-16T09:42:18.531232+00:00,ok,True
SC,2010,8,available,RDSC1008.dbc,/dissemin/publicos/SIHSUS/200801_/Dados,2306446.0,,2026-09-16T09:42:18.531232+00:00,ok,True
SC,2010,9,available,RDSC1009.dbc,/dissemin/publicos/SIHSUS/200801_/Dados,2200828.0,,2026-09-16T09:42:18.531232+00:00,ok,True
SC,2010,10,available,RDSC1010.dbc,/dissemin/publicos/SIHSUS/200801_/Dados,2118552.0,,2026-09-16T09:42:18.531232+00:00,ok,True
SC,2010,11,available,RDSC1011.dbc,/dissemin/publicos/SIHSUS/200801_/Dados,2197486.0,,2026-09-16T09:42:18.531232+00:00,ok,True
SC,2010,12,available,RDSC1012.dbc,/dissemin/publicos/SIHSUS/200801_/Dados,2408623.0,,2026-09-16T09:42:18.531232+00:00,ok,True
SE,2010,1,available,RDSE1001.dbc,/dissemin/publicos/SIHSUS/200801_/Dados,467121.0,,2026-09-16T09:42:18.531232+00:00,ok,True
SE,2010,2,available,RDSE1002.dbc,/dissemin/publicos/SIHSUS/200801_/Dados,398890.0,,2026-09-16T09:42:18.531232+00:00,ok,True
SE,2010,3,available,RDSE1003.dbc,/dissemin/publicos/SIHSUS/200801_/Dados,426336.0,,2026-09-16T09:42:18.531232+00:00,ok,True
SE,2010,4,available,RDSE1004.dbc,/dissemin/publicos/SIHSUS/200801_/Dados,514754.0,,2026-09-16T09:42:18.531232+00:00,ok,True
SE,2010,5,available,RDSE1005.dbc,/dissemin/publicos/SIHSUS/200801_/Dados,533247.0,,2026-09-16T09:42:18.531232+00:00,ok,True
SE,2010,6,available,RDSE1006.dbc,/dissemin/publicos/SIHSUS/200801_/Dados,419256.0,,2026-09-16T09:42:18.531232+00:00,ok,True
SE,2010,7,available,RDSE1007.dbc,/dissemin/publicos/SIHSUS/200801_/Dados,529955.0,,2026-09-16T09:42:18.531232+00:00,ok,True
SE,2010,8,available,RDSE1008.dbc,/dissemin/publicos/SIHSUS/200801_/Dados,510578.0,,2026-09-16T09:42:18.531232+00:00,ok,True
SE,2010,9,available,RDSE1009.dbc,/dissemin/publicos/SIHSUS/200801_/Dados,481863.0,,2026-09-16T09:42:18.531232+00:00,ok,True
SE,2010,10,available,RDSE1010.dbc,/dissemin/publicos/SIHSUS/200801_/Dados,451443.0,,2026-09-16T09:42:18.531232+00:00,ok,True
SE,2010,11,available,RDSE1011.dbc,/dissemin/publicos/SIHSUS/200801_/Dados,494086.0,,2026-09-16T09:42:18.531232+00:00,ok,True
SE,2010,12,available,RDSE1012.dbc,/dissemin/publicos/SIHSUS/200801_/Dados,401356.0,,2026-09-16T09:42:18.531232+00:00,ok,True
SP,2010,1,available,RDSP1001.dbc,/dissemin/publicos/SIHSUS/200801_/Dados,13649713.0,,2026-09-16T09:42:18.531232+00:00,ok,True
SP,2010,2,available,RDSP1002.dbc,/dissemin/publicos/SIHSUS/200801_/Dados,13021214.0,,2026-09-16T09:42:18.531232+00:00,ok,True
SP,2010,3,available,RDSP1003.dbc,/dissemin/publicos/SIHSUS/200801_/Dados,13643309.0,,2026-09-16T09:42:18.531232+00:00,ok,True
SP,2010,4,available,RDSP1004.dbc,/dissemin/publicos/SIHSUS/200801_/Dados,13691773.0,,2026-09-16T09:42:18.531232+00:00,ok,True
SP,2010,5,available,RDSP1005.dbc,/dissemin/publicos/SIHSUS/200801_/Dados,13719189.0,,2026-09-16T09:42:18.531232+00:00,ok,True
SP,2010,6,available,RDSP1006.dbc,/dissemin/publicos/SIHSUS/200801_/Dados,13252366.0,,2026-09-16T09:42:18.531232+00:00,ok,True
SP,2010,7,available,RDSP1007.dbc,/dissemin/publicos/SIHSUS/200801_/Dados,14226939.0,,2026-09-16T09:42:18.531232+00:00,ok,True
SP,2010,8,available,RDSP1008.dbc,/dissemin/publicos/SIHSUS/200801_/Dados,13633058.0,,2026-09-16T09:42:18.531232+00:00,ok,True
SP,2010,9,available,RDSP1009.dbc,/dissemin/publicos/SIHSUS/200801_/Dados,13498104.0,,2026-09-16T09:42:18.531232+00:00,ok,True
SP,2010,10,available,RDSP1010.dbc,/dissemin/publicos/SIHSUS/200801_/Dados,13022930.0,,2026-09-16T09:42:18.531232+00:00,ok,True
SP,2010,11,available,RDSP1011.dbc,/dissemin/publicos/SIHSUS/200801_/Dados,13265197.0,,2026-09-16T09:42:18.531232+00:00,ok,True
SP,2010,12,available,RDSP1012.dbc,/dissemin/publicos/SIHSUS/200801_/Dados,13462848.0,,2026-09-16T09:42:18.531232+00:00,ok,True
TO,2010,1,available,RDTO1001.dbc,/dissemin/publicos/SIHSUS/200801_/Dados,562650.0,,2026-09-16T09:42:18.531232+00:00,ok,True
TO,2010,2,available,RDTO1002.dbc,/dissemin/publicos/SIHSUS/200801_/Dados,568387.0,,2026-09-16T09:42:18.531232+00:00,ok,True
TO,2010,3,available,RDTO1003.dbc,/dissemin/publicos/SIHSUS/200801_/Dados,529315.0,,2026-09-16T09:42:18.531232+00:00,ok,True
TO,2010,4,available,RDTO1004.dbc,/dissemin/publicos/SIHSUS/200801_/Dados,548957.0,,2026-09-16T09:42:18.531232+00:00,ok,True
TO,2010,5,available,RDTO1005.dbc,/dissemin/publicos/SIHSUS/200801_/Dados,578694.0,,2026-09-16T09:42:18.531232+00:00,ok,True
TO,2010,6,available,RDTO1006.dbc,/dissemin/publicos/SIHSUS/200801_/Dados,556543.0,,2026-09-16T09:42:18.531232+00:00,ok,True
TO,2010,7,available,RDTO1007.dbc,/dissemin/publicos/SIHSUS/200801_/Dados,584407.0,,2026-09-16T09:42:18.531232+00:00,ok,True
TO,2010,8,available,RDTO1008.dbc,/dissemin/publicos/SIHSUS/200801_/Dados,602345.0,,2026-09-16T09:42:18.531232+00:00,ok,True
TO,2010,9,available,RDTO1009.dbc,/dissemin/publicos/SIHSUS/200801_/Dados,517369.0,,2026-09-16T09:42:18.531232+00:00,ok,True
TO,2010,10,available,RDTO1010.dbc,/dissemin/publicos/SIHSUS/200801_/Dados,552487.0,,2026-09-16T09:42:18.531232+00:00,ok,True
TO,2010,11,available,RDTO1011.dbc,/dissemin/publicos/SIHSUS/200801_/Dados,567831.0,,2026-09-16T09:42:18.531232+00:00,ok,True
TO,2010,12,available,RDTO1012.dbc,/dissemin/publicos/SIHSUS/200801_/Dados,474350.0,,2026-09-16T09:42:18.531232+00:00,ok,True
AC,2011,1,available,RDAC1101.dbc,/dissemin/publicos/SIHSUS/200801_/Dados,314953.0,,2026-09-16T09:42:18.531232+00:00,ok,True
AC,2011,2,available,RDAC1102.dbc,/dissemin/publicos/SIHSUS/200801_/Dados,305246.0,,2026-09-16T09:42:18.531232+00:00,ok,True
AC,2011,3,available,RDAC1103.dbc,/dissemin/publicos/SIHSUS/200801_/Dados,305772.0,,2026-09-16T09:42:18.531232+00:00,ok,True
AC,2011,4,available,RDAC1104.dbc,/dissemin/publicos/SIHSUS/200801_/Dados,320916.0,,2026-09-16T09:42:18.531232+00:00,ok,True
AC,2011,5,available,RDAC1105.dbc,/dissemin/publicos/SIHSUS/200801_/Dados,310127.0,,2026-09-16T09:42:18.531232+00:00,ok,True
AC,2011,6,available,RDAC1106.dbc,/dissemin/publicos/SIHSUS/200801_/Dados,336081.0,,2026-09-16T09:42:18.531232+00:00,ok,True
AC,2011,7,available,RDAC1107.dbc,/dissemin/publicos/SIHSUS/200801_/Dados,321346.0,,2026-09-16T09:42:18.531232+00:00,ok,True
AC,2011,8,available,RDAC1108.dbc,/dissemin/publicos/SIHSUS/200801_/Dados,298669.0,,2026-09-16T09:42:18.531232+00:00,ok,True
AC,2011,9,available,RDAC1109.dbc,/dissemin/publicos/SIHSUS/200801_/Dados,307702.0,,2026-09-16T09:42:18.531232+00:00,ok,True
AC,2011,10,available,RDAC1110.dbc,/dissemin/publicos/SIHSUS/200801_/Dados,288696.0,,2026-09-16T09:42:18.531232+00:00,ok,True
AC,2011,11,available,RDAC1111.dbc,/dissemin/publicos/SIHSUS/200801_/Dados,324294.0,,2026-09-16T09:42:18.531232+00:00,ok,True
AC,2011,12,available,RDAC1112.dbc,/dissemin/publicos/SIHSUS/200801_/Dados,294738.0,,2026-09-16T09:42:18.531232+00:00,ok,True
AL,2011,1,available,RDAL1101.dbc,/dissemin/publicos/SIHSUS/200801_/Dados,910188.0,,2026-09-16T09:42:18.531232+00:00,ok,True
AL,2011,2,available,RDAL1102.dbc,/dissemin/publicos/SIHSUS/200801_/Dados,928200.0,,2026-09-16T09:42:18.531232+00:00,ok,True
AL,2011,3,available,RDAL1103.dbc,/dissemin/publicos/SIHSUS/200801_/Dados,919109.0,,2026-09-16T09:42:18.531232+00:00,ok,True
AL,2011,4,available,RDAL1104.dbc,/dissemin/publicos/SIHSUS/200801_/Dados,1028710.0,,2026-09-16T09:42:18.531232+00:00,ok,True
AL,2011,5,available,RDAL1105.dbc,/dissemin/publicos/SIHSUS/200801_/Dados,1037259.0,,2026-09-16T09:42:18.531232+00:00,ok,True
AL,2011,6,available,RDAL1106.dbc,/dissemin/publicos/SIHSUS/200801_/Dados,995534.0,,2026-09-16T09:42:18.531232+00:00,ok,True
AL,2011,7,available,RDAL1107.dbc,/dissemin/publicos/SIHSUS/200801_/Dados,1024769.0,,2026-09-16T09:42:18.531232+00:00,ok,True
AL,2011,8,available,RDAL1108.dbc,/dissemin/publicos/SIHSUS/200801_/Dados,1038237.0,,2026-09-16T09:42:18.531232+00:00,ok,True
AL,2011,9,available,RDAL1109.dbc,/dissemin/publicos/SIHSUS/200801_/Dados,1059516.0,,2026-09-16T09:42:18.531232+00:00,ok,True
AL,2011,10,available,RDAL1110.dbc,/dissemin/publicos/SIHSUS/200801_/Dados,1023337.0,,2026-09-16T09:42:18.531232+00:00,ok,True
AL,2011,11,available,RDAL1111.dbc,/dissemin/publicos/SIHSUS/200801_/Dados,995151.0,,2026-09-16T09:42:18.531232+00:00,ok,True
AL,2011,12,available,RDAL1112.dbc,/dissemin/publicos/SIHSUS/200801_/Dados,1051131.0,,2026-09-16T09:42:18.531232+00:00,ok,True
AM,2011,1,available,RDAM1101.dbc,/dissemin/publicos/SIHSUS/200801_/Dados,839498.0,,2026-09-16T09:42:18.531232+00:00,ok,True
AM,2011,2,available,RDAM1102.dbc,/dissemin/publicos/SIHSUS/200801_/Dados,821800.0,,2026-09-16T09:42:18.531232+00:00,ok,True
AM,2011,3,available,RDAM1103.dbc,/dissemin/publicos/SIHSUS/200801_/Dados,876919.0,,2026-09-16T09:42:18.531232+00:00,ok,True
AM,2011,4,available,RDAM1104.dbc,/dissemin/publicos/SIHSUS/200801_/Dados,876700.0,,2026-09-16T09:42:18.531232+00:00,ok,True
AM,2011,5,available,RDAM1105.dbc,/dissemin/publicos/SIHSUS/200801_/Dados,920514.0,,2026-09-16T09:42:18.531232+00:00,ok,True
AM,2011,6,available,RDAM1106.dbc,/dissemin/publicos/SIHSUS/200801_/Dados,902340.0,,2026-09-16T09:42:18.531232+00:00,ok,True
AM,2011,7,available,RDAM1107.dbc,/dissemin/publicos/SIHSUS/200801_/Dados,971557.0,,2026-09-16T09:42:18.531232+00:00,ok,True
AM,2011,8,available,RDAM1108.dbc,/dissemin/publicos/SIHSUS/200801_/Dados,848669.0,,2026-09-16T09:42:18.531232+00:00,ok,True
AM,2011,9,available,RDAM1109.dbc,/dissemin/publicos/SIHSUS/200801_/Dados,850505.0,,2026-09-16T09:42:18.531232+00:00,ok,True
AM,2011,10,available,RDAM1110.dbc,/dissemin/publicos/SIHSUS/200801_/Dados,855730.0,,2026-09-16T09:42:18.531232+00:00,ok,True
AM,2011,11,available,RDAM1111.dbc,/dissemin/publicos/SIHSUS/200801_/Dados,839672.0,,2026-09-16T09:42:18.531232+00:00,ok,True
AM,2011,12,available,RDAM1112.dbc,/dissemin/publicos/SIHSUS/200801_/Dados,970058.0,,2026-09-16T09:42:18.531232+00:00,ok,True
AP,2011,1,available,RDAP1101.dbc,/dissemin/publicos/SIHSUS/200801_/Dados,202179.0,,2026-09-16T09:42:18.531232+00:00,ok,True
AP,2011,2,available,RDAP1102.dbc,/dissemin/publicos/SIHSUS/200801_/Dados,195473.0,,2026-09-16T09:42:18.531232+00:00,ok,True
AP,2011,3,available,RDAP1103.dbc,/dissemin/publicos/SIHSUS/200801_/Dados,167195.0,,2026-09-16T09:42:18.531232+00:00,ok,True
AP,2011,4,available,RDAP1104.dbc,/dissemin/publicos/SIHSUS/200801_/Dados,203369.0,,2026-09-16T09:42:18.531232+00:00,ok,True
AP,2011,5,available,RDAP1105.dbc,/dissemin/publicos/SIHSUS/200801_/Dados,222098.0,,2026-09-16T09:42:18.531232+00:00,ok,True
AP,2011,6,available,RDAP1106.dbc,/dissemin/publicos/SIHSUS/200801_/Dados,204851.0,,2026-09-16T09:42:18.531232+00:00,ok,True
AP,2011,7,available,RDAP1107.dbc,/dissemin/publicos/SIHSUS/200801_/Dados,232597.0,,2026-09-16T09:42:18.531232+00:00,ok,True
AP,2011,8,available,RDAP1108.dbc,/dissemin/publicos/SIHSUS/200801_/Dados,204772.0,,2026-09-16T09:42:18.531232+00:00,ok,True
AP,2011,9,available,RDAP1109.dbc,/dissemin/publicos/SIHSUS/200801_/Dados,215360.0,,2026-09-16T09:42:18.531232+00:00,ok,True
AP,2011,10,available,RDAP1110.dbc,/dissemin/publicos/SIHSUS/200801_/Dados,194020.0,,2026-09-16T09:42:18.531232+00:00,ok,True
AP,2011,11,available,RDAP1111.dbc,/dissemin/publicos/SIHSUS/200801_/Dados,189900.0,,2026-09-16T09:42:18.531232+00:00,ok,True
AP,2011,12,available,RDAP1112.dbc,/dissemin/publicos/SIHSUS/200801_/Dados,207681.0,,2026-09-16T09:42:18.531232+00:00,ok,True
BA,2011,1,available,RDBA1101.dbc,/dissemin/publicos/SIHSUS/200801_/Dados,4564380.0,,2026-09-16T09:42:18.531232+00:00,ok,True
BA,2011,2,available,RDBA1102.dbc,/dissemin/publicos/SIHSUS/200801_/Dados,4652431.0,,2026-09-16T09:42:18.531232+00:00,ok,True
BA,2011,3,available,RDBA1103.dbc,/dissemin/publicos/SIHSUS/200801_/Dados,5097896.0,,2026-09-16T09:42:18.531232+00:00,ok,True
BA,2011,4,available,RDBA1104.dbc,/dissemin/publicos/SIHSUS/200801_/Dados,5042353.0,,2026-09-16T09:42:18.531232+00:00,ok,True
BA,2011,5,available,RDBA1105.dbc,/dissemin/publicos/SIHSUS/200801_/Dados,4582197.0,,2026-09-16T09:42:18.531232+00:00,ok,True
BA,2011,6,available,RDBA1106.dbc,/dissemin/publicos/SIHSUS/200801_/Dados,5015676.0,,2026-09-16T09:42:18.531232+00:00,ok,True
BA,2011,7,available,RDBA1107.dbc,/dissemin/publicos/SIHSUS/200801_/Dados,5030639.0,,2026-09-16T09:42:18.531232+00:00,ok,True
BA,2011,8,available,RDBA1108.dbc,/dissemin/publicos/SIHSUS/200801_/Dados,4882688.0,,2026-09-16T09:42:18.531232+00:00,ok,True
BA,2011,9,available,RDBA1109.dbc,/dissemin/publicos/SIHSUS/200801_/Dados,5015251.0,,2026-09-16T09:42:18.531232+00:00,ok,True
BA,2011,10,available,RDBA1110.dbc,/dissemin/publicos/SIHSUS/200801_/Dados,4930382.0,,2026-09-16T09:42:18.531232+00:00,ok,True
BA,2011,11,available,RDBA1111.dbc,/dissemin/publicos/SIHSUS/200801_/Dados,4823655.0,,2026-09-16T09:42:18.531232+00:00,ok,True
BA,2011,12,available,RDBA1112.dbc,/dissemin/publicos/SIHSUS/200801_/Dados,4578031.0,,2026-09-16T09:42:18.531232+00:00,ok,True
CE,2011,1,available,RDCE1101.dbc,/dissemin/publicos/SIHSUS/200801_/Dados,2539215.0,,2026-09-16T09:42:18.531232+00:00,ok,True
CE,2011,2,available,RDCE1102.dbc,/dissemin/publicos/SIHSUS/200801_/Dados,2747426.0,,2026-09-16T09:42:18.531232+00:00,ok,True
CE,2011,3,available,RDCE1103.dbc,/dissemin/publicos/SIHSUS/200801_/Dados,2762200.0,,2026-09-16T09:42:18.531232+00:00,ok,True
CE,2011,4,available,RDCE1104.dbc,/dissemin/publicos/SIHSUS/200801_/Dados,2762270.0,,2026-09-16T09:42:18.531232+00:00,ok,True
CE,2011,5,available,RDCE1105.dbc,/dissemin/publicos/SIHSUS/200801_/Dados,2412574.0,,2026-09-16T09:42:18.531232+00:00,ok,True
CE,2011,6,available,RDCE1106.dbc,/dissemin/publicos/SIHSUS/200801_/Dados,2654706.0,,2026-09-16T09:42:18.531232+00:00,ok,True
CE,2011,7,available,RDCE1107.dbc,/dissemin/publicos/SIHSUS/200801_/Dados,2749950.0,,2026-09-16T09:42:18.531232+00:00,ok,True
CE,2011,8,available,RDCE1108.dbc,/dissemin/publicos/SIHSUS/200801_/Dados,2623651.0,,2026-09-16T09:42:18.531232+00:00,ok,True
CE,2011,9,available,RDCE1109.dbc,/dissemin/publicos/SIHSUS/200801_/Dados,2686214.0,,2026-09-16T09:42:18.531232+00:00,ok,True
CE,2011,10,available,RDCE1110.dbc,/dissemin/publicos/SIHSUS/200801_/Dados,2720522.0,,2026-09-16T09:42:18.531232+00:00,ok,True
CE,2011,11,available,RDCE1111.dbc,/dissemin/publicos/SIHSUS/200801_/Dados,2743448.0,,2026-09-16T09:42:18.531232+00:00,ok,True
CE,2011,12,available,RDCE1112.dbc,/dissemin/publicos/SIHSUS/200801_/Dados,2715016.0,,2026-09-16T09:42:18.531232+00:00,ok,True
DF,2011,1,available,RDDF1101.dbc,/dissemin/publicos/SIHSUS/200801_/Dados,1000421.0,,2026-09-16T09:42:18.531232+00:00,ok,True
DF,2011,2,available,RDDF1102.dbc,/dissemin/publicos/SIHSUS/200801_/Dados,1048233.0,,2026-09-16T09:42:18.531232+00:00,ok,True
DF,2011,3,available,RDDF1103.dbc,/dissemin/publicos/SIHSUS/200801_/Dados,1175207.0,,2026-09-16T09:42:18.531232+00:00,ok,True
DF,2011,4,available,RDDF1104.dbc,/dissemin/publicos/SIHSUS/200801_/Dados,1254391.0,,2026-09-16T09:42:18.531232+00:00,ok,True
DF,2011,5,available,RDDF1105.dbc,/dissemin/publicos/SIHSUS/200801_/Dados,1265975.0,,2026-09-16T09:42:18.531232+00:00,ok,True
DF,2011,6,available,RDDF1106.dbc,/dissemin/publicos/SIHSUS/200801_/Dados,1223640.0,,2026-09-16T09:42:18.531232+00:00,ok,True
DF,2011,7,available,RDDF1107.dbc,/dissemin/publicos/SIHSUS/200801_/Dados,1133050.0,,2026-09-16T09:42:18.531232+00:00,ok,True
DF,2011,8,available,RDDF1108.dbc,/dissemin/publicos/SIHSUS/200801_/Dados,1090902.0,,2026-09-16T09:42:18.531232+00:00,ok,True
DF,2011,9,available,RDDF1109.dbc,/dissemin/publicos/SIHSUS/200801_/Dados,1074184.0,,2026-09-16T09:42:18.531232+00:00,ok,True
DF,2011,10,available,RDDF1110.dbc,/dissemin/publicos/SIHSUS/200801_/Dados,1030922.0,,2026-09-16T09:42:18.531232+00:00,ok,True
DF,2011,11,available,RDDF1111.dbc,/dissemin/publicos/SIHSUS/200801_/Dados,927657.0,,2026-09-16T09:42:18.531232+00:00,ok,True
DF,2011,12,available,RDDF1112.dbc,/dissemin/publicos/SIHSUS/200801_/Dados,922753.0,,2026-09-16T09:42:18.531232+00:00,ok,True
ES,2011,1,available,RDES1101.dbc,/dissemin/publicos/SIHSUS/200801_/Dados,1273536.0,,2026-09-16T09:42:18.531232+00:00,ok,True
ES,2011,2,available,RDES1102.dbc,/dissemin/publicos/SIHSUS/200801_/Dados,1223399.0,,2026-09-16T09:42:18.531232+00:00,ok,True
ES,2011,3,available,RDES1103.dbc,/dissemin/publicos/SIHSUS/200801_/Dados,1363203.0,,2026-09-16T09:42:18.531232+00:00,ok,True
ES,2011,4,available,RDES1104.dbc,/dissemin/publicos/SIHSUS/200801_/Dados,1269488.0,,2026-09-16T09:42:18.531232+00:00,ok,True
ES,2011,5,available,RDES1105.dbc,/dissemin/publicos/SIHSUS/200801_/Dados,1374270.0,,2026-09-16T09:42:18.531232+00:00,ok,True
ES,2011,6,available,RDES1106.dbc,/dissemin/publicos/SIHSUS/200801_/Dados,1401687.0,,2026-09-16T09:42:18.531232+00:00,ok,True
ES,2011,7,available,RDES1107.dbc,/dissemin/publicos/SIHSUS/200801_/Dados,1395774.0,,2026-09-16T09:42:18.531232+00:00,ok,True
ES,2011,8,available,RDES1108.dbc,/dissemin/publicos/SIHSUS/200801_/Dados,1498912.0,,2026-09-16T09:42:18.531232+00:00,ok,True
ES,2011,9,available,RDES1109.dbc,/dissemin/publicos/SIHSUS/200801_/Dados,1310509.0,,2026-09-16T09:42:18.531232+00:00,ok,True
ES,2011,10,available,RDES1110.dbc,/dissemin/publicos/SIHSUS/200801_/Dados,1336333.0,,2026-09-16T09:42:18.531232+00:00,ok,True
ES,2011,11,available,RDES1111.dbc,/dissemin/publicos/SIHSUS/200801_/Dados,1394144.0,,2026-09-16T09:42:18.531232+00:00,ok,True
ES,2011,12,available,RDES1112.dbc,/dissemin/publicos/SIHSUS/200801_/Dados,1351192.0,,2026-09-16T09:42:18.531232+00:00,ok,True
GO,2011,1,available,RDGO1101.dbc,/dissemin/publicos/SIHSUS/200801_/Dados,1942538.0,,2026-09-16T09:42:18.531232+00:00,ok,True
GO,2011,2,available,RDGO1102.dbc,/dissemin/publicos/SIHSUS/200801_/Dados,2075215.0,,2026-09-16T09:42:18.531232+00:00,ok,True
GO,2011,3,available,RDGO1103.dbc,/dissemin/publicos/SIHSUS/200801_/Dados,2180435.0,,2026-09-16T09:42:18.531232+00:00,ok,True
GO,2011,4,available,RDGO1104.dbc,/dissemin/publicos/SIHSUS/200801_/Dados,2115915.0,,2026-09-16T09:42:18.531232+00:00,ok,True
GO,2011,5,available,RDGO1105.dbc,/dissemin/publicos/SIHSUS/200801_/Dados,2062788.0,,2026-09-16T09:42:18.531232+00:00,ok,True
GO,2011,6,available,RDGO1106.dbc,/dissemin/publicos/SIHSUS/200801_/Dados,1991517.0,,2026-09-16T09:42:18.531232+00:00,ok,True
GO,2011,7,available,RDGO1107.dbc,/dissemin/publicos/SIHSUS/200801_/Dados,2012397.0,,2026-09-16T09:42:18.531232+00:00,ok,True
GO,2011,8,available,RDGO1108.dbc,/dissemin/publicos/SIHSUS/200801_/Dados,2061479.0,,2026-09-16T09:42:18.531232+00:00,ok,True
GO,2011,9,available,RDGO1109.dbc,/dissemin/publicos/SIHSUS/200801_/Dados,2085045.0,,2026-09-16T09:42:18.531232+00:00,ok,True
GO,2011,10,available,RDGO1110.dbc,/dissemin/publicos/SIHSUS/200801_/Dados,2029196.0,,2026-09-16T09:42:18.531232+00:00,ok,True
GO,2011,11,available,RDGO1111.dbc,/dissemin/publicos/SIHSUS/200801_/Dados,2011586.0,,2026-09-16T09:42:18.531232+00:00,ok,True
GO,2011,12,available,RDGO1112.dbc,/dissemin/publicos/SIHSUS/200801_/Dados,1900057.0,,2026-09-16T09:42:18.531232+00:00,ok,True
MA,2011,1,available,RDMA1101.dbc,/dissemin/publicos/SIHSUS/200801_/Dados,2002803.0,,2026-09-16T09:42:18.531232+00:00,ok,True
MA,2011,2,available,RDMA1102.dbc,/dissemin/publicos/SIHSUS/200801_/Dados,2058509.0,,2026-09-16T09:42:18.531232+00:00,ok,True
MA,2011,3,available,RDMA1103.dbc,/dissemin/publicos/SIHSUS/200801_/Dados,2109250.0,,2026-09-16T09:42:18.531232+00:00,ok,True
MA,2011,4,available,RDMA1104.dbc,/dissemin/publicos/SIHSUS/200801_/Dados,2120727.0,,2026-09-16T09:42:18.531232+00:00,ok,True
MA,2011,5,available,RDMA1105.dbc,/dissemin/publicos/SIHSUS/200801_/Dados,2052977.0,,2026-09-16T09:42:18.531232+00:00,ok,True
MA,2011,6,available,RDMA1106.dbc,/dissemin/publicos/SIHSUS/200801_/Dados,2099642.0,,2026-09-16T09:42:18.531232+00:00,ok,True
MA,2011,7,available,RDMA1107.dbc,/dissemin/publicos/SIHSUS/200801_/Dados,2052985.0,,2026-09-16T09:42:18.531232+00:00,ok,True
MA,2011,8,available,RDMA1108.dbc,/dissemin/publicos/SIHSUS/200801_/Dados,2086102.0,,2026-09-16T09:42:18.531232+00:00,ok,True
MA,2011,9,available,RDMA1109.dbc,/dissemin/publicos/SIHSUS/200801_/Dados,2055940.0,,2026-09-16T09:42:18.531232+00:00,ok,True
MA,2011,10,available,RDMA1110.dbc,/dissemin/publicos/SIHSUS/200801_/Dados,2163048.0,,2026-09-16T09:42:18.531232+00:00,ok,True
MA,2011,11,available,RDMA1111.dbc,/dissemin/publicos/SIHSUS/200801_/Dados,2094403.0,,2026-09-16T09:42:18.531232+00:00,ok,True
MA,2011,12,available,RDMA1112.dbc,/dissemin/publicos/SIHSUS/200801_/Dados,2183177.0,,2026-09-16T09:42:18.531232+00:00,ok,True
MG,2011,1,available,RDMG1101.dbc,/dissemin/publicos/SIHSUS/200801_/Dados,6656750.0,,2026-09-16T09:42:18.531232+00:00,ok,True
MG,2011,2,available,RDMG1102.dbc,/dissemin/publicos/SIHSUS/200801_/Dados,6804523.0,,2026-09-16T09:42:18.531232+00:00,ok,True
MG,2011,3,available,RDMG1103.dbc,/dissemin/publicos/SIHSUS/200801_/Dados,7279170.0,,2026-09-16T09:42:18.531232+00:00,ok,True
MG,2011,4,available,RDMG1104.dbc,/dissemin/publicos/SIHSUS/200801_/Dados,7265964.0,,2026-09-16T09:42:18.531232+00:00,ok,True
MG,2011,5,available,RDMG1105.dbc,/dissemin/publicos/SIHSUS/200801_/Dados,7462099.0,,2026-09-16T09:42:18.531232+00:00,ok,True
MG,2011,6,available,RDMG1106.dbc,/dissemin/publicos/SIHSUS/200801_/Dados,7264578.0,,2026-09-16T09:42:18.531232+00:00,ok,True
MG,2011,7,available,RDMG1107.dbc,/dissemin/publicos/SIHSUS/200801_/Dados,7576603.0,,2026-09-16T09:42:18.531232+00:00,ok,True
MG,2011,8,available,RDMG1108.dbc,/dissemin/publicos/SIHSUS/200801_/Dados,7433824.0,,2026-09-16T09:42:18.531232+00:00,ok,True
MG,2011,9,available,RDMG1109.dbc,/dissemin/publicos/SIHSUS/200801_/Dados,7292312.0,,2026-09-16T09:42:18.531232+00:00,ok,True
MG,2011,10,available,RDMG1110.dbc,/dissemin/publicos/SIHSUS/200801_/Dados,7221928.0,,2026-09-16T09:42:18.531232+00:00,ok,True
MG,2011,11,available,RDMG1111.dbc,/dissemin/publicos/SIHSUS/200801_/Dados,7225168.0,,2026-09-16T09:42:18.531232+00:00,ok,True
MG,2011,12,available,RDMG1112.dbc,/dissemin/publicos/SIHSUS/200801_/Dados,7274698.0,,2026-09-16T09:42:18.531232+00:00,ok,True
MS,2011,1,available,RDMS1101.dbc,/dissemin/publicos/SIHSUS/200801_/Dados,893329.0,,2026-09-16T09:42:18.531232+00:00,ok,True
MS,2011,2,available,RDMS1102.dbc,/dissemin/publicos/SIHSUS/200801_/Dados,879830.0,,2026-09-16T09:42:18.531232+00:00,ok,True
MS,2011,3,available,RDMS1103.dbc,/dissemin/publicos/SIHSUS/200801_/Dados,958503.0,,2026-09-16T09:42:18.531232+00:00,ok,True
MS,2011,4,available,RDMS1104.dbc,/dissemin/publicos/SIHSUS/200801_/Dados,964476.0,,2026-09-16T09:42:18.531232+00:00,ok,True
MS,2011,5,available,RDMS1105.dbc,/dissemin/publicos/SIHSUS/200801_/Dados,926030.0,,2026-09-16T09:42:18.531232+00:00,ok,True
MS,2011,6,available,RDMS1106.dbc,/dissemin/publicos/SIHSUS/200801_/Dados,926176.0,,2026-09-16T09:42:18.531232+00:00,ok,True
MS,2011,7,available,RDMS1107.dbc,/dissemin/publicos/SIHSUS/200801_/Dados,969139.0,,2026-09-16T09:42:18.531232+00:00,ok,True
MS,2011,8,available,RDMS1108.dbc,/dissemin/publicos/SIHSUS/200801_/Dados,941003.0,,2026-09-16T09:42:18.531232+00:00,ok,True
MS,2011,9,available,RDMS1109.dbc,/dissemin/publicos/SIHSUS/200801_/Dados,1009430.0,,2026-09-16T09:42:18.531232+00:00,ok,True
MS,2011,10,available,RDMS1110.dbc,/dissemin/publicos/SIHSUS/200801_/Dados,916863.0,,2026-09-16T09:42:18.531232+00:00,ok,True
MS,2011,11,available,RDMS1111.dbc,/dissemin/publicos/SIHSUS/200801_/Dados,942512.0,,2026-09-16T09:42:18.531232+00:00,ok,True
MS,2011,12,available,RDMS1112.dbc,/dissemin/publicos/SIHSUS/200801_/Dados,954085.0,,2026-09-16T09:42:18.531232+00:00,ok,True
MT,2011,1,available,RDMT1101.dbc,/dissemin/publicos/SIHSUS/200801_/Dados,957025.0,,2026-09-16T09:42:18.531232+00:00,ok,True
MT,2011,2,available,RDMT1102.dbc,/dissemin/publicos/SIHSUS/200801_/Dados,965817.0,,2026-09-16T09:42:18.531232+00:00,ok,True
MT,2011,3,available,RDMT1103.dbc,/dissemin/publicos/SIHSUS/200801_/Dados,996510.0,,2026-09-16T09:42:18.531232+00:00,ok,True
MT,2011,4,available,RDMT1104.dbc,/dissemin/publicos/SIHSUS/200801_/Dados,1073166.0,,2026-09-16T09:42:18.531232+00:00,ok,True
MT,2011,5,available,RDMT1105.dbc,/dissemin/publicos/SIHSUS/200801_/Dados,979320.0,,2026-09-16T09:42:18.531232+00:00,ok,True
MT,2011,6,available,RDMT1106.dbc,/dissemin/publicos/SIHSUS/200801_/Dados,978521.0,,2026-09-16T09:42:18.531232+00:00,ok,True
MT,2011,7,available,RDMT1107.dbc,/dissemin/publicos/SIHSUS/200801_/Dados,982319.0,,2026-09-16T09:42:18.531232+00:00,ok,True
MT,2011,8,available,RDMT1108.dbc,/dissemin/publicos/SIHSUS/200801_/Dados,878797.0,,2026-09-16T09:42:18.531232+00:00,ok,True
MT,2011,9,available,RDMT1109.dbc,/dissemin/publicos/SIHSUS/200801_/Dados,1053370.0,,2026-09-16T09:42:18.531232+00:00,ok,True
MT,2011,10,available,RDMT1110.dbc,/dissemin/publicos/SIHSUS/200801_/Dados,1018512.0,,2026-09-16T09:42:18.531232+00:00,ok,True
MT,2011,11,available,RDMT1111.dbc,/dissemin/publicos/SIHSUS/200801_/Dados,1017109.0,,2026-09-16T09:42:18.531232+00:00,ok,True
MT,2011,12,available,RDMT1112.dbc,/dissemin/publicos/SIHSUS/200801_/Dados,1036153.0,,2026-09-16T09:42:18.531232+00:00,ok,True
PA,2011,1,available,RDPA1101.dbc,/dissemin/publicos/SIHSUS/200801_/Dados,2622312.0,,2026-09-16T09:42:18.531232+00:00,ok,True
PA,2011,2,available,RDPA1102.dbc,/dissemin/publicos/SIHSUS/200801_/Dados,2616137.0,,2026-09-16T09:42:18.531232+00:00,ok,True
PA,2011,3,available,RDPA1103.dbc,/dissemin/publicos/SIHSUS/200801_/Dados,2649639.0,,2026-09-16T09:42:18.531232+00:00,ok,True
PA,2011,4,available,RDPA1104.dbc,/dissemin/publicos/SIHSUS/200801_/Dados,2651181.0,,2026-09-16T09:42:18.531232+00:00,ok,True
PA,2011,5,available,RDPA1105.dbc,/dissemin/publicos/SIHSUS/200801_/Dados,2444084.0,,2026-09-16T09:42:18.531232+00:00,ok,True
PA,2011,6,available,RDPA1106.dbc,/dissemin/publicos/SIHSUS/200801_/Dados,2675948.0,,2026-09-16T09:42:18.531232+00:00,ok,True
PA,2011,7,available,RDPA1107.dbc,/dissemin/publicos/SIHSUS/200801_/Dados,2501299.0,,2026-09-16T09:42:18.531232+00:00,ok,True
PA,2011,8,available,RDPA1108.dbc,/dissemin/publicos/SIHSUS/200801_/Dados,2467360.0,,2026-09-16T09:42:18.531232+00:00,ok,True
PA,2011,9,available,RDPA1109.dbc,/dissemin/publicos/SIHSUS/200801_/Dados,2712352.0,,2026-09-16T09:42:18.531232+00:00,ok,True
PA,2011,10,available,RDPA1110.dbc,/dissemin/publicos/SIHSUS/200801_/Dados,2606301.0,,2026-09-16T09:42:18.531232+00:00,ok,True
PA,2011,11,available,RDPA1111.dbc,/dissemin/publicos/SIHSUS/200801_/Dados,2528141.0,,2026-09-16T09:42:18.531232+00:00,ok,True
PA,2011,12,available,RDPA1112.dbc,/dissemin/publicos/SIHSUS/200801_/Dados,2554237.0,,2026-09-16T09:42:18.531232+00:00,ok,True
PB,2011,1,available,RDPB1101.dbc,/dissemin/publicos/SIHSUS/200801_/Dados,1195682.0,,2026-09-16T09:42:18.531232+00:00,ok,True
PB,2011,2,available,RDPB1102.dbc,/dissemin/publicos/SIHSUS/200801_/Dados,1252806.0,,2026-09-16T09:42:18.531232+00:00,ok,True
PB,2011,3,available,RDPB1103.dbc,/dissemin/publicos/SIHSUS/200801_/Dados,1355636.0,,2026-09-16T09:42:18.531232+00:00,ok,True
PB,2011,4,available,RDPB1104.dbc,/dissemin/publicos/SIHSUS/200801_/Dados,1265838.0,,2026-09-16T09:42:18.531232+00:00,ok,True
PB,2011,5,available,RDPB1105.dbc,/dissemin/publicos/SIHSUS/200801_/Dados,1262363.0,,2026-09-16T09:42:18.531232+00:00,ok,True
PB,2011,6,available,RDPB1106.dbc,/dissemin/publicos/SIHSUS/200801_/Dados,1212497.0,,2026-09-16T09:42:18.531232+00:00,ok,True
PB,2011,7,available,RDPB1107.dbc,/dissemin/publicos/SIHSUS/200801_/Dados,1295733.0,,2026-09-16T09:42:18.531232+00:00,ok,True
PB,2011,8,available,RDPB1108.dbc,/dissemin/publicos/SIHSUS/200801_/Dados,1224030.0,,2026-09-16T09:42:18.531232+00:00,ok,True
PB,2011,9,available,RDPB1109.dbc,/dissemin/publicos/SIHSUS/200801_/Dados,1248552.0,,2026-09-16T09:42:18.531232+00:00,ok,True
PB,2011,10,available,RDPB1110.dbc,/dissemin/publicos/SIHSUS/200801_/Dados,1240769.0,,2026-09-16T09:42:18.531232+00:00,ok,True
PB,2011,11,available,RDPB1111.dbc,/dissemin/publicos/SIHSUS/200801_/Dados,1166047.0,,2026-09-16T09:42:18.531232+00:00,ok,True
PB,2011,12,available,RDPB1112.dbc,/dissemin/publicos/SIHSUS/200801_/Dados,1184800.0,,2026-09-16T09:42:18.531232+00:00,ok,True
PE,2011,1,available,RDPE1101.dbc,/dissemin/publicos/SIHSUS/200801_/Dados,2866346.0,,2026-09-16T09:42:18.531232+00:00,ok,True
PE,2011,2,available,RDPE1102.dbc,/dissemin/publicos/SIHSUS/200801_/Dados,2976175.0,,2026-09-16T09:42:18.531232+00:00,ok,True
PE,2011,3,available,RDPE1103.dbc,/dissemin/publicos/SIHSUS/200801_/Dados,2862220.0,,2026-09-16T09:42:18.531232+00:00,ok,True
PE,2011,4,available,RDPE1104.dbc,/dissemin/publicos/SIHSUS/200801_/Dados,3116656.0,,2026-09-16T09:42:18.531232+00:00,ok,True
PE,2011,5,available,RDPE1105.dbc,/dissemin/publicos/SIHSUS/200801_/Dados,3138677.0,,2026-09-16T09:42:18.531232+00:00,ok,True
PE,2011,6,available,RDPE1106.dbc,/dissemin/publicos/SIHSUS/200801_/Dados,3090105.0,,2026-09-16T09:42:18.531232+00:00,ok,True
PE,2011,7,available,RDPE1107.dbc,/dissemin/publicos/SIHSUS/200801_/Dados,3162157.0,,2026-09-16T09:42:18.531232+00:00,ok,True
PE,2011,8,available,RDPE1108.dbc,/dissemin/publicos/SIHSUS/200801_/Dados,3231525.0,,2026-09-16T09:42:18.531232+00:00,ok,True
PE,2011,9,available,RDPE1109.dbc,/dissemin/publicos/SIHSUS/200801_/Dados,3100343.0,,2026-09-16T09:42:18.531232+00:00,ok,True
PE,2011,10,available,RDPE1110.dbc,/dissemin/publicos/SIHSUS/200801_/Dados,3310250.0,,2026-09-16T09:42:18.531232+00:00,ok,True
PE,2011,11,available,RDPE1111.dbc,/dissemin/publicos/SIHSUS/200801_/Dados,3073790.0,,2026-09-16T09:42:18.531232+00:00,ok,True
PE,2011,12,available,RDPE1112.dbc,/dissemin/publicos/SIHSUS/200801_/Dados,3006433.0,,2026-09-16T09:42:18.531232+00:00,ok,True
PI,2011,1,available,RDPI1101.dbc,/dissemin/publicos/SIHSUS/200801_/Dados,1174832.0,,2026-09-16T09:42:18.531232+00:00,ok,True
PI,2011,2,available,RDPI1102.dbc,/dissemin/publicos/SIHSUS/200801_/Dados,1201184.0,,2026-09-16T09:42:18.531232+00:00,ok,True
PI,2011,3,available,RDPI1103.dbc,/dissemin/publicos/SIHSUS/200801_/Dados,1337832.0,,2026-09-16T09:42:18.531232+00:00,ok,True
PI,2011,4,available,RDPI1104.dbc,/dissemin/publicos/SIHSUS/200801_/Dados,1289982.0,,2026-09-16T09:42:18.531232+00:00,ok,True
PI,2011,5,available,RDPI1105.dbc,/dissemin/publicos/SIHSUS/200801_/Dados,1293737.0,,2026-09-16T09:42:18.531232+00:00,ok,True
PI,2011,6,available,RDPI1106.dbc,/dissemin/publicos/SIHSUS/200801_/Dados,1211436.0,,2026-09-16T09:42:18.531232+00:00,ok,True
PI,2011,7,available,RDPI1107.dbc,/dissemin/publicos/SIHSUS/200801_/Dados,1283628.0,,2026-09-16T09:42:18.531232+00:00,ok,True
PI,2011,8,available,RDPI1108.dbc,/dissemin/publicos/SIHSUS/200801_/Dados,1273034.0,,2026-09-16T09:42:18.531232+00:00,ok,True
PI,2011,9,available,RDPI1109.dbc,/dissemin/publicos/SIHSUS/200801_/Dados,1260489.0,,2026-09-16T09:42:18.531232+00:00,ok,True
PI,2011,10,available,RDPI1110.dbc,/dissemin/publicos/SIHSUS/200801_/Dados,1239533.0,,2026-09-16T09:42:18.531232+00:00,ok,True
PI,2011,11,available,RDPI1111.dbc,/dissemin/publicos/SIHSUS/200801_/Dados,1219651.0,,2026-09-16T09:42:18.531232+00:00,ok,True
PI,2011,12,available,RDPI1112.dbc,/dissemin/publicos/SIHSUS/200801_/Dados,1195513.0,,2026-09-16T09:42:18.531232+00:00,ok,True
PR,2011,1,available,RDPR1101.dbc,/dissemin/publicos/SIHSUS/200801_/Dados,4488874.0,,2026-09-16T09:42:18.531232+00:00,ok,True
PR,2011,2,available,RDPR1102.dbc,/dissemin/publicos/SIHSUS/200801_/Dados,4607786.0,,2026-09-16T09:42:18.531232+00:00,ok,True
PR,2011,3,available,RDPR1103.dbc,/dissemin/publicos/SIHSUS/200801_/Dados,4711696.0,,2026-09-16T09:42:18.531232+00:00,ok,True
PR,2011,4,available,RDPR1104.dbc,/dissemin/publicos/SIHSUS/200801_/Dados,4785873.0,,2026-09-16T09:42:18.531232+00:00,ok,True
PR,2011,5,available,RDPR1105.dbc,/dissemin/publicos/SIHSUS/200801_/Dados,4723986.0,,2026-09-16T09:42:18.531232+00:00,ok,True
PR,2011,6,available,RDPR1106.dbc,/dissemin/publicos/SIHSUS/200801_/Dados,4818797.0,,2026-09-16T09:42:18.531232+00:00,ok,True
PR,2011,7,available,RDPR1107.dbc,/dissemin/publicos/SIHSUS/200801_/Dados,4894569.0,,2026-09-16T09:42:18.531232+00:00,ok,True
PR,2011,8,available,RDPR1108.dbc,/dissemin/publicos/SIHSUS/200801_/Dados,4710606.0,,2026-09-16T09:42:18.531232+00:00,ok,True
PR,2011,9,available,RDPR1109.dbc,/dissemin/publicos/SIHSUS/200801_/Dados,4613449.0,,2026-09-16T09:42:18.531232+00:00,ok,True
PR,2011,10,available,RDPR1110.dbc,/dissemin/publicos/SIHSUS/200801_/Dados,4685387.0,,2026-09-16T09:42:18.531232+00:00,ok,True
PR,2011,11,available,RDPR1111.dbc,/dissemin/publicos/SIHSUS/200801_/Dados,4689100.0,,2026-09-16T09:42:18.531232+00:00,ok,True
PR,2011,12,available,RDPR1112.dbc,/dissemin/publicos/SIHSUS/200801_/Dados,4667062.0,,2026-09-16T09:42:18.531232+00:00,ok,True
RJ,2011,1,available,RDRJ1101.dbc,/dissemin/publicos/SIHSUS/200801_/Dados,3753937.0,,2026-09-16T09:42:18.531232+00:00,ok,True
RJ,2011,2,available,RDRJ1102.dbc,/dissemin/publicos/SIHSUS/200801_/Dados,3952642.0,,2026-09-16T09:42:18.531232+00:00,ok,True
RJ,2011,3,available,RDRJ1103.dbc,/dissemin/publicos/SIHSUS/200801_/Dados,4212029.0,,2026-09-16T09:42:18.531232+00:00,ok,True
RJ,2011,4,available,RDRJ1104.dbc,/dissemin/publicos/SIHSUS/200801_/Dados,4175528.0,,2026-09-16T09:42:18.531232+00:00,ok,True
RJ,2011,5,available,RDRJ1105.dbc,/dissemin/publicos/SIHSUS/200801_/Dados,4392106.0,,2026-09-16T09:42:18.531232+00:00,ok,True
RJ,2011,6,available,RDRJ1106.dbc,/dissemin/publicos/SIHSUS/200801_/Dados,4183266.0,,2026-09-16T09:42:18.531232+00:00,ok,True
RJ,2011,7,available,RDRJ1107.dbc,/dissemin/publicos/SIHSUS/200801_/Dados,4225781.0,,2026-09-16T09:42:18.531232+00:00,ok,True
RJ,2011,8,available,RDRJ1108.dbc,/dissemin/publicos/SIHSUS/200801_/Dados,4049765.0,,2026-09-16T09:42:18.531232+00:00,ok,True
RJ,2011,9,available,RDRJ1109.dbc,/dissemin/publicos/SIHSUS/200801_/Dados,3987553.0,,2026-09-16T09:42:18.531232+00:00,ok,True
RJ,2011,10,available,RDRJ1110.dbc,/dissemin/publicos/SIHSUS/200801_/Dados,4054824.0,,2026-09-16T09:42:18.531232+00:00,ok,True
RJ,2011,11,available,RDRJ1111.dbc,/dissemin/publicos/SIHSUS/200801_/Dados,3926424.0,,2026-09-16T09:42:18.531232+00:00,ok,True
RJ,2011,12,available,RDRJ1112.dbc,/dissemin/publicos/SIHSUS/200801_/Dados,3977493.0,,2026-09-16T09:42:18.531232+00:00,ok,True
RN,2011,1,available,RDRN1101.dbc,/dissemin/publicos/SIHSUS/200801_/Dados,926164.0,,2026-09-16T09:42:18.531232+00:00,ok,True
RN,2011,2,available,RDRN1102.dbc,/dissemin/publicos/SIHSUS/200801_/Dados,940356.0,,2026-09-16T09:42:18.531232+00:00,ok,True
RN,2011,3,available,RDRN1103.dbc,/dissemin/publicos/SIHSUS/200801_/Dados,984888.0,,2026-09-16T09:42:18.531232+00:00,ok,True
RN,2011,4,available,RDRN1104.dbc,/dissemin/publicos/SIHSUS/200801_/Dados,990571.0,,2026-09-16T09:42:18.531232+00:00,ok,True
RN,2011,5,available,RDRN1105.dbc,/dissemin/publicos/SIHSUS/200801_/Dados,943529.0,,2026-09-16T09:42:18.531232+00:00,ok,True
RN,2011,6,available,RDRN1106.dbc,/dissemin/publicos/SIHSUS/200801_/Dados,965382.0,,2026-09-16T09:42:18.531232+00:00,ok,True
RN,2011,7,available,RDRN1107.dbc,/dissemin/publicos/SIHSUS/200801_/Dados,1018988.0,,2026-09-16T09:42:18.531232+00:00,ok,True
RN,2011,8,available,RDRN1108.dbc,/dissemin/publicos/SIHSUS/200801_/Dados,952860.0,,2026-09-16T09:42:18.531232+00:00,ok,True
RN,2011,9,available,RDRN1109.dbc,/dissemin/publicos/SIHSUS/200801_/Dados,992639.0,,2026-09-16T09:42:18.531232+00:00,ok,True
RN,2011,10,available,RDRN1110.dbc,/dissemin/publicos/SIHSUS/200801_/Dados,963949.0,,2026-09-16T09:42:18.531232+00:00,ok,True
RN,2011,11,available,RDRN1111.dbc,/dissemin/publicos/SIHSUS/200801_/Dados,934148.0,,2026-09-16T09:42:18.531232+00:00,ok,True
RN,2011,12,available,RDRN1112.dbc,/dissemin/publicos/SIHSUS/200801_/Dados,984853.0,,2026-09-16T09:42:18.531232+00:00,ok,True
RO,2011,1,available,RDRO1101.dbc,/dissemin/publicos/SIHSUS/200801_/Dados,463994.0,,2026-09-16T09:42:18.531232+00:00,ok,True
RO,2011,2,available,RDRO1102.dbc,/dissemin/publicos/SIHSUS/200801_/Dados,482280.0,,2026-09-16T09:42:18.531232+00:00,ok,True
RO,2011,3,available,RDRO1103.dbc,/dissemin/publicos/SIHSUS/200801_/Dados,503486.0,,2026-09-16T09:42:18.531232+00:00,ok,True
RO,2011,4,available,RDRO1104.dbc,/dissemin/publicos/SIHSUS/200801_/Dados,523924.0,,2026-09-16T09:42:18.531232+00:00,ok,True
RO,2011,5,available,RDRO1105.dbc,/dissemin/publicos/SIHSUS/200801_/Dados,512525.0,,2026-09-16T09:42:18.531232+00:00,ok,True
RO,2011,6,available,RDRO1106.dbc,/dissemin/publicos/SIHSUS/200801_/Dados,507312.0,,2026-09-16T09:42:18.531232+00:00,ok,True
RO,2011,7,available,RDRO1107.dbc,/dissemin/publicos/SIHSUS/200801_/Dados,496680.0,,2026-09-16T09:42:18.531232+00:00,ok,True
RO,2011,8,available,RDRO1108.dbc,/dissemin/publicos/SIHSUS/200801_/Dados,528905.0,,2026-09-16T09:42:18.531232+00:00,ok,True
RO,2011,9,available,RDRO1109.dbc,/dissemin/publicos/SIHSUS/200801_/Dados,581365.0,,2026-09-16T09:42:18.531232+00:00,ok,True
RO,2011,10,available,RDRO1110.dbc,/dissemin/publicos/SIHSUS/200801_/Dados,496522.0,,2026-09-16T09:42:18.531232+00:00,ok,True
RO,2011,11,available,RDRO1111.dbc,/dissemin/publicos/SIHSUS/200801_/Dados,485777.0,,2026-09-16T09:42:18.531232+00:00,ok,True
RO,2011,12,available,RDRO1112.dbc,/dissemin/publicos/SIHSUS/200801_/Dados,448888.0,,2026-09-16T09:42:18.531232+00:00,ok,True
RR,2011,1,available,RDRR1101.dbc,/dissemin/publicos/SIHSUS/200801_/Dados,136360.0,,2026-09-16T09:42:18.531232+00:00,ok,True
RR,2011,2,available,RDRR1102.dbc,/dissemin/publicos/SIHSUS/200801_/Dados,129421.0,,2026-09-16T09:42:18.531232+00:00,ok,True
RR,2011,3,available,RDRR1103.dbc,/dissemin/publicos/SIHSUS/200801_/Dados,164512.0,,2026-09-16T09:42:18.531232+00:00,ok,True
RR,2011,4,available,RDRR1104.dbc,/dissemin/publicos/SIHSUS/200801_/Dados,148919.0,,2026-09-16T09:42:18.531232+00:00,ok,True
RR,2011,5,available,RDRR1105.dbc,/dissemin/publicos/SIHSUS/200801_/Dados,125055.0,,2026-09-16T09:42:18.531232+00:00,ok,True
RR,2011,6,available,RDRR1106.dbc,/dissemin/publicos/SIHSUS/200801_/Dados,136367.0,,2026-09-16T09:42:18.531232+00:00,ok,True
RR,2011,7,available,RDRR1107.dbc,/dissemin/publicos/SIHSUS/200801_/Dados,156196.0,,2026-09-16T09:42:18.531232+00:00,ok,True
RR,2011,8,available,RDRR1108.dbc,/dissemin/publicos/SIHSUS/200801_/Dados,166106.0,,2026-09-16T09:42:18.531232+00:00,ok,True
RR,2011,9,available,RDRR1109.dbc,/dissemin/publicos/SIHSUS/200801_/Dados,163630.0,,2026-09-16T09:42:18.531232+00:00,ok,True
RR,2011,10,available,RDRR1110.dbc,/dissemin/publicos/SIHSUS/200801_/Dados,161639.0,,2026-09-16T09:42:18.531232+00:00,ok,True
RR,2011,11,available,RDRR1111.dbc,/dissemin/publicos/SIHSUS/200801_/Dados,185357.0,,2026-09-16T09:42:18.531232+00:00,ok,True
RR,2011,12,available,RDRR1112.dbc,/dissemin/publicos/SIHSUS/200801_/Dados,213238.0,,2026-09-16T09:42:18.531232+00:00,ok,True
RS,2011,1,available,RDRS1101.dbc,/dissemin/publicos/SIHSUS/200801_/Dados,3938854.0,,2026-09-16T09:42:18.531232+00:00,ok,True
RS,2011,2,available,RDRS1102.dbc,/dissemin/publicos/SIHSUS/200801_/Dados,4007571.0,,2026-09-16T09:42:18.531232+00:00,ok,True
RS,2011,3,available,RDRS1103.dbc,/dissemin/publicos/SIHSUS/200801_/Dados,4415226.0,,2026-09-16T09:42:18.531232+00:00,ok,True
RS,2011,4,available,RDRS1104.dbc,/dissemin/publicos/SIHSUS/200801_/Dados,4209724.0,,2026-09-16T09:42:18.531232+00:00,ok,True
RS,2011,5,available,RDRS1105.dbc,/dissemin/publicos/SIHSUS/200801_/Dados,4429568.0,,2026-09-16T09:42:18.531232+00:00,ok,True
RS,2011,6,available,RDRS1106.dbc,/dissemin/publicos/SIHSUS/200801_/Dados,4947911.0,,2026-09-16T09:42:18.531232+00:00,ok,True
RS,2011,7,available,RDRS1107.dbc,/dissemin/publicos/SIHSUS/200801_/Dados,4773317.0,,2026-09-16T09:42:18.531232+00:00,ok,True
RS,2011,8,available,RDRS1108.dbc,/dissemin/publicos/SIHSUS/200801_/Dados,4446768.0,,2026-09-16T09:42:18.531232+00:00,ok,True
RS,2011,9,available,RDRS1109.dbc,/dissemin/publicos/SIHSUS/200801_/Dados,4460533.0,,2026-09-16T09:42:18.531232+00:00,ok,True
RS,2011,10,available,RDRS1110.dbc,/dissemin/publicos/SIHSUS/200801_/Dados,4539923.0,,2026-09-16T09:42:18.531232+00:00,ok,True
RS,2011,11,available,RDRS1111.dbc,/dissemin/publicos/SIHSUS/200801_/Dados,4561734.0,,2026-09-16T09:42:18.531232+00:00,ok,True
RS,2011,12,available,RDRS1112.dbc,/dissemin/publicos/SIHSUS/200801_/Dados,4255717.0,,2026-09-16T09:42:18.531232+00:00,ok,True
SC,2011,1,available,RDSC1101.dbc,/dissemin/publicos/SIHSUS/200801_/Dados,2232882.0,,2026-09-16T09:42:18.531232+00:00,ok,True
SC,2011,2,available,RDSC1102.dbc,/dissemin/publicos/SIHSUS/200801_/Dados,2436066.0,,2026-09-16T09:42:18.531232+00:00,ok,True
SC,2011,3,available,RDSC1103.dbc,/dissemin/publicos/SIHSUS/200801_/Dados,2518554.0,,2026-09-16T09:42:18.531232+00:00,ok,True
SC,2011,4,available,RDSC1104.dbc,/dissemin/publicos/SIHSUS/200801_/Dados,2468640.0,,2026-09-16T09:42:18.531232+00:00,ok,True
SC,2011,5,available,RDSC1105.dbc,/dissemin/publicos/SIHSUS/200801_/Dados,2722126.0,,2026-09-16T09:42:18.531232+00:00,ok,True
SC,2011,6,available,RDSC1106.dbc,/dissemin/publicos/SIHSUS/200801_/Dados,2579573.0,,2026-09-16T09:42:18.531232+00:00,ok,True
SC,2011,7,available,RDSC1107.dbc,/dissemin/publicos/SIHSUS/200801_/Dados,2589737.0,,2026-09-16T09:42:18.531232+00:00,ok,True
SC,2011,8,available,RDSC1108.dbc,/dissemin/publicos/SIHSUS/200801_/Dados,2460167.0,,2026-09-16T09:42:18.531232+00:00,ok,True
SC,2011,9,available,RDSC1109.dbc,/dissemin/publicos/SIHSUS/200801_/Dados,2485784.0,,2026-09-16T09:42:18.531232+00:00,ok,True
SC,2011,10,available,RDSC1110.dbc,/dissemin/publicos/SIHSUS/200801_/Dados,2679245.0,,2026-09-16T09:42:18.531232+00:00,ok,True
SC,2011,11,available,RDSC1111.dbc,/dissemin/publicos/SIHSUS/200801_/Dados,2574851.0,,2026-09-16T09:42:18.531232+00:00,ok,True
SC,2011,12,available,RDSC1112.dbc,/dissemin/publicos/SIHSUS/200801_/Dados,2495392.0,,2026-09-16T09:42:18.531232+00:00,ok,True
SE,2011,1,available,RDSE1101.dbc,/dissemin/publicos/SIHSUS/200801_/Dados,507471.0,,2026-09-16T09:42:18.531232+00:00,ok,True
SE,2011,2,available,RDSE1102.dbc,/dissemin/publicos/SIHSUS/200801_/Dados,468020.0,,2026-09-16T09:42:18.531232+00:00,ok,True
SE,2011,3,available,RDSE1103.dbc,/dissemin/publicos/SIHSUS/200801_/Dados,521025.0,,2026-09-16T09:42:18.531232+00:00,ok,True
SE,2011,4,available,RDSE1104.dbc,/dissemin/publicos/SIHSUS/200801_/Dados,496967.0,,2026-09-16T09:42:18.531232+00:00,ok,True
SE,2011,5,available,RDSE1105.dbc,/dissemin/publicos/SIHSUS/200801_/Dados,529050.0,,2026-09-16T09:42:18.531232+00:00,ok,True
SE,2011,6,available,RDSE1106.dbc,/dissemin/publicos/SIHSUS/200801_/Dados,484527.0,,2026-09-16T09:42:18.531232+00:00,ok,True
SE,2011,7,available,RDSE1107.dbc,/dissemin/publicos/SIHSUS/200801_/Dados,524711.0,,2026-09-16T09:42:18.531232+00:00,ok,True
SE,2011,8,available,RDSE1108.dbc,/dissemin/publicos/SIHSUS/200801_/Dados,538708.0,,2026-09-16T09:42:18.531232+00:00,ok,True
SE,2011,9,available,RDSE1109.dbc,/dissemin/publicos/SIHSUS/200801_/Dados,538404.0,,2026-09-16T09:42:18.531232+00:00,ok,True
SE,2011,10,available,RDSE1110.dbc,/dissemin/publicos/SIHSUS/200801_/Dados,533037.0,,2026-09-16T09:42:18.531232+00:00,ok,True
SE,2011,11,available,RDSE1111.dbc,/dissemin/publicos/SIHSUS/200801_/Dados,490847.0,,2026-09-16T09:42:18.531232+00:00,ok,True
SE,2011,12,available,RDSE1112.dbc,/dissemin/publicos/SIHSUS/200801_/Dados,485244.0,,2026-09-16T09:42:18.531232+00:00,ok,True
SP,2011,1,available,RDSP1101.dbc,/dissemin/publicos/SIHSUS/200801_/Dados,13594288.0,,2026-09-16T09:42:18.531232+00:00,ok,True
SP,2011,2,available,RDSP1102.dbc,/dissemin/publicos/SIHSUS/200801_/Dados,14309825.0,,2026-09-16T09:42:18.531232+00:00,ok,True
SP,2011,3,available,RDSP1103.dbc,/dissemin/publicos/SIHSUS/200801_/Dados,15159186.0,,2026-09-16T09:42:18.531232+00:00,ok,True
SP,2011,4,available,RDSP1104.dbc,/dissemin/publicos/SIHSUS/200801_/Dados,14940307.0,,2026-09-16T09:42:18.531232+00:00,ok,True
SP,2011,5,available,RDSP1105.dbc,/dissemin/publicos/SIHSUS/200801_/Dados,15410126.0,,2026-09-16T09:42:18.531232+00:00,ok,True
SP,2011,6,available,RDSP1106.dbc,/dissemin/publicos/SIHSUS/200801_/Dados,14491881.0,,2026-09-16T09:42:18.531232+00:00,ok,True
SP,2011,7,available,RDSP1107.dbc,/dissemin/publicos/SIHSUS/200801_/Dados,15613307.0,,2026-09-16T09:42:18.531232+00:00,ok,True
SP,2011,8,available,RDSP1108.dbc,/dissemin/publicos/SIHSUS/200801_/Dados,14901612.0,,2026-09-16T09:42:18.531232+00:00,ok,True
SP,2011,9,available,RDSP1109.dbc,/dissemin/publicos/SIHSUS/200801_/Dados,15131048.0,,2026-09-16T09:42:18.531232+00:00,ok,True
SP,2011,10,available,RDSP1110.dbc,/dissemin/publicos/SIHSUS/200801_/Dados,14923648.0,,2026-09-16T09:42:18.531232+00:00,ok,True
SP,2011,11,available,RDSP1111.dbc,/dissemin/publicos/SIHSUS/200801_/Dados,14788450.0,,2026-09-16T09:42:18.531232+00:00,ok,True
SP,2011,12,available,RDSP1112.dbc,/dissemin/publicos/SIHSUS/200801_/Dados,14512542.0,,2026-09-16T09:42:18.531232+00:00,ok,True
TO,2011,1,available,RDTO1101.dbc,/dissemin/publicos/SIHSUS/200801_/Dados,569798.0,,2026-09-16T09:42:18.531232+00:00,ok,True
TO,2011,2,available,RDTO1102.dbc,/dissemin/publicos/SIHSUS/200801_/Dados,623966.0,,2026-09-16T09:42:18.531232+00:00,ok,True
TO,2011,3,available,RDTO1103.dbc,/dissemin/publicos/SIHSUS/200801_/Dados,647483.0,,2026-09-16T09:42:18.531232+00:00,ok,True
TO,2011,4,available,RDTO1104.dbc,/dissemin/publicos/SIHSUS/200801_/Dados,634348.0,,2026-09-16T09:42:18.531232+00:00,ok,True
TO,2011,5,available,RDTO1105.dbc,/dissemin/publicos/SIHSUS/200801_/Dados,684965.0,,2026-09-16T09:42:18.531232+00:00,ok,True
TO,2011,6,available,RDTO1106.dbc,/dissemin/publicos/SIHSUS/200801_/Dados,668202.0,,2026-09-16T09:42:18.531232+00:00,ok,True
TO,2011,7,available,RDTO1107.dbc,/dissemin/publicos/SIHSUS/200801_/Dados,623773.0,,2026-09-16T09:42:18.531232+00:00,ok,True
TO,2011,8,available,RDTO1108.dbc,/dissemin/publicos/SIHSUS/200801_/Dados,585493.0,,2026-09-16T09:42:18.531232+00:00,ok,True
TO,2011,9,available,RDTO1109.dbc,/dissemin/publicos/SIHSUS/200801_/Dados,592453.0,,2026-09-16T09:42:18.531232+00:00,ok,True
TO,2011,10,available,RDTO1110.dbc,/dissemin/publicos/SIHSUS/200801_/Dados,613259.0,,2026-09-16T09:42:18.531232+00:00,ok,True
TO,2011,11,available,RDTO1111.dbc,/dissemin/publicos/SIHSUS/200801_/Dados,673581.0,,2026-09-16T09:42:18.531232+00:00,ok,True
TO,2011,12,available,RDTO1112.dbc,/dissemin/publicos/SIHSUS/200801_/Dados,677909.0,,2026-09-16T09:42:18.531232+00:00,ok,True
AC,2012,1,available,RDAC1201.dbc,/dissemin/publicos/SIHSUS/200801_/Dados,282290.0,,2026-09-16T09:42:18.531232+00:00,ok,True
AC,2012,2,available,RDAC1202.dbc,/dissemin/publicos/SIHSUS/200801_/Dados,235726.0,,2026-09-16T09:42:18.531232+00:00,ok,True
AC,2012,3,available,RDAC1203.dbc,/dissemin/publicos/SIHSUS/200801_/Dados,318812.0,,2026-09-16T09:42:18.531232+00:00,ok,True
AC,2012,4,available,RDAC1204.dbc,/dissemin/publicos/SIHSUS/200801_/Dados,319012.0,,2026-09-16T09:42:18.531232+00:00,ok,True
AC,2012,5,available,RDAC1205.dbc,/dissemin/publicos/SIHSUS/200801_/Dados,322425.0,,2026-09-16T09:42:18.531232+00:00,ok,True
AC,2012,6,available,RDAC1206.dbc,/dissemin/publicos/SIHSUS/200801_/Dados,337250.0,,2026-09-16T09:42:18.531232+00:00,ok,True
AC,2012,7,available,RDAC1207.dbc,/dissemin/publicos/SIHSUS/200801_/Dados,314319.0,,2026-09-16T09:42:18.531232+00:00,ok,True
AC,2012,8,available,RDAC1208.dbc,/dissemin/publicos/SIHSUS/200801_/Dados,347815.0,,2026-09-16T09:42:18.531232+00:00,ok,True
AC,2012,9,available,RDAC1209.dbc,/dissemin/publicos/SIHSUS/200801_/Dados,278389.0,,2026-09-16T09:42:18.531232+00:00,ok,True
AC,2012,10,available,RDAC1210.dbc,/dissemin/publicos/SIHSUS/200801_/Dados,325399.0,,2026-09-16T09:42:18.531232+00:00,ok,True
AC,2012,11,available,RDAC1211.dbc,/dissemin/publicos/SIHSUS/200801_/Dados,338644.0,,2026-09-16T09:42:18.531232+00:00,ok,True
AC,2012,12,available,RDAC1212.dbc,/dissemin/publicos/SIHSUS/200801_/Dados,295303.0,,2026-09-16T09:42:18.531232+00:00,ok,True
AL,2012,1,available,RDAL1201.dbc,/dissemin/publicos/SIHSUS/200801_/Dados,986632.0,,2026-09-16T09:42:18.531232+00:00,ok,True
AL,2012,2,available,RDAL1202.dbc,/dissemin/publicos/SIHSUS/200801_/Dados,952334.0,,2026-09-16T09:42:18.531232+00:00,ok,True
AL,2012,3,available,RDAL1203.dbc,/dissemin/publicos/SIHSUS/200801_/Dados,958829.0,,2026-09-16T09:42:18.531232+00:00,ok,True
AL,2012,4,available,RDAL1204.dbc,/dissemin/publicos/SIHSUS/200801_/Dados,915847.0,,2026-09-16T09:42:18.531232+00:00,ok,True
AL,2012,5,available,RDAL1205.dbc,/dissemin/publicos/SIHSUS/200801_/Dados,986943.0,,2026-09-16T09:42:18.531232+00:00,ok,True
AL,2012,6,available,RDAL1206.dbc,/dissemin/publicos/SIHSUS/200801_/Dados,988467.0,,2026-09-16T09:42:18.531232+00:00,ok,True
AL,2012,7,available,RDAL1207.dbc,/dissemin/publicos/SIHSUS/200801_/Dados,998296.0,,2026-09-16T09:42:18.531232+00:00,ok,True
AL,2012,8,available,RDAL1208.dbc,/dissemin/publicos/SIHSUS/200801_/Dados,968566.0,,2026-09-16T09:42:18.531232+00:00,ok,True
AL,2012,9,available,RDAL1209.dbc,/dissemin/publicos/SIHSUS/200801_/Dados,978522.0,,2026-09-16T09:42:18.531232+00:00,ok,True
AL,2012,10,available,RDAL1210.dbc,/dissemin/publicos/SIHSUS/200801_/Dados,983814.0,,2026-09-16T09:42:18.531232+00:00,ok,True
AL,2012,11,available,RDAL1211.dbc,/dissemin/publicos/SIHSUS/200801_/Dados,857778.0,,2026-09-16T09:42:18.531232+00:00,ok,True
AL,2012,12,available,RDAL1212.dbc,/dissemin/publicos/SIHSUS/200801_/Dados,913911.0,,2026-09-16T09:42:18.531232+00:00,ok,True
AM,2012,1,available,RDAM1201.dbc,/dissemin/publicos/SIHSUS/200801_/Dados,836846.0,,2026-09-16T09:42:18.531232+00:00,ok,True
AM,2012,2,available,RDAM1202.dbc,/dissemin/publicos/SIHSUS/200801_/Dados,867079.0,,2026-09-16T09:42:18.531232+00:00,ok,True
AM,2012,3,available,RDAM1203.dbc,/dissemin/publicos/SIHSUS/200801_/Dados,908785.0,,2026-09-16T09:42:18.531232+00:00,ok,True
AM,2012,4,available,RDAM1204.dbc,/dissemin/publicos/SIHSUS/200801_/Dados,883548.0,,2026-09-16T09:42:18.531232+00:00,ok,True
AM,2012,5,available,RDAM1205.dbc,/dissemin/publicos/SIHSUS/200801_/Dados,903115.0,,2026-09-16T09:42:18.531232+00:00,ok,True
AM,2012,6,available,RDAM1206.dbc,/dissemin/publicos/SIHSUS/200801_/Dados,919962.0,,2026-09-16T09:42:18.531232+00:00,ok,True
AM,2012,7,available,RDAM1207.dbc,/dissemin/publicos/SIHSUS/200801_/Dados,914036.0,,2026-09-16T09:42:18.531232+00:00,ok,True
AM,2012,8,available,RDAM1208.dbc,/dissemin/publicos/SIHSUS/200801_/Dados,885157.0,,2026-09-16T09:42:18.531232+00:00,ok,True
AM,2012,9,available,RDAM1209.dbc,/dissemin/publicos/SIHSUS/200801_/Dados,912185.0,,2026-09-16T09:42:18.531232+00:00,ok,True
AM,2012,10,available,RDAM1210.dbc,/dissemin/publicos/SIHSUS/200801_/Dados,882972.0,,2026-09-16T09:42:18.531232+00:00,ok,True
AM,2012,11,available,RDAM1211.dbc,/dissemin/publicos/SIHSUS/200801_/Dados,900103.0,,2026-09-16T09:42:18.531232+00:00,ok,True
AM,2012,12,available,RDAM1212.dbc,/dissemin/publicos/SIHSUS/200801_/Dados,767452.0,,2026-09-16T09:42:18.531232+00:00,ok,True
AP,2012,1,available,RDAP1201.dbc,/dissemin/publicos/SIHSUS/200801_/Dados,204119.0,,2026-09-16T09:42:18.531232+00:00,ok,True
AP,2012,2,available,RDAP1202.dbc,/dissemin/publicos/SIHSUS/200801_/Dados,204071.0,,2026-09-16T09:42:18.531232+00:00,ok,True
AP,2012,3,available,RDAP1203.dbc,/dissemin/publicos/SIHSUS/200801_/Dados,197042.0,,2026-09-16T09:42:18.531232+00:00,ok,True
AP,2012,4,available,RDAP1204.dbc,/dissemin/publicos/SIHSUS/200801_/Dados,206414.0,,2026-09-16T09:42:18.531232+00:00,ok,True
AP,2012,5,available,RDAP1205.dbc,/dissemin/publicos/SIHSUS/200801_/Dados,203115.0,,2026-09-16T09:42:18.531232+00:00,ok,True
AP,2012,6,available,RDAP1206.dbc,/dissemin/publicos/SIHSUS/200801_/Dados,205036.0,,2026-09-16T09:42:18.531232+00:00,ok,True
AP,2012,7,available,RDAP1207.dbc,/dissemin/publicos/SIHSUS/200801_/Dados,213563.0,,2026-09-16T09:42:18.531232+00:00,ok,True
AP,2012,8,available,RDAP1208.dbc,/dissemin/publicos/SIHSUS/200801_/Dados,215656.0,,2026-09-16T09:42:18.531232+00:00,ok,True
AP,2012,9,available,RDAP1209.dbc,/dissemin/publicos/SIHSUS/200801_/Dados,225769.0,,2026-09-16T09:42:18.531232+00:00,ok,True
AP,2012,10,available,RDAP1210.dbc,/dissemin/publicos/SIHSUS/200801_/Dados,218729.0,,2026-09-16T09:42:18.531232+00:00,ok,True
AP,2012,11,available,RDAP1211.dbc,/dissemin/publicos/SIHSUS/200801_/Dados,215283.0,,2026-09-16T09:42:18.531232+00:00,ok,True
AP,2012,12,available,RDAP1212.dbc,/dissemin/publicos/SIHSUS/200801_/Dados,206871.0,,2026-09-16T09:42:18.531232+00:00,ok,True
BA,2012,1,available,RDBA1201.dbc,/dissemin/publicos/SIHSUS/200801_/Dados,4488183.0,,2026-09-16T09:42:18.531232+00:00,ok,True
BA,2012,2,available,RDBA1202.dbc,/dissemin/publicos/SIHSUS/200801_/Dados,4530023.0,,2026-09-16T09:42:18.531232+00:00,ok,True
BA,2012,3,available,RDBA1203.dbc,/dissemin/publicos/SIHSUS/200801_/Dados,4978813.0,,2026-09-16T09:42:18.531232+00:00,ok,True
BA,2012,4,available,RDBA1204.dbc,/dissemin/publicos/SIHSUS/200801_/Dados,4956040.0,,2026-09-16T09:42:18.531232+00:00,ok,True
BA,2012,5,available,RDBA1205.dbc,/dissemin/publicos/SIHSUS/200801_/Dados,5165459.0,,2026-09-16T09:42:18.531232+00:00,ok,True
BA,2012,6,available,RDBA1206.dbc,/dissemin/publicos/SIHSUS/200801_/Dados,4976984.0,,2026-09-16T09:42:18.531232+00:00,ok,True
BA,2012,7,available,RDBA1207.dbc,/dissemin/publicos/SIHSUS/200801_/Dados,5154365.0,,2026-09-16T09:42:18.531232+00:00,ok,True
BA,2012,8,available,RDBA1208.dbc,/dissemin/publicos/SIHSUS/200801_/Dados,5090214.0,,2026-09-16T09:42:18.531232+00:00,ok,True
BA,2012,9,available,RDBA1209.dbc,/dissemin/publicos/SIHSUS/200801_/Dados,4925954.0,,2026-09-16T09:42:18.531232+00:00,ok,True
BA,2012,10,available,RDBA1210.dbc,/dissemin/publicos/SIHSUS/200801_/Dados,4869527.0,,2026-09-16T09:42:18.531232+00:00,ok,True
BA,2012,11,available,RDBA1211.dbc,/dissemin/publicos/SIHSUS/200801_/Dados,4614451.0,,2026-09-16T09:42:18.531232+00:00,ok,True
BA,2012,12,available,RDBA1212.dbc,/dissemin/publicos/SIHSUS/200801_/Dados,4136637.0,,2026-09-16T09:42:18.531232+00:00,ok,True
CE,2012,1,available,RDCE1201.dbc,/dissemin/publicos/SIHSUS/200801_/Dados,2523916.0,,2026-09-16T09:42:18.531232+00:00,ok,True
CE,2012,2,available,RDCE1202.dbc,/dissemin/publicos/SIHSUS/200801_/Dados,2440362.0,,2026-09-16T09:42:18.531232+00:00,ok,True
CE,2012,3,available,RDCE1203.dbc,/dissemin/publicos/SIHSUS/200801_/Dados,2629790.0,,2026-09-16T09:42:18.531232+00:00,ok,True
CE,2012,4,available,RDCE1204.dbc,/dissemin/publicos/SIHSUS/200801_/Dados,2617155.0,,2026-09-16T09:42:18.531232+00:00,ok,True
CE,2012,5,available,RDCE1205.dbc,/dissemin/publicos/SIHSUS/200801_/Dados,2680594.0,,2026-09-16T09:42:18.531232+00:00,ok,True
CE,2012,6,available,RDCE1206.dbc,/dissemin/publicos/SIHSUS/200801_/Dados,2687887.0,,2026-09-16T09:42:18.531232+00:00,ok,True
CE,2012,7,available,RDCE1207.dbc,/dissemin/publicos/SIHSUS/200801_/Dados,2512046.0,,2026-09-16T09:42:18.531232+00:00,ok,True
CE,2012,8,available,RDCE1208.dbc,/dissemin/publicos/SIHSUS/200801_/Dados,2560286.0,,2026-09-16T09:42:18.531232+00:00,ok,True
CE,2012,9,available,RDCE1209.dbc,/dissemin/publicos/SIHSUS/200801_/Dados,2459193.0,,2026-09-16T09:42:18.531232+00:00,ok,True
CE,2012,10,available,RDCE1210.dbc,/dissemin/publicos/SIHSUS/200801_/Dados,2427123.0,,2026-09-16T09:42:18.531232+00:00,ok,True
CE,2012,11,available,RDCE1211.dbc,/dissemin/publicos/SIHSUS/200801_/Dados,2434394.0,,2026-09-16T09:42:18.531232+00:00,ok,True
CE,2012,12,available,RDCE1212.dbc,/dissemin/publicos/SIHSUS/200801_/Dados,2307395.0,,2026-09-16T09:42:18.531232+00:00,ok,True
DF,2012,1,available,RDDF1201.dbc,/dissemin/publicos/SIHSUS/200801_/Dados,1081971.0,,2026-09-16T09:42:18.531232+00:00,ok,True
DF,2012,2,available,RDDF1202.dbc,/dissemin/publicos/SIHSUS/200801_/Dados,1125889.0,,2026-09-16T09:42:18.531232+00:00,ok,True
DF,2012,3,available,RDDF1203.dbc,/dissemin/publicos/SIHSUS/200801_/Dados,1081289.0,,2026-09-16T09:42:18.531232+00:00,ok,True
DF,2012,4,available,RDDF1204.dbc,/dissemin/publicos/SIHSUS/200801_/Dados,1230145.0,,2026-09-16T09:42:18.531232+00:00,ok,True
DF,2012,5,available,RDDF1205.dbc,/dissemin/publicos/SIHSUS/200801_/Dados,1114913.0,,2026-09-16T09:42:18.531232+00:00,ok,True
DF,2012,6,available,RDDF1206.dbc,/dissemin/publicos/SIHSUS/200801_/Dados,1110721.0,,2026-09-16T09:42:18.531232+00:00,ok,True
DF,2012,7,available,RDDF1207.dbc,/dissemin/publicos/SIHSUS/200801_/Dados,1162248.0,,2026-09-16T09:42:18.531232+00:00,ok,True
DF,2012,8,available,RDDF1208.dbc,/dissemin/publicos/SIHSUS/200801_/Dados,1194362.0,,2026-09-16T09:42:18.531232+00:00,ok,True
DF,2012,9,available,RDDF1209.dbc,/dissemin/publicos/SIHSUS/200801_/Dados,1082051.0,,2026-09-16T09:42:18.531232+00:00,ok,True
DF,2012,10,available,RDDF1210.dbc,/dissemin/publicos/SIHSUS/200801_/Dados,1155847.0,,2026-09-16T09:42:18.531232+00:00,ok,True
DF,2012,11,available,RDDF1211.dbc,/dissemin/publicos/SIHSUS/200801_/Dados,1077077.0,,2026-09-16T09:42:18.531232+00:00,ok,True
DF,2012,12,available,RDDF1212.dbc,/dissemin/publicos/SIHSUS/200801_/Dados,955021.0,,2026-09-16T09:42:18.531232+00:00,ok,True
ES,2012,1,available,RDES1201.dbc,/dissemin/publicos/SIHSUS/200801_/Dados,1281519.0,,2026-09-16T09:42:18.531232+00:00,ok,True
ES,2012,2,available,RDES1202.dbc,/dissemin/publicos/SIHSUS/200801_/Dados,1314547.0,,2026-09-16T09:42:18.531232+00:00,ok,True
ES,2012,3,available,RDES1203.dbc,/dissemin/publicos/SIHSUS/200801_/Dados,1460607.0,,2026-09-16T09:42:18.531232+00:00,ok,True
ES,2012,4,available,RDES1204.dbc,/dissemin/publicos/SIHSUS/200801_/Dados,1375279.0,,2026-09-16T09:42:18.531232+00:00,ok,True
ES,2012,5,available,RDES1205.dbc,/dissemin/publicos/SIHSUS/200801_/Dados,1354861.0,,2026-09-16T09:42:18.531232+00:00,ok,True
ES,2012,6,available,RDES1206.dbc,/dissemin/publicos/SIHSUS/200801_/Dados,1351502.0,,2026-09-16T09:42:18.531232+00:00,ok,True
ES,2012,7,available,RDES1207.dbc,/dissemin/publicos/SIHSUS/200801_/Dados,1358709.0,,2026-09-16T09:42:18.531232+00:00,ok,True
ES,2012,8,available,RDES1208.dbc,/dissemin/publicos/SIHSUS/200801_/Dados,1407333.0,,2026-09-16T09:42:18.531232+00:00,ok,True
ES,2012,9,available,RDES1209.dbc,/dissemin/publicos/SIHSUS/200801_/Dados,1417151.0,,2026-09-16T09:42:18.531232+00:00,ok,True
ES,2012,10,available,RDES1210.dbc,/dissemin/publicos/SIHSUS/200801_/Dados,1397302.0,,2026-09-16T09:42:18.531232+00:00,ok,True
ES,2012,11,available,RDES1211.dbc,/dissemin/publicos/SIHSUS/200801_/Dados,1345054.0,,2026-09-16T09:42:18.531232+00:00,ok,True
ES,2012,12,available,RDES1212.dbc,/dissemin/publicos/SIHSUS/200801_/Dados,1322070.0,,2026-09-16T09:42:18.531232+00:00,ok,True
GO,2012,1,available,RDGO1201.dbc,/dissemin/publicos/SIHSUS/200801_/Dados,1905518.0,,2026-09-16T09:42:18.531232+00:00,ok,True
GO,2012,2,available,RDGO1202.dbc,/dissemin/publicos/SIHSUS/200801_/Dados,1986106.0,,2026-09-16T09:42:18.531232+00:00,ok,True
GO,2012,3,available,RDGO1203.dbc,/dissemin/publicos/SIHSUS/200801_/Dados,2073830.0,,2026-09-16T09:42:18.531232+00:00,ok,True
GO,2012,4,available,RDGO1204.dbc,/dissemin/publicos/SIHSUS/200801_/Dados,2032303.0,,2026-09-16T09:42:18.531232+00:00,ok,True
GO,2012,5,available,RDGO1205.dbc,/dissemin/publicos/SIHSUS/200801_/Dados,1988915.0,,2026-09-16T09:42:18.531232+00:00,ok,True
GO,2012,6,available,RDGO1206.dbc,/dissemin/publicos/SIHSUS/200801_/Dados,1917803.0,,2026-09-16T09:42:18.531232+00:00,ok,True
GO,2012,7,available,RDGO1207.dbc,/dissemin/publicos/SIHSUS/200801_/Dados,1847903.0,,2026-09-16T09:42:18.531232+00:00,ok,True
GO,2012,8,available,RDGO1208.dbc,/dissemin/publicos/SIHSUS/200801_/Dados,1906673.0,,2026-09-16T09:42:18.531232+00:00,ok,True
GO,2012,9,available,RDGO1209.dbc,/dissemin/publicos/SIHSUS/200801_/Dados,1957249.0,,2026-09-16T09:42:18.531232+00:00,ok,True
GO,2012,10,available,RDGO1210.dbc,/dissemin/publicos/SIHSUS/200801_/Dados,1945779.0,,2026-09-16T09:42:18.531232+00:00,ok,True
GO,2012,11,available,RDGO1211.dbc,/dissemin/publicos/SIHSUS/200801_/Dados,1867020.0,,2026-09-16T09:42:18.531232+00:00,ok,True
GO,2012,12,available,RDGO1212.dbc,/dissemin/publicos/SIHSUS/200801_/Dados,1838501.0,,2026-09-16T09:42:18.531232+00:00,ok,True
MA,2012,1,available,RDMA1201.dbc,/dissemin/publicos/SIHSUS/200801_/Dados,2078201.0,,2026-09-16T09:42:18.531232+00:00,ok,True
MA,2012,2,available,RDMA1202.dbc,/dissemin/publicos/SIHSUS/200801_/Dados,2054809.0,,2026-09-16T09:42:18.531232+00:00,ok,True
MA,2012,3,available,RDMA1203.dbc,/dissemin/publicos/SIHSUS/200801_/Dados,2105611.0,,2026-09-16T09:42:18.531232+00:00,ok,True
MA,2012,4,available,RDMA1204.dbc,/dissemin/publicos/SIHSUS/200801_/Dados,2231684.0,,2026-09-16T09:42:18.531232+00:00,ok,True
MA,2012,5,available,RDMA1205.dbc,/dissemin/publicos/SIHSUS/200801_/Dados,2254101.0,,2026-09-16T09:42:18.531232+00:00,ok,True
MA,2012,6,available,RDMA1206.dbc,/dissemin/publicos/SIHSUS/200801_/Dados,2121436.0,,2026-09-16T09:42:18.531232+00:00,ok,True
MA,2012,7,available,RDMA1207.dbc,/dissemin/publicos/SIHSUS/200801_/Dados,2226270.0,,2026-09-16T09:42:18.531232+00:00,ok,True
MA,2012,8,available,RDMA1208.dbc,/dissemin/publicos/SIHSUS/200801_/Dados,2179927.0,,2026-09-16T09:42:18.531232+00:00,ok,True
MA,2012,9,available,RDMA1209.dbc,/dissemin/publicos/SIHSUS/200801_/Dados,2126843.0,,2026-09-16T09:42:18.531232+00:00,ok,True
MA,2012,10,available,RDMA1210.dbc,/dissemin/publicos/SIHSUS/200801_/Dados,2003292.0,,2026-09-16T09:42:18.531232+00:00,ok,True
MA,2012,11,available,RDMA1211.dbc,/dissemin/publicos/SIHSUS/200801_/Dados,1931252.0,,2026-09-16T09:42:18.531232+00:00,ok,True
MA,2012,12,available,RDMA1212.dbc,/dissemin/publicos/SIHSUS/200801_/Dados,1807011.0,,2026-09-16T09:42:18.531232+00:00,ok,True
MG,2012,1,available,RDMG1201.dbc,/dissemin/publicos/SIHSUS/200801_/Dados,7229369.0,,2026-09-16T09:42:18.531232+00:00,ok,True
MG,2012,2,available,RDMG1202.dbc,/dissemin/publicos/SIHSUS/200801_/Dados,6836001.0,,2026-09-16T09:42:18.531232+00:00,ok,True
MG,2012,3,available,RDMG1203.dbc,/dissemin/publicos/SIHSUS/200801_/Dados,7636236.0,,2026-09-16T09:42:18.531232+00:00,ok,True
MG,2012,4,available,RDMG1204.dbc,/dissemin/publicos/SIHSUS/200801_/Dados,7177097.0,,2026-09-16T09:42:18.531232+00:00,ok,True
MG,2012,5,available,RDMG1205.dbc,/dissemin/publicos/SIHSUS/200801_/Dados,7580172.0,,2026-09-16T09:42:18.531232+00:00,ok,True
MG,2012,6,available,RDMG1206.dbc,/dissemin/publicos/SIHSUS/200801_/Dados,7493779.0,,2026-09-16T09:42:18.531232+00:00,ok,True
MG,2012,7,available,RDMG1207.dbc,/dissemin/publicos/SIHSUS/200801_/Dados,7548349.0,,2026-09-16T09:42:18.531232+00:00,ok,True
MG,2012,8,available,RDMG1208.dbc,/dissemin/publicos/SIHSUS/200801_/Dados,7629337.0,,2026-09-16T09:42:18.531232+00:00,ok,True
MG,2012,9,available,RDMG1209.dbc,/dissemin/publicos/SIHSUS/200801_/Dados,7532941.0,,2026-09-16T09:42:18.531232+00:00,ok,True
MG,2012,10,available,RDMG1210.dbc,/dissemin/publicos/SIHSUS/200801_/Dados,7542196.0,,2026-09-16T09:42:18.531232+00:00,ok,True
MG,2012,11,available,RDMG1211.dbc,/dissemin/publicos/SIHSUS/200801_/Dados,7059372.0,,2026-09-16T09:42:18.531232+00:00,ok,True
MG,2012,12,available,RDMG1212.dbc,/dissemin/publicos/SIHSUS/200801_/Dados,7053383.0,,2026-09-16T09:42:18.531232+00:00,ok,True
MS,2012,1,available,RDMS1201.dbc,/dissemin/publicos/SIHSUS/200801_/Dados,849807.0,,2026-09-16T09:42:18.531232+00:00,ok,True
MS,2012,2,available,RDMS1202.dbc,/dissemin/publicos/SIHSUS/200801_/Dados,911826.0,,2026-09-16T09:42:18.531232+00:00,ok,True
MS,2012,3,available,RDMS1203.dbc,/dissemin/publicos/SIHSUS/200801_/Dados,931906.0,,2026-09-16T09:42:18.531232+00:00,ok,True
MS,2012,4,available,RDMS1204.dbc,/dissemin/publicos/SIHSUS/200801_/Dados,926751.0,,2026-09-16T09:42:18.531232+00:00,ok,True
MS,2012,5,available,RDMS1205.dbc,/dissemin/publicos/SIHSUS/200801_/Dados,943013.0,,2026-09-16T09:42:18.531232+00:00,ok,True
MS,2012,6,available,RDMS1206.dbc,/dissemin/publicos/SIHSUS/200801_/Dados,961254.0,,2026-09-16T09:42:18.531232+00:00,ok,True
MS,2012,7,available,RDMS1207.dbc,/dissemin/publicos/SIHSUS/200801_/Dados,985752.0,,2026-09-16T09:42:18.531232+00:00,ok,True
MS,2012,8,available,RDMS1208.dbc,/dissemin/publicos/SIHSUS/200801_/Dados,1019102.0,,2026-09-16T09:42:18.531232+00:00,ok,True
MS,2012,9,available,RDMS1209.dbc,/dissemin/publicos/SIHSUS/200801_/Dados,977935.0,,2026-09-16T09:42:18.531232+00:00,ok,True
MS,2012,10,available,RDMS1210.dbc,/dissemin/publicos/SIHSUS/200801_/Dados,954466.0,,2026-09-16T09:42:18.531232+00:00,ok,True
MS,2012,11,available,RDMS1211.dbc,/dissemin/publicos/SIHSUS/200801_/Dados,875613.0,,2026-09-16T09:42:18.531232+00:00,ok,True
MS,2012,12,available,RDMS1212.dbc,/dissemin/publicos/SIHSUS/200801_/Dados,908913.0,,2026-09-16T09:42:18.531232+00:00,ok,True
MT,2012,1,available,RDMT1201.dbc,/dissemin/publicos/SIHSUS/200801_/Dados,936597.0,,2026-09-16T09:42:18.531232+00:00,ok,True
MT,2012,2,available,RDMT1202.dbc,/dissemin/publicos/SIHSUS/200801_/Dados,970501.0,,2026-09-16T09:42:18.531232+00:00,ok,True
MT,2012,3,available,RDMT1203.dbc,/dissemin/publicos/SIHSUS/200801_/Dados,1087493.0,,2026-09-16T09:42:18.531232+00:00,ok,True
MT,2012,4,available,RDMT1204.dbc,/dissemin/publicos/SIHSUS/200801_/Dados,1089886.0,,2026-09-16T09:42:18.531232+00:00,ok,True
MT,2012,5,available,RDMT1205.dbc,/dissemin/publicos/SIHSUS/200801_/Dados,1079405.0,,2026-09-16T09:42:18.531232+00:00,ok,True
MT,2012,6,available,RDMT1206.dbc,/dissemin/publicos/SIHSUS/200801_/Dados,1127218.0,,2026-09-16T09:42:18.531232+00:00,ok,True
MT,2012,7,available,RDMT1207.dbc,/dissemin/publicos/SIHSUS/200801_/Dados,1119710.0,,2026-09-16T09:42:18.531232+00:00,ok,True
MT,2012,8,available,RDMT1208.dbc,/dissemin/publicos/SIHSUS/200801_/Dados,1121818.0,,2026-09-16T09:42:18.531232+00:00,ok,True
MT,2012,9,available,RDMT1209.dbc,/dissemin/publicos/SIHSUS/200801_/Dados,1109870.0,,2026-09-16T09:42:18.531232+00:00,ok,True
MT,2012,10,available,RDMT1210.dbc,/dissemin/publicos/SIHSUS/200801_/Dados,1065935.0,,2026-09-16T09:42:18.531232+00:00,ok,True
MT,2012,11,available,RDMT1211.dbc,/dissemin/publicos/SIHSUS/200801_/Dados,1056076.0,,2026-09-16T09:42:18.531232+00:00,ok,True
MT,2012,12,available,RDMT1212.dbc,/dissemin/publicos/SIHSUS/200801_/Dados,1087014.0,,2026-09-16T09:42:18.531232+00:00,ok,True
PA,2012,1,available,RDPA1201.dbc,/dissemin/publicos/SIHSUS/200801_/Dados,2607609.0,,2026-09-16T09:42:18.531232+00:00,ok,True
PA,2012,2,available,RDPA1202.dbc,/dissemin/publicos/SIHSUS/200801_/Dados,2597532.0,,2026-09-16T09:42:18.531232+00:00,ok,True
PA,2012,3,available,RDPA1203.dbc,/dissemin/publicos/SIHSUS/200801_/Dados,2618548.0,,2026-09-16T09:42:18.531232+00:00,ok,True
PA,2012,4,available,RDPA1204.dbc,/dissemin/publicos/SIHSUS/200801_/Dados,2604260.0,,2026-09-16T09:42:18.531232+00:00,ok,True
PA,2012,5,available,RDPA1205.dbc,/dissemin/publicos/SIHSUS/200801_/Dados,2649538.0,,2026-09-16T09:42:18.531232+00:00,ok,True
PA,2012,6,available,RDPA1206.dbc,/dissemin/publicos/SIHSUS/200801_/Dados,2584667.0,,2026-09-16T09:42:18.531232+00:00,ok,True
PA,2012,7,available,RDPA1207.dbc,/dissemin/publicos/SIHSUS/200801_/Dados,2533090.0,,2026-09-16T09:42:18.531232+00:00,ok,True
PA,2012,8,available,RDPA1208.dbc,/dissemin/publicos/SIHSUS/200801_/Dados,2029947.0,,2026-09-16T09:42:18.531232+00:00,ok,True
PA,2012,9,available,RDPA1209.dbc,/dissemin/publicos/SIHSUS/200801_/Dados,2580129.0,,2026-09-16T09:42:18.531232+00:00,ok,True
PA,2012,10,available,RDPA1210.dbc,/dissemin/publicos/SIHSUS/200801_/Dados,2532561.0,,2026-09-16T09:42:18.531232+00:00,ok,True
PA,2012,11,available,RDPA1211.dbc,/dissemin/publicos/SIHSUS/200801_/Dados,2413404.0,,2026-09-16T09:42:18.531232+00:00,ok,True
PA,2012,12,available,RDPA1212.dbc,/dissemin/publicos/SIHSUS/200801_/Dados,2410077.0,,2026-09-16T09:42:18.531232+00:00,ok,True
PB,2012,1,available,RDPB1201.dbc,/dissemin/publicos/SIHSUS/200801_/Dados,1141324.0,,2026-09-16T09:42:18.531232+00:00,ok,True
PB,2012,2,available,RDPB1202.dbc,/dissemin/publicos/SIHSUS/200801_/Dados,1137748.0,,2026-09-16T09:42:18.531232+00:00,ok,True
PB,2012,3,available,RDPB1203.dbc,/dissemin/publicos/SIHSUS/200801_/Dados,1265663.0,,2026-09-16T09:42:18.531232+00:00,ok,True
PB,2012,4,available,RDPB1204.dbc,/dissemin/publicos/SIHSUS/200801_/Dados,1203071.0,,2026-09-16T09:42:18.531232+00:00,ok,True
PB,2012,5,available,RDPB1205.dbc,/dissemin/publicos/SIHSUS/200801_/Dados,1237865.0,,2026-09-16T09:42:18.531232+00:00,ok,True
PB,2012,6,available,RDPB1206.dbc,/dissemin/publicos/SIHSUS/200801_/Dados,1172734.0,,2026-09-16T09:42:18.531232+00:00,ok,True
PB,2012,7,available,RDPB1207.dbc,/dissemin/publicos/SIHSUS/200801_/Dados,1192889.0,,2026-09-16T09:42:18.531232+00:00,ok,True
PB,2012,8,available,RDPB1208.dbc,/dissemin/publicos/SIHSUS/200801_/Dados,1193964.0,,2026-09-16T09:42:18.531232+00:00,ok,True
PB,2012,9,available,RDPB1209.dbc,/dissemin/publicos/SIHSUS/200801_/Dados,1170129.0,,2026-09-16T09:42:18.531232+00:00,ok,True
PB,2012,10,available,RDPB1210.dbc,/dissemin/publicos/SIHSUS/200801_/Dados,1170119.0,,2026-09-16T09:42:18.531232+00:00,ok,True
PB,2012,11,available,RDPB1211.dbc,/dissemin/publicos/SIHSUS/200801_/Dados,1156274.0,,2026-09-16T09:42:18.531232+00:00,ok,True
PB,2012,12,available,RDPB1212.dbc,/dissemin/publicos/SIHSUS/200801_/Dados,1086295.0,,2026-09-16T09:42:18.531232+00:00,ok,True
PE,2012,1,available,RDPE1201.dbc,/dissemin/publicos/SIHSUS/200801_/Dados,2980539.0,,2026-09-16T09:42:18.531232+00:00,ok,True
PE,2012,2,available,RDPE1202.dbc,/dissemin/publicos/SIHSUS/200801_/Dados,2846008.0,,2026-09-16T09:42:18.531232+00:00,ok,True
PE,2012,3,available,RDPE1203.dbc,/dissemin/publicos/SIHSUS/200801_/Dados,3041121.0,,2026-09-16T09:42:18.531232+00:00,ok,True
PE,2012,4,available,RDPE1204.dbc,/dissemin/publicos/SIHSUS/200801_/Dados,3356152.0,,2026-09-16T09:42:18.531232+00:00,ok,True
PE,2012,5,available,RDPE1205.dbc,/dissemin/publicos/SIHSUS/200801_/Dados,3203529.0,,2026-09-16T09:42:18.531232+00:00,ok,True
PE,2012,6,available,RDPE1206.dbc,/dissemin/publicos/SIHSUS/200801_/Dados,3360069.0,,2026-09-16T09:42:18.531232+00:00,ok,True
PE,2012,7,available,RDPE1207.dbc,/dissemin/publicos/SIHSUS/200801_/Dados,3060809.0,,2026-09-16T09:42:18.531232+00:00,ok,True
PE,2012,8,available,RDPE1208.dbc,/dissemin/publicos/SIHSUS/200801_/Dados,3329252.0,,2026-09-16T09:42:18.531232+00:00,ok,True
PE,2012,9,available,RDPE1209.dbc,/dissemin/publicos/SIHSUS/200801_/Dados,3139844.0,,2026-09-16T09:42:18.531232+00:00,ok,True
PE,2012,10,available,RDPE1210.dbc,/dissemin/publicos/SIHSUS/200801_/Dados,2959009.0,,2026-09-16T09:42:18.531232+00:00,ok,True
PE,2012,11,available,RDPE1211.dbc,/dissemin/publicos/SIHSUS/200801_/Dados,3169669.0,,2026-09-16T09:42:18.531232+00:00,ok,True
PE,2012,12,available,RDPE1212.dbc,/dissemin/publicos/SIHSUS/200801_/Dados,3028472.0,,2026-09-16T09:42:18.531232+00:00,ok,True
PI,2012,1,available,RDPI1201.dbc,/dissemin/publicos/SIHSUS/200801_/Dados,1289545.0,,2026-09-16T09:42:18.531232+00:00,ok,True
PI,2012,2,available,RDPI1202.dbc,/dissemin/publicos/SIHSUS/200801_/Dados,1133901.0,,2026-09-16T09:42:18.531232+00:00,ok,True
PI,2012,3,available,RDPI1203.dbc,/dissemin/publicos/SIHSUS/200801_/Dados,1261979.0,,2026-09-16T09:42:18.531232+00:00,ok,True
PI,2012,4,available,RDPI1204.dbc,/dissemin/publicos/SIHSUS/200801_/Dados,1235277.0,,2026-09-16T09:42:18.531232+00:00,ok,True
PI,2012,5,available,RDPI1205.dbc,/dissemin/publicos/SIHSUS/200801_/Dados,1295566.0,,2026-09-16T09:42:18.531232+00:00,ok,True
PI,2012,6,available,RDPI1206.dbc,/dissemin/publicos/SIHSUS/200801_/Dados,1263797.0,,2026-09-16T09:42:18.531232+00:00,ok,True
PI,2012,7,available,RDPI1207.dbc,/dissemin/publicos/SIHSUS/200801_/Dados,1269058.0,,2026-09-16T09:42:18.531232+00:00,ok,True
PI,2012,8,available,RDPI1208.dbc,/dissemin/publicos/SIHSUS/200801_/Dados,1283109.0,,2026-09-16T09:42:18.531232+00:00,ok,True
PI,2012,9,available,RDPI1209.dbc,/dissemin/publicos/SIHSUS/200801_/Dados,1252785.0,,2026-09-16T09:42:18.531232+00:00,ok,True
PI,2012,10,available,RDPI1210.dbc,/dissemin/publicos/SIHSUS/200801_/Dados,1198824.0,,2026-09-16T09:42:18.531232+00:00,ok,True
PI,2012,11,available,RDPI1211.dbc,/dissemin/publicos/SIHSUS/200801_/Dados,1168372.0,,2026-09-16T09:42:18.531232+00:00,ok,True
PI,2012,12,available,RDPI1212.dbc,/dissemin/publicos/SIHSUS/200801_/Dados,1048394.0,,2026-09-16T09:42:18.531232+00:00,ok,True
PR,2012,1,available,RDPR1201.dbc,/dissemin/publicos/SIHSUS/200801_/Dados,4678129.0,,2026-09-16T09:42:18.531232+00:00,ok,True
PR,2012,2,available,RDPR1202.dbc,/dissemin/publicos/SIHSUS/200801_/Dados,4476544.0,,2026-09-16T09:42:18.531232+00:00,ok,True
PR,2012,3,available,RDPR1203.dbc,/dissemin/publicos/SIHSUS/200801_/Dados,4756075.0,,2026-09-16T09:42:18.531232+00:00,ok,True
PR,2012,4,available,RDPR1204.dbc,/dissemin/publicos/SIHSUS/200801_/Dados,4784925.0,,2026-09-16T09:42:18.531232+00:00,ok,True
PR,2012,5,available,RDPR1205.dbc,/dissemin/publicos/SIHSUS/200801_/Dados,4893610.0,,2026-09-16T09:42:18.531232+00:00,ok,True
PR,2012,6,available,RDPR1206.dbc,/dissemin/publicos/SIHSUS/200801_/Dados,4947593.0,,2026-09-16T09:42:18.531232+00:00,ok,True
PR,2012,7,available,RDPR1207.dbc,/dissemin/publicos/SIHSUS/200801_/Dados,4818451.0,,2026-09-16T09:42:18.531232+00:00,ok,True
PR,2012,8,available,RDPR1208.dbc,/dissemin/publicos/SIHSUS/200801_/Dados,4898206.0,,2026-09-16T09:42:18.531232+00:00,ok,True
PR,2012,9,available,RDPR1209.dbc,/dissemin/publicos/SIHSUS/200801_/Dados,4911493.0,,2026-09-16T09:42:18.531232+00:00,ok,True
PR,2012,10,available,RDPR1210.dbc,/dissemin/publicos/SIHSUS/200801_/Dados,4852390.0,,2026-09-16T09:42:18.531232+00:00,ok,True
PR,2012,11,available,RDPR1211.dbc,/dissemin/publicos/SIHSUS/200801_/Dados,4719002.0,,2026-09-16T09:42:18.531232+00:00,ok,True
PR,2012,12,available,RDPR1212.dbc,/dissemin/publicos/SIHSUS/200801_/Dados,4511221.0,,2026-09-16T09:42:18.531232+00:00,ok,True
RJ,2012,1,available,RDRJ1201.dbc,/dissemin/publicos/SIHSUS/200801_/Dados,3636795.0,,2026-09-16T09:42:18.531232+00:00,ok,True
RJ,2012,2,available,RDRJ1202.dbc,/dissemin/publicos/SIHSUS/200801_/Dados,3562796.0,,2026-09-16T09:42:18.531232+00:00,ok,True
RJ,2012,3,available,RDRJ1203.dbc,/dissemin/publicos/SIHSUS/200801_/Dados,4161822.0,,2026-09-16T09:42:18.531232+00:00,ok,True
RJ,2012,4,available,RDRJ1204.dbc,/dissemin/publicos/SIHSUS/200801_/Dados,3998482.0,,2026-09-16T09:42:18.531232+00:00,ok,True
RJ,2012,5,available,RDRJ1205.dbc,/dissemin/publicos/SIHSUS/200801_/Dados,4235070.0,,2026-09-16T09:42:18.531232+00:00,ok,True
RJ,2012,6,available,RDRJ1206.dbc,/dissemin/publicos/SIHSUS/200801_/Dados,4256000.0,,2026-09-16T09:42:18.531232+00:00,ok,True
RJ,2012,7,available,RDRJ1207.dbc,/dissemin/publicos/SIHSUS/200801_/Dados,4284775.0,,2026-09-16T09:42:18.531232+00:00,ok,True
RJ,2012,8,available,RDRJ1208.dbc,/dissemin/publicos/SIHSUS/200801_/Dados,4361497.0,,2026-09-16T09:42:18.531232+00:00,ok,True
RJ,2012,9,available,RDRJ1209.dbc,/dissemin/publicos/SIHSUS/200801_/Dados,4025132.0,,2026-09-16T09:42:18.531232+00:00,ok,True
RJ,2012,10,available,RDRJ1210.dbc,/dissemin/publicos/SIHSUS/200801_/Dados,4082491.0,,2026-09-16T09:42:18.531232+00:00,ok,True
RJ,2012,11,available,RDRJ1211.dbc,/dissemin/publicos/SIHSUS/200801_/Dados,3704465.0,,2026-09-16T09:42:18.531232+00:00,ok,True
RJ,2012,12,available,RDRJ1212.dbc,/dissemin/publicos/SIHSUS/200801_/Dados,3534209.0,,2026-09-16T09:42:18.531232+00:00,ok,True
RN,2012,1,available,RDRN1201.dbc,/dissemin/publicos/SIHSUS/200801_/Dados,896455.0,,2026-09-16T09:42:18.531232+00:00,ok,True
RN,2012,2,available,RDRN1202.dbc,/dissemin/publicos/SIHSUS/200801_/Dados,857399.0,,2026-09-16T09:42:18.531232+00:00,ok,True
RN,2012,3,available,RDRN1203.dbc,/dissemin/publicos/SIHSUS/200801_/Dados,1003245.0,,2026-09-16T09:42:18.531232+00:00,ok,True
RN,2012,4,available,RDRN1204.dbc,/dissemin/publicos/SIHSUS/200801_/Dados,954948.0,,2026-09-16T09:42:18.531232+00:00,ok,True
RN,2012,5,available,RDRN1205.dbc,/dissemin/publicos/SIHSUS/200801_/Dados,956281.0,,2026-09-16T09:42:18.531232+00:00,ok,True
RN,2012,6,available,RDRN1206.dbc,/dissemin/publicos/SIHSUS/200801_/Dados,924887.0,,2026-09-16T09:42:18.531232+00:00,ok,True
RN,2012,7,available,RDRN1207.dbc,/dissemin/publicos/SIHSUS/200801_/Dados,977855.0,,2026-09-16T09:42:18.531232+00:00,ok,True
RN,2012,8,available,RDRN1208.dbc,/dissemin/publicos/SIHSUS/200801_/Dados,991441.0,,2026-09-16T09:42:18.531232+00:00,ok,True
RN,2012,9,available,RDRN1209.dbc,/dissemin/publicos/SIHSUS/200801_/Dados,950958.0,,2026-09-16T09:42:18.531232+00:00,ok,True
RN,2012,10,available,RDRN1210.dbc,/dissemin/publicos/SIHSUS/200801_/Dados,914560.0,,2026-09-16T09:42:18.531232+00:00,ok,True
RN,2012,11,available,RDRN1211.dbc,/dissemin/publicos/SIHSUS/200801_/Dados,929619.0,,2026-09-16T09:42:18.531232+00:00,ok,True
RN,2012,12,available,RDRN1212.dbc,/dissemin/publicos/SIHSUS/200801_/Dados,821934.0,,2026-09-16T09:42:18.531232+00:00,ok,True
RO,2012,1,available,RDRO1201.dbc,/dissemin/publicos/SIHSUS/200801_/Dados,481274.0,,2026-09-16T09:42:18.531232+00:00,ok,True
RO,2012,2,available,RDRO1202.dbc,/dissemin/publicos/SIHSUS/200801_/Dados,471341.0,,2026-09-16T09:42:18.531232+00:00,ok,True
RO,2012,3,available,RDRO1203.dbc,/dissemin/publicos/SIHSUS/200801_/Dados,499001.0,,2026-09-16T09:42:18.531232+00:00,ok,True
RO,2012,4,available,RDRO1204.dbc,/dissemin/publicos/SIHSUS/200801_/Dados,516992.0,,2026-09-16T09:42:18.531232+00:00,ok,True
RO,2012,5,available,RDRO1205.dbc,/dissemin/publicos/SIHSUS/200801_/Dados,550937.0,,2026-09-16T09:42:18.531232+00:00,ok,True
RO,2012,6,available,RDRO1206.dbc,/dissemin/publicos/SIHSUS/200801_/Dados,560071.0,,2026-09-16T09:42:18.531232+00:00,ok,True
RO,2012,7,available,RDRO1207.dbc,/dissemin/publicos/SIHSUS/200801_/Dados,525244.0,,2026-09-16T09:42:18.531232+00:00,ok,True
RO,2012,8,available,RDRO1208.dbc,/dissemin/publicos/SIHSUS/200801_/Dados,494002.0,,2026-09-16T09:42:18.531232+00:00,ok,True
RO,2012,9,available,RDRO1209.dbc,/dissemin/publicos/SIHSUS/200801_/Dados,476852.0,,2026-09-16T09:42:18.531232+00:00,ok,True
RO,2012,10,available,RDRO1210.dbc,/dissemin/publicos/SIHSUS/200801_/Dados,474425.0,,2026-09-16T09:42:18.531232+00:00,ok,True
RO,2012,11,available,RDRO1211.dbc,/dissemin/publicos/SIHSUS/200801_/Dados,457159.0,,2026-09-16T09:42:18.531232+00:00,ok,True
RO,2012,12,available,RDRO1212.dbc,/dissemin/publicos/SIHSUS/200801_/Dados,407742.0,,2026-09-16T09:42:18.531232+00:00,ok,True
RR,2012,1,available,RDRR1201.dbc,/dissemin/publicos/SIHSUS/200801_/Dados,155584.0,,2026-09-16T09:42:18.531232+00:00,ok,True
RR,2012,2,available,RDRR1202.dbc,/dissemin/publicos/SIHSUS/200801_/Dados,196615.0,,2026-09-16T09:42:18.531232+00:00,ok,True
RR,2012,3,available,RDRR1203.dbc,/dissemin/publicos/SIHSUS/200801_/Dados,221814.0,,2026-09-16T09:42:18.531232+00:00,ok,True
RR,2012,4,available,RDRR1204.dbc,/dissemin/publicos/SIHSUS/200801_/Dados,214403.0,,2026-09-16T09:42:18.531232+00:00,ok,True
RR,2012,5,available,RDRR1205.dbc,/dissemin/publicos/SIHSUS/200801_/Dados,230364.0,,2026-09-16T09:42:18.531232+00:00,ok,True
RR,2012,6,available,RDRR1206.dbc,/dissemin/publicos/SIHSUS/200801_/Dados,202400.0,,2026-09-16T09:42:18.531232+00:00,ok,True
RR,2012,7,available,RDRR1207.dbc,/dissemin/publicos/SIHSUS/200801_/Dados,192700.0,,2026-09-16T09:42:18.531232+00:00,ok,True
RR,2012,8,available,RDRR1208.dbc,/dissemin/publicos/SIHSUS/200801_/Dados,185618.0,,2026-09-16T09:42:18.531232+00:00,ok,True
RR,2012,9,available,RDRR1209.dbc,/dissemin/publicos/SIHSUS/200801_/Dados,166525.0,,2026-09-16T09:42:18.531232+00:00,ok,True
RR,2012,10,available,RDRR1210.dbc,/dissemin/publicos/SIHSUS/200801_/Dados,147810.0,,2026-09-16T09:42:18.531232+00:00,ok,True
RR,2012,11,available,RDRR1211.dbc,/dissemin/publicos/SIHSUS/200801_/Dados,165453.0,,2026-09-16T09:42:18.531232+00:00,ok,True
RR,2012,12,available,RDRR1212.dbc,/dissemin/publicos/SIHSUS/200801_/Dados,147870.0,,2026-09-16T09:42:18.531232+00:00,ok,True
RS,2012,1,available,RDRS1201.dbc,/dissemin/publicos/SIHSUS/200801_/Dados,4268871.0,,2026-09-16T09:42:18.531232+00:00,ok,True
RS,2012,2,available,RDRS1202.dbc,/dissemin/publicos/SIHSUS/200801_/Dados,4374904.0,,2026-09-16T09:42:18.531232+00:00,ok,True
RS,2012,3,available,RDRS1203.dbc,/dissemin/publicos/SIHSUS/200801_/Dados,4792800.0,,2026-09-16T09:42:18.531232+00:00,ok,True
RS,2012,4,available,RDRS1204.dbc,/dissemin/publicos/SIHSUS/200801_/Dados,4440227.0,,2026-09-16T09:42:18.531232+00:00,ok,True
RS,2012,5,available,RDRS1205.dbc,/dissemin/publicos/SIHSUS/200801_/Dados,4731094.0,,2026-09-16T09:42:18.531232+00:00,ok,True
RS,2012,6,available,RDRS1206.dbc,/dissemin/publicos/SIHSUS/200801_/Dados,4961882.0,,2026-09-16T09:42:18.531232+00:00,ok,True
RS,2012,7,available,RDRS1207.dbc,/dissemin/publicos/SIHSUS/200801_/Dados,5014465.0,,2026-09-16T09:42:18.531232+00:00,ok,True
RS,2012,8,available,RDRS1208.dbc,/dissemin/publicos/SIHSUS/200801_/Dados,4994601.0,,2026-09-16T09:42:18.531232+00:00,ok,True
RS,2012,9,available,RDRS1209.dbc,/dissemin/publicos/SIHSUS/200801_/Dados,4482510.0,,2026-09-16T09:42:18.531232+00:00,ok,True
RS,2012,10,available,RDRS1210.dbc,/dissemin/publicos/SIHSUS/200801_/Dados,4469450.0,,2026-09-16T09:42:18.531232+00:00,ok,True
RS,2012,11,available,RDRS1211.dbc,/dissemin/publicos/SIHSUS/200801_/Dados,4577031.0,,2026-09-16T09:42:18.531232+00:00,ok,True
RS,2012,12,available,RDRS1212.dbc,/dissemin/publicos/SIHSUS/200801_/Dados,4055625.0,,2026-09-16T09:42:18.531232+00:00,ok,True
SC,2012,1,available,RDSC1201.dbc,/dissemin/publicos/SIHSUS/200801_/Dados,2440187.0,,2026-09-16T09:42:18.531232+00:00,ok,True
SC,2012,2,available,RDSC1202.dbc,/dissemin/publicos/SIHSUS/200801_/Dados,2495291.0,,2026-09-16T09:42:18.531232+00:00,ok,True
SC,2012,3,available,RDSC1203.dbc,/dissemin/publicos/SIHSUS/200801_/Dados,2644257.0,,2026-09-16T09:42:18.531232+00:00,ok,True
SC,2012,4,available,RDSC1204.dbc,/dissemin/publicos/SIHSUS/200801_/Dados,2490144.0,,2026-09-16T09:42:18.531232+00:00,ok,True
SC,2012,5,available,RDSC1205.dbc,/dissemin/publicos/SIHSUS/200801_/Dados,2736868.0,,2026-09-16T09:42:18.531232+00:00,ok,True
SC,2012,6,available,RDSC1206.dbc,/dissemin/publicos/SIHSUS/200801_/Dados,2664737.0,,2026-09-16T09:42:18.531232+00:00,ok,True
SC,2012,7,available,RDSC1207.dbc,/dissemin/publicos/SIHSUS/200801_/Dados,2597163.0,,2026-09-16T09:42:18.531232+00:00,ok,True
SC,2012,8,available,RDSC1208.dbc,/dissemin/publicos/SIHSUS/200801_/Dados,2764378.0,,2026-09-16T09:42:18.531232+00:00,ok,True
SC,2012,9,available,RDSC1209.dbc,/dissemin/publicos/SIHSUS/200801_/Dados,2528363.0,,2026-09-16T09:42:18.531232+00:00,ok,True
SC,2012,10,available,RDSC1210.dbc,/dissemin/publicos/SIHSUS/200801_/Dados,2618582.0,,2026-09-16T09:42:18.531232+00:00,ok,True
SC,2012,11,available,RDSC1211.dbc,/dissemin/publicos/SIHSUS/200801_/Dados,2590747.0,,2026-09-16T09:42:18.531232+00:00,ok,True
SC,2012,12,available,RDSC1212.dbc,/dissemin/publicos/SIHSUS/200801_/Dados,2344640.0,,2026-09-16T09:42:18.531232+00:00,ok,True
SE,2012,1,available,RDSE1201.dbc,/dissemin/publicos/SIHSUS/200801_/Dados,516538.0,,2026-09-16T09:42:18.531232+00:00,ok,True
SE,2012,2,available,RDSE1202.dbc,/dissemin/publicos/SIHSUS/200801_/Dados,487368.0,,2026-09-16T09:42:18.531232+00:00,ok,True
SE,2012,3,available,RDSE1203.dbc,/dissemin/publicos/SIHSUS/200801_/Dados,541935.0,,2026-09-16T09:42:18.531232+00:00,ok,True
SE,2012,4,available,RDSE1204.dbc,/dissemin/publicos/SIHSUS/200801_/Dados,592137.0,,2026-09-16T09:42:18.531232+00:00,ok,True
SE,2012,5,available,RDSE1205.dbc,/dissemin/publicos/SIHSUS/200801_/Dados,561825.0,,2026-09-16T09:42:18.531232+00:00,ok,True
SE,2012,6,available,RDSE1206.dbc,/dissemin/publicos/SIHSUS/200801_/Dados,606690.0,,2026-09-16T09:42:18.531232+00:00,ok,True
SE,2012,7,available,RDSE1207.dbc,/dissemin/publicos/SIHSUS/200801_/Dados,530715.0,,2026-09-16T09:42:18.531232+00:00,ok,True
SE,2012,8,available,RDSE1208.dbc,/dissemin/publicos/SIHSUS/200801_/Dados,557333.0,,2026-09-16T09:42:18.531232+00:00,ok,True
SE,2012,9,available,RDSE1209.dbc,/dissemin/publicos/SIHSUS/200801_/Dados,517137.0,,2026-09-16T09:42:18.531232+00:00,ok,True
SE,2012,10,available,RDSE1210.dbc,/dissemin/publicos/SIHSUS/200801_/Dados,528434.0,,2026-09-16T09:42:18.531232+00:00,ok,True
SE,2012,11,available,RDSE1211.dbc,/dissemin/publicos/SIHSUS/200801_/Dados,467138.0,,2026-09-16T09:42:18.531232+00:00,ok,True
SE,2012,12,available,RDSE1212.dbc,/dissemin/publicos/SIHSUS/200801_/Dados,447302.0,,2026-09-16T09:42:18.531232+00:00,ok,True
SP,2012,1,available,RDSP1201.dbc,/dissemin/publicos/SIHSUS/200801_/Dados,13891006.0,,2026-09-16T09:42:18.531232+00:00,ok,True
SP,2012,2,available,RDSP1202.dbc,/dissemin/publicos/SIHSUS/200801_/Dados,14230401.0,,2026-09-16T09:42:18.531232+00:00,ok,True
SP,2012,3,available,RDSP1203.dbc,/dissemin/publicos/SIHSUS/200801_/Dados,15531488.0,,2026-09-16T09:42:18.531232+00:00,ok,True
SP,2012,4,available,RDSP1204.dbc,/dissemin/publicos/SIHSUS/200801_/Dados,15067802.0,,2026-09-16T09:42:18.531232+00:00,ok,True
SP,2012,5,available,RDSP1205.dbc,/dissemin/publicos/SIHSUS/200801_/Dados,15591105.0,,2026-09-16T09:42:18.531232+00:00,ok,True
SP,2012,6,available,RDSP1206.dbc,/dissemin/publicos/SIHSUS/200801_/Dados,14630042.0,,2026-09-16T09:42:18.531232+00:00,ok,True
SP,2012,7,available,RDSP1207.dbc,/dissemin/publicos/SIHSUS/200801_/Dados,15201987.0,,2026-09-16T09:42:18.531232+00:00,ok,True
SP,2012,8,available,RDSP1208.dbc,/dissemin/publicos/SIHSUS/200801_/Dados,15566711.0,,2026-09-16T09:42:18.531232+00:00,ok,True
SP,2012,9,available,RDSP1209.dbc,/dissemin/publicos/SIHSUS/200801_/Dados,14906294.0,,2026-09-16T09:42:18.531232+00:00,ok,True
SP,2012,10,available,RDSP1210.dbc,/dissemin/publicos/SIHSUS/200801_/Dados,15086228.0,,2026-09-16T09:42:18.531232+00:00,ok,True
SP,2012,11,available,RDSP1211.dbc,/dissemin/publicos/SIHSUS/200801_/Dados,14439617.0,,2026-09-16T09:42:18.531232+00:00,ok,True
SP,2012,12,available,RDSP1212.dbc,/dissemin/publicos/SIHSUS/200801_/Dados,13661718.0,,2026-09-16T09:42:18.531232+00:00,ok,True
TO,2012,1,available,RDTO1201.dbc,/dissemin/publicos/SIHSUS/200801_/Dados,666210.0,,2026-09-16T09:42:18.531232+00:00,ok,True
TO,2012,2,available,RDTO1202.dbc,/dissemin/publicos/SIHSUS/200801_/Dados,680113.0,,2026-09-16T09:42:18.531232+00:00,ok,True
TO,2012,3,available,RDTO1203.dbc,/dissemin/publicos/SIHSUS/200801_/Dados,725959.0,,2026-09-16T09:42:18.531232+00:00,ok,True
TO,2012,4,available,RDTO1204.dbc,/dissemin/publicos/SIHSUS/200801_/Dados,703047.0,,2026-09-16T09:42:18.531232+00:00,ok,True
TO,2012,5,available,RDTO1205.dbc,/dissemin/publicos/SIHSUS/200801_/Dados,693014.0,,2026-09-16T09:42:18.531232+00:00,ok,True
TO,2012,6,available,RDTO1206.dbc,/dissemin/publicos/SIHSUS/200801_/Dados,712671.0,,2026-09-16T09:42:18.531232+00:00,ok,True
TO,2012,7,available,RDTO1207.dbc,/dissemin/publicos/SIHSUS/200801_/Dados,620553.0,,2026-09-16T09:42:18.531232+00:00,ok,True
TO,2012,8,available,RDTO1208.dbc,/dissemin/publicos/SIHSUS/200801_/Dados,646836.0,,2026-09-16T09:42:18.531232+00:00,ok,True
TO,2012,9,available,RDTO1209.dbc,/dissemin/publicos/SIHSUS/200801_/Dados,612803.0,,2026-09-16T09:42:18.531232+00:00,ok,True
TO,2012,10,available,RDTO1210.dbc,/dissemin/publicos/SIHSUS/200801_/Dados,621657.0,,2026-09-16T09:42:18.531232+00:00,ok,True
TO,2012,11,available,RDTO1211.dbc,/dissemin/publicos/SIHSUS/200801_/Dados,548762.0,,2026-09-16T09:42:18.531232+00:00,ok,True
TO,2012,12,available,RDTO1212.dbc,/dissemin/publicos/SIHSUS/200801_/Dados,560233.0,,2026-09-16T09:42:18.531232+00:00,ok,True
AC,2013,1,available,RDAC1301.dbc,/dissemin/publicos/SIHSUS/200801_/Dados,313350.0,,2026-09-16T09:42:18.531232+00:00,ok,True
AC,2013,2,available,RDAC1302.dbc,/dissemin/publicos/SIHSUS/200801_/Dados,338502.0,,2026-09-16T09:42:18.531232+00:00,ok,True
AC,2013,3,available,RDAC1303.dbc,/dissemin/publicos/SIHSUS/200801_/Dados,342828.0,,2026-09-16T09:42:18.531232+00:00,ok,True
AC,2013,4,available,RDAC1304.dbc,/dissemin/publicos/SIHSUS/200801_/Dados,346485.0,,2026-09-16T09:42:18.531232+00:00,ok,True
AC,2013,5,available,RDAC1305.dbc,/dissemin/publicos/SIHSUS/200801_/Dados,307885.0,,2026-09-16T09:42:18.531232+00:00,ok,True
AC,2013,6,available,RDAC1306.dbc,/dissemin/publicos/SIHSUS/200801_/Dados,302498.0,,2026-09-16T09:42:18.531232+00:00,ok,True
AC,2013,7,available,RDAC1307.dbc,/dissemin/publicos/SIHSUS/200801_/Dados,298076.0,,2026-09-16T09:42:18.531232+00:00,ok,True
AC,2013,8,available,RDAC1308.dbc,/dissemin/publicos/SIHSUS/200801_/Dados,297036.0,,2026-09-16T09:42:18.531232+00:00,ok,True
AC,2013,9,available,RDAC1309.dbc,/dissemin/publicos/SIHSUS/200801_/Dados,296878.0,,2026-09-16T09:42:18.531232+00:00,ok,True
AC,2013,10,available,RDAC1310.dbc,/dissemin/publicos/SIHSUS/200801_/Dados,304876.0,,2026-09-16T09:42:18.531232+00:00,ok,True
AC,2013,11,available,RDAC1311.dbc,/dissemin/publicos/SIHSUS/200801_/Dados,304212.0,,2026-09-16T09:42:18.531232+00:00,ok,True
AC,2013,12,available,RDAC1312.dbc,/dissemin/publicos/SIHSUS/200801_/Dados,314555.0,,2026-09-16T09:42:18.531232+00:00,ok,True
AL,2013,1,available,RDAL1301.dbc,/dissemin/publicos/SIHSUS/200801_/Dados,904425.0,,2026-09-16T09:42:18.531232+00:00,ok,True
AL,2013,2,available,RDAL1302.dbc,/dissemin/publicos/SIHSUS/200801_/Dados,907695.0,,2026-09-16T09:42:18.531232+00:00,ok,True
AL,2013,3,available,RDAL1303.dbc,/dissemin/publicos/SIHSUS/200801_/Dados,927938.0,,2026-09-16T09:42:18.531232+00:00,ok,True
AL,2013,4,available,RDAL1304.dbc,/dissemin/publicos/SIHSUS/200801_/Dados,1018723.0,,2026-09-16T09:42:18.531232+00:00,ok,True
AL,2013,5,available,RDAL1305.dbc,/dissemin/publicos/SIHSUS/200801_/Dados,1046588.0,,2026-09-16T09:42:18.531232+00:00,ok,True
AL,2013,6,available,RDAL1306.dbc,/dissemin/publicos/SIHSUS/200801_/Dados,997690.0,,2026-09-16T09:42:18.531232+00:00,ok,True
AL,2013,7,available,RDAL1307.dbc,/dissemin/publicos/SIHSUS/200801_/Dados,1067314.0,,2026-09-16T09:42:18.531232+00:00,ok,True
AL,2013,8,available,RDAL1308.dbc,/dissemin/publicos/SIHSUS/200801_/Dados,1013754.0,,2026-09-16T09:42:18.531232+00:00,ok,True
AL,2013,9,available,RDAL1309.dbc,/dissemin/publicos/SIHSUS/200801_/Dados,987146.0,,2026-09-16T09:42:18.531232+00:00,ok,True
AL,2013,10,available,RDAL1310.dbc,/dissemin/publicos/SIHSUS/200801_/Dados,1093834.0,,2026-09-16T09:42:18.531232+00:00,ok,True
AL,2013,11,available,RDAL1311.dbc,/dissemin/publicos/SIHSUS/200801_/Dados,958819.0,,2026-09-16T09:42:18.531232+00:00,ok,True
AL,2013,12,available,RDAL1312.dbc,/dissemin/publicos/SIHSUS/200801_/Dados,961759.0,,2026-09-16T09:42:18.531232+00:00,ok,True
AM,2013,1,available,RDAM1301.dbc,/dissemin/publicos/SIHSUS/200801_/Dados,911879.0,,2026-09-16T09:42:18.531232+00:00,ok,True
AM,2013,2,available,RDAM1302.dbc,/dissemin/publicos/SIHSUS/200801_/Dados,849548.0,,2026-09-16T09:42:18.531232+00:00,ok,True
AM,2013,3,available,RDAM1303.dbc,/dissemin/publicos/SIHSUS/200801_/Dados,889868.0,,2026-09-16T09:42:18.531232+00:00,ok,True
AM,2013,4,available,RDAM1304.dbc,/dissemin/publicos/SIHSUS/200801_/Dados,947132.0,,2026-09-16T09:42:18.531232+00:00,ok,True
AM,2013,5,available,RDAM1305.dbc,/dissemin/publicos/SIHSUS/200801_/Dados,931530.0,,2026-09-16T09:42:18.531232+00:00,ok,True
AM,2013,6,available,RDAM1306.dbc,/dissemin/publicos/SIHSUS/200801_/Dados,919705.0,,2026-09-16T09:42:18.531232+00:00,ok,True
AM,2013,7,available,RDAM1307.dbc,/dissemin/publicos/SIHSUS/200801_/Dados,952477.0,,2026-09-16T09:42:18.531232+00:00,ok,True
AM,2013,8,available,RDAM1308.dbc,/dissemin/publicos/SIHSUS/200801_/Dados,939888.0,,2026-09-16T09:42:18.531232+00:00,ok,True
AM,2013,9,available,RDAM1309.dbc,/dissemin/publicos/SIHSUS/200801_/Dados,908766.0,,2026-09-16T09:42:18.531232+00:00,ok,True
AM,2013,10,available,RDAM1310.dbc,/dissemin/publicos/SIHSUS/200801_/Dados,894352.0,,2026-09-16T09:42:18.531232+00:00,ok,True
AM,2013,11,available,RDAM1311.dbc,/dissemin/publicos/SIHSUS/200801_/Dados,864427.0,,2026-09-16T09:42:18.531232+00:00,ok,True
AM,2013,12,available,RDAM1312.dbc,/dissemin/publicos/SIHSUS/200801_/Dados,856289.0,,2026-09-16T09:42:18.531232+00:00,ok,True
AP,2013,1,available,RDAP1301.dbc,/dissemin/publicos/SIHSUS/200801_/Dados,216902.0,,2026-09-16T09:42:18.531232+00:00,ok,True
AP,2013,2,available,RDAP1302.dbc,/dissemin/publicos/SIHSUS/200801_/Dados,186800.0,,2026-09-16T09:42:18.531232+00:00,ok,True
AP,2013,3,available,RDAP1303.dbc,/dissemin/publicos/SIHSUS/200801_/Dados,192112.0,,2026-09-16T09:42:18.531232+00:00,ok,True
AP,2013,4,available,RDAP1304.dbc,/dissemin/publicos/SIHSUS/200801_/Dados,210998.0,,2026-09-16T09:42:18.531232+00:00,ok,True
AP,2013,5,available,RDAP1305.dbc,/dissemin/publicos/SIHSUS/200801_/Dados,214824.0,,2026-09-16T09:42:18.531232+00:00,ok,True
AP,2013,6,available,RDAP1306.dbc,/dissemin/publicos/SIHSUS/200801_/Dados,211453.0,,2026-09-16T09:42:18.531232+00:00,ok,True
AP,2013,7,available,RDAP1307.dbc,/dissemin/publicos/SIHSUS/200801_/Dados,210092.0,,2026-09-16T09:42:18.531232+00:00,ok,True
AP,2013,8,available,RDAP1308.dbc,/dissemin/publicos/SIHSUS/200801_/Dados,225194.0,,2026-09-16T09:42:18.531232+00:00,ok,True
AP,2013,9,available,RDAP1309.dbc,/dissemin/publicos/SIHSUS/200801_/Dados,213535.0,,2026-09-16T09:42:18.531232+00:00,ok,True
AP,2013,10,available,RDAP1310.dbc,/dissemin/publicos/SIHSUS/200801_/Dados,210541.0,,2026-09-16T09:42:18.531232+00:00,ok,True
AP,2013,11,available,RDAP1311.dbc,/dissemin/publicos/SIHSUS/200801_/Dados,201771.0,,2026-09-16T09:42:18.531232+00:00,ok,True
AP,2013,12,available,RDAP1312.dbc,/dissemin/publicos/SIHSUS/200801_/Dados,190325.0,,2026-09-16T09:42:18.531232+00:00,ok,True
BA,2013,1,available,RDBA1301.dbc,/dissemin/publicos/SIHSUS/200801_/Dados,4281034.0,,2026-09-16T09:42:18.531232+00:00,ok,True
BA,2013,2,available,RDBA1302.dbc,/dissemin/publicos/SIHSUS/200801_/Dados,4097023.0,,2026-09-16T09:42:18.531232+00:00,ok,True
BA,2013,3,available,RDBA1303.dbc,/dissemin/publicos/SIHSUS/200801_/Dados,4462781.0,,2026-09-16T09:42:18.531232+00:00,ok,True
BA,2013,4,available,RDBA1304.dbc,/dissemin/publicos/SIHSUS/200801_/Dados,4742016.0,,2026-09-16T09:42:18.531232+00:00,ok,True
BA,2013,5,available,RDBA1305.dbc,/dissemin/publicos/SIHSUS/200801_/Dados,4905868.0,,2026-09-16T09:42:18.531232+00:00,ok,True
BA,2013,6,available,RDBA1306.dbc,/dissemin/publicos/SIHSUS/200801_/Dados,4868602.0,,2026-09-16T09:42:18.531232+00:00,ok,True
BA,2013,7,available,RDBA1307.dbc,/dissemin/publicos/SIHSUS/200801_/Dados,5152085.0,,2026-09-16T09:42:18.531232+00:00,ok,True
BA,2013,8,available,RDBA1308.dbc,/dissemin/publicos/SIHSUS/200801_/Dados,5125648.0,,2026-09-16T09:42:18.531232+00:00,ok,True
BA,2013,9,available,RDBA1309.dbc,/dissemin/publicos/SIHSUS/200801_/Dados,4844231.0,,2026-09-16T09:42:18.531232+00:00,ok,True
BA,2013,10,available,RDBA1310.dbc,/dissemin/publicos/SIHSUS/200801_/Dados,5129031.0,,2026-09-16T09:42:18.531232+00:00,ok,True
BA,2013,11,available,RDBA1311.dbc,/dissemin/publicos/SIHSUS/200801_/Dados,4511904.0,,2026-09-16T09:42:18.531232+00:00,ok,True
BA,2013,12,available,RDBA1312.dbc,/dissemin/publicos/SIHSUS/200801_/Dados,4406237.0,,2026-09-16T09:42:18.531232+00:00,ok,True
CE,2013,1,available,RDCE1301.dbc,/dissemin/publicos/SIHSUS/200801_/Dados,2364884.0,,2026-09-16T09:42:18.531232+00:00,ok,True
CE,2013,2,available,RDCE1302.dbc,/dissemin/publicos/SIHSUS/200801_/Dados,2401326.0,,2026-09-16T09:42:18.531232+00:00,ok,True
CE,2013,3,available,RDCE1303.dbc,/dissemin/publicos/SIHSUS/200801_/Dados,2587666.0,,2026-09-16T09:42:18.531232+00:00,ok,True
CE,2013,4,available,RDCE1304.dbc,/dissemin/publicos/SIHSUS/200801_/Dados,2745085.0,,2026-09-16T09:42:18.531232+00:00,ok,True
CE,2013,5,available,RDCE1305.dbc,/dissemin/publicos/SIHSUS/200801_/Dados,2795946.0,,2026-09-16T09:42:18.531232+00:00,ok,True
CE,2013,6,available,RDCE1306.dbc,/dissemin/publicos/SIHSUS/200801_/Dados,2639085.0,,2026-09-16T09:42:18.531232+00:00,ok,True
CE,2013,7,available,RDCE1307.dbc,/dissemin/publicos/SIHSUS/200801_/Dados,2759727.0,,2026-09-16T09:42:18.531232+00:00,ok,True
CE,2013,8,available,RDCE1308.dbc,/dissemin/publicos/SIHSUS/200801_/Dados,2676021.0,,2026-09-16T09:42:18.531232+00:00,ok,True
CE,2013,9,available,RDCE1309.dbc,/dissemin/publicos/SIHSUS/200801_/Dados,2784874.0,,2026-09-16T09:42:18.531232+00:00,ok,True
CE,2013,10,available,RDCE1310.dbc,/dissemin/publicos/SIHSUS/200801_/Dados,2858772.0,,2026-09-16T09:42:18.531232+00:00,ok,True
CE,2013,11,available,RDCE1311.dbc,/dissemin/publicos/SIHSUS/200801_/Dados,2616348.0,,2026-09-16T09:42:18.531232+00:00,ok,True
CE,2013,12,available,RDCE1312.dbc,/dissemin/publicos/SIHSUS/200801_/Dados,2552124.0,,2026-09-16T09:42:18.531232+00:00,ok,True
DF,2013,1,available,RDDF1301.dbc,/dissemin/publicos/SIHSUS/200801_/Dados,1091032.0,,2026-09-16T09:42:18.531232+00:00,ok,True
DF,2013,2,available,RDDF1302.dbc,/dissemin/publicos/SIHSUS/200801_/Dados,1258528.0,,2026-09-16T09:42:18.531232+00:00,ok,True
DF,2013,3,available,RDDF1303.dbc,/dissemin/publicos/SIHSUS/200801_/Dados,1262329.0,,2026-09-16T09:42:18.531232+00:00,ok,True
DF,2013,4,available,RDDF1304.dbc,/dissemin/publicos/SIHSUS/200801_/Dados,1216074.0,,2026-09-16T09:42:18.531232+00:00,ok,True
DF,2013,5,available,RDDF1305.dbc,/dissemin/publicos/SIHSUS/200801_/Dados,1243906.0,,2026-09-16T09:42:18.531232+00:00,ok,True
DF,2013,6,available,RDDF1306.dbc,/dissemin/publicos/SIHSUS/200801_/Dados,1078870.0,,2026-09-16T09:42:18.531232+00:00,ok,True
DF,2013,7,available,RDDF1307.dbc,/dissemin/publicos/SIHSUS/200801_/Dados,1184469.0,,2026-09-16T09:42:18.531232+00:00,ok,True
DF,2013,8,available,RDDF1308.dbc,/dissemin/publicos/SIHSUS/200801_/Dados,1200075.0,,2026-09-16T09:42:18.531232+00:00,ok,True
DF,2013,9,available,RDDF1309.dbc,/dissemin/publicos/SIHSUS/200801_/Dados,1107293.0,,2026-09-16T09:42:18.531232+00:00,ok,True
DF,2013,10,available,RDDF1310.dbc,/dissemin/publicos/SIHSUS/200801_/Dados,1076184.0,,2026-09-16T09:42:18.531232+00:00,ok,True
DF,2013,11,available,RDDF1311.dbc,/dissemin/publicos/SIHSUS/200801_/Dados,1033348.0,,2026-09-16T09:42:18.531232+00:00,ok,True
DF,2013,12,available,RDDF1312.dbc,/dissemin/publicos/SIHSUS/200801_/Dados,786723.0,,2026-09-16T09:42:18.531232+00:00,ok,True
ES,2013,1,available,RDES1301.dbc,/dissemin/publicos/SIHSUS/200801_/Dados,1346201.0,,2026-09-16T09:42:18.531232+00:00,ok,True
ES,2013,2,available,RDES1302.dbc,/dissemin/publicos/SIHSUS/200801_/Dados,1285481.0,,2026-09-16T09:42:18.531232+00:00,ok,True
ES,2013,3,available,RDES1303.dbc,/dissemin/publicos/SIHSUS/200801_/Dados,1292669.0,,2026-09-16T09:42:18.531232+00:00,ok,True
ES,2013,4,available,RDES1304.dbc,/dissemin/publicos/SIHSUS/200801_/Dados,1388056.0,,2026-09-16T09:42:18.531232+00:00,ok,True
ES,2013,5,available,RDES1305.dbc,/dissemin/publicos/SIHSUS/200801_/Dados,1417027.0,,2026-09-16T09:42:18.531232+00:00,ok,True
ES,2013,6,available,RDES1306.dbc,/dissemin/publicos/SIHSUS/200801_/Dados,1359227.0,,2026-09-16T09:42:18.531232+00:00,ok,True
ES,2013,7,available,RDES1307.dbc,/dissemin/publicos/SIHSUS/200801_/Dados,1326178.0,,2026-09-16T09:42:18.531232+00:00,ok,True
ES,2013,8,available,RDES1308.dbc,/dissemin/publicos/SIHSUS/200801_/Dados,1316144.0,,2026-09-16T09:42:18.531232+00:00,ok,True
ES,2013,9,available,RDES1309.dbc,/dissemin/publicos/SIHSUS/200801_/Dados,1310405.0,,2026-09-16T09:42:18.531232+00:00,ok,True
ES,2013,10,available,RDES1310.dbc,/dissemin/publicos/SIHSUS/200801_/Dados,1393236.0,,2026-09-16T09:42:18.531232+00:00,ok,True
ES,2013,11,available,RDES1311.dbc,/dissemin/publicos/SIHSUS/200801_/Dados,1359021.0,,2026-09-16T09:42:18.531232+00:00,ok,True
ES,2013,12,available,RDES1312.dbc,/dissemin/publicos/SIHSUS/200801_/Dados,1289368.0,,2026-09-16T09:42:18.531232+00:00,ok,True
GO,2013,1,available,RDGO1301.dbc,/dissemin/publicos/SIHSUS/200801_/Dados,1924013.0,,2026-09-16T09:42:18.531232+00:00,ok,True
GO,2013,2,available,RDGO1302.dbc,/dissemin/publicos/SIHSUS/200801_/Dados,1954101.0,,2026-09-16T09:42:18.531232+00:00,ok,True
GO,2013,3,available,RDGO1303.dbc,/dissemin/publicos/SIHSUS/200801_/Dados,2025201.0,,2026-09-16T09:42:18.531232+00:00,ok,True
GO,2013,4,available,RDGO1304.dbc,/dissemin/publicos/SIHSUS/200801_/Dados,2185167.0,,2026-09-16T09:42:18.531232+00:00,ok,True
GO,2013,5,available,RDGO1305.dbc,/dissemin/publicos/SIHSUS/200801_/Dados,2188435.0,,2026-09-16T09:42:18.531232+00:00,ok,True
GO,2013,6,available,RDGO1306.dbc,/dissemin/publicos/SIHSUS/200801_/Dados,2059479.0,,2026-09-16T09:42:18.531232+00:00,ok,True
GO,2013,7,available,RDGO1307.dbc,/dissemin/publicos/SIHSUS/200801_/Dados,2041511.0,,2026-09-16T09:42:18.531232+00:00,ok,True
GO,2013,8,available,RDGO1308.dbc,/dissemin/publicos/SIHSUS/200801_/Dados,2080356.0,,2026-09-16T09:42:18.531232+00:00,ok,True
GO,2013,9,available,RDGO1309.dbc,/dissemin/publicos/SIHSUS/200801_/Dados,2115158.0,,2026-09-16T09:42:18.531232+00:00,ok,True
GO,2013,10,available,RDGO1310.dbc,/dissemin/publicos/SIHSUS/200801_/Dados,2027544.0,,2026-09-16T09:42:18.531232+00:00,ok,True
GO,2013,11,available,RDGO1311.dbc,/dissemin/publicos/SIHSUS/200801_/Dados,2077465.0,,2026-09-16T09:42:18.531232+00:00,ok,True
GO,2013,12,available,RDGO1312.dbc,/dissemin/publicos/SIHSUS/200801_/Dados,1952719.0,,2026-09-16T09:42:18.531232+00:00,ok,True
MA,2013,1,available,RDMA1301.dbc,/dissemin/publicos/SIHSUS/200801_/Dados,2040589.0,,2026-09-16T09:42:18.531232+00:00,ok,True
MA,2013,2,available,RDMA1302.dbc,/dissemin/publicos/SIHSUS/200801_/Dados,2050966.0,,2026-09-16T09:42:18.531232+00:00,ok,True
MA,2013,3,available,RDMA1303.dbc,/dissemin/publicos/SIHSUS/200801_/Dados,2106261.0,,2026-09-16T09:42:18.531232+00:00,ok,True
MA,2013,4,available,RDMA1304.dbc,/dissemin/publicos/SIHSUS/200801_/Dados,2200077.0,,2026-09-16T09:42:18.531232+00:00,ok,True
MA,2013,5,available,RDMA1305.dbc,/dissemin/publicos/SIHSUS/200801_/Dados,2215469.0,,2026-09-16T09:42:18.531232+00:00,ok,True
MA,2013,6,available,RDMA1306.dbc,/dissemin/publicos/SIHSUS/200801_/Dados,2260096.0,,2026-09-16T09:42:18.531232+00:00,ok,True
MA,2013,7,available,RDMA1307.dbc,/dissemin/publicos/SIHSUS/200801_/Dados,2324745.0,,2026-09-16T09:42:18.531232+00:00,ok,True
MA,2013,8,available,RDMA1308.dbc,/dissemin/publicos/SIHSUS/200801_/Dados,2324150.0,,2026-09-16T09:42:18.531232+00:00,ok,True
MA,2013,9,available,RDMA1309.dbc,/dissemin/publicos/SIHSUS/200801_/Dados,2295672.0,,2026-09-16T09:42:18.531232+00:00,ok,True
MA,2013,10,available,RDMA1310.dbc,/dissemin/publicos/SIHSUS/200801_/Dados,2318286.0,,2026-09-16T09:42:18.531232+00:00,ok,True
MA,2013,11,available,RDMA1311.dbc,/dissemin/publicos/SIHSUS/200801_/Dados,2296916.0,,2026-09-16T09:42:18.531232+00:00,ok,True
MA,2013,12,available,RDMA1312.dbc,/dissemin/publicos/SIHSUS/200801_/Dados,2210081.0,,2026-09-16T09:42:18.531232+00:00,ok,True
MG,2013,1,available,RDMG1301.dbc,/dissemin/publicos/SIHSUS/200801_/Dados,7314964.0,,2026-09-16T09:42:18.531232+00:00,ok,True
MG,2013,2,available,RDMG1302.dbc,/dissemin/publicos/SIHSUS/200801_/Dados,6868766.0,,2026-09-16T09:42:18.531232+00:00,ok,True
MG,2013,3,available,RDMG1303.dbc,/dissemin/publicos/SIHSUS/200801_/Dados,7392379.0,,2026-09-16T09:42:18.531232+00:00,ok,True
MG,2013,4,available,RDMG1304.dbc,/dissemin/publicos/SIHSUS/200801_/Dados,7642074.0,,2026-09-16T09:42:18.531232+00:00,ok,True
MG,2013,5,available,RDMG1305.dbc,/dissemin/publicos/SIHSUS/200801_/Dados,7582080.0,,2026-09-16T09:42:18.531232+00:00,ok,True
MG,2013,6,available,RDMG1306.dbc,/dissemin/publicos/SIHSUS/200801_/Dados,7512534.0,,2026-09-16T09:42:18.531232+00:00,ok,True
MG,2013,7,available,RDMG1307.dbc,/dissemin/publicos/SIHSUS/200801_/Dados,7712942.0,,2026-09-16T09:42:18.531232+00:00,ok,True
MG,2013,8,available,RDMG1308.dbc,/dissemin/publicos/SIHSUS/200801_/Dados,7760392.0,,2026-09-16T09:42:18.531232+00:00,ok,True
MG,2013,9,available,RDMG1309.dbc,/dissemin/publicos/SIHSUS/200801_/Dados,7607699.0,,2026-09-16T09:42:18.531232+00:00,ok,True
MG,2013,10,available,RDMG1310.dbc,/dissemin/publicos/SIHSUS/200801_/Dados,7824061.0,,2026-09-16T09:42:18.531232+00:00,ok,True
MG,2013,11,available,RDMG1311.dbc,/dissemin/publicos/SIHSUS/200801_/Dados,7605840.0,,2026-09-16T09:42:18.531232+00:00,ok,True
MG,2013,12,available,RDMG1312.dbc,/dissemin/publicos/SIHSUS/200801_/Dados,7286646.0,,2026-09-16T09:42:18.531232+00:00,ok,True
MS,2013,1,available,RDMS1301.dbc,/dissemin/publicos/SIHSUS/200801_/Dados,966863.0,,2026-09-16T09:42:18.531232+00:00,ok,True
MS,2013,2,available,RDMS1302.dbc,/dissemin/publicos/SIHSUS/200801_/Dados,952436.0,,2026-09-16T09:42:18.531232+00:00,ok,True
MS,2013,3,available,RDMS1303.dbc,/dissemin/publicos/SIHSUS/200801_/Dados,965481.0,,2026-09-16T09:42:18.531232+00:00,ok,True
MS,2013,4,available,RDMS1304.dbc,/dissemin/publicos/SIHSUS/200801_/Dados,965142.0,,2026-09-16T09:42:18.531232+00:00,ok,True
MS,2013,5,available,RDMS1305.dbc,/dissemin/publicos/SIHSUS/200801_/Dados,972901.0,,2026-09-16T09:42:18.531232+00:00,ok,True
MS,2013,6,available,RDMS1306.dbc,/dissemin/publicos/SIHSUS/200801_/Dados,1039039.0,,2026-09-16T09:42:18.531232+00:00,ok,True
MS,2013,7,available,RDMS1307.dbc,/dissemin/publicos/SIHSUS/200801_/Dados,1064222.0,,2026-09-16T09:42:18.531232+00:00,ok,True
MS,2013,8,available,RDMS1308.dbc,/dissemin/publicos/SIHSUS/200801_/Dados,1089386.0,,2026-09-16T09:42:18.531232+00:00,ok,True
MS,2013,9,available,RDMS1309.dbc,/dissemin/publicos/SIHSUS/200801_/Dados,1008554.0,,2026-09-16T09:42:18.531232+00:00,ok,True
MS,2013,10,available,RDMS1310.dbc,/dissemin/publicos/SIHSUS/200801_/Dados,1040901.0,,2026-09-16T09:42:18.531232+00:00,ok,True
MS,2013,11,available,RDMS1311.dbc,/dissemin/publicos/SIHSUS/200801_/Dados,1024887.0,,2026-09-16T09:42:18.531232+00:00,ok,True
MS,2013,12,available,RDMS1312.dbc,/dissemin/publicos/SIHSUS/200801_/Dados,946539.0,,2026-09-16T09:42:18.531232+00:00,ok,True
MT,2013,1,available,RDMT1301.dbc,/dissemin/publicos/SIHSUS/200801_/Dados,1054640.0,,2026-09-16T09:42:18.531232+00:00,ok,True
MT,2013,2,available,RDMT1302.dbc,/dissemin/publicos/SIHSUS/200801_/Dados,1082856.0,,2026-09-16T09:42:18.531232+00:00,ok,True
MT,2013,3,available,RDMT1303.dbc,/dissemin/publicos/SIHSUS/200801_/Dados,1114476.0,,2026-09-16T09:42:18.531232+00:00,ok,True
MT,2013,4,available,RDMT1304.dbc,/dissemin/publicos/SIHSUS/200801_/Dados,1114266.0,,2026-09-16T09:42:18.531232+00:00,ok,True
MT,2013,5,available,RDMT1305.dbc,/dissemin/publicos/SIHSUS/200801_/Dados,1087043.0,,2026-09-16T09:42:18.531232+00:00,ok,True
MT,2013,6,available,RDMT1306.dbc,/dissemin/publicos/SIHSUS/200801_/Dados,1154062.0,,2026-09-16T09:42:18.531232+00:00,ok,True
MT,2013,7,available,RDMT1307.dbc,/dissemin/publicos/SIHSUS/200801_/Dados,1064851.0,,2026-09-16T09:42:18.531232+00:00,ok,True
MT,2013,8,available,RDMT1308.dbc,/dissemin/publicos/SIHSUS/200801_/Dados,1113624.0,,2026-09-16T09:42:18.531232+00:00,ok,True
MT,2013,9,available,RDMT1309.dbc,/dissemin/publicos/SIHSUS/200801_/Dados,1073355.0,,2026-09-16T09:42:18.531232+00:00,ok,True
MT,2013,10,available,RDMT1310.dbc,/dissemin/publicos/SIHSUS/200801_/Dados,1064862.0,,2026-09-16T09:42:18.531232+00:00,ok,True
MT,2013,11,available,RDMT1311.dbc,/dissemin/publicos/SIHSUS/200801_/Dados,1097610.0,,2026-09-16T09:42:18.531232+00:00,ok,True
MT,2013,12,available,RDMT1312.dbc,/dissemin/publicos/SIHSUS/200801_/Dados,1106968.0,,2026-09-16T09:42:18.531232+00:00,ok,True
PA,2013,1,available,RDPA1301.dbc,/dissemin/publicos/SIHSUS/200801_/Dados,2443148.0,,2026-09-16T09:42:18.531232+00:00,ok,True
PA,2013,2,available,RDPA1302.dbc,/dissemin/publicos/SIHSUS/200801_/Dados,2591098.0,,2026-09-16T09:42:18.531232+00:00,ok,True
PA,2013,3,available,RDPA1303.dbc,/dissemin/publicos/SIHSUS/200801_/Dados,2643722.0,,2026-09-16T09:42:18.531232+00:00,ok,True
PA,2013,4,available,RDPA1304.dbc,/dissemin/publicos/SIHSUS/200801_/Dados,2633551.0,,2026-09-16T09:42:18.531232+00:00,ok,True
PA,2013,5,available,RDPA1305.dbc,/dissemin/publicos/SIHSUS/200801_/Dados,2693024.0,,2026-09-16T09:42:18.531232+00:00,ok,True
PA,2013,6,available,RDPA1306.dbc,/dissemin/publicos/SIHSUS/200801_/Dados,2642956.0,,2026-09-16T09:42:18.531232+00:00,ok,True
PA,2013,7,available,RDPA1307.dbc,/dissemin/publicos/SIHSUS/200801_/Dados,2614573.0,,2026-09-16T09:42:18.531232+00:00,ok,True
PA,2013,8,available,RDPA1308.dbc,/dissemin/publicos/SIHSUS/200801_/Dados,2537122.0,,2026-09-16T09:42:18.531232+00:00,ok,True
PA,2013,9,available,RDPA1309.dbc,/dissemin/publicos/SIHSUS/200801_/Dados,2552272.0,,2026-09-16T09:42:18.531232+00:00,ok,True
PA,2013,10,available,RDPA1310.dbc,/dissemin/publicos/SIHSUS/200801_/Dados,2587793.0,,2026-09-16T09:42:18.531232+00:00,ok,True
PA,2013,11,available,RDPA1311.dbc,/dissemin/publicos/SIHSUS/200801_/Dados,2556840.0,,2026-09-16T09:42:18.531232+00:00,ok,True
PA,2013,12,available,RDPA1312.dbc,/dissemin/publicos/SIHSUS/200801_/Dados,2546023.0,,2026-09-16T09:42:18.531232+00:00,ok,True
PB,2013,1,available,RDPB1301.dbc,/dissemin/publicos/SIHSUS/200801_/Dados,1120354.0,,2026-09-16T09:42:18.531232+00:00,ok,True
PB,2013,2,available,RDPB1302.dbc,/dissemin/publicos/SIHSUS/200801_/Dados,1053799.0,,2026-09-16T09:42:18.531232+00:00,ok,True
PB,2013,3,available,RDPB1303.dbc,/dissemin/publicos/SIHSUS/200801_/Dados,1170345.0,,2026-09-16T09:42:18.531232+00:00,ok,True
PB,2013,4,available,RDPB1304.dbc,/dissemin/publicos/SIHSUS/200801_/Dados,1249260.0,,2026-09-16T09:42:18.531232+00:00,ok,True
PB,2013,5,available,RDPB1305.dbc,/dissemin/publicos/SIHSUS/200801_/Dados,1252361.0,,2026-09-16T09:42:18.531232+00:00,ok,True
PB,2013,6,available,RDPB1306.dbc,/dissemin/publicos/SIHSUS/200801_/Dados,1245567.0,,2026-09-16T09:42:18.531232+00:00,ok,True
PB,2013,7,available,RDPB1307.dbc,/dissemin/publicos/SIHSUS/200801_/Dados,1256426.0,,2026-09-16T09:42:18.531232+00:00,ok,True
PB,2013,8,available,RDPB1308.dbc,/dissemin/publicos/SIHSUS/200801_/Dados,1222365.0,,2026-09-16T09:42:18.531232+00:00,ok,True
PB,2013,9,available,RDPB1309.dbc,/dissemin/publicos/SIHSUS/200801_/Dados,1182128.0,,2026-09-16T09:42:18.531232+00:00,ok,True
PB,2013,10,available,RDPB1310.dbc,/dissemin/publicos/SIHSUS/200801_/Dados,1143839.0,,2026-09-16T09:42:18.531232+00:00,ok,True
PB,2013,11,available,RDPB1311.dbc,/dissemin/publicos/SIHSUS/200801_/Dados,1128458.0,,2026-09-16T09:42:18.531232+00:00,ok,True
PB,2013,12,available,RDPB1312.dbc,/dissemin/publicos/SIHSUS/200801_/Dados,1100123.0,,2026-09-16T09:42:18.531232+00:00,ok,True
PE,2013,1,available,RDPE1301.dbc,/dissemin/publicos/SIHSUS/200801_/Dados,2910354.0,,2026-09-16T09:42:18.531232+00:00,ok,True
PE,2013,2,available,RDPE1302.dbc,/dissemin/publicos/SIHSUS/200801_/Dados,2900191.0,,2026-09-16T09:42:18.531232+00:00,ok,True
PE,2013,3,available,RDPE1303.dbc,/dissemin/publicos/SIHSUS/200801_/Dados,3191036.0,,2026-09-16T09:42:18.531232+00:00,ok,True
PE,2013,4,available,RDPE1304.dbc,/dissemin/publicos/SIHSUS/200801_/Dados,3200219.0,,2026-09-16T09:42:18.531232+00:00,ok,True
PE,2013,5,available,RDPE1305.dbc,/dissemin/publicos/SIHSUS/200801_/Dados,3324681.0,,2026-09-16T09:42:18.531232+00:00,ok,True
PE,2013,6,available,RDPE1306.dbc,/dissemin/publicos/SIHSUS/200801_/Dados,3244727.0,,2026-09-16T09:42:18.531232+00:00,ok,True
PE,2013,7,available,RDPE1307.dbc,/dissemin/publicos/SIHSUS/200801_/Dados,3257180.0,,2026-09-16T09:42:18.531232+00:00,ok,True
PE,2013,8,available,RDPE1308.dbc,/dissemin/publicos/SIHSUS/200801_/Dados,3329436.0,,2026-09-16T09:42:18.531232+00:00,ok,True
PE,2013,9,available,RDPE1309.dbc,/dissemin/publicos/SIHSUS/200801_/Dados,3155181.0,,2026-09-16T09:42:18.531232+00:00,ok,True
PE,2013,10,available,RDPE1310.dbc,/dissemin/publicos/SIHSUS/200801_/Dados,3259923.0,,2026-09-16T09:42:18.531232+00:00,ok,True
PE,2013,11,available,RDPE1311.dbc,/dissemin/publicos/SIHSUS/200801_/Dados,3087084.0,,2026-09-16T09:42:18.531232+00:00,ok,True
PE,2013,12,available,RDPE1312.dbc,/dissemin/publicos/SIHSUS/200801_/Dados,3129969.0,,2026-09-16T09:42:18.531232+00:00,ok,True
PI,2013,1,available,RDPI1301.dbc,/dissemin/publicos/SIHSUS/200801_/Dados,1202782.0,,2026-09-16T09:42:18.531232+00:00,ok,True
PI,2013,2,available,RDPI1302.dbc,/dissemin/publicos/SIHSUS/200801_/Dados,1189733.0,,2026-09-16T09:42:18.531232+00:00,ok,True
PI,2013,3,available,RDPI1303.dbc,/dissemin/publicos/SIHSUS/200801_/Dados,1248801.0,,2026-09-16T09:42:18.531232+00:00,ok,True
PI,2013,4,available,RDPI1304.dbc,/dissemin/publicos/SIHSUS/200801_/Dados,1279161.0,,2026-09-16T09:42:18.531232+00:00,ok,True
PI,2013,5,available,RDPI1305.dbc,/dissemin/publicos/SIHSUS/200801_/Dados,1348336.0,,2026-09-16T09:42:18.531232+00:00,ok,True
PI,2013,6,available,RDPI1306.dbc,/dissemin/publicos/SIHSUS/200801_/Dados,1273560.0,,2026-09-16T09:42:18.531232+00:00,ok,True
PI,2013,7,available,RDPI1307.dbc,/dissemin/publicos/SIHSUS/200801_/Dados,1299976.0,,2026-09-16T09:42:18.531232+00:00,ok,True
PI,2013,8,available,RDPI1308.dbc,/dissemin/publicos/SIHSUS/200801_/Dados,1333805.0,,2026-09-16T09:42:18.531232+00:00,ok,True
PI,2013,9,available,RDPI1309.dbc,/dissemin/publicos/SIHSUS/200801_/Dados,1173281.0,,2026-09-16T09:42:18.531232+00:00,ok,True
PI,2013,10,available,RDPI1310.dbc,/dissemin/publicos/SIHSUS/200801_/Dados,1233888.0,,2026-09-16T09:42:18.531232+00:00,ok,True
PI,2013,11,available,RDPI1311.dbc,/dissemin/publicos/SIHSUS/200801_/Dados,1166314.0,,2026-09-16T09:42:18.531232+00:00,ok,True
PI,2013,12,available,RDPI1312.dbc,/dissemin/publicos/SIHSUS/200801_/Dados,1114009.0,,2026-09-16T09:42:18.531232+00:00,ok,True
PR,2013,1,available,RDPR1301.dbc,/dissemin/publicos/SIHSUS/200801_/Dados,4601644.0,,2026-09-16T09:42:18.531232+00:00,ok,True
PR,2013,2,available,RDPR1302.dbc,/dissemin/publicos/SIHSUS/200801_/Dados,4495849.0,,2026-09-16T09:42:18.531232+00:00,ok,True
PR,2013,3,available,RDPR1303.dbc,/dissemin/publicos/SIHSUS/200801_/Dados,4674131.0,,2026-09-16T09:42:18.531232+00:00,ok,True
PR,2013,4,available,RDPR1304.dbc,/dissemin/publicos/SIHSUS/200801_/Dados,4851510.0,,2026-09-16T09:42:18.531232+00:00,ok,True
PR,2013,5,available,RDPR1305.dbc,/dissemin/publicos/SIHSUS/200801_/Dados,4857152.0,,2026-09-16T09:42:18.531232+00:00,ok,True
PR,2013,6,available,RDPR1306.dbc,/dissemin/publicos/SIHSUS/200801_/Dados,4696852.0,,2026-09-16T09:42:18.531232+00:00,ok,True
PR,2013,7,available,RDPR1307.dbc,/dissemin/publicos/SIHSUS/200801_/Dados,4737792.0,,2026-09-16T09:42:18.531232+00:00,ok,True
PR,2013,8,available,RDPR1308.dbc,/dissemin/publicos/SIHSUS/200801_/Dados,4743561.0,,2026-09-16T09:42:18.531232+00:00,ok,True
PR,2013,9,available,RDPR1309.dbc,/dissemin/publicos/SIHSUS/200801_/Dados,4714852.0,,2026-09-16T09:42:18.531232+00:00,ok,True
PR,2013,10,available,RDPR1310.dbc,/dissemin/publicos/SIHSUS/200801_/Dados,4776331.0,,2026-09-16T09:42:18.531232+00:00,ok,True
PR,2013,11,available,RDPR1311.dbc,/dissemin/publicos/SIHSUS/200801_/Dados,4688250.0,,2026-09-16T09:42:18.531232+00:00,ok,True
PR,2013,12,available,RDPR1312.dbc,/dissemin/publicos/SIHSUS/200801_/Dados,4410180.0,,2026-09-16T09:42:18.531232+00:00,ok,True
RJ,2013,1,available,RDRJ1301.dbc,/dissemin/publicos/SIHSUS/200801_/Dados,3749064.0,,2026-09-16T09:42:18.531232+00:00,ok,True
RJ,2013,2,available,RDRJ1302.dbc,/dissemin/publicos/SIHSUS/200801_/Dados,3599686.0,,2026-09-16T09:42:18.531232+00:00,ok,True
RJ,2013,3,available,RDRJ1303.dbc,/dissemin/publicos/SIHSUS/200801_/Dados,3883257.0,,2026-09-16T09:42:18.531232+00:00,ok,True
RJ,2013,4,available,RDRJ1304.dbc,/dissemin/publicos/SIHSUS/200801_/Dados,4016823.0,,2026-09-16T09:42:18.531232+00:00,ok,True
RJ,2013,5,available,RDRJ1305.dbc,/dissemin/publicos/SIHSUS/200801_/Dados,4116449.0,,2026-09-16T09:42:18.531232+00:00,ok,True
RJ,2013,6,available,RDRJ1306.dbc,/dissemin/publicos/SIHSUS/200801_/Dados,3988009.0,,2026-09-16T09:42:18.531232+00:00,ok,True
RJ,2013,7,available,RDRJ1307.dbc,/dissemin/publicos/SIHSUS/200801_/Dados,4170727.0,,2026-09-16T09:42:18.531232+00:00,ok,True
RJ,2013,8,available,RDRJ1308.dbc,/dissemin/publicos/SIHSUS/200801_/Dados,4211243.0,,2026-09-16T09:42:18.531232+00:00,ok,True
RJ,2013,9,available,RDRJ1309.dbc,/dissemin/publicos/SIHSUS/200801_/Dados,4086925.0,,2026-09-16T09:42:18.531232+00:00,ok,True
RJ,2013,10,available,RDRJ1310.dbc,/dissemin/publicos/SIHSUS/200801_/Dados,4090487.0,,2026-09-16T09:42:18.531232+00:00,ok,True
RJ,2013,11,available,RDRJ1311.dbc,/dissemin/publicos/SIHSUS/200801_/Dados,3870923.0,,2026-09-16T09:42:18.531232+00:00,ok,True
RJ,2013,12,available,RDRJ1312.dbc,/dissemin/publicos/SIHSUS/200801_/Dados,3619879.0,,2026-09-16T09:42:18.531232+00:00,ok,True
RN,2013,1,available,RDRN1301.dbc,/dissemin/publicos/SIHSUS/200801_/Dados,811950.0,,2026-09-16T09:42:18.531232+00:00,ok,True
RN,2013,2,available,RDRN1302.dbc,/dissemin/publicos/SIHSUS/200801_/Dados,795052.0,,2026-09-16T09:42:18.531232+00:00,ok,True
RN,2013,3,available,RDRN1303.dbc,/dissemin/publicos/SIHSUS/200801_/Dados,928072.0,,2026-09-16T09:42:18.531232+00:00,ok,True
RN,2013,4,available,RDRN1304.dbc,/dissemin/publicos/SIHSUS/200801_/Dados,962487.0,,2026-09-16T09:42:18.531232+00:00,ok,True
RN,2013,5,available,RDRN1305.dbc,/dissemin/publicos/SIHSUS/200801_/Dados,956752.0,,2026-09-16T09:42:18.531232+00:00,ok,True
RN,2013,6,available,RDRN1306.dbc,/dissemin/publicos/SIHSUS/200801_/Dados,963024.0,,2026-09-16T09:42:18.531232+00:00,ok,True
RN,2013,7,available,RDRN1307.dbc,/dissemin/publicos/SIHSUS/200801_/Dados,951729.0,,2026-09-16T09:42:18.531232+00:00,ok,True
RN,2013,8,available,RDRN1308.dbc,/dissemin/publicos/SIHSUS/200801_/Dados,963340.0,,2026-09-16T09:42:18.531232+00:00,ok,True
RN,2013,9,available,RDRN1309.dbc,/dissemin/publicos/SIHSUS/200801_/Dados,1003478.0,,2026-09-16T09:42:18.531232+00:00,ok,True
RN,2013,10,available,RDRN1310.dbc,/dissemin/publicos/SIHSUS/200801_/Dados,967133.0,,2026-09-16T09:42:18.531232+00:00,ok,True
RN,2013,11,available,RDRN1311.dbc,/dissemin/publicos/SIHSUS/200801_/Dados,964340.0,,2026-09-16T09:42:18.531232+00:00,ok,True
RN,2013,12,available,RDRN1312.dbc,/dissemin/publicos/SIHSUS/200801_/Dados,860446.0,,2026-09-16T09:42:18.531232+00:00,ok,True
RO,2013,1,available,RDRO1301.dbc,/dissemin/publicos/SIHSUS/200801_/Dados,482394.0,,2026-09-16T09:42:18.531232+00:00,ok,True
RO,2013,2,available,RDRO1302.dbc,/dissemin/publicos/SIHSUS/200801_/Dados,517216.0,,2026-09-16T09:42:18.531232+00:00,ok,True
RO,2013,3,available,RDRO1303.dbc,/dissemin/publicos/SIHSUS/200801_/Dados,610228.0,,2026-09-16T09:42:18.531232+00:00,ok,True
RO,2013,4,available,RDRO1304.dbc,/dissemin/publicos/SIHSUS/200801_/Dados,606331.0,,2026-09-16T09:42:18.531232+00:00,ok,True
RO,2013,5,available,RDRO1305.dbc,/dissemin/publicos/SIHSUS/200801_/Dados,574432.0,,2026-09-16T09:42:18.531232+00:00,ok,True
RO,2013,6,available,RDRO1306.dbc,/dissemin/publicos/SIHSUS/200801_/Dados,582467.0,,2026-09-16T09:42:18.531232+00:00,ok,True
RO,2013,7,available,RDRO1307.dbc,/dissemin/publicos/SIHSUS/200801_/Dados,573355.0,,2026-09-16T09:42:18.531232+00:00,ok,True
RO,2013,8,available,RDRO1308.dbc,/dissemin/publicos/SIHSUS/200801_/Dados,612608.0,,2026-09-16T09:42:18.531232+00:00,ok,True
RO,2013,9,available,RDRO1309.dbc,/dissemin/publicos/SIHSUS/200801_/Dados,593712.0,,2026-09-16T09:42:18.531232+00:00,ok,True
RO,2013,10,available,RDRO1310.dbc,/dissemin/publicos/SIHSUS/200801_/Dados,623246.0,,2026-09-16T09:42:18.531232+00:00,ok,True
RO,2013,11,available,RDRO1311.dbc,/dissemin/publicos/SIHSUS/200801_/Dados,621096.0,,2026-09-16T09:42:18.531232+00:00,ok,True
RO,2013,12,available,RDRO1312.dbc,/dissemin/publicos/SIHSUS/200801_/Dados,588949.0,,2026-09-16T09:42:18.531232+00:00,ok,True
RR,2013,1,available,RDRR1301.dbc,/dissemin/publicos/SIHSUS/200801_/Dados,154699.0,,2026-09-16T09:42:18.531232+00:00,ok,True
RR,2013,2,available,RDRR1302.dbc,/dissemin/publicos/SIHSUS/200801_/Dados,154185.0,,2026-09-16T09:42:18.531232+00:00,ok,True
RR,2013,3,available,RDRR1303.dbc,/dissemin/publicos/SIHSUS/200801_/Dados,191135.0,,2026-09-16T09:42:18.531232+00:00,ok,True
RR,2013,4,available,RDRR1304.dbc,/dissemin/publicos/SIHSUS/200801_/Dados,184345.0,,2026-09-16T09:42:18.531232+00:00,ok,True
RR,2013,5,available,RDRR1305.dbc,/dissemin/publicos/SIHSUS/200801_/Dados,212603.0,,2026-09-16T09:42:18.531232+00:00,ok,True
RR,2013,6,available,RDRR1306.dbc,/dissemin/publicos/SIHSUS/200801_/Dados,214494.0,,2026-09-16T09:42:18.531232+00:00,ok,True
RR,2013,7,available,RDRR1307.dbc,/dissemin/publicos/SIHSUS/200801_/Dados,239209.0,,2026-09-16T09:42:18.531232+00:00,ok,True
RR,2013,8,available,RDRR1308.dbc,/dissemin/publicos/SIHSUS/200801_/Dados,213911.0,,2026-09-16T09:42:18.531232+00:00,ok,True
RR,2013,9,available,RDRR1309.dbc,/dissemin/publicos/SIHSUS/200801_/Dados,196410.0,,2026-09-16T09:42:18.531232+00:00,ok,True
RR,2013,10,available,RDRR1310.dbc,/dissemin/publicos/SIHSUS/200801_/Dados,177641.0,,2026-09-16T09:42:18.531232+00:00,ok,True
RR,2013,11,available,RDRR1311.dbc,/dissemin/publicos/SIHSUS/200801_/Dados,182393.0,,2026-09-16T09:42:18.531232+00:00,ok,True
RR,2013,12,available,RDRR1312.dbc,/dissemin/publicos/SIHSUS/200801_/Dados,140263.0,,2026-09-16T09:42:18.531232+00:00,ok,True
RS,2013,1,available,RDRS1301.dbc,/dissemin/publicos/SIHSUS/200801_/Dados,4464565.0,,2026-09-16T09:42:18.531232+00:00,ok,True
RS,2013,2,available,RDRS1302.dbc,/dissemin/publicos/SIHSUS/200801_/Dados,4223388.0,,2026-09-16T09:42:18.531232+00:00,ok,True
RS,2013,3,available,RDRS1303.dbc,/dissemin/publicos/SIHSUS/200801_/Dados,4670024.0,,2026-09-16T09:42:18.531232+00:00,ok,True
RS,2013,4,available,RDRS1304.dbc,/dissemin/publicos/SIHSUS/200801_/Dados,4781614.0,,2026-09-16T09:42:18.531232+00:00,ok,True
RS,2013,5,available,RDRS1305.dbc,/dissemin/publicos/SIHSUS/200801_/Dados,4862156.0,,2026-09-16T09:42:18.531232+00:00,ok,True
RS,2013,6,available,RDRS1306.dbc,/dissemin/publicos/SIHSUS/200801_/Dados,4595269.0,,2026-09-16T09:42:18.531232+00:00,ok,True
RS,2013,7,available,RDRS1307.dbc,/dissemin/publicos/SIHSUS/200801_/Dados,5002006.0,,2026-09-16T09:42:18.531232+00:00,ok,True
RS,2013,8,available,RDRS1308.dbc,/dissemin/publicos/SIHSUS/200801_/Dados,4900350.0,,2026-09-16T09:42:18.531232+00:00,ok,True
RS,2013,9,available,RDRS1309.dbc,/dissemin/publicos/SIHSUS/200801_/Dados,4682575.0,,2026-09-16T09:42:18.531232+00:00,ok,True
RS,2013,10,available,RDRS1310.dbc,/dissemin/publicos/SIHSUS/200801_/Dados,4830497.0,,2026-09-16T09:42:18.531232+00:00,ok,True
RS,2013,11,available,RDRS1311.dbc,/dissemin/publicos/SIHSUS/200801_/Dados,4671997.0,,2026-09-16T09:42:18.531232+00:00,ok,True
RS,2013,12,available,RDRS1312.dbc,/dissemin/publicos/SIHSUS/200801_/Dados,4605383.0,,2026-09-16T09:42:18.531232+00:00,ok,True
SC,2013,1,available,RDSC1301.dbc,/dissemin/publicos/SIHSUS/200801_/Dados,2497131.0,,2026-09-16T09:42:18.531232+00:00,ok,True
SC,2013,2,available,RDSC1302.dbc,/dissemin/publicos/SIHSUS/200801_/Dados,2418053.0,,2026-09-16T09:42:18.531232+00:00,ok,True
SC,2013,3,available,RDSC1303.dbc,/dissemin/publicos/SIHSUS/200801_/Dados,2507611.0,,2026-09-16T09:42:18.531232+00:00,ok,True
SC,2013,4,available,RDSC1304.dbc,/dissemin/publicos/SIHSUS/200801_/Dados,2694958.0,,2026-09-16T09:42:18.531232+00:00,ok,True
SC,2013,5,available,RDSC1305.dbc,/dissemin/publicos/SIHSUS/200801_/Dados,2736839.0,,2026-09-16T09:42:18.531232+00:00,ok,True
SC,2013,6,available,RDSC1306.dbc,/dissemin/publicos/SIHSUS/200801_/Dados,2640951.0,,2026-09-16T09:42:18.531232+00:00,ok,True
SC,2013,7,available,RDSC1307.dbc,/dissemin/publicos/SIHSUS/200801_/Dados,2743221.0,,2026-09-16T09:42:18.531232+00:00,ok,True
SC,2013,8,available,RDSC1308.dbc,/dissemin/publicos/SIHSUS/200801_/Dados,2767287.0,,2026-09-16T09:42:18.531232+00:00,ok,True
SC,2013,9,available,RDSC1309.dbc,/dissemin/publicos/SIHSUS/200801_/Dados,2702701.0,,2026-09-16T09:42:18.531232+00:00,ok,True
SC,2013,10,available,RDSC1310.dbc,/dissemin/publicos/SIHSUS/200801_/Dados,2743594.0,,2026-09-16T09:42:18.531232+00:00,ok,True
SC,2013,11,available,RDSC1311.dbc,/dissemin/publicos/SIHSUS/200801_/Dados,2756200.0,,2026-09-16T09:42:18.531232+00:00,ok,True
SC,2013,12,available,RDSC1312.dbc,/dissemin/publicos/SIHSUS/200801_/Dados,2559960.0,,2026-09-16T09:42:18.531232+00:00,ok,True
SE,2013,1,available,RDSE1301.dbc,/dissemin/publicos/SIHSUS/200801_/Dados,457743.0,,2026-09-16T09:42:18.531232+00:00,ok,True
SE,2013,2,available,RDSE1302.dbc,/dissemin/publicos/SIHSUS/200801_/Dados,488845.0,,2026-09-16T09:42:18.531232+00:00,ok,True
SE,2013,3,available,RDSE1303.dbc,/dissemin/publicos/SIHSUS/200801_/Dados,561462.0,,2026-09-16T09:42:18.531232+00:00,ok,True
SE,2013,4,available,RDSE1304.dbc,/dissemin/publicos/SIHSUS/200801_/Dados,556102.0,,2026-09-16T09:42:18.531232+00:00,ok,True
SE,2013,5,available,RDSE1305.dbc,/dissemin/publicos/SIHSUS/200801_/Dados,513386.0,,2026-09-16T09:42:18.531232+00:00,ok,True
SE,2013,6,available,RDSE1306.dbc,/dissemin/publicos/SIHSUS/200801_/Dados,488438.0,,2026-09-16T09:42:18.531232+00:00,ok,True
SE,2013,7,available,RDSE1307.dbc,/dissemin/publicos/SIHSUS/200801_/Dados,554393.0,,2026-09-16T09:42:18.531232+00:00,ok,True
SE,2013,8,available,RDSE1308.dbc,/dissemin/publicos/SIHSUS/200801_/Dados,509073.0,,2026-09-16T09:42:18.531232+00:00,ok,True
SE,2013,9,available,RDSE1309.dbc,/dissemin/publicos/SIHSUS/200801_/Dados,488913.0,,2026-09-16T09:42:18.531232+00:00,ok,True
SE,2013,10,available,RDSE1310.dbc,/dissemin/publicos/SIHSUS/200801_/Dados,473692.0,,2026-09-16T09:42:18.531232+00:00,ok,True
SE,2013,11,available,RDSE1311.dbc,/dissemin/publicos/SIHSUS/200801_/Dados,470078.0,,2026-09-16T09:42:18.531232+00:00,ok,True
SE,2013,12,available,RDSE1312.dbc,/dissemin/publicos/SIHSUS/200801_/Dados,449200.0,,2026-09-16T09:42:18.531232+00:00,ok,True
SP,2013,1,available,RDSP1301.dbc,/dissemin/publicos/SIHSUS/200801_/Dados,14507052.0,,2026-09-16T09:42:18.531232+00:00,ok,True
SP,2013,2,available,RDSP1302.dbc,/dissemin/publicos/SIHSUS/200801_/Dados,13811597.0,,2026-09-16T09:42:18.531232+00:00,ok,True
SP,2013,3,available,RDSP1303.dbc,/dissemin/publicos/SIHSUS/200801_/Dados,14572347.0,,2026-09-16T09:42:18.531232+00:00,ok,True
SP,2013,4,available,RDSP1304.dbc,/dissemin/publicos/SIHSUS/200801_/Dados,15432780.0,,2026-09-16T09:42:18.531232+00:00,ok,True
SP,2013,5,available,RDSP1305.dbc,/dissemin/publicos/SIHSUS/200801_/Dados,15405395.0,,2026-09-16T09:42:18.531232+00:00,ok,True
SP,2013,6,available,RDSP1306.dbc,/dissemin/publicos/SIHSUS/200801_/Dados,14980401.0,,2026-09-16T09:42:18.531232+00:00,ok,True
SP,2013,7,available,RDSP1307.dbc,/dissemin/publicos/SIHSUS/200801_/Dados,15135618.0,,2026-09-16T09:42:18.531232+00:00,ok,True
SP,2013,8,available,RDSP1308.dbc,/dissemin/publicos/SIHSUS/200801_/Dados,15697528.0,,2026-09-16T09:42:18.531232+00:00,ok,True
SP,2013,9,available,RDSP1309.dbc,/dissemin/publicos/SIHSUS/200801_/Dados,15185465.0,,2026-09-16T09:42:18.531232+00:00,ok,True
SP,2013,10,available,RDSP1310.dbc,/dissemin/publicos/SIHSUS/200801_/Dados,15718682.0,,2026-09-16T09:42:18.531232+00:00,ok,True
SP,2013,11,available,RDSP1311.dbc,/dissemin/publicos/SIHSUS/200801_/Dados,14545583.0,,2026-09-16T09:42:18.531232+00:00,ok,True
SP,2013,12,available,RDSP1312.dbc,/dissemin/publicos/SIHSUS/200801_/Dados,13728793.0,,2026-09-16T09:42:18.531232+00:00,ok,True
TO,2013,1,available,RDTO1301.dbc,/dissemin/publicos/SIHSUS/200801_/Dados,584219.0,,2026-09-16T09:42:18.531232+00:00,ok,True
TO,2013,2,available,RDTO1302.dbc,/dissemin/publicos/SIHSUS/200801_/Dados,604453.0,,2026-09-16T09:42:18.531232+00:00,ok,True
TO,2013,3,available,RDTO1303.dbc,/dissemin/publicos/SIHSUS/200801_/Dados,674723.0,,2026-09-16T09:42:18.531232+00:00,ok,True
TO,2013,4,available,RDTO1304.dbc,/dissemin/publicos/SIHSUS/200801_/Dados,675382.0,,2026-09-16T09:42:18.531232+00:00,ok,True
TO,2013,5,available,RDTO1305.dbc,/dissemin/publicos/SIHSUS/200801_/Dados,681397.0,,2026-09-16T09:42:18.531232+00:00,ok,True
TO,2013,6,available,RDTO1306.dbc,/dissemin/publicos/SIHSUS/200801_/Dados,675809.0,,2026-09-16T09:42:18.531232+00:00,ok,True
TO,2013,7,available,RDTO1307.dbc,/dissemin/publicos/SIHSUS/200801_/Dados,612608.0,,2026-09-16T09:42:18.531232+00:00,ok,True
TO,2013,8,available,RDTO1308.dbc,/dissemin/publicos/SIHSUS/200801_/Dados,678555.0,,2026-09-16T09:42:18.531232+00:00,ok,True
TO,2013,9,available,RDTO1309.dbc,/dissemin/publicos/SIHSUS/200801_/Dados,620586.0,,2026-09-16T09:42:18.531232+00:00,ok,True
TO,2013,10,available,RDTO1310.dbc,/dissemin/publicos/SIHSUS/200801_/Dados,676443.0,,2026-09-16T09:42:18.531232+00:00,ok,True
TO,2013,11,available,RDTO1311.dbc,/dissemin/publicos/SIHSUS/200801_/Dados,619685.0,,2026-09-16T09:42:18.531232+00:00,ok,True
TO,2013,12,available,RDTO1312.dbc,/dissemin/publicos/SIHSUS/200801_/Dados,595411.0,,2026-09-16T09:42:18.531232+00:00,ok,True
AC,2014,1,available,RDAC1401.dbc,/dissemin/publicos/SIHSUS/200801_/Dados,383477.0,,2026-09-16T09:42:18.531232+00:00,ok,True
AC,2014,2,available,RDAC1402.dbc,/dissemin/publicos/SIHSUS/200801_/Dados,316449.0,,2026-09-16T09:42:18.531232+00:00,ok,True
AC,2014,3,available,RDAC1403.dbc,/dissemin/publicos/SIHSUS/200801_/Dados,317639.0,,2026-09-16T09:42:18.531232+00:00,ok,True
AC,2014,4,available,RDAC1404.dbc,/dissemin/publicos/SIHSUS/200801_/Dados,319507.0,,2026-09-16T09:42:18.531232+00:00,ok,True
AC,2014,5,available,RDAC1405.dbc,/dissemin/publicos/SIHSUS/200801_/Dados,339096.0,,2026-09-16T09:42:18.531232+00:00,ok,True
AC,2014,6,available,RDAC1406.dbc,/dissemin/publicos/SIHSUS/200801_/Dados,323456.0,,2026-09-16T09:42:18.531232+00:00,ok,True
AC,2014,7,available,RDAC1407.dbc,/dissemin/publicos/SIHSUS/200801_/Dados,336709.0,,2026-09-16T09:42:18.531232+00:00,ok,True
AC,2014,8,available,RDAC1408.dbc,/dissemin/publicos/SIHSUS/200801_/Dados,313407.0,,2026-09-16T09:42:18.531232+00:00,ok,True
AC,2014,9,available,RDAC1409.dbc,/dissemin/publicos/SIHSUS/200801_/Dados,326486.0,,2026-09-16T09:42:18.531232+00:00,ok,True
AC,2014,10,available,RDAC1410.dbc,/dissemin/publicos/SIHSUS/200801_/Dados,340784.0,,2026-09-16T09:42:18.531232+00:00,ok,True
AC,2014,11,available,RDAC1411.dbc,/dissemin/publicos/SIHSUS/200801_/Dados,340385.0,,2026-09-16T09:42:18.531232+00:00,ok,True
AC,2014,12,available,RDAC1412.dbc,/dissemin/publicos/SIHSUS/200801_/Dados,266628.0,,2026-09-16T09:42:18.531232+00:00,ok,True
AL,2014,1,available,RDAL1401.dbc,/dissemin/publicos/SIHSUS/200801_/Dados,963086.0,,2026-09-16T09:42:18.531232+00:00,ok,True
AL,2014,2,available,RDAL1402.dbc,/dissemin/publicos/SIHSUS/200801_/Dados,893645.0,,2026-09-16T09:42:18.531232+00:00,ok,True
AL,2014,3,available,RDAL1403.dbc,/dissemin/publicos/SIHSUS/200801_/Dados,871861.0,,2026-09-16T09:42:18.531232+00:00,ok,True
AL,2014,4,available,RDAL1404.dbc,/dissemin/publicos/SIHSUS/200801_/Dados,903604.0,,2026-09-16T09:42:18.531232+00:00,ok,True
AL,2014,5,available,RDAL1405.dbc,/dissemin/publicos/SIHSUS/200801_/Dados,961266.0,,2026-09-16T09:42:18.531232+00:00,ok,True
AL,2014,6,available,RDAL1406.dbc,/dissemin/publicos/SIHSUS/200801_/Dados,927984.0,,2026-09-16T09:42:18.531232+00:00,ok,True
AL,2014,7,available,RDAL1407.dbc,/dissemin/publicos/SIHSUS/200801_/Dados,987418.0,,2026-09-16T09:42:18.531232+00:00,ok,True
AL,2014,8,available,RDAL1408.dbc,/dissemin/publicos/SIHSUS/200801_/Dados,995554.0,,2026-09-16T09:42:18.531232+00:00,ok,True
AL,2014,9,available,RDAL1409.dbc,/dissemin/publicos/SIHSUS/200801_/Dados,959729.0,,2026-09-16T09:42:18.531232+00:00,ok,True
AL,2014,10,available,RDAL1410.dbc,/dissemin/publicos/SIHSUS/200801_/Dados,986802.0,,2026-09-16T09:42:18.531232+00:00,ok,True
AL,2014,11,available,RDAL1411.dbc,/dissemin/publicos/SIHSUS/200801_/Dados,992657.0,,2026-09-16T09:42:18.531232+00:00,ok,True
AL,2014,12,available,RDAL1412.dbc,/dissemin/publicos/SIHSUS/200801_/Dados,926279.0,,2026-09-16T09:42:18.531232+00:00,ok,True
AM,2014,1,available,RDAM1401.dbc,/dissemin/publicos/SIHSUS/200801_/Dados,914585.0,,2026-09-16T09:42:18.531232+00:00,ok,True
AM,2014,2,available,RDAM1402.dbc,/dissemin/publicos/SIHSUS/200801_/Dados,783763.0,,2026-09-16T09:42:18.531232+00:00,ok,True
AM,2014,3,available,RDAM1403.dbc,/dissemin/publicos/SIHSUS/200801_/Dados,839650.0,,2026-09-16T09:42:18.531232+00:00,ok,True
AM,2014,4,available,RDAM1404.dbc,/dissemin/publicos/SIHSUS/200801_/Dados,793431.0,,2026-09-16T09:42:18.531232+00:00,ok,True
AM,2014,5,available,RDAM1405.dbc,/dissemin/publicos/SIHSUS/200801_/Dados,944738.0,,2026-09-16T09:42:18.531232+00:00,ok,True
AM,2014,6,available,RDAM1406.dbc,/dissemin/publicos/SIHSUS/200801_/Dados,842155.0,,2026-09-16T09:42:18.531232+00:00,ok,True
AM,2014,7,available,RDAM1407.dbc,/dissemin/publicos/SIHSUS/200801_/Dados,854583.0,,2026-09-16T09:42:18.531232+00:00,ok,True
AM,2014,8,available,RDAM1408.dbc,/dissemin/publicos/SIHSUS/200801_/Dados,854167.0,,2026-09-16T09:42:18.531232+00:00,ok,True
AM,2014,9,available,RDAM1409.dbc,/dissemin/publicos/SIHSUS/200801_/Dados,918958.0,,2026-09-16T09:42:18.531232+00:00,ok,True
AM,2014,10,available,RDAM1410.dbc,/dissemin/publicos/SIHSUS/200801_/Dados,938131.0,,2026-09-16T09:42:18.531232+00:00,ok,True
AM,2014,11,available,RDAM1411.dbc,/dissemin/publicos/SIHSUS/200801_/Dados,904264.0,,2026-09-16T09:42:18.531232+00:00,ok,True
AM,2014,12,available,RDAM1412.dbc,/dissemin/publicos/SIHSUS/200801_/Dados,827161.0,,2026-09-16T09:42:18.531232+00:00,ok,True
AP,2014,1,available,RDAP1401.dbc,/dissemin/publicos/SIHSUS/200801_/Dados,206386.0,,2026-09-16T09:42:18.531232+00:00,ok,True
AP,2014,2,available,RDAP1402.dbc,/dissemin/publicos/SIHSUS/200801_/Dados,189811.0,,2026-09-16T09:42:18.531232+00:00,ok,True
AP,2014,3,available,RDAP1403.dbc,/dissemin/publicos/SIHSUS/200801_/Dados,192208.0,,2026-09-16T09:42:18.531232+00:00,ok,True
AP,2014,4,available,RDAP1404.dbc,/dissemin/publicos/SIHSUS/200801_/Dados,204682.0,,2026-09-16T09:42:18.531232+00:00,ok,True
AP,2014,5,available,RDAP1405.dbc,/dissemin/publicos/SIHSUS/200801_/Dados,219401.0,,2026-09-16T09:42:18.531232+00:00,ok,True
AP,2014,6,available,RDAP1406.dbc,/dissemin/publicos/SIHSUS/200801_/Dados,174391.0,,2026-09-16T09:42:18.531232+00:00,ok,True
AP,2014,7,available,RDAP1407.dbc,/dissemin/publicos/SIHSUS/200801_/Dados,228077.0,,2026-09-16T09:42:18.531232+00:00,ok,True
AP,2014,8,available,RDAP1408.dbc,/dissemin/publicos/SIHSUS/200801_/Dados,209745.0,,2026-09-16T09:42:18.531232+00:00,ok,True
AP,2014,9,available,RDAP1409.dbc,/dissemin/publicos/SIHSUS/200801_/Dados,206623.0,,2026-09-16T09:42:18.531232+00:00,ok,True
AP,2014,10,available,RDAP1410.dbc,/dissemin/publicos/SIHSUS/200801_/Dados,207577.0,,2026-09-16T09:42:18.531232+00:00,ok,True
AP,2014,11,available,RDAP1411.dbc,/dissemin/publicos/SIHSUS/200801_/Dados,184977.0,,2026-09-16T09:42:18.531232+00:00,ok,True
AP,2014,12,available,RDAP1412.dbc,/dissemin/publicos/SIHSUS/200801_/Dados,195763.0,,2026-09-16T09:42:18.531232+00:00,ok,True
BA,2014,1,available,RDBA1401.dbc,/dissemin/publicos/SIHSUS/200801_/Dados,4671906.0,,2026-09-16T09:42:18.531232+00:00,ok,True
BA,2014,2,available,RDBA1402.dbc,/dissemin/publicos/SIHSUS/200801_/Dados,4534846.0,,2026-09-16T09:42:18.531232+00:00,ok,True
BA,2014,3,available,RDBA1403.dbc,/dissemin/publicos/SIHSUS/200801_/Dados,4893841.0,,2026-09-16T09:42:18.531232+00:00,ok,True
BA,2014,4,available,RDBA1404.dbc,/dissemin/publicos/SIHSUS/200801_/Dados,4661080.0,,2026-09-16T09:42:18.531232+00:00,ok,True
BA,2014,5,available,RDBA1405.dbc,/dissemin/publicos/SIHSUS/200801_/Dados,5046548.0,,2026-09-16T09:42:18.531232+00:00,ok,True
BA,2014,6,available,RDBA1406.dbc,/dissemin/publicos/SIHSUS/200801_/Dados,4923716.0,,2026-09-16T09:42:18.531232+00:00,ok,True
BA,2014,7,available,RDBA1407.dbc,/dissemin/publicos/SIHSUS/200801_/Dados,5399255.0,,2026-09-16T09:42:18.531232+00:00,ok,True
BA,2014,8,available,RDBA1408.dbc,/dissemin/publicos/SIHSUS/200801_/Dados,5036731.0,,2026-09-16T09:42:18.531232+00:00,ok,True
BA,2014,9,available,RDBA1409.dbc,/dissemin/publicos/SIHSUS/200801_/Dados,5088979.0,,2026-09-16T09:42:18.531232+00:00,ok,True
BA,2014,10,available,RDBA1410.dbc,/dissemin/publicos/SIHSUS/200801_/Dados,5208739.0,,2026-09-16T09:42:18.531232+00:00,ok,True
BA,2014,11,available,RDBA1411.dbc,/dissemin/publicos/SIHSUS/200801_/Dados,4633225.0,,2026-09-16T09:42:18.531232+00:00,ok,True
BA,2014,12,available,RDBA1412.dbc,/dissemin/publicos/SIHSUS/200801_/Dados,4674576.0,,2026-09-16T09:42:18.531232+00:00,ok,True
CE,2014,1,available,RDCE1401.dbc,/dissemin/publicos/SIHSUS/200801_/Dados,2780117.0,,2026-09-16T09:42:18.531232+00:00,ok,True
CE,2014,2,available,RDCE1402.dbc,/dissemin/publicos/SIHSUS/200801_/Dados,2626535.0,,2026-09-16T09:42:18.531232+00:00,ok,True
CE,2014,3,available,RDCE1403.dbc,/dissemin/publicos/SIHSUS/200801_/Dados,2697537.0,,2026-09-16T09:42:18.531232+00:00,ok,True
CE,2014,4,available,RDCE1404.dbc,/dissemin/publicos/SIHSUS/200801_/Dados,2710894.0,,2026-09-16T09:42:18.531232+00:00,ok,True
CE,2014,5,available,RDCE1405.dbc,/dissemin/publicos/SIHSUS/200801_/Dados,2914460.0,,2026-09-16T09:42:18.531232+00:00,ok,True
CE,2014,6,available,RDCE1406.dbc,/dissemin/publicos/SIHSUS/200801_/Dados,2781546.0,,2026-09-16T09:42:18.531232+00:00,ok,True
CE,2014,7,available,RDCE1407.dbc,/dissemin/publicos/SIHSUS/200801_/Dados,2955753.0,,2026-09-16T09:42:18.531232+00:00,ok,True
CE,2014,8,available,RDCE1408.dbc,/dissemin/publicos/SIHSUS/200801_/Dados,2818486.0,,2026-09-16T09:42:18.531232+00:00,ok,True
CE,2014,9,available,RDCE1409.dbc,/dissemin/publicos/SIHSUS/200801_/Dados,2926195.0,,2026-09-16T09:42:18.531232+00:00,ok,True
CE,2014,10,available,RDCE1410.dbc,/dissemin/publicos/SIHSUS/200801_/Dados,2738501.0,,2026-09-16T09:42:18.531232+00:00,ok,True
CE,2014,11,available,RDCE1411.dbc,/dissemin/publicos/SIHSUS/200801_/Dados,2799760.0,,2026-09-16T09:42:18.531232+00:00,ok,True
CE,2014,12,available,RDCE1412.dbc,/dissemin/publicos/SIHSUS/200801_/Dados,2712137.0,,2026-09-16T09:42:18.531232+00:00,ok,True
DF,2014,1,available,RDDF1401.dbc,/dissemin/publicos/SIHSUS/200801_/Dados,1016283.0,,2026-09-16T09:42:18.531232+00:00,ok,True
DF,2014,2,available,RDDF1402.dbc,/dissemin/publicos/SIHSUS/200801_/Dados,1013658.0,,2026-09-16T09:42:18.531232+00:00,ok,True
DF,2014,3,available,RDDF1403.dbc,/dissemin/publicos/SIHSUS/200801_/Dados,1054633.0,,2026-09-16T09:42:18.531232+00:00,ok,True
DF,2014,4,available,RDDF1404.dbc,/dissemin/publicos/SIHSUS/200801_/Dados,946942.0,,2026-09-16T09:42:18.531232+00:00,ok,True
DF,2014,5,available,RDDF1405.dbc,/dissemin/publicos/SIHSUS/200801_/Dados,1208265.0,,2026-09-16T09:42:18.531232+00:00,ok,True
DF,2014,6,available,RDDF1406.dbc,/dissemin/publicos/SIHSUS/200801_/Dados,1048537.0,,2026-09-16T09:42:18.531232+00:00,ok,True
DF,2014,7,available,RDDF1407.dbc,/dissemin/publicos/SIHSUS/200801_/Dados,1186485.0,,2026-09-16T09:42:18.531232+00:00,ok,True
DF,2014,8,available,RDDF1408.dbc,/dissemin/publicos/SIHSUS/200801_/Dados,1236423.0,,2026-09-16T09:42:18.531232+00:00,ok,True
DF,2014,9,available,RDDF1409.dbc,/dissemin/publicos/SIHSUS/200801_/Dados,1187434.0,,2026-09-16T09:42:18.531232+00:00,ok,True
DF,2014,10,available,RDDF1410.dbc,/dissemin/publicos/SIHSUS/200801_/Dados,1155614.0,,2026-09-16T09:42:18.531232+00:00,ok,True
DF,2014,11,available,RDDF1411.dbc,/dissemin/publicos/SIHSUS/200801_/Dados,1046831.0,,2026-09-16T09:42:18.531232+00:00,ok,True
DF,2014,12,available,RDDF1412.dbc,/dissemin/publicos/SIHSUS/200801_/Dados,902954.0,,2026-09-16T09:42:18.531232+00:00,ok,True
ES,2014,1,available,RDES1401.dbc,/dissemin/publicos/SIHSUS/200801_/Dados,1386485.0,,2026-09-16T09:42:18.531232+00:00,ok,True
ES,2014,2,available,RDES1402.dbc,/dissemin/publicos/SIHSUS/200801_/Dados,1343557.0,,2026-09-16T09:42:18.531232+00:00,ok,True
ES,2014,3,available,RDES1403.dbc,/dissemin/publicos/SIHSUS/200801_/Dados,1359665.0,,2026-09-16T09:42:18.531232+00:00,ok,True
ES,2014,4,available,RDES1404.dbc,/dissemin/publicos/SIHSUS/200801_/Dados,1408013.0,,2026-09-16T09:42:18.531232+00:00,ok,True
ES,2014,5,available,RDES1405.dbc,/dissemin/publicos/SIHSUS/200801_/Dados,1550014.0,,2026-09-16T09:42:18.531232+00:00,ok,True
ES,2014,6,available,RDES1406.dbc,/dissemin/publicos/SIHSUS/200801_/Dados,1520500.0,,2026-09-16T09:42:18.531232+00:00,ok,True
ES,2014,7,available,RDES1407.dbc,/dissemin/publicos/SIHSUS/200801_/Dados,1599211.0,,2026-09-16T09:42:18.531232+00:00,ok,True
ES,2014,8,available,RDES1408.dbc,/dissemin/publicos/SIHSUS/200801_/Dados,1575830.0,,2026-09-16T09:42:18.531232+00:00,ok,True
ES,2014,9,available,RDES1409.dbc,/dissemin/publicos/SIHSUS/200801_/Dados,1510015.0,,2026-09-16T09:42:18.531232+00:00,ok,True
ES,2014,10,available,RDES1410.dbc,/dissemin/publicos/SIHSUS/200801_/Dados,1598197.0,,2026-09-16T09:42:18.531232+00:00,ok,True
ES,2014,11,available,RDES1411.dbc,/dissemin/publicos/SIHSUS/200801_/Dados,1578935.0,,2026-09-16T09:42:18.531232+00:00,ok,True
ES,2014,12,available,RDES1412.dbc,/dissemin/publicos/SIHSUS/200801_/Dados,1430452.0,,2026-09-16T09:42:18.531232+00:00,ok,True
GO,2014,1,available,RDGO1401.dbc,/dissemin/publicos/SIHSUS/200801_/Dados,2090687.0,,2026-09-16T09:42:18.531232+00:00,ok,True
GO,2014,2,available,RDGO1402.dbc,/dissemin/publicos/SIHSUS/200801_/Dados,1971187.0,,2026-09-16T09:42:18.531232+00:00,ok,True
GO,2014,3,available,RDGO1403.dbc,/dissemin/publicos/SIHSUS/200801_/Dados,1993123.0,,2026-09-16T09:42:18.531232+00:00,ok,True
GO,2014,4,available,RDGO1404.dbc,/dissemin/publicos/SIHSUS/200801_/Dados,2141125.0,,2026-09-16T09:42:18.531232+00:00,ok,True
GO,2014,5,available,RDGO1405.dbc,/dissemin/publicos/SIHSUS/200801_/Dados,2160851.0,,2026-09-16T09:42:18.531232+00:00,ok,True
GO,2014,6,available,RDGO1406.dbc,/dissemin/publicos/SIHSUS/200801_/Dados,2086172.0,,2026-09-16T09:42:18.531232+00:00,ok,True
GO,2014,7,available,RDGO1407.dbc,/dissemin/publicos/SIHSUS/200801_/Dados,2137091.0,,2026-09-16T09:42:18.531232+00:00,ok,True
GO,2014,8,available,RDGO1408.dbc,/dissemin/publicos/SIHSUS/200801_/Dados,2128554.0,,2026-09-16T09:42:18.531232+00:00,ok,True
GO,2014,9,available,RDGO1409.dbc,/dissemin/publicos/SIHSUS/200801_/Dados,2162941.0,,2026-09-16T09:42:18.531232+00:00,ok,True
GO,2014,10,available,RDGO1410.dbc,/dissemin/publicos/SIHSUS/200801_/Dados,2239900.0,,2026-09-16T09:42:18.531232+00:00,ok,True
GO,2014,11,available,RDGO1411.dbc,/dissemin/publicos/SIHSUS/200801_/Dados,2034623.0,,2026-09-16T09:42:18.531232+00:00,ok,True
GO,2014,12,available,RDGO1412.dbc,/dissemin/publicos/SIHSUS/200801_/Dados,2077462.0,,2026-09-16T09:42:18.531232+00:00,ok,True
MA,2014,1,available,RDMA1401.dbc,/dissemin/publicos/SIHSUS/200801_/Dados,2314350.0,,2026-09-16T09:42:18.531232+00:00,ok,True
MA,2014,2,available,RDMA1402.dbc,/dissemin/publicos/SIHSUS/200801_/Dados,2240261.0,,2026-09-16T09:42:18.531232+00:00,ok,True
MA,2014,3,available,RDMA1403.dbc,/dissemin/publicos/SIHSUS/200801_/Dados,2323417.0,,2026-09-16T09:42:18.531232+00:00,ok,True
MA,2014,4,available,RDMA1404.dbc,/dissemin/publicos/SIHSUS/200801_/Dados,2364008.0,,2026-09-16T09:42:18.531232+00:00,ok,True
MA,2014,5,available,RDMA1405.dbc,/dissemin/publicos/SIHSUS/200801_/Dados,2445115.0,,2026-09-16T09:42:18.531232+00:00,ok,True
MA,2014,6,available,RDMA1406.dbc,/dissemin/publicos/SIHSUS/200801_/Dados,2409452.0,,2026-09-16T09:42:18.531232+00:00,ok,True
MA,2014,7,available,RDMA1407.dbc,/dissemin/publicos/SIHSUS/200801_/Dados,2445181.0,,2026-09-16T09:42:18.531232+00:00,ok,True
MA,2014,8,available,RDMA1408.dbc,/dissemin/publicos/SIHSUS/200801_/Dados,2425569.0,,2026-09-16T09:42:18.531232+00:00,ok,True
MA,2014,9,available,RDMA1409.dbc,/dissemin/publicos/SIHSUS/200801_/Dados,2499523.0,,2026-09-16T09:42:18.531232+00:00,ok,True
MA,2014,10,available,RDMA1410.dbc,/dissemin/publicos/SIHSUS/200801_/Dados,2342327.0,,2026-09-16T09:42:18.531232+00:00,ok,True
MA,2014,11,available,RDMA1411.dbc,/dissemin/publicos/SIHSUS/200801_/Dados,2328200.0,,2026-09-16T09:42:18.531232+00:00,ok,True
MA,2014,12,available,RDMA1412.dbc,/dissemin/publicos/SIHSUS/200801_/Dados,2246904.0,,2026-09-16T09:42:18.531232+00:00,ok,True
MG,2014,1,available,RDMG1401.dbc,/dissemin/publicos/SIHSUS/200801_/Dados,7804144.0,,2026-09-16T09:42:18.531232+00:00,ok,True
MG,2014,2,available,RDMG1402.dbc,/dissemin/publicos/SIHSUS/200801_/Dados,7555007.0,,2026-09-16T09:42:18.531232+00:00,ok,True
MG,2014,3,available,RDMG1403.dbc,/dissemin/publicos/SIHSUS/200801_/Dados,7773379.0,,2026-09-16T09:42:18.531232+00:00,ok,True
MG,2014,4,available,RDMG1404.dbc,/dissemin/publicos/SIHSUS/200801_/Dados,7562691.0,,2026-09-16T09:42:18.531232+00:00,ok,True
MG,2014,5,available,RDMG1405.dbc,/dissemin/publicos/SIHSUS/200801_/Dados,8365851.0,,2026-09-16T09:42:18.531232+00:00,ok,True
MG,2014,6,available,RDMG1406.dbc,/dissemin/publicos/SIHSUS/200801_/Dados,7862951.0,,2026-09-16T09:42:18.531232+00:00,ok,True
MG,2014,7,available,RDMG1407.dbc,/dissemin/publicos/SIHSUS/200801_/Dados,8151769.0,,2026-09-16T09:42:18.531232+00:00,ok,True
MG,2014,8,available,RDMG1408.dbc,/dissemin/publicos/SIHSUS/200801_/Dados,8014247.0,,2026-09-16T09:42:18.531232+00:00,ok,True
MG,2014,9,available,RDMG1409.dbc,/dissemin/publicos/SIHSUS/200801_/Dados,8073489.0,,2026-09-16T09:42:18.531232+00:00,ok,True
MG,2014,10,available,RDMG1410.dbc,/dissemin/publicos/SIHSUS/200801_/Dados,8086945.0,,2026-09-16T09:42:18.531232+00:00,ok,True
MG,2014,11,available,RDMG1411.dbc,/dissemin/publicos/SIHSUS/200801_/Dados,8061604.0,,2026-09-16T09:42:18.531232+00:00,ok,True
MG,2014,12,available,RDMG1412.dbc,/dissemin/publicos/SIHSUS/200801_/Dados,7446241.0,,2026-09-16T09:42:18.531232+00:00,ok,True
MS,2014,1,available,RDMS1401.dbc,/dissemin/publicos/SIHSUS/200801_/Dados,991774.0,,2026-09-16T09:42:18.531232+00:00,ok,True
MS,2014,2,available,RDMS1402.dbc,/dissemin/publicos/SIHSUS/200801_/Dados,970508.0,,2026-09-16T09:42:18.531232+00:00,ok,True
MS,2014,3,available,RDMS1403.dbc,/dissemin/publicos/SIHSUS/200801_/Dados,972063.0,,2026-09-16T09:42:18.531232+00:00,ok,True
MS,2014,4,available,RDMS1404.dbc,/dissemin/publicos/SIHSUS/200801_/Dados,1008483.0,,2026-09-16T09:42:18.531232+00:00,ok,True
MS,2014,5,available,RDMS1405.dbc,/dissemin/publicos/SIHSUS/200801_/Dados,1035512.0,,2026-09-16T09:42:18.531232+00:00,ok,True
MS,2014,6,available,RDMS1406.dbc,/dissemin/publicos/SIHSUS/200801_/Dados,995660.0,,2026-09-16T09:42:18.531232+00:00,ok,True
MS,2014,7,available,RDMS1407.dbc,/dissemin/publicos/SIHSUS/200801_/Dados,1013408.0,,2026-09-16T09:42:18.531232+00:00,ok,True
MS,2014,8,available,RDMS1408.dbc,/dissemin/publicos/SIHSUS/200801_/Dados,1126531.0,,2026-09-16T09:42:18.531232+00:00,ok,True
MS,2014,9,available,RDMS1409.dbc,/dissemin/publicos/SIHSUS/200801_/Dados,970982.0,,2026-09-16T09:42:18.531232+00:00,ok,True
MS,2014,10,available,RDMS1410.dbc,/dissemin/publicos/SIHSUS/200801_/Dados,990277.0,,2026-09-16T09:42:18.531232+00:00,ok,True
MS,2014,11,available,RDMS1411.dbc,/dissemin/publicos/SIHSUS/200801_/Dados,1021192.0,,2026-09-16T09:42:18.531232+00:00,ok,True
MS,2014,12,available,RDMS1412.dbc,/dissemin/publicos/SIHSUS/200801_/Dados,980656.0,,2026-09-16T09:42:18.531232+00:00,ok,True
MT,2014,1,available,RDMT1401.dbc,/dissemin/publicos/SIHSUS/200801_/Dados,1043527.0,,2026-09-16T09:42:18.531232+00:00,ok,True
MT,2014,2,available,RDMT1402.dbc,/dissemin/publicos/SIHSUS/200801_/Dados,1045038.0,,2026-09-16T09:42:18.531232+00:00,ok,True
MT,2014,3,available,RDMT1403.dbc,/dissemin/publicos/SIHSUS/200801_/Dados,1109086.0,,2026-09-16T09:42:18.531232+00:00,ok,True
MT,2014,4,available,RDMT1404.dbc,/dissemin/publicos/SIHSUS/200801_/Dados,1136958.0,,2026-09-16T09:42:18.531232+00:00,ok,True
MT,2014,5,available,RDMT1405.dbc,/dissemin/publicos/SIHSUS/200801_/Dados,1140756.0,,2026-09-16T09:42:18.531232+00:00,ok,True
MT,2014,6,available,RDMT1406.dbc,/dissemin/publicos/SIHSUS/200801_/Dados,1134906.0,,2026-09-16T09:42:18.531232+00:00,ok,True
MT,2014,7,available,RDMT1407.dbc,/dissemin/publicos/SIHSUS/200801_/Dados,1143769.0,,2026-09-16T09:42:18.531232+00:00,ok,True
MT,2014,8,available,RDMT1408.dbc,/dissemin/publicos/SIHSUS/200801_/Dados,1143246.0,,2026-09-16T09:42:18.531232+00:00,ok,True
MT,2014,9,available,RDMT1409.dbc,/dissemin/publicos/SIHSUS/200801_/Dados,1145519.0,,2026-09-16T09:42:18.531232+00:00,ok,True
MT,2014,10,available,RDMT1410.dbc,/dissemin/publicos/SIHSUS/200801_/Dados,1139684.0,,2026-09-16T09:42:18.531232+00:00,ok,True
MT,2014,11,available,RDMT1411.dbc,/dissemin/publicos/SIHSUS/200801_/Dados,1158181.0,,2026-09-16T09:42:18.531232+00:00,ok,True
MT,2014,12,available,RDMT1412.dbc,/dissemin/publicos/SIHSUS/200801_/Dados,1065979.0,,2026-09-16T09:42:18.531232+00:00,ok,True
PA,2014,1,available,RDPA1401.dbc,/dissemin/publicos/SIHSUS/200801_/Dados,2501547.0,,2026-09-16T09:42:18.531232+00:00,ok,True
PA,2014,2,available,RDPA1402.dbc,/dissemin/publicos/SIHSUS/200801_/Dados,2523693.0,,2026-09-16T09:42:18.531232+00:00,ok,True
PA,2014,3,available,RDPA1403.dbc,/dissemin/publicos/SIHSUS/200801_/Dados,2660925.0,,2026-09-16T09:42:18.531232+00:00,ok,True
PA,2014,4,available,RDPA1404.dbc,/dissemin/publicos/SIHSUS/200801_/Dados,2648760.0,,2026-09-16T09:42:18.531232+00:00,ok,True
PA,2014,5,available,RDPA1405.dbc,/dissemin/publicos/SIHSUS/200801_/Dados,2689793.0,,2026-09-16T09:42:18.531232+00:00,ok,True
PA,2014,6,available,RDPA1406.dbc,/dissemin/publicos/SIHSUS/200801_/Dados,2674689.0,,2026-09-16T09:42:18.531232+00:00,ok,True
PA,2014,7,available,RDPA1407.dbc,/dissemin/publicos/SIHSUS/200801_/Dados,2590643.0,,2026-09-16T09:42:18.531232+00:00,ok,True
PA,2014,8,available,RDPA1408.dbc,/dissemin/publicos/SIHSUS/200801_/Dados,2641049.0,,2026-09-16T09:42:18.531232+00:00,ok,True
PA,2014,9,available,RDPA1409.dbc,/dissemin/publicos/SIHSUS/200801_/Dados,2767158.0,,2026-09-16T09:42:18.531232+00:00,ok,True
PA,2014,10,available,RDPA1410.dbc,/dissemin/publicos/SIHSUS/200801_/Dados,2654240.0,,2026-09-16T09:42:18.531232+00:00,ok,True
PA,2014,11,available,RDPA1411.dbc,/dissemin/publicos/SIHSUS/200801_/Dados,2647701.0,,2026-09-16T09:42:18.531232+00:00,ok,True
PA,2014,12,available,RDPA1412.dbc,/dissemin/publicos/SIHSUS/200801_/Dados,2515316.0,,2026-09-16T09:42:18.531232+00:00,ok,True
PB,2014,1,available,RDPB1401.dbc,/dissemin/publicos/SIHSUS/200801_/Dados,1124535.0,,2026-09-16T09:42:18.531232+00:00,ok,True
PB,2014,2,available,RDPB1402.dbc,/dissemin/publicos/SIHSUS/200801_/Dados,1065880.0,,2026-09-16T09:42:18.531232+00:00,ok,True
PB,2014,3,available,RDPB1403.dbc,/dissemin/publicos/SIHSUS/200801_/Dados,1129955.0,,2026-09-16T09:42:18.531232+00:00,ok,True
PB,2014,4,available,RDPB1404.dbc,/dissemin/publicos/SIHSUS/200801_/Dados,1159537.0,,2026-09-16T09:42:18.531232+00:00,ok,True
PB,2014,5,available,RDPB1405.dbc,/dissemin/publicos/SIHSUS/200801_/Dados,1157521.0,,2026-09-16T09:42:18.531232+00:00,ok,True
PB,2014,6,available,RDPB1406.dbc,/dissemin/publicos/SIHSUS/200801_/Dados,1144205.0,,2026-09-16T09:42:18.531232+00:00,ok,True
PB,2014,7,available,RDPB1407.dbc,/dissemin/publicos/SIHSUS/200801_/Dados,1147229.0,,2026-09-16T09:42:18.531232+00:00,ok,True
PB,2014,8,available,RDPB1408.dbc,/dissemin/publicos/SIHSUS/200801_/Dados,1209752.0,,2026-09-16T09:42:18.531232+00:00,ok,True
PB,2014,9,available,RDPB1409.dbc,/dissemin/publicos/SIHSUS/200801_/Dados,1223198.0,,2026-09-16T09:42:18.531232+00:00,ok,True
PB,2014,10,available,RDPB1410.dbc,/dissemin/publicos/SIHSUS/200801_/Dados,1235453.0,,2026-09-16T09:42:18.531232+00:00,ok,True
PB,2014,11,available,RDPB1411.dbc,/dissemin/publicos/SIHSUS/200801_/Dados,1153562.0,,2026-09-16T09:42:18.531232+00:00,ok,True
PB,2014,12,available,RDPB1412.dbc,/dissemin/publicos/SIHSUS/200801_/Dados,1119686.0,,2026-09-16T09:42:18.531232+00:00,ok,True
PE,2014,1,available,RDPE1401.dbc,/dissemin/publicos/SIHSUS/200801_/Dados,2970640.0,,2026-09-16T09:42:18.531232+00:00,ok,True
PE,2014,2,available,RDPE1402.dbc,/dissemin/publicos/SIHSUS/200801_/Dados,2985167.0,,2026-09-16T09:42:18.531232+00:00,ok,True
PE,2014,3,available,RDPE1403.dbc,/dissemin/publicos/SIHSUS/200801_/Dados,3093245.0,,2026-09-16T09:42:18.531232+00:00,ok,True
PE,2014,4,available,RDPE1404.dbc,/dissemin/publicos/SIHSUS/200801_/Dados,3265866.0,,2026-09-16T09:42:18.531232+00:00,ok,True
PE,2014,5,available,RDPE1405.dbc,/dissemin/publicos/SIHSUS/200801_/Dados,3466054.0,,2026-09-16T09:42:18.531232+00:00,ok,True
PE,2014,6,available,RDPE1406.dbc,/dissemin/publicos/SIHSUS/200801_/Dados,3361672.0,,2026-09-16T09:42:18.531232+00:00,ok,True
PE,2014,7,available,RDPE1407.dbc,/dissemin/publicos/SIHSUS/200801_/Dados,3414195.0,,2026-09-16T09:42:18.531232+00:00,ok,True
PE,2014,8,available,RDPE1408.dbc,/dissemin/publicos/SIHSUS/200801_/Dados,3432081.0,,2026-09-16T09:42:18.531232+00:00,ok,True
PE,2014,9,available,RDPE1409.dbc,/dissemin/publicos/SIHSUS/200801_/Dados,3570389.0,,2026-09-16T09:42:18.531232+00:00,ok,True
PE,2014,10,available,RDPE1410.dbc,/dissemin/publicos/SIHSUS/200801_/Dados,3553831.0,,2026-09-16T09:42:18.531232+00:00,ok,True
PE,2014,11,available,RDPE1411.dbc,/dissemin/publicos/SIHSUS/200801_/Dados,3479356.0,,2026-09-16T09:42:18.531232+00:00,ok,True
PE,2014,12,available,RDPE1412.dbc,/dissemin/publicos/SIHSUS/200801_/Dados,3251706.0,,2026-09-16T09:42:18.531232+00:00,ok,True
PI,2014,1,available,RDPI1401.dbc,/dissemin/publicos/SIHSUS/200801_/Dados,1293865.0,,2026-09-16T09:42:18.531232+00:00,ok,True
PI,2014,2,available,RDPI1402.dbc,/dissemin/publicos/SIHSUS/200801_/Dados,1151091.0,,2026-09-16T09:42:18.531232+00:00,ok,True
PI,2014,3,available,RDPI1403.dbc,/dissemin/publicos/SIHSUS/200801_/Dados,1253885.0,,2026-09-16T09:42:18.531232+00:00,ok,True
PI,2014,4,available,RDPI1404.dbc,/dissemin/publicos/SIHSUS/200801_/Dados,1218249.0,,2026-09-16T09:42:18.531232+00:00,ok,True
PI,2014,5,available,RDPI1405.dbc,/dissemin/publicos/SIHSUS/200801_/Dados,1242319.0,,2026-09-16T09:42:18.531232+00:00,ok,True
PI,2014,6,available,RDPI1406.dbc,/dissemin/publicos/SIHSUS/200801_/Dados,1206315.0,,2026-09-16T09:42:18.531232+00:00,ok,True
PI,2014,7,available,RDPI1407.dbc,/dissemin/publicos/SIHSUS/200801_/Dados,1148015.0,,2026-09-16T09:42:18.531232+00:00,ok,True
PI,2014,8,available,RDPI1408.dbc,/dissemin/publicos/SIHSUS/200801_/Dados,1184815.0,,2026-09-16T09:42:18.531232+00:00,ok,True
PI,2014,9,available,RDPI1409.dbc,/dissemin/publicos/SIHSUS/200801_/Dados,1202041.0,,2026-09-16T09:42:18.531232+00:00,ok,True
PI,2014,10,available,RDPI1410.dbc,/dissemin/publicos/SIHSUS/200801_/Dados,1221500.0,,2026-09-16T09:42:18.531232+00:00,ok,True
PI,2014,11,available,RDPI1411.dbc,/dissemin/publicos/SIHSUS/200801_/Dados,1125282.0,,2026-09-16T09:42:18.531232+00:00,ok,True
PI,2014,12,available,RDPI1412.dbc,/dissemin/publicos/SIHSUS/200801_/Dados,1059023.0,,2026-09-16T09:42:18.531232+00:00,ok,True
PR,2014,1,available,RDPR1401.dbc,/dissemin/publicos/SIHSUS/200801_/Dados,4650681.0,,2026-09-16T09:42:18.531232+00:00,ok,True
PR,2014,2,available,RDPR1402.dbc,/dissemin/publicos/SIHSUS/200801_/Dados,4667620.0,,2026-09-16T09:42:18.531232+00:00,ok,True
PR,2014,3,available,RDPR1403.dbc,/dissemin/publicos/SIHSUS/200801_/Dados,4526973.0,,2026-09-16T09:42:18.531232+00:00,ok,True
PR,2014,4,available,RDPR1404.dbc,/dissemin/publicos/SIHSUS/200801_/Dados,4587367.0,,2026-09-16T09:42:18.531232+00:00,ok,True
PR,2014,5,available,RDPR1405.dbc,/dissemin/publicos/SIHSUS/200801_/Dados,4817146.0,,2026-09-16T09:42:18.531232+00:00,ok,True
PR,2014,6,available,RDPR1406.dbc,/dissemin/publicos/SIHSUS/200801_/Dados,4691298.0,,2026-09-16T09:42:18.531232+00:00,ok,True
PR,2014,7,available,RDPR1407.dbc,/dissemin/publicos/SIHSUS/200801_/Dados,4872975.0,,2026-09-16T09:42:18.531232+00:00,ok,True
PR,2014,8,available,RDPR1408.dbc,/dissemin/publicos/SIHSUS/200801_/Dados,4985888.0,,2026-09-16T09:42:18.531232+00:00,ok,True
PR,2014,9,available,RDPR1409.dbc,/dissemin/publicos/SIHSUS/200801_/Dados,4980799.0,,2026-09-16T09:42:18.531232+00:00,ok,True
PR,2014,10,available,RDPR1410.dbc,/dissemin/publicos/SIHSUS/200801_/Dados,4947753.0,,2026-09-16T09:42:18.531232+00:00,ok,True
PR,2014,11,available,RDPR1411.dbc,/dissemin/publicos/SIHSUS/200801_/Dados,4869216.0,,2026-09-16T09:42:18.531232+00:00,ok,True
PR,2014,12,available,RDPR1412.dbc,/dissemin/publicos/SIHSUS/200801_/Dados,4511418.0,,2026-09-16T09:42:18.531232+00:00,ok,True
RJ,2014,1,available,RDRJ1401.dbc,/dissemin/publicos/SIHSUS/200801_/Dados,3973282.0,,2026-09-16T09:42:18.531232+00:00,ok,True
RJ,2014,2,available,RDRJ1402.dbc,/dissemin/publicos/SIHSUS/200801_/Dados,3935107.0,,2026-09-16T09:42:18.531232+00:00,ok,True
RJ,2014,3,available,RDRJ1403.dbc,/dissemin/publicos/SIHSUS/200801_/Dados,3842817.0,,2026-09-16T09:42:18.531232+00:00,ok,True
RJ,2014,4,available,RDRJ1404.dbc,/dissemin/publicos/SIHSUS/200801_/Dados,3976579.0,,2026-09-16T09:42:18.531232+00:00,ok,True
RJ,2014,5,available,RDRJ1405.dbc,/dissemin/publicos/SIHSUS/200801_/Dados,4058347.0,,2026-09-16T09:42:18.531232+00:00,ok,True
RJ,2014,6,available,RDRJ1406.dbc,/dissemin/publicos/SIHSUS/200801_/Dados,3906830.0,,2026-09-16T09:42:18.531232+00:00,ok,True
RJ,2014,7,available,RDRJ1407.dbc,/dissemin/publicos/SIHSUS/200801_/Dados,4367909.0,,2026-09-16T09:42:18.531232+00:00,ok,True
RJ,2014,8,available,RDRJ1408.dbc,/dissemin/publicos/SIHSUS/200801_/Dados,4380466.0,,2026-09-16T09:42:18.531232+00:00,ok,True
RJ,2014,9,available,RDRJ1409.dbc,/dissemin/publicos/SIHSUS/200801_/Dados,4398552.0,,2026-09-16T09:42:18.531232+00:00,ok,True
RJ,2014,10,available,RDRJ1410.dbc,/dissemin/publicos/SIHSUS/200801_/Dados,4427703.0,,2026-09-16T09:42:18.531232+00:00,ok,True
RJ,2014,11,available,RDRJ1411.dbc,/dissemin/publicos/SIHSUS/200801_/Dados,4172287.0,,2026-09-16T09:42:18.531232+00:00,ok,True
RJ,2014,12,available,RDRJ1412.dbc,/dissemin/publicos/SIHSUS/200801_/Dados,3881820.0,,2026-09-16T09:42:18.531232+00:00,ok,True
RN,2014,1,available,RDRN1401.dbc,/dissemin/publicos/SIHSUS/200801_/Dados,885852.0,,2026-09-16T09:42:18.531232+00:00,ok,True
RN,2014,2,available,RDRN1402.dbc,/dissemin/publicos/SIHSUS/200801_/Dados,905225.0,,2026-09-16T09:42:18.531232+00:00,ok,True
RN,2014,3,available,RDRN1403.dbc,/dissemin/publicos/SIHSUS/200801_/Dados,953265.0,,2026-09-16T09:42:18.531232+00:00,ok,True
RN,2014,4,available,RDRN1404.dbc,/dissemin/publicos/SIHSUS/200801_/Dados,917156.0,,2026-09-16T09:42:18.531232+00:00,ok,True
RN,2014,5,available,RDRN1405.dbc,/dissemin/publicos/SIHSUS/200801_/Dados,1003806.0,,2026-09-16T09:42:18.531232+00:00,ok,True
RN,2014,6,available,RDRN1406.dbc,/dissemin/publicos/SIHSUS/200801_/Dados,949220.0,,2026-09-16T09:42:18.531232+00:00,ok,True
RN,2014,7,available,RDRN1407.dbc,/dissemin/publicos/SIHSUS/200801_/Dados,986631.0,,2026-09-16T09:42:18.531232+00:00,ok,True
RN,2014,8,available,RDRN1408.dbc,/dissemin/publicos/SIHSUS/200801_/Dados,906034.0,,2026-09-16T09:42:18.531232+00:00,ok,True
RN,2014,9,available,RDRN1409.dbc,/dissemin/publicos/SIHSUS/200801_/Dados,919693.0,,2026-09-16T09:42:18.531232+00:00,ok,True
RN,2014,10,available,RDRN1410.dbc,/dissemin/publicos/SIHSUS/200801_/Dados,978364.0,,2026-09-16T09:42:18.531232+00:00,ok,True
RN,2014,11,available,RDRN1411.dbc,/dissemin/publicos/SIHSUS/200801_/Dados,968411.0,,2026-09-16T09:42:18.531232+00:00,ok,True
RN,2014,12,available,RDRN1412.dbc,/dissemin/publicos/SIHSUS/200801_/Dados,851482.0,,2026-09-16T09:42:18.531232+00:00,ok,True
RO,2014,1,available,RDRO1401.dbc,/dissemin/publicos/SIHSUS/200801_/Dados,615739.0,,2026-09-16T09:42:18.531232+00:00,ok,True
RO,2014,2,available,RDRO1402.dbc,/dissemin/publicos/SIHSUS/200801_/Dados,615464.0,,2026-09-16T09:42:18.531232+00:00,ok,True
RO,2014,3,available,RDRO1403.dbc,/dissemin/publicos/SIHSUS/200801_/Dados,615136.0,,2026-09-16T09:42:18.531232+00:00,ok,True
RO,2014,4,available,RDRO1404.dbc,/dissemin/publicos/SIHSUS/200801_/Dados,666534.0,,2026-09-16T09:42:18.531232+00:00,ok,True
RO,2014,5,available,RDRO1405.dbc,/dissemin/publicos/SIHSUS/200801_/Dados,721735.0,,2026-09-16T09:42:18.531232+00:00,ok,True
RO,2014,6,available,RDRO1406.dbc,/dissemin/publicos/SIHSUS/200801_/Dados,656544.0,,2026-09-16T09:42:18.531232+00:00,ok,True
RO,2014,7,available,RDRO1407.dbc,/dissemin/publicos/SIHSUS/200801_/Dados,642757.0,,2026-09-16T09:42:18.531232+00:00,ok,True
RO,2014,8,available,RDRO1408.dbc,/dissemin/publicos/SIHSUS/200801_/Dados,677044.0,,2026-09-16T09:42:18.531232+00:00,ok,True
RO,2014,9,available,RDRO1409.dbc,/dissemin/publicos/SIHSUS/200801_/Dados,670428.0,,2026-09-16T09:42:18.531232+00:00,ok,True
RO,2014,10,available,RDRO1410.dbc,/dissemin/publicos/SIHSUS/200801_/Dados,633811.0,,2026-09-16T09:42:18.531232+00:00,ok,True
RO,2014,11,available,RDRO1411.dbc,/dissemin/publicos/SIHSUS/200801_/Dados,639383.0,,2026-09-16T09:42:18.531232+00:00,ok,True
RO,2014,12,available,RDRO1412.dbc,/dissemin/publicos/SIHSUS/200801_/Dados,622818.0,,2026-09-16T09:42:18.531232+00:00,ok,True
RR,2014,1,available,RDRR1401.dbc,/dissemin/publicos/SIHSUS/200801_/Dados,192388.0,,2026-09-16T09:42:18.531232+00:00,ok,True
RR,2014,2,available,RDRR1402.dbc,/dissemin/publicos/SIHSUS/200801_/Dados,194733.0,,2026-09-16T09:42:18.531232+00:00,ok,True
RR,2014,3,available,RDRR1403.dbc,/dissemin/publicos/SIHSUS/200801_/Dados,183478.0,,2026-09-16T09:42:18.531232+00:00,ok,True
RR,2014,4,available,RDRR1404.dbc,/dissemin/publicos/SIHSUS/200801_/Dados,159634.0,,2026-09-16T09:42:18.531232+00:00,ok,True
RR,2014,5,available,RDRR1405.dbc,/dissemin/publicos/SIHSUS/200801_/Dados,191214.0,,2026-09-16T09:42:18.531232+00:00,ok,True
RR,2014,6,available,RDRR1406.dbc,/dissemin/publicos/SIHSUS/200801_/Dados,170979.0,,2026-09-16T09:42:18.531232+00:00,ok,True
RR,2014,7,available,RDRR1407.dbc,/dissemin/publicos/SIHSUS/200801_/Dados,199478.0,,2026-09-16T09:42:18.531232+00:00,ok,True
RR,2014,8,available,RDRR1408.dbc,/dissemin/publicos/SIHSUS/200801_/Dados,187453.0,,2026-09-16T09:42:18.531232+00:00,ok,True
RR,2014,9,available,RDRR1409.dbc,/dissemin/publicos/SIHSUS/200801_/Dados,168494.0,,2026-09-16T09:42:18.531232+00:00,ok,True
RR,2014,10,available,RDRR1410.dbc,/dissemin/publicos/SIHSUS/200801_/Dados,177453.0,,2026-09-16T09:42:18.531232+00:00,ok,True
RR,2014,11,available,RDRR1411.dbc,/dissemin/publicos/SIHSUS/200801_/Dados,199596.0,,2026-09-16T09:42:18.531232+00:00,ok,True
RR,2014,12,available,RDRR1412.dbc,/dissemin/publicos/SIHSUS/200801_/Dados,123204.0,,2026-09-16T09:42:18.531232+00:00,ok,True
RS,2014,1,available,RDRS1401.dbc,/dissemin/publicos/SIHSUS/200801_/Dados,4729182.0,,2026-09-16T09:42:18.531232+00:00,ok,True
RS,2014,2,available,RDRS1402.dbc,/dissemin/publicos/SIHSUS/200801_/Dados,4568061.0,,2026-09-16T09:42:18.531232+00:00,ok,True
RS,2014,3,available,RDRS1403.dbc,/dissemin/publicos/SIHSUS/200801_/Dados,4629970.0,,2026-09-16T09:42:18.531232+00:00,ok,True
RS,2014,4,available,RDRS1404.dbc,/dissemin/publicos/SIHSUS/200801_/Dados,4733829.0,,2026-09-16T09:42:18.531232+00:00,ok,True
RS,2014,5,available,RDRS1405.dbc,/dissemin/publicos/SIHSUS/200801_/Dados,4954176.0,,2026-09-16T09:42:18.531232+00:00,ok,True
RS,2014,6,available,RDRS1406.dbc,/dissemin/publicos/SIHSUS/200801_/Dados,4923834.0,,2026-09-16T09:42:18.531232+00:00,ok,True
RS,2014,7,available,RDRS1407.dbc,/dissemin/publicos/SIHSUS/200801_/Dados,5234085.0,,2026-09-16T09:42:18.531232+00:00,ok,True
RS,2014,8,available,RDRS1408.dbc,/dissemin/publicos/SIHSUS/200801_/Dados,4952796.0,,2026-09-16T09:42:18.531232+00:00,ok,True
RS,2014,9,available,RDRS1409.dbc,/dissemin/publicos/SIHSUS/200801_/Dados,5053518.0,,2026-09-16T09:42:18.531232+00:00,ok,True
RS,2014,10,available,RDRS1410.dbc,/dissemin/publicos/SIHSUS/200801_/Dados,5248831.0,,2026-09-16T09:42:18.531232+00:00,ok,True
RS,2014,11,available,RDRS1411.dbc,/dissemin/publicos/SIHSUS/200801_/Dados,4957437.0,,2026-09-16T09:42:18.531232+00:00,ok,True
RS,2014,12,available,RDRS1412.dbc,/dissemin/publicos/SIHSUS/200801_/Dados,4621158.0,,2026-09-16T09:42:18.531232+00:00,ok,True
SC,2014,1,available,RDSC1401.dbc,/dissemin/publicos/SIHSUS/200801_/Dados,2724091.0,,2026-09-16T09:42:18.531232+00:00,ok,True
SC,2014,2,available,RDSC1402.dbc,/dissemin/publicos/SIHSUS/200801_/Dados,2756466.0,,2026-09-16T09:42:18.531232+00:00,ok,True
SC,2014,3,available,RDSC1403.dbc,/dissemin/publicos/SIHSUS/200801_/Dados,2684246.0,,2026-09-16T09:42:18.531232+00:00,ok,True
SC,2014,4,available,RDSC1404.dbc,/dissemin/publicos/SIHSUS/200801_/Dados,2748092.0,,2026-09-16T09:42:18.531232+00:00,ok,True
SC,2014,5,available,RDSC1405.dbc,/dissemin/publicos/SIHSUS/200801_/Dados,2941421.0,,2026-09-16T09:42:18.531232+00:00,ok,True
SC,2014,6,available,RDSC1406.dbc,/dissemin/publicos/SIHSUS/200801_/Dados,2869198.0,,2026-09-16T09:42:18.531232+00:00,ok,True
SC,2014,7,available,RDSC1407.dbc,/dissemin/publicos/SIHSUS/200801_/Dados,2963217.0,,2026-09-16T09:42:18.531232+00:00,ok,True
SC,2014,8,available,RDSC1408.dbc,/dissemin/publicos/SIHSUS/200801_/Dados,3162924.0,,2026-09-16T09:42:18.531232+00:00,ok,True
SC,2014,9,available,RDSC1409.dbc,/dissemin/publicos/SIHSUS/200801_/Dados,3102821.0,,2026-09-16T09:42:18.531232+00:00,ok,True
SC,2014,10,available,RDSC1410.dbc,/dissemin/publicos/SIHSUS/200801_/Dados,3110357.0,,2026-09-16T09:42:18.531232+00:00,ok,True
SC,2014,11,available,RDSC1411.dbc,/dissemin/publicos/SIHSUS/200801_/Dados,2922694.0,,2026-09-16T09:42:18.531232+00:00,ok,True
SC,2014,12,available,RDSC1412.dbc,/dissemin/publicos/SIHSUS/200801_/Dados,2643588.0,,2026-09-16T09:42:18.531232+00:00,ok,True
SE,2014,1,available,RDSE1401.dbc,/dissemin/publicos/SIHSUS/200801_/Dados,484593.0,,2026-09-16T09:42:18.531232+00:00,ok,True
SE,2014,2,available,RDSE1402.dbc,/dissemin/publicos/SIHSUS/200801_/Dados,470981.0,,2026-09-16T09:42:18.531232+00:00,ok,True
SE,2014,3,available,RDSE1403.dbc,/dissemin/publicos/SIHSUS/200801_/Dados,513546.0,,2026-09-16T09:42:18.531232+00:00,ok,True
SE,2014,4,available,RDSE1404.dbc,/dissemin/publicos/SIHSUS/200801_/Dados,494878.0,,2026-09-16T09:42:18.531232+00:00,ok,True
SE,2014,5,available,RDSE1405.dbc,/dissemin/publicos/SIHSUS/200801_/Dados,535397.0,,2026-09-16T09:42:18.531232+00:00,ok,True
SE,2014,6,available,RDSE1406.dbc,/dissemin/publicos/SIHSUS/200801_/Dados,528740.0,,2026-09-16T09:42:18.531232+00:00,ok,True
SE,2014,7,available,RDSE1407.dbc,/dissemin/publicos/SIHSUS/200801_/Dados,515887.0,,2026-09-16T09:42:18.531232+00:00,ok,True
SE,2014,8,available,RDSE1408.dbc,/dissemin/publicos/SIHSUS/200801_/Dados,512775.0,,2026-09-16T09:42:18.531232+00:00,ok,True
SE,2014,9,available,RDSE1409.dbc,/dissemin/publicos/SIHSUS/200801_/Dados,565045.0,,2026-09-16T09:42:18.531232+00:00,ok,True
SE,2014,10,available,RDSE1410.dbc,/dissemin/publicos/SIHSUS/200801_/Dados,534298.0,,2026-09-16T09:42:18.531232+00:00,ok,True
SE,2014,11,available,RDSE1411.dbc,/dissemin/publicos/SIHSUS/200801_/Dados,527390.0,,2026-09-16T09:42:18.531232+00:00,ok,True
SE,2014,12,available,RDSE1412.dbc,/dissemin/publicos/SIHSUS/200801_/Dados,479616.0,,2026-09-16T09:42:18.531232+00:00,ok,True
SP,2014,1,available,RDSP1401.dbc,/dissemin/publicos/SIHSUS/200801_/Dados,15145100.0,,2026-09-16T09:42:18.531232+00:00,ok,True
SP,2014,2,available,RDSP1402.dbc,/dissemin/publicos/SIHSUS/200801_/Dados,14677756.0,,2026-09-16T09:42:18.531232+00:00,ok,True
SP,2014,3,available,RDSP1403.dbc,/dissemin/publicos/SIHSUS/200801_/Dados,14867209.0,,2026-09-16T09:42:18.531232+00:00,ok,True
SP,2014,4,available,RDSP1404.dbc,/dissemin/publicos/SIHSUS/200801_/Dados,14953894.0,,2026-09-16T09:42:18.531232+00:00,ok,True
SP,2014,5,available,RDSP1405.dbc,/dissemin/publicos/SIHSUS/200801_/Dados,16014242.0,,2026-09-16T09:42:18.531232+00:00,ok,True
SP,2014,6,available,RDSP1406.dbc,/dissemin/publicos/SIHSUS/200801_/Dados,15135960.0,,2026-09-16T09:42:18.531232+00:00,ok,True
SP,2014,7,available,RDSP1407.dbc,/dissemin/publicos/SIHSUS/200801_/Dados,16035299.0,,2026-09-16T09:42:18.531232+00:00,ok,True
SP,2014,8,available,RDSP1408.dbc,/dissemin/publicos/SIHSUS/200801_/Dados,16011663.0,,2026-09-16T09:42:18.531232+00:00,ok,True
SP,2014,9,available,RDSP1409.dbc,/dissemin/publicos/SIHSUS/200801_/Dados,15563589.0,,2026-09-16T09:42:18.531232+00:00,ok,True
SP,2014,10,available,RDSP1410.dbc,/dissemin/publicos/SIHSUS/200801_/Dados,15793847.0,,2026-09-16T09:42:18.531232+00:00,ok,True
SP,2014,11,available,RDSP1411.dbc,/dissemin/publicos/SIHSUS/200801_/Dados,15221737.0,,2026-09-16T09:42:18.531232+00:00,ok,True
SP,2014,12,available,RDSP1412.dbc,/dissemin/publicos/SIHSUS/200801_/Dados,14214477.0,,2026-09-16T09:42:18.531232+00:00,ok,True
TO,2014,1,available,RDTO1401.dbc,/dissemin/publicos/SIHSUS/200801_/Dados,642234.0,,2026-09-16T09:42:18.531232+00:00,ok,True
TO,2014,2,available,RDTO1402.dbc,/dissemin/publicos/SIHSUS/200801_/Dados,641308.0,,2026-09-16T09:42:18.531232+00:00,ok,True
TO,2014,3,available,RDTO1403.dbc,/dissemin/publicos/SIHSUS/200801_/Dados,687967.0,,2026-09-16T09:42:18.531232+00:00,ok,True
TO,2014,4,available,RDTO1404.dbc,/dissemin/publicos/SIHSUS/200801_/Dados,629910.0,,2026-09-16T09:42:18.531232+00:00,ok,True
TO,2014,5,available,RDTO1405.dbc,/dissemin/publicos/SIHSUS/200801_/Dados,637501.0,,2026-09-16T09:42:18.531232+00:00,ok,True
TO,2014,6,available,RDTO1406.dbc,/dissemin/publicos/SIHSUS/200801_/Dados,604961.0,,2026-09-16T09:42:18.531232+00:00,ok,True
TO,2014,7,available,RDTO1407.dbc,/dissemin/publicos/SIHSUS/200801_/Dados,623165.0,,2026-09-16T09:42:18.531232+00:00,ok,True
TO,2014,8,available,RDTO1408.dbc,/dissemin/publicos/SIHSUS/200801_/Dados,689279.0,,2026-09-16T09:42:18.531232+00:00,ok,True
TO,2014,9,available,RDTO1409.dbc,/dissemin/publicos/SIHSUS/200801_/Dados,701324.0,,2026-09-16T09:42:18.531232+00:00,ok,True
TO,2014,10,available,RDTO1410.dbc,/dissemin/publicos/SIHSUS/200801_/Dados,690234.0,,2026-09-16T09:42:18.531232+00:00,ok,True
TO,2014,11,available,RDTO1411.dbc,/dissemin/publicos/SIHSUS/200801_/Dados,644407.0,,2026-09-16T09:42:18.531232+00:00,ok,True
TO,2014,12,available,RDTO1412.dbc,/dissemin/publicos/SIHSUS/200801_/Dados,512200.0,,2026-09-16T09:42:18.531232+00:00,ok,True
AC,2015,1,available,RDAC1501.dbc,/dissemin/publicos/SIHSUS/200801_/Dados,316098.0,,2026-09-16T09:42:18.531232+00:00,ok,True
AC,2015,2,available,RDAC1502.dbc,/dissemin/publicos/SIHSUS/200801_/Dados,295182.0,,2026-09-16T09:42:18.531232+00:00,ok,True
AC,2015,3,available,RDAC1503.dbc,/dissemin/publicos/SIHSUS/200801_/Dados,342767.0,,2026-09-16T09:42:18.531232+00:00,ok,True
AC,2015,4,available,RDAC1504.dbc,/dissemin/publicos/SIHSUS/200801_/Dados,285665.0,,2026-09-16T09:42:18.531232+00:00,ok,True
AC,2015,5,available,RDAC1505.dbc,/dissemin/publicos/SIHSUS/200801_/Dados,302445.0,,2026-09-16T09:42:18.531232+00:00,ok,True
AC,2015,6,available,RDAC1506.dbc,/dissemin/publicos/SIHSUS/200801_/Dados,302921.0,,2026-09-16T09:42:18.531232+00:00,ok,True
AC,2015,7,available,RDAC1507.dbc,/dissemin/publicos/SIHSUS/200801_/Dados,288578.0,,2026-09-16T09:42:18.531232+00:00,ok,True
AC,2015,8,available,RDAC1508.dbc,/dissemin/publicos/SIHSUS/200801_/Dados,308032.0,,2026-09-16T09:42:18.531232+00:00,ok,True
AC,2015,9,available,RDAC1509.dbc,/dissemin/publicos/SIHSUS/200801_/Dados,320223.0,,2026-09-16T09:42:18.531232+00:00,ok,True
AC,2015,10,available,RDAC1510.dbc,/dissemin/publicos/SIHSUS/200801_/Dados,306466.0,,2026-09-16T09:42:18.531232+00:00,ok,True
AC,2015,11,available,RDAC1511.dbc,/dissemin/publicos/SIHSUS/200801_/Dados,294883.0,,2026-09-16T09:42:18.531232+00:00,ok,True
AC,2015,12,available,RDAC1512.dbc,/dissemin/publicos/SIHSUS/200801_/Dados,301244.0,,2026-09-16T09:42:18.531232+00:00,ok,True
AL,2015,1,available,RDAL1501.dbc,/dissemin/publicos/SIHSUS/200801_/Dados,946505.0,,2026-09-16T09:42:18.531232+00:00,ok,True
AL,2015,2,available,RDAL1502.dbc,/dissemin/publicos/SIHSUS/200801_/Dados,956348.0,,2026-09-16T09:42:18.531232+00:00,ok,True
AL,2015,3,available,RDAL1503.dbc,/dissemin/publicos/SIHSUS/200801_/Dados,982640.0,,2026-09-16T09:42:18.531232+00:00,ok,True
AL,2015,4,available,RDAL1504.dbc,/dissemin/publicos/SIHSUS/200801_/Dados,968206.0,,2026-09-16T09:42:18.531232+00:00,ok,True
AL,2015,5,available,RDAL1505.dbc,/dissemin/publicos/SIHSUS/200801_/Dados,1067015.0,,2026-09-16T09:42:18.531232+00:00,ok,True
AL,2015,6,available,RDAL1506.dbc,/dissemin/publicos/SIHSUS/200801_/Dados,1013209.0,,2026-09-16T09:42:18.531232+00:00,ok,True
AL,2015,7,available,RDAL1507.dbc,/dissemin/publicos/SIHSUS/200801_/Dados,1164887.0,,2026-09-16T09:42:18.531232+00:00,ok,True
AL,2015,8,available,RDAL1508.dbc,/dissemin/publicos/SIHSUS/200801_/Dados,1068400.0,,2026-09-16T09:42:18.531232+00:00,ok,True
AL,2015,9,available,RDAL1509.dbc,/dissemin/publicos/SIHSUS/200801_/Dados,1061759.0,,2026-09-16T09:42:18.531232+00:00,ok,True
AL,2015,10,available,RDAL1510.dbc,/dissemin/publicos/SIHSUS/200801_/Dados,978480.0,,2026-09-16T09:42:18.531232+00:00,ok,True
AL,2015,11,available,RDAL1511.dbc,/dissemin/publicos/SIHSUS/200801_/Dados,1004083.0,,2026-09-16T09:42:18.531232+00:00,ok,True
AL,2015,12,available,RDAL1512.dbc,/dissemin/publicos/SIHSUS/200801_/Dados,991597.0,,2026-09-16T09:42:18.531232+00:00,ok,True
AM,2015,1,available,RDAM1501.dbc,/dissemin/publicos/SIHSUS/200801_/Dados,871881.0,,2026-09-16T09:42:18.531232+00:00,ok,True
AM,2015,2,available,RDAM1502.dbc,/dissemin/publicos/SIHSUS/200801_/Dados,881303.0,,2026-09-16T09:42:18.531232+00:00,ok,True
AM,2015,3,available,RDAM1503.dbc,/dissemin/publicos/SIHSUS/200801_/Dados,893843.0,,2026-09-16T09:42:18.531232+00:00,ok,True
AM,2015,4,available,RDAM1504.dbc,/dissemin/publicos/SIHSUS/200801_/Dados,910940.0,,2026-09-16T09:42:18.531232+00:00,ok,True
AM,2015,5,available,RDAM1505.dbc,/dissemin/publicos/SIHSUS/200801_/Dados,989524.0,,2026-09-16T09:42:18.531232+00:00,ok,True
AM,2015,6,available,RDAM1506.dbc,/dissemin/publicos/SIHSUS/200801_/Dados,1011542.0,,2026-09-16T09:42:18.531232+00:00,ok,True
AM,2015,7,available,RDAM1507.dbc,/dissemin/publicos/SIHSUS/200801_/Dados,1045677.0,,2026-09-16T09:42:18.531232+00:00,ok,True
AM,2015,8,available,RDAM1508.dbc,/dissemin/publicos/SIHSUS/200801_/Dados,981189.0,,2026-09-16T09:42:18.531232+00:00,ok,True
AM,2015,9,available,RDAM1509.dbc,/dissemin/publicos/SIHSUS/200801_/Dados,968222.0,,2026-09-16T09:42:18.531232+00:00,ok,True
AM,2015,10,available,RDAM1510.dbc,/dissemin/publicos/SIHSUS/200801_/Dados,943705.0,,2026-09-16T09:42:18.531232+00:00,ok,True
AM,2015,11,available,RDAM1511.dbc,/dissemin/publicos/SIHSUS/200801_/Dados,949712.0,,2026-09-16T09:42:18.531232+00:00,ok,True
AM,2015,12,available,RDAM1512.dbc,/dissemin/publicos/SIHSUS/200801_/Dados,854874.0,,2026-09-16T09:42:18.531232+00:00,ok,True
AP,2015,1,available,RDAP1501.dbc,/dissemin/publicos/SIHSUS/200801_/Dados,180281.0,,2026-09-16T09:42:18.531232+00:00,ok,True
AP,2015,2,available,RDAP1502.dbc,/dissemin/publicos/SIHSUS/200801_/Dados,145943.0,,2026-09-16T09:42:18.531232+00:00,ok,True
AP,2015,3,available,RDAP1503.dbc,/dissemin/publicos/SIHSUS/200801_/Dados,186354.0,,2026-09-16T09:42:18.531232+00:00,ok,True
AP,2015,4,available,RDAP1504.dbc,/dissemin/publicos/SIHSUS/200801_/Dados,195915.0,,2026-09-16T09:42:18.531232+00:00,ok,True
AP,2015,5,available,RDAP1505.dbc,/dissemin/publicos/SIHSUS/200801_/Dados,194602.0,,2026-09-16T09:42:18.531232+00:00,ok,True
AP,2015,6,available,RDAP1506.dbc,/dissemin/publicos/SIHSUS/200801_/Dados,203398.0,,2026-09-16T09:42:18.531232+00:00,ok,True
AP,2015,7,available,RDAP1507.dbc,/dissemin/publicos/SIHSUS/200801_/Dados,194873.0,,2026-09-16T09:42:18.531232+00:00,ok,True
AP,2015,8,available,RDAP1508.dbc,/dissemin/publicos/SIHSUS/200801_/Dados,183416.0,,2026-09-16T09:42:18.531232+00:00,ok,True
AP,2015,9,available,RDAP1509.dbc,/dissemin/publicos/SIHSUS/200801_/Dados,205437.0,,2026-09-16T09:42:18.531232+00:00,ok,True
AP,2015,10,available,RDAP1510.dbc,/dissemin/publicos/SIHSUS/200801_/Dados,201774.0,,2026-09-16T09:42:18.531232+00:00,ok,True
AP,2015,11,available,RDAP1511.dbc,/dissemin/publicos/SIHSUS/200801_/Dados,184006.0,,2026-09-16T09:42:18.531232+00:00,ok,True
AP,2015,12,available,RDAP1512.dbc,/dissemin/publicos/SIHSUS/200801_/Dados,181671.0,,2026-09-16T09:42:18.531232+00:00,ok,True
BA,2015,1,available,RDBA1501.dbc,/dissemin/publicos/SIHSUS/200801_/Dados,4824205.0,,2026-09-16T09:42:18.531232+00:00,ok,True
BA,2015,2,available,RDBA1502.dbc,/dissemin/publicos/SIHSUS/200801_/Dados,4471789.0,,2026-09-16T09:42:18.531232+00:00,ok,True
BA,2015,3,available,RDBA1503.dbc,/dissemin/publicos/SIHSUS/200801_/Dados,4996976.0,,2026-09-16T09:42:18.531232+00:00,ok,True
BA,2015,4,available,RDBA1504.dbc,/dissemin/publicos/SIHSUS/200801_/Dados,4788437.0,,2026-09-16T09:42:18.531232+00:00,ok,True
BA,2015,5,available,RDBA1505.dbc,/dissemin/publicos/SIHSUS/200801_/Dados,4974054.0,,2026-09-16T09:42:18.531232+00:00,ok,True
BA,2015,6,available,RDBA1506.dbc,/dissemin/publicos/SIHSUS/200801_/Dados,4800977.0,,2026-09-16T09:42:18.531232+00:00,ok,True
BA,2015,7,available,RDBA1507.dbc,/dissemin/publicos/SIHSUS/200801_/Dados,5066860.0,,2026-09-16T09:42:18.531232+00:00,ok,True
BA,2015,8,available,RDBA1508.dbc,/dissemin/publicos/SIHSUS/200801_/Dados,5210194.0,,2026-09-16T09:42:18.531232+00:00,ok,True
BA,2015,9,available,RDBA1509.dbc,/dissemin/publicos/SIHSUS/200801_/Dados,5140932.0,,2026-09-16T09:42:18.531232+00:00,ok,True
BA,2015,10,available,RDBA1510.dbc,/dissemin/publicos/SIHSUS/200801_/Dados,5166457.0,,2026-09-16T09:42:18.531232+00:00,ok,True
BA,2015,11,available,RDBA1511.dbc,/dissemin/publicos/SIHSUS/200801_/Dados,5031053.0,,2026-09-16T09:42:18.531232+00:00,ok,True
BA,2015,12,available,RDBA1512.dbc,/dissemin/publicos/SIHSUS/200801_/Dados,4635448.0,,2026-09-16T09:42:18.531232+00:00,ok,True
CE,2015,1,available,RDCE1501.dbc,/dissemin/publicos/SIHSUS/200801_/Dados,2715030.0,,2026-09-16T09:42:18.531232+00:00,ok,True
CE,2015,2,available,RDCE1502.dbc,/dissemin/publicos/SIHSUS/200801_/Dados,2590972.0,,2026-09-16T09:42:18.531232+00:00,ok,True
CE,2015,3,available,RDCE1503.dbc,/dissemin/publicos/SIHSUS/200801_/Dados,2832557.0,,2026-09-16T09:42:18.531232+00:00,ok,True
CE,2015,4,available,RDCE1504.dbc,/dissemin/publicos/SIHSUS/200801_/Dados,2841293.0,,2026-09-16T09:42:18.531232+00:00,ok,True
CE,2015,5,available,RDCE1505.dbc,/dissemin/publicos/SIHSUS/200801_/Dados,2938396.0,,2026-09-16T09:42:18.531232+00:00,ok,True
CE,2015,6,available,RDCE1506.dbc,/dissemin/publicos/SIHSUS/200801_/Dados,2867069.0,,2026-09-16T09:42:18.531232+00:00,ok,True
CE,2015,7,available,RDCE1507.dbc,/dissemin/publicos/SIHSUS/200801_/Dados,2925025.0,,2026-09-16T09:42:18.531232+00:00,ok,True
CE,2015,8,available,RDCE1508.dbc,/dissemin/publicos/SIHSUS/200801_/Dados,2925274.0,,2026-09-16T09:42:18.531232+00:00,ok,True
CE,2015,9,available,RDCE1509.dbc,/dissemin/publicos/SIHSUS/200801_/Dados,2938958.0,,2026-09-16T09:42:18.531232+00:00,ok,True
CE,2015,10,available,RDCE1510.dbc,/dissemin/publicos/SIHSUS/200801_/Dados,2842179.0,,2026-09-16T09:42:18.531232+00:00,ok,True
CE,2015,11,available,RDCE1511.dbc,/dissemin/publicos/SIHSUS/200801_/Dados,2813747.0,,2026-09-16T09:42:18.531232+00:00,ok,True
CE,2015,12,available,RDCE1512.dbc,/dissemin/publicos/SIHSUS/200801_/Dados,2662164.0,,2026-09-16T09:42:18.531232+00:00,ok,True
DF,2015,1,available,RDDF1501.dbc,/dissemin/publicos/SIHSUS/200801_/Dados,993631.0,,2026-09-16T09:42:18.531232+00:00,ok,True
DF,2015,2,available,RDDF1502.dbc,/dissemin/publicos/SIHSUS/200801_/Dados,992786.0,,2026-09-16T09:42:18.531232+00:00,ok,True
DF,2015,3,available,RDDF1503.dbc,/dissemin/publicos/SIHSUS/200801_/Dados,1102500.0,,2026-09-16T09:42:18.531232+00:00,ok,True
DF,2015,4,available,RDDF1504.dbc,/dissemin/publicos/SIHSUS/200801_/Dados,1141348.0,,2026-09-16T09:42:18.531232+00:00,ok,True
DF,2015,5,available,RDDF1505.dbc,/dissemin/publicos/SIHSUS/200801_/Dados,1167455.0,,2026-09-16T09:42:18.531232+00:00,ok,True
DF,2015,6,available,RDDF1506.dbc,/dissemin/publicos/SIHSUS/200801_/Dados,1132811.0,,2026-09-16T09:42:18.531232+00:00,ok,True
DF,2015,7,available,RDDF1507.dbc,/dissemin/publicos/SIHSUS/200801_/Dados,1166234.0,,2026-09-16T09:42:18.531232+00:00,ok,True
DF,2015,8,available,RDDF1508.dbc,/dissemin/publicos/SIHSUS/200801_/Dados,1073135.0,,2026-09-16T09:42:18.531232+00:00,ok,True
DF,2015,9,available,RDDF1509.dbc,/dissemin/publicos/SIHSUS/200801_/Dados,994501.0,,2026-09-16T09:42:18.531232+00:00,ok,True
DF,2015,10,available,RDDF1510.dbc,/dissemin/publicos/SIHSUS/200801_/Dados,936810.0,,2026-09-16T09:42:18.531232+00:00,ok,True
DF,2015,11,available,RDDF1511.dbc,/dissemin/publicos/SIHSUS/200801_/Dados,1006342.0,,2026-09-16T09:42:18.531232+00:00,ok,True
DF,2015,12,available,RDDF1512.dbc,/dissemin/publicos/SIHSUS/200801_/Dados,921543.0,,2026-09-16T09:42:18.531232+00:00,ok,True
ES,2015,1,available,RDES1501.dbc,/dissemin/publicos/SIHSUS/200801_/Dados,1430639.0,,2026-09-16T09:42:18.531232+00:00,ok,True
ES,2015,2,available,RDES1502.dbc,/dissemin/publicos/SIHSUS/200801_/Dados,1418203.0,,2026-09-16T09:42:18.531232+00:00,ok,True
ES,2015,3,available,RDES1503.dbc,/dissemin/publicos/SIHSUS/200801_/Dados,1513944.0,,2026-09-16T09:42:18.531232+00:00,ok,True
ES,2015,4,available,RDES1504.dbc,/dissemin/publicos/SIHSUS/200801_/Dados,1467616.0,,2026-09-16T09:42:18.531232+00:00,ok,True
ES,2015,5,available,RDES1505.dbc,/dissemin/publicos/SIHSUS/200801_/Dados,1502861.0,,2026-09-16T09:42:18.531232+00:00,ok,True
ES,2015,6,available,RDES1506.dbc,/dissemin/publicos/SIHSUS/200801_/Dados,1558730.0,,2026-09-16T09:42:18.531232+00:00,ok,True
ES,2015,7,available,RDES1507.dbc,/dissemin/publicos/SIHSUS/200801_/Dados,1600121.0,,2026-09-16T09:42:18.531232+00:00,ok,True
ES,2015,8,available,RDES1508.dbc,/dissemin/publicos/SIHSUS/200801_/Dados,1552163.0,,2026-09-16T09:42:18.531232+00:00,ok,True
ES,2015,9,available,RDES1509.dbc,/dissemin/publicos/SIHSUS/200801_/Dados,1426920.0,,2026-09-16T09:42:18.531232+00:00,ok,True
ES,2015,10,available,RDES1510.dbc,/dissemin/publicos/SIHSUS/200801_/Dados,1484210.0,,2026-09-16T09:42:18.531232+00:00,ok,True
ES,2015,11,available,RDES1511.dbc,/dissemin/publicos/SIHSUS/200801_/Dados,1540567.0,,2026-09-16T09:42:18.531232+00:00,ok,True
ES,2015,12,available,RDES1512.dbc,/dissemin/publicos/SIHSUS/200801_/Dados,1379398.0,,2026-09-16T09:42:18.531232+00:00,ok,True
GO,2015,1,available,RDGO1501.dbc,/dissemin/publicos/SIHSUS/200801_/Dados,2118215.0,,2026-09-16T09:42:18.531232+00:00,ok,True
GO,2015,2,available,RDGO1502.dbc,/dissemin/publicos/SIHSUS/200801_/Dados,2023292.0,,2026-09-16T09:42:18.531232+00:00,ok,True
GO,2015,3,available,RDGO1503.dbc,/dissemin/publicos/SIHSUS/200801_/Dados,2302347.0,,2026-09-16T09:42:18.531232+00:00,ok,True
GO,2015,4,available,RDGO1504.dbc,/dissemin/publicos/SIHSUS/200801_/Dados,2207859.0,,2026-09-16T09:42:18.531232+00:00,ok,True
GO,2015,5,available,RDGO1505.dbc,/dissemin/publicos/SIHSUS/200801_/Dados,2246571.0,,2026-09-16T09:42:18.531232+00:00,ok,True
GO,2015,6,available,RDGO1506.dbc,/dissemin/publicos/SIHSUS/200801_/Dados,2204148.0,,2026-09-16T09:42:18.531232+00:00,ok,True
GO,2015,7,available,RDGO1507.dbc,/dissemin/publicos/SIHSUS/200801_/Dados,2138291.0,,2026-09-16T09:42:18.531232+00:00,ok,True
GO,2015,8,available,RDGO1508.dbc,/dissemin/publicos/SIHSUS/200801_/Dados,2111688.0,,2026-09-16T09:42:18.531232+00:00,ok,True
GO,2015,9,available,RDGO1509.dbc,/dissemin/publicos/SIHSUS/200801_/Dados,2107515.0,,2026-09-16T09:42:18.531232+00:00,ok,True
GO,2015,10,available,RDGO1510.dbc,/dissemin/publicos/SIHSUS/200801_/Dados,2095646.0,,2026-09-16T09:42:18.531232+00:00,ok,True
GO,2015,11,available,RDGO1511.dbc,/dissemin/publicos/SIHSUS/200801_/Dados,2114221.0,,2026-09-16T09:42:18.531232+00:00,ok,True
GO,2015,12,available,RDGO1512.dbc,/dissemin/publicos/SIHSUS/200801_/Dados,1974200.0,,2026-09-16T09:42:18.531232+00:00,ok,True
MA,2015,1,available,RDMA1501.dbc,/dissemin/publicos/SIHSUS/200801_/Dados,2138561.0,,2026-09-16T09:42:18.531232+00:00,ok,True
MA,2015,2,available,RDMA1502.dbc,/dissemin/publicos/SIHSUS/200801_/Dados,2211019.0,,2026-09-16T09:42:18.531232+00:00,ok,True
MA,2015,3,available,RDMA1503.dbc,/dissemin/publicos/SIHSUS/200801_/Dados,2461379.0,,2026-09-16T09:42:18.531232+00:00,ok,True
MA,2015,4,available,RDMA1504.dbc,/dissemin/publicos/SIHSUS/200801_/Dados,2371121.0,,2026-09-16T09:42:18.531232+00:00,ok,True
MA,2015,5,available,RDMA1505.dbc,/dissemin/publicos/SIHSUS/200801_/Dados,2448689.0,,2026-09-16T09:42:18.531232+00:00,ok,True
MA,2015,6,available,RDMA1506.dbc,/dissemin/publicos/SIHSUS/200801_/Dados,2409251.0,,2026-09-16T09:42:18.531232+00:00,ok,True
MA,2015,7,available,RDMA1507.dbc,/dissemin/publicos/SIHSUS/200801_/Dados,2423776.0,,2026-09-16T09:42:18.531232+00:00,ok,True
MA,2015,8,available,RDMA1508.dbc,/dissemin/publicos/SIHSUS/200801_/Dados,2407841.0,,2026-09-16T09:42:18.531232+00:00,ok,True
MA,2015,9,available,RDMA1509.dbc,/dissemin/publicos/SIHSUS/200801_/Dados,2382280.0,,2026-09-16T09:42:18.531232+00:00,ok,True
MA,2015,10,available,RDMA1510.dbc,/dissemin/publicos/SIHSUS/200801_/Dados,2383505.0,,2026-09-16T09:42:18.531232+00:00,ok,True
MA,2015,11,available,RDMA1511.dbc,/dissemin/publicos/SIHSUS/200801_/Dados,2310877.0,,2026-09-16T09:42:18.531232+00:00,ok,True
MA,2015,12,available,RDMA1512.dbc,/dissemin/publicos/SIHSUS/200801_/Dados,2283873.0,,2026-09-16T09:42:18.531232+00:00,ok,True
MG,2015,1,available,RDMG1501.dbc,/dissemin/publicos/SIHSUS/200801_/Dados,7798915.0,,2026-09-16T09:42:18.531232+00:00,ok,True
MG,2015,2,available,RDMG1502.dbc,/dissemin/publicos/SIHSUS/200801_/Dados,7551575.0,,2026-09-16T09:42:18.531232+00:00,ok,True
MG,2015,3,available,RDMG1503.dbc,/dissemin/publicos/SIHSUS/200801_/Dados,8057415.0,,2026-09-16T09:42:18.531232+00:00,ok,True
MG,2015,4,available,RDMG1504.dbc,/dissemin/publicos/SIHSUS/200801_/Dados,8043371.0,,2026-09-16T09:42:18.531232+00:00,ok,True
MG,2015,5,available,RDMG1505.dbc,/dissemin/publicos/SIHSUS/200801_/Dados,8308147.0,,2026-09-16T09:42:18.531232+00:00,ok,True
MG,2015,6,available,RDMG1506.dbc,/dissemin/publicos/SIHSUS/200801_/Dados,8157788.0,,2026-09-16T09:42:18.531232+00:00,ok,True
MG,2015,7,available,RDMG1507.dbc,/dissemin/publicos/SIHSUS/200801_/Dados,8106342.0,,2026-09-16T09:42:18.531232+00:00,ok,True
MG,2015,8,available,RDMG1508.dbc,/dissemin/publicos/SIHSUS/200801_/Dados,7771783.0,,2026-09-16T09:42:18.531232+00:00,ok,True
MG,2015,9,available,RDMG1509.dbc,/dissemin/publicos/SIHSUS/200801_/Dados,8022017.0,,2026-09-16T09:42:18.531232+00:00,ok,True
MG,2015,10,available,RDMG1510.dbc,/dissemin/publicos/SIHSUS/200801_/Dados,7813864.0,,2026-09-16T09:42:18.531232+00:00,ok,True
MG,2015,11,available,RDMG1511.dbc,/dissemin/publicos/SIHSUS/200801_/Dados,7707644.0,,2026-09-16T09:42:18.531232+00:00,ok,True
MG,2015,12,available,RDMG1512.dbc,/dissemin/publicos/SIHSUS/200801_/Dados,7540705.0,,2026-09-16T09:42:18.531232+00:00,ok,True
MS,2015,1,available,RDMS1501.dbc,/dissemin/publicos/SIHSUS/200801_/Dados,994993.0,,2026-09-16T09:42:18.531232+00:00,ok,True
MS,2015,2,available,RDMS1502.dbc,/dissemin/publicos/SIHSUS/200801_/Dados,1041129.0,,2026-09-16T09:42:18.531232+00:00,ok,True
MS,2015,3,available,RDMS1503.dbc,/dissemin/publicos/SIHSUS/200801_/Dados,1049438.0,,2026-09-16T09:42:18.531232+00:00,ok,True
MS,2015,4,available,RDMS1504.dbc,/dissemin/publicos/SIHSUS/200801_/Dados,1081508.0,,2026-09-16T09:42:18.531232+00:00,ok,True
MS,2015,5,available,RDMS1505.dbc,/dissemin/publicos/SIHSUS/200801_/Dados,1093131.0,,2026-09-16T09:42:18.531232+00:00,ok,True
MS,2015,6,available,RDMS1506.dbc,/dissemin/publicos/SIHSUS/200801_/Dados,1066247.0,,2026-09-16T09:42:18.531232+00:00,ok,True
MS,2015,7,available,RDMS1507.dbc,/dissemin/publicos/SIHSUS/200801_/Dados,1073321.0,,2026-09-16T09:42:18.531232+00:00,ok,True
MS,2015,8,available,RDMS1508.dbc,/dissemin/publicos/SIHSUS/200801_/Dados,1051738.0,,2026-09-16T09:42:18.531232+00:00,ok,True
MS,2015,9,available,RDMS1509.dbc,/dissemin/publicos/SIHSUS/200801_/Dados,1058257.0,,2026-09-16T09:42:18.531232+00:00,ok,True
MS,2015,10,available,RDMS1510.dbc,/dissemin/publicos/SIHSUS/200801_/Dados,1032553.0,,2026-09-16T09:42:18.531232+00:00,ok,True
MS,2015,11,available,RDMS1511.dbc,/dissemin/publicos/SIHSUS/200801_/Dados,990652.0,,2026-09-16T09:42:18.531232+00:00,ok,True
MS,2015,12,available,RDMS1512.dbc,/dissemin/publicos/SIHSUS/200801_/Dados,916685.0,,2026-09-16T09:42:18.531232+00:00,ok,True
MT,2015,1,available,RDMT1501.dbc,/dissemin/publicos/SIHSUS/200801_/Dados,1066192.0,,2026-09-16T09:42:18.531232+00:00,ok,True
MT,2015,2,available,RDMT1502.dbc,/dissemin/publicos/SIHSUS/200801_/Dados,1102121.0,,2026-09-16T09:42:18.531232+00:00,ok,True
MT,2015,3,available,RDMT1503.dbc,/dissemin/publicos/SIHSUS/200801_/Dados,1149609.0,,2026-09-16T09:42:18.531232+00:00,ok,True
MT,2015,4,available,RDMT1504.dbc,/dissemin/publicos/SIHSUS/200801_/Dados,1159234.0,,2026-09-16T09:42:18.531232+00:00,ok,True
MT,2015,5,available,RDMT1505.dbc,/dissemin/publicos/SIHSUS/200801_/Dados,1206650.0,,2026-09-16T09:42:18.531232+00:00,ok,True
MT,2015,6,available,RDMT1506.dbc,/dissemin/publicos/SIHSUS/200801_/Dados,1184683.0,,2026-09-16T09:42:18.531232+00:00,ok,True
MT,2015,7,available,RDMT1507.dbc,/dissemin/publicos/SIHSUS/200801_/Dados,1183335.0,,2026-09-16T09:42:18.531232+00:00,ok,True
MT,2015,8,available,RDMT1508.dbc,/dissemin/publicos/SIHSUS/200801_/Dados,1143792.0,,2026-09-16T09:42:18.531232+00:00,ok,True
MT,2015,9,available,RDMT1509.dbc,/dissemin/publicos/SIHSUS/200801_/Dados,1187828.0,,2026-09-16T09:42:18.531232+00:00,ok,True
MT,2015,10,available,RDMT1510.dbc,/dissemin/publicos/SIHSUS/200801_/Dados,1177161.0,,2026-09-16T09:42:18.531232+00:00,ok,True
MT,2015,11,available,RDMT1511.dbc,/dissemin/publicos/SIHSUS/200801_/Dados,1139821.0,,2026-09-16T09:42:18.531232+00:00,ok,True
MT,2015,12,available,RDMT1512.dbc,/dissemin/publicos/SIHSUS/200801_/Dados,1134932.0,,2026-09-16T09:42:18.531232+00:00,ok,True
PA,2015,1,available,RDPA1501.dbc,/dissemin/publicos/SIHSUS/200801_/Dados,2527551.0,,2026-09-16T09:42:18.531232+00:00,ok,True
PA,2015,2,available,RDPA1502.dbc,/dissemin/publicos/SIHSUS/200801_/Dados,2509489.0,,2026-09-16T09:42:18.531232+00:00,ok,True
PA,2015,3,available,RDPA1503.dbc,/dissemin/publicos/SIHSUS/200801_/Dados,2563921.0,,2026-09-16T09:42:18.531232+00:00,ok,True
PA,2015,4,available,RDPA1504.dbc,/dissemin/publicos/SIHSUS/200801_/Dados,2618686.0,,2026-09-16T09:42:18.531232+00:00,ok,True
PA,2015,5,available,RDPA1505.dbc,/dissemin/publicos/SIHSUS/200801_/Dados,2630541.0,,2026-09-16T09:42:18.531232+00:00,ok,True
PA,2015,6,available,RDPA1506.dbc,/dissemin/publicos/SIHSUS/200801_/Dados,2602870.0,,2026-09-16T09:42:18.531232+00:00,ok,True
PA,2015,7,available,RDPA1507.dbc,/dissemin/publicos/SIHSUS/200801_/Dados,2597388.0,,2026-09-16T09:42:18.531232+00:00,ok,True
PA,2015,8,available,RDPA1508.dbc,/dissemin/publicos/SIHSUS/200801_/Dados,2651436.0,,2026-09-16T09:42:18.531232+00:00,ok,True
PA,2015,9,available,RDPA1509.dbc,/dissemin/publicos/SIHSUS/200801_/Dados,2558307.0,,2026-09-16T09:42:18.531232+00:00,ok,True
PA,2015,10,available,RDPA1510.dbc,/dissemin/publicos/SIHSUS/200801_/Dados,2537056.0,,2026-09-16T09:42:18.531232+00:00,ok,True
PA,2015,11,available,RDPA1511.dbc,/dissemin/publicos/SIHSUS/200801_/Dados,2401971.0,,2026-09-16T09:42:18.531232+00:00,ok,True
PA,2015,12,available,RDPA1512.dbc,/dissemin/publicos/SIHSUS/200801_/Dados,2385342.0,,2026-09-16T09:42:18.531232+00:00,ok,True
PB,2015,1,available,RDPB1501.dbc,/dissemin/publicos/SIHSUS/200801_/Dados,1092928.0,,2026-09-16T09:42:18.531232+00:00,ok,True
PB,2015,2,available,RDPB1502.dbc,/dissemin/publicos/SIHSUS/200801_/Dados,1038012.0,,2026-09-16T09:42:18.531232+00:00,ok,True
PB,2015,3,available,RDPB1503.dbc,/dissemin/publicos/SIHSUS/200801_/Dados,1153318.0,,2026-09-16T09:42:18.531232+00:00,ok,True
PB,2015,4,available,RDPB1504.dbc,/dissemin/publicos/SIHSUS/200801_/Dados,1122730.0,,2026-09-16T09:42:18.531232+00:00,ok,True
PB,2015,5,available,RDPB1505.dbc,/dissemin/publicos/SIHSUS/200801_/Dados,1122750.0,,2026-09-16T09:42:18.531232+00:00,ok,True
PB,2015,6,available,RDPB1506.dbc,/dissemin/publicos/SIHSUS/200801_/Dados,1152018.0,,2026-09-16T09:42:18.531232+00:00,ok,True
PB,2015,7,available,RDPB1507.dbc,/dissemin/publicos/SIHSUS/200801_/Dados,1187093.0,,2026-09-16T09:42:18.531232+00:00,ok,True
PB,2015,8,available,RDPB1508.dbc,/dissemin/publicos/SIHSUS/200801_/Dados,1162778.0,,2026-09-16T09:42:18.531232+00:00,ok,True
PB,2015,9,available,RDPB1509.dbc,/dissemin/publicos/SIHSUS/200801_/Dados,1140547.0,,2026-09-16T09:42:18.531232+00:00,ok,True
PB,2015,10,available,RDPB1510.dbc,/dissemin/publicos/SIHSUS/200801_/Dados,1110416.0,,2026-09-16T09:42:18.531232+00:00,ok,True
PB,2015,11,available,RDPB1511.dbc,/dissemin/publicos/SIHSUS/200801_/Dados,1020974.0,,2026-09-16T09:42:18.531232+00:00,ok,True
PB,2015,12,available,RDPB1512.dbc,/dissemin/publicos/SIHSUS/200801_/Dados,1011358.0,,2026-09-16T09:42:18.531232+00:00,ok,True
PE,2015,1,available,RDPE1501.dbc,/dissemin/publicos/SIHSUS/200801_/Dados,3122372.0,,2026-09-16T09:42:18.531232+00:00,ok,True
PE,2015,2,available,RDPE1502.dbc,/dissemin/publicos/SIHSUS/200801_/Dados,3006934.0,,2026-09-16T09:42:18.531232+00:00,ok,True
PE,2015,3,available,RDPE1503.dbc,/dissemin/publicos/SIHSUS/200801_/Dados,3312192.0,,2026-09-16T09:42:18.531232+00:00,ok,True
PE,2015,4,available,RDPE1504.dbc,/dissemin/publicos/SIHSUS/200801_/Dados,3317263.0,,2026-09-16T09:42:18.531232+00:00,ok,True
PE,2015,5,available,RDPE1505.dbc,/dissemin/publicos/SIHSUS/200801_/Dados,3384397.0,,2026-09-16T09:42:18.531232+00:00,ok,True
PE,2015,6,available,RDPE1506.dbc,/dissemin/publicos/SIHSUS/200801_/Dados,3372778.0,,2026-09-16T09:42:18.531232+00:00,ok,True
PE,2015,7,available,RDPE1507.dbc,/dissemin/publicos/SIHSUS/200801_/Dados,3269421.0,,2026-09-16T09:42:18.531232+00:00,ok,True
PE,2015,8,available,RDPE1508.dbc,/dissemin/publicos/SIHSUS/200801_/Dados,3298973.0,,2026-09-16T09:42:18.531232+00:00,ok,True
PE,2015,9,available,RDPE1509.dbc,/dissemin/publicos/SIHSUS/200801_/Dados,3187160.0,,2026-09-16T09:42:18.531232+00:00,ok,True
PE,2015,10,available,RDPE1510.dbc,/dissemin/publicos/SIHSUS/200801_/Dados,3175668.0,,2026-09-16T09:42:18.531232+00:00,ok,True
PE,2015,11,available,RDPE1511.dbc,/dissemin/publicos/SIHSUS/200801_/Dados,3201431.0,,2026-09-16T09:42:18.531232+00:00,ok,True
PE,2015,12,available,RDPE1512.dbc,/dissemin/publicos/SIHSUS/200801_/Dados,3067815.0,,2026-09-16T09:42:18.531232+00:00,ok,True
PI,2015,1,available,RDPI1501.dbc,/dissemin/publicos/SIHSUS/200801_/Dados,1149292.0,,2026-09-16T09:42:18.531232+00:00,ok,True
PI,2015,2,available,RDPI1502.dbc,/dissemin/publicos/SIHSUS/200801_/Dados,1144884.0,,2026-09-16T09:42:18.531232+00:00,ok,True
PI,2015,3,available,RDPI1503.dbc,/dissemin/publicos/SIHSUS/200801_/Dados,1205904.0,,2026-09-16T09:42:18.531232+00:00,ok,True
PI,2015,4,available,RDPI1504.dbc,/dissemin/publicos/SIHSUS/200801_/Dados,1239041.0,,2026-09-16T09:42:18.531232+00:00,ok,True
PI,2015,5,available,RDPI1505.dbc,/dissemin/publicos/SIHSUS/200801_/Dados,1297684.0,,2026-09-16T09:42:18.531232+00:00,ok,True
PI,2015,6,available,RDPI1506.dbc,/dissemin/publicos/SIHSUS/200801_/Dados,1221882.0,,2026-09-16T09:42:18.531232+00:00,ok,True
PI,2015,7,available,RDPI1507.dbc,/dissemin/publicos/SIHSUS/200801_/Dados,1199716.0,,2026-09-16T09:42:18.531232+00:00,ok,True
PI,2015,8,available,RDPI1508.dbc,/dissemin/publicos/SIHSUS/200801_/Dados,1247005.0,,2026-09-16T09:42:18.531232+00:00,ok,True
PI,2015,9,available,RDPI1509.dbc,/dissemin/publicos/SIHSUS/200801_/Dados,1222165.0,,2026-09-16T09:42:18.531232+00:00,ok,True
PI,2015,10,available,RDPI1510.dbc,/dissemin/publicos/SIHSUS/200801_/Dados,1297645.0,,2026-09-16T09:42:18.531232+00:00,ok,True
PI,2015,11,available,RDPI1511.dbc,/dissemin/publicos/SIHSUS/200801_/Dados,1326715.0,,2026-09-16T09:42:18.531232+00:00,ok,True
PI,2015,12,available,RDPI1512.dbc,/dissemin/publicos/SIHSUS/200801_/Dados,1226844.0,,2026-09-16T09:42:18.531232+00:00,ok,True
PR,2015,1,available,RDPR1501.dbc,/dissemin/publicos/SIHSUS/200801_/Dados,4666853.0,,2026-09-16T09:42:18.531232+00:00,ok,True
PR,2015,2,available,RDPR1502.dbc,/dissemin/publicos/SIHSUS/200801_/Dados,4648138.0,,2026-09-16T09:42:18.531232+00:00,ok,True
PR,2015,3,available,RDPR1503.dbc,/dissemin/publicos/SIHSUS/200801_/Dados,4877020.0,,2026-09-16T09:42:18.531232+00:00,ok,True
PR,2015,4,available,RDPR1504.dbc,/dissemin/publicos/SIHSUS/200801_/Dados,4914510.0,,2026-09-16T09:42:18.531232+00:00,ok,True
PR,2015,5,available,RDPR1505.dbc,/dissemin/publicos/SIHSUS/200801_/Dados,5065287.0,,2026-09-16T09:42:18.531232+00:00,ok,True
PR,2015,6,available,RDPR1506.dbc,/dissemin/publicos/SIHSUS/200801_/Dados,5009194.0,,2026-09-16T09:42:18.531232+00:00,ok,True
PR,2015,7,available,RDPR1507.dbc,/dissemin/publicos/SIHSUS/200801_/Dados,5072499.0,,2026-09-16T09:42:18.531232+00:00,ok,True
PR,2015,8,available,RDPR1508.dbc,/dissemin/publicos/SIHSUS/200801_/Dados,4943839.0,,2026-09-16T09:42:18.531232+00:00,ok,True
PR,2015,9,available,RDPR1509.dbc,/dissemin/publicos/SIHSUS/200801_/Dados,4925613.0,,2026-09-16T09:42:18.531232+00:00,ok,True
PR,2015,10,available,RDPR1510.dbc,/dissemin/publicos/SIHSUS/200801_/Dados,4877283.0,,2026-09-16T09:42:18.531232+00:00,ok,True
PR,2015,11,available,RDPR1511.dbc,/dissemin/publicos/SIHSUS/200801_/Dados,4935010.0,,2026-09-16T09:42:18.531232+00:00,ok,True
PR,2015,12,available,RDPR1512.dbc,/dissemin/publicos/SIHSUS/200801_/Dados,4809719.0,,2026-09-16T09:42:18.531232+00:00,ok,True
RJ,2015,1,available,RDRJ1501.dbc,/dissemin/publicos/SIHSUS/200801_/Dados,4154031.0,,2026-09-16T09:42:18.531232+00:00,ok,True
RJ,2015,2,available,RDRJ1502.dbc,/dissemin/publicos/SIHSUS/200801_/Dados,3984397.0,,2026-09-16T09:42:18.531232+00:00,ok,True
RJ,2015,3,available,RDRJ1503.dbc,/dissemin/publicos/SIHSUS/200801_/Dados,4507722.0,,2026-09-16T09:42:18.531232+00:00,ok,True
RJ,2015,4,available,RDRJ1504.dbc,/dissemin/publicos/SIHSUS/200801_/Dados,4537788.0,,2026-09-16T09:42:18.531232+00:00,ok,True
RJ,2015,5,available,RDRJ1505.dbc,/dissemin/publicos/SIHSUS/200801_/Dados,4489305.0,,2026-09-16T09:42:18.531232+00:00,ok,True
RJ,2015,6,available,RDRJ1506.dbc,/dissemin/publicos/SIHSUS/200801_/Dados,4472757.0,,2026-09-16T09:42:18.531232+00:00,ok,True
RJ,2015,7,available,RDRJ1507.dbc,/dissemin/publicos/SIHSUS/200801_/Dados,4701652.0,,2026-09-16T09:42:18.531232+00:00,ok,True
RJ,2015,8,available,RDRJ1508.dbc,/dissemin/publicos/SIHSUS/200801_/Dados,4517633.0,,2026-09-16T09:42:18.531232+00:00,ok,True
RJ,2015,9,available,RDRJ1509.dbc,/dissemin/publicos/SIHSUS/200801_/Dados,4357324.0,,2026-09-16T09:42:18.531232+00:00,ok,True
RJ,2015,10,available,RDRJ1510.dbc,/dissemin/publicos/SIHSUS/200801_/Dados,4441898.0,,2026-09-16T09:42:18.531232+00:00,ok,True
RJ,2015,11,available,RDRJ1511.dbc,/dissemin/publicos/SIHSUS/200801_/Dados,4283692.0,,2026-09-16T09:42:18.531232+00:00,ok,True
RJ,2015,12,available,RDRJ1512.dbc,/dissemin/publicos/SIHSUS/200801_/Dados,4139278.0,,2026-09-16T09:42:18.531232+00:00,ok,True
RN,2015,1,available,RDRN1501.dbc,/dissemin/publicos/SIHSUS/200801_/Dados,896805.0,,2026-09-16T09:42:18.531232+00:00,ok,True
RN,2015,2,available,RDRN1502.dbc,/dissemin/publicos/SIHSUS/200801_/Dados,834254.0,,2026-09-16T09:42:18.531232+00:00,ok,True
RN,2015,3,available,RDRN1503.dbc,/dissemin/publicos/SIHSUS/200801_/Dados,974768.0,,2026-09-16T09:42:18.531232+00:00,ok,True
RN,2015,4,available,RDRN1504.dbc,/dissemin/publicos/SIHSUS/200801_/Dados,947911.0,,2026-09-16T09:42:18.531232+00:00,ok,True
RN,2015,5,available,RDRN1505.dbc,/dissemin/publicos/SIHSUS/200801_/Dados,997216.0,,2026-09-16T09:42:18.531232+00:00,ok,True
RN,2015,6,available,RDRN1506.dbc,/dissemin/publicos/SIHSUS/200801_/Dados,987509.0,,2026-09-16T09:42:18.531232+00:00,ok,True
RN,2015,7,available,RDRN1507.dbc,/dissemin/publicos/SIHSUS/200801_/Dados,1054106.0,,2026-09-16T09:42:18.531232+00:00,ok,True
RN,2015,8,available,RDRN1508.dbc,/dissemin/publicos/SIHSUS/200801_/Dados,1017073.0,,2026-09-16T09:42:18.531232+00:00,ok,True
RN,2015,9,available,RDRN1509.dbc,/dissemin/publicos/SIHSUS/200801_/Dados,1024043.0,,2026-09-16T09:42:18.531232+00:00,ok,True
RN,2015,10,available,RDRN1510.dbc,/dissemin/publicos/SIHSUS/200801_/Dados,1039725.0,,2026-09-16T09:42:18.531232+00:00,ok,True
RN,2015,11,available,RDRN1511.dbc,/dissemin/publicos/SIHSUS/200801_/Dados,979288.0,,2026-09-16T09:42:18.531232+00:00,ok,True
RN,2015,12,available,RDRN1512.dbc,/dissemin/publicos/SIHSUS/200801_/Dados,870610.0,,2026-09-16T09:42:18.531232+00:00,ok,True
RO,2015,1,available,RDRO1501.dbc,/dissemin/publicos/SIHSUS/200801_/Dados,652127.0,,2026-09-16T09:42:18.531232+00:00,ok,True
RO,2015,2,available,RDRO1502.dbc,/dissemin/publicos/SIHSUS/200801_/Dados,604048.0,,2026-09-16T09:42:18.531232+00:00,ok,True
RO,2015,3,available,RDRO1503.dbc,/dissemin/publicos/SIHSUS/200801_/Dados,610235.0,,2026-09-16T09:42:18.531232+00:00,ok,True
RO,2015,4,available,RDRO1504.dbc,/dissemin/publicos/SIHSUS/200801_/Dados,595334.0,,2026-09-16T09:42:18.531232+00:00,ok,True
RO,2015,5,available,RDRO1505.dbc,/dissemin/publicos/SIHSUS/200801_/Dados,674847.0,,2026-09-16T09:42:18.531232+00:00,ok,True
RO,2015,6,available,RDRO1506.dbc,/dissemin/publicos/SIHSUS/200801_/Dados,656346.0,,2026-09-16T09:42:18.531232+00:00,ok,True
RO,2015,7,available,RDRO1507.dbc,/dissemin/publicos/SIHSUS/200801_/Dados,686670.0,,2026-09-16T09:42:18.531232+00:00,ok,True
RO,2015,8,available,RDRO1508.dbc,/dissemin/publicos/SIHSUS/200801_/Dados,626118.0,,2026-09-16T09:42:18.531232+00:00,ok,True
RO,2015,9,available,RDRO1509.dbc,/dissemin/publicos/SIHSUS/200801_/Dados,617327.0,,2026-09-16T09:42:18.531232+00:00,ok,True
RO,2015,10,available,RDRO1510.dbc,/dissemin/publicos/SIHSUS/200801_/Dados,634620.0,,2026-09-16T09:42:18.531232+00:00,ok,True
RO,2015,11,available,RDRO1511.dbc,/dissemin/publicos/SIHSUS/200801_/Dados,613287.0,,2026-09-16T09:42:18.531232+00:00,ok,True
RO,2015,12,available,RDRO1512.dbc,/dissemin/publicos/SIHSUS/200801_/Dados,565865.0,,2026-09-16T09:42:18.531232+00:00,ok,True
RR,2015,1,available,RDRR1501.dbc,/dissemin/publicos/SIHSUS/200801_/Dados,196730.0,,2026-09-16T09:42:18.531232+00:00,ok,True
RR,2015,2,available,RDRR1502.dbc,/dissemin/publicos/SIHSUS/200801_/Dados,212907.0,,2026-09-16T09:42:18.531232+00:00,ok,True
RR,2015,3,available,RDRR1503.dbc,/dissemin/publicos/SIHSUS/200801_/Dados,186027.0,,2026-09-16T09:42:18.531232+00:00,ok,True
RR,2015,4,available,RDRR1504.dbc,/dissemin/publicos/SIHSUS/200801_/Dados,238477.0,,2026-09-16T09:42:18.531232+00:00,ok,True
RR,2015,5,available,RDRR1505.dbc,/dissemin/publicos/SIHSUS/200801_/Dados,200412.0,,2026-09-16T09:42:18.531232+00:00,ok,True
RR,2015,6,available,RDRR1506.dbc,/dissemin/publicos/SIHSUS/200801_/Dados,179515.0,,2026-09-16T09:42:18.531232+00:00,ok,True
RR,2015,7,available,RDRR1507.dbc,/dissemin/publicos/SIHSUS/200801_/Dados,230058.0,,2026-09-16T09:42:18.531232+00:00,ok,True
RR,2015,8,available,RDRR1508.dbc,/dissemin/publicos/SIHSUS/200801_/Dados,248108.0,,2026-09-16T09:42:18.531232+00:00,ok,True
RR,2015,9,available,RDRR1509.dbc,/dissemin/publicos/SIHSUS/200801_/Dados,219242.0,,2026-09-16T09:42:18.531232+00:00,ok,True
RR,2015,10,available,RDRR1510.dbc,/dissemin/publicos/SIHSUS/200801_/Dados,228697.0,,2026-09-16T09:42:18.531232+00:00,ok,True
RR,2015,11,available,RDRR1511.dbc,/dissemin/publicos/SIHSUS/200801_/Dados,196766.0,,2026-09-16T09:42:18.531232+00:00,ok,True
RR,2015,12,available,RDRR1512.dbc,/dissemin/publicos/SIHSUS/200801_/Dados,175984.0,,2026-09-16T09:42:18.531232+00:00,ok,True
RS,2015,1,available,RDRS1501.dbc,/dissemin/publicos/SIHSUS/200801_/Dados,4753393.0,,2026-09-16T09:42:18.531232+00:00,ok,True
RS,2015,2,available,RDRS1502.dbc,/dissemin/publicos/SIHSUS/200801_/Dados,4580691.0,,2026-09-16T09:42:18.531232+00:00,ok,True
RS,2015,3,available,RDRS1503.dbc,/dissemin/publicos/SIHSUS/200801_/Dados,5104989.0,,2026-09-16T09:42:18.531232+00:00,ok,True
RS,2015,4,available,RDRS1504.dbc,/dissemin/publicos/SIHSUS/200801_/Dados,5031434.0,,2026-09-16T09:42:18.531232+00:00,ok,True
RS,2015,5,available,RDRS1505.dbc,/dissemin/publicos/SIHSUS/200801_/Dados,5066789.0,,2026-09-16T09:42:18.531232+00:00,ok,True
RS,2015,6,available,RDRS1506.dbc,/dissemin/publicos/SIHSUS/200801_/Dados,5179579.0,,2026-09-16T09:42:18.531232+00:00,ok,True
RS,2015,7,available,RDRS1507.dbc,/dissemin/publicos/SIHSUS/200801_/Dados,5269239.0,,2026-09-16T09:42:18.531232+00:00,ok,True
RS,2015,8,available,RDRS1508.dbc,/dissemin/publicos/SIHSUS/200801_/Dados,5137079.0,,2026-09-16T09:42:18.531232+00:00,ok,True
RS,2015,9,available,RDRS1509.dbc,/dissemin/publicos/SIHSUS/200801_/Dados,4861054.0,,2026-09-16T09:42:18.531232+00:00,ok,True
RS,2015,10,available,RDRS1510.dbc,/dissemin/publicos/SIHSUS/200801_/Dados,4888203.0,,2026-09-16T09:42:18.531232+00:00,ok,True
RS,2015,11,available,RDRS1511.dbc,/dissemin/publicos/SIHSUS/200801_/Dados,5069885.0,,2026-09-16T09:42:18.531232+00:00,ok,True
RS,2015,12,available,RDRS1512.dbc,/dissemin/publicos/SIHSUS/200801_/Dados,4742137.0,,2026-09-16T09:42:18.531232+00:00,ok,True
SC,2015,1,available,RDSC1501.dbc,/dissemin/publicos/SIHSUS/200801_/Dados,2747269.0,,2026-09-16T09:42:18.531232+00:00,ok,True
SC,2015,2,available,RDSC1502.dbc,/dissemin/publicos/SIHSUS/200801_/Dados,2717790.0,,2026-09-16T09:42:18.531232+00:00,ok,True
SC,2015,3,available,RDSC1503.dbc,/dissemin/publicos/SIHSUS/200801_/Dados,2879308.0,,2026-09-16T09:42:18.531232+00:00,ok,True
SC,2015,4,available,RDSC1504.dbc,/dissemin/publicos/SIHSUS/200801_/Dados,2905816.0,,2026-09-16T09:42:18.531232+00:00,ok,True
SC,2015,5,available,RDSC1505.dbc,/dissemin/publicos/SIHSUS/200801_/Dados,2886925.0,,2026-09-16T09:42:18.531232+00:00,ok,True
SC,2015,6,available,RDSC1506.dbc,/dissemin/publicos/SIHSUS/200801_/Dados,2975485.0,,2026-09-16T09:42:18.531232+00:00,ok,True
SC,2015,7,available,RDSC1507.dbc,/dissemin/publicos/SIHSUS/200801_/Dados,3012915.0,,2026-09-16T09:42:18.531232+00:00,ok,True
SC,2015,8,available,RDSC1508.dbc,/dissemin/publicos/SIHSUS/200801_/Dados,3123703.0,,2026-09-16T09:42:18.531232+00:00,ok,True
SC,2015,9,available,RDSC1509.dbc,/dissemin/publicos/SIHSUS/200801_/Dados,3062950.0,,2026-09-16T09:42:18.531232+00:00,ok,True
SC,2015,10,available,RDSC1510.dbc,/dissemin/publicos/SIHSUS/200801_/Dados,3120491.0,,2026-09-16T09:42:18.531232+00:00,ok,True
SC,2015,11,available,RDSC1511.dbc,/dissemin/publicos/SIHSUS/200801_/Dados,2860279.0,,2026-09-16T09:42:18.531232+00:00,ok,True
SC,2015,12,available,RDSC1512.dbc,/dissemin/publicos/SIHSUS/200801_/Dados,2791695.0,,2026-09-16T09:42:18.531232+00:00,ok,True
SE,2015,1,available,RDSE1501.dbc,/dissemin/publicos/SIHSUS/200801_/Dados,493976.0,,2026-09-16T09:42:18.531232+00:00,ok,True
SE,2015,2,available,RDSE1502.dbc,/dissemin/publicos/SIHSUS/200801_/Dados,481065.0,,2026-09-16T09:42:18.531232+00:00,ok,True
SE,2015,3,available,RDSE1503.dbc,/dissemin/publicos/SIHSUS/200801_/Dados,557153.0,,2026-09-16T09:42:18.531232+00:00,ok,True
SE,2015,4,available,RDSE1504.dbc,/dissemin/publicos/SIHSUS/200801_/Dados,562126.0,,2026-09-16T09:42:18.531232+00:00,ok,True
SE,2015,5,available,RDSE1505.dbc,/dissemin/publicos/SIHSUS/200801_/Dados,594576.0,,2026-09-16T09:42:18.531232+00:00,ok,True
SE,2015,6,available,RDSE1506.dbc,/dissemin/publicos/SIHSUS/200801_/Dados,553907.0,,2026-09-16T09:42:18.531232+00:00,ok,True
SE,2015,7,available,RDSE1507.dbc,/dissemin/publicos/SIHSUS/200801_/Dados,578440.0,,2026-09-16T09:42:18.531232+00:00,ok,True
SE,2015,8,available,RDSE1508.dbc,/dissemin/publicos/SIHSUS/200801_/Dados,582390.0,,2026-09-16T09:42:18.531232+00:00,ok,True
SE,2015,9,available,RDSE1509.dbc,/dissemin/publicos/SIHSUS/200801_/Dados,573578.0,,2026-09-16T09:42:18.531232+00:00,ok,True
SE,2015,10,available,RDSE1510.dbc,/dissemin/publicos/SIHSUS/200801_/Dados,569389.0,,2026-09-16T09:42:18.531232+00:00,ok,True
SE,2015,11,available,RDSE1511.dbc,/dissemin/publicos/SIHSUS/200801_/Dados,539331.0,,2026-09-16T09:42:18.531232+00:00,ok,True
SE,2015,12,available,RDSE1512.dbc,/dissemin/publicos/SIHSUS/200801_/Dados,479865.0,,2026-09-16T09:42:18.531232+00:00,ok,True
SP,2015,1,available,RDSP1501.dbc,/dissemin/publicos/SIHSUS/200801_/Dados,15277346.0,,2026-09-16T09:42:18.531232+00:00,ok,True
SP,2015,2,available,RDSP1502.dbc,/dissemin/publicos/SIHSUS/200801_/Dados,14899189.0,,2026-09-16T09:42:18.531232+00:00,ok,True
SP,2015,3,available,RDSP1503.dbc,/dissemin/publicos/SIHSUS/200801_/Dados,16334101.0,,2026-09-16T09:42:18.531232+00:00,ok,True
SP,2015,4,available,RDSP1504.dbc,/dissemin/publicos/SIHSUS/200801_/Dados,16302946.0,,2026-09-16T09:42:18.531232+00:00,ok,True
SP,2015,5,available,RDSP1505.dbc,/dissemin/publicos/SIHSUS/200801_/Dados,16390388.0,,2026-09-16T09:42:18.531232+00:00,ok,True
SP,2015,6,available,RDSP1506.dbc,/dissemin/publicos/SIHSUS/200801_/Dados,16277144.0,,2026-09-16T09:42:18.531232+00:00,ok,True
SP,2015,7,available,RDSP1507.dbc,/dissemin/publicos/SIHSUS/200801_/Dados,16273929.0,,2026-09-16T09:42:18.531232+00:00,ok,True
SP,2015,8,available,RDSP1508.dbc,/dissemin/publicos/SIHSUS/200801_/Dados,15990071.0,,2026-09-16T09:42:18.531232+00:00,ok,True
SP,2015,9,available,RDSP1509.dbc,/dissemin/publicos/SIHSUS/200801_/Dados,15646147.0,,2026-09-16T09:42:18.531232+00:00,ok,True
SP,2015,10,available,RDSP1510.dbc,/dissemin/publicos/SIHSUS/200801_/Dados,15701007.0,,2026-09-16T09:42:18.531232+00:00,ok,True
SP,2015,11,available,RDSP1511.dbc,/dissemin/publicos/SIHSUS/200801_/Dados,15059045.0,,2026-09-16T09:42:18.531232+00:00,ok,True
SP,2015,12,available,RDSP1512.dbc,/dissemin/publicos/SIHSUS/200801_/Dados,15141672.0,,2026-09-16T09:42:18.531232+00:00,ok,True
TO,2015,1,available,RDTO1501.dbc,/dissemin/publicos/SIHSUS/200801_/Dados,565375.0,,2026-09-16T09:42:18.531232+00:00,ok,True
TO,2015,2,available,RDTO1502.dbc,/dissemin/publicos/SIHSUS/200801_/Dados,543192.0,,2026-09-16T09:42:18.531232+00:00,ok,True
TO,2015,3,available,RDTO1503.dbc,/dissemin/publicos/SIHSUS/200801_/Dados,566515.0,,2026-09-16T09:42:18.531232+00:00,ok,True
TO,2015,4,available,RDTO1504.dbc,/dissemin/publicos/SIHSUS/200801_/Dados,602493.0,,2026-09-16T09:42:18.531232+00:00,ok,True
TO,2015,5,available,RDTO1505.dbc,/dissemin/publicos/SIHSUS/200801_/Dados,537954.0,,2026-09-16T09:42:18.531232+00:00,ok,True
TO,2015,6,available,RDTO1506.dbc,/dissemin/publicos/SIHSUS/200801_/Dados,572215.0,,2026-09-16T09:42:18.531232+00:00,ok,True
TO,2015,7,available,RDTO1507.dbc,/dissemin/publicos/SIHSUS/200801_/Dados,571832.0,,2026-09-16T09:42:18.531232+00:00,ok,True
TO,2015,8,available,RDTO1508.dbc,/dissemin/publicos/SIHSUS/200801_/Dados,529111.0,,2026-09-16T09:42:18.531232+00:00,ok,True
TO,2015,9,available,RDTO1509.dbc,/dissemin/publicos/SIHSUS/200801_/Dados,482704.0,,2026-09-16T09:42:18.531232+00:00,ok,True
TO,2015,10,available,RDTO1510.dbc,/dissemin/publicos/SIHSUS/200801_/Dados,488441.0,,2026-09-16T09:42:18.531232+00:00,ok,True
TO,2015,11,available,RDTO1511.dbc,/dissemin/publicos/SIHSUS/200801_/Dados,498170.0,,2026-09-16T09:42:18.531232+00:00,ok,True
TO,2015,12,available,RDTO1512.dbc,/dissemin/publicos/SIHSUS/200801_/Dados,413514.0,,2026-09-16T09:42:18.531232+00:00,ok,True
AC,2016,1,available,RDAC1601.dbc,/dissemin/publicos/SIHSUS/200801_/Dados,260204.0,,2026-09-16T09:42:18.531232+00:00,ok,True
AC,2016,2,available,RDAC1602.dbc,/dissemin/publicos/SIHSUS/200801_/Dados,307411.0,,2026-09-16T09:42:18.531232+00:00,ok,True
AC,2016,3,available,RDAC1603.dbc,/dissemin/publicos/SIHSUS/200801_/Dados,303286.0,,2026-09-16T09:42:18.531232+00:00,ok,True
AC,2016,4,available,RDAC1604.dbc,/dissemin/publicos/SIHSUS/200801_/Dados,294562.0,,2026-09-16T09:42:18.531232+00:00,ok,True
AC,2016,5,available,RDAC1605.dbc,/dissemin/publicos/SIHSUS/200801_/Dados,300573.0,,2026-09-16T09:42:18.531232+00:00,ok,True
AC,2016,6,available,RDAC1606.dbc,/dissemin/publicos/SIHSUS/200801_/Dados,320414.0,,2026-09-16T09:42:18.531232+00:00,ok,True
AC,2016,7,available,RDAC1607.dbc,/dissemin/publicos/SIHSUS/200801_/Dados,317701.0,,2026-09-16T09:42:18.531232+00:00,ok,True
AC,2016,8,available,RDAC1608.dbc,/dissemin/publicos/SIHSUS/200801_/Dados,309715.0,,2026-09-16T09:42:18.531232+00:00,ok,True
AC,2016,9,available,RDAC1609.dbc,/dissemin/publicos/SIHSUS/200801_/Dados,299942.0,,2026-09-16T09:42:18.531232+00:00,ok,True
AC,2016,10,available,RDAC1610.dbc,/dissemin/publicos/SIHSUS/200801_/Dados,306360.0,,2026-09-16T09:42:18.531232+00:00,ok,True
AC,2016,11,available,RDAC1611.dbc,/dissemin/publicos/SIHSUS/200801_/Dados,274460.0,,2026-09-16T09:42:18.531232+00:00,ok,True
AC,2016,12,available,RDAC1612.dbc,/dissemin/publicos/SIHSUS/200801_/Dados,275277.0,,2026-09-16T09:42:18.531232+00:00,ok,True
AL,2016,1,available,RDAL1601.dbc,/dissemin/publicos/SIHSUS/200801_/Dados,972093.0,,2026-09-16T09:42:18.531232+00:00,ok,True
AL,2016,2,available,RDAL1602.dbc,/dissemin/publicos/SIHSUS/200801_/Dados,980643.0,,2026-09-16T09:42:18.531232+00:00,ok,True
AL,2016,3,available,RDAL1603.dbc,/dissemin/publicos/SIHSUS/200801_/Dados,1015350.0,,2026-09-16T09:42:18.531232+00:00,ok,True
AL,2016,4,available,RDAL1604.dbc,/dissemin/publicos/SIHSUS/200801_/Dados,1003504.0,,2026-09-16T09:42:18.531232+00:00,ok,True
AL,2016,5,available,RDAL1605.dbc,/dissemin/publicos/SIHSUS/200801_/Dados,1060041.0,,2026-09-16T09:42:18.531232+00:00,ok,True
AL,2016,6,available,RDAL1606.dbc,/dissemin/publicos/SIHSUS/200801_/Dados,1072310.0,,2026-09-16T09:42:18.531232+00:00,ok,True
AL,2016,7,available,RDAL1607.dbc,/dissemin/publicos/SIHSUS/200801_/Dados,1093761.0,,2026-09-16T09:42:18.531232+00:00,ok,True
AL,2016,8,available,RDAL1608.dbc,/dissemin/publicos/SIHSUS/200801_/Dados,1086633.0,,2026-09-16T09:42:18.531232+00:00,ok,True
AL,2016,9,available,RDAL1609.dbc,/dissemin/publicos/SIHSUS/200801_/Dados,1054621.0,,2026-09-16T09:42:18.531232+00:00,ok,True
AL,2016,10,available,RDAL1610.dbc,/dissemin/publicos/SIHSUS/200801_/Dados,1017438.0,,2026-09-16T09:42:18.531232+00:00,ok,True
AL,2016,11,available,RDAL1611.dbc,/dissemin/publicos/SIHSUS/200801_/Dados,957861.0,,2026-09-16T09:42:18.531232+00:00,ok,True
AL,2016,12,available,RDAL1612.dbc,/dissemin/publicos/SIHSUS/200801_/Dados,933544.0,,2026-09-16T09:42:18.531232+00:00,ok,True
AM,2016,1,available,RDAM1601.dbc,/dissemin/publicos/SIHSUS/200801_/Dados,892456.0,,2026-09-16T09:42:18.531232+00:00,ok,True
AM,2016,2,available,RDAM1602.dbc,/dissemin/publicos/SIHSUS/200801_/Dados,946956.0,,2026-09-16T09:42:18.531232+00:00,ok,True
AM,2016,3,available,RDAM1603.dbc,/dissemin/publicos/SIHSUS/200801_/Dados,985491.0,,2026-09-16T09:42:18.531232+00:00,ok,True
AM,2016,4,available,RDAM1604.dbc,/dissemin/publicos/SIHSUS/200801_/Dados,928200.0,,2026-09-16T09:42:18.531232+00:00,ok,True
AM,2016,5,available,RDAM1605.dbc,/dissemin/publicos/SIHSUS/200801_/Dados,975944.0,,2026-09-16T09:42:18.531232+00:00,ok,True
AM,2016,6,available,RDAM1606.dbc,/dissemin/publicos/SIHSUS/200801_/Dados,1015144.0,,2026-09-16T09:42:18.531232+00:00,ok,True
AM,2016,7,available,RDAM1607.dbc,/dissemin/publicos/SIHSUS/200801_/Dados,924870.0,,2026-09-16T09:42:18.531232+00:00,ok,True
AM,2016,8,available,RDAM1608.dbc,/dissemin/publicos/SIHSUS/200801_/Dados,965009.0,,2026-09-16T09:42:18.531232+00:00,ok,True
AM,2016,9,available,RDAM1609.dbc,/dissemin/publicos/SIHSUS/200801_/Dados,999027.0,,2026-09-16T09:42:18.531232+00:00,ok,True
AM,2016,10,available,RDAM1610.dbc,/dissemin/publicos/SIHSUS/200801_/Dados,869938.0,,2026-09-16T09:42:18.531232+00:00,ok,True
AM,2016,11,available,RDAM1611.dbc,/dissemin/publicos/SIHSUS/200801_/Dados,834956.0,,2026-09-16T09:42:18.531232+00:00,ok,True
AM,2016,12,available,RDAM1612.dbc,/dissemin/publicos/SIHSUS/200801_/Dados,825839.0,,2026-09-16T09:42:18.531232+00:00,ok,True
AP,2016,1,available,RDAP1601.dbc,/dissemin/publicos/SIHSUS/200801_/Dados,167039.0,,2026-09-16T09:42:18.531232+00:00,ok,True
AP,2016,2,available,RDAP1602.dbc,/dissemin/publicos/SIHSUS/200801_/Dados,164332.0,,2026-09-16T09:42:18.531232+00:00,ok,True
AP,2016,3,available,RDAP1603.dbc,/dissemin/publicos/SIHSUS/200801_/Dados,164119.0,,2026-09-16T09:42:18.531232+00:00,ok,True
AP,2016,4,available,RDAP1604.dbc,/dissemin/publicos/SIHSUS/200801_/Dados,173226.0,,2026-09-16T09:42:18.531232+00:00,ok,True
AP,2016,5,available,RDAP1605.dbc,/dissemin/publicos/SIHSUS/200801_/Dados,177303.0,,2026-09-16T09:42:18.531232+00:00,ok,True
AP,2016,6,available,RDAP1606.dbc,/dissemin/publicos/SIHSUS/200801_/Dados,191323.0,,2026-09-16T09:42:18.531232+00:00,ok,True
AP,2016,7,available,RDAP1607.dbc,/dissemin/publicos/SIHSUS/200801_/Dados,191765.0,,2026-09-16T09:42:18.531232+00:00,ok,True
AP,2016,8,available,RDAP1608.dbc,/dissemin/publicos/SIHSUS/200801_/Dados,181606.0,,2026-09-16T09:42:18.531232+00:00,ok,True
AP,2016,9,available,RDAP1609.dbc,/dissemin/publicos/SIHSUS/200801_/Dados,183443.0,,2026-09-16T09:42:18.531232+00:00,ok,True
AP,2016,10,available,RDAP1610.dbc,/dissemin/publicos/SIHSUS/200801_/Dados,177368.0,,2026-09-16T09:42:18.531232+00:00,ok,True
AP,2016,11,available,RDAP1611.dbc,/dissemin/publicos/SIHSUS/200801_/Dados,179942.0,,2026-09-16T09:42:18.531232+00:00,ok,True
AP,2016,12,available,RDAP1612.dbc,/dissemin/publicos/SIHSUS/200801_/Dados,179799.0,,2026-09-16T09:42:18.531232+00:00,ok,True
BA,2016,1,available,RDBA1601.dbc,/dissemin/publicos/SIHSUS/200801_/Dados,4635410.0,,2026-09-16T09:42:18.531232+00:00,ok,True
BA,2016,2,available,RDBA1602.dbc,/dissemin/publicos/SIHSUS/200801_/Dados,4648266.0,,2026-09-16T09:42:18.531232+00:00,ok,True
BA,2016,3,available,RDBA1603.dbc,/dissemin/publicos/SIHSUS/200801_/Dados,4960573.0,,2026-09-16T09:42:18.531232+00:00,ok,True
BA,2016,4,available,RDBA1604.dbc,/dissemin/publicos/SIHSUS/200801_/Dados,5036715.0,,2026-09-16T09:42:18.531232+00:00,ok,True
BA,2016,5,available,RDBA1605.dbc,/dissemin/publicos/SIHSUS/200801_/Dados,4965474.0,,2026-09-16T09:42:18.531232+00:00,ok,True
BA,2016,6,available,RDBA1606.dbc,/dissemin/publicos/SIHSUS/200801_/Dados,4724003.0,,2026-09-16T09:42:18.531232+00:00,ok,True
BA,2016,7,available,RDBA1607.dbc,/dissemin/publicos/SIHSUS/200801_/Dados,4837631.0,,2026-09-16T09:42:18.531232+00:00,ok,True
BA,2016,8,available,RDBA1608.dbc,/dissemin/publicos/SIHSUS/200801_/Dados,5074674.0,,2026-09-16T09:42:18.531232+00:00,ok,True
BA,2016,9,available,RDBA1609.dbc,/dissemin/publicos/SIHSUS/200801_/Dados,4977716.0,,2026-09-16T09:42:18.531232+00:00,ok,True
BA,2016,10,available,RDBA1610.dbc,/dissemin/publicos/SIHSUS/200801_/Dados,4896829.0,,2026-09-16T09:42:18.531232+00:00,ok,True
BA,2016,11,available,RDBA1611.dbc,/dissemin/publicos/SIHSUS/200801_/Dados,4404588.0,,2026-09-16T09:42:18.531232+00:00,ok,True
BA,2016,12,available,RDBA1612.dbc,/dissemin/publicos/SIHSUS/200801_/Dados,4254972.0,,2026-09-16T09:42:18.531232+00:00,ok,True
CE,2016,1,available,RDCE1601.dbc,/dissemin/publicos/SIHSUS/200801_/Dados,2661764.0,,2026-09-16T09:42:18.531232+00:00,ok,True
CE,2016,2,available,RDCE1602.dbc,/dissemin/publicos/SIHSUS/200801_/Dados,2635229.0,,2026-09-16T09:42:18.531232+00:00,ok,True
CE,2016,3,available,RDCE1603.dbc,/dissemin/publicos/SIHSUS/200801_/Dados,2720650.0,,2026-09-16T09:42:18.531232+00:00,ok,True
CE,2016,4,available,RDCE1604.dbc,/dissemin/publicos/SIHSUS/200801_/Dados,2867847.0,,2026-09-16T09:42:18.531232+00:00,ok,True
CE,2016,5,available,RDCE1605.dbc,/dissemin/publicos/SIHSUS/200801_/Dados,2901006.0,,2026-09-16T09:42:18.531232+00:00,ok,True
CE,2016,6,available,RDCE1606.dbc,/dissemin/publicos/SIHSUS/200801_/Dados,2859008.0,,2026-09-16T09:42:18.531232+00:00,ok,True
CE,2016,7,available,RDCE1607.dbc,/dissemin/publicos/SIHSUS/200801_/Dados,2803380.0,,2026-09-16T09:42:18.531232+00:00,ok,True
CE,2016,8,available,RDCE1608.dbc,/dissemin/publicos/SIHSUS/200801_/Dados,2881708.0,,2026-09-16T09:42:18.531232+00:00,ok,True
CE,2016,9,available,RDCE1609.dbc,/dissemin/publicos/SIHSUS/200801_/Dados,2842497.0,,2026-09-16T09:42:18.531232+00:00,ok,True
CE,2016,10,available,RDCE1610.dbc,/dissemin/publicos/SIHSUS/200801_/Dados,2825019.0,,2026-09-16T09:42:18.531232+00:00,ok,True
CE,2016,11,available,RDCE1611.dbc,/dissemin/publicos/SIHSUS/200801_/Dados,2751866.0,,2026-09-16T09:42:18.531232+00:00,ok,True
CE,2016,12,available,RDCE1612.dbc,/dissemin/publicos/SIHSUS/200801_/Dados,2652860.0,,2026-09-16T09:42:18.531232+00:00,ok,True
DF,2016,1,available,RDDF1601.dbc,/dissemin/publicos/SIHSUS/200801_/Dados,983353.0,,2026-09-16T09:42:18.531232+00:00,ok,True
DF,2016,2,available,RDDF1602.dbc,/dissemin/publicos/SIHSUS/200801_/Dados,968044.0,,2026-09-16T09:42:18.531232+00:00,ok,True
DF,2016,3,available,RDDF1603.dbc,/dissemin/publicos/SIHSUS/200801_/Dados,1155585.0,,2026-09-16T09:42:18.531232+00:00,ok,True
DF,2016,4,available,RDDF1604.dbc,/dissemin/publicos/SIHSUS/200801_/Dados,1210817.0,,2026-09-16T09:42:18.531232+00:00,ok,True
DF,2016,5,available,RDDF1605.dbc,/dissemin/publicos/SIHSUS/200801_/Dados,1275588.0,,2026-09-16T09:42:18.531232+00:00,ok,True
DF,2016,6,available,RDDF1606.dbc,/dissemin/publicos/SIHSUS/200801_/Dados,1240845.0,,2026-09-16T09:42:18.531232+00:00,ok,True
DF,2016,7,available,RDDF1607.dbc,/dissemin/publicos/SIHSUS/200801_/Dados,1128435.0,,2026-09-16T09:42:18.531232+00:00,ok,True
DF,2016,8,available,RDDF1608.dbc,/dissemin/publicos/SIHSUS/200801_/Dados,1329862.0,,2026-09-16T09:42:18.531232+00:00,ok,True
DF,2016,9,available,RDDF1609.dbc,/dissemin/publicos/SIHSUS/200801_/Dados,1182706.0,,2026-09-16T09:42:18.531232+00:00,ok,True
DF,2016,10,available,RDDF1610.dbc,/dissemin/publicos/SIHSUS/200801_/Dados,1167006.0,,2026-09-16T09:42:18.531232+00:00,ok,True
DF,2016,11,available,RDDF1611.dbc,/dissemin/publicos/SIHSUS/200801_/Dados,1208726.0,,2026-09-16T09:42:18.531232+00:00,ok,True
DF,2016,12,available,RDDF1612.dbc,/dissemin/publicos/SIHSUS/200801_/Dados,1153746.0,,2026-09-16T09:42:18.531232+00:00,ok,True
ES,2016,1,available,RDES1601.dbc,/dissemin/publicos/SIHSUS/200801_/Dados,1451513.0,,2026-09-16T09:42:18.531232+00:00,ok,True
ES,2016,2,available,RDES1602.dbc,/dissemin/publicos/SIHSUS/200801_/Dados,1376169.0,,2026-09-16T09:42:18.531232+00:00,ok,True
ES,2016,3,available,RDES1603.dbc,/dissemin/publicos/SIHSUS/200801_/Dados,1457090.0,,2026-09-16T09:42:18.531232+00:00,ok,True
ES,2016,4,available,RDES1604.dbc,/dissemin/publicos/SIHSUS/200801_/Dados,1468141.0,,2026-09-16T09:42:18.531232+00:00,ok,True
ES,2016,5,available,RDES1605.dbc,/dissemin/publicos/SIHSUS/200801_/Dados,1507561.0,,2026-09-16T09:42:18.531232+00:00,ok,True
ES,2016,6,available,RDES1606.dbc,/dissemin/publicos/SIHSUS/200801_/Dados,1563347.0,,2026-09-16T09:42:18.531232+00:00,ok,True
ES,2016,7,available,RDES1607.dbc,/dissemin/publicos/SIHSUS/200801_/Dados,1542740.0,,2026-09-16T09:42:18.531232+00:00,ok,True
ES,2016,8,available,RDES1608.dbc,/dissemin/publicos/SIHSUS/200801_/Dados,1558810.0,,2026-09-16T09:42:18.531232+00:00,ok,True
ES,2016,9,available,RDES1609.dbc,/dissemin/publicos/SIHSUS/200801_/Dados,1478085.0,,2026-09-16T09:42:18.531232+00:00,ok,True
ES,2016,10,available,RDES1610.dbc,/dissemin/publicos/SIHSUS/200801_/Dados,1497452.0,,2026-09-16T09:42:18.531232+00:00,ok,True
ES,2016,11,available,RDES1611.dbc,/dissemin/publicos/SIHSUS/200801_/Dados,1488833.0,,2026-09-16T09:42:18.531232+00:00,ok,True
ES,2016,12,available,RDES1612.dbc,/dissemin/publicos/SIHSUS/200801_/Dados,1546176.0,,2026-09-16T09:42:18.531232+00:00,ok,True
GO,2016,1,available,RDGO1601.dbc,/dissemin/publicos/SIHSUS/200801_/Dados,2008223.0,,2026-09-16T09:42:18.531232+00:00,ok,True
GO,2016,2,available,RDGO1602.dbc,/dissemin/publicos/SIHSUS/200801_/Dados,1990439.0,,2026-09-16T09:42:18.531232+00:00,ok,True
GO,2016,3,available,RDGO1603.dbc,/dissemin/publicos/SIHSUS/200801_/Dados,2158749.0,,2026-09-16T09:42:18.531232+00:00,ok,True
GO,2016,4,available,RDGO1604.dbc,/dissemin/publicos/SIHSUS/200801_/Dados,2122901.0,,2026-09-16T09:42:18.531232+00:00,ok,True
GO,2016,5,available,RDGO1605.dbc,/dissemin/publicos/SIHSUS/200801_/Dados,2010095.0,,2026-09-16T09:42:18.531232+00:00,ok,True
GO,2016,6,available,RDGO1606.dbc,/dissemin/publicos/SIHSUS/200801_/Dados,2112139.0,,2026-09-16T09:42:18.531232+00:00,ok,True
GO,2016,7,available,RDGO1607.dbc,/dissemin/publicos/SIHSUS/200801_/Dados,1968491.0,,2026-09-16T09:42:18.531232+00:00,ok,True
GO,2016,8,available,RDGO1608.dbc,/dissemin/publicos/SIHSUS/200801_/Dados,2086377.0,,2026-09-16T09:42:18.531232+00:00,ok,True
GO,2016,9,available,RDGO1609.dbc,/dissemin/publicos/SIHSUS/200801_/Dados,2003672.0,,2026-09-16T09:42:18.531232+00:00,ok,True
GO,2016,10,available,RDGO1610.dbc,/dissemin/publicos/SIHSUS/200801_/Dados,1935747.0,,2026-09-16T09:42:18.531232+00:00,ok,True
GO,2016,11,available,RDGO1611.dbc,/dissemin/publicos/SIHSUS/200801_/Dados,1887373.0,,2026-09-16T09:42:18.531232+00:00,ok,True
GO,2016,12,available,RDGO1612.dbc,/dissemin/publicos/SIHSUS/200801_/Dados,1907489.0,,2026-09-16T09:42:18.531232+00:00,ok,True
MA,2016,1,available,RDMA1601.dbc,/dissemin/publicos/SIHSUS/200801_/Dados,2328574.0,,2026-09-16T09:42:18.531232+00:00,ok,True
MA,2016,2,available,RDMA1602.dbc,/dissemin/publicos/SIHSUS/200801_/Dados,2297011.0,,2026-09-16T09:42:18.531232+00:00,ok,True
MA,2016,3,available,RDMA1603.dbc,/dissemin/publicos/SIHSUS/200801_/Dados,2338606.0,,2026-09-16T09:42:18.531232+00:00,ok,True
MA,2016,4,available,RDMA1604.dbc,/dissemin/publicos/SIHSUS/200801_/Dados,2375383.0,,2026-09-16T09:42:18.531232+00:00,ok,True
MA,2016,5,available,RDMA1605.dbc,/dissemin/publicos/SIHSUS/200801_/Dados,2397542.0,,2026-09-16T09:42:18.531232+00:00,ok,True
MA,2016,6,available,RDMA1606.dbc,/dissemin/publicos/SIHSUS/200801_/Dados,2374288.0,,2026-09-16T09:42:18.531232+00:00,ok,True
MA,2016,7,available,RDMA1607.dbc,/dissemin/publicos/SIHSUS/200801_/Dados,2301761.0,,2026-09-16T09:42:18.531232+00:00,ok,True
MA,2016,8,available,RDMA1608.dbc,/dissemin/publicos/SIHSUS/200801_/Dados,2350637.0,,2026-09-16T09:42:18.531232+00:00,ok,True
MA,2016,9,available,RDMA1609.dbc,/dissemin/publicos/SIHSUS/200801_/Dados,2287388.0,,2026-09-16T09:42:18.531232+00:00,ok,True
MA,2016,10,available,RDMA1610.dbc,/dissemin/publicos/SIHSUS/200801_/Dados,2198897.0,,2026-09-16T09:42:18.531232+00:00,ok,True
MA,2016,11,available,RDMA1611.dbc,/dissemin/publicos/SIHSUS/200801_/Dados,2102793.0,,2026-09-16T09:42:18.531232+00:00,ok,True
MA,2016,12,available,RDMA1612.dbc,/dissemin/publicos/SIHSUS/200801_/Dados,1791699.0,,2026-09-16T09:42:18.531232+00:00,ok,True
MG,2016,1,available,RDMG1601.dbc,/dissemin/publicos/SIHSUS/200801_/Dados,7605837.0,,2026-09-16T09:42:18.531232+00:00,ok,True
MG,2016,2,available,RDMG1602.dbc,/dissemin/publicos/SIHSUS/200801_/Dados,7487622.0,,2026-09-16T09:42:18.531232+00:00,ok,True
MG,2016,3,available,RDMG1603.dbc,/dissemin/publicos/SIHSUS/200801_/Dados,7850435.0,,2026-09-16T09:42:18.531232+00:00,ok,True
MG,2016,4,available,RDMG1604.dbc,/dissemin/publicos/SIHSUS/200801_/Dados,7754328.0,,2026-09-16T09:42:18.531232+00:00,ok,True
MG,2016,5,available,RDMG1605.dbc,/dissemin/publicos/SIHSUS/200801_/Dados,7903742.0,,2026-09-16T09:42:18.531232+00:00,ok,True
MG,2016,6,available,RDMG1606.dbc,/dissemin/publicos/SIHSUS/200801_/Dados,8075921.0,,2026-09-16T09:42:18.531232+00:00,ok,True
MG,2016,7,available,RDMG1607.dbc,/dissemin/publicos/SIHSUS/200801_/Dados,7858294.0,,2026-09-16T09:42:18.531232+00:00,ok,True
MG,2016,8,available,RDMG1608.dbc,/dissemin/publicos/SIHSUS/200801_/Dados,7919261.0,,2026-09-16T09:42:18.531232+00:00,ok,True
MG,2016,9,available,RDMG1609.dbc,/dissemin/publicos/SIHSUS/200801_/Dados,7730045.0,,2026-09-16T09:42:18.531232+00:00,ok,True
MG,2016,10,available,RDMG1610.dbc,/dissemin/publicos/SIHSUS/200801_/Dados,7530218.0,,2026-09-16T09:42:18.531232+00:00,ok,True
MG,2016,11,available,RDMG1611.dbc,/dissemin/publicos/SIHSUS/200801_/Dados,7325308.0,,2026-09-16T09:42:18.531232+00:00,ok,True
MG,2016,12,available,RDMG1612.dbc,/dissemin/publicos/SIHSUS/200801_/Dados,7638431.0,,2026-09-16T09:42:18.531232+00:00,ok,True
MS,2016,1,available,RDMS1601.dbc,/dissemin/publicos/SIHSUS/200801_/Dados,1041446.0,,2026-09-16T09:42:18.531232+00:00,ok,True
MS,2016,2,available,RDMS1602.dbc,/dissemin/publicos/SIHSUS/200801_/Dados,996808.0,,2026-09-16T09:42:18.531232+00:00,ok,True
MS,2016,3,available,RDMS1603.dbc,/dissemin/publicos/SIHSUS/200801_/Dados,1029585.0,,2026-09-16T09:42:18.531232+00:00,ok,True
MS,2016,4,available,RDMS1604.dbc,/dissemin/publicos/SIHSUS/200801_/Dados,1024062.0,,2026-09-16T09:42:18.531232+00:00,ok,True
MS,2016,5,available,RDMS1605.dbc,/dissemin/publicos/SIHSUS/200801_/Dados,1024414.0,,2026-09-16T09:42:18.531232+00:00,ok,True
MS,2016,6,available,RDMS1606.dbc,/dissemin/publicos/SIHSUS/200801_/Dados,1064547.0,,2026-09-16T09:42:18.531232+00:00,ok,True
MS,2016,7,available,RDMS1607.dbc,/dissemin/publicos/SIHSUS/200801_/Dados,1065346.0,,2026-09-16T09:42:18.531232+00:00,ok,True
MS,2016,8,available,RDMS1608.dbc,/dissemin/publicos/SIHSUS/200801_/Dados,1061538.0,,2026-09-16T09:42:18.531232+00:00,ok,True
MS,2016,9,available,RDMS1609.dbc,/dissemin/publicos/SIHSUS/200801_/Dados,1056325.0,,2026-09-16T09:42:18.531232+00:00,ok,True
MS,2016,10,available,RDMS1610.dbc,/dissemin/publicos/SIHSUS/200801_/Dados,1007746.0,,2026-09-16T09:42:18.531232+00:00,ok,True
MS,2016,11,available,RDMS1611.dbc,/dissemin/publicos/SIHSUS/200801_/Dados,1026543.0,,2026-09-16T09:42:18.531232+00:00,ok,True
MS,2016,12,available,RDMS1612.dbc,/dissemin/publicos/SIHSUS/200801_/Dados,1004725.0,,2026-09-16T09:42:18.531232+00:00,ok,True
MT,2016,1,available,RDMT1601.dbc,/dissemin/publicos/SIHSUS/200801_/Dados,1161922.0,,2026-09-16T09:42:18.531232+00:00,ok,True
MT,2016,2,available,RDMT1602.dbc,/dissemin/publicos/SIHSUS/200801_/Dados,1098502.0,,2026-09-16T09:42:18.531232+00:00,ok,True
MT,2016,3,available,RDMT1603.dbc,/dissemin/publicos/SIHSUS/200801_/Dados,1198050.0,,2026-09-16T09:42:18.531232+00:00,ok,True
MT,2016,4,available,RDMT1604.dbc,/dissemin/publicos/SIHSUS/200801_/Dados,1235030.0,,2026-09-16T09:42:18.531232+00:00,ok,True
MT,2016,5,available,RDMT1605.dbc,/dissemin/publicos/SIHSUS/200801_/Dados,1172808.0,,2026-09-16T09:42:18.531232+00:00,ok,True
MT,2016,6,available,RDMT1606.dbc,/dissemin/publicos/SIHSUS/200801_/Dados,1224981.0,,2026-09-16T09:42:18.531232+00:00,ok,True
MT,2016,7,available,RDMT1607.dbc,/dissemin/publicos/SIHSUS/200801_/Dados,1201696.0,,2026-09-16T09:42:18.531232+00:00,ok,True
MT,2016,8,available,RDMT1608.dbc,/dissemin/publicos/SIHSUS/200801_/Dados,1237485.0,,2026-09-16T09:42:18.531232+00:00,ok,True
MT,2016,9,available,RDMT1609.dbc,/dissemin/publicos/SIHSUS/200801_/Dados,1237375.0,,2026-09-16T09:42:18.531232+00:00,ok,True
MT,2016,10,available,RDMT1610.dbc,/dissemin/publicos/SIHSUS/200801_/Dados,1197873.0,,2026-09-16T09:42:18.531232+00:00,ok,True
MT,2016,11,available,RDMT1611.dbc,/dissemin/publicos/SIHSUS/200801_/Dados,1132638.0,,2026-09-16T09:42:18.531232+00:00,ok,True
MT,2016,12,available,RDMT1612.dbc,/dissemin/publicos/SIHSUS/200801_/Dados,1070458.0,,2026-09-16T09:42:18.531232+00:00,ok,True
PA,2016,1,available,RDPA1601.dbc,/dissemin/publicos/SIHSUS/200801_/Dados,2420770.0,,2026-09-16T09:42:18.531232+00:00,ok,True
PA,2016,2,available,RDPA1602.dbc,/dissemin/publicos/SIHSUS/200801_/Dados,2627625.0,,2026-09-16T09:42:18.531232+00:00,ok,True
PA,2016,3,available,RDPA1603.dbc,/dissemin/publicos/SIHSUS/200801_/Dados,2507518.0,,2026-09-16T09:42:18.531232+00:00,ok,True
PA,2016,4,available,RDPA1604.dbc,/dissemin/publicos/SIHSUS/200801_/Dados,2558238.0,,2026-09-16T09:42:18.531232+00:00,ok,True
PA,2016,5,available,RDPA1605.dbc,/dissemin/publicos/SIHSUS/200801_/Dados,2514026.0,,2026-09-16T09:42:18.531232+00:00,ok,True
PA,2016,6,available,RDPA1606.dbc,/dissemin/publicos/SIHSUS/200801_/Dados,2487426.0,,2026-09-16T09:42:18.531232+00:00,ok,True
PA,2016,7,available,RDPA1607.dbc,/dissemin/publicos/SIHSUS/200801_/Dados,2525897.0,,2026-09-16T09:42:18.531232+00:00,ok,True
PA,2016,8,available,RDPA1608.dbc,/dissemin/publicos/SIHSUS/200801_/Dados,2621449.0,,2026-09-16T09:42:18.531232+00:00,ok,True
PA,2016,9,available,RDPA1609.dbc,/dissemin/publicos/SIHSUS/200801_/Dados,2546208.0,,2026-09-16T09:42:18.531232+00:00,ok,True
PA,2016,10,available,RDPA1610.dbc,/dissemin/publicos/SIHSUS/200801_/Dados,2556291.0,,2026-09-16T09:42:18.531232+00:00,ok,True
PA,2016,11,available,RDPA1611.dbc,/dissemin/publicos/SIHSUS/200801_/Dados,2376417.0,,2026-09-16T09:42:18.531232+00:00,ok,True
PA,2016,12,available,RDPA1612.dbc,/dissemin/publicos/SIHSUS/200801_/Dados,2355719.0,,2026-09-16T09:42:18.531232+00:00,ok,True
PB,2016,1,available,RDPB1601.dbc,/dissemin/publicos/SIHSUS/200801_/Dados,984103.0,,2026-09-16T09:42:18.531232+00:00,ok,True
PB,2016,2,available,RDPB1602.dbc,/dissemin/publicos/SIHSUS/200801_/Dados,1092344.0,,2026-09-16T09:42:18.531232+00:00,ok,True
PB,2016,3,available,RDPB1603.dbc,/dissemin/publicos/SIHSUS/200801_/Dados,1110083.0,,2026-09-16T09:42:18.531232+00:00,ok,True
PB,2016,4,available,RDPB1604.dbc,/dissemin/publicos/SIHSUS/200801_/Dados,1114785.0,,2026-09-16T09:42:18.531232+00:00,ok,True
PB,2016,5,available,RDPB1605.dbc,/dissemin/publicos/SIHSUS/200801_/Dados,1145794.0,,2026-09-16T09:42:18.531232+00:00,ok,True
PB,2016,6,available,RDPB1606.dbc,/dissemin/publicos/SIHSUS/200801_/Dados,1128309.0,,2026-09-16T09:42:18.531232+00:00,ok,True
PB,2016,7,available,RDPB1607.dbc,/dissemin/publicos/SIHSUS/200801_/Dados,1090388.0,,2026-09-16T09:42:18.531232+00:00,ok,True
PB,2016,8,available,RDPB1608.dbc,/dissemin/publicos/SIHSUS/200801_/Dados,1135266.0,,2026-09-16T09:42:18.531232+00:00,ok,True
PB,2016,9,available,RDPB1609.dbc,/dissemin/publicos/SIHSUS/200801_/Dados,1070868.0,,2026-09-16T09:42:18.531232+00:00,ok,True
PB,2016,10,available,RDPB1610.dbc,/dissemin/publicos/SIHSUS/200801_/Dados,1091014.0,,2026-09-16T09:42:18.531232+00:00,ok,True
PB,2016,11,available,RDPB1611.dbc,/dissemin/publicos/SIHSUS/200801_/Dados,1030310.0,,2026-09-16T09:42:18.531232+00:00,ok,True
PB,2016,12,available,RDPB1612.dbc,/dissemin/publicos/SIHSUS/200801_/Dados,1024384.0,,2026-09-16T09:42:18.531232+00:00,ok,True
PE,2016,1,available,RDPE1601.dbc,/dissemin/publicos/SIHSUS/200801_/Dados,3182632.0,,2026-09-16T09:42:18.531232+00:00,ok,True
PE,2016,2,available,RDPE1602.dbc,/dissemin/publicos/SIHSUS/200801_/Dados,3116213.0,,2026-09-16T09:42:18.531232+00:00,ok,True
PE,2016,3,available,RDPE1603.dbc,/dissemin/publicos/SIHSUS/200801_/Dados,3277163.0,,2026-09-16T09:42:18.531232+00:00,ok,True
PE,2016,4,available,RDPE1604.dbc,/dissemin/publicos/SIHSUS/200801_/Dados,3234137.0,,2026-09-16T09:42:18.531232+00:00,ok,True
PE,2016,5,available,RDPE1605.dbc,/dissemin/publicos/SIHSUS/200801_/Dados,3353130.0,,2026-09-16T09:42:18.531232+00:00,ok,True
PE,2016,6,available,RDPE1606.dbc,/dissemin/publicos/SIHSUS/200801_/Dados,3289693.0,,2026-09-16T09:42:18.531232+00:00,ok,True
PE,2016,7,available,RDPE1607.dbc,/dissemin/publicos/SIHSUS/200801_/Dados,3378816.0,,2026-09-16T09:42:18.531232+00:00,ok,True
PE,2016,8,available,RDPE1608.dbc,/dissemin/publicos/SIHSUS/200801_/Dados,3452578.0,,2026-09-16T09:42:18.531232+00:00,ok,True
PE,2016,9,available,RDPE1609.dbc,/dissemin/publicos/SIHSUS/200801_/Dados,3389906.0,,2026-09-16T09:42:18.531232+00:00,ok,True
PE,2016,10,available,RDPE1610.dbc,/dissemin/publicos/SIHSUS/200801_/Dados,3288231.0,,2026-09-16T09:42:18.531232+00:00,ok,True
PE,2016,11,available,RDPE1611.dbc,/dissemin/publicos/SIHSUS/200801_/Dados,3103060.0,,2026-09-16T09:42:18.531232+00:00,ok,True
PE,2016,12,available,RDPE1612.dbc,/dissemin/publicos/SIHSUS/200801_/Dados,3132672.0,,2026-09-16T09:42:18.531232+00:00,ok,True
PI,2016,1,available,RDPI1601.dbc,/dissemin/publicos/SIHSUS/200801_/Dados,1272221.0,,2026-09-16T09:42:18.531232+00:00,ok,True
PI,2016,2,available,RDPI1602.dbc,/dissemin/publicos/SIHSUS/200801_/Dados,1235739.0,,2026-09-16T09:42:18.531232+00:00,ok,True
PI,2016,3,available,RDPI1603.dbc,/dissemin/publicos/SIHSUS/200801_/Dados,1323797.0,,2026-09-16T09:42:18.531232+00:00,ok,True
PI,2016,4,available,RDPI1604.dbc,/dissemin/publicos/SIHSUS/200801_/Dados,1294850.0,,2026-09-16T09:42:18.531232+00:00,ok,True
PI,2016,5,available,RDPI1605.dbc,/dissemin/publicos/SIHSUS/200801_/Dados,1310568.0,,2026-09-16T09:42:18.531232+00:00,ok,True
PI,2016,6,available,RDPI1606.dbc,/dissemin/publicos/SIHSUS/200801_/Dados,1345336.0,,2026-09-16T09:42:18.531232+00:00,ok,True
PI,2016,7,available,RDPI1607.dbc,/dissemin/publicos/SIHSUS/200801_/Dados,1319180.0,,2026-09-16T09:42:18.531232+00:00,ok,True
PI,2016,8,available,RDPI1608.dbc,/dissemin/publicos/SIHSUS/200801_/Dados,1295558.0,,2026-09-16T09:42:18.531232+00:00,ok,True
PI,2016,9,available,RDPI1609.dbc,/dissemin/publicos/SIHSUS/200801_/Dados,1290698.0,,2026-09-16T09:42:18.531232+00:00,ok,True
PI,2016,10,available,RDPI1610.dbc,/dissemin/publicos/SIHSUS/200801_/Dados,1263329.0,,2026-09-16T09:42:18.531232+00:00,ok,True
PI,2016,11,available,RDPI1611.dbc,/dissemin/publicos/SIHSUS/200801_/Dados,1238164.0,,2026-09-16T09:42:18.531232+00:00,ok,True
PI,2016,12,available,RDPI1612.dbc,/dissemin/publicos/SIHSUS/200801_/Dados,1216001.0,,2026-09-16T09:42:18.531232+00:00,ok,True
PR,2016,1,available,RDPR1601.dbc,/dissemin/publicos/SIHSUS/200801_/Dados,4812925.0,,2026-09-16T09:42:18.531232+00:00,ok,True
PR,2016,2,available,RDPR1602.dbc,/dissemin/publicos/SIHSUS/200801_/Dados,4766445.0,,2026-09-16T09:42:18.531232+00:00,ok,True
PR,2016,3,available,RDPR1603.dbc,/dissemin/publicos/SIHSUS/200801_/Dados,5070494.0,,2026-09-16T09:42:18.531232+00:00,ok,True
PR,2016,4,available,RDPR1604.dbc,/dissemin/publicos/SIHSUS/200801_/Dados,5153105.0,,2026-09-16T09:42:18.531232+00:00,ok,True
PR,2016,5,available,RDPR1605.dbc,/dissemin/publicos/SIHSUS/200801_/Dados,5327776.0,,2026-09-16T09:42:18.531232+00:00,ok,True
PR,2016,6,available,RDPR1606.dbc,/dissemin/publicos/SIHSUS/200801_/Dados,5231615.0,,2026-09-16T09:42:18.531232+00:00,ok,True
PR,2016,7,available,RDPR1607.dbc,/dissemin/publicos/SIHSUS/200801_/Dados,5213511.0,,2026-09-16T09:42:18.531232+00:00,ok,True
PR,2016,8,available,RDPR1608.dbc,/dissemin/publicos/SIHSUS/200801_/Dados,5142924.0,,2026-09-16T09:42:18.531232+00:00,ok,True
PR,2016,9,available,RDPR1609.dbc,/dissemin/publicos/SIHSUS/200801_/Dados,5135107.0,,2026-09-16T09:42:18.531232+00:00,ok,True
PR,2016,10,available,RDPR1610.dbc,/dissemin/publicos/SIHSUS/200801_/Dados,5196337.0,,2026-09-16T09:42:18.531232+00:00,ok,True
PR,2016,11,available,RDPR1611.dbc,/dissemin/publicos/SIHSUS/200801_/Dados,5090327.0,,2026-09-16T09:42:18.531232+00:00,ok,True
PR,2016,12,available,RDPR1612.dbc,/dissemin/publicos/SIHSUS/200801_/Dados,4903465.0,,2026-09-16T09:42:18.531232+00:00,ok,True
RJ,2016,1,available,RDRJ1601.dbc,/dissemin/publicos/SIHSUS/200801_/Dados,4187567.0,,2026-09-16T09:42:18.531232+00:00,ok,True
RJ,2016,2,available,RDRJ1602.dbc,/dissemin/publicos/SIHSUS/200801_/Dados,3993797.0,,2026-09-16T09:42:18.531232+00:00,ok,True
RJ,2016,3,available,RDRJ1603.dbc,/dissemin/publicos/SIHSUS/200801_/Dados,4494441.0,,2026-09-16T09:42:18.531232+00:00,ok,True
RJ,2016,4,available,RDRJ1604.dbc,/dissemin/publicos/SIHSUS/200801_/Dados,4330615.0,,2026-09-16T09:42:18.531232+00:00,ok,True
RJ,2016,5,available,RDRJ1605.dbc,/dissemin/publicos/SIHSUS/200801_/Dados,4114880.0,,2026-09-16T09:42:18.531232+00:00,ok,True
RJ,2016,6,available,RDRJ1606.dbc,/dissemin/publicos/SIHSUS/200801_/Dados,4194363.0,,2026-09-16T09:42:18.531232+00:00,ok,True
RJ,2016,7,available,RDRJ1607.dbc,/dissemin/publicos/SIHSUS/200801_/Dados,4207394.0,,2026-09-16T09:42:18.531232+00:00,ok,True
RJ,2016,8,available,RDRJ1608.dbc,/dissemin/publicos/SIHSUS/200801_/Dados,4333869.0,,2026-09-16T09:42:18.531232+00:00,ok,True
RJ,2016,9,available,RDRJ1609.dbc,/dissemin/publicos/SIHSUS/200801_/Dados,4071252.0,,2026-09-16T09:42:18.531232+00:00,ok,True
RJ,2016,10,available,RDRJ1610.dbc,/dissemin/publicos/SIHSUS/200801_/Dados,3921524.0,,2026-09-16T09:42:18.531232+00:00,ok,True
RJ,2016,11,available,RDRJ1611.dbc,/dissemin/publicos/SIHSUS/200801_/Dados,3972337.0,,2026-09-16T09:42:18.531232+00:00,ok,True
RJ,2016,12,available,RDRJ1612.dbc,/dissemin/publicos/SIHSUS/200801_/Dados,3965529.0,,2026-09-16T09:42:18.531232+00:00,ok,True
RN,2016,1,available,RDRN1601.dbc,/dissemin/publicos/SIHSUS/200801_/Dados,924489.0,,2026-09-16T09:42:18.531232+00:00,ok,True
RN,2016,2,available,RDRN1602.dbc,/dissemin/publicos/SIHSUS/200801_/Dados,883890.0,,2026-09-16T09:42:18.531232+00:00,ok,True
RN,2016,3,available,RDRN1603.dbc,/dissemin/publicos/SIHSUS/200801_/Dados,1000862.0,,2026-09-16T09:42:18.531232+00:00,ok,True
RN,2016,4,available,RDRN1604.dbc,/dissemin/publicos/SIHSUS/200801_/Dados,1022270.0,,2026-09-16T09:42:18.531232+00:00,ok,True
RN,2016,5,available,RDRN1605.dbc,/dissemin/publicos/SIHSUS/200801_/Dados,1023633.0,,2026-09-16T09:42:18.531232+00:00,ok,True
RN,2016,6,available,RDRN1606.dbc,/dissemin/publicos/SIHSUS/200801_/Dados,1018187.0,,2026-09-16T09:42:18.531232+00:00,ok,True
RN,2016,7,available,RDRN1607.dbc,/dissemin/publicos/SIHSUS/200801_/Dados,973992.0,,2026-09-16T09:42:18.531232+00:00,ok,True
RN,2016,8,available,RDRN1608.dbc,/dissemin/publicos/SIHSUS/200801_/Dados,929444.0,,2026-09-16T09:42:18.531232+00:00,ok,True
RN,2016,9,available,RDRN1609.dbc,/dissemin/publicos/SIHSUS/200801_/Dados,825047.0,,2026-09-16T09:42:18.531232+00:00,ok,True
RN,2016,10,available,RDRN1610.dbc,/dissemin/publicos/SIHSUS/200801_/Dados,1000604.0,,2026-09-16T09:42:18.531232+00:00,ok,True
RN,2016,11,available,RDRN1611.dbc,/dissemin/publicos/SIHSUS/200801_/Dados,930967.0,,2026-09-16T09:42:18.531232+00:00,ok,True
RN,2016,12,available,RDRN1612.dbc,/dissemin/publicos/SIHSUS/200801_/Dados,962947.0,,2026-09-16T09:42:18.531232+00:00,ok,True
RO,2016,1,available,RDRO1601.dbc,/dissemin/publicos/SIHSUS/200801_/Dados,612200.0,,2026-09-16T09:42:18.531232+00:00,ok,True
RO,2016,2,available,RDRO1602.dbc,/dissemin/publicos/SIHSUS/200801_/Dados,639026.0,,2026-09-16T09:42:18.531232+00:00,ok,True
RO,2016,3,available,RDRO1603.dbc,/dissemin/publicos/SIHSUS/200801_/Dados,636801.0,,2026-09-16T09:42:18.531232+00:00,ok,True
RO,2016,4,available,RDRO1604.dbc,/dissemin/publicos/SIHSUS/200801_/Dados,670085.0,,2026-09-16T09:42:18.531232+00:00,ok,True
RO,2016,5,available,RDRO1605.dbc,/dissemin/publicos/SIHSUS/200801_/Dados,634230.0,,2026-09-16T09:42:18.531232+00:00,ok,True
RO,2016,6,available,RDRO1606.dbc,/dissemin/publicos/SIHSUS/200801_/Dados,672816.0,,2026-09-16T09:42:18.531232+00:00,ok,True
RO,2016,7,available,RDRO1607.dbc,/dissemin/publicos/SIHSUS/200801_/Dados,652197.0,,2026-09-16T09:42:18.531232+00:00,ok,True
RO,2016,8,available,RDRO1608.dbc,/dissemin/publicos/SIHSUS/200801_/Dados,637804.0,,2026-09-16T09:42:18.531232+00:00,ok,True
RO,2016,9,available,RDRO1609.dbc,/dissemin/publicos/SIHSUS/200801_/Dados,618085.0,,2026-09-16T09:42:18.531232+00:00,ok,True
RO,2016,10,available,RDRO1610.dbc,/dissemin/publicos/SIHSUS/200801_/Dados,582030.0,,2026-09-16T09:42:18.531232+00:00,ok,True
RO,2016,11,available,RDRO1611.dbc,/dissemin/publicos/SIHSUS/200801_/Dados,598116.0,,2026-09-16T09:42:18.531232+00:00,ok,True
RO,2016,12,available,RDRO1612.dbc,/dissemin/publicos/SIHSUS/200801_/Dados,593513.0,,2026-09-16T09:42:18.531232+00:00,ok,True
RR,2016,1,available,RDRR1601.dbc,/dissemin/publicos/SIHSUS/200801_/Dados,196012.0,,2026-09-16T09:42:18.531232+00:00,ok,True
RR,2016,2,available,RDRR1602.dbc,/dissemin/publicos/SIHSUS/200801_/Dados,180835.0,,2026-09-16T09:42:18.531232+00:00,ok,True
RR,2016,3,available,RDRR1603.dbc,/dissemin/publicos/SIHSUS/200801_/Dados,214891.0,,2026-09-16T09:42:18.531232+00:00,ok,True
RR,2016,4,available,RDRR1604.dbc,/dissemin/publicos/SIHSUS/200801_/Dados,240021.0,,2026-09-16T09:42:18.531232+00:00,ok,True
RR,2016,5,available,RDRR1605.dbc,/dissemin/publicos/SIHSUS/200801_/Dados,253934.0,,2026-09-16T09:42:18.531232+00:00,ok,True
RR,2016,6,available,RDRR1606.dbc,/dissemin/publicos/SIHSUS/200801_/Dados,238517.0,,2026-09-16T09:42:18.531232+00:00,ok,True
RR,2016,7,available,RDRR1607.dbc,/dissemin/publicos/SIHSUS/200801_/Dados,279438.0,,2026-09-16T09:42:18.531232+00:00,ok,True
RR,2016,8,available,RDRR1608.dbc,/dissemin/publicos/SIHSUS/200801_/Dados,268177.0,,2026-09-16T09:42:18.531232+00:00,ok,True
RR,2016,9,available,RDRR1609.dbc,/dissemin/publicos/SIHSUS/200801_/Dados,272534.0,,2026-09-16T09:42:18.531232+00:00,ok,True
RR,2016,10,available,RDRR1610.dbc,/dissemin/publicos/SIHSUS/200801_/Dados,277780.0,,2026-09-16T09:42:18.531232+00:00,ok,True
RR,2016,11,available,RDRR1611.dbc,/dissemin/publicos/SIHSUS/200801_/Dados,275559.0,,2026-09-16T09:42:18.531232+00:00,ok,True
RR,2016,12,available,RDRR1612.dbc,/dissemin/publicos/SIHSUS/200801_/Dados,234840.0,,2026-09-16T09:42:18.531232+00:00,ok,True
RS,2016,1,available,RDRS1601.dbc,/dissemin/publicos/SIHSUS/200801_/Dados,4516083.0,,2026-09-16T09:42:18.531232+00:00,ok,True
RS,2016,2,available,RDRS1602.dbc,/dissemin/publicos/SIHSUS/200801_/Dados,4652443.0,,2026-09-16T09:42:18.531232+00:00,ok,True
RS,2016,3,available,RDRS1603.dbc,/dissemin/publicos/SIHSUS/200801_/Dados,4805434.0,,2026-09-16T09:42:18.531232+00:00,ok,True
RS,2016,4,available,RDRS1604.dbc,/dissemin/publicos/SIHSUS/200801_/Dados,4817522.0,,2026-09-16T09:42:18.531232+00:00,ok,True
RS,2016,5,available,RDRS1605.dbc,/dissemin/publicos/SIHSUS/200801_/Dados,4846750.0,,2026-09-16T09:42:18.531232+00:00,ok,True
RS,2016,6,available,RDRS1606.dbc,/dissemin/publicos/SIHSUS/200801_/Dados,4878259.0,,2026-09-16T09:42:18.531232+00:00,ok,True
RS,2016,7,available,RDRS1607.dbc,/dissemin/publicos/SIHSUS/200801_/Dados,5006729.0,,2026-09-16T09:42:18.531232+00:00,ok,True
RS,2016,8,available,RDRS1608.dbc,/dissemin/publicos/SIHSUS/200801_/Dados,5062032.0,,2026-09-16T09:42:18.531232+00:00,ok,True
RS,2016,9,available,RDRS1609.dbc,/dissemin/publicos/SIHSUS/200801_/Dados,4724759.0,,2026-09-16T09:42:18.531232+00:00,ok,True
RS,2016,10,available,RDRS1610.dbc,/dissemin/publicos/SIHSUS/200801_/Dados,5068668.0,,2026-09-16T09:42:18.531232+00:00,ok,True
RS,2016,11,available,RDRS1611.dbc,/dissemin/publicos/SIHSUS/200801_/Dados,4800215.0,,2026-09-16T09:42:18.531232+00:00,ok,True
RS,2016,12,available,RDRS1612.dbc,/dissemin/publicos/SIHSUS/200801_/Dados,4782113.0,,2026-09-16T09:42:18.531232+00:00,ok,True
SC,2016,1,available,RDSC1601.dbc,/dissemin/publicos/SIHSUS/200801_/Dados,2825319.0,,2026-09-16T09:42:18.531232+00:00,ok,True
SC,2016,2,available,RDSC1602.dbc,/dissemin/publicos/SIHSUS/200801_/Dados,2819924.0,,2026-09-16T09:42:18.531232+00:00,ok,True
SC,2016,3,available,RDSC1603.dbc,/dissemin/publicos/SIHSUS/200801_/Dados,2871720.0,,2026-09-16T09:42:18.531232+00:00,ok,True
SC,2016,4,available,RDSC1604.dbc,/dissemin/publicos/SIHSUS/200801_/Dados,3044784.0,,2026-09-16T09:42:18.531232+00:00,ok,True
SC,2016,5,available,RDSC1605.dbc,/dissemin/publicos/SIHSUS/200801_/Dados,3094830.0,,2026-09-16T09:42:18.531232+00:00,ok,True
SC,2016,6,available,RDSC1606.dbc,/dissemin/publicos/SIHSUS/200801_/Dados,3127849.0,,2026-09-16T09:42:18.531232+00:00,ok,True
SC,2016,7,available,RDSC1607.dbc,/dissemin/publicos/SIHSUS/200801_/Dados,3001241.0,,2026-09-16T09:42:18.531232+00:00,ok,True
SC,2016,8,available,RDSC1608.dbc,/dissemin/publicos/SIHSUS/200801_/Dados,3086879.0,,2026-09-16T09:42:18.531232+00:00,ok,True
SC,2016,9,available,RDSC1609.dbc,/dissemin/publicos/SIHSUS/200801_/Dados,3095777.0,,2026-09-16T09:42:18.531232+00:00,ok,True
SC,2016,10,available,RDSC1610.dbc,/dissemin/publicos/SIHSUS/200801_/Dados,3054511.0,,2026-09-16T09:42:18.531232+00:00,ok,True
SC,2016,11,available,RDSC1611.dbc,/dissemin/publicos/SIHSUS/200801_/Dados,2995830.0,,2026-09-16T09:42:18.531232+00:00,ok,True
SC,2016,12,available,RDSC1612.dbc,/dissemin/publicos/SIHSUS/200801_/Dados,2799997.0,,2026-09-16T09:42:18.531232+00:00,ok,True
SE,2016,1,available,RDSE1601.dbc,/dissemin/publicos/SIHSUS/200801_/Dados,496048.0,,2026-09-16T09:42:18.531232+00:00,ok,True
SE,2016,2,available,RDSE1602.dbc,/dissemin/publicos/SIHSUS/200801_/Dados,489183.0,,2026-09-16T09:42:18.531232+00:00,ok,True
SE,2016,3,available,RDSE1603.dbc,/dissemin/publicos/SIHSUS/200801_/Dados,555133.0,,2026-09-16T09:42:18.531232+00:00,ok,True
SE,2016,4,available,RDSE1604.dbc,/dissemin/publicos/SIHSUS/200801_/Dados,559326.0,,2026-09-16T09:42:18.531232+00:00,ok,True
SE,2016,5,available,RDSE1605.dbc,/dissemin/publicos/SIHSUS/200801_/Dados,592389.0,,2026-09-16T09:42:18.531232+00:00,ok,True
SE,2016,6,available,RDSE1606.dbc,/dissemin/publicos/SIHSUS/200801_/Dados,546474.0,,2026-09-16T09:42:18.531232+00:00,ok,True
SE,2016,7,available,RDSE1607.dbc,/dissemin/publicos/SIHSUS/200801_/Dados,602242.0,,2026-09-16T09:42:18.531232+00:00,ok,True
SE,2016,8,available,RDSE1608.dbc,/dissemin/publicos/SIHSUS/200801_/Dados,910238.0,,2026-09-16T09:42:18.531232+00:00,ok,True
SE,2016,9,available,RDSE1609.dbc,/dissemin/publicos/SIHSUS/200801_/Dados,434177.0,,2026-09-16T09:42:18.531232+00:00,ok,True
SE,2016,10,available,RDSE1610.dbc,/dissemin/publicos/SIHSUS/200801_/Dados,436946.0,,2026-09-16T09:42:18.531232+00:00,ok,True
SE,2016,11,available,RDSE1611.dbc,/dissemin/publicos/SIHSUS/200801_/Dados,479961.0,,2026-09-16T09:42:18.531232+00:00,ok,True
SE,2016,12,available,RDSE1612.dbc,/dissemin/publicos/SIHSUS/200801_/Dados,492303.0,,2026-09-16T09:42:18.531232+00:00,ok,True
SP,2016,1,available,RDSP1601.dbc,/dissemin/publicos/SIHSUS/200801_/Dados,14818924.0,,2026-09-16T09:42:18.531232+00:00,ok,True
SP,2016,2,available,RDSP1602.dbc,/dissemin/publicos/SIHSUS/200801_/Dados,14876531.0,,2026-09-16T09:42:18.531232+00:00,ok,True
SP,2016,3,available,RDSP1603.dbc,/dissemin/publicos/SIHSUS/200801_/Dados,16103107.0,,2026-09-16T09:42:18.531232+00:00,ok,True
SP,2016,4,available,RDSP1604.dbc,/dissemin/publicos/SIHSUS/200801_/Dados,15989618.0,,2026-09-16T09:42:18.531232+00:00,ok,True
SP,2016,5,available,RDSP1605.dbc,/dissemin/publicos/SIHSUS/200801_/Dados,16089689.0,,2026-09-16T09:42:18.531232+00:00,ok,True
SP,2016,6,available,RDSP1606.dbc,/dissemin/publicos/SIHSUS/200801_/Dados,16501498.0,,2026-09-16T09:42:18.531232+00:00,ok,True
SP,2016,7,available,RDSP1607.dbc,/dissemin/publicos/SIHSUS/200801_/Dados,16137589.0,,2026-09-16T09:42:18.531232+00:00,ok,True
SP,2016,8,available,RDSP1608.dbc,/dissemin/publicos/SIHSUS/200801_/Dados,16202587.0,,2026-09-16T09:42:18.531232+00:00,ok,True
SP,2016,9,available,RDSP1609.dbc,/dissemin/publicos/SIHSUS/200801_/Dados,15762102.0,,2026-09-16T09:42:18.531232+00:00,ok,True
SP,2016,10,available,RDSP1610.dbc,/dissemin/publicos/SIHSUS/200801_/Dados,15475356.0,,2026-09-16T09:42:18.531232+00:00,ok,True
SP,2016,11,available,RDSP1611.dbc,/dissemin/publicos/SIHSUS/200801_/Dados,15205327.0,,2026-09-16T09:42:18.531232+00:00,ok,True
SP,2016,12,available,RDSP1612.dbc,/dissemin/publicos/SIHSUS/200801_/Dados,15255430.0,,2026-09-16T09:42:18.531232+00:00,ok,True
TO,2016,1,available,RDTO1601.dbc,/dissemin/publicos/SIHSUS/200801_/Dados,438778.0,,2026-09-16T09:42:18.531232+00:00,ok,True
TO,2016,2,available,RDTO1602.dbc,/dissemin/publicos/SIHSUS/200801_/Dados,529940.0,,2026-09-16T09:42:18.531232+00:00,ok,True
TO,2016,3,available,RDTO1603.dbc,/dissemin/publicos/SIHSUS/200801_/Dados,542980.0,,2026-09-16T09:42:18.531232+00:00,ok,True
TO,2016,4,available,RDTO1604.dbc,/dissemin/publicos/SIHSUS/200801_/Dados,513296.0,,2026-09-16T09:42:18.531232+00:00,ok,True
TO,2016,5,available,RDTO1605.dbc,/dissemin/publicos/SIHSUS/200801_/Dados,516060.0,,2026-09-16T09:42:18.531232+00:00,ok,True
TO,2016,6,available,RDTO1606.dbc,/dissemin/publicos/SIHSUS/200801_/Dados,513995.0,,2026-09-16T09:42:18.531232+00:00,ok,True
TO,2016,7,available,RDTO1607.dbc,/dissemin/publicos/SIHSUS/200801_/Dados,539298.0,,2026-09-16T09:42:18.531232+00:00,ok,True
TO,2016,8,available,RDTO1608.dbc,/dissemin/publicos/SIHSUS/200801_/Dados,495243.0,,2026-09-16T09:42:18.531232+00:00,ok,True
TO,2016,9,available,RDTO1609.dbc,/dissemin/publicos/SIHSUS/200801_/Dados,467963.0,,2026-09-16T09:42:18.531232+00:00,ok,True
TO,2016,10,available,RDTO1610.dbc,/dissemin/publicos/SIHSUS/200801_/Dados,462918.0,,2026-09-16T09:42:18.531232+00:00,ok,True
TO,2016,11,available,RDTO1611.dbc,/dissemin/publicos/SIHSUS/200801_/Dados,509617.0,,2026-09-16T09:42:18.531232+00:00,ok,True
TO,2016,12,available,RDTO1612.dbc,/dissemin/publicos/SIHSUS/200801_/Dados,487166.0,,2026-09-16T09:42:18.531232+00:00,ok,True
AC,2017,1,available,RDAC1701.dbc,/dissemin/publicos/SIHSUS/200801_/Dados,262875.0,,2026-09-16T09:42:18.531232+00:00,ok,True
AC,2017,2,available,RDAC1702.dbc,/dissemin/publicos/SIHSUS/200801_/Dados,279984.0,,2026-09-16T09:42:18.531232+00:00,ok,True
AC,2017,3,available,RDAC1703.dbc,/dissemin/publicos/SIHSUS/200801_/Dados,266622.0,,2026-09-16T09:42:18.531232+00:00,ok,True
AC,2017,4,available,RDAC1704.dbc,/dissemin/publicos/SIHSUS/200801_/Dados,237875.0,,2026-09-16T09:42:18.531232+00:00,ok,True
AC,2017,5,available,RDAC1705.dbc,/dissemin/publicos/SIHSUS/200801_/Dados,253724.0,,2026-09-16T09:42:18.531232+00:00,ok,True
AC,2017,6,available,RDAC1706.dbc,/dissemin/publicos/SIHSUS/200801_/Dados,207264.0,,2026-09-16T09:42:18.531232+00:00,ok,True
AC,2017,7,available,RDAC1707.dbc,/dissemin/publicos/SIHSUS/200801_/Dados,208282.0,,2026-09-16T09:42:18.531232+00:00,ok,True
AC,2017,8,available,RDAC1708.dbc,/dissemin/publicos/SIHSUS/200801_/Dados,272628.0,,2026-09-16T09:42:18.531232+00:00,ok,True
AC,2017,9,available,RDAC1709.dbc,/dissemin/publicos/SIHSUS/200801_/Dados,271229.0,,2026-09-16T09:42:18.531232+00:00,ok,True
AC,2017,10,available,RDAC1710.dbc,/dissemin/publicos/SIHSUS/200801_/Dados,321408.0,,2026-09-16T09:42:18.531232+00:00,ok,True
AC,2017,11,available,RDAC1711.dbc,/dissemin/publicos/SIHSUS/200801_/Dados,314041.0,,2026-09-16T09:42:18.531232+00:00,ok,True
AC,2017,12,available,RDAC1712.dbc,/dissemin/publicos/SIHSUS/200801_/Dados,252047.0,,2026-09-16T09:42:18.531232+00:00,ok,True
AL,2017,1,available,RDAL1701.dbc,/dissemin/publicos/SIHSUS/200801_/Dados,990089.0,,2026-09-16T09:42:18.531232+00:00,ok,True
AL,2017,2,available,RDAL1702.dbc,/dissemin/publicos/SIHSUS/200801_/Dados,948028.0,,2026-09-16T09:42:18.531232+00:00,ok,True
AL,2017,3,available,RDAL1703.dbc,/dissemin/publicos/SIHSUS/200801_/Dados,1036823.0,,2026-09-16T09:42:18.531232+00:00,ok,True
AL,2017,4,available,RDAL1704.dbc,/dissemin/publicos/SIHSUS/200801_/Dados,1038076.0,,2026-09-16T09:42:18.531232+00:00,ok,True
AL,2017,5,available,RDAL1705.dbc,/dissemin/publicos/SIHSUS/200801_/Dados,1069622.0,,2026-09-16T09:42:18.531232+00:00,ok,True
AL,2017,6,available,RDAL1706.dbc,/dissemin/publicos/SIHSUS/200801_/Dados,1085784.0,,2026-09-16T09:42:18.531232+00:00,ok,True
AL,2017,7,available,RDAL1707.dbc,/dissemin/publicos/SIHSUS/200801_/Dados,1138154.0,,2026-09-16T09:42:18.531232+00:00,ok,True
AL,2017,8,available,RDAL1708.dbc,/dissemin/publicos/SIHSUS/200801_/Dados,1115046.0,,2026-09-16T09:42:18.531232+00:00,ok,True
AL,2017,9,available,RDAL1709.dbc,/dissemin/publicos/SIHSUS/200801_/Dados,1056351.0,,2026-09-16T09:42:18.531232+00:00,ok,True
AL,2017,10,available,RDAL1710.dbc,/dissemin/publicos/SIHSUS/200801_/Dados,1088032.0,,2026-09-16T09:42:18.531232+00:00,ok,True
AL,2017,11,available,RDAL1711.dbc,/dissemin/publicos/SIHSUS/200801_/Dados,1022460.0,,2026-09-16T09:42:18.531232+00:00,ok,True
AL,2017,12,available,RDAL1712.dbc,/dissemin/publicos/SIHSUS/200801_/Dados,1000677.0,,2026-09-16T09:42:18.531232+00:00,ok,True
AM,2017,1,available,RDAM1701.dbc,/dissemin/publicos/SIHSUS/200801_/Dados,926194.0,,2026-09-16T09:42:18.531232+00:00,ok,True
AM,2017,2,available,RDAM1702.dbc,/dissemin/publicos/SIHSUS/200801_/Dados,861877.0,,2026-09-16T09:42:18.531232+00:00,ok,True
AM,2017,3,available,RDAM1703.dbc,/dissemin/publicos/SIHSUS/200801_/Dados,1023594.0,,2026-09-16T09:42:18.531232+00:00,ok,True
AM,2017,4,available,RDAM1704.dbc,/dissemin/publicos/SIHSUS/200801_/Dados,983914.0,,2026-09-16T09:42:18.531232+00:00,ok,True
AM,2017,5,available,RDAM1705.dbc,/dissemin/publicos/SIHSUS/200801_/Dados,1042504.0,,2026-09-16T09:42:18.531232+00:00,ok,True
AM,2017,6,available,RDAM1706.dbc,/dissemin/publicos/SIHSUS/200801_/Dados,1004170.0,,2026-09-16T09:42:18.531232+00:00,ok,True
AM,2017,7,available,RDAM1707.dbc,/dissemin/publicos/SIHSUS/200801_/Dados,1059135.0,,2026-09-16T09:42:18.531232+00:00,ok,True
AM,2017,8,available,RDAM1708.dbc,/dissemin/publicos/SIHSUS/200801_/Dados,1017127.0,,2026-09-16T09:42:18.531232+00:00,ok,True
AM,2017,9,available,RDAM1709.dbc,/dissemin/publicos/SIHSUS/200801_/Dados,992548.0,,2026-09-16T09:42:18.531232+00:00,ok,True
AM,2017,10,available,RDAM1710.dbc,/dissemin/publicos/SIHSUS/200801_/Dados,1022637.0,,2026-09-16T09:42:18.531232+00:00,ok,True
AM,2017,11,available,RDAM1711.dbc,/dissemin/publicos/SIHSUS/200801_/Dados,944971.0,,2026-09-16T09:42:18.531232+00:00,ok,True
AM,2017,12,available,RDAM1712.dbc,/dissemin/publicos/SIHSUS/200801_/Dados,964175.0,,2026-09-16T09:42:18.531232+00:00,ok,True
AP,2017,1,available,RDAP1701.dbc,/dissemin/publicos/SIHSUS/200801_/Dados,177556.0,,2026-09-16T09:42:18.531232+00:00,ok,True
AP,2017,2,available,RDAP1702.dbc,/dissemin/publicos/SIHSUS/200801_/Dados,179281.0,,2026-09-16T09:42:18.531232+00:00,ok,True
AP,2017,3,available,RDAP1703.dbc,/dissemin/publicos/SIHSUS/200801_/Dados,183961.0,,2026-09-16T09:42:18.531232+00:00,ok,True
AP,2017,4,available,RDAP1704.dbc,/dissemin/publicos/SIHSUS/200801_/Dados,174142.0,,2026-09-16T09:42:18.531232+00:00,ok,True
AP,2017,5,available,RDAP1705.dbc,/dissemin/publicos/SIHSUS/200801_/Dados,195175.0,,2026-09-16T09:42:18.531232+00:00,ok,True
AP,2017,6,available,RDAP1706.dbc,/dissemin/publicos/SIHSUS/200801_/Dados,182480.0,,2026-09-16T09:42:18.531232+00:00,ok,True
AP,2017,7,available,RDAP1707.dbc,/dissemin/publicos/SIHSUS/200801_/Dados,181740.0,,2026-09-16T09:42:18.531232+00:00,ok,True
AP,2017,8,available,RDAP1708.dbc,/dissemin/publicos/SIHSUS/200801_/Dados,184824.0,,2026-09-16T09:42:18.531232+00:00,ok,True
AP,2017,9,available,RDAP1709.dbc,/dissemin/publicos/SIHSUS/200801_/Dados,197670.0,,2026-09-16T09:42:18.531232+00:00,ok,True
AP,2017,10,available,RDAP1710.dbc,/dissemin/publicos/SIHSUS/200801_/Dados,190179.0,,2026-09-16T09:42:18.531232+00:00,ok,True
AP,2017,11,available,RDAP1711.dbc,/dissemin/publicos/SIHSUS/200801_/Dados,181890.0,,2026-09-16T09:42:18.531232+00:00,ok,True
AP,2017,12,available,RDAP1712.dbc,/dissemin/publicos/SIHSUS/200801_/Dados,165189.0,,2026-09-16T09:42:18.531232+00:00,ok,True
BA,2017,1,available,RDBA1701.dbc,/dissemin/publicos/SIHSUS/200801_/Dados,4551192.0,,2026-09-16T09:42:18.531232+00:00,ok,True
BA,2017,2,available,RDBA1702.dbc,/dissemin/publicos/SIHSUS/200801_/Dados,4252963.0,,2026-09-16T09:42:18.531232+00:00,ok,True
BA,2017,3,available,RDBA1703.dbc,/dissemin/publicos/SIHSUS/200801_/Dados,4788479.0,,2026-09-16T09:42:18.531232+00:00,ok,True
BA,2017,4,available,RDBA1704.dbc,/dissemin/publicos/SIHSUS/200801_/Dados,4584602.0,,2026-09-16T09:42:18.531232+00:00,ok,True
BA,2017,5,available,RDBA1705.dbc,/dissemin/publicos/SIHSUS/200801_/Dados,4922092.0,,2026-09-16T09:42:18.531232+00:00,ok,True
BA,2017,6,available,RDBA1706.dbc,/dissemin/publicos/SIHSUS/200801_/Dados,4892329.0,,2026-09-16T09:42:18.531232+00:00,ok,True
BA,2017,7,available,RDBA1707.dbc,/dissemin/publicos/SIHSUS/200801_/Dados,4658730.0,,2026-09-16T09:42:18.531232+00:00,ok,True
BA,2017,8,available,RDBA1708.dbc,/dissemin/publicos/SIHSUS/200801_/Dados,4719806.0,,2026-09-16T09:42:18.531232+00:00,ok,True
BA,2017,9,available,RDBA1709.dbc,/dissemin/publicos/SIHSUS/200801_/Dados,5033406.0,,2026-09-16T09:42:18.531232+00:00,ok,True
BA,2017,10,available,RDBA1710.dbc,/dissemin/publicos/SIHSUS/200801_/Dados,5222773.0,,2026-09-16T09:42:18.531232+00:00,ok,True
BA,2017,11,available,RDBA1711.dbc,/dissemin/publicos/SIHSUS/200801_/Dados,4893955.0,,2026-09-16T09:42:18.531232+00:00,ok,True
BA,2017,12,available,RDBA1712.dbc,/dissemin/publicos/SIHSUS/200801_/Dados,4453145.0,,2026-09-16T09:42:18.531232+00:00,ok,True
CE,2017,1,available,RDCE1701.dbc,/dissemin/publicos/SIHSUS/200801_/Dados,2634384.0,,2026-09-16T09:42:18.531232+00:00,ok,True
CE,2017,2,available,RDCE1702.dbc,/dissemin/publicos/SIHSUS/200801_/Dados,2609790.0,,2026-09-16T09:42:18.531232+00:00,ok,True
CE,2017,3,available,RDCE1703.dbc,/dissemin/publicos/SIHSUS/200801_/Dados,2810597.0,,2026-09-16T09:42:18.531232+00:00,ok,True
CE,2017,4,available,RDCE1704.dbc,/dissemin/publicos/SIHSUS/200801_/Dados,2727735.0,,2026-09-16T09:42:18.531232+00:00,ok,True
CE,2017,5,available,RDCE1705.dbc,/dissemin/publicos/SIHSUS/200801_/Dados,2878087.0,,2026-09-16T09:42:18.531232+00:00,ok,True
CE,2017,6,available,RDCE1706.dbc,/dissemin/publicos/SIHSUS/200801_/Dados,2817627.0,,2026-09-16T09:42:18.531232+00:00,ok,True
CE,2017,7,available,RDCE1707.dbc,/dissemin/publicos/SIHSUS/200801_/Dados,2872509.0,,2026-09-16T09:42:18.531232+00:00,ok,True
CE,2017,8,available,RDCE1708.dbc,/dissemin/publicos/SIHSUS/200801_/Dados,2901393.0,,2026-09-16T09:42:18.531232+00:00,ok,True
CE,2017,9,available,RDCE1709.dbc,/dissemin/publicos/SIHSUS/200801_/Dados,2777239.0,,2026-09-16T09:42:18.531232+00:00,ok,True
CE,2017,10,available,RDCE1710.dbc,/dissemin/publicos/SIHSUS/200801_/Dados,2888461.0,,2026-09-16T09:42:18.531232+00:00,ok,True
CE,2017,11,available,RDCE1711.dbc,/dissemin/publicos/SIHSUS/200801_/Dados,2825988.0,,2026-09-16T09:42:18.531232+00:00,ok,True
CE,2017,12,available,RDCE1712.dbc,/dissemin/publicos/SIHSUS/200801_/Dados,2707667.0,,2026-09-16T09:42:18.531232+00:00,ok,True
DF,2017,1,available,RDDF1701.dbc,/dissemin/publicos/SIHSUS/200801_/Dados,1275477.0,,2026-09-16T09:42:18.531232+00:00,ok,True
DF,2017,2,available,RDDF1702.dbc,/dissemin/publicos/SIHSUS/200801_/Dados,1242775.0,,2026-09-16T09:42:18.531232+00:00,ok,True
DF,2017,3,available,RDDF1703.dbc,/dissemin/publicos/SIHSUS/200801_/Dados,1398083.0,,2026-09-16T09:42:18.531232+00:00,ok,True
DF,2017,4,available,RDDF1704.dbc,/dissemin/publicos/SIHSUS/200801_/Dados,1233443.0,,2026-09-16T09:42:18.531232+00:00,ok,True
DF,2017,5,available,RDDF1705.dbc,/dissemin/publicos/SIHSUS/200801_/Dados,1218721.0,,2026-09-16T09:42:18.531232+00:00,ok,True
DF,2017,6,available,RDDF1706.dbc,/dissemin/publicos/SIHSUS/200801_/Dados,1160129.0,,2026-09-16T09:42:18.531232+00:00,ok,True
DF,2017,7,available,RDDF1707.dbc,/dissemin/publicos/SIHSUS/200801_/Dados,1142275.0,,2026-09-16T09:42:18.531232+00:00,ok,True
DF,2017,8,available,RDDF1708.dbc,/dissemin/publicos/SIHSUS/200801_/Dados,1234661.0,,2026-09-16T09:42:18.531232+00:00,ok,True
DF,2017,9,available,RDDF1709.dbc,/dissemin/publicos/SIHSUS/200801_/Dados,1270296.0,,2026-09-16T09:42:18.531232+00:00,ok,True
DF,2017,10,available,RDDF1710.dbc,/dissemin/publicos/SIHSUS/200801_/Dados,1275581.0,,2026-09-16T09:42:18.531232+00:00,ok,True
DF,2017,11,available,RDDF1711.dbc,/dissemin/publicos/SIHSUS/200801_/Dados,1230774.0,,2026-09-16T09:42:18.531232+00:00,ok,True
DF,2017,12,available,RDDF1712.dbc,/dissemin/publicos/SIHSUS/200801_/Dados,1132700.0,,2026-09-16T09:42:18.531232+00:00,ok,True
ES,2017,1,available,RDES1701.dbc,/dissemin/publicos/SIHSUS/200801_/Dados,1499390.0,,2026-09-16T09:42:18.531232+00:00,ok,True
ES,2017,2,available,RDES1702.dbc,/dissemin/publicos/SIHSUS/200801_/Dados,1415458.0,,2026-09-16T09:42:18.531232+00:00,ok,True
ES,2017,3,available,RDES1703.dbc,/dissemin/publicos/SIHSUS/200801_/Dados,1576826.0,,2026-09-16T09:42:18.531232+00:00,ok,True
ES,2017,4,available,RDES1704.dbc,/dissemin/publicos/SIHSUS/200801_/Dados,1506176.0,,2026-09-16T09:42:18.531232+00:00,ok,True
ES,2017,5,available,RDES1705.dbc,/dissemin/publicos/SIHSUS/200801_/Dados,1578053.0,,2026-09-16T09:42:18.531232+00:00,ok,True
ES,2017,6,available,RDES1706.dbc,/dissemin/publicos/SIHSUS/200801_/Dados,1582410.0,,2026-09-16T09:42:18.531232+00:00,ok,True
ES,2017,7,available,RDES1707.dbc,/dissemin/publicos/SIHSUS/200801_/Dados,1567050.0,,2026-09-16T09:42:18.531232+00:00,ok,True
ES,2017,8,available,RDES1708.dbc,/dissemin/publicos/SIHSUS/200801_/Dados,1559139.0,,2026-09-16T09:42:18.531232+00:00,ok,True
ES,2017,9,available,RDES1709.dbc,/dissemin/publicos/SIHSUS/200801_/Dados,1478062.0,,2026-09-16T09:42:18.531232+00:00,ok,True
ES,2017,10,available,RDES1710.dbc,/dissemin/publicos/SIHSUS/200801_/Dados,1530934.0,,2026-09-16T09:42:18.531232+00:00,ok,True
ES,2017,11,available,RDES1711.dbc,/dissemin/publicos/SIHSUS/200801_/Dados,1621413.0,,2026-09-16T09:42:18.531232+00:00,ok,True
ES,2017,12,available,RDES1712.dbc,/dissemin/publicos/SIHSUS/200801_/Dados,1529620.0,,2026-09-16T09:42:18.531232+00:00,ok,True
GO,2017,1,available,RDGO1701.dbc,/dissemin/publicos/SIHSUS/200801_/Dados,1956273.0,,2026-09-16T09:42:18.531232+00:00,ok,True
GO,2017,2,available,RDGO1702.dbc,/dissemin/publicos/SIHSUS/200801_/Dados,1902842.0,,2026-09-16T09:42:18.531232+00:00,ok,True
GO,2017,3,available,RDGO1703.dbc,/dissemin/publicos/SIHSUS/200801_/Dados,2061448.0,,2026-09-16T09:42:18.531232+00:00,ok,True
GO,2017,4,available,RDGO1704.dbc,/dissemin/publicos/SIHSUS/200801_/Dados,2030294.0,,2026-09-16T09:42:18.531232+00:00,ok,True
GO,2017,5,available,RDGO1705.dbc,/dissemin/publicos/SIHSUS/200801_/Dados,2161929.0,,2026-09-16T09:42:18.531232+00:00,ok,True
GO,2017,6,available,RDGO1706.dbc,/dissemin/publicos/SIHSUS/200801_/Dados,2062711.0,,2026-09-16T09:42:18.531232+00:00,ok,True
GO,2017,7,available,RDGO1707.dbc,/dissemin/publicos/SIHSUS/200801_/Dados,2027379.0,,2026-09-16T09:42:18.531232+00:00,ok,True
GO,2017,8,available,RDGO1708.dbc,/dissemin/publicos/SIHSUS/200801_/Dados,2010151.0,,2026-09-16T09:42:18.531232+00:00,ok,True
GO,2017,9,available,RDGO1709.dbc,/dissemin/publicos/SIHSUS/200801_/Dados,2058000.0,,2026-09-16T09:42:18.531232+00:00,ok,True
GO,2017,10,available,RDGO1710.dbc,/dissemin/publicos/SIHSUS/200801_/Dados,2073124.0,,2026-09-16T09:42:18.531232+00:00,ok,True
GO,2017,11,available,RDGO1711.dbc,/dissemin/publicos/SIHSUS/200801_/Dados,2025822.0,,2026-09-16T09:42:18.531232+00:00,ok,True
GO,2017,12,available,RDGO1712.dbc,/dissemin/publicos/SIHSUS/200801_/Dados,1962617.0,,2026-09-16T09:42:18.531232+00:00,ok,True
MA,2017,1,available,RDMA1701.dbc,/dissemin/publicos/SIHSUS/200801_/Dados,2086546.0,,2026-09-16T09:42:18.531232+00:00,ok,True
MA,2017,2,available,RDMA1702.dbc,/dissemin/publicos/SIHSUS/200801_/Dados,2324424.0,,2026-09-16T09:42:18.531232+00:00,ok,True
MA,2017,3,available,RDMA1703.dbc,/dissemin/publicos/SIHSUS/200801_/Dados,2486354.0,,2026-09-16T09:42:18.531232+00:00,ok,True
MA,2017,4,available,RDMA1704.dbc,/dissemin/publicos/SIHSUS/200801_/Dados,2358440.0,,2026-09-16T09:42:18.531232+00:00,ok,True
MA,2017,5,available,RDMA1705.dbc,/dissemin/publicos/SIHSUS/200801_/Dados,2514248.0,,2026-09-16T09:42:18.531232+00:00,ok,True
MA,2017,6,available,RDMA1706.dbc,/dissemin/publicos/SIHSUS/200801_/Dados,2453892.0,,2026-09-16T09:42:18.531232+00:00,ok,True
MA,2017,7,available,RDMA1707.dbc,/dissemin/publicos/SIHSUS/200801_/Dados,2597913.0,,2026-09-16T09:42:18.531232+00:00,ok,True
MA,2017,8,available,RDMA1708.dbc,/dissemin/publicos/SIHSUS/200801_/Dados,2477606.0,,2026-09-16T09:42:18.531232+00:00,ok,True
MA,2017,9,available,RDMA1709.dbc,/dissemin/publicos/SIHSUS/200801_/Dados,2446471.0,,2026-09-16T09:42:18.531232+00:00,ok,True
MA,2017,10,available,RDMA1710.dbc,/dissemin/publicos/SIHSUS/200801_/Dados,2366189.0,,2026-09-16T09:42:18.531232+00:00,ok,True
MA,2017,11,available,RDMA1711.dbc,/dissemin/publicos/SIHSUS/200801_/Dados,2363150.0,,2026-09-16T09:42:18.531232+00:00,ok,True
MA,2017,12,available,RDMA1712.dbc,/dissemin/publicos/SIHSUS/200801_/Dados,2507614.0,,2026-09-16T09:42:18.531232+00:00,ok,True
MG,2017,1,available,RDMG1701.dbc,/dissemin/publicos/SIHSUS/200801_/Dados,7561245.0,,2026-09-16T09:42:18.531232+00:00,ok,True
MG,2017,2,available,RDMG1702.dbc,/dissemin/publicos/SIHSUS/200801_/Dados,7108485.0,,2026-09-16T09:42:18.531232+00:00,ok,True
MG,2017,3,available,RDMG1703.dbc,/dissemin/publicos/SIHSUS/200801_/Dados,7819208.0,,2026-09-16T09:42:18.531232+00:00,ok,True
MG,2017,4,available,RDMG1704.dbc,/dissemin/publicos/SIHSUS/200801_/Dados,7523375.0,,2026-09-16T09:42:18.531232+00:00,ok,True
MG,2017,5,available,RDMG1705.dbc,/dissemin/publicos/SIHSUS/200801_/Dados,8031947.0,,2026-09-16T09:42:18.531232+00:00,ok,True
MG,2017,6,available,RDMG1706.dbc,/dissemin/publicos/SIHSUS/200801_/Dados,7832293.0,,2026-09-16T09:42:18.531232+00:00,ok,True
MG,2017,7,available,RDMG1707.dbc,/dissemin/publicos/SIHSUS/200801_/Dados,7992030.0,,2026-09-16T09:42:18.531232+00:00,ok,True
MG,2017,8,available,RDMG1708.dbc,/dissemin/publicos/SIHSUS/200801_/Dados,8061377.0,,2026-09-16T09:42:18.531232+00:00,ok,True
MG,2017,9,available,RDMG1709.dbc,/dissemin/publicos/SIHSUS/200801_/Dados,7832270.0,,2026-09-16T09:42:18.531232+00:00,ok,True
MG,2017,10,available,RDMG1710.dbc,/dissemin/publicos/SIHSUS/200801_/Dados,7783763.0,,2026-09-16T09:42:18.531232+00:00,ok,True
MG,2017,11,available,RDMG1711.dbc,/dissemin/publicos/SIHSUS/200801_/Dados,7871710.0,,2026-09-16T09:42:18.531232+00:00,ok,True
MG,2017,12,available,RDMG1712.dbc,/dissemin/publicos/SIHSUS/200801_/Dados,7791555.0,,2026-09-16T09:42:18.531232+00:00,ok,True
MS,2017,1,available,RDMS1701.dbc,/dissemin/publicos/SIHSUS/200801_/Dados,1002427.0,,2026-09-16T09:42:18.531232+00:00,ok,True
MS,2017,2,available,RDMS1702.dbc,/dissemin/publicos/SIHSUS/200801_/Dados,968309.0,,2026-09-16T09:42:18.531232+00:00,ok,True
MS,2017,3,available,RDMS1703.dbc,/dissemin/publicos/SIHSUS/200801_/Dados,1034360.0,,2026-09-16T09:42:18.531232+00:00,ok,True
MS,2017,4,available,RDMS1704.dbc,/dissemin/publicos/SIHSUS/200801_/Dados,1014848.0,,2026-09-16T09:42:18.531232+00:00,ok,True
MS,2017,5,available,RDMS1705.dbc,/dissemin/publicos/SIHSUS/200801_/Dados,1078182.0,,2026-09-16T09:42:18.531232+00:00,ok,True
MS,2017,6,available,RDMS1706.dbc,/dissemin/publicos/SIHSUS/200801_/Dados,1069324.0,,2026-09-16T09:42:18.531232+00:00,ok,True
MS,2017,7,available,RDMS1707.dbc,/dissemin/publicos/SIHSUS/200801_/Dados,1079637.0,,2026-09-16T09:42:18.531232+00:00,ok,True
MS,2017,8,available,RDMS1708.dbc,/dissemin/publicos/SIHSUS/200801_/Dados,1094575.0,,2026-09-16T09:42:18.531232+00:00,ok,True
MS,2017,9,available,RDMS1709.dbc,/dissemin/publicos/SIHSUS/200801_/Dados,1049308.0,,2026-09-16T09:42:18.531232+00:00,ok,True
MS,2017,10,available,RDMS1710.dbc,/dissemin/publicos/SIHSUS/200801_/Dados,1065533.0,,2026-09-16T09:42:18.531232+00:00,ok,True
MS,2017,11,available,RDMS1711.dbc,/dissemin/publicos/SIHSUS/200801_/Dados,1048567.0,,2026-09-16T09:42:18.531232+00:00,ok,True
MS,2017,12,available,RDMS1712.dbc,/dissemin/publicos/SIHSUS/200801_/Dados,1031187.0,,2026-09-16T09:42:18.531232+00:00,ok,True
MT,2017,1,available,RDMT1701.dbc,/dissemin/publicos/SIHSUS/200801_/Dados,1107214.0,,2026-09-16T09:42:18.531232+00:00,ok,True
MT,2017,2,available,RDMT1702.dbc,/dissemin/publicos/SIHSUS/200801_/Dados,1067683.0,,2026-09-16T09:42:18.531232+00:00,ok,True
MT,2017,3,available,RDMT1703.dbc,/dissemin/publicos/SIHSUS/200801_/Dados,1159452.0,,2026-09-16T09:42:18.531232+00:00,ok,True
MT,2017,4,available,RDMT1704.dbc,/dissemin/publicos/SIHSUS/200801_/Dados,1192641.0,,2026-09-16T09:42:18.531232+00:00,ok,True
MT,2017,5,available,RDMT1705.dbc,/dissemin/publicos/SIHSUS/200801_/Dados,1226138.0,,2026-09-16T09:42:18.531232+00:00,ok,True
MT,2017,6,available,RDMT1706.dbc,/dissemin/publicos/SIHSUS/200801_/Dados,1130609.0,,2026-09-16T09:42:18.531232+00:00,ok,True
MT,2017,7,available,RDMT1707.dbc,/dissemin/publicos/SIHSUS/200801_/Dados,1187307.0,,2026-09-16T09:42:18.531232+00:00,ok,True
MT,2017,8,available,RDMT1708.dbc,/dissemin/publicos/SIHSUS/200801_/Dados,1217091.0,,2026-09-16T09:42:18.531232+00:00,ok,True
MT,2017,9,available,RDMT1709.dbc,/dissemin/publicos/SIHSUS/200801_/Dados,1165309.0,,2026-09-16T09:42:18.531232+00:00,ok,True
MT,2017,10,available,RDMT1710.dbc,/dissemin/publicos/SIHSUS/200801_/Dados,1170677.0,,2026-09-16T09:42:18.531232+00:00,ok,True
MT,2017,11,available,RDMT1711.dbc,/dissemin/publicos/SIHSUS/200801_/Dados,1137306.0,,2026-09-16T09:42:18.531232+00:00,ok,True
MT,2017,12,available,RDMT1712.dbc,/dissemin/publicos/SIHSUS/200801_/Dados,1086104.0,,2026-09-16T09:42:18.531232+00:00,ok,True
PA,2017,1,available,RDPA1701.dbc,/dissemin/publicos/SIHSUS/200801_/Dados,2474860.0,,2026-09-16T09:42:18.531232+00:00,ok,True
PA,2017,2,available,RDPA1702.dbc,/dissemin/publicos/SIHSUS/200801_/Dados,2524471.0,,2026-09-16T09:42:18.531232+00:00,ok,True
PA,2017,3,available,RDPA1703.dbc,/dissemin/publicos/SIHSUS/200801_/Dados,2527258.0,,2026-09-16T09:42:18.531232+00:00,ok,True
PA,2017,4,available,RDPA1704.dbc,/dissemin/publicos/SIHSUS/200801_/Dados,2589352.0,,2026-09-16T09:42:18.531232+00:00,ok,True
PA,2017,5,available,RDPA1705.dbc,/dissemin/publicos/SIHSUS/200801_/Dados,2561984.0,,2026-09-16T09:42:18.531232+00:00,ok,True
PA,2017,6,available,RDPA1706.dbc,/dissemin/publicos/SIHSUS/200801_/Dados,2664417.0,,2026-09-16T09:42:18.531232+00:00,ok,True
PA,2017,7,available,RDPA1707.dbc,/dissemin/publicos/SIHSUS/200801_/Dados,2590124.0,,2026-09-16T09:42:18.531232+00:00,ok,True
PA,2017,8,available,RDPA1708.dbc,/dissemin/publicos/SIHSUS/200801_/Dados,2646195.0,,2026-09-16T09:42:18.531232+00:00,ok,True
PA,2017,9,available,RDPA1709.dbc,/dissemin/publicos/SIHSUS/200801_/Dados,2823454.0,,2026-09-16T09:42:18.531232+00:00,ok,True
PA,2017,10,available,RDPA1710.dbc,/dissemin/publicos/SIHSUS/200801_/Dados,2817651.0,,2026-09-16T09:42:18.531232+00:00,ok,True
PA,2017,11,available,RDPA1711.dbc,/dissemin/publicos/SIHSUS/200801_/Dados,2710099.0,,2026-09-16T09:42:18.531232+00:00,ok,True
PA,2017,12,available,RDPA1712.dbc,/dissemin/publicos/SIHSUS/200801_/Dados,2693164.0,,2026-09-16T09:42:18.531232+00:00,ok,True
PB,2017,1,available,RDPB1701.dbc,/dissemin/publicos/SIHSUS/200801_/Dados,1078607.0,,2026-09-16T09:42:18.531232+00:00,ok,True
PB,2017,2,available,RDPB1702.dbc,/dissemin/publicos/SIHSUS/200801_/Dados,1017238.0,,2026-09-16T09:42:18.531232+00:00,ok,True
PB,2017,3,available,RDPB1703.dbc,/dissemin/publicos/SIHSUS/200801_/Dados,1130994.0,,2026-09-16T09:42:18.531232+00:00,ok,True
PB,2017,4,available,RDPB1704.dbc,/dissemin/publicos/SIHSUS/200801_/Dados,1134781.0,,2026-09-16T09:42:18.531232+00:00,ok,True
PB,2017,5,available,RDPB1705.dbc,/dissemin/publicos/SIHSUS/200801_/Dados,1202582.0,,2026-09-16T09:42:18.531232+00:00,ok,True
PB,2017,6,available,RDPB1706.dbc,/dissemin/publicos/SIHSUS/200801_/Dados,1116899.0,,2026-09-16T09:42:18.531232+00:00,ok,True
PB,2017,7,available,RDPB1707.dbc,/dissemin/publicos/SIHSUS/200801_/Dados,1103954.0,,2026-09-16T09:42:18.531232+00:00,ok,True
PB,2017,8,available,RDPB1708.dbc,/dissemin/publicos/SIHSUS/200801_/Dados,1162190.0,,2026-09-16T09:42:18.531232+00:00,ok,True
PB,2017,9,available,RDPB1709.dbc,/dissemin/publicos/SIHSUS/200801_/Dados,1151271.0,,2026-09-16T09:42:18.531232+00:00,ok,True
PB,2017,10,available,RDPB1710.dbc,/dissemin/publicos/SIHSUS/200801_/Dados,1158357.0,,2026-09-16T09:42:18.531232+00:00,ok,True
PB,2017,11,available,RDPB1711.dbc,/dissemin/publicos/SIHSUS/200801_/Dados,1170763.0,,2026-09-16T09:42:18.531232+00:00,ok,True
PB,2017,12,available,RDPB1712.dbc,/dissemin/publicos/SIHSUS/200801_/Dados,1112037.0,,2026-09-16T09:42:18.531232+00:00,ok,True
PE,2017,1,available,RDPE1701.dbc,/dissemin/publicos/SIHSUS/200801_/Dados,3129728.0,,2026-09-16T09:42:18.531232+00:00,ok,True
PE,2017,2,available,RDPE1702.dbc,/dissemin/publicos/SIHSUS/200801_/Dados,3075567.0,,2026-09-16T09:42:18.531232+00:00,ok,True
PE,2017,3,available,RDPE1703.dbc,/dissemin/publicos/SIHSUS/200801_/Dados,3349985.0,,2026-09-16T09:42:18.531232+00:00,ok,True
PE,2017,4,available,RDPE1704.dbc,/dissemin/publicos/SIHSUS/200801_/Dados,3315720.0,,2026-09-16T09:42:18.531232+00:00,ok,True
PE,2017,5,available,RDPE1705.dbc,/dissemin/publicos/SIHSUS/200801_/Dados,3597588.0,,2026-09-16T09:42:18.531232+00:00,ok,True
PE,2017,6,available,RDPE1706.dbc,/dissemin/publicos/SIHSUS/200801_/Dados,3507569.0,,2026-09-16T09:42:18.531232+00:00,ok,True
PE,2017,7,available,RDPE1707.dbc,/dissemin/publicos/SIHSUS/200801_/Dados,3581845.0,,2026-09-16T09:42:18.531232+00:00,ok,True
PE,2017,8,available,RDPE1708.dbc,/dissemin/publicos/SIHSUS/200801_/Dados,3539293.0,,2026-09-16T09:42:18.531232+00:00,ok,True
PE,2017,9,available,RDPE1709.dbc,/dissemin/publicos/SIHSUS/200801_/Dados,3453160.0,,2026-09-16T09:42:18.531232+00:00,ok,True
PE,2017,10,available,RDPE1710.dbc,/dissemin/publicos/SIHSUS/200801_/Dados,3410464.0,,2026-09-16T09:42:18.531232+00:00,ok,True
PE,2017,11,available,RDPE1711.dbc,/dissemin/publicos/SIHSUS/200801_/Dados,3353598.0,,2026-09-16T09:42:18.531232+00:00,ok,True
PE,2017,12,available,RDPE1712.dbc,/dissemin/publicos/SIHSUS/200801_/Dados,3356120.0,,2026-09-16T09:42:18.531232+00:00,ok,True
PI,2017,1,available,RDPI1701.dbc,/dissemin/publicos/SIHSUS/200801_/Dados,1251504.0,,2026-09-16T09:42:18.531232+00:00,ok,True
PI,2017,2,available,RDPI1702.dbc,/dissemin/publicos/SIHSUS/200801_/Dados,1174373.0,,2026-09-16T09:42:18.531232+00:00,ok,True
PI,2017,3,available,RDPI1703.dbc,/dissemin/publicos/SIHSUS/200801_/Dados,1230361.0,,2026-09-16T09:42:18.531232+00:00,ok,True
PI,2017,4,available,RDPI1704.dbc,/dissemin/publicos/SIHSUS/200801_/Dados,1254582.0,,2026-09-16T09:42:18.531232+00:00,ok,True
PI,2017,5,available,RDPI1705.dbc,/dissemin/publicos/SIHSUS/200801_/Dados,1313108.0,,2026-09-16T09:42:18.531232+00:00,ok,True
PI,2017,6,available,RDPI1706.dbc,/dissemin/publicos/SIHSUS/200801_/Dados,1243010.0,,2026-09-16T09:42:18.531232+00:00,ok,True
PI,2017,7,available,RDPI1707.dbc,/dissemin/publicos/SIHSUS/200801_/Dados,1241313.0,,2026-09-16T09:42:18.531232+00:00,ok,True
PI,2017,8,available,RDPI1708.dbc,/dissemin/publicos/SIHSUS/200801_/Dados,1280004.0,,2026-09-16T09:42:18.531232+00:00,ok,True
PI,2017,9,available,RDPI1709.dbc,/dissemin/publicos/SIHSUS/200801_/Dados,1276633.0,,2026-09-16T09:42:18.531232+00:00,ok,True
PI,2017,10,available,RDPI1710.dbc,/dissemin/publicos/SIHSUS/200801_/Dados,1211317.0,,2026-09-16T09:42:18.531232+00:00,ok,True
PI,2017,11,available,RDPI1711.dbc,/dissemin/publicos/SIHSUS/200801_/Dados,1186372.0,,2026-09-16T09:42:18.531232+00:00,ok,True
PI,2017,12,available,RDPI1712.dbc,/dissemin/publicos/SIHSUS/200801_/Dados,1255225.0,,2026-09-16T09:42:18.531232+00:00,ok,True
PR,2017,1,available,RDPR1701.dbc,/dissemin/publicos/SIHSUS/200801_/Dados,4868640.0,,2026-09-16T09:42:18.531232+00:00,ok,True
PR,2017,2,available,RDPR1702.dbc,/dissemin/publicos/SIHSUS/200801_/Dados,4989952.0,,2026-09-16T09:42:18.531232+00:00,ok,True
PR,2017,3,available,RDPR1703.dbc,/dissemin/publicos/SIHSUS/200801_/Dados,5272894.0,,2026-09-16T09:42:18.531232+00:00,ok,True
PR,2017,4,available,RDPR1704.dbc,/dissemin/publicos/SIHSUS/200801_/Dados,5221071.0,,2026-09-16T09:42:18.531232+00:00,ok,True
PR,2017,5,available,RDPR1705.dbc,/dissemin/publicos/SIHSUS/200801_/Dados,5417700.0,,2026-09-16T09:42:18.531232+00:00,ok,True
PR,2017,6,available,RDPR1706.dbc,/dissemin/publicos/SIHSUS/200801_/Dados,5303393.0,,2026-09-16T09:42:18.531232+00:00,ok,True
PR,2017,7,available,RDPR1707.dbc,/dissemin/publicos/SIHSUS/200801_/Dados,5468082.0,,2026-09-16T09:42:18.531232+00:00,ok,True
PR,2017,8,available,RDPR1708.dbc,/dissemin/publicos/SIHSUS/200801_/Dados,5553680.0,,2026-09-16T09:42:18.531232+00:00,ok,True
PR,2017,9,available,RDPR1709.dbc,/dissemin/publicos/SIHSUS/200801_/Dados,5404709.0,,2026-09-16T09:42:18.531232+00:00,ok,True
PR,2017,10,available,RDPR1710.dbc,/dissemin/publicos/SIHSUS/200801_/Dados,5513026.0,,2026-09-16T09:42:18.531232+00:00,ok,True
PR,2017,11,available,RDPR1711.dbc,/dissemin/publicos/SIHSUS/200801_/Dados,5539200.0,,2026-09-16T09:42:18.531232+00:00,ok,True
PR,2017,12,available,RDPR1712.dbc,/dissemin/publicos/SIHSUS/200801_/Dados,5450163.0,,2026-09-16T09:42:18.531232+00:00,ok,True
RJ,2017,1,available,RDRJ1701.dbc,/dissemin/publicos/SIHSUS/200801_/Dados,3939409.0,,2026-09-16T09:42:18.531232+00:00,ok,True
RJ,2017,2,available,RDRJ1702.dbc,/dissemin/publicos/SIHSUS/200801_/Dados,3936105.0,,2026-09-16T09:42:18.531232+00:00,ok,True
RJ,2017,3,available,RDRJ1703.dbc,/dissemin/publicos/SIHSUS/200801_/Dados,4274942.0,,2026-09-16T09:42:18.531232+00:00,ok,True
RJ,2017,4,available,RDRJ1704.dbc,/dissemin/publicos/SIHSUS/200801_/Dados,4073520.0,,2026-09-16T09:42:18.531232+00:00,ok,True
RJ,2017,5,available,RDRJ1705.dbc,/dissemin/publicos/SIHSUS/200801_/Dados,4542206.0,,2026-09-16T09:42:18.531232+00:00,ok,True
RJ,2017,6,available,RDRJ1706.dbc,/dissemin/publicos/SIHSUS/200801_/Dados,4427424.0,,2026-09-16T09:42:18.531232+00:00,ok,True
RJ,2017,7,available,RDRJ1707.dbc,/dissemin/publicos/SIHSUS/200801_/Dados,4605359.0,,2026-09-16T09:42:18.531232+00:00,ok,True
RJ,2017,8,available,RDRJ1708.dbc,/dissemin/publicos/SIHSUS/200801_/Dados,4738532.0,,2026-09-16T09:42:18.531232+00:00,ok,True
RJ,2017,9,available,RDRJ1709.dbc,/dissemin/publicos/SIHSUS/200801_/Dados,4401497.0,,2026-09-16T09:42:18.531232+00:00,ok,True
RJ,2017,10,available,RDRJ1710.dbc,/dissemin/publicos/SIHSUS/200801_/Dados,4529195.0,,2026-09-16T09:42:18.531232+00:00,ok,True
RJ,2017,11,available,RDRJ1711.dbc,/dissemin/publicos/SIHSUS/200801_/Dados,4332827.0,,2026-09-16T09:42:18.531232+00:00,ok,True
RJ,2017,12,available,RDRJ1712.dbc,/dissemin/publicos/SIHSUS/200801_/Dados,4221128.0,,2026-09-16T09:42:18.531232+00:00,ok,True
RN,2017,1,available,RDRN1701.dbc,/dissemin/publicos/SIHSUS/200801_/Dados,943260.0,,2026-09-16T09:42:18.531232+00:00,ok,True
RN,2017,2,available,RDRN1702.dbc,/dissemin/publicos/SIHSUS/200801_/Dados,904608.0,,2026-09-16T09:42:18.531232+00:00,ok,True
RN,2017,3,available,RDRN1703.dbc,/dissemin/publicos/SIHSUS/200801_/Dados,1017809.0,,2026-09-16T09:42:18.531232+00:00,ok,True
RN,2017,4,available,RDRN1704.dbc,/dissemin/publicos/SIHSUS/200801_/Dados,1014792.0,,2026-09-16T09:42:18.531232+00:00,ok,True
RN,2017,5,available,RDRN1705.dbc,/dissemin/publicos/SIHSUS/200801_/Dados,1059092.0,,2026-09-16T09:42:18.531232+00:00,ok,True
RN,2017,6,available,RDRN1706.dbc,/dissemin/publicos/SIHSUS/200801_/Dados,985018.0,,2026-09-16T09:42:18.531232+00:00,ok,True
RN,2017,7,available,RDRN1707.dbc,/dissemin/publicos/SIHSUS/200801_/Dados,1057845.0,,2026-09-16T09:42:18.531232+00:00,ok,True
RN,2017,8,available,RDRN1708.dbc,/dissemin/publicos/SIHSUS/200801_/Dados,1029759.0,,2026-09-16T09:42:18.531232+00:00,ok,True
RN,2017,9,available,RDRN1709.dbc,/dissemin/publicos/SIHSUS/200801_/Dados,997541.0,,2026-09-16T09:42:18.531232+00:00,ok,True
RN,2017,10,available,RDRN1710.dbc,/dissemin/publicos/SIHSUS/200801_/Dados,984408.0,,2026-09-16T09:42:18.531232+00:00,ok,True
RN,2017,11,available,RDRN1711.dbc,/dissemin/publicos/SIHSUS/200801_/Dados,958513.0,,2026-09-16T09:42:18.531232+00:00,ok,True
RN,2017,12,available,RDRN1712.dbc,/dissemin/publicos/SIHSUS/200801_/Dados,927506.0,,2026-09-16T09:42:18.531232+00:00,ok,True
RO,2017,1,available,RDRO1701.dbc,/dissemin/publicos/SIHSUS/200801_/Dados,622834.0,,2026-09-16T09:42:18.531232+00:00,ok,True
RO,2017,2,available,RDRO1702.dbc,/dissemin/publicos/SIHSUS/200801_/Dados,572090.0,,2026-09-16T09:42:18.531232+00:00,ok,True
RO,2017,3,available,RDRO1703.dbc,/dissemin/publicos/SIHSUS/200801_/Dados,634684.0,,2026-09-16T09:42:18.531232+00:00,ok,True
RO,2017,4,available,RDRO1704.dbc,/dissemin/publicos/SIHSUS/200801_/Dados,681034.0,,2026-09-16T09:42:18.531232+00:00,ok,True
RO,2017,5,available,RDRO1705.dbc,/dissemin/publicos/SIHSUS/200801_/Dados,631056.0,,2026-09-16T09:42:18.531232+00:00,ok,True
RO,2017,6,available,RDRO1706.dbc,/dissemin/publicos/SIHSUS/200801_/Dados,650742.0,,2026-09-16T09:42:18.531232+00:00,ok,True
RO,2017,7,available,RDRO1707.dbc,/dissemin/publicos/SIHSUS/200801_/Dados,662418.0,,2026-09-16T09:42:18.531232+00:00,ok,True
RO,2017,8,available,RDRO1708.dbc,/dissemin/publicos/SIHSUS/200801_/Dados,644051.0,,2026-09-16T09:42:18.531232+00:00,ok,True
RO,2017,9,available,RDRO1709.dbc,/dissemin/publicos/SIHSUS/200801_/Dados,620811.0,,2026-09-16T09:42:18.531232+00:00,ok,True
RO,2017,10,available,RDRO1710.dbc,/dissemin/publicos/SIHSUS/200801_/Dados,679646.0,,2026-09-16T09:42:18.531232+00:00,ok,True
RO,2017,11,available,RDRO1711.dbc,/dissemin/publicos/SIHSUS/200801_/Dados,661355.0,,2026-09-16T09:42:18.531232+00:00,ok,True
RO,2017,12,available,RDRO1712.dbc,/dissemin/publicos/SIHSUS/200801_/Dados,660180.0,,2026-09-16T09:42:18.531232+00:00,ok,True
RR,2017,1,available,RDRR1701.dbc,/dissemin/publicos/SIHSUS/200801_/Dados,234889.0,,2026-09-16T09:42:18.531232+00:00,ok,True
RR,2017,2,available,RDRR1702.dbc,/dissemin/publicos/SIHSUS/200801_/Dados,223023.0,,2026-09-16T09:42:18.531232+00:00,ok,True
RR,2017,3,available,RDRR1703.dbc,/dissemin/publicos/SIHSUS/200801_/Dados,256709.0,,2026-09-16T09:42:18.531232+00:00,ok,True
RR,2017,4,available,RDRR1704.dbc,/dissemin/publicos/SIHSUS/200801_/Dados,277583.0,,2026-09-16T09:42:18.531232+00:00,ok,True
RR,2017,5,available,RDRR1705.dbc,/dissemin/publicos/SIHSUS/200801_/Dados,285123.0,,2026-09-16T09:42:18.531232+00:00,ok,True
RR,2017,6,available,RDRR1706.dbc,/dissemin/publicos/SIHSUS/200801_/Dados,289878.0,,2026-09-16T09:42:18.531232+00:00,ok,True
RR,2017,7,available,RDRR1707.dbc,/dissemin/publicos/SIHSUS/200801_/Dados,313094.0,,2026-09-16T09:42:18.531232+00:00,ok,True
RR,2017,8,available,RDRR1708.dbc,/dissemin/publicos/SIHSUS/200801_/Dados,293177.0,,2026-09-16T09:42:18.531232+00:00,ok,True
RR,2017,9,available,RDRR1709.dbc,/dissemin/publicos/SIHSUS/200801_/Dados,264452.0,,2026-09-16T09:42:18.531232+00:00,ok,True
RR,2017,10,available,RDRR1710.dbc,/dissemin/publicos/SIHSUS/200801_/Dados,270136.0,,2026-09-16T09:42:18.531232+00:00,ok,True
RR,2017,11,available,RDRR1711.dbc,/dissemin/publicos/SIHSUS/200801_/Dados,261485.0,,2026-09-16T09:42:18.531232+00:00,ok,True
RR,2017,12,available,RDRR1712.dbc,/dissemin/publicos/SIHSUS/200801_/Dados,260899.0,,2026-09-16T09:42:18.531232+00:00,ok,True
RS,2017,1,available,RDRS1701.dbc,/dissemin/publicos/SIHSUS/200801_/Dados,4619478.0,,2026-09-16T09:42:18.531232+00:00,ok,True
RS,2017,2,available,RDRS1702.dbc,/dissemin/publicos/SIHSUS/200801_/Dados,4271803.0,,2026-09-16T09:42:18.531232+00:00,ok,True
RS,2017,3,available,RDRS1703.dbc,/dissemin/publicos/SIHSUS/200801_/Dados,4745742.0,,2026-09-16T09:42:18.531232+00:00,ok,True
RS,2017,4,available,RDRS1704.dbc,/dissemin/publicos/SIHSUS/200801_/Dados,4672992.0,,2026-09-16T09:42:18.531232+00:00,ok,True
RS,2017,5,available,RDRS1705.dbc,/dissemin/publicos/SIHSUS/200801_/Dados,5132787.0,,2026-09-16T09:42:18.531232+00:00,ok,True
RS,2017,6,available,RDRS1706.dbc,/dissemin/publicos/SIHSUS/200801_/Dados,4982588.0,,2026-09-16T09:42:18.531232+00:00,ok,True
RS,2017,7,available,RDRS1707.dbc,/dissemin/publicos/SIHSUS/200801_/Dados,5195685.0,,2026-09-16T09:42:18.531232+00:00,ok,True
RS,2017,8,available,RDRS1708.dbc,/dissemin/publicos/SIHSUS/200801_/Dados,5080386.0,,2026-09-16T09:42:18.531232+00:00,ok,True
RS,2017,9,available,RDRS1709.dbc,/dissemin/publicos/SIHSUS/200801_/Dados,4974679.0,,2026-09-16T09:42:18.531232+00:00,ok,True
RS,2017,10,available,RDRS1710.dbc,/dissemin/publicos/SIHSUS/200801_/Dados,4924052.0,,2026-09-16T09:42:18.531232+00:00,ok,True
RS,2017,11,available,RDRS1711.dbc,/dissemin/publicos/SIHSUS/200801_/Dados,4883278.0,,2026-09-16T09:42:18.531232+00:00,ok,True
RS,2017,12,available,RDRS1712.dbc,/dissemin/publicos/SIHSUS/200801_/Dados,4717800.0,,2026-09-16T09:42:18.531232+00:00,ok,True
SC,2017,1,available,RDSC1701.dbc,/dissemin/publicos/SIHSUS/200801_/Dados,2861651.0,,2026-09-16T09:42:18.531232+00:00,ok,True
SC,2017,2,available,RDSC1702.dbc,/dissemin/publicos/SIHSUS/200801_/Dados,2705484.0,,2026-09-16T09:42:18.531232+00:00,ok,True
SC,2017,3,available,RDSC1703.dbc,/dissemin/publicos/SIHSUS/200801_/Dados,3087276.0,,2026-09-16T09:42:18.531232+00:00,ok,True
SC,2017,4,available,RDSC1704.dbc,/dissemin/publicos/SIHSUS/200801_/Dados,2823494.0,,2026-09-16T09:42:18.531232+00:00,ok,True
SC,2017,5,available,RDSC1705.dbc,/dissemin/publicos/SIHSUS/200801_/Dados,3190922.0,,2026-09-16T09:42:18.531232+00:00,ok,True
SC,2017,6,available,RDSC1706.dbc,/dissemin/publicos/SIHSUS/200801_/Dados,3120685.0,,2026-09-16T09:42:18.531232+00:00,ok,True
SC,2017,7,available,RDSC1707.dbc,/dissemin/publicos/SIHSUS/200801_/Dados,3123279.0,,2026-09-16T09:42:18.531232+00:00,ok,True
SC,2017,8,available,RDSC1708.dbc,/dissemin/publicos/SIHSUS/200801_/Dados,3197477.0,,2026-09-16T09:42:18.531232+00:00,ok,True
SC,2017,9,available,RDSC1709.dbc,/dissemin/publicos/SIHSUS/200801_/Dados,3038540.0,,2026-09-16T09:42:18.531232+00:00,ok,True
SC,2017,10,available,RDSC1710.dbc,/dissemin/publicos/SIHSUS/200801_/Dados,3056572.0,,2026-09-16T09:42:18.531232+00:00,ok,True
SC,2017,11,available,RDSC1711.dbc,/dissemin/publicos/SIHSUS/200801_/Dados,3010214.0,,2026-09-16T09:42:18.531232+00:00,ok,True
SC,2017,12,available,RDSC1712.dbc,/dissemin/publicos/SIHSUS/200801_/Dados,2932274.0,,2026-09-16T09:42:18.531232+00:00,ok,True
SE,2017,1,available,RDSE1701.dbc,/dissemin/publicos/SIHSUS/200801_/Dados,507666.0,,2026-09-16T09:42:18.531232+00:00,ok,True
SE,2017,2,available,RDSE1702.dbc,/dissemin/publicos/SIHSUS/200801_/Dados,478125.0,,2026-09-16T09:42:18.531232+00:00,ok,True
SE,2017,3,available,RDSE1703.dbc,/dissemin/publicos/SIHSUS/200801_/Dados,484799.0,,2026-09-16T09:42:18.531232+00:00,ok,True
SE,2017,4,available,RDSE1704.dbc,/dissemin/publicos/SIHSUS/200801_/Dados,528311.0,,2026-09-16T09:42:18.531232+00:00,ok,True
SE,2017,5,available,RDSE1705.dbc,/dissemin/publicos/SIHSUS/200801_/Dados,593088.0,,2026-09-16T09:42:18.531232+00:00,ok,True
SE,2017,6,available,RDSE1706.dbc,/dissemin/publicos/SIHSUS/200801_/Dados,524141.0,,2026-09-16T09:42:18.531232+00:00,ok,True
SE,2017,7,available,RDSE1707.dbc,/dissemin/publicos/SIHSUS/200801_/Dados,536842.0,,2026-09-16T09:42:18.531232+00:00,ok,True
SE,2017,8,available,RDSE1708.dbc,/dissemin/publicos/SIHSUS/200801_/Dados,602036.0,,2026-09-16T09:42:18.531232+00:00,ok,True
SE,2017,9,available,RDSE1709.dbc,/dissemin/publicos/SIHSUS/200801_/Dados,587636.0,,2026-09-16T09:42:18.531232+00:00,ok,True
SE,2017,10,available,RDSE1710.dbc,/dissemin/publicos/SIHSUS/200801_/Dados,571924.0,,2026-09-16T09:42:18.531232+00:00,ok,True
SE,2017,11,available,RDSE1711.dbc,/dissemin/publicos/SIHSUS/200801_/Dados,514181.0,,2026-09-16T09:42:18.531232+00:00,ok,True
SE,2017,12,available,RDSE1712.dbc,/dissemin/publicos/SIHSUS/200801_/Dados,467052.0,,2026-09-16T09:42:18.531232+00:00,ok,True
SP,2017,1,available,RDSP1701.dbc,/dissemin/publicos/SIHSUS/200801_/Dados,14842184.0,,2026-09-16T09:42:18.531232+00:00,ok,True
SP,2017,2,available,RDSP1702.dbc,/dissemin/publicos/SIHSUS/200801_/Dados,14418186.0,,2026-09-16T09:42:18.531232+00:00,ok,True
SP,2017,3,available,RDSP1703.dbc,/dissemin/publicos/SIHSUS/200801_/Dados,16452082.0,,2026-09-16T09:42:18.531232+00:00,ok,True
SP,2017,4,available,RDSP1704.dbc,/dissemin/publicos/SIHSUS/200801_/Dados,15161378.0,,2026-09-16T09:42:18.531232+00:00,ok,True
SP,2017,5,available,RDSP1705.dbc,/dissemin/publicos/SIHSUS/200801_/Dados,16855672.0,,2026-09-16T09:42:18.531232+00:00,ok,True
SP,2017,6,available,RDSP1706.dbc,/dissemin/publicos/SIHSUS/200801_/Dados,15907763.0,,2026-09-16T09:42:18.531232+00:00,ok,True
SP,2017,7,available,RDSP1707.dbc,/dissemin/publicos/SIHSUS/200801_/Dados,16225655.0,,2026-09-16T09:42:18.531232+00:00,ok,True
SP,2017,8,available,RDSP1708.dbc,/dissemin/publicos/SIHSUS/200801_/Dados,16738810.0,,2026-09-16T09:42:18.531232+00:00,ok,True
SP,2017,9,available,RDSP1709.dbc,/dissemin/publicos/SIHSUS/200801_/Dados,15942986.0,,2026-09-16T09:42:18.531232+00:00,ok,True
SP,2017,10,available,RDSP1710.dbc,/dissemin/publicos/SIHSUS/200801_/Dados,16183684.0,,2026-09-16T09:42:18.531232+00:00,ok,True
SP,2017,11,available,RDSP1711.dbc,/dissemin/publicos/SIHSUS/200801_/Dados,15775955.0,,2026-09-16T09:42:18.531232+00:00,ok,True
SP,2017,12,available,RDSP1712.dbc,/dissemin/publicos/SIHSUS/200801_/Dados,15697925.0,,2026-09-16T09:42:18.531232+00:00,ok,True
TO,2017,1,available,RDTO1701.dbc,/dissemin/publicos/SIHSUS/200801_/Dados,455595.0,,2026-09-16T09:42:18.531232+00:00,ok,True
TO,2017,2,available,RDTO1702.dbc,/dissemin/publicos/SIHSUS/200801_/Dados,460760.0,,2026-09-16T09:42:18.531232+00:00,ok,True
TO,2017,3,available,RDTO1703.dbc,/dissemin/publicos/SIHSUS/200801_/Dados,548016.0,,2026-09-16T09:42:18.531232+00:00,ok,True
TO,2017,4,available,RDTO1704.dbc,/dissemin/publicos/SIHSUS/200801_/Dados,484497.0,,2026-09-16T09:42:18.531232+00:00,ok,True
TO,2017,5,available,RDTO1705.dbc,/dissemin/publicos/SIHSUS/200801_/Dados,553735.0,,2026-09-16T09:42:18.531232+00:00,ok,True
TO,2017,6,available,RDTO1706.dbc,/dissemin/publicos/SIHSUS/200801_/Dados,512902.0,,2026-09-16T09:42:18.531232+00:00,ok,True
TO,2017,7,available,RDTO1707.dbc,/dissemin/publicos/SIHSUS/200801_/Dados,455123.0,,2026-09-16T09:42:18.531232+00:00,ok,True
TO,2017,8,available,RDTO1708.dbc,/dissemin/publicos/SIHSUS/200801_/Dados,512451.0,,2026-09-16T09:42:18.531232+00:00,ok,True
TO,2017,9,available,RDTO1709.dbc,/dissemin/publicos/SIHSUS/200801_/Dados,506960.0,,2026-09-16T09:42:18.531232+00:00,ok,True
TO,2017,10,available,RDTO1710.dbc,/dissemin/publicos/SIHSUS/200801_/Dados,420548.0,,2026-09-16T09:42:18.531232+00:00,ok,True
TO,2017,11,available,RDTO1711.dbc,/dissemin/publicos/SIHSUS/200801_/Dados,453739.0,,2026-09-16T09:42:18.531232+00:00,ok,True
TO,2017,12,available,RDTO1712.dbc,/dissemin/publicos/SIHSUS/200801_/Dados,444150.0,,2026-09-16T09:42:18.531232+00:00,ok,True
AC,2018,1,available,RDAC1801.dbc,/dissemin/publicos/SIHSUS/200801_/Dados,323260.0,,2026-09-16T09:42:18.531232+00:00,ok,True
AC,2018,2,available,RDAC1802.dbc,/dissemin/publicos/SIHSUS/200801_/Dados,226111.0,,2026-09-16T09:42:18.531232+00:00,ok,True
AC,2018,3,available,RDAC1803.dbc,/dissemin/publicos/SIHSUS/200801_/Dados,237120.0,,2026-09-16T09:42:18.531232+00:00,ok,True
AC,2018,4,available,RDAC1804.dbc,/dissemin/publicos/SIHSUS/200801_/Dados,298205.0,,2026-09-16T09:42:18.531232+00:00,ok,True
AC,2018,5,available,RDAC1805.dbc,/dissemin/publicos/SIHSUS/200801_/Dados,233444.0,,2026-09-16T09:42:18.531232+00:00,ok,True
AC,2018,6,available,RDAC1806.dbc,/dissemin/publicos/SIHSUS/200801_/Dados,281267.0,,2026-09-16T09:42:18.531232+00:00,ok,True
AC,2018,7,available,RDAC1807.dbc,/dissemin/publicos/SIHSUS/200801_/Dados,281889.0,,2026-09-16T09:42:18.531232+00:00,ok,True
AC,2018,8,available,RDAC1808.dbc,/dissemin/publicos/SIHSUS/200801_/Dados,280902.0,,2026-09-16T09:42:18.531232+00:00,ok,True
AC,2018,9,available,RDAC1809.dbc,/dissemin/publicos/SIHSUS/200801_/Dados,267424.0,,2026-09-16T09:42:18.531232+00:00,ok,True
AC,2018,10,available,RDAC1810.dbc,/dissemin/publicos/SIHSUS/200801_/Dados,285859.0,,2026-09-16T09:42:18.531232+00:00,ok,True
AC,2018,11,available,RDAC1811.dbc,/dissemin/publicos/SIHSUS/200801_/Dados,275838.0,,2026-09-16T09:42:18.531232+00:00,ok,True
AC,2018,12,available,RDAC1812.dbc,/dissemin/publicos/SIHSUS/200801_/Dados,186979.0,,2026-09-16T09:42:18.531232+00:00,ok,True
AL,2018,1,available,RDAL1801.dbc,/dissemin/publicos/SIHSUS/200801_/Dados,1029909.0,,2026-09-16T09:42:18.531232+00:00,ok,True
AL,2018,2,available,RDAL1802.dbc,/dissemin/publicos/SIHSUS/200801_/Dados,1013397.0,,2026-09-16T09:42:18.531232+00:00,ok,True
AL,2018,3,available,RDAL1803.dbc,/dissemin/publicos/SIHSUS/200801_/Dados,1027027.0,,2026-09-16T09:42:18.531232+00:00,ok,True
AL,2018,4,available,RDAL1804.dbc,/dissemin/publicos/SIHSUS/200801_/Dados,1069225.0,,2026-09-16T09:42:18.531232+00:00,ok,True
AL,2018,5,available,RDAL1805.dbc,/dissemin/publicos/SIHSUS/200801_/Dados,1093348.0,,2026-09-16T09:42:18.531232+00:00,ok,True
AL,2018,6,available,RDAL1806.dbc,/dissemin/publicos/SIHSUS/200801_/Dados,1019131.0,,2026-09-16T09:42:18.531232+00:00,ok,True
AL,2018,7,available,RDAL1807.dbc,/dissemin/publicos/SIHSUS/200801_/Dados,1097944.0,,2026-09-16T09:42:18.531232+00:00,ok,True
AL,2018,8,available,RDAL1808.dbc,/dissemin/publicos/SIHSUS/200801_/Dados,1060997.0,,2026-09-16T09:42:18.531232+00:00,ok,True
AL,2018,9,available,RDAL1809.dbc,/dissemin/publicos/SIHSUS/200801_/Dados,1096921.0,,2026-09-16T09:42:18.531232+00:00,ok,True
AL,2018,10,available,RDAL1810.dbc,/dissemin/publicos/SIHSUS/200801_/Dados,1083902.0,,2026-09-16T09:42:18.531232+00:00,ok,True
AL,2018,11,available,RDAL1811.dbc,/dissemin/publicos/SIHSUS/200801_/Dados,1031209.0,,2026-09-16T09:42:18.531232+00:00,ok,True
AL,2018,12,available,RDAL1812.dbc,/dissemin/publicos/SIHSUS/200801_/Dados,995934.0,,2026-09-16T09:42:18.531232+00:00,ok,True
AM,2018,1,available,RDAM1801.dbc,/dissemin/publicos/SIHSUS/200801_/Dados,1013864.0,,2026-09-16T09:42:18.531232+00:00,ok,True
AM,2018,2,available,RDAM1802.dbc,/dissemin/publicos/SIHSUS/200801_/Dados,972594.0,,2026-09-16T09:42:18.531232+00:00,ok,True
AM,2018,3,available,RDAM1803.dbc,/dissemin/publicos/SIHSUS/200801_/Dados,1051673.0,,2026-09-16T09:42:18.531232+00:00,ok,True
AM,2018,4,available,RDAM1804.dbc,/dissemin/publicos/SIHSUS/200801_/Dados,1062166.0,,2026-09-16T09:42:18.531232+00:00,ok,True
AM,2018,5,available,RDAM1805.dbc,/dissemin/publicos/SIHSUS/200801_/Dados,1075403.0,,2026-09-16T09:42:18.531232+00:00,ok,True
AM,2018,6,available,RDAM1806.dbc,/dissemin/publicos/SIHSUS/200801_/Dados,1055690.0,,2026-09-16T09:42:18.531232+00:00,ok,True
AM,2018,7,available,RDAM1807.dbc,/dissemin/publicos/SIHSUS/200801_/Dados,1085027.0,,2026-09-16T09:42:18.531232+00:00,ok,True
AM,2018,8,available,RDAM1808.dbc,/dissemin/publicos/SIHSUS/200801_/Dados,1069888.0,,2026-09-16T09:42:18.531232+00:00,ok,True
AM,2018,9,available,RDAM1809.dbc,/dissemin/publicos/SIHSUS/200801_/Dados,1088481.0,,2026-09-16T09:42:18.531232+00:00,ok,True
AM,2018,10,available,RDAM1810.dbc,/dissemin/publicos/SIHSUS/200801_/Dados,1101506.0,,2026-09-16T09:42:18.531232+00:00,ok,True
AM,2018,11,available,RDAM1811.dbc,/dissemin/publicos/SIHSUS/200801_/Dados,1047781.0,,2026-09-16T09:42:18.531232+00:00,ok,True
AM,2018,12,available,RDAM1812.dbc,/dissemin/publicos/SIHSUS/200801_/Dados,1035544.0,,2026-09-16T09:42:18.531232+00:00,ok,True
AP,2018,1,available,RDAP1801.dbc,/dissemin/publicos/SIHSUS/200801_/Dados,176009.0,,2026-09-16T09:42:18.531232+00:00,ok,True
AP,2018,2,available,RDAP1802.dbc,/dissemin/publicos/SIHSUS/200801_/Dados,195642.0,,2026-09-16T09:42:18.531232+00:00,ok,True
AP,2018,3,available,RDAP1803.dbc,/dissemin/publicos/SIHSUS/200801_/Dados,205543.0,,2026-09-16T09:42:18.531232+00:00,ok,True
AP,2018,4,available,RDAP1804.dbc,/dissemin/publicos/SIHSUS/200801_/Dados,182952.0,,2026-09-16T09:42:18.531232+00:00,ok,True
AP,2018,5,available,RDAP1805.dbc,/dissemin/publicos/SIHSUS/200801_/Dados,179414.0,,2026-09-16T09:42:18.531232+00:00,ok,True
AP,2018,6,available,RDAP1806.dbc,/dissemin/publicos/SIHSUS/200801_/Dados,212248.0,,2026-09-16T09:42:18.531232+00:00,ok,True
AP,2018,7,available,RDAP1807.dbc,/dissemin/publicos/SIHSUS/200801_/Dados,195697.0,,2026-09-16T09:42:18.531232+00:00,ok,True
AP,2018,8,available,RDAP1808.dbc,/dissemin/publicos/SIHSUS/200801_/Dados,231941.0,,2026-09-16T09:42:18.531232+00:00,ok,True
AP,2018,9,available,RDAP1809.dbc,/dissemin/publicos/SIHSUS/200801_/Dados,240302.0,,2026-09-16T09:42:18.531232+00:00,ok,True
AP,2018,10,available,RDAP1810.dbc,/dissemin/publicos/SIHSUS/200801_/Dados,254835.0,,2026-09-16T09:42:18.531232+00:00,ok,True
AP,2018,11,available,RDAP1811.dbc,/dissemin/publicos/SIHSUS/200801_/Dados,225958.0,,2026-09-16T09:42:18.531232+00:00,ok,True
AP,2018,12,available,RDAP1812.dbc,/dissemin/publicos/SIHSUS/200801_/Dados,234962.0,,2026-09-16T09:42:18.531232+00:00,ok,True
BA,2018,1,available,RDBA1801.dbc,/dissemin/publicos/SIHSUS/200801_/Dados,4778388.0,,2026-09-16T09:42:18.531232+00:00,ok,True
BA,2018,2,available,RDBA1802.dbc,/dissemin/publicos/SIHSUS/200801_/Dados,4474427.0,,2026-09-16T09:42:18.531232+00:00,ok,True
BA,2018,3,available,RDBA1803.dbc,/dissemin/publicos/SIHSUS/200801_/Dados,4776200.0,,2026-09-16T09:42:18.531232+00:00,ok,True
BA,2018,4,available,RDBA1804.dbc,/dissemin/publicos/SIHSUS/200801_/Dados,4922952.0,,2026-09-16T09:42:18.531232+00:00,ok,True
BA,2018,5,available,RDBA1805.dbc,/dissemin/publicos/SIHSUS/200801_/Dados,5033405.0,,2026-09-16T09:42:18.531232+00:00,ok,True
BA,2018,6,available,RDBA1806.dbc,/dissemin/publicos/SIHSUS/200801_/Dados,4833608.0,,2026-09-16T09:42:18.531232+00:00,ok,True
BA,2018,7,available,RDBA1807.dbc,/dissemin/publicos/SIHSUS/200801_/Dados,5068106.0,,2026-09-16T09:42:18.531232+00:00,ok,True
BA,2018,8,available,RDBA1808.dbc,/dissemin/publicos/SIHSUS/200801_/Dados,5207062.0,,2026-09-16T09:42:18.531232+00:00,ok,True
BA,2018,9,available,RDBA1809.dbc,/dissemin/publicos/SIHSUS/200801_/Dados,4952278.0,,2026-09-16T09:42:18.531232+00:00,ok,True
BA,2018,10,available,RDBA1810.dbc,/dissemin/publicos/SIHSUS/200801_/Dados,5184244.0,,2026-09-16T09:42:18.531232+00:00,ok,True
BA,2018,11,available,RDBA1811.dbc,/dissemin/publicos/SIHSUS/200801_/Dados,4985314.0,,2026-09-16T09:42:18.531232+00:00,ok,True
BA,2018,12,available,RDBA1812.dbc,/dissemin/publicos/SIHSUS/200801_/Dados,4577994.0,,2026-09-16T09:42:18.531232+00:00,ok,True
CE,2018,1,available,RDCE1801.dbc,/dissemin/publicos/SIHSUS/200801_/Dados,2913748.0,,2026-09-16T09:42:18.531232+00:00,ok,True
CE,2018,2,available,RDCE1802.dbc,/dissemin/publicos/SIHSUS/200801_/Dados,2755720.0,,2026-09-16T09:42:18.531232+00:00,ok,True
CE,2018,3,available,RDCE1803.dbc,/dissemin/publicos/SIHSUS/200801_/Dados,3011521.0,,2026-09-16T09:42:18.531232+00:00,ok,True
CE,2018,4,available,RDCE1804.dbc,/dissemin/publicos/SIHSUS/200801_/Dados,3059900.0,,2026-09-16T09:42:18.531232+00:00,ok,True
CE,2018,5,available,RDCE1805.dbc,/dissemin/publicos/SIHSUS/200801_/Dados,3070088.0,,2026-09-16T09:42:18.531232+00:00,ok,True
CE,2018,6,available,RDCE1806.dbc,/dissemin/publicos/SIHSUS/200801_/Dados,2990125.0,,2026-09-16T09:42:18.531232+00:00,ok,True
CE,2018,7,available,RDCE1807.dbc,/dissemin/publicos/SIHSUS/200801_/Dados,3066068.0,,2026-09-16T09:42:18.531232+00:00,ok,True
CE,2018,8,available,RDCE1808.dbc,/dissemin/publicos/SIHSUS/200801_/Dados,3111532.0,,2026-09-16T09:42:18.531232+00:00,ok,True
CE,2018,9,available,RDCE1809.dbc,/dissemin/publicos/SIHSUS/200801_/Dados,2922773.0,,2026-09-16T09:42:18.531232+00:00,ok,True
CE,2018,10,available,RDCE1810.dbc,/dissemin/publicos/SIHSUS/200801_/Dados,3050479.0,,2026-09-16T09:42:18.531232+00:00,ok,True
CE,2018,11,available,RDCE1811.dbc,/dissemin/publicos/SIHSUS/200801_/Dados,2925702.0,,2026-09-16T09:42:18.531232+00:00,ok,True
CE,2018,12,available,RDCE1812.dbc,/dissemin/publicos/SIHSUS/200801_/Dados,2809462.0,,2026-09-16T09:42:18.531232+00:00,ok,True
DF,2018,1,available,RDDF1801.dbc,/dissemin/publicos/SIHSUS/200801_/Dados,1151668.0,,2026-09-16T09:42:18.531232+00:00,ok,True
DF,2018,2,available,RDDF1802.dbc,/dissemin/publicos/SIHSUS/200801_/Dados,1210765.0,,2026-09-16T09:42:18.531232+00:00,ok,True
DF,2018,3,available,RDDF1803.dbc,/dissemin/publicos/SIHSUS/200801_/Dados,1299678.0,,2026-09-16T09:42:18.531232+00:00,ok,True
DF,2018,4,available,RDDF1804.dbc,/dissemin/publicos/SIHSUS/200801_/Dados,1363267.0,,2026-09-16T09:42:18.531232+00:00,ok,True
DF,2018,5,available,RDDF1805.dbc,/dissemin/publicos/SIHSUS/200801_/Dados,1442668.0,,2026-09-16T09:42:18.531232+00:00,ok,True
DF,2018,6,available,RDDF1806.dbc,/dissemin/publicos/SIHSUS/200801_/Dados,1517876.0,,2026-09-16T09:42:18.531232+00:00,ok,True
DF,2018,7,available,RDDF1807.dbc,/dissemin/publicos/SIHSUS/200801_/Dados,1546822.0,,2026-09-16T09:42:18.531232+00:00,ok,True
DF,2018,8,available,RDDF1808.dbc,/dissemin/publicos/SIHSUS/200801_/Dados,1618668.0,,2026-09-16T09:42:18.531232+00:00,ok,True
DF,2018,9,available,RDDF1809.dbc,/dissemin/publicos/SIHSUS/200801_/Dados,1381367.0,,2026-09-16T09:42:18.531232+00:00,ok,True
DF,2018,10,available,RDDF1810.dbc,/dissemin/publicos/SIHSUS/200801_/Dados,1255049.0,,2026-09-16T09:42:18.531232+00:00,ok,True
DF,2018,11,available,RDDF1811.dbc,/dissemin/publicos/SIHSUS/200801_/Dados,1200062.0,,2026-09-16T09:42:18.531232+00:00,ok,True
DF,2018,12,available,RDDF1812.dbc,/dissemin/publicos/SIHSUS/200801_/Dados,1107418.0,,2026-09-16T09:42:18.531232+00:00,ok,True
ES,2018,1,available,RDES1801.dbc,/dissemin/publicos/SIHSUS/200801_/Dados,1615174.0,,2026-09-16T09:42:18.531232+00:00,ok,True
ES,2018,2,available,RDES1802.dbc,/dissemin/publicos/SIHSUS/200801_/Dados,1506054.0,,2026-09-16T09:42:18.531232+00:00,ok,True
ES,2018,3,available,RDES1803.dbc,/dissemin/publicos/SIHSUS/200801_/Dados,1461661.0,,2026-09-16T09:42:18.531232+00:00,ok,True
ES,2018,4,available,RDES1804.dbc,/dissemin/publicos/SIHSUS/200801_/Dados,1589360.0,,2026-09-16T09:42:18.531232+00:00,ok,True
ES,2018,5,available,RDES1805.dbc,/dissemin/publicos/SIHSUS/200801_/Dados,1622858.0,,2026-09-16T09:42:18.531232+00:00,ok,True
ES,2018,6,available,RDES1806.dbc,/dissemin/publicos/SIHSUS/200801_/Dados,1557256.0,,2026-09-16T09:42:18.531232+00:00,ok,True
ES,2018,7,available,RDES1807.dbc,/dissemin/publicos/SIHSUS/200801_/Dados,1553660.0,,2026-09-16T09:42:18.531232+00:00,ok,True
ES,2018,8,available,RDES1808.dbc,/dissemin/publicos/SIHSUS/200801_/Dados,1575255.0,,2026-09-16T09:42:18.531232+00:00,ok,True
ES,2018,9,available,RDES1809.dbc,/dissemin/publicos/SIHSUS/200801_/Dados,1489353.0,,2026-09-16T09:42:18.531232+00:00,ok,True
ES,2018,10,available,RDES1810.dbc,/dissemin/publicos/SIHSUS/200801_/Dados,1537534.0,,2026-09-16T09:42:18.531232+00:00,ok,True
ES,2018,11,available,RDES1811.dbc,/dissemin/publicos/SIHSUS/200801_/Dados,1477137.0,,2026-09-16T09:42:18.531232+00:00,ok,True
ES,2018,12,available,RDES1812.dbc,/dissemin/publicos/SIHSUS/200801_/Dados,1434718.0,,2026-09-16T09:42:18.531232+00:00,ok,True
GO,2018,1,available,RDGO1801.dbc,/dissemin/publicos/SIHSUS/200801_/Dados,2000376.0,,2026-09-16T09:42:18.531232+00:00,ok,True
GO,2018,2,available,RDGO1802.dbc,/dissemin/publicos/SIHSUS/200801_/Dados,1881487.0,,2026-09-16T09:42:18.531232+00:00,ok,True
GO,2018,3,available,RDGO1803.dbc,/dissemin/publicos/SIHSUS/200801_/Dados,2039309.0,,2026-09-16T09:42:18.531232+00:00,ok,True
GO,2018,4,available,RDGO1804.dbc,/dissemin/publicos/SIHSUS/200801_/Dados,1957693.0,,2026-09-16T09:42:18.531232+00:00,ok,True
GO,2018,5,available,RDGO1805.dbc,/dissemin/publicos/SIHSUS/200801_/Dados,2057208.0,,2026-09-16T09:42:18.531232+00:00,ok,True
GO,2018,6,available,RDGO1806.dbc,/dissemin/publicos/SIHSUS/200801_/Dados,1993895.0,,2026-09-16T09:42:18.531232+00:00,ok,True
GO,2018,7,available,RDGO1807.dbc,/dissemin/publicos/SIHSUS/200801_/Dados,1986343.0,,2026-09-16T09:42:18.531232+00:00,ok,True
GO,2018,8,available,RDGO1808.dbc,/dissemin/publicos/SIHSUS/200801_/Dados,2013460.0,,2026-09-16T09:42:18.531232+00:00,ok,True
GO,2018,9,available,RDGO1809.dbc,/dissemin/publicos/SIHSUS/200801_/Dados,2051786.0,,2026-09-16T09:42:18.531232+00:00,ok,True
GO,2018,10,available,RDGO1810.dbc,/dissemin/publicos/SIHSUS/200801_/Dados,2037865.0,,2026-09-16T09:42:18.531232+00:00,ok,True
GO,2018,11,available,RDGO1811.dbc,/dissemin/publicos/SIHSUS/200801_/Dados,1965926.0,,2026-09-16T09:42:18.531232+00:00,ok,True
GO,2018,12,available,RDGO1812.dbc,/dissemin/publicos/SIHSUS/200801_/Dados,1999768.0,,2026-09-16T09:42:18.531232+00:00,ok,True
MA,2018,1,available,RDMA1801.dbc,/dissemin/publicos/SIHSUS/200801_/Dados,2559105.0,,2026-09-16T09:42:18.531232+00:00,ok,True
MA,2018,2,available,RDMA1802.dbc,/dissemin/publicos/SIHSUS/200801_/Dados,2380912.0,,2026-09-16T09:42:18.531232+00:00,ok,True
MA,2018,3,available,RDMA1803.dbc,/dissemin/publicos/SIHSUS/200801_/Dados,2581334.0,,2026-09-16T09:42:18.531232+00:00,ok,True
MA,2018,4,available,RDMA1804.dbc,/dissemin/publicos/SIHSUS/200801_/Dados,2703292.0,,2026-09-16T09:42:18.531232+00:00,ok,True
MA,2018,5,available,RDMA1805.dbc,/dissemin/publicos/SIHSUS/200801_/Dados,2683073.0,,2026-09-16T09:42:18.531232+00:00,ok,True
MA,2018,6,available,RDMA1806.dbc,/dissemin/publicos/SIHSUS/200801_/Dados,2587314.0,,2026-09-16T09:42:18.531232+00:00,ok,True
MA,2018,7,available,RDMA1807.dbc,/dissemin/publicos/SIHSUS/200801_/Dados,2577645.0,,2026-09-16T09:42:18.531232+00:00,ok,True
MA,2018,8,available,RDMA1808.dbc,/dissemin/publicos/SIHSUS/200801_/Dados,2609920.0,,2026-09-16T09:42:18.531232+00:00,ok,True
MA,2018,9,available,RDMA1809.dbc,/dissemin/publicos/SIHSUS/200801_/Dados,2565500.0,,2026-09-16T09:42:18.531232+00:00,ok,True
MA,2018,10,available,RDMA1810.dbc,/dissemin/publicos/SIHSUS/200801_/Dados,2579454.0,,2026-09-16T09:42:18.531232+00:00,ok,True
MA,2018,11,available,RDMA1811.dbc,/dissemin/publicos/SIHSUS/200801_/Dados,2521185.0,,2026-09-16T09:42:18.531232+00:00,ok,True
MA,2018,12,available,RDMA1812.dbc,/dissemin/publicos/SIHSUS/200801_/Dados,2506958.0,,2026-09-16T09:42:18.531232+00:00,ok,True
MG,2018,1,available,RDMG1801.dbc,/dissemin/publicos/SIHSUS/200801_/Dados,7842536.0,,2026-09-16T09:42:18.531232+00:00,ok,True
MG,2018,2,available,RDMG1802.dbc,/dissemin/publicos/SIHSUS/200801_/Dados,7472823.0,,2026-09-16T09:42:18.531232+00:00,ok,True
MG,2018,3,available,RDMG1803.dbc,/dissemin/publicos/SIHSUS/200801_/Dados,8244898.0,,2026-09-16T09:42:18.531232+00:00,ok,True
MG,2018,4,available,RDMG1804.dbc,/dissemin/publicos/SIHSUS/200801_/Dados,8288150.0,,2026-09-16T09:42:18.531232+00:00,ok,True
MG,2018,5,available,RDMG1805.dbc,/dissemin/publicos/SIHSUS/200801_/Dados,8211332.0,,2026-09-16T09:42:18.531232+00:00,ok,True
MG,2018,6,available,RDMG1806.dbc,/dissemin/publicos/SIHSUS/200801_/Dados,8177777.0,,2026-09-16T09:42:18.531232+00:00,ok,True
MG,2018,7,available,RDMG1807.dbc,/dissemin/publicos/SIHSUS/200801_/Dados,8373670.0,,2026-09-16T09:42:18.531232+00:00,ok,True
MG,2018,8,available,RDMG1808.dbc,/dissemin/publicos/SIHSUS/200801_/Dados,8279082.0,,2026-09-16T09:42:18.531232+00:00,ok,True
MG,2018,9,available,RDMG1809.dbc,/dissemin/publicos/SIHSUS/200801_/Dados,8209164.0,,2026-09-16T09:42:18.531232+00:00,ok,True
MG,2018,10,available,RDMG1810.dbc,/dissemin/publicos/SIHSUS/200801_/Dados,8202267.0,,2026-09-16T09:42:18.531232+00:00,ok,True
MG,2018,11,available,RDMG1811.dbc,/dissemin/publicos/SIHSUS/200801_/Dados,7888315.0,,2026-09-16T09:42:18.531232+00:00,ok,True
MG,2018,12,available,RDMG1812.dbc,/dissemin/publicos/SIHSUS/200801_/Dados,7901302.0,,2026-09-16T09:42:18.531232+00:00,ok,True
MS,2018,1,available,RDMS1801.dbc,/dissemin/publicos/SIHSUS/200801_/Dados,1056638.0,,2026-09-16T09:42:18.531232+00:00,ok,True
MS,2018,2,available,RDMS1802.dbc,/dissemin/publicos/SIHSUS/200801_/Dados,1094664.0,,2026-09-16T09:42:18.531232+00:00,ok,True
MS,2018,3,available,RDMS1803.dbc,/dissemin/publicos/SIHSUS/200801_/Dados,1026361.0,,2026-09-16T09:42:18.531232+00:00,ok,True
MS,2018,4,available,RDMS1804.dbc,/dissemin/publicos/SIHSUS/200801_/Dados,1056428.0,,2026-09-16T09:42:18.531232+00:00,ok,True
MS,2018,5,available,RDMS1805.dbc,/dissemin/publicos/SIHSUS/200801_/Dados,1093664.0,,2026-09-16T09:42:18.531232+00:00,ok,True
MS,2018,6,available,RDMS1806.dbc,/dissemin/publicos/SIHSUS/200801_/Dados,1151161.0,,2026-09-16T09:42:18.531232+00:00,ok,True
MS,2018,7,available,RDMS1807.dbc,/dissemin/publicos/SIHSUS/200801_/Dados,1118695.0,,2026-09-16T09:42:18.531232+00:00,ok,True
MS,2018,8,available,RDMS1808.dbc,/dissemin/publicos/SIHSUS/200801_/Dados,1045943.0,,2026-09-16T09:42:18.531232+00:00,ok,True
MS,2018,9,available,RDMS1809.dbc,/dissemin/publicos/SIHSUS/200801_/Dados,1070404.0,,2026-09-16T09:42:18.531232+00:00,ok,True
MS,2018,10,available,RDMS1810.dbc,/dissemin/publicos/SIHSUS/200801_/Dados,1052804.0,,2026-09-16T09:42:18.531232+00:00,ok,True
MS,2018,11,available,RDMS1811.dbc,/dissemin/publicos/SIHSUS/200801_/Dados,1041380.0,,2026-09-16T09:42:18.531232+00:00,ok,True
MS,2018,12,available,RDMS1812.dbc,/dissemin/publicos/SIHSUS/200801_/Dados,1012164.0,,2026-09-16T09:42:18.531232+00:00,ok,True
MT,2018,1,available,RDMT1801.dbc,/dissemin/publicos/SIHSUS/200801_/Dados,1184016.0,,2026-09-16T09:42:18.531232+00:00,ok,True
MT,2018,2,available,RDMT1802.dbc,/dissemin/publicos/SIHSUS/200801_/Dados,1065923.0,,2026-09-16T09:42:18.531232+00:00,ok,True
MT,2018,3,available,RDMT1803.dbc,/dissemin/publicos/SIHSUS/200801_/Dados,1229953.0,,2026-09-16T09:42:18.531232+00:00,ok,True
MT,2018,4,available,RDMT1804.dbc,/dissemin/publicos/SIHSUS/200801_/Dados,1161713.0,,2026-09-16T09:42:18.531232+00:00,ok,True
MT,2018,5,available,RDMT1805.dbc,/dissemin/publicos/SIHSUS/200801_/Dados,1209331.0,,2026-09-16T09:42:18.531232+00:00,ok,True
MT,2018,6,available,RDMT1806.dbc,/dissemin/publicos/SIHSUS/200801_/Dados,1178366.0,,2026-09-16T09:42:18.531232+00:00,ok,True
MT,2018,7,available,RDMT1807.dbc,/dissemin/publicos/SIHSUS/200801_/Dados,1215380.0,,2026-09-16T09:42:18.531232+00:00,ok,True
MT,2018,8,available,RDMT1808.dbc,/dissemin/publicos/SIHSUS/200801_/Dados,1122389.0,,2026-09-16T09:42:18.531232+00:00,ok,True
MT,2018,9,available,RDMT1809.dbc,/dissemin/publicos/SIHSUS/200801_/Dados,1178044.0,,2026-09-16T09:42:18.531232+00:00,ok,True
MT,2018,10,available,RDMT1810.dbc,/dissemin/publicos/SIHSUS/200801_/Dados,1174980.0,,2026-09-16T09:42:18.531232+00:00,ok,True
MT,2018,11,available,RDMT1811.dbc,/dissemin/publicos/SIHSUS/200801_/Dados,1098285.0,,2026-09-16T09:42:18.531232+00:00,ok,True
MT,2018,12,available,RDMT1812.dbc,/dissemin/publicos/SIHSUS/200801_/Dados,1079045.0,,2026-09-16T09:42:18.531232+00:00,ok,True
PA,2018,1,available,RDPA1801.dbc,/dissemin/publicos/SIHSUS/200801_/Dados,2599114.0,,2026-09-16T09:42:18.531232+00:00,ok,True
PA,2018,2,available,RDPA1802.dbc,/dissemin/publicos/SIHSUS/200801_/Dados,2574416.0,,2026-09-16T09:42:18.531232+00:00,ok,True
PA,2018,3,available,RDPA1803.dbc,/dissemin/publicos/SIHSUS/200801_/Dados,2664069.0,,2026-09-16T09:42:18.531232+00:00,ok,True
PA,2018,4,available,RDPA1804.dbc,/dissemin/publicos/SIHSUS/200801_/Dados,2747600.0,,2026-09-16T09:42:18.531232+00:00,ok,True
PA,2018,5,available,RDPA1805.dbc,/dissemin/publicos/SIHSUS/200801_/Dados,2743532.0,,2026-09-16T09:42:18.531232+00:00,ok,True
PA,2018,6,available,RDPA1806.dbc,/dissemin/publicos/SIHSUS/200801_/Dados,2729165.0,,2026-09-16T09:42:18.531232+00:00,ok,True
PA,2018,7,available,RDPA1807.dbc,/dissemin/publicos/SIHSUS/200801_/Dados,2677568.0,,2026-09-16T09:42:18.531232+00:00,ok,True
PA,2018,8,available,RDPA1808.dbc,/dissemin/publicos/SIHSUS/200801_/Dados,2769440.0,,2026-09-16T09:42:18.531232+00:00,ok,True
PA,2018,9,available,RDPA1809.dbc,/dissemin/publicos/SIHSUS/200801_/Dados,2807308.0,,2026-09-16T09:42:18.531232+00:00,ok,True
PA,2018,10,available,RDPA1810.dbc,/dissemin/publicos/SIHSUS/200801_/Dados,2879915.0,,2026-09-16T09:42:18.531232+00:00,ok,True
PA,2018,11,available,RDPA1811.dbc,/dissemin/publicos/SIHSUS/200801_/Dados,2732693.0,,2026-09-16T09:42:18.531232+00:00,ok,True
PA,2018,12,available,RDPA1812.dbc,/dissemin/publicos/SIHSUS/200801_/Dados,2633114.0,,2026-09-16T09:42:18.531232+00:00,ok,True
PB,2018,1,available,RDPB1801.dbc,/dissemin/publicos/SIHSUS/200801_/Dados,1053555.0,,2026-09-16T09:42:18.531232+00:00,ok,True
PB,2018,2,available,RDPB1802.dbc,/dissemin/publicos/SIHSUS/200801_/Dados,1028153.0,,2026-09-16T09:42:18.531232+00:00,ok,True
PB,2018,3,available,RDPB1803.dbc,/dissemin/publicos/SIHSUS/200801_/Dados,1139607.0,,2026-09-16T09:42:18.531232+00:00,ok,True
PB,2018,4,available,RDPB1804.dbc,/dissemin/publicos/SIHSUS/200801_/Dados,1151473.0,,2026-09-16T09:42:18.531232+00:00,ok,True
PB,2018,5,available,RDPB1805.dbc,/dissemin/publicos/SIHSUS/200801_/Dados,1187828.0,,2026-09-16T09:42:18.531232+00:00,ok,True
PB,2018,6,available,RDPB1806.dbc,/dissemin/publicos/SIHSUS/200801_/Dados,1147334.0,,2026-09-16T09:42:18.531232+00:00,ok,True
PB,2018,7,available,RDPB1807.dbc,/dissemin/publicos/SIHSUS/200801_/Dados,1181756.0,,2026-09-16T09:42:18.531232+00:00,ok,True
PB,2018,8,available,RDPB1808.dbc,/dissemin/publicos/SIHSUS/200801_/Dados,1219879.0,,2026-09-16T09:42:18.531232+00:00,ok,True
PB,2018,9,available,RDPB1809.dbc,/dissemin/publicos/SIHSUS/200801_/Dados,1128140.0,,2026-09-16T09:42:18.531232+00:00,ok,True
PB,2018,10,available,RDPB1810.dbc,/dissemin/publicos/SIHSUS/200801_/Dados,1104751.0,,2026-09-16T09:42:18.531232+00:00,ok,True
PB,2018,11,available,RDPB1811.dbc,/dissemin/publicos/SIHSUS/200801_/Dados,1103880.0,,2026-09-16T09:42:18.531232+00:00,ok,True
PB,2018,12,available,RDPB1812.dbc,/dissemin/publicos/SIHSUS/200801_/Dados,1048454.0,,2026-09-16T09:42:18.531232+00:00,ok,True
PE,2018,1,available,RDPE1801.dbc,/dissemin/publicos/SIHSUS/200801_/Dados,3259762.0,,2026-09-16T09:42:18.531232+00:00,ok,True
PE,2018,2,available,RDPE1802.dbc,/dissemin/publicos/SIHSUS/200801_/Dados,3099567.0,,2026-09-16T09:42:18.531232+00:00,ok,True
PE,2018,3,available,RDPE1803.dbc,/dissemin/publicos/SIHSUS/200801_/Dados,3448396.0,,2026-09-16T09:42:18.531232+00:00,ok,True
PE,2018,4,available,RDPE1804.dbc,/dissemin/publicos/SIHSUS/200801_/Dados,3471067.0,,2026-09-16T09:42:18.531232+00:00,ok,True
PE,2018,5,available,RDPE1805.dbc,/dissemin/publicos/SIHSUS/200801_/Dados,3617655.0,,2026-09-16T09:42:18.531232+00:00,ok,True
PE,2018,6,available,RDPE1806.dbc,/dissemin/publicos/SIHSUS/200801_/Dados,3481520.0,,2026-09-16T09:42:18.531232+00:00,ok,True
PE,2018,7,available,RDPE1807.dbc,/dissemin/publicos/SIHSUS/200801_/Dados,3496733.0,,2026-09-16T09:42:18.531232+00:00,ok,True
PE,2018,8,available,RDPE1808.dbc,/dissemin/publicos/SIHSUS/200801_/Dados,3591757.0,,2026-09-16T09:42:18.531232+00:00,ok,True
PE,2018,9,available,RDPE1809.dbc,/dissemin/publicos/SIHSUS/200801_/Dados,3423714.0,,2026-09-16T09:42:18.531232+00:00,ok,True
PE,2018,10,available,RDPE1810.dbc,/dissemin/publicos/SIHSUS/200801_/Dados,3529385.0,,2026-09-16T09:42:18.531232+00:00,ok,True
PE,2018,11,available,RDPE1811.dbc,/dissemin/publicos/SIHSUS/200801_/Dados,3365528.0,,2026-09-16T09:42:18.531232+00:00,ok,True
PE,2018,12,available,RDPE1812.dbc,/dissemin/publicos/SIHSUS/200801_/Dados,3205090.0,,2026-09-16T09:42:18.531232+00:00,ok,True
PI,2018,1,available,RDPI1801.dbc,/dissemin/publicos/SIHSUS/200801_/Dados,1254081.0,,2026-09-16T09:42:18.531232+00:00,ok,True
PI,2018,2,available,RDPI1802.dbc,/dissemin/publicos/SIHSUS/200801_/Dados,1207638.0,,2026-09-16T09:42:18.531232+00:00,ok,True
PI,2018,3,available,RDPI1803.dbc,/dissemin/publicos/SIHSUS/200801_/Dados,1290554.0,,2026-09-16T09:42:18.531232+00:00,ok,True
PI,2018,4,available,RDPI1804.dbc,/dissemin/publicos/SIHSUS/200801_/Dados,1290703.0,,2026-09-16T09:42:18.531232+00:00,ok,True
PI,2018,5,available,RDPI1805.dbc,/dissemin/publicos/SIHSUS/200801_/Dados,1297324.0,,2026-09-16T09:42:18.531232+00:00,ok,True
PI,2018,6,available,RDPI1806.dbc,/dissemin/publicos/SIHSUS/200801_/Dados,1315020.0,,2026-09-16T09:42:18.531232+00:00,ok,True
PI,2018,7,available,RDPI1807.dbc,/dissemin/publicos/SIHSUS/200801_/Dados,1306585.0,,2026-09-16T09:42:18.531232+00:00,ok,True
PI,2018,8,available,RDPI1808.dbc,/dissemin/publicos/SIHSUS/200801_/Dados,1328267.0,,2026-09-16T09:42:18.531232+00:00,ok,True
PI,2018,9,available,RDPI1809.dbc,/dissemin/publicos/SIHSUS/200801_/Dados,1278419.0,,2026-09-16T09:42:18.531232+00:00,ok,True
PI,2018,10,available,RDPI1810.dbc,/dissemin/publicos/SIHSUS/200801_/Dados,1279186.0,,2026-09-16T09:42:18.531232+00:00,ok,True
PI,2018,11,available,RDPI1811.dbc,/dissemin/publicos/SIHSUS/200801_/Dados,1243794.0,,2026-09-16T09:42:18.531232+00:00,ok,True
PI,2018,12,available,RDPI1812.dbc,/dissemin/publicos/SIHSUS/200801_/Dados,1282910.0,,2026-09-16T09:42:18.531232+00:00,ok,True
PR,2018,1,available,RDPR1801.dbc,/dissemin/publicos/SIHSUS/200801_/Dados,5505503.0,,2026-09-16T09:42:18.531232+00:00,ok,True
PR,2018,2,available,RDPR1802.dbc,/dissemin/publicos/SIHSUS/200801_/Dados,5245817.0,,2026-09-16T09:42:18.531232+00:00,ok,True
PR,2018,3,available,RDPR1803.dbc,/dissemin/publicos/SIHSUS/200801_/Dados,5552701.0,,2026-09-16T09:42:18.531232+00:00,ok,True
PR,2018,4,available,RDPR1804.dbc,/dissemin/publicos/SIHSUS/200801_/Dados,5633885.0,,2026-09-16T09:42:18.531232+00:00,ok,True
PR,2018,5,available,RDPR1805.dbc,/dissemin/publicos/SIHSUS/200801_/Dados,5620120.0,,2026-09-16T09:42:18.531232+00:00,ok,True
PR,2018,6,available,RDPR1806.dbc,/dissemin/publicos/SIHSUS/200801_/Dados,5603138.0,,2026-09-16T09:42:18.531232+00:00,ok,True
PR,2018,7,available,RDPR1807.dbc,/dissemin/publicos/SIHSUS/200801_/Dados,5752415.0,,2026-09-16T09:42:18.531232+00:00,ok,True
PR,2018,8,available,RDPR1808.dbc,/dissemin/publicos/SIHSUS/200801_/Dados,5745330.0,,2026-09-16T09:42:18.531232+00:00,ok,True
PR,2018,9,available,RDPR1809.dbc,/dissemin/publicos/SIHSUS/200801_/Dados,5641256.0,,2026-09-16T09:42:18.531232+00:00,ok,True
PR,2018,10,available,RDPR1810.dbc,/dissemin/publicos/SIHSUS/200801_/Dados,5696633.0,,2026-09-16T09:42:18.531232+00:00,ok,True
PR,2018,11,available,RDPR1811.dbc,/dissemin/publicos/SIHSUS/200801_/Dados,5727412.0,,2026-09-16T09:42:18.531232+00:00,ok,True
PR,2018,12,available,RDPR1812.dbc,/dissemin/publicos/SIHSUS/200801_/Dados,5426319.0,,2026-09-16T09:42:18.531232+00:00,ok,True
RJ,2018,1,available,RDRJ1801.dbc,/dissemin/publicos/SIHSUS/200801_/Dados,4400009.0,,2026-09-16T09:42:18.531232+00:00,ok,True
RJ,2018,2,available,RDRJ1802.dbc,/dissemin/publicos/SIHSUS/200801_/Dados,4153325.0,,2026-09-16T09:42:18.531232+00:00,ok,True
RJ,2018,3,available,RDRJ1803.dbc,/dissemin/publicos/SIHSUS/200801_/Dados,4582540.0,,2026-09-16T09:42:18.531232+00:00,ok,True
RJ,2018,4,available,RDRJ1804.dbc,/dissemin/publicos/SIHSUS/200801_/Dados,4686911.0,,2026-09-16T09:42:18.531232+00:00,ok,True
RJ,2018,5,available,RDRJ1805.dbc,/dissemin/publicos/SIHSUS/200801_/Dados,4735768.0,,2026-09-16T09:42:18.531232+00:00,ok,True
RJ,2018,6,available,RDRJ1806.dbc,/dissemin/publicos/SIHSUS/200801_/Dados,4644345.0,,2026-09-16T09:42:18.531232+00:00,ok,True
RJ,2018,7,available,RDRJ1807.dbc,/dissemin/publicos/SIHSUS/200801_/Dados,4865624.0,,2026-09-16T09:42:18.531232+00:00,ok,True
RJ,2018,8,available,RDRJ1808.dbc,/dissemin/publicos/SIHSUS/200801_/Dados,4783763.0,,2026-09-16T09:42:18.531232+00:00,ok,True
RJ,2018,9,available,RDRJ1809.dbc,/dissemin/publicos/SIHSUS/200801_/Dados,4626711.0,,2026-09-16T09:42:18.531232+00:00,ok,True
RJ,2018,10,available,RDRJ1810.dbc,/dissemin/publicos/SIHSUS/200801_/Dados,4666266.0,,2026-09-16T09:42:18.531232+00:00,ok,True
RJ,2018,11,available,RDRJ1811.dbc,/dissemin/publicos/SIHSUS/200801_/Dados,4519953.0,,2026-09-16T09:42:18.531232+00:00,ok,True
RJ,2018,12,available,RDRJ1812.dbc,/dissemin/publicos/SIHSUS/200801_/Dados,4167854.0,,2026-09-16T09:42:18.531232+00:00,ok,True
RN,2018,1,available,RDRN1801.dbc,/dissemin/publicos/SIHSUS/200801_/Dados,972891.0,,2026-09-16T09:42:18.531232+00:00,ok,True
RN,2018,2,available,RDRN1802.dbc,/dissemin/publicos/SIHSUS/200801_/Dados,942985.0,,2026-09-16T09:42:18.531232+00:00,ok,True
RN,2018,3,available,RDRN1803.dbc,/dissemin/publicos/SIHSUS/200801_/Dados,1042906.0,,2026-09-16T09:42:18.531232+00:00,ok,True
RN,2018,4,available,RDRN1804.dbc,/dissemin/publicos/SIHSUS/200801_/Dados,1119227.0,,2026-09-16T09:42:18.531232+00:00,ok,True
RN,2018,5,available,RDRN1805.dbc,/dissemin/publicos/SIHSUS/200801_/Dados,1134301.0,,2026-09-16T09:42:18.531232+00:00,ok,True
RN,2018,6,available,RDRN1806.dbc,/dissemin/publicos/SIHSUS/200801_/Dados,1061958.0,,2026-09-16T09:42:18.531232+00:00,ok,True
RN,2018,7,available,RDRN1807.dbc,/dissemin/publicos/SIHSUS/200801_/Dados,1119697.0,,2026-09-16T09:42:18.531232+00:00,ok,True
RN,2018,8,available,RDRN1808.dbc,/dissemin/publicos/SIHSUS/200801_/Dados,1084713.0,,2026-09-16T09:42:18.531232+00:00,ok,True
RN,2018,9,available,RDRN1809.dbc,/dissemin/publicos/SIHSUS/200801_/Dados,1076699.0,,2026-09-16T09:42:18.531232+00:00,ok,True
RN,2018,10,available,RDRN1810.dbc,/dissemin/publicos/SIHSUS/200801_/Dados,1074027.0,,2026-09-16T09:42:18.531232+00:00,ok,True
RN,2018,11,available,RDRN1811.dbc,/dissemin/publicos/SIHSUS/200801_/Dados,1069714.0,,2026-09-16T09:42:18.531232+00:00,ok,True
RN,2018,12,available,RDRN1812.dbc,/dissemin/publicos/SIHSUS/200801_/Dados,922197.0,,2026-09-16T09:42:18.531232+00:00,ok,True
RO,2018,1,available,RDRO1801.dbc,/dissemin/publicos/SIHSUS/200801_/Dados,640413.0,,2026-09-16T09:42:18.531232+00:00,ok,True
RO,2018,2,available,RDRO1802.dbc,/dissemin/publicos/SIHSUS/200801_/Dados,688265.0,,2026-09-16T09:42:18.531232+00:00,ok,True
RO,2018,3,available,RDRO1803.dbc,/dissemin/publicos/SIHSUS/200801_/Dados,711885.0,,2026-09-16T09:42:18.531232+00:00,ok,True
RO,2018,4,available,RDRO1804.dbc,/dissemin/publicos/SIHSUS/200801_/Dados,706578.0,,2026-09-16T09:42:18.531232+00:00,ok,True
RO,2018,5,available,RDRO1805.dbc,/dissemin/publicos/SIHSUS/200801_/Dados,712317.0,,2026-09-16T09:42:18.531232+00:00,ok,True
RO,2018,6,available,RDRO1806.dbc,/dissemin/publicos/SIHSUS/200801_/Dados,692071.0,,2026-09-16T09:42:18.531232+00:00,ok,True
RO,2018,7,available,RDRO1807.dbc,/dissemin/publicos/SIHSUS/200801_/Dados,679562.0,,2026-09-16T09:42:18.531232+00:00,ok,True
RO,2018,8,available,RDRO1808.dbc,/dissemin/publicos/SIHSUS/200801_/Dados,717648.0,,2026-09-16T09:42:18.531232+00:00,ok,True
RO,2018,9,available,RDRO1809.dbc,/dissemin/publicos/SIHSUS/200801_/Dados,651564.0,,2026-09-16T09:42:18.531232+00:00,ok,True
RO,2018,10,available,RDRO1810.dbc,/dissemin/publicos/SIHSUS/200801_/Dados,710852.0,,2026-09-16T09:42:18.531232+00:00,ok,True
RO,2018,11,available,RDRO1811.dbc,/dissemin/publicos/SIHSUS/200801_/Dados,659324.0,,2026-09-16T09:42:18.531232+00:00,ok,True
RO,2018,12,available,RDRO1812.dbc,/dissemin/publicos/SIHSUS/200801_/Dados,651762.0,,2026-09-16T09:42:18.531232+00:00,ok,True
RR,2018,1,available,RDRR1801.dbc,/dissemin/publicos/SIHSUS/200801_/Dados,275993.0,,2026-09-16T09:42:18.531232+00:00,ok,True
RR,2018,2,available,RDRR1802.dbc,/dissemin/publicos/SIHSUS/200801_/Dados,285515.0,,2026-09-16T09:42:18.531232+00:00,ok,True
RR,2018,3,available,RDRR1803.dbc,/dissemin/publicos/SIHSUS/200801_/Dados,270193.0,,2026-09-16T09:42:18.531232+00:00,ok,True
RR,2018,4,available,RDRR1804.dbc,/dissemin/publicos/SIHSUS/200801_/Dados,261716.0,,2026-09-16T09:42:18.531232+00:00,ok,True
RR,2018,5,available,RDRR1805.dbc,/dissemin/publicos/SIHSUS/200801_/Dados,261218.0,,2026-09-16T09:42:18.531232+00:00,ok,True
RR,2018,6,available,RDRR1806.dbc,/dissemin/publicos/SIHSUS/200801_/Dados,280275.0,,2026-09-16T09:42:18.531232+00:00,ok,True
RR,2018,7,available,RDRR1807.dbc,/dissemin/publicos/SIHSUS/200801_/Dados,271282.0,,2026-09-16T09:42:18.531232+00:00,ok,True
RR,2018,8,available,RDRR1808.dbc,/dissemin/publicos/SIHSUS/200801_/Dados,277927.0,,2026-09-16T09:42:18.531232+00:00,ok,True
RR,2018,9,available,RDRR1809.dbc,/dissemin/publicos/SIHSUS/200801_/Dados,260809.0,,2026-09-16T09:42:18.531232+00:00,ok,True
RR,2018,10,available,RDRR1810.dbc,/dissemin/publicos/SIHSUS/200801_/Dados,292432.0,,2026-09-16T09:42:18.531232+00:00,ok,True
RR,2018,11,available,RDRR1811.dbc,/dissemin/publicos/SIHSUS/200801_/Dados,275990.0,,2026-09-16T09:42:18.531232+00:00,ok,True
RR,2018,12,available,RDRR1812.dbc,/dissemin/publicos/SIHSUS/200801_/Dados,261932.0,,2026-09-16T09:42:18.531232+00:00,ok,True
RS,2018,1,available,RDRS1801.dbc,/dissemin/publicos/SIHSUS/200801_/Dados,4686127.0,,2026-09-16T09:42:18.531232+00:00,ok,True
RS,2018,2,available,RDRS1802.dbc,/dissemin/publicos/SIHSUS/200801_/Dados,4416387.0,,2026-09-16T09:42:18.531232+00:00,ok,True
RS,2018,3,available,RDRS1803.dbc,/dissemin/publicos/SIHSUS/200801_/Dados,4817939.0,,2026-09-16T09:42:18.531232+00:00,ok,True
RS,2018,4,available,RDRS1804.dbc,/dissemin/publicos/SIHSUS/200801_/Dados,4874221.0,,2026-09-16T09:42:18.531232+00:00,ok,True
RS,2018,5,available,RDRS1805.dbc,/dissemin/publicos/SIHSUS/200801_/Dados,4846279.0,,2026-09-16T09:42:18.531232+00:00,ok,True
RS,2018,6,available,RDRS1806.dbc,/dissemin/publicos/SIHSUS/200801_/Dados,4797969.0,,2026-09-16T09:42:18.531232+00:00,ok,True
RS,2018,7,available,RDRS1807.dbc,/dissemin/publicos/SIHSUS/200801_/Dados,4948938.0,,2026-09-16T09:42:18.531232+00:00,ok,True
RS,2018,8,available,RDRS1808.dbc,/dissemin/publicos/SIHSUS/200801_/Dados,5014850.0,,2026-09-16T09:42:18.531232+00:00,ok,True
RS,2018,9,available,RDRS1809.dbc,/dissemin/publicos/SIHSUS/200801_/Dados,4984973.0,,2026-09-16T09:42:18.531232+00:00,ok,True
RS,2018,10,available,RDRS1810.dbc,/dissemin/publicos/SIHSUS/200801_/Dados,4905733.0,,2026-09-16T09:42:18.531232+00:00,ok,True
RS,2018,11,available,RDRS1811.dbc,/dissemin/publicos/SIHSUS/200801_/Dados,4814638.0,,2026-09-16T09:42:18.531232+00:00,ok,True
RS,2018,12,available,RDRS1812.dbc,/dissemin/publicos/SIHSUS/200801_/Dados,4676157.0,,2026-09-16T09:42:18.531232+00:00,ok,True
SC,2018,1,available,RDSC1801.dbc,/dissemin/publicos/SIHSUS/200801_/Dados,2779841.0,,2026-09-16T09:42:18.531232+00:00,ok,True
SC,2018,2,available,RDSC1802.dbc,/dissemin/publicos/SIHSUS/200801_/Dados,2910882.0,,2026-09-16T09:42:18.531232+00:00,ok,True
SC,2018,3,available,RDSC1803.dbc,/dissemin/publicos/SIHSUS/200801_/Dados,3205858.0,,2026-09-16T09:42:18.531232+00:00,ok,True
SC,2018,4,available,RDSC1804.dbc,/dissemin/publicos/SIHSUS/200801_/Dados,3208200.0,,2026-09-16T09:42:18.531232+00:00,ok,True
SC,2018,5,available,RDSC1805.dbc,/dissemin/publicos/SIHSUS/200801_/Dados,3200122.0,,2026-09-16T09:42:18.531232+00:00,ok,True
SC,2018,6,available,RDSC1806.dbc,/dissemin/publicos/SIHSUS/200801_/Dados,3307766.0,,2026-09-16T09:42:18.531232+00:00,ok,True
SC,2018,7,available,RDSC1807.dbc,/dissemin/publicos/SIHSUS/200801_/Dados,3259542.0,,2026-09-16T09:42:18.531232+00:00,ok,True
SC,2018,8,available,RDSC1808.dbc,/dissemin/publicos/SIHSUS/200801_/Dados,3333540.0,,2026-09-16T09:42:18.531232+00:00,ok,True
SC,2018,9,available,RDSC1809.dbc,/dissemin/publicos/SIHSUS/200801_/Dados,3180249.0,,2026-09-16T09:42:18.531232+00:00,ok,True
SC,2018,10,available,RDSC1810.dbc,/dissemin/publicos/SIHSUS/200801_/Dados,3229614.0,,2026-09-16T09:42:18.531232+00:00,ok,True
SC,2018,11,available,RDSC1811.dbc,/dissemin/publicos/SIHSUS/200801_/Dados,3076651.0,,2026-09-16T09:42:18.531232+00:00,ok,True
SC,2018,12,available,RDSC1812.dbc,/dissemin/publicos/SIHSUS/200801_/Dados,2968810.0,,2026-09-16T09:42:18.531232+00:00,ok,True
SE,2018,1,available,RDSE1801.dbc,/dissemin/publicos/SIHSUS/200801_/Dados,515010.0,,2026-09-16T09:42:18.531232+00:00,ok,True
SE,2018,2,available,RDSE1802.dbc,/dissemin/publicos/SIHSUS/200801_/Dados,484934.0,,2026-09-16T09:42:18.531232+00:00,ok,True
SE,2018,3,available,RDSE1803.dbc,/dissemin/publicos/SIHSUS/200801_/Dados,511780.0,,2026-09-16T09:42:18.531232+00:00,ok,True
SE,2018,4,available,RDSE1804.dbc,/dissemin/publicos/SIHSUS/200801_/Dados,554791.0,,2026-09-16T09:42:18.531232+00:00,ok,True
SE,2018,5,available,RDSE1805.dbc,/dissemin/publicos/SIHSUS/200801_/Dados,572183.0,,2026-09-16T09:42:18.531232+00:00,ok,True
SE,2018,6,available,RDSE1806.dbc,/dissemin/publicos/SIHSUS/200801_/Dados,548922.0,,2026-09-16T09:42:18.531232+00:00,ok,True
SE,2018,7,available,RDSE1807.dbc,/dissemin/publicos/SIHSUS/200801_/Dados,592885.0,,2026-09-16T09:42:18.531232+00:00,ok,True
SE,2018,8,available,RDSE1808.dbc,/dissemin/publicos/SIHSUS/200801_/Dados,596416.0,,2026-09-16T09:42:18.531232+00:00,ok,True
SE,2018,9,available,RDSE1809.dbc,/dissemin/publicos/SIHSUS/200801_/Dados,561931.0,,2026-09-16T09:42:18.531232+00:00,ok,True
SE,2018,10,available,RDSE1810.dbc,/dissemin/publicos/SIHSUS/200801_/Dados,594257.0,,2026-09-16T09:42:18.531232+00:00,ok,True
SE,2018,11,available,RDSE1811.dbc,/dissemin/publicos/SIHSUS/200801_/Dados,530862.0,,2026-09-16T09:42:18.531232+00:00,ok,True
SE,2018,12,available,RDSE1812.dbc,/dissemin/publicos/SIHSUS/200801_/Dados,502581.0,,2026-09-16T09:42:18.531232+00:00,ok,True
SP,2018,1,available,RDSP1801.dbc,/dissemin/publicos/SIHSUS/200801_/Dados,15632914.0,,2026-09-16T09:42:18.531232+00:00,ok,True
SP,2018,2,available,RDSP1802.dbc,/dissemin/publicos/SIHSUS/200801_/Dados,15065308.0,,2026-09-16T09:42:18.531232+00:00,ok,True
SP,2018,3,available,RDSP1803.dbc,/dissemin/publicos/SIHSUS/200801_/Dados,16583614.0,,2026-09-16T09:42:18.531232+00:00,ok,True
SP,2018,4,available,RDSP1804.dbc,/dissemin/publicos/SIHSUS/200801_/Dados,16489295.0,,2026-09-16T09:42:18.531232+00:00,ok,True
SP,2018,5,available,RDSP1805.dbc,/dissemin/publicos/SIHSUS/200801_/Dados,16593466.0,,2026-09-16T09:42:18.531232+00:00,ok,True
SP,2018,6,available,RDSP1806.dbc,/dissemin/publicos/SIHSUS/200801_/Dados,16245775.0,,2026-09-16T09:42:18.531232+00:00,ok,True
SP,2018,7,available,RDSP1807.dbc,/dissemin/publicos/SIHSUS/200801_/Dados,16518869.0,,2026-09-16T09:42:18.531232+00:00,ok,True
SP,2018,8,available,RDSP1808.dbc,/dissemin/publicos/SIHSUS/200801_/Dados,16825032.0,,2026-09-16T09:42:18.531232+00:00,ok,True
SP,2018,9,available,RDSP1809.dbc,/dissemin/publicos/SIHSUS/200801_/Dados,16013467.0,,2026-09-16T09:42:18.531232+00:00,ok,True
SP,2018,10,available,RDSP1810.dbc,/dissemin/publicos/SIHSUS/200801_/Dados,16799634.0,,2026-09-16T09:42:18.531232+00:00,ok,True
SP,2018,11,available,RDSP1811.dbc,/dissemin/publicos/SIHSUS/200801_/Dados,15959405.0,,2026-09-16T09:42:18.531232+00:00,ok,True
SP,2018,12,available,RDSP1812.dbc,/dissemin/publicos/SIHSUS/200801_/Dados,15654203.0,,2026-09-16T09:42:18.531232+00:00,ok,True
TO,2018,1,available,RDTO1801.dbc,/dissemin/publicos/SIHSUS/200801_/Dados,461011.0,,2026-09-16T09:42:18.531232+00:00,ok,True
TO,2018,2,available,RDTO1802.dbc,/dissemin/publicos/SIHSUS/200801_/Dados,429721.0,,2026-09-16T09:42:18.531232+00:00,ok,True
TO,2018,3,available,RDTO1803.dbc,/dissemin/publicos/SIHSUS/200801_/Dados,486600.0,,2026-09-16T09:42:18.531232+00:00,ok,True
TO,2018,4,available,RDTO1804.dbc,/dissemin/publicos/SIHSUS/200801_/Dados,387075.0,,2026-09-16T09:42:18.531232+00:00,ok,True
TO,2018,5,available,RDTO1805.dbc,/dissemin/publicos/SIHSUS/200801_/Dados,431155.0,,2026-09-16T09:42:18.531232+00:00,ok,True
TO,2018,6,available,RDTO1806.dbc,/dissemin/publicos/SIHSUS/200801_/Dados,473909.0,,2026-09-16T09:42:18.531232+00:00,ok,True
TO,2018,7,available,RDTO1807.dbc,/dissemin/publicos/SIHSUS/200801_/Dados,438306.0,,2026-09-16T09:42:18.531232+00:00,ok,True
TO,2018,8,available,RDTO1808.dbc,/dissemin/publicos/SIHSUS/200801_/Dados,448406.0,,2026-09-16T09:42:18.531232+00:00,ok,True
TO,2018,9,available,RDTO1809.dbc,/dissemin/publicos/SIHSUS/200801_/Dados,410294.0,,2026-09-16T09:42:18.531232+00:00,ok,True
TO,2018,10,available,RDTO1810.dbc,/dissemin/publicos/SIHSUS/200801_/Dados,412128.0,,2026-09-16T09:42:18.531232+00:00,ok,True
TO,2018,11,available,RDTO1811.dbc,/dissemin/publicos/SIHSUS/200801_/Dados,405553.0,,2026-09-16T09:42:18.531232+00:00,ok,True
TO,2018,12,available,RDTO1812.dbc,/dissemin/publicos/SIHSUS/200801_/Dados,406380.0,,2026-09-16T09:42:18.531232+00:00,ok,True
AC,2019,1,available,RDAC1901.dbc,/dissemin/publicos/SIHSUS/200801_/Dados,237472.0,,2026-09-16T09:42:18.531232+00:00,ok,True
AC,2019,2,available,RDAC1902.dbc,/dissemin/publicos/SIHSUS/200801_/Dados,211561.0,,2026-09-16T09:42:18.531232+00:00,ok,True
AC,2019,3,available,RDAC1903.dbc,/dissemin/publicos/SIHSUS/200801_/Dados,272116.0,,2026-09-16T09:42:18.531232+00:00,ok,True
AC,2019,4,available,RDAC1904.dbc,/dissemin/publicos/SIHSUS/200801_/Dados,214706.0,,2026-09-16T09:42:18.531232+00:00,ok,True
AC,2019,5,available,RDAC1905.dbc,/dissemin/publicos/SIHSUS/200801_/Dados,263969.0,,2026-09-16T09:42:18.531232+00:00,ok,True
AC,2019,6,available,RDAC1906.dbc,/dissemin/publicos/SIHSUS/200801_/Dados,299466.0,,2026-09-16T09:42:18.531232+00:00,ok,True
AC,2019,7,available,RDAC1907.dbc,/dissemin/publicos/SIHSUS/200801_/Dados,307471.0,,2026-09-16T09:42:18.531232+00:00,ok,True
AC,2019,8,available,RDAC1908.dbc,/dissemin/publicos/SIHSUS/200801_/Dados,275677.0,,2026-09-16T09:42:18.531232+00:00,ok,True
AC,2019,9,available,RDAC1909.dbc,/dissemin/publicos/SIHSUS/200801_/Dados,281545.0,,2026-09-16T09:42:18.531232+00:00,ok,True
AC,2019,10,available,RDAC1910.dbc,/dissemin/publicos/SIHSUS/200801_/Dados,303796.0,,2026-09-16T09:42:18.531232+00:00,ok,True
AC,2019,11,available,RDAC1911.dbc,/dissemin/publicos/SIHSUS/200801_/Dados,269646.0,,2026-09-16T09:42:18.531232+00:00,ok,True
AC,2019,12,available,RDAC1912.dbc,/dissemin/publicos/SIHSUS/200801_/Dados,259541.0,,2026-09-16T09:42:18.531232+00:00,ok,True
AL,2019,1,available,RDAL1901.dbc,/dissemin/publicos/SIHSUS/200801_/Dados,990721.0,,2026-09-16T09:42:18.531232+00:00,ok,True
AL,2019,2,available,RDAL1902.dbc,/dissemin/publicos/SIHSUS/200801_/Dados,988087.0,,2026-09-16T09:42:18.531232+00:00,ok,True
AL,2019,3,available,RDAL1903.dbc,/dissemin/publicos/SIHSUS/200801_/Dados,1022031.0,,2026-09-16T09:42:18.531232+00:00,ok,True
AL,2019,4,available,RDAL1904.dbc,/dissemin/publicos/SIHSUS/200801_/Dados,1015508.0,,2026-09-16T09:42:18.531232+00:00,ok,True
AL,2019,5,available,RDAL1905.dbc,/dissemin/publicos/SIHSUS/200801_/Dados,1043437.0,,2026-09-16T09:42:18.531232+00:00,ok,True
AL,2019,6,available,RDAL1906.dbc,/dissemin/publicos/SIHSUS/200801_/Dados,1092844.0,,2026-09-16T09:42:18.531232+00:00,ok,True
AL,2019,7,available,RDAL1907.dbc,/dissemin/publicos/SIHSUS/200801_/Dados,1157426.0,,2026-09-16T09:42:18.531232+00:00,ok,True
AL,2019,8,available,RDAL1908.dbc,/dissemin/publicos/SIHSUS/200801_/Dados,1103351.0,,2026-09-16T09:42:18.531232+00:00,ok,True
AL,2019,9,available,RDAL1909.dbc,/dissemin/publicos/SIHSUS/200801_/Dados,1076527.0,,2026-09-16T09:42:18.531232+00:00,ok,True
AL,2019,10,available,RDAL1910.dbc,/dissemin/publicos/SIHSUS/200801_/Dados,1127380.0,,2026-09-16T09:42:18.531232+00:00,ok,True
AL,2019,11,available,RDAL1911.dbc,/dissemin/publicos/SIHSUS/200801_/Dados,1074017.0,,2026-09-16T09:42:18.531232+00:00,ok,True
AL,2019,12,available,RDAL1912.dbc,/dissemin/publicos/SIHSUS/200801_/Dados,1040164.0,,2026-09-16T09:42:18.531232+00:00,ok,True
AM,2019,1,available,RDAM1901.dbc,/dissemin/publicos/SIHSUS/200801_/Dados,1197264.0,,2026-09-16T09:42:18.531232+00:00,ok,True
AM,2019,2,available,RDAM1902.dbc,/dissemin/publicos/SIHSUS/200801_/Dados,1052865.0,,2026-09-16T09:42:18.531232+00:00,ok,True
AM,2019,3,available,RDAM1903.dbc,/dissemin/publicos/SIHSUS/200801_/Dados,1153875.0,,2026-09-16T09:42:18.531232+00:00,ok,True
AM,2019,4,available,RDAM1904.dbc,/dissemin/publicos/SIHSUS/200801_/Dados,1098779.0,,2026-09-16T09:42:18.531232+00:00,ok,True
AM,2019,5,available,RDAM1905.dbc,/dissemin/publicos/SIHSUS/200801_/Dados,1178225.0,,2026-09-16T09:42:18.531232+00:00,ok,True
AM,2019,6,available,RDAM1906.dbc,/dissemin/publicos/SIHSUS/200801_/Dados,1091662.0,,2026-09-16T09:42:18.531232+00:00,ok,True
AM,2019,7,available,RDAM1907.dbc,/dissemin/publicos/SIHSUS/200801_/Dados,1155934.0,,2026-09-16T09:42:18.531232+00:00,ok,True
AM,2019,8,available,RDAM1908.dbc,/dissemin/publicos/SIHSUS/200801_/Dados,1096912.0,,2026-09-16T09:42:18.531232+00:00,ok,True
AM,2019,9,available,RDAM1909.dbc,/dissemin/publicos/SIHSUS/200801_/Dados,1157090.0,,2026-09-16T09:42:18.531232+00:00,ok,True
AM,2019,10,available,RDAM1910.dbc,/dissemin/publicos/SIHSUS/200801_/Dados,1146737.0,,2026-09-16T09:42:18.531232+00:00,ok,True
AM,2019,11,available,RDAM1911.dbc,/dissemin/publicos/SIHSUS/200801_/Dados,1125081.0,,2026-09-16T09:42:18.531232+00:00,ok,True
AM,2019,12,available,RDAM1912.dbc,/dissemin/publicos/SIHSUS/200801_/Dados,1051825.0,,2026-09-16T09:42:18.531232+00:00,ok,True
AP,2019,1,available,RDAP1901.dbc,/dissemin/publicos/SIHSUS/200801_/Dados,249513.0,,2026-09-16T09:42:18.531232+00:00,ok,True
AP,2019,2,available,RDAP1902.dbc,/dissemin/publicos/SIHSUS/200801_/Dados,233486.0,,2026-09-16T09:42:18.531232+00:00,ok,True
AP,2019,3,available,RDAP1903.dbc,/dissemin/publicos/SIHSUS/200801_/Dados,235741.0,,2026-09-16T09:42:18.531232+00:00,ok,True
AP,2019,4,available,RDAP1904.dbc,/dissemin/publicos/SIHSUS/200801_/Dados,234560.0,,2026-09-16T09:42:18.531232+00:00,ok,True
AP,2019,5,available,RDAP1905.dbc,/dissemin/publicos/SIHSUS/200801_/Dados,243468.0,,2026-09-16T09:42:18.531232+00:00,ok,True
AP,2019,6,available,RDAP1906.dbc,/dissemin/publicos/SIHSUS/200801_/Dados,215323.0,,2026-09-16T09:42:18.531232+00:00,ok,True
AP,2019,7,available,RDAP1907.dbc,/dissemin/publicos/SIHSUS/200801_/Dados,227408.0,,2026-09-16T09:42:18.531232+00:00,ok,True
AP,2019,8,available,RDAP1908.dbc,/dissemin/publicos/SIHSUS/200801_/Dados,239172.0,,2026-09-16T09:42:18.531232+00:00,ok,True
AP,2019,9,available,RDAP1909.dbc,/dissemin/publicos/SIHSUS/200801_/Dados,226647.0,,2026-09-16T09:42:18.531232+00:00,ok,True
AP,2019,10,available,RDAP1910.dbc,/dissemin/publicos/SIHSUS/200801_/Dados,225745.0,,2026-09-16T09:42:18.531232+00:00,ok,True
AP,2019,11,available,RDAP1911.dbc,/dissemin/publicos/SIHSUS/200801_/Dados,220713.0,,2026-09-16T09:42:18.531232+00:00,ok,True
AP,2019,12,available,RDAP1912.dbc,/dissemin/publicos/SIHSUS/200801_/Dados,214621.0,,2026-09-16T09:42:18.531232+00:00,ok,True
BA,2019,1,available,RDBA1901.dbc,/dissemin/publicos/SIHSUS/200801_/Dados,4845209.0,,2026-09-16T09:42:18.531232+00:00,ok,True
BA,2019,2,available,RDBA1902.dbc,/dissemin/publicos/SIHSUS/200801_/Dados,4546257.0,,2026-09-16T09:42:18.531232+00:00,ok,True
BA,2019,3,available,RDBA1903.dbc,/dissemin/publicos/SIHSUS/200801_/Dados,4905249.0,,2026-09-16T09:42:18.531232+00:00,ok,True
BA,2019,4,available,RDBA1904.dbc,/dissemin/publicos/SIHSUS/200801_/Dados,5118961.0,,2026-09-16T09:42:18.531232+00:00,ok,True
BA,2019,5,available,RDBA1905.dbc,/dissemin/publicos/SIHSUS/200801_/Dados,5249442.0,,2026-09-16T09:42:18.531232+00:00,ok,True
BA,2019,6,available,RDBA1906.dbc,/dissemin/publicos/SIHSUS/200801_/Dados,4967288.0,,2026-09-16T09:42:18.531232+00:00,ok,True
BA,2019,7,available,RDBA1907.dbc,/dissemin/publicos/SIHSUS/200801_/Dados,5365693.0,,2026-09-16T09:42:18.531232+00:00,ok,True
BA,2019,8,available,RDBA1908.dbc,/dissemin/publicos/SIHSUS/200801_/Dados,5558190.0,,2026-09-16T09:42:18.531232+00:00,ok,True
BA,2019,9,available,RDBA1909.dbc,/dissemin/publicos/SIHSUS/200801_/Dados,5243249.0,,2026-09-16T09:42:18.531232+00:00,ok,True
BA,2019,10,available,RDBA1910.dbc,/dissemin/publicos/SIHSUS/200801_/Dados,5311688.0,,2026-09-16T09:42:18.531232+00:00,ok,True
BA,2019,11,available,RDBA1911.dbc,/dissemin/publicos/SIHSUS/200801_/Dados,5147678.0,,2026-09-16T09:42:18.531232+00:00,ok,True
BA,2019,12,available,RDBA1912.dbc,/dissemin/publicos/SIHSUS/200801_/Dados,4871102.0,,2026-09-16T09:42:18.531232+00:00,ok,True
CE,2019,1,available,RDCE1901.dbc,/dissemin/publicos/SIHSUS/200801_/Dados,3171480.0,,2026-09-16T09:42:18.531232+00:00,ok,True
CE,2019,2,available,RDCE1902.dbc,/dissemin/publicos/SIHSUS/200801_/Dados,2979173.0,,2026-09-16T09:42:18.531232+00:00,ok,True
CE,2019,3,available,RDCE1903.dbc,/dissemin/publicos/SIHSUS/200801_/Dados,3069359.0,,2026-09-16T09:42:18.531232+00:00,ok,True
CE,2019,4,available,RDCE1904.dbc,/dissemin/publicos/SIHSUS/200801_/Dados,3128745.0,,2026-09-16T09:42:18.531232+00:00,ok,True
CE,2019,5,available,RDCE1905.dbc,/dissemin/publicos/SIHSUS/200801_/Dados,3228138.0,,2026-09-16T09:42:18.531232+00:00,ok,True
CE,2019,6,available,RDCE1906.dbc,/dissemin/publicos/SIHSUS/200801_/Dados,3125456.0,,2026-09-16T09:42:18.531232+00:00,ok,True
CE,2019,7,available,RDCE1907.dbc,/dissemin/publicos/SIHSUS/200801_/Dados,3169982.0,,2026-09-16T09:42:18.531232+00:00,ok,True
CE,2019,8,available,RDCE1908.dbc,/dissemin/publicos/SIHSUS/200801_/Dados,3226247.0,,2026-09-16T09:42:18.531232+00:00,ok,True
CE,2019,9,available,RDCE1909.dbc,/dissemin/publicos/SIHSUS/200801_/Dados,3223054.0,,2026-09-16T09:42:18.531232+00:00,ok,True
CE,2019,10,available,RDCE1910.dbc,/dissemin/publicos/SIHSUS/200801_/Dados,3241186.0,,2026-09-16T09:42:18.531232+00:00,ok,True
CE,2019,11,available,RDCE1911.dbc,/dissemin/publicos/SIHSUS/200801_/Dados,3091943.0,,2026-09-16T09:42:18.531232+00:00,ok,True
CE,2019,12,available,RDCE1912.dbc,/dissemin/publicos/SIHSUS/200801_/Dados,3128788.0,,2026-09-16T09:42:18.531232+00:00,ok,True
DF,2019,1,available,RDDF1901.dbc,/dissemin/publicos/SIHSUS/200801_/Dados,1412511.0,,2026-09-16T09:42:18.531232+00:00,ok,True
DF,2019,2,available,RDDF1902.dbc,/dissemin/publicos/SIHSUS/200801_/Dados,1404942.0,,2026-09-16T09:42:18.531232+00:00,ok,True
DF,2019,3,available,RDDF1903.dbc,/dissemin/publicos/SIHSUS/200801_/Dados,1648754.0,,2026-09-16T09:42:18.531232+00:00,ok,True
DF,2019,4,available,RDDF1904.dbc,/dissemin/publicos/SIHSUS/200801_/Dados,1490911.0,,2026-09-16T09:42:18.531232+00:00,ok,True
DF,2019,5,available,RDDF1905.dbc,/dissemin/publicos/SIHSUS/200801_/Dados,1570637.0,,2026-09-16T09:42:18.531232+00:00,ok,True
DF,2019,6,available,RDDF1906.dbc,/dissemin/publicos/SIHSUS/200801_/Dados,1462276.0,,2026-09-16T09:42:18.531232+00:00,ok,True
DF,2019,7,available,RDDF1907.dbc,/dissemin/publicos/SIHSUS/200801_/Dados,1561755.0,,2026-09-16T09:42:18.531232+00:00,ok,True
DF,2019,8,available,RDDF1908.dbc,/dissemin/publicos/SIHSUS/200801_/Dados,1729657.0,,2026-09-16T09:42:18.531232+00:00,ok,True
DF,2019,9,available,RDDF1909.dbc,/dissemin/publicos/SIHSUS/200801_/Dados,1399331.0,,2026-09-16T09:42:18.531232+00:00,ok,True
DF,2019,10,available,RDDF1910.dbc,/dissemin/publicos/SIHSUS/200801_/Dados,1416855.0,,2026-09-16T09:42:18.531232+00:00,ok,True
DF,2019,11,available,RDDF1911.dbc,/dissemin/publicos/SIHSUS/200801_/Dados,1354192.0,,2026-09-16T09:42:18.531232+00:00,ok,True
DF,2019,12,available,RDDF1912.dbc,/dissemin/publicos/SIHSUS/200801_/Dados,1400299.0,,2026-09-16T09:42:18.531232+00:00,ok,True
ES,2019,1,available,RDES1901.dbc,/dissemin/publicos/SIHSUS/200801_/Dados,1511828.0,,2026-09-16T09:42:18.531232+00:00,ok,True
ES,2019,2,available,RDES1902.dbc,/dissemin/publicos/SIHSUS/200801_/Dados,1450666.0,,2026-09-16T09:42:18.531232+00:00,ok,True
ES,2019,3,available,RDES1903.dbc,/dissemin/publicos/SIHSUS/200801_/Dados,1450720.0,,2026-09-16T09:42:18.531232+00:00,ok,True
ES,2019,4,available,RDES1904.dbc,/dissemin/publicos/SIHSUS/200801_/Dados,1464351.0,,2026-09-16T09:42:18.531232+00:00,ok,True
ES,2019,5,available,RDES1905.dbc,/dissemin/publicos/SIHSUS/200801_/Dados,1571871.0,,2026-09-16T09:42:18.531232+00:00,ok,True
ES,2019,6,available,RDES1906.dbc,/dissemin/publicos/SIHSUS/200801_/Dados,1513693.0,,2026-09-16T09:42:18.531232+00:00,ok,True
ES,2019,7,available,RDES1907.dbc,/dissemin/publicos/SIHSUS/200801_/Dados,1696777.0,,2026-09-16T09:42:18.531232+00:00,ok,True
ES,2019,8,available,RDES1908.dbc,/dissemin/publicos/SIHSUS/200801_/Dados,1683036.0,,2026-09-16T09:42:18.531232+00:00,ok,True
ES,2019,9,available,RDES1909.dbc,/dissemin/publicos/SIHSUS/200801_/Dados,1627304.0,,2026-09-16T09:42:18.531232+00:00,ok,True
ES,2019,10,available,RDES1910.dbc,/dissemin/publicos/SIHSUS/200801_/Dados,1710113.0,,2026-09-16T09:42:18.531232+00:00,ok,True
ES,2019,11,available,RDES1911.dbc,/dissemin/publicos/SIHSUS/200801_/Dados,1574652.0,,2026-09-16T09:42:18.531232+00:00,ok,True
ES,2019,12,available,RDES1912.dbc,/dissemin/publicos/SIHSUS/200801_/Dados,1651620.0,,2026-09-16T09:42:18.531232+00:00,ok,True
GO,2019,1,available,RDGO1901.dbc,/dissemin/publicos/SIHSUS/200801_/Dados,2008525.0,,2026-09-16T09:42:18.531232+00:00,ok,True
GO,2019,2,available,RDGO1902.dbc,/dissemin/publicos/SIHSUS/200801_/Dados,1952742.0,,2026-09-16T09:42:18.531232+00:00,ok,True
GO,2019,3,available,RDGO1903.dbc,/dissemin/publicos/SIHSUS/200801_/Dados,2070097.0,,2026-09-16T09:42:18.531232+00:00,ok,True
GO,2019,4,available,RDGO1904.dbc,/dissemin/publicos/SIHSUS/200801_/Dados,2118944.0,,2026-09-16T09:42:18.531232+00:00,ok,True
GO,2019,5,available,RDGO1905.dbc,/dissemin/publicos/SIHSUS/200801_/Dados,2206116.0,,2026-09-16T09:42:18.531232+00:00,ok,True
GO,2019,6,available,RDGO1906.dbc,/dissemin/publicos/SIHSUS/200801_/Dados,2130621.0,,2026-09-16T09:42:18.531232+00:00,ok,True
GO,2019,7,available,RDGO1907.dbc,/dissemin/publicos/SIHSUS/200801_/Dados,2199711.0,,2026-09-16T09:42:18.531232+00:00,ok,True
GO,2019,8,available,RDGO1908.dbc,/dissemin/publicos/SIHSUS/200801_/Dados,2240215.0,,2026-09-16T09:42:18.531232+00:00,ok,True
GO,2019,9,available,RDGO1909.dbc,/dissemin/publicos/SIHSUS/200801_/Dados,2198889.0,,2026-09-16T09:42:18.531232+00:00,ok,True
GO,2019,10,available,RDGO1910.dbc,/dissemin/publicos/SIHSUS/200801_/Dados,2275910.0,,2026-09-16T09:42:18.531232+00:00,ok,True
GO,2019,11,available,RDGO1911.dbc,/dissemin/publicos/SIHSUS/200801_/Dados,2169558.0,,2026-09-16T09:42:18.531232+00:00,ok,True
GO,2019,12,available,RDGO1912.dbc,/dissemin/publicos/SIHSUS/200801_/Dados,2129295.0,,2026-09-16T09:42:18.531232+00:00,ok,True
MA,2019,1,available,RDMA1901.dbc,/dissemin/publicos/SIHSUS/200801_/Dados,2597075.0,,2026-09-16T09:42:18.531232+00:00,ok,True
MA,2019,2,available,RDMA1902.dbc,/dissemin/publicos/SIHSUS/200801_/Dados,2445197.0,,2026-09-16T09:42:18.531232+00:00,ok,True
MA,2019,3,available,RDMA1903.dbc,/dissemin/publicos/SIHSUS/200801_/Dados,2639953.0,,2026-09-16T09:42:18.531232+00:00,ok,True
MA,2019,4,available,RDMA1904.dbc,/dissemin/publicos/SIHSUS/200801_/Dados,2635120.0,,2026-09-16T09:42:18.531232+00:00,ok,True
MA,2019,5,available,RDMA1905.dbc,/dissemin/publicos/SIHSUS/200801_/Dados,2716996.0,,2026-09-16T09:42:18.531232+00:00,ok,True
MA,2019,6,available,RDMA1906.dbc,/dissemin/publicos/SIHSUS/200801_/Dados,2561873.0,,2026-09-16T09:42:18.531232+00:00,ok,True
MA,2019,7,available,RDMA1907.dbc,/dissemin/publicos/SIHSUS/200801_/Dados,2583471.0,,2026-09-16T09:42:18.531232+00:00,ok,True
MA,2019,8,available,RDMA1908.dbc,/dissemin/publicos/SIHSUS/200801_/Dados,2613153.0,,2026-09-16T09:42:18.531232+00:00,ok,True
MA,2019,9,available,RDMA1909.dbc,/dissemin/publicos/SIHSUS/200801_/Dados,2581532.0,,2026-09-16T09:42:18.531232+00:00,ok,True
MA,2019,10,available,RDMA1910.dbc,/dissemin/publicos/SIHSUS/200801_/Dados,2631087.0,,2026-09-16T09:42:18.531232+00:00,ok,True
MA,2019,11,available,RDMA1911.dbc,/dissemin/publicos/SIHSUS/200801_/Dados,2527235.0,,2026-09-16T09:42:18.531232+00:00,ok,True
MA,2019,12,available,RDMA1912.dbc,/dissemin/publicos/SIHSUS/200801_/Dados,2444195.0,,2026-09-16T09:42:18.531232+00:00,ok,True
MG,2019,1,available,RDMG1901.dbc,/dissemin/publicos/SIHSUS/200801_/Dados,8129221.0,,2026-09-16T09:42:18.531232+00:00,ok,True
MG,2019,2,available,RDMG1902.dbc,/dissemin/publicos/SIHSUS/200801_/Dados,7937663.0,,2026-09-16T09:42:18.531232+00:00,ok,True
MG,2019,3,available,RDMG1903.dbc,/dissemin/publicos/SIHSUS/200801_/Dados,8238795.0,,2026-09-16T09:42:18.531232+00:00,ok,True
MG,2019,4,available,RDMG1904.dbc,/dissemin/publicos/SIHSUS/200801_/Dados,8447889.0,,2026-09-16T09:42:18.531232+00:00,ok,True
MG,2019,5,available,RDMG1905.dbc,/dissemin/publicos/SIHSUS/200801_/Dados,8953424.0,,2026-09-16T09:42:18.531232+00:00,ok,True
MG,2019,6,available,RDMG1906.dbc,/dissemin/publicos/SIHSUS/200801_/Dados,8409544.0,,2026-09-16T09:42:18.531232+00:00,ok,True
MG,2019,7,available,RDMG1907.dbc,/dissemin/publicos/SIHSUS/200801_/Dados,8741245.0,,2026-09-16T09:42:18.531232+00:00,ok,True
MG,2019,8,available,RDMG1908.dbc,/dissemin/publicos/SIHSUS/200801_/Dados,8695371.0,,2026-09-16T09:42:18.531232+00:00,ok,True
MG,2019,9,available,RDMG1909.dbc,/dissemin/publicos/SIHSUS/200801_/Dados,8448691.0,,2026-09-16T09:42:18.531232+00:00,ok,True
MG,2019,10,available,RDMG1910.dbc,/dissemin/publicos/SIHSUS/200801_/Dados,8775401.0,,2026-09-16T09:42:18.531232+00:00,ok,True
MG,2019,11,available,RDMG1911.dbc,/dissemin/publicos/SIHSUS/200801_/Dados,8231101.0,,2026-09-16T09:42:18.531232+00:00,ok,True
MG,2019,12,available,RDMG1912.dbc,/dissemin/publicos/SIHSUS/200801_/Dados,8095747.0,,2026-09-16T09:42:18.531232+00:00,ok,True
MS,2019,1,available,RDMS1901.dbc,/dissemin/publicos/SIHSUS/200801_/Dados,1104749.0,,2026-09-16T09:42:18.531232+00:00,ok,True
MS,2019,2,available,RDMS1902.dbc,/dissemin/publicos/SIHSUS/200801_/Dados,1113529.0,,2026-09-16T09:42:18.531232+00:00,ok,True
MS,2019,3,available,RDMS1903.dbc,/dissemin/publicos/SIHSUS/200801_/Dados,1055539.0,,2026-09-16T09:42:18.531232+00:00,ok,True
MS,2019,4,available,RDMS1904.dbc,/dissemin/publicos/SIHSUS/200801_/Dados,1150699.0,,2026-09-16T09:42:18.531232+00:00,ok,True
MS,2019,5,available,RDMS1905.dbc,/dissemin/publicos/SIHSUS/200801_/Dados,1147603.0,,2026-09-16T09:42:18.531232+00:00,ok,True
MS,2019,6,available,RDMS1906.dbc,/dissemin/publicos/SIHSUS/200801_/Dados,1155037.0,,2026-09-16T09:42:18.531232+00:00,ok,True
MS,2019,7,available,RDMS1907.dbc,/dissemin/publicos/SIHSUS/200801_/Dados,1207872.0,,2026-09-16T09:42:18.531232+00:00,ok,True
MS,2019,8,available,RDMS1908.dbc,/dissemin/publicos/SIHSUS/200801_/Dados,1198240.0,,2026-09-16T09:42:18.531232+00:00,ok,True
MS,2019,9,available,RDMS1909.dbc,/dissemin/publicos/SIHSUS/200801_/Dados,1159377.0,,2026-09-16T09:42:18.531232+00:00,ok,True
MS,2019,10,available,RDMS1910.dbc,/dissemin/publicos/SIHSUS/200801_/Dados,1182722.0,,2026-09-16T09:42:18.531232+00:00,ok,True
MS,2019,11,available,RDMS1911.dbc,/dissemin/publicos/SIHSUS/200801_/Dados,1096425.0,,2026-09-16T09:42:18.531232+00:00,ok,True
MS,2019,12,available,RDMS1912.dbc,/dissemin/publicos/SIHSUS/200801_/Dados,1103919.0,,2026-09-16T09:42:18.531232+00:00,ok,True
MT,2019,1,available,RDMT1901.dbc,/dissemin/publicos/SIHSUS/200801_/Dados,1090225.0,,2026-09-16T09:42:18.531232+00:00,ok,True
MT,2019,2,available,RDMT1902.dbc,/dissemin/publicos/SIHSUS/200801_/Dados,1087010.0,,2026-09-16T09:42:18.531232+00:00,ok,True
MT,2019,3,available,RDMT1903.dbc,/dissemin/publicos/SIHSUS/200801_/Dados,1194915.0,,2026-09-16T09:42:18.531232+00:00,ok,True
MT,2019,4,available,RDMT1904.dbc,/dissemin/publicos/SIHSUS/200801_/Dados,1172179.0,,2026-09-16T09:42:18.531232+00:00,ok,True
MT,2019,5,available,RDMT1905.dbc,/dissemin/publicos/SIHSUS/200801_/Dados,1244427.0,,2026-09-16T09:42:18.531232+00:00,ok,True
MT,2019,6,available,RDMT1906.dbc,/dissemin/publicos/SIHSUS/200801_/Dados,1193452.0,,2026-09-16T09:42:18.531232+00:00,ok,True
MT,2019,7,available,RDMT1907.dbc,/dissemin/publicos/SIHSUS/200801_/Dados,1209838.0,,2026-09-16T09:42:18.531232+00:00,ok,True
MT,2019,8,available,RDMT1908.dbc,/dissemin/publicos/SIHSUS/200801_/Dados,1279338.0,,2026-09-16T09:42:18.531232+00:00,ok,True
MT,2019,9,available,RDMT1909.dbc,/dissemin/publicos/SIHSUS/200801_/Dados,1200611.0,,2026-09-16T09:42:18.531232+00:00,ok,True
MT,2019,10,available,RDMT1910.dbc,/dissemin/publicos/SIHSUS/200801_/Dados,1259674.0,,2026-09-16T09:42:18.531232+00:00,ok,True
MT,2019,11,available,RDMT1911.dbc,/dissemin/publicos/SIHSUS/200801_/Dados,1193688.0,,2026-09-16T09:42:18.531232+00:00,ok,True
MT,2019,12,available,RDMT1912.dbc,/dissemin/publicos/SIHSUS/200801_/Dados,1155878.0,,2026-09-16T09:42:18.531232+00:00,ok,True
PA,2019,1,available,RDPA1901.dbc,/dissemin/publicos/SIHSUS/200801_/Dados,2545834.0,,2026-09-16T09:42:18.531232+00:00,ok,True
PA,2019,2,available,RDPA1902.dbc,/dissemin/publicos/SIHSUS/200801_/Dados,2645026.0,,2026-09-16T09:42:18.531232+00:00,ok,True
PA,2019,3,available,RDPA1903.dbc,/dissemin/publicos/SIHSUS/200801_/Dados,2682051.0,,2026-09-16T09:42:18.531232+00:00,ok,True
PA,2019,4,available,RDPA1904.dbc,/dissemin/publicos/SIHSUS/200801_/Dados,2774583.0,,2026-09-16T09:42:18.531232+00:00,ok,True
PA,2019,5,available,RDPA1905.dbc,/dissemin/publicos/SIHSUS/200801_/Dados,2800771.0,,2026-09-16T09:42:18.531232+00:00,ok,True
PA,2019,6,available,RDPA1906.dbc,/dissemin/publicos/SIHSUS/200801_/Dados,2759366.0,,2026-09-16T09:42:18.531232+00:00,ok,True
PA,2019,7,available,RDPA1907.dbc,/dissemin/publicos/SIHSUS/200801_/Dados,2487243.0,,2026-09-16T09:42:18.531232+00:00,ok,True
PA,2019,8,available,RDPA1908.dbc,/dissemin/publicos/SIHSUS/200801_/Dados,2569430.0,,2026-09-16T09:42:18.531232+00:00,ok,True
PA,2019,9,available,RDPA1909.dbc,/dissemin/publicos/SIHSUS/200801_/Dados,2721048.0,,2026-09-16T09:42:18.531232+00:00,ok,True
PA,2019,10,available,RDPA1910.dbc,/dissemin/publicos/SIHSUS/200801_/Dados,2800807.0,,2026-09-16T09:42:18.531232+00:00,ok,True
PA,2019,11,available,RDPA1911.dbc,/dissemin/publicos/SIHSUS/200801_/Dados,2771694.0,,2026-09-16T09:42:18.531232+00:00,ok,True
PA,2019,12,available,RDPA1912.dbc,/dissemin/publicos/SIHSUS/200801_/Dados,2748985.0,,2026-09-16T09:42:18.531232+00:00,ok,True
PB,2019,1,available,RDPB1901.dbc,/dissemin/publicos/SIHSUS/200801_/Dados,1107110.0,,2026-09-16T09:42:18.531232+00:00,ok,True
PB,2019,2,available,RDPB1902.dbc,/dissemin/publicos/SIHSUS/200801_/Dados,1034536.0,,2026-09-16T09:42:18.531232+00:00,ok,True
PB,2019,3,available,RDPB1903.dbc,/dissemin/publicos/SIHSUS/200801_/Dados,1174951.0,,2026-09-16T09:42:18.531232+00:00,ok,True
PB,2019,4,available,RDPB1904.dbc,/dissemin/publicos/SIHSUS/200801_/Dados,1140646.0,,2026-09-16T09:42:18.531232+00:00,ok,True
PB,2019,5,available,RDPB1905.dbc,/dissemin/publicos/SIHSUS/200801_/Dados,1272948.0,,2026-09-16T09:42:18.531232+00:00,ok,True
PB,2019,6,available,RDPB1906.dbc,/dissemin/publicos/SIHSUS/200801_/Dados,1189415.0,,2026-09-16T09:42:18.531232+00:00,ok,True
PB,2019,7,available,RDPB1907.dbc,/dissemin/publicos/SIHSUS/200801_/Dados,1205076.0,,2026-09-16T09:42:18.531232+00:00,ok,True
PB,2019,8,available,RDPB1908.dbc,/dissemin/publicos/SIHSUS/200801_/Dados,1215777.0,,2026-09-16T09:42:18.531232+00:00,ok,True
PB,2019,9,available,RDPB1909.dbc,/dissemin/publicos/SIHSUS/200801_/Dados,1219499.0,,2026-09-16T09:42:18.531232+00:00,ok,True
PB,2019,10,available,RDPB1910.dbc,/dissemin/publicos/SIHSUS/200801_/Dados,1151065.0,,2026-09-16T09:42:18.531232+00:00,ok,True
PB,2019,11,available,RDPB1911.dbc,/dissemin/publicos/SIHSUS/200801_/Dados,1166962.0,,2026-09-16T09:42:18.531232+00:00,ok,True
PB,2019,12,available,RDPB1912.dbc,/dissemin/publicos/SIHSUS/200801_/Dados,1117245.0,,2026-09-16T09:42:18.531232+00:00,ok,True
PE,2019,1,available,RDPE1901.dbc,/dissemin/publicos/SIHSUS/200801_/Dados,3359062.0,,2026-09-16T09:42:18.531232+00:00,ok,True
PE,2019,2,available,RDPE1902.dbc,/dissemin/publicos/SIHSUS/200801_/Dados,3269197.0,,2026-09-16T09:42:18.531232+00:00,ok,True
PE,2019,3,available,RDPE1903.dbc,/dissemin/publicos/SIHSUS/200801_/Dados,3430374.0,,2026-09-16T09:42:18.531232+00:00,ok,True
PE,2019,4,available,RDPE1904.dbc,/dissemin/publicos/SIHSUS/200801_/Dados,3561315.0,,2026-09-16T09:42:18.531232+00:00,ok,True
PE,2019,5,available,RDPE1905.dbc,/dissemin/publicos/SIHSUS/200801_/Dados,3743502.0,,2026-09-16T09:42:18.531232+00:00,ok,True
PE,2019,6,available,RDPE1906.dbc,/dissemin/publicos/SIHSUS/200801_/Dados,3605442.0,,2026-09-16T09:42:18.531232+00:00,ok,True
PE,2019,7,available,RDPE1907.dbc,/dissemin/publicos/SIHSUS/200801_/Dados,3693540.0,,2026-09-16T09:42:18.531232+00:00,ok,True
PE,2019,8,available,RDPE1908.dbc,/dissemin/publicos/SIHSUS/200801_/Dados,3726876.0,,2026-09-16T09:42:18.531232+00:00,ok,True
PE,2019,9,available,RDPE1909.dbc,/dissemin/publicos/SIHSUS/200801_/Dados,3586221.0,,2026-09-16T09:42:18.531232+00:00,ok,True
PE,2019,10,available,RDPE1910.dbc,/dissemin/publicos/SIHSUS/200801_/Dados,3773386.0,,2026-09-16T09:42:18.531232+00:00,ok,True
PE,2019,11,available,RDPE1911.dbc,/dissemin/publicos/SIHSUS/200801_/Dados,3657947.0,,2026-09-16T09:42:18.531232+00:00,ok,True
PE,2019,12,available,RDPE1912.dbc,/dissemin/publicos/SIHSUS/200801_/Dados,3520982.0,,2026-09-16T09:42:18.531232+00:00,ok,True
PI,2019,1,available,RDPI1901.dbc,/dissemin/publicos/SIHSUS/200801_/Dados,1246904.0,,2026-09-16T09:42:18.531232+00:00,ok,True
PI,2019,2,available,RDPI1902.dbc,/dissemin/publicos/SIHSUS/200801_/Dados,1204229.0,,2026-09-16T09:42:18.531232+00:00,ok,True
PI,2019,3,available,RDPI1903.dbc,/dissemin/publicos/SIHSUS/200801_/Dados,1272112.0,,2026-09-16T09:42:18.531232+00:00,ok,True
PI,2019,4,available,RDPI1904.dbc,/dissemin/publicos/SIHSUS/200801_/Dados,1268160.0,,2026-09-16T09:42:18.531232+00:00,ok,True
PI,2019,5,available,RDPI1905.dbc,/dissemin/publicos/SIHSUS/200801_/Dados,1328887.0,,2026-09-16T09:42:18.531232+00:00,ok,True
PI,2019,6,available,RDPI1906.dbc,/dissemin/publicos/SIHSUS/200801_/Dados,1345033.0,,2026-09-16T09:42:18.531232+00:00,ok,True
PI,2019,7,available,RDPI1907.dbc,/dissemin/publicos/SIHSUS/200801_/Dados,1319827.0,,2026-09-16T09:42:18.531232+00:00,ok,True
PI,2019,8,available,RDPI1908.dbc,/dissemin/publicos/SIHSUS/200801_/Dados,1361102.0,,2026-09-16T09:42:18.531232+00:00,ok,True
PI,2019,9,available,RDPI1909.dbc,/dissemin/publicos/SIHSUS/200801_/Dados,1354502.0,,2026-09-16T09:42:18.531232+00:00,ok,True
PI,2019,10,available,RDPI1910.dbc,/dissemin/publicos/SIHSUS/200801_/Dados,1420033.0,,2026-09-16T09:42:18.531232+00:00,ok,True
PI,2019,11,available,RDPI1911.dbc,/dissemin/publicos/SIHSUS/200801_/Dados,1357219.0,,2026-09-16T09:42:18.531232+00:00,ok,True
PI,2019,12,available,RDPI1912.dbc,/dissemin/publicos/SIHSUS/200801_/Dados,1331396.0,,2026-09-16T09:42:18.531232+00:00,ok,True
PR,2019,1,available,RDPR1901.dbc,/dissemin/publicos/SIHSUS/200801_/Dados,5596316.0,,2026-09-16T09:42:18.531232+00:00,ok,True
PR,2019,2,available,RDPR1902.dbc,/dissemin/publicos/SIHSUS/200801_/Dados,5508326.0,,2026-09-16T09:42:18.531232+00:00,ok,True
PR,2019,3,available,RDPR1903.dbc,/dissemin/publicos/SIHSUS/200801_/Dados,5609343.0,,2026-09-16T09:42:18.531232+00:00,ok,True
PR,2019,4,available,RDPR1904.dbc,/dissemin/publicos/SIHSUS/200801_/Dados,5597502.0,,2026-09-16T09:42:18.531232+00:00,ok,True
PR,2019,5,available,RDPR1905.dbc,/dissemin/publicos/SIHSUS/200801_/Dados,5879248.0,,2026-09-16T09:42:18.531232+00:00,ok,True
PR,2019,6,available,RDPR1906.dbc,/dissemin/publicos/SIHSUS/200801_/Dados,5676496.0,,2026-09-16T09:42:18.531232+00:00,ok,True
PR,2019,7,available,RDPR1907.dbc,/dissemin/publicos/SIHSUS/200801_/Dados,5789361.0,,2026-09-16T09:42:18.531232+00:00,ok,True
PR,2019,8,available,RDPR1908.dbc,/dissemin/publicos/SIHSUS/200801_/Dados,5728401.0,,2026-09-16T09:42:18.531232+00:00,ok,True
PR,2019,9,available,RDPR1909.dbc,/dissemin/publicos/SIHSUS/200801_/Dados,5799493.0,,2026-09-16T09:42:18.531232+00:00,ok,True
PR,2019,10,available,RDPR1910.dbc,/dissemin/publicos/SIHSUS/200801_/Dados,5892254.0,,2026-09-16T09:42:18.531232+00:00,ok,True
PR,2019,11,available,RDPR1911.dbc,/dissemin/publicos/SIHSUS/200801_/Dados,5776001.0,,2026-09-16T09:42:18.531232+00:00,ok,True
PR,2019,12,available,RDPR1912.dbc,/dissemin/publicos/SIHSUS/200801_/Dados,5515020.0,,2026-09-16T09:42:18.531232+00:00,ok,True
RJ,2019,1,available,RDRJ1901.dbc,/dissemin/publicos/SIHSUS/200801_/Dados,4818081.0,,2026-09-16T09:42:18.531232+00:00,ok,True
RJ,2019,2,available,RDRJ1902.dbc,/dissemin/publicos/SIHSUS/200801_/Dados,4457945.0,,2026-09-16T09:42:18.531232+00:00,ok,True
RJ,2019,3,available,RDRJ1903.dbc,/dissemin/publicos/SIHSUS/200801_/Dados,4528828.0,,2026-09-16T09:42:18.531232+00:00,ok,True
RJ,2019,4,available,RDRJ1904.dbc,/dissemin/publicos/SIHSUS/200801_/Dados,4591714.0,,2026-09-16T09:42:18.531232+00:00,ok,True
RJ,2019,5,available,RDRJ1905.dbc,/dissemin/publicos/SIHSUS/200801_/Dados,5062410.0,,2026-09-16T09:42:18.531232+00:00,ok,True
RJ,2019,6,available,RDRJ1906.dbc,/dissemin/publicos/SIHSUS/200801_/Dados,4830218.0,,2026-09-16T09:42:18.531232+00:00,ok,True
RJ,2019,7,available,RDRJ1907.dbc,/dissemin/publicos/SIHSUS/200801_/Dados,5087912.0,,2026-09-16T09:42:18.531232+00:00,ok,True
RJ,2019,8,available,RDRJ1908.dbc,/dissemin/publicos/SIHSUS/200801_/Dados,5142182.0,,2026-09-16T09:42:18.531232+00:00,ok,True
RJ,2019,9,available,RDRJ1909.dbc,/dissemin/publicos/SIHSUS/200801_/Dados,4926155.0,,2026-09-16T09:42:18.531232+00:00,ok,True
RJ,2019,10,available,RDRJ1910.dbc,/dissemin/publicos/SIHSUS/200801_/Dados,5060073.0,,2026-09-16T09:42:18.531232+00:00,ok,True
RJ,2019,11,available,RDRJ1911.dbc,/dissemin/publicos/SIHSUS/200801_/Dados,4811206.0,,2026-09-16T09:42:18.531232+00:00,ok,True
RJ,2019,12,available,RDRJ1912.dbc,/dissemin/publicos/SIHSUS/200801_/Dados,4531228.0,,2026-09-16T09:42:18.531232+00:00,ok,True
RN,2019,1,available,RDRN1901.dbc,/dissemin/publicos/SIHSUS/200801_/Dados,1113459.0,,2026-09-16T09:42:18.531232+00:00,ok,True
RN,2019,2,available,RDRN1902.dbc,/dissemin/publicos/SIHSUS/200801_/Dados,1040842.0,,2026-09-16T09:42:18.531232+00:00,ok,True
RN,2019,3,available,RDRN1903.dbc,/dissemin/publicos/SIHSUS/200801_/Dados,1124247.0,,2026-09-16T09:42:18.531232+00:00,ok,True
RN,2019,4,available,RDRN1904.dbc,/dissemin/publicos/SIHSUS/200801_/Dados,1104343.0,,2026-09-16T09:42:18.531232+00:00,ok,True
RN,2019,5,available,RDRN1905.dbc,/dissemin/publicos/SIHSUS/200801_/Dados,1219582.0,,2026-09-16T09:42:18.531232+00:00,ok,True
RN,2019,6,available,RDRN1906.dbc,/dissemin/publicos/SIHSUS/200801_/Dados,1126552.0,,2026-09-16T09:42:18.531232+00:00,ok,True
RN,2019,7,available,RDRN1907.dbc,/dissemin/publicos/SIHSUS/200801_/Dados,1164231.0,,2026-09-16T09:42:18.531232+00:00,ok,True
RN,2019,8,available,RDRN1908.dbc,/dissemin/publicos/SIHSUS/200801_/Dados,1214973.0,,2026-09-16T09:42:18.531232+00:00,ok,True
RN,2019,9,available,RDRN1909.dbc,/dissemin/publicos/SIHSUS/200801_/Dados,1136935.0,,2026-09-16T09:42:18.531232+00:00,ok,True
RN,2019,10,available,RDRN1910.dbc,/dissemin/publicos/SIHSUS/200801_/Dados,1127805.0,,2026-09-16T09:42:18.531232+00:00,ok,True
RN,2019,11,available,RDRN1911.dbc,/dissemin/publicos/SIHSUS/200801_/Dados,1119852.0,,2026-09-16T09:42:18.531232+00:00,ok,True
RN,2019,12,available,RDRN1912.dbc,/dissemin/publicos/SIHSUS/200801_/Dados,1083243.0,,2026-09-16T09:42:18.531232+00:00,ok,True
RO,2019,1,available,RDRO1901.dbc,/dissemin/publicos/SIHSUS/200801_/Dados,683283.0,,2026-09-16T09:42:18.531232+00:00,ok,True
RO,2019,2,available,RDRO1902.dbc,/dissemin/publicos/SIHSUS/200801_/Dados,673675.0,,2026-09-16T09:42:18.531232+00:00,ok,True
RO,2019,3,available,RDRO1903.dbc,/dissemin/publicos/SIHSUS/200801_/Dados,680883.0,,2026-09-16T09:42:18.531232+00:00,ok,True
RO,2019,4,available,RDRO1904.dbc,/dissemin/publicos/SIHSUS/200801_/Dados,746105.0,,2026-09-16T09:42:18.531232+00:00,ok,True
RO,2019,5,available,RDRO1905.dbc,/dissemin/publicos/SIHSUS/200801_/Dados,774732.0,,2026-09-16T09:42:18.531232+00:00,ok,True
RO,2019,6,available,RDRO1906.dbc,/dissemin/publicos/SIHSUS/200801_/Dados,716017.0,,2026-09-16T09:42:18.531232+00:00,ok,True
RO,2019,7,available,RDRO1907.dbc,/dissemin/publicos/SIHSUS/200801_/Dados,760437.0,,2026-09-16T09:42:18.531232+00:00,ok,True
RO,2019,8,available,RDRO1908.dbc,/dissemin/publicos/SIHSUS/200801_/Dados,720809.0,,2026-09-16T09:42:18.531232+00:00,ok,True
RO,2019,9,available,RDRO1909.dbc,/dissemin/publicos/SIHSUS/200801_/Dados,713545.0,,2026-09-16T09:42:18.531232+00:00,ok,True
RO,2019,10,available,RDRO1910.dbc,/dissemin/publicos/SIHSUS/200801_/Dados,713462.0,,2026-09-16T09:42:18.531232+00:00,ok,True
RO,2019,11,available,RDRO1911.dbc,/dissemin/publicos/SIHSUS/200801_/Dados,725562.0,,2026-09-16T09:42:18.531232+00:00,ok,True
RO,2019,12,available,RDRO1912.dbc,/dissemin/publicos/SIHSUS/200801_/Dados,673292.0,,2026-09-16T09:42:18.531232+00:00,ok,True
RR,2019,1,available,RDRR1901.dbc,/dissemin/publicos/SIHSUS/200801_/Dados,244880.0,,2026-09-16T09:42:18.531232+00:00,ok,True
RR,2019,2,available,RDRR1902.dbc,/dissemin/publicos/SIHSUS/200801_/Dados,232850.0,,2026-09-16T09:42:18.531232+00:00,ok,True
RR,2019,3,available,RDRR1903.dbc,/dissemin/publicos/SIHSUS/200801_/Dados,215112.0,,2026-09-16T09:42:18.531232+00:00,ok,True
RR,2019,4,available,RDRR1904.dbc,/dissemin/publicos/SIHSUS/200801_/Dados,242333.0,,2026-09-16T09:42:18.531232+00:00,ok,True
RR,2019,5,available,RDRR1905.dbc,/dissemin/publicos/SIHSUS/200801_/Dados,228096.0,,2026-09-16T09:42:18.531232+00:00,ok,True
RR,2019,6,available,RDRR1906.dbc,/dissemin/publicos/SIHSUS/200801_/Dados,265018.0,,2026-09-16T09:42:18.531232+00:00,ok,True
RR,2019,7,available,RDRR1907.dbc,/dissemin/publicos/SIHSUS/200801_/Dados,322787.0,,2026-09-16T09:42:18.531232+00:00,ok,True
RR,2019,8,available,RDRR1908.dbc,/dissemin/publicos/SIHSUS/200801_/Dados,365249.0,,2026-09-16T09:42:18.531232+00:00,ok,True
RR,2019,9,available,RDRR1909.dbc,/dissemin/publicos/SIHSUS/200801_/Dados,330282.0,,2026-09-16T09:42:18.531232+00:00,ok,True
RR,2019,10,available,RDRR1910.dbc,/dissemin/publicos/SIHSUS/200801_/Dados,328429.0,,2026-09-16T09:42:18.531232+00:00,ok,True
RR,2019,11,available,RDRR1911.dbc,/dissemin/publicos/SIHSUS/200801_/Dados,311397.0,,2026-09-16T09:42:18.531232+00:00,ok,True
RR,2019,12,available,RDRR1912.dbc,/dissemin/publicos/SIHSUS/200801_/Dados,293338.0,,2026-09-16T09:42:18.531232+00:00,ok,True
RS,2019,1,available,RDRS1901.dbc,/dissemin/publicos/SIHSUS/200801_/Dados,4687767.0,,2026-09-16T09:42:18.531232+00:00,ok,True
RS,2019,2,available,RDRS1902.dbc,/dissemin/publicos/SIHSUS/200801_/Dados,4657978.0,,2026-09-16T09:42:18.531232+00:00,ok,True
RS,2019,3,available,RDRS1903.dbc,/dissemin/publicos/SIHSUS/200801_/Dados,4659084.0,,2026-09-16T09:42:18.531232+00:00,ok,True
RS,2019,4,available,RDRS1904.dbc,/dissemin/publicos/SIHSUS/200801_/Dados,4861112.0,,2026-09-16T09:42:18.531232+00:00,ok,True
RS,2019,5,available,RDRS1905.dbc,/dissemin/publicos/SIHSUS/200801_/Dados,5146934.0,,2026-09-16T09:42:18.531232+00:00,ok,True
RS,2019,6,available,RDRS1906.dbc,/dissemin/publicos/SIHSUS/200801_/Dados,5075139.0,,2026-09-16T09:42:18.531232+00:00,ok,True
RS,2019,7,available,RDRS1907.dbc,/dissemin/publicos/SIHSUS/200801_/Dados,5286285.0,,2026-09-16T09:42:18.531232+00:00,ok,True
RS,2019,8,available,RDRS1908.dbc,/dissemin/publicos/SIHSUS/200801_/Dados,5302409.0,,2026-09-16T09:42:18.531232+00:00,ok,True
RS,2019,9,available,RDRS1909.dbc,/dissemin/publicos/SIHSUS/200801_/Dados,5133999.0,,2026-09-16T09:42:18.531232+00:00,ok,True
RS,2019,10,available,RDRS1910.dbc,/dissemin/publicos/SIHSUS/200801_/Dados,5424851.0,,2026-09-16T09:42:18.531232+00:00,ok,True
RS,2019,11,available,RDRS1911.dbc,/dissemin/publicos/SIHSUS/200801_/Dados,4955496.0,,2026-09-16T09:42:18.531232+00:00,ok,True
RS,2019,12,available,RDRS1912.dbc,/dissemin/publicos/SIHSUS/200801_/Dados,4844189.0,,2026-09-16T09:42:18.531232+00:00,ok,True
SC,2019,1,available,RDSC1901.dbc,/dissemin/publicos/SIHSUS/200801_/Dados,3199017.0,,2026-09-16T09:42:18.531232+00:00,ok,True
SC,2019,2,available,RDSC1902.dbc,/dissemin/publicos/SIHSUS/200801_/Dados,3047100.0,,2026-09-16T09:42:18.531232+00:00,ok,True
SC,2019,3,available,RDSC1903.dbc,/dissemin/publicos/SIHSUS/200801_/Dados,3085876.0,,2026-09-16T09:42:18.531232+00:00,ok,True
SC,2019,4,available,RDSC1904.dbc,/dissemin/publicos/SIHSUS/200801_/Dados,3156916.0,,2026-09-16T09:42:18.531232+00:00,ok,True
SC,2019,5,available,RDSC1905.dbc,/dissemin/publicos/SIHSUS/200801_/Dados,3406007.0,,2026-09-16T09:42:18.531232+00:00,ok,True
SC,2019,6,available,RDSC1906.dbc,/dissemin/publicos/SIHSUS/200801_/Dados,3319735.0,,2026-09-16T09:42:18.531232+00:00,ok,True
SC,2019,7,available,RDSC1907.dbc,/dissemin/publicos/SIHSUS/200801_/Dados,3466302.0,,2026-09-16T09:42:18.531232+00:00,ok,True
SC,2019,8,available,RDSC1908.dbc,/dissemin/publicos/SIHSUS/200801_/Dados,3465426.0,,2026-09-16T09:42:18.531232+00:00,ok,True
SC,2019,9,available,RDSC1909.dbc,/dissemin/publicos/SIHSUS/200801_/Dados,3403690.0,,2026-09-16T09:42:18.531232+00:00,ok,True
SC,2019,10,available,RDSC1910.dbc,/dissemin/publicos/SIHSUS/200801_/Dados,3498764.0,,2026-09-16T09:42:18.531232+00:00,ok,True
SC,2019,11,available,RDSC1911.dbc,/dissemin/publicos/SIHSUS/200801_/Dados,3362380.0,,2026-09-16T09:42:18.531232+00:00,ok,True
SC,2019,12,available,RDSC1912.dbc,/dissemin/publicos/SIHSUS/200801_/Dados,3180922.0,,2026-09-16T09:42:18.531232+00:00,ok,True
SE,2019,1,available,RDSE1901.dbc,/dissemin/publicos/SIHSUS/200801_/Dados,575614.0,,2026-09-16T09:42:18.531232+00:00,ok,True
SE,2019,2,available,RDSE1902.dbc,/dissemin/publicos/SIHSUS/200801_/Dados,521332.0,,2026-09-16T09:42:18.531232+00:00,ok,True
SE,2019,3,available,RDSE1903.dbc,/dissemin/publicos/SIHSUS/200801_/Dados,514770.0,,2026-09-16T09:42:18.531232+00:00,ok,True
SE,2019,4,available,RDSE1904.dbc,/dissemin/publicos/SIHSUS/200801_/Dados,588351.0,,2026-09-16T09:42:18.531232+00:00,ok,True
SE,2019,5,available,RDSE1905.dbc,/dissemin/publicos/SIHSUS/200801_/Dados,633045.0,,2026-09-16T09:42:18.531232+00:00,ok,True
SE,2019,6,available,RDSE1906.dbc,/dissemin/publicos/SIHSUS/200801_/Dados,564125.0,,2026-09-16T09:42:18.531232+00:00,ok,True
SE,2019,7,available,RDSE1907.dbc,/dissemin/publicos/SIHSUS/200801_/Dados,581814.0,,2026-09-16T09:42:18.531232+00:00,ok,True
SE,2019,8,available,RDSE1908.dbc,/dissemin/publicos/SIHSUS/200801_/Dados,577352.0,,2026-09-16T09:42:18.531232+00:00,ok,True
SE,2019,9,available,RDSE1909.dbc,/dissemin/publicos/SIHSUS/200801_/Dados,570207.0,,2026-09-16T09:42:18.531232+00:00,ok,True
SE,2019,10,available,RDSE1910.dbc,/dissemin/publicos/SIHSUS/200801_/Dados,587122.0,,2026-09-16T09:42:18.531232+00:00,ok,True
SE,2019,11,available,RDSE1911.dbc,/dissemin/publicos/SIHSUS/200801_/Dados,580977.0,,2026-09-16T09:42:18.531232+00:00,ok,True
SE,2019,12,available,RDSE1912.dbc,/dissemin/publicos/SIHSUS/200801_/Dados,525818.0,,2026-09-16T09:42:18.531232+00:00,ok,True
SP,2019,1,available,RDSP1901.dbc,/dissemin/publicos/SIHSUS/200801_/Dados,16345865.0,,2026-09-16T09:42:18.531232+00:00,ok,True
SP,2019,2,available,RDSP1902.dbc,/dissemin/publicos/SIHSUS/200801_/Dados,15690982.0,,2026-09-16T09:42:18.531232+00:00,ok,True
SP,2019,3,available,RDSP1903.dbc,/dissemin/publicos/SIHSUS/200801_/Dados,16685059.0,,2026-09-16T09:42:18.531232+00:00,ok,True
SP,2019,4,available,RDSP1904.dbc,/dissemin/publicos/SIHSUS/200801_/Dados,17014473.0,,2026-09-16T09:42:18.531232+00:00,ok,True
SP,2019,5,available,RDSP1905.dbc,/dissemin/publicos/SIHSUS/200801_/Dados,17552055.0,,2026-09-16T09:42:18.531232+00:00,ok,True
SP,2019,6,available,RDSP1906.dbc,/dissemin/publicos/SIHSUS/200801_/Dados,16862741.0,,2026-09-16T09:42:18.531232+00:00,ok,True
SP,2019,7,available,RDSP1907.dbc,/dissemin/publicos/SIHSUS/200801_/Dados,17140862.0,,2026-09-16T09:42:18.531232+00:00,ok,True
SP,2019,8,available,RDSP1908.dbc,/dissemin/publicos/SIHSUS/200801_/Dados,17555424.0,,2026-09-16T09:42:18.531232+00:00,ok,True
SP,2019,9,available,RDSP1909.dbc,/dissemin/publicos/SIHSUS/200801_/Dados,17121808.0,,2026-09-16T09:42:18.531232+00:00,ok,True
SP,2019,10,available,RDSP1910.dbc,/dissemin/publicos/SIHSUS/200801_/Dados,17760862.0,,2026-09-16T09:42:18.531232+00:00,ok,True
SP,2019,11,available,RDSP1911.dbc,/dissemin/publicos/SIHSUS/200801_/Dados,16528229.0,,2026-09-16T09:42:18.531232+00:00,ok,True
SP,2019,12,available,RDSP1912.dbc,/dissemin/publicos/SIHSUS/200801_/Dados,16055457.0,,2026-09-16T09:42:18.531232+00:00,ok,True
TO,2019,1,available,RDTO1901.dbc,/dissemin/publicos/SIHSUS/200801_/Dados,449162.0,,2026-09-16T09:42:18.531232+00:00,ok,True
TO,2019,2,available,RDTO1902.dbc,/dissemin/publicos/SIHSUS/200801_/Dados,479861.0,,2026-09-16T09:42:18.531232+00:00,ok,True
TO,2019,3,available,RDTO1903.dbc,/dissemin/publicos/SIHSUS/200801_/Dados,481427.0,,2026-09-16T09:42:18.531232+00:00,ok,True
TO,2019,4,available,RDTO1904.dbc,/dissemin/publicos/SIHSUS/200801_/Dados,492298.0,,2026-09-16T09:42:18.531232+00:00,ok,True
TO,2019,5,available,RDTO1905.dbc,/dissemin/publicos/SIHSUS/200801_/Dados,517771.0,,2026-09-16T09:42:18.531232+00:00,ok,True
TO,2019,6,available,RDTO1906.dbc,/dissemin/publicos/SIHSUS/200801_/Dados,467983.0,,2026-09-16T09:42:18.531232+00:00,ok,True
TO,2019,7,available,RDTO1907.dbc,/dissemin/publicos/SIHSUS/200801_/Dados,527913.0,,2026-09-16T09:42:18.531232+00:00,ok,True
TO,2019,8,available,RDTO1908.dbc,/dissemin/publicos/SIHSUS/200801_/Dados,570242.0,,2026-09-16T09:42:18.531232+00:00,ok,True
TO,2019,9,available,RDTO1909.dbc,/dissemin/publicos/SIHSUS/200801_/Dados,629806.0,,2026-09-16T09:42:18.531232+00:00,ok,True
TO,2019,10,available,RDTO1910.dbc,/dissemin/publicos/SIHSUS/200801_/Dados,569525.0,,2026-09-16T09:42:18.531232+00:00,ok,True
TO,2019,11,available,RDTO1911.dbc,/dissemin/publicos/SIHSUS/200801_/Dados,500113.0,,2026-09-16T09:42:18.531232+00:00,ok,True
TO,2019,12,available,RDTO1912.dbc,/dissemin/publicos/SIHSUS/200801_/Dados,552322.0,,2026-09-16T09:42:18.531232+00:00,ok,True
AC,2020,1,available,RDAC2001.dbc,/dissemin/publicos/SIHSUS/200801_/Dados,280519.0,,2026-09-16T09:42:18.531232+00:00,ok,True
AC,2020,2,available,RDAC2002.dbc,/dissemin/publicos/SIHSUS/200801_/Dados,298743.0,,2026-09-16T09:42:18.531232+00:00,ok,True
AC,2020,3,available,RDAC2003.dbc,/dissemin/publicos/SIHSUS/200801_/Dados,269235.0,,2026-09-16T09:42:18.531232+00:00,ok,True
AC,2020,4,available,RDAC2004.dbc,/dissemin/publicos/SIHSUS/200801_/Dados,217891.0,,2026-09-16T09:42:18.531232+00:00,ok,True
AC,2020,5,available,RDAC2005.dbc,/dissemin/publicos/SIHSUS/200801_/Dados,223979.0,,2026-09-16T09:42:18.531232+00:00,ok,True
AC,2020,6,available,RDAC2006.dbc,/dissemin/publicos/SIHSUS/200801_/Dados,226375.0,,2026-09-16T09:42:18.531232+00:00,ok,True
AC,2020,7,available,RDAC2007.dbc,/dissemin/publicos/SIHSUS/200801_/Dados,251010.0,,2026-09-16T09:42:18.531232+00:00,ok,True
AC,2020,8,available,RDAC2008.dbc,/dissemin/publicos/SIHSUS/200801_/Dados,261182.0,,2026-09-16T09:42:18.531232+00:00,ok,True
AC,2020,9,available,RDAC2009.dbc,/dissemin/publicos/SIHSUS/200801_/Dados,245787.0,,2026-09-16T09:42:18.531232+00:00,ok,True
AC,2020,10,available,RDAC2010.dbc,/dissemin/publicos/SIHSUS/200801_/Dados,306542.0,,2026-09-16T09:42:18.531232+00:00,ok,True
AC,2020,11,available,RDAC2011.dbc,/dissemin/publicos/SIHSUS/200801_/Dados,254757.0,,2026-09-16T09:42:18.531232+00:00,ok,True
AC,2020,12,available,RDAC2012.dbc,/dissemin/publicos/SIHSUS/200801_/Dados,268620.0,,2026-09-16T09:42:18.531232+00:00,ok,True
AL,2020,1,available,RDAL2001.dbc,/dissemin/publicos/SIHSUS/200801_/Dados,1058035.0,,2026-09-16T09:42:18.531232+00:00,ok,True
AL,2020,2,available,RDAL2002.dbc,/dissemin/publicos/SIHSUS/200801_/Dados,960378.0,,2026-09-16T09:42:18.531232+00:00,ok,True
AL,2020,3,available,RDAL2003.dbc,/dissemin/publicos/SIHSUS/200801_/Dados,984873.0,,2026-09-16T09:42:18.531232+00:00,ok,True
AL,2020,4,available,RDAL2004.dbc,/dissemin/publicos/SIHSUS/200801_/Dados,831014.0,,2026-09-16T09:42:18.531232+00:00,ok,True
AL,2020,5,available,RDAL2005.dbc,/dissemin/publicos/SIHSUS/200801_/Dados,711357.0,,2026-09-16T09:42:18.531232+00:00,ok,True
AL,2020,6,available,RDAL2006.dbc,/dissemin/publicos/SIHSUS/200801_/Dados,644939.0,,2026-09-16T09:42:18.531232+00:00,ok,True
AL,2020,7,available,RDAL2007.dbc,/dissemin/publicos/SIHSUS/200801_/Dados,786945.0,,2026-09-16T09:42:18.531232+00:00,ok,True
AL,2020,8,available,RDAL2008.dbc,/dissemin/publicos/SIHSUS/200801_/Dados,865661.0,,2026-09-16T09:42:18.531232+00:00,ok,True
AL,2020,9,available,RDAL2009.dbc,/dissemin/publicos/SIHSUS/200801_/Dados,879639.0,,2026-09-16T09:42:18.531232+00:00,ok,True
AL,2020,10,available,RDAL2010.dbc,/dissemin/publicos/SIHSUS/200801_/Dados,953101.0,,2026-09-16T09:42:18.531232+00:00,ok,True
AL,2020,11,available,RDAL2011.dbc,/dissemin/publicos/SIHSUS/200801_/Dados,991712.0,,2026-09-16T09:42:18.531232+00:00,ok,True
AL,2020,12,available,RDAL2012.dbc,/dissemin/publicos/SIHSUS/200801_/Dados,972038.0,,2026-09-16T09:42:18.531232+00:00,ok,True
AM,2020,1,available,RDAM2001.dbc,/dissemin/publicos/SIHSUS/200801_/Dados,1137237.0,,2026-09-16T09:42:18.531232+00:00,ok,True
AM,2020,2,available,RDAM2002.dbc,/dissemin/publicos/SIHSUS/200801_/Dados,1063169.0,,2026-09-16T09:42:18.531232+00:00,ok,True
AM,2020,3,available,RDAM2003.dbc,/dissemin/publicos/SIHSUS/200801_/Dados,1089587.0,,2026-09-16T09:42:18.531232+00:00,ok,True
AM,2020,4,available,RDAM2004.dbc,/dissemin/publicos/SIHSUS/200801_/Dados,882929.0,,2026-09-16T09:42:18.531232+00:00,ok,True
AM,2020,5,available,RDAM2005.dbc,/dissemin/publicos/SIHSUS/200801_/Dados,946646.0,,2026-09-16T09:42:18.531232+00:00,ok,True
AM,2020,6,available,RDAM2006.dbc,/dissemin/publicos/SIHSUS/200801_/Dados,991692.0,,2026-09-16T09:42:18.531232+00:00,ok,True
AM,2020,7,available,RDAM2007.dbc,/dissemin/publicos/SIHSUS/200801_/Dados,1011932.0,,2026-09-16T09:42:18.531232+00:00,ok,True
AM,2020,8,available,RDAM2008.dbc,/dissemin/publicos/SIHSUS/200801_/Dados,968225.0,,2026-09-16T09:42:18.531232+00:00,ok,True
AM,2020,9,available,RDAM2009.dbc,/dissemin/publicos/SIHSUS/200801_/Dados,1033932.0,,2026-09-16T09:42:18.531232+00:00,ok,True
AM,2020,10,available,RDAM2010.dbc,/dissemin/publicos/SIHSUS/200801_/Dados,1029113.0,,2026-09-16T09:42:18.531232+00:00,ok,True
AM,2020,11,available,RDAM2011.dbc,/dissemin/publicos/SIHSUS/200801_/Dados,1020757.0,,2026-09-16T09:42:18.531232+00:00,ok,True
AM,2020,12,available,RDAM2012.dbc,/dissemin/publicos/SIHSUS/200801_/Dados,937285.0,,2026-09-16T09:42:18.531232+00:00,ok,True
AP,2020,1,available,RDAP2001.dbc,/dissemin/publicos/SIHSUS/200801_/Dados,214576.0,,2026-09-16T09:42:18.531232+00:00,ok,True
AP,2020,2,available,RDAP2002.dbc,/dissemin/publicos/SIHSUS/200801_/Dados,216941.0,,2026-09-16T09:42:18.531232+00:00,ok,True
AP,2020,3,available,RDAP2003.dbc,/dissemin/publicos/SIHSUS/200801_/Dados,168322.0,,2026-09-16T09:42:18.531232+00:00,ok,True
AP,2020,4,available,RDAP2004.dbc,/dissemin/publicos/SIHSUS/200801_/Dados,135956.0,,2026-09-16T09:42:18.531232+00:00,ok,True
AP,2020,5,available,RDAP2005.dbc,/dissemin/publicos/SIHSUS/200801_/Dados,138071.0,,2026-09-16T09:42:18.531232+00:00,ok,True
AP,2020,6,available,RDAP2006.dbc,/dissemin/publicos/SIHSUS/200801_/Dados,148731.0,,2026-09-16T09:42:18.531232+00:00,ok,True
AP,2020,7,available,RDAP2007.dbc,/dissemin/publicos/SIHSUS/200801_/Dados,191549.0,,2026-09-16T09:42:18.531232+00:00,ok,True
AP,2020,8,available,RDAP2008.dbc,/dissemin/publicos/SIHSUS/200801_/Dados,204859.0,,2026-09-16T09:42:18.531232+00:00,ok,True
AP,2020,9,available,RDAP2009.dbc,/dissemin/publicos/SIHSUS/200801_/Dados,193206.0,,2026-09-16T09:42:18.531232+00:00,ok,True
AP,2020,10,available,RDAP2010.dbc,/dissemin/publicos/SIHSUS/200801_/Dados,163705.0,,2026-09-16T09:42:18.531232+00:00,ok,True
AP,2020,11,available,RDAP2011.dbc,/dissemin/publicos/SIHSUS/200801_/Dados,159775.0,,2026-09-16T09:42:18.531232+00:00,ok,True
AP,2020,12,available,RDAP2012.dbc,/dissemin/publicos/SIHSUS/200801_/Dados,189773.0,,2026-09-16T09:42:18.531232+00:00,ok,True
BA,2020,1,available,RDBA2001.dbc,/dissemin/publicos/SIHSUS/200801_/Dados,4951049.0,,2026-09-16T09:42:18.531232+00:00,ok,True
BA,2020,2,available,RDBA2002.dbc,/dissemin/publicos/SIHSUS/200801_/Dados,4713044.0,,2026-09-16T09:42:18.531232+00:00,ok,True
BA,2020,3,available,RDBA2003.dbc,/dissemin/publicos/SIHSUS/200801_/Dados,4771869.0,,2026-09-16T09:42:18.531232+00:00,ok,True
BA,2020,4,available,RDBA2004.dbc,/dissemin/publicos/SIHSUS/200801_/Dados,3939544.0,,2026-09-16T09:42:18.531232+00:00,ok,True
BA,2020,5,available,RDBA2005.dbc,/dissemin/publicos/SIHSUS/200801_/Dados,3746217.0,,2026-09-16T09:42:18.531232+00:00,ok,True
BA,2020,6,available,RDBA2006.dbc,/dissemin/publicos/SIHSUS/200801_/Dados,3691822.0,,2026-09-16T09:42:18.531232+00:00,ok,True
BA,2020,7,available,RDBA2007.dbc,/dissemin/publicos/SIHSUS/200801_/Dados,3984628.0,,2026-09-16T09:42:18.531232+00:00,ok,True
BA,2020,8,available,RDBA2008.dbc,/dissemin/publicos/SIHSUS/200801_/Dados,4006175.0,,2026-09-16T09:42:18.531232+00:00,ok,True
BA,2020,9,available,RDBA2009.dbc,/dissemin/publicos/SIHSUS/200801_/Dados,4129817.0,,2026-09-16T09:42:18.531232+00:00,ok,True
BA,2020,10,available,RDBA2010.dbc,/dissemin/publicos/SIHSUS/200801_/Dados,4428535.0,,2026-09-16T09:42:18.531232+00:00,ok,True
BA,2020,11,available,RDBA2011.dbc,/dissemin/publicos/SIHSUS/200801_/Dados,4472474.0,,2026-09-16T09:42:18.531232+00:00,ok,True
BA,2020,12,available,RDBA2012.dbc,/dissemin/publicos/SIHSUS/200801_/Dados,4256075.0,,2026-09-16T09:42:18.531232+00:00,ok,True
CE,2020,1,available,RDCE2001.dbc,/dissemin/publicos/SIHSUS/200801_/Dados,3158413.0,,2026-09-16T09:42:18.531232+00:00,ok,True
CE,2020,2,available,RDCE2002.dbc,/dissemin/publicos/SIHSUS/200801_/Dados,2911340.0,,2026-09-16T09:42:18.531232+00:00,ok,True
CE,2020,3,available,RDCE2003.dbc,/dissemin/publicos/SIHSUS/200801_/Dados,2926823.0,,2026-09-16T09:42:18.531232+00:00,ok,True
CE,2020,4,available,RDCE2004.dbc,/dissemin/publicos/SIHSUS/200801_/Dados,2473055.0,,2026-09-16T09:42:18.531232+00:00,ok,True
CE,2020,5,available,RDCE2005.dbc,/dissemin/publicos/SIHSUS/200801_/Dados,2384403.0,,2026-09-16T09:42:18.531232+00:00,ok,True
CE,2020,6,available,RDCE2006.dbc,/dissemin/publicos/SIHSUS/200801_/Dados,2545698.0,,2026-09-16T09:42:18.531232+00:00,ok,True
CE,2020,7,available,RDCE2007.dbc,/dissemin/publicos/SIHSUS/200801_/Dados,2674657.0,,2026-09-16T09:42:18.531232+00:00,ok,True
CE,2020,8,available,RDCE2008.dbc,/dissemin/publicos/SIHSUS/200801_/Dados,2619034.0,,2026-09-16T09:42:18.531232+00:00,ok,True
CE,2020,9,available,RDCE2009.dbc,/dissemin/publicos/SIHSUS/200801_/Dados,2606163.0,,2026-09-16T09:42:18.531232+00:00,ok,True
CE,2020,10,available,RDCE2010.dbc,/dissemin/publicos/SIHSUS/200801_/Dados,2806770.0,,2026-09-16T09:42:18.531232+00:00,ok,True
CE,2020,11,available,RDCE2011.dbc,/dissemin/publicos/SIHSUS/200801_/Dados,2795820.0,,2026-09-16T09:42:18.531232+00:00,ok,True
CE,2020,12,available,RDCE2012.dbc,/dissemin/publicos/SIHSUS/200801_/Dados,2624084.0,,2026-09-16T09:42:18.531232+00:00,ok,True
DF,2020,1,available,RDDF2001.dbc,/dissemin/publicos/SIHSUS/200801_/Dados,1598428.0,,2026-09-16T09:42:18.531232+00:00,ok,True
DF,2020,2,available,RDDF2002.dbc,/dissemin/publicos/SIHSUS/200801_/Dados,1488870.0,,2026-09-16T09:42:18.531232+00:00,ok,True
DF,2020,3,available,RDDF2003.dbc,/dissemin/publicos/SIHSUS/200801_/Dados,1659595.0,,2026-09-16T09:42:18.531232+00:00,ok,True
DF,2020,4,available,RDDF2004.dbc,/dissemin/publicos/SIHSUS/200801_/Dados,1444915.0,,2026-09-16T09:42:18.531232+00:00,ok,True
DF,2020,5,available,RDDF2005.dbc,/dissemin/publicos/SIHSUS/200801_/Dados,1274633.0,,2026-09-16T09:42:18.531232+00:00,ok,True
DF,2020,6,available,RDDF2006.dbc,/dissemin/publicos/SIHSUS/200801_/Dados,1286113.0,,2026-09-16T09:42:18.531232+00:00,ok,True
DF,2020,7,available,RDDF2007.dbc,/dissemin/publicos/SIHSUS/200801_/Dados,1250990.0,,2026-09-16T09:42:18.531232+00:00,ok,True
DF,2020,8,available,RDDF2008.dbc,/dissemin/publicos/SIHSUS/200801_/Dados,1251268.0,,2026-09-16T09:42:18.531232+00:00,ok,True
DF,2020,9,available,RDDF2009.dbc,/dissemin/publicos/SIHSUS/200801_/Dados,1211511.0,,2026-09-16T09:42:18.531232+00:00,ok,True
DF,2020,10,available,RDDF2010.dbc,/dissemin/publicos/SIHSUS/200801_/Dados,1322339.0,,2026-09-16T09:42:18.531232+00:00,ok,True
DF,2020,11,available,RDDF2011.dbc,/dissemin/publicos/SIHSUS/200801_/Dados,1278569.0,,2026-09-16T09:42:18.531232+00:00,ok,True
DF,2020,12,available,RDDF2012.dbc,/dissemin/publicos/SIHSUS/200801_/Dados,1379321.0,,2026-09-16T09:42:18.531232+00:00,ok,True
ES,2020,1,available,RDES2001.dbc,/dissemin/publicos/SIHSUS/200801_/Dados,1686226.0,,2026-09-16T09:42:18.531232+00:00,ok,True
ES,2020,2,available,RDES2002.dbc,/dissemin/publicos/SIHSUS/200801_/Dados,1544209.0,,2026-09-16T09:42:18.531232+00:00,ok,True
ES,2020,3,available,RDES2003.dbc,/dissemin/publicos/SIHSUS/200801_/Dados,1566212.0,,2026-09-16T09:42:18.531232+00:00,ok,True
ES,2020,4,available,RDES2004.dbc,/dissemin/publicos/SIHSUS/200801_/Dados,1442955.0,,2026-09-16T09:42:18.531232+00:00,ok,True
ES,2020,5,available,RDES2005.dbc,/dissemin/publicos/SIHSUS/200801_/Dados,1442757.0,,2026-09-16T09:42:18.531232+00:00,ok,True
ES,2020,6,available,RDES2006.dbc,/dissemin/publicos/SIHSUS/200801_/Dados,1275792.0,,2026-09-16T09:42:18.531232+00:00,ok,True
ES,2020,7,available,RDES2007.dbc,/dissemin/publicos/SIHSUS/200801_/Dados,1353691.0,,2026-09-16T09:42:18.531232+00:00,ok,True
ES,2020,8,available,RDES2008.dbc,/dissemin/publicos/SIHSUS/200801_/Dados,1327935.0,,2026-09-16T09:42:18.531232+00:00,ok,True
ES,2020,9,available,RDES2009.dbc,/dissemin/publicos/SIHSUS/200801_/Dados,1386433.0,,2026-09-16T09:42:18.531232+00:00,ok,True
ES,2020,10,available,RDES2010.dbc,/dissemin/publicos/SIHSUS/200801_/Dados,1236667.0,,2026-09-16T09:42:18.531232+00:00,ok,True
ES,2020,11,available,RDES2011.dbc,/dissemin/publicos/SIHSUS/200801_/Dados,1481533.0,,2026-09-16T09:42:18.531232+00:00,ok,True
ES,2020,12,available,RDES2012.dbc,/dissemin/publicos/SIHSUS/200801_/Dados,1509379.0,,2026-09-16T09:42:18.531232+00:00,ok,True
GO,2020,1,available,RDGO2001.dbc,/dissemin/publicos/SIHSUS/200801_/Dados,2092284.0,,2026-09-16T09:42:18.531232+00:00,ok,True
GO,2020,2,available,RDGO2002.dbc,/dissemin/publicos/SIHSUS/200801_/Dados,2024440.0,,2026-09-16T09:42:18.531232+00:00,ok,True
GO,2020,3,available,RDGO2003.dbc,/dissemin/publicos/SIHSUS/200801_/Dados,2061858.0,,2026-09-16T09:42:18.531232+00:00,ok,True
GO,2020,4,available,RDGO2004.dbc,/dissemin/publicos/SIHSUS/200801_/Dados,1698472.0,,2026-09-16T09:42:18.531232+00:00,ok,True
GO,2020,5,available,RDGO2005.dbc,/dissemin/publicos/SIHSUS/200801_/Dados,1765904.0,,2026-09-16T09:42:18.531232+00:00,ok,True
GO,2020,6,available,RDGO2006.dbc,/dissemin/publicos/SIHSUS/200801_/Dados,1722573.0,,2026-09-16T09:42:18.531232+00:00,ok,True
GO,2020,7,available,RDGO2007.dbc,/dissemin/publicos/SIHSUS/200801_/Dados,1822089.0,,2026-09-16T09:42:18.531232+00:00,ok,True
GO,2020,8,available,RDGO2008.dbc,/dissemin/publicos/SIHSUS/200801_/Dados,1946454.0,,2026-09-16T09:42:18.531232+00:00,ok,True
GO,2020,9,available,RDGO2009.dbc,/dissemin/publicos/SIHSUS/200801_/Dados,1894834.0,,2026-09-16T09:42:18.531232+00:00,ok,True
GO,2020,10,available,RDGO2010.dbc,/dissemin/publicos/SIHSUS/200801_/Dados,2000493.0,,2026-09-16T09:42:18.531232+00:00,ok,True
GO,2020,11,available,RDGO2011.dbc,/dissemin/publicos/SIHSUS/200801_/Dados,1894991.0,,2026-09-16T09:42:18.531232+00:00,ok,True
GO,2020,12,available,RDGO2012.dbc,/dissemin/publicos/SIHSUS/200801_/Dados,1938449.0,,2026-09-16T09:42:18.531232+00:00,ok,True
MA,2020,1,available,RDMA2001.dbc,/dissemin/publicos/SIHSUS/200801_/Dados,2542227.0,,2026-09-16T09:42:18.531232+00:00,ok,True
MA,2020,2,available,RDMA2002.dbc,/dissemin/publicos/SIHSUS/200801_/Dados,2405520.0,,2026-09-16T09:42:18.531232+00:00,ok,True
MA,2020,3,available,RDMA2003.dbc,/dissemin/publicos/SIHSUS/200801_/Dados,2311745.0,,2026-09-16T09:42:18.531232+00:00,ok,True
MA,2020,4,available,RDMA2004.dbc,/dissemin/publicos/SIHSUS/200801_/Dados,1850608.0,,2026-09-16T09:42:18.531232+00:00,ok,True
MA,2020,5,available,RDMA2005.dbc,/dissemin/publicos/SIHSUS/200801_/Dados,1910238.0,,2026-09-16T09:42:18.531232+00:00,ok,True
MA,2020,6,available,RDMA2006.dbc,/dissemin/publicos/SIHSUS/200801_/Dados,1886032.0,,2026-09-16T09:42:18.531232+00:00,ok,True
MA,2020,7,available,RDMA2007.dbc,/dissemin/publicos/SIHSUS/200801_/Dados,2049604.0,,2026-09-16T09:42:18.531232+00:00,ok,True
MA,2020,8,available,RDMA2008.dbc,/dissemin/publicos/SIHSUS/200801_/Dados,2116525.0,,2026-09-16T09:42:18.531232+00:00,ok,True
MA,2020,9,available,RDMA2009.dbc,/dissemin/publicos/SIHSUS/200801_/Dados,2137179.0,,2026-09-16T09:42:18.531232+00:00,ok,True
MA,2020,10,available,RDMA2010.dbc,/dissemin/publicos/SIHSUS/200801_/Dados,2294730.0,,2026-09-16T09:42:18.531232+00:00,ok,True
MA,2020,11,available,RDMA2011.dbc,/dissemin/publicos/SIHSUS/200801_/Dados,2228156.0,,2026-09-16T09:42:18.531232+00:00,ok,True
MA,2020,12,available,RDMA2012.dbc,/dissemin/publicos/SIHSUS/200801_/Dados,2093927.0,,2026-09-16T09:42:18.531232+00:00,ok,True
MG,2020,1,available,RDMG2001.dbc,/dissemin/publicos/SIHSUS/200801_/Dados,8510778.0,,2026-09-16T09:42:18.531232+00:00,ok,True
MG,2020,2,available,RDMG2002.dbc,/dissemin/publicos/SIHSUS/200801_/Dados,7916969.0,,2026-09-16T09:42:18.531232+00:00,ok,True
MG,2020,3,available,RDMG2003.dbc,/dissemin/publicos/SIHSUS/200801_/Dados,7511372.0,,2026-09-16T09:42:18.531232+00:00,ok,True
MG,2020,4,available,RDMG2004.dbc,/dissemin/publicos/SIHSUS/200801_/Dados,6482414.0,,2026-09-16T09:42:18.531232+00:00,ok,True
MG,2020,5,available,RDMG2005.dbc,/dissemin/publicos/SIHSUS/200801_/Dados,6615954.0,,2026-09-16T09:42:18.531232+00:00,ok,True
MG,2020,6,available,RDMG2006.dbc,/dissemin/publicos/SIHSUS/200801_/Dados,6521099.0,,2026-09-16T09:42:18.531232+00:00,ok,True
MG,2020,7,available,RDMG2007.dbc,/dissemin/publicos/SIHSUS/200801_/Dados,7067951.0,,2026-09-16T09:42:18.531232+00:00,ok,True
MG,2020,8,available,RDMG2008.dbc,/dissemin/publicos/SIHSUS/200801_/Dados,7084424.0,,2026-09-16T09:42:18.531232+00:00,ok,True
MG,2020,9,available,RDMG2009.dbc,/dissemin/publicos/SIHSUS/200801_/Dados,7273941.0,,2026-09-16T09:42:18.531232+00:00,ok,True
MG,2020,10,available,RDMG2010.dbc,/dissemin/publicos/SIHSUS/200801_/Dados,7539076.0,,2026-09-16T09:42:18.531232+00:00,ok,True
MG,2020,11,available,RDMG2011.dbc,/dissemin/publicos/SIHSUS/200801_/Dados,7464718.0,,2026-09-16T09:42:18.531232+00:00,ok,True
MG,2020,12,available,RDMG2012.dbc,/dissemin/publicos/SIHSUS/200801_/Dados,7254676.0,,2026-09-16T09:42:18.531232+00:00,ok,True
MS,2020,1,available,RDMS2001.dbc,/dissemin/publicos/SIHSUS/200801_/Dados,1159371.0,,2026-09-16T09:42:18.531232+00:00,ok,True
MS,2020,2,available,RDMS2002.dbc,/dissemin/publicos/SIHSUS/200801_/Dados,1160095.0,,2026-09-16T09:42:18.531232+00:00,ok,True
MS,2020,3,available,RDMS2003.dbc,/dissemin/publicos/SIHSUS/200801_/Dados,1157851.0,,2026-09-16T09:42:18.531232+00:00,ok,True
MS,2020,4,available,RDMS2004.dbc,/dissemin/publicos/SIHSUS/200801_/Dados,1023362.0,,2026-09-16T09:42:18.531232+00:00,ok,True
MS,2020,5,available,RDMS2005.dbc,/dissemin/publicos/SIHSUS/200801_/Dados,980443.0,,2026-09-16T09:42:18.531232+00:00,ok,True
MS,2020,6,available,RDMS2006.dbc,/dissemin/publicos/SIHSUS/200801_/Dados,947238.0,,2026-09-16T09:42:18.531232+00:00,ok,True
MS,2020,7,available,RDMS2007.dbc,/dissemin/publicos/SIHSUS/200801_/Dados,951764.0,,2026-09-16T09:42:18.531232+00:00,ok,True
MS,2020,8,available,RDMS2008.dbc,/dissemin/publicos/SIHSUS/200801_/Dados,955036.0,,2026-09-16T09:42:18.531232+00:00,ok,True
MS,2020,9,available,RDMS2009.dbc,/dissemin/publicos/SIHSUS/200801_/Dados,919043.0,,2026-09-16T09:42:18.531232+00:00,ok,True
MS,2020,10,available,RDMS2010.dbc,/dissemin/publicos/SIHSUS/200801_/Dados,903524.0,,2026-09-16T09:42:18.531232+00:00,ok,True
MS,2020,11,available,RDMS2011.dbc,/dissemin/publicos/SIHSUS/200801_/Dados,920078.0,,2026-09-16T09:42:18.531232+00:00,ok,True
MS,2020,12,available,RDMS2012.dbc,/dissemin/publicos/SIHSUS/200801_/Dados,891849.0,,2026-09-16T09:42:18.531232+00:00,ok,True
MT,2020,1,available,RDMT2001.dbc,/dissemin/publicos/SIHSUS/200801_/Dados,1128168.0,,2026-09-16T09:42:18.531232+00:00,ok,True
MT,2020,2,available,RDMT2002.dbc,/dissemin/publicos/SIHSUS/200801_/Dados,1142577.0,,2026-09-16T09:42:18.531232+00:00,ok,True
MT,2020,3,available,RDMT2003.dbc,/dissemin/publicos/SIHSUS/200801_/Dados,1092077.0,,2026-09-16T09:42:18.531232+00:00,ok,True
MT,2020,4,available,RDMT2004.dbc,/dissemin/publicos/SIHSUS/200801_/Dados,924794.0,,2026-09-16T09:42:18.531232+00:00,ok,True
MT,2020,5,available,RDMT2005.dbc,/dissemin/publicos/SIHSUS/200801_/Dados,969298.0,,2026-09-16T09:42:18.531232+00:00,ok,True
MT,2020,6,available,RDMT2006.dbc,/dissemin/publicos/SIHSUS/200801_/Dados,890879.0,,2026-09-16T09:42:18.531232+00:00,ok,True
MT,2020,7,available,RDMT2007.dbc,/dissemin/publicos/SIHSUS/200801_/Dados,929640.0,,2026-09-16T09:42:18.531232+00:00,ok,True
MT,2020,8,available,RDMT2008.dbc,/dissemin/publicos/SIHSUS/200801_/Dados,1009085.0,,2026-09-16T09:42:18.531232+00:00,ok,True
MT,2020,9,available,RDMT2009.dbc,/dissemin/publicos/SIHSUS/200801_/Dados,994348.0,,2026-09-16T09:42:18.531232+00:00,ok,True
MT,2020,10,available,RDMT2010.dbc,/dissemin/publicos/SIHSUS/200801_/Dados,1102915.0,,2026-09-16T09:42:18.531232+00:00,ok,True
MT,2020,11,available,RDMT2011.dbc,/dissemin/publicos/SIHSUS/200801_/Dados,1022588.0,,2026-09-16T09:42:18.531232+00:00,ok,True
MT,2020,12,available,RDMT2012.dbc,/dissemin/publicos/SIHSUS/200801_/Dados,1033354.0,,2026-09-16T09:42:18.531232+00:00,ok,True
PA,2020,1,available,RDPA2001.dbc,/dissemin/publicos/SIHSUS/200801_/Dados,2655874.0,,2026-09-16T09:42:18.531232+00:00,ok,True
PA,2020,2,available,RDPA2002.dbc,/dissemin/publicos/SIHSUS/200801_/Dados,2739513.0,,2026-09-16T09:42:18.531232+00:00,ok,True
PA,2020,3,available,RDPA2003.dbc,/dissemin/publicos/SIHSUS/200801_/Dados,2638285.0,,2026-09-16T09:42:18.531232+00:00,ok,True
PA,2020,4,available,RDPA2004.dbc,/dissemin/publicos/SIHSUS/200801_/Dados,2019456.0,,2026-09-16T09:42:18.531232+00:00,ok,True
PA,2020,5,available,RDPA2005.dbc,/dissemin/publicos/SIHSUS/200801_/Dados,1933963.0,,2026-09-16T09:42:18.531232+00:00,ok,True
PA,2020,6,available,RDPA2006.dbc,/dissemin/publicos/SIHSUS/200801_/Dados,2103291.0,,2026-09-16T09:42:18.531232+00:00,ok,True
PA,2020,7,available,RDPA2007.dbc,/dissemin/publicos/SIHSUS/200801_/Dados,2214574.0,,2026-09-16T09:42:18.531232+00:00,ok,True
PA,2020,8,available,RDPA2008.dbc,/dissemin/publicos/SIHSUS/200801_/Dados,2594403.0,,2026-09-16T09:42:18.531232+00:00,ok,True
PA,2020,9,available,RDPA2009.dbc,/dissemin/publicos/SIHSUS/200801_/Dados,2396669.0,,2026-09-16T09:42:18.531232+00:00,ok,True
PA,2020,10,available,RDPA2010.dbc,/dissemin/publicos/SIHSUS/200801_/Dados,2479445.0,,2026-09-16T09:42:18.531232+00:00,ok,True
PA,2020,11,available,RDPA2011.dbc,/dissemin/publicos/SIHSUS/200801_/Dados,2544156.0,,2026-09-16T09:42:18.531232+00:00,ok,True
PA,2020,12,available,RDPA2012.dbc,/dissemin/publicos/SIHSUS/200801_/Dados,2455629.0,,2026-09-16T09:42:18.531232+00:00,ok,True
PB,2020,1,available,RDPB2001.dbc,/dissemin/publicos/SIHSUS/200801_/Dados,1059690.0,,2026-09-16T09:42:18.531232+00:00,ok,True
PB,2020,2,available,RDPB2002.dbc,/dissemin/publicos/SIHSUS/200801_/Dados,1047509.0,,2026-09-16T09:42:18.531232+00:00,ok,True
PB,2020,3,available,RDPB2003.dbc,/dissemin/publicos/SIHSUS/200801_/Dados,1024134.0,,2026-09-16T09:42:18.531232+00:00,ok,True
PB,2020,4,available,RDPB2004.dbc,/dissemin/publicos/SIHSUS/200801_/Dados,851337.0,,2026-09-16T09:42:18.531232+00:00,ok,True
PB,2020,5,available,RDPB2005.dbc,/dissemin/publicos/SIHSUS/200801_/Dados,830734.0,,2026-09-16T09:42:18.531232+00:00,ok,True
PB,2020,6,available,RDPB2006.dbc,/dissemin/publicos/SIHSUS/200801_/Dados,896141.0,,2026-09-16T09:42:18.531232+00:00,ok,True
PB,2020,7,available,RDPB2007.dbc,/dissemin/publicos/SIHSUS/200801_/Dados,978330.0,,2026-09-16T09:42:18.531232+00:00,ok,True
PB,2020,8,available,RDPB2008.dbc,/dissemin/publicos/SIHSUS/200801_/Dados,1029082.0,,2026-09-16T09:42:18.531232+00:00,ok,True
PB,2020,9,available,RDPB2009.dbc,/dissemin/publicos/SIHSUS/200801_/Dados,1002246.0,,2026-09-16T09:42:18.531232+00:00,ok,True
PB,2020,10,available,RDPB2010.dbc,/dissemin/publicos/SIHSUS/200801_/Dados,1031171.0,,2026-09-16T09:42:18.531232+00:00,ok,True
PB,2020,11,available,RDPB2011.dbc,/dissemin/publicos/SIHSUS/200801_/Dados,1008233.0,,2026-09-16T09:42:18.531232+00:00,ok,True
PB,2020,12,available,RDPB2012.dbc,/dissemin/publicos/SIHSUS/200801_/Dados,926051.0,,2026-09-16T09:42:18.531232+00:00,ok,True
PE,2020,1,available,RDPE2001.dbc,/dissemin/publicos/SIHSUS/200801_/Dados,3636918.0,,2026-09-16T09:42:18.531232+00:00,ok,True
PE,2020,2,available,RDPE2002.dbc,/dissemin/publicos/SIHSUS/200801_/Dados,3241584.0,,2026-09-16T09:42:18.531232+00:00,ok,True
PE,2020,3,available,RDPE2003.dbc,/dissemin/publicos/SIHSUS/200801_/Dados,3266559.0,,2026-09-16T09:42:18.531232+00:00,ok,True
PE,2020,4,available,RDPE2004.dbc,/dissemin/publicos/SIHSUS/200801_/Dados,2365904.0,,2026-09-16T09:42:18.531232+00:00,ok,True
PE,2020,5,available,RDPE2005.dbc,/dissemin/publicos/SIHSUS/200801_/Dados,2446901.0,,2026-09-16T09:42:18.531232+00:00,ok,True
PE,2020,6,available,RDPE2006.dbc,/dissemin/publicos/SIHSUS/200801_/Dados,2630258.0,,2026-09-16T09:42:18.531232+00:00,ok,True
PE,2020,7,available,RDPE2007.dbc,/dissemin/publicos/SIHSUS/200801_/Dados,3014395.0,,2026-09-16T09:42:18.531232+00:00,ok,True
PE,2020,8,available,RDPE2008.dbc,/dissemin/publicos/SIHSUS/200801_/Dados,3065462.0,,2026-09-16T09:42:18.531232+00:00,ok,True
PE,2020,9,available,RDPE2009.dbc,/dissemin/publicos/SIHSUS/200801_/Dados,3007727.0,,2026-09-16T09:42:18.531232+00:00,ok,True
PE,2020,10,available,RDPE2010.dbc,/dissemin/publicos/SIHSUS/200801_/Dados,3061181.0,,2026-09-16T09:42:18.531232+00:00,ok,True
PE,2020,11,available,RDPE2011.dbc,/dissemin/publicos/SIHSUS/200801_/Dados,3206157.0,,2026-09-16T09:42:18.531232+00:00,ok,True
PE,2020,12,available,RDPE2012.dbc,/dissemin/publicos/SIHSUS/200801_/Dados,3019982.0,,2026-09-16T09:42:18.531232+00:00,ok,True
PI,2020,1,available,RDPI2001.dbc,/dissemin/publicos/SIHSUS/200801_/Dados,1297332.0,,2026-09-16T09:42:18.531232+00:00,ok,True
PI,2020,2,available,RDPI2002.dbc,/dissemin/publicos/SIHSUS/200801_/Dados,1257357.0,,2026-09-16T09:42:18.531232+00:00,ok,True
PI,2020,3,available,RDPI2003.dbc,/dissemin/publicos/SIHSUS/200801_/Dados,1136086.0,,2026-09-16T09:42:18.531232+00:00,ok,True
PI,2020,4,available,RDPI2004.dbc,/dissemin/publicos/SIHSUS/200801_/Dados,869289.0,,2026-09-16T09:42:18.531232+00:00,ok,True
PI,2020,5,available,RDPI2005.dbc,/dissemin/publicos/SIHSUS/200801_/Dados,913566.0,,2026-09-16T09:42:18.531232+00:00,ok,True
PI,2020,6,available,RDPI2006.dbc,/dissemin/publicos/SIHSUS/200801_/Dados,952304.0,,2026-09-16T09:42:18.531232+00:00,ok,True
PI,2020,7,available,RDPI2007.dbc,/dissemin/publicos/SIHSUS/200801_/Dados,1018161.0,,2026-09-16T09:42:18.531232+00:00,ok,True
PI,2020,8,available,RDPI2008.dbc,/dissemin/publicos/SIHSUS/200801_/Dados,1053470.0,,2026-09-16T09:42:18.531232+00:00,ok,True
PI,2020,9,available,RDPI2009.dbc,/dissemin/publicos/SIHSUS/200801_/Dados,1056186.0,,2026-09-16T09:42:18.531232+00:00,ok,True
PI,2020,10,available,RDPI2010.dbc,/dissemin/publicos/SIHSUS/200801_/Dados,1150218.0,,2026-09-16T09:42:18.531232+00:00,ok,True
PI,2020,11,available,RDPI2011.dbc,/dissemin/publicos/SIHSUS/200801_/Dados,1095543.0,,2026-09-16T09:42:18.531232+00:00,ok,True
PI,2020,12,available,RDPI2012.dbc,/dissemin/publicos/SIHSUS/200801_/Dados,1120219.0,,2026-09-16T09:42:18.531232+00:00,ok,True
PR,2020,1,available,RDPR2001.dbc,/dissemin/publicos/SIHSUS/200801_/Dados,5751063.0,,2026-09-16T09:42:18.531232+00:00,ok,True
PR,2020,2,available,RDPR2002.dbc,/dissemin/publicos/SIHSUS/200801_/Dados,5694250.0,,2026-09-16T09:42:18.531232+00:00,ok,True
PR,2020,3,available,RDPR2003.dbc,/dissemin/publicos/SIHSUS/200801_/Dados,5204544.0,,2026-09-16T09:42:18.531232+00:00,ok,True
PR,2020,4,available,RDPR2004.dbc,/dissemin/publicos/SIHSUS/200801_/Dados,4292938.0,,2026-09-16T09:42:18.531232+00:00,ok,True
PR,2020,5,available,RDPR2005.dbc,/dissemin/publicos/SIHSUS/200801_/Dados,4653574.0,,2026-09-16T09:42:18.531232+00:00,ok,True
PR,2020,6,available,RDPR2006.dbc,/dissemin/publicos/SIHSUS/200801_/Dados,4067194.0,,2026-09-16T09:42:18.531232+00:00,ok,True
PR,2020,7,available,RDPR2007.dbc,/dissemin/publicos/SIHSUS/200801_/Dados,4314463.0,,2026-09-16T09:42:18.531232+00:00,ok,True
PR,2020,8,available,RDPR2008.dbc,/dissemin/publicos/SIHSUS/200801_/Dados,4573045.0,,2026-09-16T09:42:18.531232+00:00,ok,True
PR,2020,9,available,RDPR2009.dbc,/dissemin/publicos/SIHSUS/200801_/Dados,4611047.0,,2026-09-16T09:42:18.531232+00:00,ok,True
PR,2020,10,available,RDPR2010.dbc,/dissemin/publicos/SIHSUS/200801_/Dados,4955402.0,,2026-09-16T09:42:18.531232+00:00,ok,True
PR,2020,11,available,RDPR2011.dbc,/dissemin/publicos/SIHSUS/200801_/Dados,4942676.0,,2026-09-16T09:42:18.531232+00:00,ok,True
PR,2020,12,available,RDPR2012.dbc,/dissemin/publicos/SIHSUS/200801_/Dados,4481905.0,,2026-09-16T09:42:18.531232+00:00,ok,True
RJ,2020,1,available,RDRJ2001.dbc,/dissemin/publicos/SIHSUS/200801_/Dados,4770200.0,,2026-09-16T09:42:18.531232+00:00,ok,True
RJ,2020,2,available,RDRJ2002.dbc,/dissemin/publicos/SIHSUS/200801_/Dados,4356700.0,,2026-09-16T09:42:18.531232+00:00,ok,True
RJ,2020,3,available,RDRJ2003.dbc,/dissemin/publicos/SIHSUS/200801_/Dados,4206779.0,,2026-09-16T09:42:18.531232+00:00,ok,True
RJ,2020,4,available,RDRJ2004.dbc,/dissemin/publicos/SIHSUS/200801_/Dados,3591065.0,,2026-09-16T09:42:18.531232+00:00,ok,True
RJ,2020,5,available,RDRJ2005.dbc,/dissemin/publicos/SIHSUS/200801_/Dados,3912300.0,,2026-09-16T09:42:18.531232+00:00,ok,True
RJ,2020,6,available,RDRJ2006.dbc,/dissemin/publicos/SIHSUS/200801_/Dados,4020665.0,,2026-09-16T09:42:18.531232+00:00,ok,True
RJ,2020,7,available,RDRJ2007.dbc,/dissemin/publicos/SIHSUS/200801_/Dados,4367107.0,,2026-09-16T09:42:18.531232+00:00,ok,True
RJ,2020,8,available,RDRJ2008.dbc,/dissemin/publicos/SIHSUS/200801_/Dados,4380358.0,,2026-09-16T09:42:18.531232+00:00,ok,True
RJ,2020,9,available,RDRJ2009.dbc,/dissemin/publicos/SIHSUS/200801_/Dados,4353380.0,,2026-09-16T09:42:18.531232+00:00,ok,True
RJ,2020,10,available,RDRJ2010.dbc,/dissemin/publicos/SIHSUS/200801_/Dados,4459549.0,,2026-09-16T09:42:18.531232+00:00,ok,True
RJ,2020,11,available,RDRJ2011.dbc,/dissemin/publicos/SIHSUS/200801_/Dados,4333895.0,,2026-09-16T09:42:18.531232+00:00,ok,True
RJ,2020,12,available,RDRJ2012.dbc,/dissemin/publicos/SIHSUS/200801_/Dados,4400329.0,,2026-09-16T09:42:18.531232+00:00,ok,True
RN,2020,1,available,RDRN2001.dbc,/dissemin/publicos/SIHSUS/200801_/Dados,1111458.0,,2026-09-16T09:42:18.531232+00:00,ok,True
RN,2020,2,available,RDRN2002.dbc,/dissemin/publicos/SIHSUS/200801_/Dados,1087374.0,,2026-09-16T09:42:18.531232+00:00,ok,True
RN,2020,3,available,RDRN2003.dbc,/dissemin/publicos/SIHSUS/200801_/Dados,1078457.0,,2026-09-16T09:42:18.531232+00:00,ok,True
RN,2020,4,available,RDRN2004.dbc,/dissemin/publicos/SIHSUS/200801_/Dados,905273.0,,2026-09-16T09:42:18.531232+00:00,ok,True
RN,2020,5,available,RDRN2005.dbc,/dissemin/publicos/SIHSUS/200801_/Dados,881639.0,,2026-09-16T09:42:18.531232+00:00,ok,True
RN,2020,6,available,RDRN2006.dbc,/dissemin/publicos/SIHSUS/200801_/Dados,940139.0,,2026-09-16T09:42:18.531232+00:00,ok,True
RN,2020,7,available,RDRN2007.dbc,/dissemin/publicos/SIHSUS/200801_/Dados,992747.0,,2026-09-16T09:42:18.531232+00:00,ok,True
RN,2020,8,available,RDRN2008.dbc,/dissemin/publicos/SIHSUS/200801_/Dados,1020125.0,,2026-09-16T09:42:18.531232+00:00,ok,True
RN,2020,9,available,RDRN2009.dbc,/dissemin/publicos/SIHSUS/200801_/Dados,1039053.0,,2026-09-16T09:42:18.531232+00:00,ok,True
RN,2020,10,available,RDRN2010.dbc,/dissemin/publicos/SIHSUS/200801_/Dados,1093032.0,,2026-09-16T09:42:18.531232+00:00,ok,True
RN,2020,11,available,RDRN2011.dbc,/dissemin/publicos/SIHSUS/200801_/Dados,1052024.0,,2026-09-16T09:42:18.531232+00:00,ok,True
RN,2020,12,available,RDRN2012.dbc,/dissemin/publicos/SIHSUS/200801_/Dados,956278.0,,2026-09-16T09:42:18.531232+00:00,ok,True
RO,2020,1,available,RDRO2001.dbc,/dissemin/publicos/SIHSUS/200801_/Dados,784988.0,,2026-09-16T09:42:18.531232+00:00,ok,True
RO,2020,2,available,RDRO2002.dbc,/dissemin/publicos/SIHSUS/200801_/Dados,644987.0,,2026-09-16T09:42:18.531232+00:00,ok,True
RO,2020,3,available,RDRO2003.dbc,/dissemin/publicos/SIHSUS/200801_/Dados,670842.0,,2026-09-16T09:42:18.531232+00:00,ok,True
RO,2020,4,available,RDRO2004.dbc,/dissemin/publicos/SIHSUS/200801_/Dados,537268.0,,2026-09-16T09:42:18.531232+00:00,ok,True
RO,2020,5,available,RDRO2005.dbc,/dissemin/publicos/SIHSUS/200801_/Dados,524157.0,,2026-09-16T09:42:18.531232+00:00,ok,True
RO,2020,6,available,RDRO2006.dbc,/dissemin/publicos/SIHSUS/200801_/Dados,490734.0,,2026-09-16T09:42:18.531232+00:00,ok,True
RO,2020,7,available,RDRO2007.dbc,/dissemin/publicos/SIHSUS/200801_/Dados,604788.0,,2026-09-16T09:42:18.531232+00:00,ok,True
RO,2020,8,available,RDRO2008.dbc,/dissemin/publicos/SIHSUS/200801_/Dados,616110.0,,2026-09-16T09:42:18.531232+00:00,ok,True
RO,2020,9,available,RDRO2009.dbc,/dissemin/publicos/SIHSUS/200801_/Dados,643924.0,,2026-09-16T09:42:18.531232+00:00,ok,True
RO,2020,10,available,RDRO2010.dbc,/dissemin/publicos/SIHSUS/200801_/Dados,595310.0,,2026-09-16T09:42:18.531232+00:00,ok,True
RO,2020,11,available,RDRO2011.dbc,/dissemin/publicos/SIHSUS/200801_/Dados,658714.0,,2026-09-16T09:42:18.531232+00:00,ok,True
RO,2020,12,available,RDRO2012.dbc,/dissemin/publicos/SIHSUS/200801_/Dados,592721.0,,2026-09-16T09:42:18.531232+00:00,ok,True
RR,2020,1,available,RDRR2001.dbc,/dissemin/publicos/SIHSUS/200801_/Dados,286172.0,,2026-09-16T09:42:18.531232+00:00,ok,True
RR,2020,2,available,RDRR2002.dbc,/dissemin/publicos/SIHSUS/200801_/Dados,289975.0,,2026-09-16T09:42:18.531232+00:00,ok,True
RR,2020,3,available,RDRR2003.dbc,/dissemin/publicos/SIHSUS/200801_/Dados,274761.0,,2026-09-16T09:42:18.531232+00:00,ok,True
RR,2020,4,available,RDRR2004.dbc,/dissemin/publicos/SIHSUS/200801_/Dados,237095.0,,2026-09-16T09:42:18.531232+00:00,ok,True
RR,2020,5,available,RDRR2005.dbc,/dissemin/publicos/SIHSUS/200801_/Dados,219538.0,,2026-09-16T09:42:18.531232+00:00,ok,True
RR,2020,6,available,RDRR2006.dbc,/dissemin/publicos/SIHSUS/200801_/Dados,209348.0,,2026-09-16T09:42:18.531232+00:00,ok,True
RR,2020,7,available,RDRR2007.dbc,/dissemin/publicos/SIHSUS/200801_/Dados,217721.0,,2026-09-16T09:42:18.531232+00:00,ok,True
RR,2020,8,available,RDRR2008.dbc,/dissemin/publicos/SIHSUS/200801_/Dados,249140.0,,2026-09-16T09:42:18.531232+00:00,ok,True
RR,2020,9,available,RDRR2009.dbc,/dissemin/publicos/SIHSUS/200801_/Dados,233871.0,,2026-09-16T09:42:18.531232+00:00,ok,True
RR,2020,10,available,RDRR2010.dbc,/dissemin/publicos/SIHSUS/200801_/Dados,265278.0,,2026-09-16T09:42:18.531232+00:00,ok,True
RR,2020,11,available,RDRR2011.dbc,/dissemin/publicos/SIHSUS/200801_/Dados,259610.0,,2026-09-16T09:42:18.531232+00:00,ok,True
RR,2020,12,available,RDRR2012.dbc,/dissemin/publicos/SIHSUS/200801_/Dados,271057.0,,2026-09-16T09:42:18.531232+00:00,ok,True
RS,2020,1,available,RDRS2001.dbc,/dissemin/publicos/SIHSUS/200801_/Dados,5034917.0,,2026-09-16T09:42:18.531232+00:00,ok,True
RS,2020,2,available,RDRS2002.dbc,/dissemin/publicos/SIHSUS/200801_/Dados,4789412.0,,2026-09-16T09:42:18.531232+00:00,ok,True
RS,2020,3,available,RDRS2003.dbc,/dissemin/publicos/SIHSUS/200801_/Dados,4954868.0,,2026-09-16T09:42:18.531232+00:00,ok,True
RS,2020,4,available,RDRS2004.dbc,/dissemin/publicos/SIHSUS/200801_/Dados,3967762.0,,2026-09-16T09:42:18.531232+00:00,ok,True
RS,2020,5,available,RDRS2005.dbc,/dissemin/publicos/SIHSUS/200801_/Dados,3902506.0,,2026-09-16T09:42:18.531232+00:00,ok,True
RS,2020,6,available,RDRS2006.dbc,/dissemin/publicos/SIHSUS/200801_/Dados,3986584.0,,2026-09-16T09:42:18.531232+00:00,ok,True
RS,2020,7,available,RDRS2007.dbc,/dissemin/publicos/SIHSUS/200801_/Dados,4150109.0,,2026-09-16T09:42:18.531232+00:00,ok,True
RS,2020,8,available,RDRS2008.dbc,/dissemin/publicos/SIHSUS/200801_/Dados,4110693.0,,2026-09-16T09:42:18.531232+00:00,ok,True
RS,2020,9,available,RDRS2009.dbc,/dissemin/publicos/SIHSUS/200801_/Dados,4095816.0,,2026-09-16T09:42:18.531232+00:00,ok,True
RS,2020,10,available,RDRS2010.dbc,/dissemin/publicos/SIHSUS/200801_/Dados,4635825.0,,2026-09-16T09:42:18.531232+00:00,ok,True
RS,2020,11,available,RDRS2011.dbc,/dissemin/publicos/SIHSUS/200801_/Dados,4461237.0,,2026-09-16T09:42:18.531232+00:00,ok,True
RS,2020,12,available,RDRS2012.dbc,/dissemin/publicos/SIHSUS/200801_/Dados,4350387.0,,2026-09-16T09:42:18.531232+00:00,ok,True
SC,2020,1,available,RDSC2001.dbc,/dissemin/publicos/SIHSUS/200801_/Dados,3149271.0,,2026-09-16T09:42:18.531232+00:00,ok,True
SC,2020,2,available,RDSC2002.dbc,/dissemin/publicos/SIHSUS/200801_/Dados,3199844.0,,2026-09-16T09:42:18.531232+00:00,ok,True
SC,2020,3,available,RDSC2003.dbc,/dissemin/publicos/SIHSUS/200801_/Dados,3034324.0,,2026-09-16T09:42:18.531232+00:00,ok,True
SC,2020,4,available,RDSC2004.dbc,/dissemin/publicos/SIHSUS/200801_/Dados,2438626.0,,2026-09-16T09:42:18.531232+00:00,ok,True
SC,2020,5,available,RDSC2005.dbc,/dissemin/publicos/SIHSUS/200801_/Dados,2418401.0,,2026-09-16T09:42:18.531232+00:00,ok,True
SC,2020,6,available,RDSC2006.dbc,/dissemin/publicos/SIHSUS/200801_/Dados,2536567.0,,2026-09-16T09:42:18.531232+00:00,ok,True
SC,2020,7,available,RDSC2007.dbc,/dissemin/publicos/SIHSUS/200801_/Dados,2497900.0,,2026-09-16T09:42:18.531232+00:00,ok,True
SC,2020,8,available,RDSC2008.dbc,/dissemin/publicos/SIHSUS/200801_/Dados,2507820.0,,2026-09-16T09:42:18.531232+00:00,ok,True
SC,2020,9,available,RDSC2009.dbc,/dissemin/publicos/SIHSUS/200801_/Dados,2679492.0,,2026-09-16T09:42:18.531232+00:00,ok,True
SC,2020,10,available,RDSC2010.dbc,/dissemin/publicos/SIHSUS/200801_/Dados,2758510.0,,2026-09-16T09:42:18.531232+00:00,ok,True
SC,2020,11,available,RDSC2011.dbc,/dissemin/publicos/SIHSUS/200801_/Dados,2836381.0,,2026-09-16T09:42:18.531232+00:00,ok,True
SC,2020,12,available,RDSC2012.dbc,/dissemin/publicos/SIHSUS/200801_/Dados,2750341.0,,2026-09-16T09:42:18.531232+00:00,ok,True
SE,2020,1,available,RDSE2001.dbc,/dissemin/publicos/SIHSUS/200801_/Dados,597586.0,,2026-09-16T09:42:18.531232+00:00,ok,True
SE,2020,2,available,RDSE2002.dbc,/dissemin/publicos/SIHSUS/200801_/Dados,575911.0,,2026-09-16T09:42:18.531232+00:00,ok,True
SE,2020,3,available,RDSE2003.dbc,/dissemin/publicos/SIHSUS/200801_/Dados,559419.0,,2026-09-16T09:42:18.531232+00:00,ok,True
SE,2020,4,available,RDSE2004.dbc,/dissemin/publicos/SIHSUS/200801_/Dados,467747.0,,2026-09-16T09:42:18.531232+00:00,ok,True
SE,2020,5,available,RDSE2005.dbc,/dissemin/publicos/SIHSUS/200801_/Dados,445355.0,,2026-09-16T09:42:18.531232+00:00,ok,True
SE,2020,6,available,RDSE2006.dbc,/dissemin/publicos/SIHSUS/200801_/Dados,416704.0,,2026-09-16T09:42:18.531232+00:00,ok,True
SE,2020,7,available,RDSE2007.dbc,/dissemin/publicos/SIHSUS/200801_/Dados,464343.0,,2026-09-16T09:42:18.531232+00:00,ok,True
SE,2020,8,available,RDSE2008.dbc,/dissemin/publicos/SIHSUS/200801_/Dados,509860.0,,2026-09-16T09:42:18.531232+00:00,ok,True
SE,2020,9,available,RDSE2009.dbc,/dissemin/publicos/SIHSUS/200801_/Dados,483729.0,,2026-09-16T09:42:18.531232+00:00,ok,True
SE,2020,10,available,RDSE2010.dbc,/dissemin/publicos/SIHSUS/200801_/Dados,549363.0,,2026-09-16T09:42:18.531232+00:00,ok,True
SE,2020,11,available,RDSE2011.dbc,/dissemin/publicos/SIHSUS/200801_/Dados,566140.0,,2026-09-16T09:42:18.531232+00:00,ok,True
SE,2020,12,available,RDSE2012.dbc,/dissemin/publicos/SIHSUS/200801_/Dados,508574.0,,2026-09-16T09:42:18.531232+00:00,ok,True
SP,2020,1,available,RDSP2001.dbc,/dissemin/publicos/SIHSUS/200801_/Dados,17083017.0,,2026-09-16T09:42:18.531232+00:00,ok,True
SP,2020,2,available,RDSP2002.dbc,/dissemin/publicos/SIHSUS/200801_/Dados,15807732.0,,2026-09-16T09:42:18.531232+00:00,ok,True
SP,2020,3,available,RDSP2003.dbc,/dissemin/publicos/SIHSUS/200801_/Dados,16136638.0,,2026-09-16T09:42:18.531232+00:00,ok,True
SP,2020,4,available,RDSP2004.dbc,/dissemin/publicos/SIHSUS/200801_/Dados,12311769.0,,2026-09-16T09:42:18.531232+00:00,ok,True
SP,2020,5,available,RDSP2005.dbc,/dissemin/publicos/SIHSUS/200801_/Dados,12616169.0,,2026-09-16T09:42:18.531232+00:00,ok,True
SP,2020,6,available,RDSP2006.dbc,/dissemin/publicos/SIHSUS/200801_/Dados,13217058.0,,2026-09-16T09:42:18.531232+00:00,ok,True
SP,2020,7,available,RDSP2007.dbc,/dissemin/publicos/SIHSUS/200801_/Dados,14415177.0,,2026-09-16T09:42:18.531232+00:00,ok,True
SP,2020,8,available,RDSP2008.dbc,/dissemin/publicos/SIHSUS/200801_/Dados,14271920.0,,2026-09-16T09:42:18.531232+00:00,ok,True
SP,2020,9,available,RDSP2009.dbc,/dissemin/publicos/SIHSUS/200801_/Dados,14856531.0,,2026-09-16T09:42:18.531232+00:00,ok,True
SP,2020,10,available,RDSP2010.dbc,/dissemin/publicos/SIHSUS/200801_/Dados,15268036.0,,2026-09-16T09:42:18.531232+00:00,ok,True
SP,2020,11,available,RDSP2011.dbc,/dissemin/publicos/SIHSUS/200801_/Dados,15181331.0,,2026-09-16T09:42:18.531232+00:00,ok,True
SP,2020,12,available,RDSP2012.dbc,/dissemin/publicos/SIHSUS/200801_/Dados,14609333.0,,2026-09-16T09:42:18.531232+00:00,ok,True
TO,2020,1,available,RDTO2001.dbc,/dissemin/publicos/SIHSUS/200801_/Dados,602792.0,,2026-09-16T09:42:18.531232+00:00,ok,True
TO,2020,2,available,RDTO2002.dbc,/dissemin/publicos/SIHSUS/200801_/Dados,533161.0,,2026-09-16T09:42:18.531232+00:00,ok,True
TO,2020,3,available,RDTO2003.dbc,/dissemin/publicos/SIHSUS/200801_/Dados,540535.0,,2026-09-16T09:42:18.531232+00:00,ok,True
TO,2020,4,available,RDTO2004.dbc,/dissemin/publicos/SIHSUS/200801_/Dados,478957.0,,2026-09-16T09:42:18.531232+00:00,ok,True
TO,2020,5,available,RDTO2005.dbc,/dissemin/publicos/SIHSUS/200801_/Dados,474852.0,,2026-09-16T09:42:18.531232+00:00,ok,True
TO,2020,6,available,RDTO2006.dbc,/dissemin/publicos/SIHSUS/200801_/Dados,456607.0,,2026-09-16T09:42:18.531232+00:00,ok,True
TO,2020,7,available,RDTO2007.dbc,/dissemin/publicos/SIHSUS/200801_/Dados,503792.0,,2026-09-16T09:42:18.531232+00:00,ok,True
TO,2020,8,available,RDTO2008.dbc,/dissemin/publicos/SIHSUS/200801_/Dados,460753.0,,2026-09-16T09:42:18.531232+00:00,ok,True
TO,2020,9,available,RDTO2009.dbc,/dissemin/publicos/SIHSUS/200801_/Dados,448291.0,,2026-09-16T09:42:18.531232+00:00,ok,True
TO,2020,10,available,RDTO2010.dbc,/dissemin/publicos/SIHSUS/200801_/Dados,457934.0,,2026-09-16T09:42:18.531232+00:00,ok,True
TO,2020,11,available,RDTO2011.dbc,/dissemin/publicos/SIHSUS/200801_/Dados,460857.0,,2026-09-16T09:42:18.531232+00:00,ok,True
TO,2020,12,available,RDTO2012.dbc,/dissemin/publicos/SIHSUS/200801_/Dados,417490.0,,2026-09-16T09:42:18.531232+00:00,ok,True
AC,2021,1,available,RDAC2101.dbc,/dissemin/publicos/SIHSUS/200801_/Dados,273055.0,,2026-09-16T09:42:18.531232+00:00,ok,True
AC,2021,2,available,RDAC2102.dbc,/dissemin/publicos/SIHSUS/200801_/Dados,249519.0,,2026-09-16T09:42:18.531232+00:00,ok,True
AC,2021,3,available,RDAC2103.dbc,/dissemin/publicos/SIHSUS/200801_/Dados,288234.0,,2026-09-16T09:42:18.531232+00:00,ok,True
AC,2021,4,available,RDAC2104.dbc,/dissemin/publicos/SIHSUS/200801_/Dados,310631.0,,2026-09-16T09:42:18.531232+00:00,ok,True
AC,2021,5,available,RDAC2105.dbc,/dissemin/publicos/SIHSUS/200801_/Dados,332595.0,,2026-09-16T09:42:18.531232+00:00,ok,True
AC,2021,6,available,RDAC2106.dbc,/dissemin/publicos/SIHSUS/200801_/Dados,219498.0,,2026-09-16T09:42:18.531232+00:00,ok,True
AC,2021,7,available,RDAC2107.dbc,/dissemin/publicos/SIHSUS/200801_/Dados,332528.0,,2026-09-16T09:42:18.531232+00:00,ok,True
AC,2021,8,available,RDAC2108.dbc,/dissemin/publicos/SIHSUS/200801_/Dados,310529.0,,2026-09-16T09:42:18.531232+00:00,ok,True
AC,2021,9,available,RDAC2109.dbc,/dissemin/publicos/SIHSUS/200801_/Dados,312772.0,,2026-09-16T09:42:18.531232+00:00,ok,True
AC,2021,10,available,RDAC2110.dbc,/dissemin/publicos/SIHSUS/200801_/Dados,291938.0,,2026-09-16T09:42:18.531232+00:00,ok,True
AC,2021,11,available,RDAC2111.dbc,/dissemin/publicos/SIHSUS/200801_/Dados,276085.0,,2026-09-16T09:42:18.531232+00:00,ok,True
AC,2021,12,available,RDAC2112.dbc,/dissemin/publicos/SIHSUS/200801_/Dados,286856.0,,2026-09-16T09:42:18.531232+00:00,ok,True
AL,2021,1,available,RDAL2101.dbc,/dissemin/publicos/SIHSUS/200801_/Dados,901124.0,,2026-09-16T09:42:18.531232+00:00,ok,True
AL,2021,2,available,RDAL2102.dbc,/dissemin/publicos/SIHSUS/200801_/Dados,991756.0,,2026-09-16T09:42:18.531232+00:00,ok,True
AL,2021,3,available,RDAL2103.dbc,/dissemin/publicos/SIHSUS/200801_/Dados,947869.0,,2026-09-16T09:42:18.531232+00:00,ok,True
AL,2021,4,available,RDAL2104.dbc,/dissemin/publicos/SIHSUS/200801_/Dados,1003200.0,,2026-09-16T09:42:18.531232+00:00,ok,True
AL,2021,5,available,RDAL2105.dbc,/dissemin/publicos/SIHSUS/200801_/Dados,1011275.0,,2026-09-16T09:42:18.531232+00:00,ok,True
AL,2021,6,available,RDAL2106.dbc,/dissemin/publicos/SIHSUS/200801_/Dados,959361.0,,2026-09-16T09:42:18.531232+00:00,ok,True
AL,2021,7,available,RDAL2107.dbc,/dissemin/publicos/SIHSUS/200801_/Dados,1031222.0,,2026-09-16T09:42:18.531232+00:00,ok,True
AL,2021,8,available,RDAL2108.dbc,/dissemin/publicos/SIHSUS/200801_/Dados,949000.0,,2026-09-16T09:42:18.531232+00:00,ok,True
AL,2021,9,available,RDAL2109.dbc,/dissemin/publicos/SIHSUS/200801_/Dados,978034.0,,2026-09-16T09:42:18.531232+00:00,ok,True
AL,2021,10,available,RDAL2110.dbc,/dissemin/publicos/SIHSUS/200801_/Dados,1044762.0,,2026-09-16T09:42:18.531232+00:00,ok,True
AL,2021,11,available,RDAL2111.dbc,/dissemin/publicos/SIHSUS/200801_/Dados,967483.0,,2026-09-16T09:42:18.531232+00:00,ok,True
AL,2021,12,available,RDAL2112.dbc,/dissemin/publicos/SIHSUS/200801_/Dados,945836.0,,2026-09-16T09:42:18.531232+00:00,ok,True
AM,2021,1,available,RDAM2101.dbc,/dissemin/publicos/SIHSUS/200801_/Dados,977230.0,,2026-09-16T09:42:18.531232+00:00,ok,True
AM,2021,2,available,RDAM2102.dbc,/dissemin/publicos/SIHSUS/200801_/Dados,1161924.0,,2026-09-16T09:42:18.531232+00:00,ok,True
AM,2021,3,available,RDAM2103.dbc,/dissemin/publicos/SIHSUS/200801_/Dados,1172983.0,,2026-09-16T09:42:18.531232+00:00,ok,True
AM,2021,4,available,RDAM2104.dbc,/dissemin/publicos/SIHSUS/200801_/Dados,1157264.0,,2026-09-16T09:42:18.531232+00:00,ok,True
AM,2021,5,available,RDAM2105.dbc,/dissemin/publicos/SIHSUS/200801_/Dados,1192610.0,,2026-09-16T09:42:18.531232+00:00,ok,True
AM,2021,6,available,RDAM2106.dbc,/dissemin/publicos/SIHSUS/200801_/Dados,1259705.0,,2026-09-16T09:42:18.531232+00:00,ok,True
AM,2021,7,available,RDAM2107.dbc,/dissemin/publicos/SIHSUS/200801_/Dados,1237963.0,,2026-09-16T09:42:18.531232+00:00,ok,True
AM,2021,8,available,RDAM2108.dbc,/dissemin/publicos/SIHSUS/200801_/Dados,1292020.0,,2026-09-16T09:42:18.531232+00:00,ok,True
AM,2021,9,available,RDAM2109.dbc,/dissemin/publicos/SIHSUS/200801_/Dados,1262157.0,,2026-09-16T09:42:18.531232+00:00,ok,True
AM,2021,10,available,RDAM2110.dbc,/dissemin/publicos/SIHSUS/200801_/Dados,1112242.0,,2026-09-16T09:42:18.531232+00:00,ok,True
AM,2021,11,available,RDAM2111.dbc,/dissemin/publicos/SIHSUS/200801_/Dados,1208413.0,,2026-09-16T09:42:18.531232+00:00,ok,True
AM,2021,12,available,RDAM2112.dbc,/dissemin/publicos/SIHSUS/200801_/Dados,1112402.0,,2026-09-16T09:42:18.531232+00:00,ok,True
AP,2021,1,available,RDAP2101.dbc,/dissemin/publicos/SIHSUS/200801_/Dados,195952.0,,2026-09-16T09:42:18.531232+00:00,ok,True
AP,2021,2,available,RDAP2102.dbc,/dissemin/publicos/SIHSUS/200801_/Dados,221208.0,,2026-09-16T09:42:18.531232+00:00,ok,True
AP,2021,3,available,RDAP2103.dbc,/dissemin/publicos/SIHSUS/200801_/Dados,222323.0,,2026-09-16T09:42:18.531232+00:00,ok,True
AP,2021,4,available,RDAP2104.dbc,/dissemin/publicos/SIHSUS/200801_/Dados,217732.0,,2026-09-16T09:42:18.531232+00:00,ok,True
AP,2021,5,available,RDAP2105.dbc,/dissemin/publicos/SIHSUS/200801_/Dados,224660.0,,2026-09-16T09:42:18.531232+00:00,ok,True
AP,2021,6,available,RDAP2106.dbc,/dissemin/publicos/SIHSUS/200801_/Dados,235447.0,,2026-09-16T09:42:18.531232+00:00,ok,True
AP,2021,7,available,RDAP2107.dbc,/dissemin/publicos/SIHSUS/200801_/Dados,229035.0,,2026-09-16T09:42:18.531232+00:00,ok,True
AP,2021,8,available,RDAP2108.dbc,/dissemin/publicos/SIHSUS/200801_/Dados,218657.0,,2026-09-16T09:42:18.531232+00:00,ok,True
AP,2021,9,available,RDAP2109.dbc,/dissemin/publicos/SIHSUS/200801_/Dados,235868.0,,2026-09-16T09:42:18.531232+00:00,ok,True
AP,2021,10,available,RDAP2110.dbc,/dissemin/publicos/SIHSUS/200801_/Dados,230927.0,,2026-09-16T09:42:18.531232+00:00,ok,True
AP,2021,11,available,RDAP2111.dbc,/dissemin/publicos/SIHSUS/200801_/Dados,207094.0,,2026-09-16T09:42:18.531232+00:00,ok,True
AP,2021,12,available,RDAP2112.dbc,/dissemin/publicos/SIHSUS/200801_/Dados,209955.0,,2026-09-16T09:42:18.531232+00:00,ok,True
BA,2021,1,available,RDBA2101.dbc,/dissemin/publicos/SIHSUS/200801_/Dados,4075097.0,,2026-09-16T09:42:18.531232+00:00,ok,True
BA,2021,2,available,RDBA2102.dbc,/dissemin/publicos/SIHSUS/200801_/Dados,4077426.0,,2026-09-16T09:42:18.531232+00:00,ok,True
BA,2021,3,available,RDBA2103.dbc,/dissemin/publicos/SIHSUS/200801_/Dados,4494315.0,,2026-09-16T09:42:18.531232+00:00,ok,True
BA,2021,4,available,RDBA2104.dbc,/dissemin/publicos/SIHSUS/200801_/Dados,4520499.0,,2026-09-16T09:42:18.531232+00:00,ok,True
BA,2021,5,available,RDBA2105.dbc,/dissemin/publicos/SIHSUS/200801_/Dados,4567868.0,,2026-09-16T09:42:18.531232+00:00,ok,True
BA,2021,6,available,RDBA2106.dbc,/dissemin/publicos/SIHSUS/200801_/Dados,4714268.0,,2026-09-16T09:42:18.531232+00:00,ok,True
BA,2021,7,available,RDBA2107.dbc,/dissemin/publicos/SIHSUS/200801_/Dados,4817711.0,,2026-09-16T09:42:18.531232+00:00,ok,True
BA,2021,8,available,RDBA2108.dbc,/dissemin/publicos/SIHSUS/200801_/Dados,4709711.0,,2026-09-16T09:42:18.531232+00:00,ok,True
BA,2021,9,available,RDBA2109.dbc,/dissemin/publicos/SIHSUS/200801_/Dados,4702699.0,,2026-09-16T09:42:18.531232+00:00,ok,True
BA,2021,10,available,RDBA2110.dbc,/dissemin/publicos/SIHSUS/200801_/Dados,4660692.0,,2026-09-16T09:42:18.531232+00:00,ok,True
BA,2021,11,available,RDBA2111.dbc,/dissemin/publicos/SIHSUS/200801_/Dados,4712578.0,,2026-09-16T09:42:18.531232+00:00,ok,True
BA,2021,12,available,RDBA2112.dbc,/dissemin/publicos/SIHSUS/200801_/Dados,4688437.0,,2026-09-16T09:42:18.531232+00:00,ok,True
CE,2021,1,available,RDCE2101.dbc,/dissemin/publicos/SIHSUS/200801_/Dados,2704227.0,,2026-09-16T09:42:18.531232+00:00,ok,True
CE,2021,2,available,RDCE2102.dbc,/dissemin/publicos/SIHSUS/200801_/Dados,2807011.0,,2026-09-16T09:42:18.531232+00:00,ok,True
CE,2021,3,available,RDCE2103.dbc,/dissemin/publicos/SIHSUS/200801_/Dados,2924448.0,,2026-09-16T09:42:18.531232+00:00,ok,True
CE,2021,4,available,RDCE2104.dbc,/dissemin/publicos/SIHSUS/200801_/Dados,2983808.0,,2026-09-16T09:42:18.531232+00:00,ok,True
CE,2021,5,available,RDCE2105.dbc,/dissemin/publicos/SIHSUS/200801_/Dados,3078225.0,,2026-09-16T09:42:18.531232+00:00,ok,True
CE,2021,6,available,RDCE2106.dbc,/dissemin/publicos/SIHSUS/200801_/Dados,3609963.0,,2026-09-16T09:42:18.531232+00:00,ok,True
CE,2021,7,available,RDCE2107.dbc,/dissemin/publicos/SIHSUS/200801_/Dados,3120243.0,,2026-09-16T09:42:18.531232+00:00,ok,True
CE,2021,8,available,RDCE2108.dbc,/dissemin/publicos/SIHSUS/200801_/Dados,3041657.0,,2026-09-16T09:42:18.531232+00:00,ok,True
CE,2021,9,available,RDCE2109.dbc,/dissemin/publicos/SIHSUS/200801_/Dados,3192835.0,,2026-09-16T09:42:18.531232+00:00,ok,True
CE,2021,10,available,RDCE2110.dbc,/dissemin/publicos/SIHSUS/200801_/Dados,2938505.0,,2026-09-16T09:42:18.531232+00:00,ok,True
CE,2021,11,available,RDCE2111.dbc,/dissemin/publicos/SIHSUS/200801_/Dados,3080755.0,,2026-09-16T09:42:18.531232+00:00,ok,True
CE,2021,12,available,RDCE2112.dbc,/dissemin/publicos/SIHSUS/200801_/Dados,2969300.0,,2026-09-16T09:42:18.531232+00:00,ok,True
DF,2021,1,available,RDDF2101.dbc,/dissemin/publicos/SIHSUS/200801_/Dados,1478707.0,,2026-09-16T09:42:18.531232+00:00,ok,True
DF,2021,2,available,RDDF2102.dbc,/dissemin/publicos/SIHSUS/200801_/Dados,1395738.0,,2026-09-16T09:42:18.531232+00:00,ok,True
DF,2021,3,available,RDDF2103.dbc,/dissemin/publicos/SIHSUS/200801_/Dados,1566539.0,,2026-09-16T09:42:18.531232+00:00,ok,True
DF,2021,4,available,RDDF2104.dbc,/dissemin/publicos/SIHSUS/200801_/Dados,1585396.0,,2026-09-16T09:42:18.531232+00:00,ok,True
DF,2021,5,available,RDDF2105.dbc,/dissemin/publicos/SIHSUS/200801_/Dados,1502334.0,,2026-09-16T09:42:18.531232+00:00,ok,True
DF,2021,6,available,RDDF2106.dbc,/dissemin/publicos/SIHSUS/200801_/Dados,1524199.0,,2026-09-16T09:42:18.531232+00:00,ok,True
DF,2021,7,available,RDDF2107.dbc,/dissemin/publicos/SIHSUS/200801_/Dados,1509616.0,,2026-09-16T09:42:18.531232+00:00,ok,True
DF,2021,8,available,RDDF2108.dbc,/dissemin/publicos/SIHSUS/200801_/Dados,1520713.0,,2026-09-16T09:42:18.531232+00:00,ok,True
DF,2021,9,available,RDDF2109.dbc,/dissemin/publicos/SIHSUS/200801_/Dados,1475005.0,,2026-09-16T09:42:18.531232+00:00,ok,True
DF,2021,10,available,RDDF2110.dbc,/dissemin/publicos/SIHSUS/200801_/Dados,1414959.0,,2026-09-16T09:42:18.531232+00:00,ok,True
DF,2021,11,available,RDDF2111.dbc,/dissemin/publicos/SIHSUS/200801_/Dados,1378393.0,,2026-09-16T09:42:18.531232+00:00,ok,True
DF,2021,12,available,RDDF2112.dbc,/dissemin/publicos/SIHSUS/200801_/Dados,1383095.0,,2026-09-16T09:42:18.531232+00:00,ok,True
ES,2021,1,available,RDES2101.dbc,/dissemin/publicos/SIHSUS/200801_/Dados,1607750.0,,2026-09-16T09:42:18.531232+00:00,ok,True
ES,2021,2,available,RDES2102.dbc,/dissemin/publicos/SIHSUS/200801_/Dados,1602428.0,,2026-09-16T09:42:18.531232+00:00,ok,True
ES,2021,3,available,RDES2103.dbc,/dissemin/publicos/SIHSUS/200801_/Dados,1708709.0,,2026-09-16T09:42:18.531232+00:00,ok,True
ES,2021,4,available,RDES2104.dbc,/dissemin/publicos/SIHSUS/200801_/Dados,1703009.0,,2026-09-16T09:42:18.531232+00:00,ok,True
ES,2021,5,available,RDES2105.dbc,/dissemin/publicos/SIHSUS/200801_/Dados,1733798.0,,2026-09-16T09:42:18.531232+00:00,ok,True
ES,2021,6,available,RDES2106.dbc,/dissemin/publicos/SIHSUS/200801_/Dados,1705606.0,,2026-09-16T09:42:18.531232+00:00,ok,True
ES,2021,7,available,RDES2107.dbc,/dissemin/publicos/SIHSUS/200801_/Dados,1815152.0,,2026-09-16T09:42:18.531232+00:00,ok,True
ES,2021,8,available,RDES2108.dbc,/dissemin/publicos/SIHSUS/200801_/Dados,1736175.0,,2026-09-16T09:42:18.531232+00:00,ok,True
ES,2021,9,available,RDES2109.dbc,/dissemin/publicos/SIHSUS/200801_/Dados,1717494.0,,2026-09-16T09:42:18.531232+00:00,ok,True
ES,2021,10,available,RDES2110.dbc,/dissemin/publicos/SIHSUS/200801_/Dados,1672367.0,,2026-09-16T09:42:18.531232+00:00,ok,True
ES,2021,11,available,RDES2111.dbc,/dissemin/publicos/SIHSUS/200801_/Dados,1710340.0,,2026-09-16T09:42:18.531232+00:00,ok,True
ES,2021,12,available,RDES2112.dbc,/dissemin/publicos/SIHSUS/200801_/Dados,1549986.0,,2026-09-16T09:42:18.531232+00:00,ok,True
GO,2021,1,available,RDGO2101.dbc,/dissemin/publicos/SIHSUS/200801_/Dados,1982942.0,,2026-09-16T09:42:18.531232+00:00,ok,True
GO,2021,2,available,RDGO2102.dbc,/dissemin/publicos/SIHSUS/200801_/Dados,1903227.0,,2026-09-16T09:42:18.531232+00:00,ok,True
GO,2021,3,available,RDGO2103.dbc,/dissemin/publicos/SIHSUS/200801_/Dados,2104314.0,,2026-09-16T09:42:18.531232+00:00,ok,True
GO,2021,4,available,RDGO2104.dbc,/dissemin/publicos/SIHSUS/200801_/Dados,1975727.0,,2026-09-16T09:42:18.531232+00:00,ok,True
GO,2021,5,available,RDGO2105.dbc,/dissemin/publicos/SIHSUS/200801_/Dados,2099140.0,,2026-09-16T09:42:18.531232+00:00,ok,True
GO,2021,6,available,RDGO2106.dbc,/dissemin/publicos/SIHSUS/200801_/Dados,2116004.0,,2026-09-16T09:42:18.531232+00:00,ok,True
GO,2021,7,available,RDGO2107.dbc,/dissemin/publicos/SIHSUS/200801_/Dados,2180525.0,,2026-09-16T09:42:18.531232+00:00,ok,True
GO,2021,8,available,RDGO2108.dbc,/dissemin/publicos/SIHSUS/200801_/Dados,2236282.0,,2026-09-16T09:42:18.531232+00:00,ok,True
GO,2021,9,available,RDGO2109.dbc,/dissemin/publicos/SIHSUS/200801_/Dados,2235282.0,,2026-09-16T09:42:18.531232+00:00,ok,True
GO,2021,10,available,RDGO2110.dbc,/dissemin/publicos/SIHSUS/200801_/Dados,2240221.0,,2026-09-16T09:42:18.531232+00:00,ok,True
GO,2021,11,available,RDGO2111.dbc,/dissemin/publicos/SIHSUS/200801_/Dados,1870886.0,,2026-09-16T09:42:18.531232+00:00,ok,True
GO,2021,12,available,RDGO2112.dbc,/dissemin/publicos/SIHSUS/200801_/Dados,1957874.0,,2026-09-16T09:42:18.531232+00:00,ok,True
MA,2021,1,available,RDMA2101.dbc,/dissemin/publicos/SIHSUS/200801_/Dados,2263061.0,,2026-09-16T09:42:18.531232+00:00,ok,True
MA,2021,2,available,RDMA2102.dbc,/dissemin/publicos/SIHSUS/200801_/Dados,2232392.0,,2026-09-16T09:42:18.531232+00:00,ok,True
MA,2021,3,available,RDMA2103.dbc,/dissemin/publicos/SIHSUS/200801_/Dados,2470780.0,,2026-09-16T09:42:18.531232+00:00,ok,True
MA,2021,4,available,RDMA2104.dbc,/dissemin/publicos/SIHSUS/200801_/Dados,2313558.0,,2026-09-16T09:42:18.531232+00:00,ok,True
MA,2021,5,available,RDMA2105.dbc,/dissemin/publicos/SIHSUS/200801_/Dados,2511252.0,,2026-09-16T09:42:18.531232+00:00,ok,True
MA,2021,6,available,RDMA2106.dbc,/dissemin/publicos/SIHSUS/200801_/Dados,2481745.0,,2026-09-16T09:42:18.531232+00:00,ok,True
MA,2021,7,available,RDMA2107.dbc,/dissemin/publicos/SIHSUS/200801_/Dados,2537539.0,,2026-09-16T09:42:18.531232+00:00,ok,True
MA,2021,8,available,RDMA2108.dbc,/dissemin/publicos/SIHSUS/200801_/Dados,2525516.0,,2026-09-16T09:42:18.531232+00:00,ok,True
MA,2021,9,available,RDMA2109.dbc,/dissemin/publicos/SIHSUS/200801_/Dados,2471509.0,,2026-09-16T09:42:18.531232+00:00,ok,True
MA,2021,10,available,RDMA2110.dbc,/dissemin/publicos/SIHSUS/200801_/Dados,2481623.0,,2026-09-16T09:42:18.531232+00:00,ok,True
MA,2021,11,available,RDMA2111.dbc,/dissemin/publicos/SIHSUS/200801_/Dados,2402712.0,,2026-09-16T09:42:18.531232+00:00,ok,True
MA,2021,12,available,RDMA2112.dbc,/dissemin/publicos/SIHSUS/200801_/Dados,2492807.0,,2026-09-16T09:42:18.531232+00:00,ok,True
MG,2021,1,available,RDMG2101.dbc,/dissemin/publicos/SIHSUS/200801_/Dados,7446124.0,,2026-09-16T09:42:18.531232+00:00,ok,True
MG,2021,2,available,RDMG2102.dbc,/dissemin/publicos/SIHSUS/200801_/Dados,7432114.0,,2026-09-16T09:42:18.531232+00:00,ok,True
MG,2021,3,available,RDMG2103.dbc,/dissemin/publicos/SIHSUS/200801_/Dados,7680562.0,,2026-09-16T09:42:18.531232+00:00,ok,True
MG,2021,4,available,RDMG2104.dbc,/dissemin/publicos/SIHSUS/200801_/Dados,7507204.0,,2026-09-16T09:42:18.531232+00:00,ok,True
MG,2021,5,available,RDMG2105.dbc,/dissemin/publicos/SIHSUS/200801_/Dados,7802034.0,,2026-09-16T09:42:18.531232+00:00,ok,True
MG,2021,6,available,RDMG2106.dbc,/dissemin/publicos/SIHSUS/200801_/Dados,7881269.0,,2026-09-16T09:42:18.531232+00:00,ok,True
MG,2021,7,available,RDMG2107.dbc,/dissemin/publicos/SIHSUS/200801_/Dados,8083405.0,,2026-09-16T09:42:18.531232+00:00,ok,True
MG,2021,8,available,RDMG2108.dbc,/dissemin/publicos/SIHSUS/200801_/Dados,8134142.0,,2026-09-16T09:42:18.531232+00:00,ok,True
MG,2021,9,available,RDMG2109.dbc,/dissemin/publicos/SIHSUS/200801_/Dados,8038721.0,,2026-09-16T09:42:18.531232+00:00,ok,True
MG,2021,10,available,RDMG2110.dbc,/dissemin/publicos/SIHSUS/200801_/Dados,8002503.0,,2026-09-16T09:42:18.531232+00:00,ok,True
MG,2021,11,available,RDMG2111.dbc,/dissemin/publicos/SIHSUS/200801_/Dados,8131219.0,,2026-09-16T09:42:18.531232+00:00,ok,True
MG,2021,12,available,RDMG2112.dbc,/dissemin/publicos/SIHSUS/200801_/Dados,8385978.0,,2026-09-16T09:42:18.531232+00:00,ok,True
MS,2021,1,available,RDMS2101.dbc,/dissemin/publicos/SIHSUS/200801_/Dados,985863.0,,2026-09-16T09:42:18.531232+00:00,ok,True
MS,2021,2,available,RDMS2102.dbc,/dissemin/publicos/SIHSUS/200801_/Dados,1060939.0,,2026-09-16T09:42:18.531232+00:00,ok,True
MS,2021,3,available,RDMS2103.dbc,/dissemin/publicos/SIHSUS/200801_/Dados,1028556.0,,2026-09-16T09:42:18.531232+00:00,ok,True
MS,2021,4,available,RDMS2104.dbc,/dissemin/publicos/SIHSUS/200801_/Dados,1002923.0,,2026-09-16T09:42:18.531232+00:00,ok,True
MS,2021,5,available,RDMS2105.dbc,/dissemin/publicos/SIHSUS/200801_/Dados,1031833.0,,2026-09-16T09:42:18.531232+00:00,ok,True
MS,2021,6,available,RDMS2106.dbc,/dissemin/publicos/SIHSUS/200801_/Dados,1095120.0,,2026-09-16T09:42:18.531232+00:00,ok,True
MS,2021,7,available,RDMS2107.dbc,/dissemin/publicos/SIHSUS/200801_/Dados,1076372.0,,2026-09-16T09:42:18.531232+00:00,ok,True
MS,2021,8,available,RDMS2108.dbc,/dissemin/publicos/SIHSUS/200801_/Dados,1082121.0,,2026-09-16T09:42:18.531232+00:00,ok,True
MS,2021,9,available,RDMS2109.dbc,/dissemin/publicos/SIHSUS/200801_/Dados,1050936.0,,2026-09-16T09:42:18.531232+00:00,ok,True
MS,2021,10,available,RDMS2110.dbc,/dissemin/publicos/SIHSUS/200801_/Dados,1007288.0,,2026-09-16T09:42:18.531232+00:00,ok,True
MS,2021,11,available,RDMS2111.dbc,/dissemin/publicos/SIHSUS/200801_/Dados,1016229.0,,2026-09-16T09:42:18.531232+00:00,ok,True
MS,2021,12,available,RDMS2112.dbc,/dissemin/publicos/SIHSUS/200801_/Dados,1065320.0,,2026-09-16T09:42:18.531232+00:00,ok,True
MT,2021,1,available,RDMT2101.dbc,/dissemin/publicos/SIHSUS/200801_/Dados,1081927.0,,2026-09-16T09:42:18.531232+00:00,ok,True
MT,2021,2,available,RDMT2102.dbc,/dissemin/publicos/SIHSUS/200801_/Dados,1056958.0,,2026-09-16T09:42:18.531232+00:00,ok,True
MT,2021,3,available,RDMT2103.dbc,/dissemin/publicos/SIHSUS/200801_/Dados,1087288.0,,2026-09-16T09:42:18.531232+00:00,ok,True
MT,2021,4,available,RDMT2104.dbc,/dissemin/publicos/SIHSUS/200801_/Dados,1075946.0,,2026-09-16T09:42:18.531232+00:00,ok,True
MT,2021,5,available,RDMT2105.dbc,/dissemin/publicos/SIHSUS/200801_/Dados,1112549.0,,2026-09-16T09:42:18.531232+00:00,ok,True
MT,2021,6,available,RDMT2106.dbc,/dissemin/publicos/SIHSUS/200801_/Dados,1104542.0,,2026-09-16T09:42:18.531232+00:00,ok,True
MT,2021,7,available,RDMT2107.dbc,/dissemin/publicos/SIHSUS/200801_/Dados,1240240.0,,2026-09-16T09:42:18.531232+00:00,ok,True
MT,2021,8,available,RDMT2108.dbc,/dissemin/publicos/SIHSUS/200801_/Dados,1213748.0,,2026-09-16T09:42:18.531232+00:00,ok,True
MT,2021,9,available,RDMT2109.dbc,/dissemin/publicos/SIHSUS/200801_/Dados,1192328.0,,2026-09-16T09:42:18.531232+00:00,ok,True
MT,2021,10,available,RDMT2110.dbc,/dissemin/publicos/SIHSUS/200801_/Dados,1202346.0,,2026-09-16T09:42:18.531232+00:00,ok,True
MT,2021,11,available,RDMT2111.dbc,/dissemin/publicos/SIHSUS/200801_/Dados,1172421.0,,2026-09-16T09:42:18.531232+00:00,ok,True
MT,2021,12,available,RDMT2112.dbc,/dissemin/publicos/SIHSUS/200801_/Dados,1193170.0,,2026-09-16T09:42:18.531232+00:00,ok,True
PA,2021,1,available,RDPA2101.dbc,/dissemin/publicos/SIHSUS/200801_/Dados,2501578.0,,2026-09-16T09:42:18.531232+00:00,ok,True
PA,2021,2,available,RDPA2102.dbc,/dissemin/publicos/SIHSUS/200801_/Dados,2468742.0,,2026-09-16T09:42:18.531232+00:00,ok,True
PA,2021,3,available,RDPA2103.dbc,/dissemin/publicos/SIHSUS/200801_/Dados,2526477.0,,2026-09-16T09:42:18.531232+00:00,ok,True
PA,2021,4,available,RDPA2104.dbc,/dissemin/publicos/SIHSUS/200801_/Dados,2486252.0,,2026-09-16T09:42:18.531232+00:00,ok,True
PA,2021,5,available,RDPA2105.dbc,/dissemin/publicos/SIHSUS/200801_/Dados,2765278.0,,2026-09-16T09:42:18.531232+00:00,ok,True
PA,2021,6,available,RDPA2106.dbc,/dissemin/publicos/SIHSUS/200801_/Dados,2589048.0,,2026-09-16T09:42:18.531232+00:00,ok,True
PA,2021,7,available,RDPA2107.dbc,/dissemin/publicos/SIHSUS/200801_/Dados,2641600.0,,2026-09-16T09:42:18.531232+00:00,ok,True
PA,2021,8,available,RDPA2108.dbc,/dissemin/publicos/SIHSUS/200801_/Dados,2673871.0,,2026-09-16T09:42:18.531232+00:00,ok,True
PA,2021,9,available,RDPA2109.dbc,/dissemin/publicos/SIHSUS/200801_/Dados,2730471.0,,2026-09-16T09:42:18.531232+00:00,ok,True
PA,2021,10,available,RDPA2110.dbc,/dissemin/publicos/SIHSUS/200801_/Dados,2747601.0,,2026-09-16T09:42:18.531232+00:00,ok,True
PA,2021,11,available,RDPA2111.dbc,/dissemin/publicos/SIHSUS/200801_/Dados,2713503.0,,2026-09-16T09:42:18.531232+00:00,ok,True
PA,2021,12,available,RDPA2112.dbc,/dissemin/publicos/SIHSUS/200801_/Dados,2759192.0,,2026-09-16T09:42:18.531232+00:00,ok,True
PB,2021,1,available,RDPB2101.dbc,/dissemin/publicos/SIHSUS/200801_/Dados,958396.0,,2026-09-16T09:42:18.531232+00:00,ok,True
PB,2021,2,available,RDPB2102.dbc,/dissemin/publicos/SIHSUS/200801_/Dados,1062751.0,,2026-09-16T09:42:18.531232+00:00,ok,True
PB,2021,3,available,RDPB2103.dbc,/dissemin/publicos/SIHSUS/200801_/Dados,1034999.0,,2026-09-16T09:42:18.531232+00:00,ok,True
PB,2021,4,available,RDPB2104.dbc,/dissemin/publicos/SIHSUS/200801_/Dados,1104286.0,,2026-09-16T09:42:18.531232+00:00,ok,True
PB,2021,5,available,RDPB2105.dbc,/dissemin/publicos/SIHSUS/200801_/Dados,1205312.0,,2026-09-16T09:42:18.531232+00:00,ok,True
PB,2021,6,available,RDPB2106.dbc,/dissemin/publicos/SIHSUS/200801_/Dados,1179907.0,,2026-09-16T09:42:18.531232+00:00,ok,True
PB,2021,7,available,RDPB2107.dbc,/dissemin/publicos/SIHSUS/200801_/Dados,1123117.0,,2026-09-16T09:42:18.531232+00:00,ok,True
PB,2021,8,available,RDPB2108.dbc,/dissemin/publicos/SIHSUS/200801_/Dados,1105565.0,,2026-09-16T09:42:18.531232+00:00,ok,True
PB,2021,9,available,RDPB2109.dbc,/dissemin/publicos/SIHSUS/200801_/Dados,1123086.0,,2026-09-16T09:42:18.531232+00:00,ok,True
PB,2021,10,available,RDPB2110.dbc,/dissemin/publicos/SIHSUS/200801_/Dados,1173989.0,,2026-09-16T09:42:18.531232+00:00,ok,True
PB,2021,11,available,RDPB2111.dbc,/dissemin/publicos/SIHSUS/200801_/Dados,1148626.0,,2026-09-16T09:42:18.531232+00:00,ok,True
PB,2021,12,available,RDPB2112.dbc,/dissemin/publicos/SIHSUS/200801_/Dados,1129380.0,,2026-09-16T09:42:18.531232+00:00,ok,True
PE,2021,1,available,RDPE2101.dbc,/dissemin/publicos/SIHSUS/200801_/Dados,3082044.0,,2026-09-16T09:42:18.531232+00:00,ok,True
PE,2021,2,available,RDPE2102.dbc,/dissemin/publicos/SIHSUS/200801_/Dados,2952923.0,,2026-09-16T09:42:18.531232+00:00,ok,True
PE,2021,3,available,RDPE2103.dbc,/dissemin/publicos/SIHSUS/200801_/Dados,3111010.0,,2026-09-16T09:42:18.531232+00:00,ok,True
PE,2021,4,available,RDPE2104.dbc,/dissemin/publicos/SIHSUS/200801_/Dados,3285540.0,,2026-09-16T09:42:18.531232+00:00,ok,True
PE,2021,5,available,RDPE2105.dbc,/dissemin/publicos/SIHSUS/200801_/Dados,3557274.0,,2026-09-16T09:42:18.531232+00:00,ok,True
PE,2021,6,available,RDPE2106.dbc,/dissemin/publicos/SIHSUS/200801_/Dados,3604085.0,,2026-09-16T09:42:18.531232+00:00,ok,True
PE,2021,7,available,RDPE2107.dbc,/dissemin/publicos/SIHSUS/200801_/Dados,3628329.0,,2026-09-16T09:42:18.531232+00:00,ok,True
PE,2021,8,available,RDPE2108.dbc,/dissemin/publicos/SIHSUS/200801_/Dados,3564620.0,,2026-09-16T09:42:18.531232+00:00,ok,True
PE,2021,9,available,RDPE2109.dbc,/dissemin/publicos/SIHSUS/200801_/Dados,3411429.0,,2026-09-16T09:42:18.531232+00:00,ok,True
PE,2021,10,available,RDPE2110.dbc,/dissemin/publicos/SIHSUS/200801_/Dados,3456839.0,,2026-09-16T09:42:18.531232+00:00,ok,True
PE,2021,11,available,RDPE2111.dbc,/dissemin/publicos/SIHSUS/200801_/Dados,3604095.0,,2026-09-16T09:42:18.531232+00:00,ok,True
PE,2021,12,available,RDPE2112.dbc,/dissemin/publicos/SIHSUS/200801_/Dados,3630963.0,,2026-09-16T09:42:18.531232+00:00,ok,True
PI,2021,1,available,RDPI2101.dbc,/dissemin/publicos/SIHSUS/200801_/Dados,1273165.0,,2026-09-16T09:42:18.531232+00:00,ok,True
PI,2021,2,available,RDPI2102.dbc,/dissemin/publicos/SIHSUS/200801_/Dados,1189963.0,,2026-09-16T09:42:18.531232+00:00,ok,True
PI,2021,3,available,RDPI2103.dbc,/dissemin/publicos/SIHSUS/200801_/Dados,1140718.0,,2026-09-16T09:42:18.531232+00:00,ok,True
PI,2021,4,available,RDPI2104.dbc,/dissemin/publicos/SIHSUS/200801_/Dados,1115984.0,,2026-09-16T09:42:18.531232+00:00,ok,True
PI,2021,5,available,RDPI2105.dbc,/dissemin/publicos/SIHSUS/200801_/Dados,1203262.0,,2026-09-16T09:42:18.531232+00:00,ok,True
PI,2021,6,available,RDPI2106.dbc,/dissemin/publicos/SIHSUS/200801_/Dados,1277426.0,,2026-09-16T09:42:18.531232+00:00,ok,True
PI,2021,7,available,RDPI2107.dbc,/dissemin/publicos/SIHSUS/200801_/Dados,1244007.0,,2026-09-16T09:42:18.531232+00:00,ok,True
PI,2021,8,available,RDPI2108.dbc,/dissemin/publicos/SIHSUS/200801_/Dados,1357972.0,,2026-09-16T09:42:18.531232+00:00,ok,True
PI,2021,9,available,RDPI2109.dbc,/dissemin/publicos/SIHSUS/200801_/Dados,1249313.0,,2026-09-16T09:42:18.531232+00:00,ok,True
PI,2021,10,available,RDPI2110.dbc,/dissemin/publicos/SIHSUS/200801_/Dados,1240796.0,,2026-09-16T09:42:18.531232+00:00,ok,True
PI,2021,11,available,RDPI2111.dbc,/dissemin/publicos/SIHSUS/200801_/Dados,1284765.0,,2026-09-16T09:42:18.531232+00:00,ok,True
PI,2021,12,available,RDPI2112.dbc,/dissemin/publicos/SIHSUS/200801_/Dados,1310626.0,,2026-09-16T09:42:18.531232+00:00,ok,True
PR,2021,1,available,RDPR2101.dbc,/dissemin/publicos/SIHSUS/200801_/Dados,4597643.0,,2026-09-16T09:42:18.531232+00:00,ok,True
PR,2021,2,available,RDPR2102.dbc,/dissemin/publicos/SIHSUS/200801_/Dados,4910815.0,,2026-09-16T09:42:18.531232+00:00,ok,True
PR,2021,3,available,RDPR2103.dbc,/dissemin/publicos/SIHSUS/200801_/Dados,4696459.0,,2026-09-16T09:42:18.531232+00:00,ok,True
PR,2021,4,available,RDPR2104.dbc,/dissemin/publicos/SIHSUS/200801_/Dados,4861697.0,,2026-09-16T09:42:18.531232+00:00,ok,True
PR,2021,5,available,RDPR2105.dbc,/dissemin/publicos/SIHSUS/200801_/Dados,4813623.0,,2026-09-16T09:42:18.531232+00:00,ok,True
PR,2021,6,available,RDPR2106.dbc,/dissemin/publicos/SIHSUS/200801_/Dados,4855449.0,,2026-09-16T09:42:18.531232+00:00,ok,True
PR,2021,7,available,RDPR2107.dbc,/dissemin/publicos/SIHSUS/200801_/Dados,4981344.0,,2026-09-16T09:42:18.531232+00:00,ok,True
PR,2021,8,available,RDPR2108.dbc,/dissemin/publicos/SIHSUS/200801_/Dados,5163285.0,,2026-09-16T09:42:18.531232+00:00,ok,True
PR,2021,9,available,RDPR2109.dbc,/dissemin/publicos/SIHSUS/200801_/Dados,5133441.0,,2026-09-16T09:42:18.531232+00:00,ok,True
PR,2021,10,available,RDPR2110.dbc,/dissemin/publicos/SIHSUS/200801_/Dados,5156722.0,,2026-09-16T09:42:18.531232+00:00,ok,True
PR,2021,11,available,RDPR2111.dbc,/dissemin/publicos/SIHSUS/200801_/Dados,5250523.0,,2026-09-16T09:42:18.531232+00:00,ok,True
PR,2021,12,available,RDPR2112.dbc,/dissemin/publicos/SIHSUS/200801_/Dados,5140388.0,,2026-09-16T09:42:18.531232+00:00,ok,True
RJ,2021,1,available,RDRJ2101.dbc,/dissemin/publicos/SIHSUS/200801_/Dados,4401413.0,,2026-09-16T09:42:18.531232+00:00,ok,True
RJ,2021,2,available,RDRJ2102.dbc,/dissemin/publicos/SIHSUS/200801_/Dados,4158243.0,,2026-09-16T09:42:18.531232+00:00,ok,True
RJ,2021,3,available,RDRJ2103.dbc,/dissemin/publicos/SIHSUS/200801_/Dados,4838914.0,,2026-09-16T09:42:18.531232+00:00,ok,True
RJ,2021,4,available,RDRJ2104.dbc,/dissemin/publicos/SIHSUS/200801_/Dados,4557360.0,,2026-09-16T09:42:18.531232+00:00,ok,True
RJ,2021,5,available,RDRJ2105.dbc,/dissemin/publicos/SIHSUS/200801_/Dados,4903997.0,,2026-09-16T09:42:18.531232+00:00,ok,True
RJ,2021,6,available,RDRJ2106.dbc,/dissemin/publicos/SIHSUS/200801_/Dados,4853171.0,,2026-09-16T09:42:18.531232+00:00,ok,True
RJ,2021,7,available,RDRJ2107.dbc,/dissemin/publicos/SIHSUS/200801_/Dados,4859813.0,,2026-09-16T09:42:18.531232+00:00,ok,True
RJ,2021,8,available,RDRJ2108.dbc,/dissemin/publicos/SIHSUS/200801_/Dados,4992077.0,,2026-09-16T09:42:18.531232+00:00,ok,True
RJ,2021,9,available,RDRJ2109.dbc,/dissemin/publicos/SIHSUS/200801_/Dados,4987210.0,,2026-09-16T09:42:18.531232+00:00,ok,True
RJ,2021,10,available,RDRJ2110.dbc,/dissemin/publicos/SIHSUS/200801_/Dados,4843294.0,,2026-09-16T09:42:18.531232+00:00,ok,True
RJ,2021,11,available,RDRJ2111.dbc,/dissemin/publicos/SIHSUS/200801_/Dados,4717847.0,,2026-09-16T09:42:18.531232+00:00,ok,True
RJ,2021,12,available,RDRJ2112.dbc,/dissemin/publicos/SIHSUS/200801_/Dados,4750890.0,,2026-09-16T09:42:18.531232+00:00,ok,True
RN,2021,1,available,RDRN2101.dbc,/dissemin/publicos/SIHSUS/200801_/Dados,1089806.0,,2026-09-16T09:42:18.531232+00:00,ok,True
RN,2021,2,available,RDRN2102.dbc,/dissemin/publicos/SIHSUS/200801_/Dados,979521.0,,2026-09-16T09:42:18.531232+00:00,ok,True
RN,2021,3,available,RDRN2103.dbc,/dissemin/publicos/SIHSUS/200801_/Dados,996364.0,,2026-09-16T09:42:18.531232+00:00,ok,True
RN,2021,4,available,RDRN2104.dbc,/dissemin/publicos/SIHSUS/200801_/Dados,1113133.0,,2026-09-16T09:42:18.531232+00:00,ok,True
RN,2021,5,available,RDRN2105.dbc,/dissemin/publicos/SIHSUS/200801_/Dados,1150606.0,,2026-09-16T09:42:18.531232+00:00,ok,True
RN,2021,6,available,RDRN2106.dbc,/dissemin/publicos/SIHSUS/200801_/Dados,1128039.0,,2026-09-16T09:42:18.531232+00:00,ok,True
RN,2021,7,available,RDRN2107.dbc,/dissemin/publicos/SIHSUS/200801_/Dados,1118271.0,,2026-09-16T09:42:18.531232+00:00,ok,True
RN,2021,8,available,RDRN2108.dbc,/dissemin/publicos/SIHSUS/200801_/Dados,1083541.0,,2026-09-16T09:42:18.531232+00:00,ok,True
RN,2021,9,available,RDRN2109.dbc,/dissemin/publicos/SIHSUS/200801_/Dados,1100724.0,,2026-09-16T09:42:18.531232+00:00,ok,True
RN,2021,10,available,RDRN2110.dbc,/dissemin/publicos/SIHSUS/200801_/Dados,1109392.0,,2026-09-16T09:42:18.531232+00:00,ok,True
RN,2021,11,available,RDRN2111.dbc,/dissemin/publicos/SIHSUS/200801_/Dados,1084996.0,,2026-09-16T09:42:18.531232+00:00,ok,True
RN,2021,12,available,RDRN2112.dbc,/dissemin/publicos/SIHSUS/200801_/Dados,1061428.0,,2026-09-16T09:42:18.531232+00:00,ok,True
RO,2021,1,available,RDRO2101.dbc,/dissemin/publicos/SIHSUS/200801_/Dados,627438.0,,2026-09-16T09:42:18.531232+00:00,ok,True
RO,2021,2,available,RDRO2102.dbc,/dissemin/publicos/SIHSUS/200801_/Dados,581075.0,,2026-09-16T09:42:18.531232+00:00,ok,True
RO,2021,3,available,RDRO2103.dbc,/dissemin/publicos/SIHSUS/200801_/Dados,648885.0,,2026-09-16T09:42:18.531232+00:00,ok,True
RO,2021,4,available,RDRO2104.dbc,/dissemin/publicos/SIHSUS/200801_/Dados,675481.0,,2026-09-16T09:42:18.531232+00:00,ok,True
RO,2021,5,available,RDRO2105.dbc,/dissemin/publicos/SIHSUS/200801_/Dados,691074.0,,2026-09-16T09:42:18.531232+00:00,ok,True
RO,2021,6,available,RDRO2106.dbc,/dissemin/publicos/SIHSUS/200801_/Dados,677200.0,,2026-09-16T09:42:18.531232+00:00,ok,True
RO,2021,7,available,RDRO2107.dbc,/dissemin/publicos/SIHSUS/200801_/Dados,655541.0,,2026-09-16T09:42:18.531232+00:00,ok,True
RO,2021,8,available,RDRO2108.dbc,/dissemin/publicos/SIHSUS/200801_/Dados,690974.0,,2026-09-16T09:42:18.531232+00:00,ok,True
RO,2021,9,available,RDRO2109.dbc,/dissemin/publicos/SIHSUS/200801_/Dados,681603.0,,2026-09-16T09:42:18.531232+00:00,ok,True
RO,2021,10,available,RDRO2110.dbc,/dissemin/publicos/SIHSUS/200801_/Dados,670340.0,,2026-09-16T09:42:18.531232+00:00,ok,True
RO,2021,11,available,RDRO2111.dbc,/dissemin/publicos/SIHSUS/200801_/Dados,687740.0,,2026-09-16T09:42:18.531232+00:00,ok,True
RO,2021,12,available,RDRO2112.dbc,/dissemin/publicos/SIHSUS/200801_/Dados,687386.0,,2026-09-16T09:42:18.531232+00:00,ok,True
RR,2021,1,available,RDRR2101.dbc,/dissemin/publicos/SIHSUS/200801_/Dados,234734.0,,2026-09-16T09:42:18.531232+00:00,ok,True
RR,2021,2,available,RDRR2102.dbc,/dissemin/publicos/SIHSUS/200801_/Dados,240893.0,,2026-09-16T09:42:18.531232+00:00,ok,True
RR,2021,3,available,RDRR2103.dbc,/dissemin/publicos/SIHSUS/200801_/Dados,274489.0,,2026-09-16T09:42:18.531232+00:00,ok,True
RR,2021,4,available,RDRR2104.dbc,/dissemin/publicos/SIHSUS/200801_/Dados,251811.0,,2026-09-16T09:42:18.531232+00:00,ok,True
RR,2021,5,available,RDRR2105.dbc,/dissemin/publicos/SIHSUS/200801_/Dados,240880.0,,2026-09-16T09:42:18.531232+00:00,ok,True
RR,2021,6,available,RDRR2106.dbc,/dissemin/publicos/SIHSUS/200801_/Dados,251318.0,,2026-09-16T09:42:18.531232+00:00,ok,True
RR,2021,7,available,RDRR2107.dbc,/dissemin/publicos/SIHSUS/200801_/Dados,303290.0,,2026-09-16T09:42:18.531232+00:00,ok,True
RR,2021,8,available,RDRR2108.dbc,/dissemin/publicos/SIHSUS/200801_/Dados,295944.0,,2026-09-16T09:42:18.531232+00:00,ok,True
RR,2021,9,available,RDRR2109.dbc,/dissemin/publicos/SIHSUS/200801_/Dados,268024.0,,2026-09-16T09:42:18.531232+00:00,ok,True
RR,2021,10,available,RDRR2110.dbc,/dissemin/publicos/SIHSUS/200801_/Dados,269414.0,,2026-09-16T09:42:18.531232+00:00,ok,True
RR,2021,11,available,RDRR2111.dbc,/dissemin/publicos/SIHSUS/200801_/Dados,271870.0,,2026-09-16T09:42:18.531232+00:00,ok,True
RR,2021,12,available,RDRR2112.dbc,/dissemin/publicos/SIHSUS/200801_/Dados,279296.0,,2026-09-16T09:42:18.531232+00:00,ok,True
RS,2021,1,available,RDRS2101.dbc,/dissemin/publicos/SIHSUS/200801_/Dados,4404168.0,,2026-09-16T09:42:18.531232+00:00,ok,True
RS,2021,2,available,RDRS2102.dbc,/dissemin/publicos/SIHSUS/200801_/Dados,4225400.0,,2026-09-16T09:42:18.531232+00:00,ok,True
RS,2021,3,available,RDRS2103.dbc,/dissemin/publicos/SIHSUS/200801_/Dados,4241004.0,,2026-09-16T09:42:18.531232+00:00,ok,True
RS,2021,4,available,RDRS2104.dbc,/dissemin/publicos/SIHSUS/200801_/Dados,4217461.0,,2026-09-16T09:42:18.531232+00:00,ok,True
RS,2021,5,available,RDRS2105.dbc,/dissemin/publicos/SIHSUS/200801_/Dados,4442759.0,,2026-09-16T09:42:18.531232+00:00,ok,True
RS,2021,6,available,RDRS2106.dbc,/dissemin/publicos/SIHSUS/200801_/Dados,4692839.0,,2026-09-16T09:42:18.531232+00:00,ok,True
RS,2021,7,available,RDRS2107.dbc,/dissemin/publicos/SIHSUS/200801_/Dados,4703249.0,,2026-09-16T09:42:18.531232+00:00,ok,True
RS,2021,8,available,RDRS2108.dbc,/dissemin/publicos/SIHSUS/200801_/Dados,4772143.0,,2026-09-16T09:42:18.531232+00:00,ok,True
RS,2021,9,available,RDRS2109.dbc,/dissemin/publicos/SIHSUS/200801_/Dados,4665421.0,,2026-09-16T09:42:18.531232+00:00,ok,True
RS,2021,10,available,RDRS2110.dbc,/dissemin/publicos/SIHSUS/200801_/Dados,4678707.0,,2026-09-16T09:42:18.531232+00:00,ok,True
RS,2021,11,available,RDRS2111.dbc,/dissemin/publicos/SIHSUS/200801_/Dados,4726579.0,,2026-09-16T09:42:18.531232+00:00,ok,True
RS,2021,12,available,RDRS2112.dbc,/dissemin/publicos/SIHSUS/200801_/Dados,4781229.0,,2026-09-16T09:42:18.531232+00:00,ok,True
SC,2021,1,available,RDSC2101.dbc,/dissemin/publicos/SIHSUS/200801_/Dados,2850159.0,,2026-09-16T09:42:18.531232+00:00,ok,True
SC,2021,2,available,RDSC2102.dbc,/dissemin/publicos/SIHSUS/200801_/Dados,2830228.0,,2026-09-16T09:42:18.531232+00:00,ok,True
SC,2021,3,available,RDSC2103.dbc,/dissemin/publicos/SIHSUS/200801_/Dados,2847135.0,,2026-09-16T09:42:18.531232+00:00,ok,True
SC,2021,4,available,RDSC2104.dbc,/dissemin/publicos/SIHSUS/200801_/Dados,2774247.0,,2026-09-16T09:42:18.531232+00:00,ok,True
SC,2021,5,available,RDSC2105.dbc,/dissemin/publicos/SIHSUS/200801_/Dados,2844879.0,,2026-09-16T09:42:18.531232+00:00,ok,True
SC,2021,6,available,RDSC2106.dbc,/dissemin/publicos/SIHSUS/200801_/Dados,3046208.0,,2026-09-16T09:42:18.531232+00:00,ok,True
SC,2021,7,available,RDSC2107.dbc,/dissemin/publicos/SIHSUS/200801_/Dados,3016530.0,,2026-09-16T09:42:18.531232+00:00,ok,True
SC,2021,8,available,RDSC2108.dbc,/dissemin/publicos/SIHSUS/200801_/Dados,3196763.0,,2026-09-16T09:42:18.531232+00:00,ok,True
SC,2021,9,available,RDSC2109.dbc,/dissemin/publicos/SIHSUS/200801_/Dados,3117544.0,,2026-09-16T09:42:18.531232+00:00,ok,True
SC,2021,10,available,RDSC2110.dbc,/dissemin/publicos/SIHSUS/200801_/Dados,3165485.0,,2026-09-16T09:42:18.531232+00:00,ok,True
SC,2021,11,available,RDSC2111.dbc,/dissemin/publicos/SIHSUS/200801_/Dados,3161641.0,,2026-09-16T09:42:18.531232+00:00,ok,True
SC,2021,12,available,RDSC2112.dbc,/dissemin/publicos/SIHSUS/200801_/Dados,3197734.0,,2026-09-16T09:42:18.531232+00:00,ok,True
SE,2021,1,available,RDSE2101.dbc,/dissemin/publicos/SIHSUS/200801_/Dados,541542.0,,2026-09-16T09:42:18.531232+00:00,ok,True
SE,2021,2,available,RDSE2102.dbc,/dissemin/publicos/SIHSUS/200801_/Dados,583809.0,,2026-09-16T09:42:18.531232+00:00,ok,True
SE,2021,3,available,RDSE2103.dbc,/dissemin/publicos/SIHSUS/200801_/Dados,540745.0,,2026-09-16T09:42:18.531232+00:00,ok,True
SE,2021,4,available,RDSE2104.dbc,/dissemin/publicos/SIHSUS/200801_/Dados,520096.0,,2026-09-16T09:42:18.531232+00:00,ok,True
SE,2021,5,available,RDSE2105.dbc,/dissemin/publicos/SIHSUS/200801_/Dados,571726.0,,2026-09-16T09:42:18.531232+00:00,ok,True
SE,2021,6,available,RDSE2106.dbc,/dissemin/publicos/SIHSUS/200801_/Dados,563499.0,,2026-09-16T09:42:18.531232+00:00,ok,True
SE,2021,7,available,RDSE2107.dbc,/dissemin/publicos/SIHSUS/200801_/Dados,570618.0,,2026-09-16T09:42:18.531232+00:00,ok,True
SE,2021,8,available,RDSE2108.dbc,/dissemin/publicos/SIHSUS/200801_/Dados,539139.0,,2026-09-16T09:42:18.531232+00:00,ok,True
SE,2021,9,available,RDSE2109.dbc,/dissemin/publicos/SIHSUS/200801_/Dados,515455.0,,2026-09-16T09:42:18.531232+00:00,ok,True
SE,2021,10,available,RDSE2110.dbc,/dissemin/publicos/SIHSUS/200801_/Dados,577057.0,,2026-09-16T09:42:18.531232+00:00,ok,True
SE,2021,11,available,RDSE2111.dbc,/dissemin/publicos/SIHSUS/200801_/Dados,624363.0,,2026-09-16T09:42:18.531232+00:00,ok,True
SE,2021,12,available,RDSE2112.dbc,/dissemin/publicos/SIHSUS/200801_/Dados,605849.0,,2026-09-16T09:42:18.531232+00:00,ok,True
SP,2021,1,available,RDSP2101.dbc,/dissemin/publicos/SIHSUS/200801_/Dados,15281896.0,,2026-09-16T09:42:18.531232+00:00,ok,True
SP,2021,2,available,RDSP2102.dbc,/dissemin/publicos/SIHSUS/200801_/Dados,14730967.0,,2026-09-16T09:42:18.531232+00:00,ok,True
SP,2021,3,available,RDSP2103.dbc,/dissemin/publicos/SIHSUS/200801_/Dados,15251695.0,,2026-09-16T09:42:18.531232+00:00,ok,True
SP,2021,4,available,RDSP2104.dbc,/dissemin/publicos/SIHSUS/200801_/Dados,14650762.0,,2026-09-16T09:42:18.531232+00:00,ok,True
SP,2021,5,available,RDSP2105.dbc,/dissemin/publicos/SIHSUS/200801_/Dados,15374265.0,,2026-09-16T09:42:18.531232+00:00,ok,True
SP,2021,6,available,RDSP2106.dbc,/dissemin/publicos/SIHSUS/200801_/Dados,15398229.0,,2026-09-16T09:42:18.531232+00:00,ok,True
SP,2021,7,available,RDSP2107.dbc,/dissemin/publicos/SIHSUS/200801_/Dados,15651610.0,,2026-09-16T09:42:18.531232+00:00,ok,True
SP,2021,8,available,RDSP2108.dbc,/dissemin/publicos/SIHSUS/200801_/Dados,15748366.0,,2026-09-16T09:42:18.531232+00:00,ok,True
SP,2021,9,available,RDSP2109.dbc,/dissemin/publicos/SIHSUS/200801_/Dados,15398983.0,,2026-09-16T09:42:18.531232+00:00,ok,True
SP,2021,10,available,RDSP2110.dbc,/dissemin/publicos/SIHSUS/200801_/Dados,15324314.0,,2026-09-16T09:42:18.531232+00:00,ok,True
SP,2021,11,available,RDSP2111.dbc,/dissemin/publicos/SIHSUS/200801_/Dados,15326784.0,,2026-09-16T09:42:18.531232+00:00,ok,True
SP,2021,12,available,RDSP2112.dbc,/dissemin/publicos/SIHSUS/200801_/Dados,15969903.0,,2026-09-16T09:42:18.531232+00:00,ok,True
TO,2021,1,available,RDTO2101.dbc,/dissemin/publicos/SIHSUS/200801_/Dados,476167.0,,2026-09-16T09:42:18.531232+00:00,ok,True
TO,2021,2,available,RDTO2102.dbc,/dissemin/publicos/SIHSUS/200801_/Dados,487617.0,,2026-09-16T09:42:18.531232+00:00,ok,True
TO,2021,3,available,RDTO2103.dbc,/dissemin/publicos/SIHSUS/200801_/Dados,519867.0,,2026-09-16T09:42:18.531232+00:00,ok,True
TO,2021,4,available,RDTO2104.dbc,/dissemin/publicos/SIHSUS/200801_/Dados,491255.0,,2026-09-16T09:42:18.531232+00:00,ok,True
TO,2021,5,available,RDTO2105.dbc,/dissemin/publicos/SIHSUS/200801_/Dados,491667.0,,2026-09-16T09:42:18.531232+00:00,ok,True
TO,2021,6,available,RDTO2106.dbc,/dissemin/publicos/SIHSUS/200801_/Dados,528104.0,,2026-09-16T09:42:18.531232+00:00,ok,True
TO,2021,7,available,RDTO2107.dbc,/dissemin/publicos/SIHSUS/200801_/Dados,506195.0,,2026-09-16T09:42:18.531232+00:00,ok,True
TO,2021,8,available,RDTO2108.dbc,/dissemin/publicos/SIHSUS/200801_/Dados,514606.0,,2026-09-16T09:42:18.531232+00:00,ok,True
TO,2021,9,available,RDTO2109.dbc,/dissemin/publicos/SIHSUS/200801_/Dados,507484.0,,2026-09-16T09:42:18.531232+00:00,ok,True
TO,2021,10,available,RDTO2110.dbc,/dissemin/publicos/SIHSUS/200801_/Dados,534202.0,,2026-09-16T09:42:18.531232+00:00,ok,True
TO,2021,11,available,RDTO2111.dbc,/dissemin/publicos/SIHSUS/200801_/Dados,506206.0,,2026-09-16T09:42:18.531232+00:00,ok,True
TO,2021,12,available,RDTO2112.dbc,/dissemin/publicos/SIHSUS/200801_/Dados,510499.0,,2026-09-16T09:42:18.531232+00:00,ok,True
AC,2022,1,available,RDAC2201.dbc,/dissemin/publicos/SIHSUS/200801_/Dados,285026.0,,2026-09-16T23:30:28.236451+00:00,ok,True
AC,2022,2,available,RDAC2202.dbc,/dissemin/publicos/SIHSUS/200801_/Dados,267860.0,,2026-09-16T23:30:28.236451+00:00,ok,True
AC,2022,3,available,RDAC2203.dbc,/dissemin/publicos/SIHSUS/200801_/Dados,295808.0,,2026-09-16T23:30:28.236451+00:00,ok,True
AC,2022,4,available,RDAC2204.dbc,/dissemin/publicos/SIHSUS/200801_/Dados,299035.0,,2026-09-16T23:30:28.236451+00:00,ok,True
AC,2022,5,available,RDAC2205.dbc,/dissemin/publicos/SIHSUS/200801_/Dados,367106.0,,2026-09-16T23:30:28.236451+00:00,ok,True
AC,2022,6,available,RDAC2206.dbc,/dissemin/publicos/SIHSUS/200801_/Dados,263206.0,,2026-09-16T23:30:28.236451+00:00,ok,True
AC,2022,7,available,RDAC2207.dbc,/dissemin/publicos/SIHSUS/200801_/Dados,240103.0,,2026-09-16T23:30:28.236451+00:00,ok,True
AC,2022,8,available,RDAC2208.dbc,/dissemin/publicos/SIHSUS/200801_/Dados,293189.0,,2026-09-16T23:30:28.236451+00:00,ok,True
AC,2022,9,available,RDAC2209.dbc,/dissemin/publicos/SIHSUS/200801_/Dados,259306.0,,2026-09-16T23:30:28.236451+00:00,ok,True
AC,2022,10,available,RDAC2210.dbc,/dissemin/publicos/SIHSUS/200801_/Dados,296027.0,,2026-09-16T23:30:28.236451+00:00,ok,True
AC,2022,11,available,RDAC2211.dbc,/dissemin/publicos/SIHSUS/200801_/Dados,327594.0,,2026-09-16T23:30:28.236451+00:00,ok,True
AC,2022,12,available,RDAC2212.dbc,/dissemin/publicos/SIHSUS/200801_/Dados,321975.0,,2026-09-16T23:30:28.236451+00:00,ok,True
AL,2022,1,available,RDAL2201.dbc,/dissemin/publicos/SIHSUS/200801_/Dados,918266.0,,2026-09-16T23:30:28.236451+00:00,ok,True
AL,2022,2,available,RDAL2202.dbc,/dissemin/publicos/SIHSUS/200801_/Dados,914835.0,,2026-09-16T23:30:28.236451+00:00,ok,True
AL,2022,3,available,RDAL2203.dbc,/dissemin/publicos/SIHSUS/200801_/Dados,986294.0,,2026-09-16T23:30:28.236451+00:00,ok,True
AL,2022,4,available,RDAL2204.dbc,/dissemin/publicos/SIHSUS/200801_/Dados,917823.0,,2026-09-16T23:30:28.236451+00:00,ok,True
AL,2022,5,available,RDAL2205.dbc,/dissemin/publicos/SIHSUS/200801_/Dados,896985.0,,2026-09-16T23:30:28.236451+00:00,ok,True
AL,2022,6,available,RDAL2206.dbc,/dissemin/publicos/SIHSUS/200801_/Dados,872360.0,,2026-09-16T23:30:28.236451+00:00,ok,True
AL,2022,7,available,RDAL2207.dbc,/dissemin/publicos/SIHSUS/200801_/Dados,986324.0,,2026-09-16T23:30:28.236451+00:00,ok,True
AL,2022,8,available,RDAL2208.dbc,/dissemin/publicos/SIHSUS/200801_/Dados,1035378.0,,2026-09-16T23:30:28.236451+00:00,ok,True
AL,2022,9,available,RDAL2209.dbc,/dissemin/publicos/SIHSUS/200801_/Dados,1025168.0,,2026-09-16T23:30:28.236451+00:00,ok,True
AL,2022,10,available,RDAL2210.dbc,/dissemin/publicos/SIHSUS/200801_/Dados,1058977.0,,2026-09-16T23:30:28.236451+00:00,ok,True
AL,2022,11,available,RDAL2211.dbc,/dissemin/publicos/SIHSUS/200801_/Dados,1055983.0,,2026-09-16T23:30:28.236451+00:00,ok,True
AL,2022,12,available,RDAL2212.dbc,/dissemin/publicos/SIHSUS/200801_/Dados,1013645.0,,2026-09-16T23:30:28.236451+00:00,ok,True
AM,2022,1,available,RDAM2201.dbc,/dissemin/publicos/SIHSUS/200801_/Dados,1059921.0,,2026-09-16T23:30:28.236451+00:00,ok,True
AM,2022,2,available,RDAM2202.dbc,/dissemin/publicos/SIHSUS/200801_/Dados,1077426.0,,2026-09-16T23:30:28.236451+00:00,ok,True
AM,2022,3,available,RDAM2203.dbc,/dissemin/publicos/SIHSUS/200801_/Dados,1214363.0,,2026-09-16T23:30:28.236451+00:00,ok,True
AM,2022,4,available,RDAM2204.dbc,/dissemin/publicos/SIHSUS/200801_/Dados,1184028.0,,2026-09-16T23:30:28.236451+00:00,ok,True
AM,2022,5,available,RDAM2205.dbc,/dissemin/publicos/SIHSUS/200801_/Dados,1224736.0,,2026-09-16T23:30:28.236451+00:00,ok,True
AM,2022,6,available,RDAM2206.dbc,/dissemin/publicos/SIHSUS/200801_/Dados,1081047.0,,2026-09-16T23:30:28.236451+00:00,ok,True
AM,2022,7,available,RDAM2207.dbc,/dissemin/publicos/SIHSUS/200801_/Dados,1282232.0,,2026-09-16T23:30:28.236451+00:00,ok,True
AM,2022,8,available,RDAM2208.dbc,/dissemin/publicos/SIHSUS/200801_/Dados,1289537.0,,2026-09-16T23:30:28.236451+00:00,ok,True
AM,2022,9,available,RDAM2209.dbc,/dissemin/publicos/SIHSUS/200801_/Dados,1329454.0,,2026-09-16T23:30:28.236451+00:00,ok,True
AM,2022,10,available,RDAM2210.dbc,/dissemin/publicos/SIHSUS/200801_/Dados,1161998.0,,2026-09-16T23:30:28.236451+00:00,ok,True
AM,2022,11,available,RDAM2211.dbc,/dissemin/publicos/SIHSUS/200801_/Dados,1198118.0,,2026-09-16T23:30:28.236451+00:00,ok,True
AM,2022,12,available,RDAM2212.dbc,/dissemin/publicos/SIHSUS/200801_/Dados,1235284.0,,2026-09-16T23:30:28.236451+00:00,ok,True
AP,2022,1,available,RDAP2201.dbc,/dissemin/publicos/SIHSUS/200801_/Dados,234798.0,,2026-09-16T23:30:28.236451+00:00,ok,True
AP,2022,2,available,RDAP2202.dbc,/dissemin/publicos/SIHSUS/200801_/Dados,213851.0,,2026-09-16T23:30:28.236451+00:00,ok,True
AP,2022,3,available,RDAP2203.dbc,/dissemin/publicos/SIHSUS/200801_/Dados,222537.0,,2026-09-16T23:30:28.236451+00:00,ok,True
AP,2022,4,available,RDAP2204.dbc,/dissemin/publicos/SIHSUS/200801_/Dados,250785.0,,2026-09-16T23:30:28.236451+00:00,ok,True
AP,2022,5,available,RDAP2205.dbc,/dissemin/publicos/SIHSUS/200801_/Dados,236094.0,,2026-09-16T23:30:28.236451+00:00,ok,True
AP,2022,6,available,RDAP2206.dbc,/dissemin/publicos/SIHSUS/200801_/Dados,236142.0,,2026-09-16T23:30:28.236451+00:00,ok,True
AP,2022,7,available,RDAP2207.dbc,/dissemin/publicos/SIHSUS/200801_/Dados,236679.0,,2026-09-16T23:30:28.236451+00:00,ok,True
AP,2022,8,available,RDAP2208.dbc,/dissemin/publicos/SIHSUS/200801_/Dados,237455.0,,2026-09-16T23:30:28.236451+00:00,ok,True
AP,2022,9,available,RDAP2209.dbc,/dissemin/publicos/SIHSUS/200801_/Dados,222706.0,,2026-09-16T23:30:28.236451+00:00,ok,True
AP,2022,10,available,RDAP2210.dbc,/dissemin/publicos/SIHSUS/200801_/Dados,253825.0,,2026-09-16T23:30:28.236451+00:00,ok,True
AP,2022,11,available,RDAP2211.dbc,/dissemin/publicos/SIHSUS/200801_/Dados,216748.0,,2026-09-16T23:30:28.236451+00:00,ok,True
AP,2022,12,available,RDAP2212.dbc,/dissemin/publicos/SIHSUS/200801_/Dados,273859.0,,2026-09-16T23:30:28.236451+00:00,ok,True
BA,2022,1,available,RDBA2201.dbc,/dissemin/publicos/SIHSUS/200801_/Dados,4893508.0,,2026-09-16T23:30:28.236451+00:00,ok,True
BA,2022,2,available,RDBA2202.dbc,/dissemin/publicos/SIHSUS/200801_/Dados,4686290.0,,2026-09-16T23:30:28.236451+00:00,ok,True
BA,2022,3,available,RDBA2203.dbc,/dissemin/publicos/SIHSUS/200801_/Dados,5014779.0,,2026-09-16T23:30:28.236451+00:00,ok,True
BA,2022,4,available,RDBA2204.dbc,/dissemin/publicos/SIHSUS/200801_/Dados,4915229.0,,2026-09-16T23:30:28.236451+00:00,ok,True
BA,2022,5,available,RDBA2205.dbc,/dissemin/publicos/SIHSUS/200801_/Dados,4722117.0,,2026-09-16T23:30:28.236451+00:00,ok,True
BA,2022,6,available,RDBA2206.dbc,/dissemin/publicos/SIHSUS/200801_/Dados,4770385.0,,2026-09-16T23:30:28.236451+00:00,ok,True
BA,2022,7,available,RDBA2207.dbc,/dissemin/publicos/SIHSUS/200801_/Dados,5080428.0,,2026-09-16T23:30:28.236451+00:00,ok,True
BA,2022,8,available,RDBA2208.dbc,/dissemin/publicos/SIHSUS/200801_/Dados,5476307.0,,2026-09-16T23:30:28.236451+00:00,ok,True
BA,2022,9,available,RDBA2209.dbc,/dissemin/publicos/SIHSUS/200801_/Dados,5300246.0,,2026-09-16T23:30:28.236451+00:00,ok,True
BA,2022,10,available,RDBA2210.dbc,/dissemin/publicos/SIHSUS/200801_/Dados,5176679.0,,2026-09-16T23:30:28.236451+00:00,ok,True
BA,2022,11,available,RDBA2211.dbc,/dissemin/publicos/SIHSUS/200801_/Dados,4987817.0,,2026-09-16T23:30:28.236451+00:00,ok,True
BA,2022,12,available,RDBA2212.dbc,/dissemin/publicos/SIHSUS/200801_/Dados,4970221.0,,2026-09-16T23:30:28.236451+00:00,ok,True
CE,2022,1,available,RDCE2201.dbc,/dissemin/publicos/SIHSUS/200801_/Dados,3034056.0,,2026-09-16T23:30:28.236451+00:00,ok,True
CE,2022,2,available,RDCE2202.dbc,/dissemin/publicos/SIHSUS/200801_/Dados,2860178.0,,2026-09-16T23:30:28.236451+00:00,ok,True
CE,2022,3,available,RDCE2203.dbc,/dissemin/publicos/SIHSUS/200801_/Dados,3223797.0,,2026-09-16T23:30:28.236451+00:00,ok,True
CE,2022,4,available,RDCE2204.dbc,/dissemin/publicos/SIHSUS/200801_/Dados,3198460.0,,2026-09-16T23:30:28.236451+00:00,ok,True
CE,2022,5,available,RDCE2205.dbc,/dissemin/publicos/SIHSUS/200801_/Dados,3245166.0,,2026-09-16T23:30:28.236451+00:00,ok,True
CE,2022,6,available,RDCE2206.dbc,/dissemin/publicos/SIHSUS/200801_/Dados,3223817.0,,2026-09-16T23:30:28.236451+00:00,ok,True
CE,2022,7,available,RDCE2207.dbc,/dissemin/publicos/SIHSUS/200801_/Dados,3301848.0,,2026-09-16T23:30:28.236451+00:00,ok,True
CE,2022,8,available,RDCE2208.dbc,/dissemin/publicos/SIHSUS/200801_/Dados,3428832.0,,2026-09-16T23:30:28.236451+00:00,ok,True
CE,2022,9,available,RDCE2209.dbc,/dissemin/publicos/SIHSUS/200801_/Dados,3225369.0,,2026-09-16T23:30:28.236451+00:00,ok,True
CE,2022,10,available,RDCE2210.dbc,/dissemin/publicos/SIHSUS/200801_/Dados,3276131.0,,2026-09-16T23:30:28.236451+00:00,ok,True
CE,2022,11,available,RDCE2211.dbc,/dissemin/publicos/SIHSUS/200801_/Dados,3158017.0,,2026-09-16T23:30:28.236451+00:00,ok,True
CE,2022,12,available,RDCE2212.dbc,/dissemin/publicos/SIHSUS/200801_/Dados,3254951.0,,2026-09-16T23:30:28.236451+00:00,ok,True
DF,2022,1,available,RDDF2201.dbc,/dissemin/publicos/SIHSUS/200801_/Dados,1588567.0,,2026-09-16T23:30:28.236451+00:00,ok,True
DF,2022,2,available,RDDF2202.dbc,/dissemin/publicos/SIHSUS/200801_/Dados,1416496.0,,2026-09-16T23:30:28.236451+00:00,ok,True
DF,2022,3,available,RDDF2203.dbc,/dissemin/publicos/SIHSUS/200801_/Dados,1557951.0,,2026-09-16T23:30:28.236451+00:00,ok,True
DF,2022,4,available,RDDF2204.dbc,/dissemin/publicos/SIHSUS/200801_/Dados,1463560.0,,2026-09-16T23:30:28.236451+00:00,ok,True
DF,2022,5,available,RDDF2205.dbc,/dissemin/publicos/SIHSUS/200801_/Dados,1489759.0,,2026-09-16T23:30:28.236451+00:00,ok,True
DF,2022,6,available,RDDF2206.dbc,/dissemin/publicos/SIHSUS/200801_/Dados,1403799.0,,2026-09-16T23:30:28.236451+00:00,ok,True
DF,2022,7,available,RDDF2207.dbc,/dissemin/publicos/SIHSUS/200801_/Dados,1504338.0,,2026-09-16T23:30:28.236451+00:00,ok,True
DF,2022,8,available,RDDF2208.dbc,/dissemin/publicos/SIHSUS/200801_/Dados,1692108.0,,2026-09-16T23:30:28.236451+00:00,ok,True
DF,2022,9,available,RDDF2209.dbc,/dissemin/publicos/SIHSUS/200801_/Dados,1521838.0,,2026-09-16T23:30:28.236451+00:00,ok,True
DF,2022,10,available,RDDF2210.dbc,/dissemin/publicos/SIHSUS/200801_/Dados,1593777.0,,2026-09-16T23:30:28.236451+00:00,ok,True
DF,2022,11,available,RDDF2211.dbc,/dissemin/publicos/SIHSUS/200801_/Dados,1518196.0,,2026-09-16T23:30:28.236451+00:00,ok,True
DF,2022,12,available,RDDF2212.dbc,/dissemin/publicos/SIHSUS/200801_/Dados,1311147.0,,2026-09-16T23:30:28.236451+00:00,ok,True
ES,2022,1,available,RDES2201.dbc,/dissemin/publicos/SIHSUS/200801_/Dados,1666931.0,,2026-09-16T23:30:28.236451+00:00,ok,True
ES,2022,2,available,RDES2202.dbc,/dissemin/publicos/SIHSUS/200801_/Dados,1648127.0,,2026-09-16T23:30:28.236451+00:00,ok,True
ES,2022,3,available,RDES2203.dbc,/dissemin/publicos/SIHSUS/200801_/Dados,1635705.0,,2026-09-16T23:30:28.236451+00:00,ok,True
ES,2022,4,available,RDES2204.dbc,/dissemin/publicos/SIHSUS/200801_/Dados,1684013.0,,2026-09-16T23:30:28.236451+00:00,ok,True
ES,2022,5,available,RDES2205.dbc,/dissemin/publicos/SIHSUS/200801_/Dados,1652039.0,,2026-09-16T23:30:28.236451+00:00,ok,True
ES,2022,6,available,RDES2206.dbc,/dissemin/publicos/SIHSUS/200801_/Dados,1796976.0,,2026-09-16T23:30:28.236451+00:00,ok,True
ES,2022,7,available,RDES2207.dbc,/dissemin/publicos/SIHSUS/200801_/Dados,1778901.0,,2026-09-16T23:30:28.236451+00:00,ok,True
ES,2022,8,available,RDES2208.dbc,/dissemin/publicos/SIHSUS/200801_/Dados,1640372.0,,2026-09-16T23:30:28.236451+00:00,ok,True
ES,2022,9,available,RDES2209.dbc,/dissemin/publicos/SIHSUS/200801_/Dados,1682302.0,,2026-09-16T23:30:28.236451+00:00,ok,True
ES,2022,10,available,RDES2210.dbc,/dissemin/publicos/SIHSUS/200801_/Dados,1737132.0,,2026-09-16T23:30:28.236451+00:00,ok,True
ES,2022,11,available,RDES2211.dbc,/dissemin/publicos/SIHSUS/200801_/Dados,1666596.0,,2026-09-16T23:30:28.236451+00:00,ok,True
ES,2022,12,available,RDES2212.dbc,/dissemin/publicos/SIHSUS/200801_/Dados,1602805.0,,2026-09-16T23:30:28.236451+00:00,ok,True
GO,2022,1,available,RDGO2201.dbc,/dissemin/publicos/SIHSUS/200801_/Dados,2124268.0,,2026-09-16T23:30:28.236451+00:00,ok,True
GO,2022,2,available,RDGO2202.dbc,/dissemin/publicos/SIHSUS/200801_/Dados,1967374.0,,2026-09-16T23:30:28.236451+00:00,ok,True
GO,2022,3,available,RDGO2203.dbc,/dissemin/publicos/SIHSUS/200801_/Dados,2186905.0,,2026-09-16T23:30:28.236451+00:00,ok,True
GO,2022,4,available,RDGO2204.dbc,/dissemin/publicos/SIHSUS/200801_/Dados,2154628.0,,2026-09-16T23:30:28.236451+00:00,ok,True
GO,2022,5,available,RDGO2205.dbc,/dissemin/publicos/SIHSUS/200801_/Dados,2432069.0,,2026-09-16T23:30:28.236451+00:00,ok,True
GO,2022,6,available,RDGO2206.dbc,/dissemin/publicos/SIHSUS/200801_/Dados,2192011.0,,2026-09-16T23:30:28.236451+00:00,ok,True
GO,2022,7,available,RDGO2207.dbc,/dissemin/publicos/SIHSUS/200801_/Dados,2448157.0,,2026-09-16T23:30:28.236451+00:00,ok,True
GO,2022,8,available,RDGO2208.dbc,/dissemin/publicos/SIHSUS/200801_/Dados,2389445.0,,2026-09-16T23:30:28.236451+00:00,ok,True
GO,2022,9,available,RDGO2209.dbc,/dissemin/publicos/SIHSUS/200801_/Dados,2406047.0,,2026-09-16T23:30:28.236451+00:00,ok,True
GO,2022,10,available,RDGO2210.dbc,/dissemin/publicos/SIHSUS/200801_/Dados,2502768.0,,2026-09-16T23:30:28.236451+00:00,ok,True
GO,2022,11,available,RDGO2211.dbc,/dissemin/publicos/SIHSUS/200801_/Dados,2315932.0,,2026-09-16T23:30:28.236451+00:00,ok,True
GO,2022,12,available,RDGO2212.dbc,/dissemin/publicos/SIHSUS/200801_/Dados,2369548.0,,2026-09-16T23:30:28.236451+00:00,ok,True
MA,2022,1,available,RDMA2201.dbc,/dissemin/publicos/SIHSUS/200801_/Dados,2533828.0,,2026-09-16T23:30:28.236451+00:00,ok,True
MA,2022,2,available,RDMA2202.dbc,/dissemin/publicos/SIHSUS/200801_/Dados,2487038.0,,2026-09-16T23:30:28.236451+00:00,ok,True
MA,2022,3,available,RDMA2203.dbc,/dissemin/publicos/SIHSUS/200801_/Dados,2603378.0,,2026-09-16T23:30:28.236451+00:00,ok,True
MA,2022,4,available,RDMA2204.dbc,/dissemin/publicos/SIHSUS/200801_/Dados,2637504.0,,2026-09-16T23:30:28.236451+00:00,ok,True
MA,2022,5,available,RDMA2205.dbc,/dissemin/publicos/SIHSUS/200801_/Dados,2793559.0,,2026-09-16T23:30:28.236451+00:00,ok,True
MA,2022,6,available,RDMA2206.dbc,/dissemin/publicos/SIHSUS/200801_/Dados,2703480.0,,2026-09-16T23:30:28.236451+00:00,ok,True
MA,2022,7,available,RDMA2207.dbc,/dissemin/publicos/SIHSUS/200801_/Dados,2795586.0,,2026-09-16T23:30:28.236451+00:00,ok,True
MA,2022,8,available,RDMA2208.dbc,/dissemin/publicos/SIHSUS/200801_/Dados,2701926.0,,2026-09-16T23:30:28.236451+00:00,ok,True
MA,2022,9,available,RDMA2209.dbc,/dissemin/publicos/SIHSUS/200801_/Dados,2596274.0,,2026-09-16T23:30:28.236451+00:00,ok,True
MA,2022,10,available,RDMA2210.dbc,/dissemin/publicos/SIHSUS/200801_/Dados,2616790.0,,2026-09-16T23:30:28.236451+00:00,ok,True
MA,2022,11,available,RDMA2211.dbc,/dissemin/publicos/SIHSUS/200801_/Dados,2500863.0,,2026-09-16T23:30:28.236451+00:00,ok,True
MA,2022,12,available,RDMA2212.dbc,/dissemin/publicos/SIHSUS/200801_/Dados,2660703.0,,2026-09-16T23:30:28.236451+00:00,ok,True
MG,2022,1,available,RDMG2201.dbc,/dissemin/publicos/SIHSUS/200801_/Dados,8208517.0,,2026-09-16T23:30:28.236451+00:00,ok,True
MG,2022,2,available,RDMG2202.dbc,/dissemin/publicos/SIHSUS/200801_/Dados,7794268.0,,2026-09-16T23:30:28.236451+00:00,ok,True
MG,2022,3,available,RDMG2203.dbc,/dissemin/publicos/SIHSUS/200801_/Dados,8448011.0,,2026-09-16T23:30:28.236451+00:00,ok,True
MG,2022,4,available,RDMG2204.dbc,/dissemin/publicos/SIHSUS/200801_/Dados,8326699.0,,2026-09-16T23:30:28.236451+00:00,ok,True
MG,2022,5,available,RDMG2205.dbc,/dissemin/publicos/SIHSUS/200801_/Dados,9033836.0,,2026-09-16T23:30:28.236451+00:00,ok,True
MG,2022,6,available,RDMG2206.dbc,/dissemin/publicos/SIHSUS/200801_/Dados,8763741.0,,2026-09-16T23:30:28.236451+00:00,ok,True
MG,2022,7,available,RDMG2207.dbc,/dissemin/publicos/SIHSUS/200801_/Dados,9040387.0,,2026-09-16T23:30:28.236451+00:00,ok,True
MG,2022,8,available,RDMG2208.dbc,/dissemin/publicos/SIHSUS/200801_/Dados,9432350.0,,2026-09-16T23:30:28.236451+00:00,ok,True
MG,2022,9,available,RDMG2209.dbc,/dissemin/publicos/SIHSUS/200801_/Dados,9049381.0,,2026-09-16T23:30:28.236451+00:00,ok,True
MG,2022,10,available,RDMG2210.dbc,/dissemin/publicos/SIHSUS/200801_/Dados,8959029.0,,2026-09-16T23:30:28.236451+00:00,ok,True
MG,2022,11,available,RDMG2211.dbc,/dissemin/publicos/SIHSUS/200801_/Dados,8792080.0,,2026-09-16T23:30:28.236451+00:00,ok,True
MG,2022,12,available,RDMG2212.dbc,/dissemin/publicos/SIHSUS/200801_/Dados,9011389.0,,2026-09-16T23:30:28.236451+00:00,ok,True
MS,2022,1,available,RDMS2201.dbc,/dissemin/publicos/SIHSUS/200801_/Dados,1142689.0,,2026-09-16T23:30:28.236451+00:00,ok,True
MS,2022,2,available,RDMS2202.dbc,/dissemin/publicos/SIHSUS/200801_/Dados,1210764.0,,2026-09-16T23:30:28.236451+00:00,ok,True
MS,2022,3,available,RDMS2203.dbc,/dissemin/publicos/SIHSUS/200801_/Dados,1234314.0,,2026-09-16T23:30:28.236451+00:00,ok,True
MS,2022,4,available,RDMS2204.dbc,/dissemin/publicos/SIHSUS/200801_/Dados,1209176.0,,2026-09-16T23:30:28.236451+00:00,ok,True
MS,2022,5,available,RDMS2205.dbc,/dissemin/publicos/SIHSUS/200801_/Dados,1159800.0,,2026-09-16T23:30:28.236451+00:00,ok,True
MS,2022,6,available,RDMS2206.dbc,/dissemin/publicos/SIHSUS/200801_/Dados,1281985.0,,2026-09-16T23:30:28.236451+00:00,ok,True
MS,2022,7,available,RDMS2207.dbc,/dissemin/publicos/SIHSUS/200801_/Dados,1285492.0,,2026-09-16T23:30:28.236451+00:00,ok,True
MS,2022,8,available,RDMS2208.dbc,/dissemin/publicos/SIHSUS/200801_/Dados,1274575.0,,2026-09-16T23:30:28.236451+00:00,ok,True
MS,2022,9,available,RDMS2209.dbc,/dissemin/publicos/SIHSUS/200801_/Dados,1242305.0,,2026-09-16T23:30:28.236451+00:00,ok,True
MS,2022,10,available,RDMS2210.dbc,/dissemin/publicos/SIHSUS/200801_/Dados,1221357.0,,2026-09-16T23:30:28.236451+00:00,ok,True
MS,2022,11,available,RDMS2211.dbc,/dissemin/publicos/SIHSUS/200801_/Dados,1242040.0,,2026-09-16T23:30:28.236451+00:00,ok,True
MS,2022,12,available,RDMS2212.dbc,/dissemin/publicos/SIHSUS/200801_/Dados,1198097.0,,2026-09-16T23:30:28.236451+00:00,ok,True
MT,2022,1,available,RDMT2201.dbc,/dissemin/publicos/SIHSUS/200801_/Dados,1205825.0,,2026-09-16T23:30:28.236451+00:00,ok,True
MT,2022,2,available,RDMT2202.dbc,/dissemin/publicos/SIHSUS/200801_/Dados,1196090.0,,2026-09-16T23:30:28.236451+00:00,ok,True
MT,2022,3,available,RDMT2203.dbc,/dissemin/publicos/SIHSUS/200801_/Dados,1236975.0,,2026-09-16T23:30:28.236451+00:00,ok,True
MT,2022,4,available,RDMT2204.dbc,/dissemin/publicos/SIHSUS/200801_/Dados,1212429.0,,2026-09-16T23:30:28.236451+00:00,ok,True
MT,2022,5,available,RDMT2205.dbc,/dissemin/publicos/SIHSUS/200801_/Dados,1261807.0,,2026-09-16T23:30:28.236451+00:00,ok,True
MT,2022,6,available,RDMT2206.dbc,/dissemin/publicos/SIHSUS/200801_/Dados,1263863.0,,2026-09-16T23:30:28.236451+00:00,ok,True
MT,2022,7,available,RDMT2207.dbc,/dissemin/publicos/SIHSUS/200801_/Dados,1208805.0,,2026-09-16T23:30:28.236451+00:00,ok,True
MT,2022,8,available,RDMT2208.dbc,/dissemin/publicos/SIHSUS/200801_/Dados,1354316.0,,2026-09-16T23:30:28.236451+00:00,ok,True
MT,2022,9,available,RDMT2209.dbc,/dissemin/publicos/SIHSUS/200801_/Dados,1356388.0,,2026-09-16T23:30:28.236451+00:00,ok,True
MT,2022,10,available,RDMT2210.dbc,/dissemin/publicos/SIHSUS/200801_/Dados,1360173.0,,2026-09-16T23:30:28.236451+00:00,ok,True
MT,2022,11,available,RDMT2211.dbc,/dissemin/publicos/SIHSUS/200801_/Dados,1311840.0,,2026-09-16T23:30:28.236451+00:00,ok,True
MT,2022,12,available,RDMT2212.dbc,/dissemin/publicos/SIHSUS/200801_/Dados,1253247.0,,2026-09-16T23:30:28.236451+00:00,ok,True
PA,2022,1,available,RDPA2201.dbc,/dissemin/publicos/SIHSUS/200801_/Dados,2753486.0,,2026-09-16T23:30:28.236451+00:00,ok,True
PA,2022,2,available,RDPA2202.dbc,/dissemin/publicos/SIHSUS/200801_/Dados,2726199.0,,2026-09-16T23:30:28.236451+00:00,ok,True
PA,2022,3,available,RDPA2203.dbc,/dissemin/publicos/SIHSUS/200801_/Dados,2811671.0,,2026-09-16T23:30:28.236451+00:00,ok,True
PA,2022,4,available,RDPA2204.dbc,/dissemin/publicos/SIHSUS/200801_/Dados,2887275.0,,2026-09-16T23:30:28.236451+00:00,ok,True
PA,2022,5,available,RDPA2205.dbc,/dissemin/publicos/SIHSUS/200801_/Dados,2886031.0,,2026-09-16T23:30:28.236451+00:00,ok,True
PA,2022,6,available,RDPA2206.dbc,/dissemin/publicos/SIHSUS/200801_/Dados,2848492.0,,2026-09-16T23:30:28.236451+00:00,ok,True
PA,2022,7,available,RDPA2207.dbc,/dissemin/publicos/SIHSUS/200801_/Dados,2923330.0,,2026-09-16T23:30:28.236451+00:00,ok,True
PA,2022,8,available,RDPA2208.dbc,/dissemin/publicos/SIHSUS/200801_/Dados,2901920.0,,2026-09-16T23:30:28.236451+00:00,ok,True
PA,2022,9,available,RDPA2209.dbc,/dissemin/publicos/SIHSUS/200801_/Dados,2862596.0,,2026-09-16T23:30:28.236451+00:00,ok,True
PA,2022,10,available,RDPA2210.dbc,/dissemin/publicos/SIHSUS/200801_/Dados,2887031.0,,2026-09-16T23:30:28.236451+00:00,ok,True
PA,2022,11,available,RDPA2211.dbc,/dissemin/publicos/SIHSUS/200801_/Dados,2777810.0,,2026-09-16T23:30:28.236451+00:00,ok,True
PA,2022,12,available,RDPA2212.dbc,/dissemin/publicos/SIHSUS/200801_/Dados,2804898.0,,2026-09-16T23:30:28.236451+00:00,ok,True
PB,2022,1,available,RDPB2201.dbc,/dissemin/publicos/SIHSUS/200801_/Dados,1129153.0,,2026-09-16T23:30:28.236451+00:00,ok,True
PB,2022,2,available,RDPB2202.dbc,/dissemin/publicos/SIHSUS/200801_/Dados,1156743.0,,2026-09-16T23:30:28.236451+00:00,ok,True
PB,2022,3,available,RDPB2203.dbc,/dissemin/publicos/SIHSUS/200801_/Dados,1238640.0,,2026-09-16T23:30:28.236451+00:00,ok,True
PB,2022,4,available,RDPB2204.dbc,/dissemin/publicos/SIHSUS/200801_/Dados,1239505.0,,2026-09-16T23:30:28.236451+00:00,ok,True
PB,2022,5,available,RDPB2205.dbc,/dissemin/publicos/SIHSUS/200801_/Dados,1325578.0,,2026-09-16T23:30:28.236451+00:00,ok,True
PB,2022,6,available,RDPB2206.dbc,/dissemin/publicos/SIHSUS/200801_/Dados,1248941.0,,2026-09-16T23:30:28.236451+00:00,ok,True
PB,2022,7,available,RDPB2207.dbc,/dissemin/publicos/SIHSUS/200801_/Dados,1296510.0,,2026-09-16T23:30:28.236451+00:00,ok,True
PB,2022,8,available,RDPB2208.dbc,/dissemin/publicos/SIHSUS/200801_/Dados,1282986.0,,2026-09-16T23:30:28.236451+00:00,ok,True
PB,2022,9,available,RDPB2209.dbc,/dissemin/publicos/SIHSUS/200801_/Dados,1183002.0,,2026-09-16T23:30:28.236451+00:00,ok,True
PB,2022,10,available,RDPB2210.dbc,/dissemin/publicos/SIHSUS/200801_/Dados,1182524.0,,2026-09-16T23:30:28.236451+00:00,ok,True
PB,2022,11,available,RDPB2211.dbc,/dissemin/publicos/SIHSUS/200801_/Dados,1185716.0,,2026-09-16T23:30:28.236451+00:00,ok,True
PB,2022,12,available,RDPB2212.dbc,/dissemin/publicos/SIHSUS/200801_/Dados,1269345.0,,2026-09-16T23:30:28.236451+00:00,ok,True
PE,2022,1,available,RDPE2201.dbc,/dissemin/publicos/SIHSUS/200801_/Dados,3541411.0,,2026-09-16T23:30:28.236451+00:00,ok,True
PE,2022,2,available,RDPE2202.dbc,/dissemin/publicos/SIHSUS/200801_/Dados,3447366.0,,2026-09-16T23:30:28.236451+00:00,ok,True
PE,2022,3,available,RDPE2203.dbc,/dissemin/publicos/SIHSUS/200801_/Dados,3575984.0,,2026-09-16T23:30:28.236451+00:00,ok,True
PE,2022,4,available,RDPE2204.dbc,/dissemin/publicos/SIHSUS/200801_/Dados,3639981.0,,2026-09-16T23:30:28.236451+00:00,ok,True
PE,2022,5,available,RDPE2205.dbc,/dissemin/publicos/SIHSUS/200801_/Dados,3843989.0,,2026-09-16T23:30:28.236451+00:00,ok,True
PE,2022,6,available,RDPE2206.dbc,/dissemin/publicos/SIHSUS/200801_/Dados,3579913.0,,2026-09-16T23:30:28.236451+00:00,ok,True
PE,2022,7,available,RDPE2207.dbc,/dissemin/publicos/SIHSUS/200801_/Dados,3786128.0,,2026-09-16T23:30:28.236451+00:00,ok,True
PE,2022,8,available,RDPE2208.dbc,/dissemin/publicos/SIHSUS/200801_/Dados,3997630.0,,2026-09-16T23:30:28.236451+00:00,ok,True
PE,2022,9,available,RDPE2209.dbc,/dissemin/publicos/SIHSUS/200801_/Dados,3668713.0,,2026-09-16T23:30:28.236451+00:00,ok,True
PE,2022,10,available,RDPE2210.dbc,/dissemin/publicos/SIHSUS/200801_/Dados,3582860.0,,2026-09-16T23:30:28.236451+00:00,ok,True
PE,2022,11,available,RDPE2211.dbc,/dissemin/publicos/SIHSUS/200801_/Dados,3531678.0,,2026-09-16T23:30:28.236451+00:00,ok,True
PE,2022,12,available,RDPE2212.dbc,/dissemin/publicos/SIHSUS/200801_/Dados,3895345.0,,2026-09-16T23:30:28.236451+00:00,ok,True
PI,2022,1,available,RDPI2201.dbc,/dissemin/publicos/SIHSUS/200801_/Dados,1326603.0,,2026-09-16T23:30:28.236451+00:00,ok,True
PI,2022,2,available,RDPI2202.dbc,/dissemin/publicos/SIHSUS/200801_/Dados,1202346.0,,2026-09-16T23:30:28.236451+00:00,ok,True
PI,2022,3,available,RDPI2203.dbc,/dissemin/publicos/SIHSUS/200801_/Dados,1281726.0,,2026-09-16T23:30:28.236451+00:00,ok,True
PI,2022,4,available,RDPI2204.dbc,/dissemin/publicos/SIHSUS/200801_/Dados,1286245.0,,2026-09-16T23:30:28.236451+00:00,ok,True
PI,2022,5,available,RDPI2205.dbc,/dissemin/publicos/SIHSUS/200801_/Dados,1335696.0,,2026-09-16T23:30:28.236451+00:00,ok,True
PI,2022,6,available,RDPI2206.dbc,/dissemin/publicos/SIHSUS/200801_/Dados,1274716.0,,2026-09-16T23:30:28.236451+00:00,ok,True
PI,2022,7,available,RDPI2207.dbc,/dissemin/publicos/SIHSUS/200801_/Dados,1334858.0,,2026-09-16T23:30:28.236451+00:00,ok,True
PI,2022,8,available,RDPI2208.dbc,/dissemin/publicos/SIHSUS/200801_/Dados,1257501.0,,2026-09-16T23:30:28.236451+00:00,ok,True
PI,2022,9,available,RDPI2209.dbc,/dissemin/publicos/SIHSUS/200801_/Dados,1315092.0,,2026-09-16T23:30:28.236451+00:00,ok,True
PI,2022,10,available,RDPI2210.dbc,/dissemin/publicos/SIHSUS/200801_/Dados,1225502.0,,2026-09-16T23:30:28.236451+00:00,ok,True
PI,2022,11,available,RDPI2211.dbc,/dissemin/publicos/SIHSUS/200801_/Dados,1240149.0,,2026-09-16T23:30:28.236451+00:00,ok,True
PI,2022,12,available,RDPI2212.dbc,/dissemin/publicos/SIHSUS/200801_/Dados,1248798.0,,2026-09-16T23:30:28.236451+00:00,ok,True
PR,2022,1,available,RDPR2201.dbc,/dissemin/publicos/SIHSUS/200801_/Dados,5318087.0,,2026-09-16T23:30:28.236451+00:00,ok,True
PR,2022,2,available,RDPR2202.dbc,/dissemin/publicos/SIHSUS/200801_/Dados,5209903.0,,2026-09-16T23:30:28.236451+00:00,ok,True
PR,2022,3,available,RDPR2203.dbc,/dissemin/publicos/SIHSUS/200801_/Dados,5584292.0,,2026-09-16T23:30:28.236451+00:00,ok,True
PR,2022,4,available,RDPR2204.dbc,/dissemin/publicos/SIHSUS/200801_/Dados,5483038.0,,2026-09-16T23:30:28.236451+00:00,ok,True
PR,2022,5,available,RDPR2205.dbc,/dissemin/publicos/SIHSUS/200801_/Dados,5732567.0,,2026-09-16T23:30:28.236451+00:00,ok,True
PR,2022,6,available,RDPR2206.dbc,/dissemin/publicos/SIHSUS/200801_/Dados,5562378.0,,2026-09-16T23:30:28.236451+00:00,ok,True
PR,2022,7,available,RDPR2207.dbc,/dissemin/publicos/SIHSUS/200801_/Dados,5662630.0,,2026-09-16T23:30:28.236451+00:00,ok,True
PR,2022,8,available,RDPR2208.dbc,/dissemin/publicos/SIHSUS/200801_/Dados,5782165.0,,2026-09-16T23:30:28.236451+00:00,ok,True
PR,2022,9,available,RDPR2209.dbc,/dissemin/publicos/SIHSUS/200801_/Dados,5756996.0,,2026-09-16T23:30:28.236451+00:00,ok,True
PR,2022,10,available,RDPR2210.dbc,/dissemin/publicos/SIHSUS/200801_/Dados,5809890.0,,2026-09-16T23:30:28.236451+00:00,ok,True
PR,2022,11,available,RDPR2211.dbc,/dissemin/publicos/SIHSUS/200801_/Dados,5412751.0,,2026-09-16T23:30:28.236451+00:00,ok,True
PR,2022,12,available,RDPR2212.dbc,/dissemin/publicos/SIHSUS/200801_/Dados,5796972.0,,2026-09-16T23:30:28.236451+00:00,ok,True
RJ,2022,1,available,RDRJ2201.dbc,/dissemin/publicos/SIHSUS/200801_/Dados,4747582.0,,2026-09-16T23:30:28.236451+00:00,ok,True
RJ,2022,2,available,RDRJ2202.dbc,/dissemin/publicos/SIHSUS/200801_/Dados,4653067.0,,2026-09-16T23:30:28.236451+00:00,ok,True
RJ,2022,3,available,RDRJ2203.dbc,/dissemin/publicos/SIHSUS/200801_/Dados,5055683.0,,2026-09-16T23:30:28.236451+00:00,ok,True
RJ,2022,4,available,RDRJ2204.dbc,/dissemin/publicos/SIHSUS/200801_/Dados,4934630.0,,2026-09-16T23:30:28.236451+00:00,ok,True
RJ,2022,5,available,RDRJ2205.dbc,/dissemin/publicos/SIHSUS/200801_/Dados,5236610.0,,2026-09-16T23:30:28.236451+00:00,ok,True
RJ,2022,6,available,RDRJ2206.dbc,/dissemin/publicos/SIHSUS/200801_/Dados,5044007.0,,2026-09-16T23:30:28.236451+00:00,ok,True
RJ,2022,7,available,RDRJ2207.dbc,/dissemin/publicos/SIHSUS/200801_/Dados,5308814.0,,2026-09-16T23:30:28.236451+00:00,ok,True
RJ,2022,8,available,RDRJ2208.dbc,/dissemin/publicos/SIHSUS/200801_/Dados,5479291.0,,2026-09-16T23:30:28.236451+00:00,ok,True
RJ,2022,9,available,RDRJ2209.dbc,/dissemin/publicos/SIHSUS/200801_/Dados,5227298.0,,2026-09-16T23:30:28.236451+00:00,ok,True
RJ,2022,10,available,RDRJ2210.dbc,/dissemin/publicos/SIHSUS/200801_/Dados,5351886.0,,2026-09-16T23:30:28.236451+00:00,ok,True
RJ,2022,11,available,RDRJ2211.dbc,/dissemin/publicos/SIHSUS/200801_/Dados,5102890.0,,2026-09-16T23:30:28.236451+00:00,ok,True
RJ,2022,12,available,RDRJ2212.dbc,/dissemin/publicos/SIHSUS/200801_/Dados,5130453.0,,2026-09-16T23:30:28.236451+00:00,ok,True
RN,2022,1,available,RDRN2201.dbc,/dissemin/publicos/SIHSUS/200801_/Dados,1053196.0,,2026-09-16T23:30:28.236451+00:00,ok,True
RN,2022,2,available,RDRN2202.dbc,/dissemin/publicos/SIHSUS/200801_/Dados,1036333.0,,2026-09-16T23:30:28.236451+00:00,ok,True
RN,2022,3,available,RDRN2203.dbc,/dissemin/publicos/SIHSUS/200801_/Dados,1099283.0,,2026-09-16T23:30:28.236451+00:00,ok,True
RN,2022,4,available,RDRN2204.dbc,/dissemin/publicos/SIHSUS/200801_/Dados,1088511.0,,2026-09-16T23:30:28.236451+00:00,ok,True
RN,2022,5,available,RDRN2205.dbc,/dissemin/publicos/SIHSUS/200801_/Dados,1269866.0,,2026-09-16T23:30:28.236451+00:00,ok,True
RN,2022,6,available,RDRN2206.dbc,/dissemin/publicos/SIHSUS/200801_/Dados,1181578.0,,2026-09-16T23:30:28.236451+00:00,ok,True
RN,2022,7,available,RDRN2207.dbc,/dissemin/publicos/SIHSUS/200801_/Dados,1194293.0,,2026-09-16T23:30:28.236451+00:00,ok,True
RN,2022,8,available,RDRN2208.dbc,/dissemin/publicos/SIHSUS/200801_/Dados,1169021.0,,2026-09-16T23:30:28.236451+00:00,ok,True
RN,2022,9,available,RDRN2209.dbc,/dissemin/publicos/SIHSUS/200801_/Dados,1132904.0,,2026-09-16T23:30:28.236451+00:00,ok,True
RN,2022,10,available,RDRN2210.dbc,/dissemin/publicos/SIHSUS/200801_/Dados,1202308.0,,2026-09-16T23:30:28.236451+00:00,ok,True
RN,2022,11,available,RDRN2211.dbc,/dissemin/publicos/SIHSUS/200801_/Dados,1207551.0,,2026-09-16T23:30:28.236451+00:00,ok,True
RN,2022,12,available,RDRN2212.dbc,/dissemin/publicos/SIHSUS/200801_/Dados,1088886.0,,2026-09-16T23:30:28.236451+00:00,ok,True
RO,2022,1,available,RDRO2201.dbc,/dissemin/publicos/SIHSUS/200801_/Dados,641300.0,,2026-09-16T23:30:28.236451+00:00,ok,True
RO,2022,2,available,RDRO2202.dbc,/dissemin/publicos/SIHSUS/200801_/Dados,671174.0,,2026-09-16T23:30:28.236451+00:00,ok,True
RO,2022,3,available,RDRO2203.dbc,/dissemin/publicos/SIHSUS/200801_/Dados,758402.0,,2026-09-16T23:30:28.236451+00:00,ok,True
RO,2022,4,available,RDRO2204.dbc,/dissemin/publicos/SIHSUS/200801_/Dados,736551.0,,2026-09-16T23:30:28.236451+00:00,ok,True
RO,2022,5,available,RDRO2205.dbc,/dissemin/publicos/SIHSUS/200801_/Dados,745024.0,,2026-09-16T23:30:28.236451+00:00,ok,True
RO,2022,6,available,RDRO2206.dbc,/dissemin/publicos/SIHSUS/200801_/Dados,647510.0,,2026-09-16T23:30:28.236451+00:00,ok,True
RO,2022,7,available,RDRO2207.dbc,/dissemin/publicos/SIHSUS/200801_/Dados,666406.0,,2026-09-16T23:30:28.236451+00:00,ok,True
RO,2022,8,available,RDRO2208.dbc,/dissemin/publicos/SIHSUS/200801_/Dados,663227.0,,2026-09-16T23:30:28.236451+00:00,ok,True
RO,2022,9,available,RDRO2209.dbc,/dissemin/publicos/SIHSUS/200801_/Dados,757348.0,,2026-09-16T23:30:28.236451+00:00,ok,True
RO,2022,10,available,RDRO2210.dbc,/dissemin/publicos/SIHSUS/200801_/Dados,666980.0,,2026-09-16T23:30:28.236451+00:00,ok,True
RO,2022,11,available,RDRO2211.dbc,/dissemin/publicos/SIHSUS/200801_/Dados,719951.0,,2026-09-16T23:30:28.236451+00:00,ok,True
RO,2022,12,available,RDRO2212.dbc,/dissemin/publicos/SIHSUS/200801_/Dados,728144.0,,2026-09-16T23:30:28.236451+00:00,ok,True
RR,2022,1,available,RDRR2201.dbc,/dissemin/publicos/SIHSUS/200801_/Dados,265559.0,,2026-09-16T23:30:28.236451+00:00,ok,True
RR,2022,2,available,RDRR2202.dbc,/dissemin/publicos/SIHSUS/200801_/Dados,252712.0,,2026-09-16T23:30:28.236451+00:00,ok,True
RR,2022,3,available,RDRR2203.dbc,/dissemin/publicos/SIHSUS/200801_/Dados,309582.0,,2026-09-16T23:30:28.236451+00:00,ok,True
RR,2022,4,available,RDRR2204.dbc,/dissemin/publicos/SIHSUS/200801_/Dados,292263.0,,2026-09-16T23:30:28.236451+00:00,ok,True
RR,2022,5,available,RDRR2205.dbc,/dissemin/publicos/SIHSUS/200801_/Dados,325659.0,,2026-09-16T23:30:28.236451+00:00,ok,True
RR,2022,6,available,RDRR2206.dbc,/dissemin/publicos/SIHSUS/200801_/Dados,50318.0,,2026-09-16T23:30:28.236451+00:00,ok,True
RR,2022,7,available,RDRR2207.dbc,/dissemin/publicos/SIHSUS/200801_/Dados,308161.0,,2026-09-16T23:30:28.236451+00:00,ok,True
RR,2022,8,available,RDRR2208.dbc,/dissemin/publicos/SIHSUS/200801_/Dados,368638.0,,2026-09-16T23:30:28.236451+00:00,ok,True
RR,2022,9,available,RDRR2209.dbc,/dissemin/publicos/SIHSUS/200801_/Dados,300510.0,,2026-09-16T23:30:28.236451+00:00,ok,True
RR,2022,10,available,RDRR2210.dbc,/dissemin/publicos/SIHSUS/200801_/Dados,352598.0,,2026-09-16T23:30:28.236451+00:00,ok,True
RR,2022,11,available,RDRR2211.dbc,/dissemin/publicos/SIHSUS/200801_/Dados,334610.0,,2026-09-16T23:30:28.236451+00:00,ok,True
RR,2022,12,available,RDRR2212.dbc,/dissemin/publicos/SIHSUS/200801_/Dados,329543.0,,2026-09-16T23:30:28.236451+00:00,ok,True
RS,2022,1,available,RDRS2201.dbc,/dissemin/publicos/SIHSUS/200801_/Dados,4558302.0,,2026-09-16T23:30:28.236451+00:00,ok,True
RS,2022,2,available,RDRS2202.dbc,/dissemin/publicos/SIHSUS/200801_/Dados,4590746.0,,2026-09-16T23:30:28.236451+00:00,ok,True
RS,2022,3,available,RDRS2203.dbc,/dissemin/publicos/SIHSUS/200801_/Dados,4803127.0,,2026-09-16T23:30:28.236451+00:00,ok,True
RS,2022,4,available,RDRS2204.dbc,/dissemin/publicos/SIHSUS/200801_/Dados,4912428.0,,2026-09-16T23:30:28.236451+00:00,ok,True
RS,2022,5,available,RDRS2205.dbc,/dissemin/publicos/SIHSUS/200801_/Dados,4948655.0,,2026-09-16T23:30:28.236451+00:00,ok,True
RS,2022,6,available,RDRS2206.dbc,/dissemin/publicos/SIHSUS/200801_/Dados,5033759.0,,2026-09-16T23:30:28.236451+00:00,ok,True
RS,2022,7,available,RDRS2207.dbc,/dissemin/publicos/SIHSUS/200801_/Dados,5102685.0,,2026-09-16T23:30:28.236451+00:00,ok,True
RS,2022,8,available,RDRS2208.dbc,/dissemin/publicos/SIHSUS/200801_/Dados,5337221.0,,2026-09-16T23:30:28.236451+00:00,ok,True
RS,2022,9,available,RDRS2209.dbc,/dissemin/publicos/SIHSUS/200801_/Dados,5168964.0,,2026-09-16T23:30:28.236451+00:00,ok,True
RS,2022,10,available,RDRS2210.dbc,/dissemin/publicos/SIHSUS/200801_/Dados,5329919.0,,2026-09-16T23:30:28.236451+00:00,ok,True
RS,2022,11,available,RDRS2211.dbc,/dissemin/publicos/SIHSUS/200801_/Dados,5083214.0,,2026-09-16T23:30:28.236451+00:00,ok,True
RS,2022,12,available,RDRS2212.dbc,/dissemin/publicos/SIHSUS/200801_/Dados,5182122.0,,2026-09-16T23:30:28.236451+00:00,ok,True
SC,2022,1,available,RDSC2201.dbc,/dissemin/publicos/SIHSUS/200801_/Dados,3069234.0,,2026-09-16T23:30:28.236451+00:00,ok,True
SC,2022,2,available,RDSC2202.dbc,/dissemin/publicos/SIHSUS/200801_/Dados,3155383.0,,2026-09-16T23:30:28.236451+00:00,ok,True
SC,2022,3,available,RDSC2203.dbc,/dissemin/publicos/SIHSUS/200801_/Dados,3321136.0,,2026-09-16T23:30:28.236451+00:00,ok,True
SC,2022,4,available,RDSC2204.dbc,/dissemin/publicos/SIHSUS/200801_/Dados,3246958.0,,2026-09-16T23:30:28.236451+00:00,ok,True
SC,2022,5,available,RDSC2205.dbc,/dissemin/publicos/SIHSUS/200801_/Dados,3356854.0,,2026-09-16T23:30:28.236451+00:00,ok,True
SC,2022,6,available,RDSC2206.dbc,/dissemin/publicos/SIHSUS/200801_/Dados,3390893.0,,2026-09-16T23:30:28.236451+00:00,ok,True
SC,2022,7,available,RDSC2207.dbc,/dissemin/publicos/SIHSUS/200801_/Dados,3582937.0,,2026-09-16T23:30:28.236451+00:00,ok,True
SC,2022,8,available,RDSC2208.dbc,/dissemin/publicos/SIHSUS/200801_/Dados,3603992.0,,2026-09-16T23:30:28.236451+00:00,ok,True
SC,2022,9,available,RDSC2209.dbc,/dissemin/publicos/SIHSUS/200801_/Dados,3519853.0,,2026-09-16T23:30:28.236451+00:00,ok,True
SC,2022,10,available,RDSC2210.dbc,/dissemin/publicos/SIHSUS/200801_/Dados,3649928.0,,2026-09-16T23:30:28.236451+00:00,ok,True
SC,2022,11,available,RDSC2211.dbc,/dissemin/publicos/SIHSUS/200801_/Dados,3568907.0,,2026-09-16T23:30:28.236451+00:00,ok,True
SC,2022,12,available,RDSC2212.dbc,/dissemin/publicos/SIHSUS/200801_/Dados,3536382.0,,2026-09-16T23:30:28.236451+00:00,ok,True
SE,2022,1,available,RDSE2201.dbc,/dissemin/publicos/SIHSUS/200801_/Dados,615447.0,,2026-09-16T23:30:28.236451+00:00,ok,True
SE,2022,2,available,RDSE2202.dbc,/dissemin/publicos/SIHSUS/200801_/Dados,632386.0,,2026-09-16T23:30:28.236451+00:00,ok,True
SE,2022,3,available,RDSE2203.dbc,/dissemin/publicos/SIHSUS/200801_/Dados,659442.0,,2026-09-16T23:30:28.236451+00:00,ok,True
SE,2022,4,available,RDSE2204.dbc,/dissemin/publicos/SIHSUS/200801_/Dados,617870.0,,2026-09-16T23:30:28.236451+00:00,ok,True
SE,2022,5,available,RDSE2205.dbc,/dissemin/publicos/SIHSUS/200801_/Dados,685568.0,,2026-09-16T23:30:28.236451+00:00,ok,True
SE,2022,6,available,RDSE2206.dbc,/dissemin/publicos/SIHSUS/200801_/Dados,598456.0,,2026-09-16T23:30:28.236451+00:00,ok,True
SE,2022,7,available,RDSE2207.dbc,/dissemin/publicos/SIHSUS/200801_/Dados,727723.0,,2026-09-16T23:30:28.236451+00:00,ok,True
SE,2022,8,available,RDSE2208.dbc,/dissemin/publicos/SIHSUS/200801_/Dados,651414.0,,2026-09-16T23:30:28.236451+00:00,ok,True
SE,2022,9,available,RDSE2209.dbc,/dissemin/publicos/SIHSUS/200801_/Dados,685899.0,,2026-09-16T23:30:28.236451+00:00,ok,True
SE,2022,10,available,RDSE2210.dbc,/dissemin/publicos/SIHSUS/200801_/Dados,690535.0,,2026-09-16T23:30:28.236451+00:00,ok,True
SE,2022,11,available,RDSE2211.dbc,/dissemin/publicos/SIHSUS/200801_/Dados,650208.0,,2026-09-16T23:30:28.236451+00:00,ok,True
SE,2022,12,available,RDSE2212.dbc,/dissemin/publicos/SIHSUS/200801_/Dados,635227.0,,2026-09-16T23:30:28.236451+00:00,ok,True
SP,2022,1,available,RDSP2201.dbc,/dissemin/publicos/SIHSUS/200801_/Dados,15549230.0,,2026-09-16T23:30:28.236451+00:00,ok,True
SP,2022,2,available,RDSP2202.dbc,/dissemin/publicos/SIHSUS/200801_/Dados,15047971.0,,2026-09-16T23:30:28.236451+00:00,ok,True
SP,2022,3,available,RDSP2203.dbc,/dissemin/publicos/SIHSUS/200801_/Dados,16675594.0,,2026-09-16T23:30:28.236451+00:00,ok,True
SP,2022,4,available,RDSP2204.dbc,/dissemin/publicos/SIHSUS/200801_/Dados,15947793.0,,2026-09-16T23:30:28.236451+00:00,ok,True
SP,2022,5,available,RDSP2205.dbc,/dissemin/publicos/SIHSUS/200801_/Dados,16059106.0,,2026-09-16T23:30:28.236451+00:00,ok,True
SP,2022,6,available,RDSP2206.dbc,/dissemin/publicos/SIHSUS/200801_/Dados,16211545.0,,2026-09-16T23:30:28.236451+00:00,ok,True
SP,2022,7,available,RDSP2207.dbc,/dissemin/publicos/SIHSUS/200801_/Dados,17003030.0,,2026-09-16T23:30:28.236451+00:00,ok,True
SP,2022,8,available,RDSP2208.dbc,/dissemin/publicos/SIHSUS/200801_/Dados,16975493.0,,2026-09-16T23:30:28.236451+00:00,ok,True
SP,2022,9,available,RDSP2209.dbc,/dissemin/publicos/SIHSUS/200801_/Dados,17069931.0,,2026-09-16T23:30:28.236451+00:00,ok,True
SP,2022,10,available,RDSP2210.dbc,/dissemin/publicos/SIHSUS/200801_/Dados,17273733.0,,2026-09-16T23:30:28.236451+00:00,ok,True
SP,2022,11,available,RDSP2211.dbc,/dissemin/publicos/SIHSUS/200801_/Dados,16449825.0,,2026-09-16T23:30:28.236451+00:00,ok,True
SP,2022,12,available,RDSP2212.dbc,/dissemin/publicos/SIHSUS/200801_/Dados,16493381.0,,2026-09-16T23:30:28.236451+00:00,ok,True
TO,2022,1,available,RDTO2201.dbc,/dissemin/publicos/SIHSUS/200801_/Dados,505428.0,,2026-09-16T23:30:28.236451+00:00,ok,True
TO,2022,2,available,RDTO2202.dbc,/dissemin/publicos/SIHSUS/200801_/Dados,497180.0,,2026-09-16T23:30:28.236451+00:00,ok,True
TO,2022,3,available,RDTO2203.dbc,/dissemin/publicos/SIHSUS/200801_/Dados,507193.0,,2026-09-16T23:30:28.236451+00:00,ok,True
TO,2022,4,available,RDTO2204.dbc,/dissemin/publicos/SIHSUS/200801_/Dados,558062.0,,2026-09-16T23:30:28.236451+00:00,ok,True
TO,2022,5,available,RDTO2205.dbc,/dissemin/publicos/SIHSUS/200801_/Dados,582597.0,,2026-09-16T23:30:28.236451+00:00,ok,True
TO,2022,6,available,RDTO2206.dbc,/dissemin/publicos/SIHSUS/200801_/Dados,586649.0,,2026-09-16T23:30:28.236451+00:00,ok,True
TO,2022,7,available,RDTO2207.dbc,/dissemin/publicos/SIHSUS/200801_/Dados,529036.0,,2026-09-16T23:30:28.236451+00:00,ok,True
TO,2022,8,available,RDTO2208.dbc,/dissemin/publicos/SIHSUS/200801_/Dados,554802.0,,2026-09-16T23:30:28.236451+00:00,ok,True
TO,2022,9,available,RDTO2209.dbc,/dissemin/publicos/SIHSUS/200801_/Dados,526880.0,,2026-09-16T23:30:28.236451+00:00,ok,True
TO,2022,10,available,RDTO2210.dbc,/dissemin/publicos/SIHSUS/200801_/Dados,556171.0,,2026-09-16T23:30:28.236451+00:00,ok,True
TO,2022,11,available,RDTO2211.dbc,/dissemin/publicos/SIHSUS/200801_/Dados,542128.0,,2026-09-16T23:30:28.236451+00:00,ok,True
TO,2022,12,available,RDTO2212.dbc,/dissemin/publicos/SIHSUS/200801_/Dados,585122.0,,2026-09-16T23:30:28.236451+00:00,ok,True
AC,2023,1,available,RDAC2301.dbc,/dissemin/publicos/SIHSUS/200801_/Dados,294939.0,,2026-09-16T23:30:28.236451+00:00,ok,True
AC,2023,2,available,RDAC2302.dbc,/dissemin/publicos/SIHSUS/200801_/Dados,340189.0,,2026-09-16T23:30:28.236451+00:00,ok,True
AC,2023,3,available,RDAC2303.dbc,/dissemin/publicos/SIHSUS/200801_/Dados,371723.0,,2026-09-16T23:30:28.236451+00:00,ok,True
AC,2023,4,available,RDAC2304.dbc,/dissemin/publicos/SIHSUS/200801_/Dados,351909.0,,2026-09-16T23:30:28.236451+00:00,ok,True
AC,2023,5,available,RDAC2305.dbc,/dissemin/publicos/SIHSUS/200801_/Dados,390030.0,,2026-09-16T23:30:28.236451+00:00,ok,True
AC,2023,6,available,RDAC2306.dbc,/dissemin/publicos/SIHSUS/200801_/Dados,392472.0,,2026-09-16T23:30:28.236451+00:00,ok,True
AC,2023,7,available,RDAC2307.dbc,/dissemin/publicos/SIHSUS/200801_/Dados,413135.0,,2026-09-16T23:30:28.236451+00:00,ok,True
AC,2023,8,available,RDAC2308.dbc,/dissemin/publicos/SIHSUS/200801_/Dados,360330.0,,2026-09-16T23:30:28.236451+00:00,ok,True
AC,2023,9,available,RDAC2309.dbc,/dissemin/publicos/SIHSUS/200801_/Dados,335324.0,,2026-09-16T23:30:28.236451+00:00,ok,True
AC,2023,10,available,RDAC2310.dbc,/dissemin/publicos/SIHSUS/200801_/Dados,305265.0,,2026-09-16T23:30:28.236451+00:00,ok,True
AC,2023,11,available,RDAC2311.dbc,/dissemin/publicos/SIHSUS/200801_/Dados,388576.0,,2026-09-16T23:30:28.236451+00:00,ok,True
AC,2023,12,available,RDAC2312.dbc,/dissemin/publicos/SIHSUS/200801_/Dados,285949.0,,2026-09-16T23:30:28.236451+00:00,ok,True
AL,2023,1,available,RDAL2301.dbc,/dissemin/publicos/SIHSUS/200801_/Dados,1038724.0,,2026-09-16T23:30:28.236451+00:00,ok,True
AL,2023,2,available,RDAL2302.dbc,/dissemin/publicos/SIHSUS/200801_/Dados,843754.0,,2026-09-16T23:30:28.236451+00:00,ok,True
AL,2023,3,available,RDAL2303.dbc,/dissemin/publicos/SIHSUS/200801_/Dados,960451.0,,2026-09-16T23:30:28.236451+00:00,ok,True
AL,2023,4,available,RDAL2304.dbc,/dissemin/publicos/SIHSUS/200801_/Dados,879464.0,,2026-09-16T23:30:28.236451+00:00,ok,True
AL,2023,5,available,RDAL2305.dbc,/dissemin/publicos/SIHSUS/200801_/Dados,946620.0,,2026-09-16T23:30:28.236451+00:00,ok,True
AL,2023,6,available,RDAL2306.dbc,/dissemin/publicos/SIHSUS/200801_/Dados,1006274.0,,2026-09-16T23:30:28.236451+00:00,ok,True
AL,2023,7,available,RDAL2307.dbc,/dissemin/publicos/SIHSUS/200801_/Dados,1068410.0,,2026-09-16T23:30:28.236451+00:00,ok,True
AL,2023,8,available,RDAL2308.dbc,/dissemin/publicos/SIHSUS/200801_/Dados,1088394.0,,2026-09-16T23:30:28.236451+00:00,ok,True
AL,2023,9,available,RDAL2309.dbc,/dissemin/publicos/SIHSUS/200801_/Dados,1088280.0,,2026-09-16T23:30:28.236451+00:00,ok,True
AL,2023,10,available,RDAL2310.dbc,/dissemin/publicos/SIHSUS/200801_/Dados,1093710.0,,2026-09-16T23:30:28.236451+00:00,ok,True
AL,2023,11,available,RDAL2311.dbc,/dissemin/publicos/SIHSUS/200801_/Dados,1013779.0,,2026-09-16T23:30:28.236451+00:00,ok,True
AL,2023,12,available,RDAL2312.dbc,/dissemin/publicos/SIHSUS/200801_/Dados,1034875.0,,2026-09-16T23:30:28.236451+00:00,ok,True
AM,2023,1,available,RDAM2301.dbc,/dissemin/publicos/SIHSUS/200801_/Dados,1284274.0,,2026-09-16T23:30:28.236451+00:00,ok,True
AM,2023,2,available,RDAM2302.dbc,/dissemin/publicos/SIHSUS/200801_/Dados,1086559.0,,2026-09-16T23:30:28.236451+00:00,ok,True
AM,2023,3,available,RDAM2303.dbc,/dissemin/publicos/SIHSUS/200801_/Dados,1267446.0,,2026-09-16T23:30:28.236451+00:00,ok,True
AM,2023,4,available,RDAM2304.dbc,/dissemin/publicos/SIHSUS/200801_/Dados,1176033.0,,2026-09-16T23:30:28.236451+00:00,ok,True
AM,2023,5,available,RDAM2305.dbc,/dissemin/publicos/SIHSUS/200801_/Dados,1306901.0,,2026-09-16T23:30:28.236451+00:00,ok,True
AM,2023,6,available,RDAM2306.dbc,/dissemin/publicos/SIHSUS/200801_/Dados,1334366.0,,2026-09-16T23:30:28.236451+00:00,ok,True
AM,2023,7,available,RDAM2307.dbc,/dissemin/publicos/SIHSUS/200801_/Dados,1518245.0,,2026-09-16T23:30:28.236451+00:00,ok,True
AM,2023,8,available,RDAM2308.dbc,/dissemin/publicos/SIHSUS/200801_/Dados,1431294.0,,2026-09-16T23:30:28.236451+00:00,ok,True
AM,2023,9,available,RDAM2309.dbc,/dissemin/publicos/SIHSUS/200801_/Dados,1038133.0,,2026-09-16T23:30:28.236451+00:00,ok,True
AM,2023,10,available,RDAM2310.dbc,/dissemin/publicos/SIHSUS/200801_/Dados,1126955.0,,2026-09-16T23:30:28.236451+00:00,ok,True
AM,2023,11,available,RDAM2311.dbc,/dissemin/publicos/SIHSUS/200801_/Dados,1117105.0,,2026-09-16T23:30:28.236451+00:00,ok,True
AM,2023,12,available,RDAM2312.dbc,/dissemin/publicos/SIHSUS/200801_/Dados,942147.0,,2026-09-16T23:30:28.236451+00:00,ok,True
AP,2023,1,available,RDAP2301.dbc,/dissemin/publicos/SIHSUS/200801_/Dados,263370.0,,2026-09-16T23:30:28.236451+00:00,ok,True
AP,2023,2,available,RDAP2302.dbc,/dissemin/publicos/SIHSUS/200801_/Dados,244104.0,,2026-09-16T23:30:28.236451+00:00,ok,True
AP,2023,3,available,RDAP2303.dbc,/dissemin/publicos/SIHSUS/200801_/Dados,313951.0,,2026-09-16T23:30:28.236451+00:00,ok,True
AP,2023,4,available,RDAP2304.dbc,/dissemin/publicos/SIHSUS/200801_/Dados,305279.0,,2026-09-16T23:30:28.236451+00:00,ok,True
AP,2023,5,available,RDAP2305.dbc,/dissemin/publicos/SIHSUS/200801_/Dados,423001.0,,2026-09-16T23:30:28.236451+00:00,ok,True
AP,2023,6,available,RDAP2306.dbc,/dissemin/publicos/SIHSUS/200801_/Dados,264153.0,,2026-09-16T23:30:28.236451+00:00,ok,True
AP,2023,7,available,RDAP2307.dbc,/dissemin/publicos/SIHSUS/200801_/Dados,395039.0,,2026-09-16T23:30:28.236451+00:00,ok,True
AP,2023,8,available,RDAP2308.dbc,/dissemin/publicos/SIHSUS/200801_/Dados,281976.0,,2026-09-16T23:30:28.236451+00:00,ok,True
AP,2023,9,available,RDAP2309.dbc,/dissemin/publicos/SIHSUS/200801_/Dados,251130.0,,2026-09-16T23:30:28.236451+00:00,ok,True
AP,2023,10,available,RDAP2310.dbc,/dissemin/publicos/SIHSUS/200801_/Dados,234961.0,,2026-09-16T23:30:28.236451+00:00,ok,True
AP,2023,11,available,RDAP2311.dbc,/dissemin/publicos/SIHSUS/200801_/Dados,244290.0,,2026-09-16T23:30:28.236451+00:00,ok,True
AP,2023,12,available,RDAP2312.dbc,/dissemin/publicos/SIHSUS/200801_/Dados,282096.0,,2026-09-16T23:30:28.236451+00:00,ok,True
BA,2023,1,available,RDBA2301.dbc,/dissemin/publicos/SIHSUS/200801_/Dados,5087085.0,,2026-09-16T23:30:28.236451+00:00,ok,True
BA,2023,2,available,RDBA2302.dbc,/dissemin/publicos/SIHSUS/200801_/Dados,4818817.0,,2026-09-16T23:30:28.236451+00:00,ok,True
BA,2023,3,available,RDBA2303.dbc,/dissemin/publicos/SIHSUS/200801_/Dados,5228512.0,,2026-09-16T23:30:28.236451+00:00,ok,True
BA,2023,4,available,RDBA2304.dbc,/dissemin/publicos/SIHSUS/200801_/Dados,5255708.0,,2026-09-16T23:30:28.236451+00:00,ok,True
BA,2023,5,available,RDBA2305.dbc,/dissemin/publicos/SIHSUS/200801_/Dados,5589803.0,,2026-09-16T23:30:28.236451+00:00,ok,True
BA,2023,6,available,RDBA2306.dbc,/dissemin/publicos/SIHSUS/200801_/Dados,5408678.0,,2026-09-16T23:30:28.236451+00:00,ok,True
BA,2023,7,available,RDBA2307.dbc,/dissemin/publicos/SIHSUS/200801_/Dados,5762905.0,,2026-09-16T23:30:28.236451+00:00,ok,True
BA,2023,8,available,RDBA2308.dbc,/dissemin/publicos/SIHSUS/200801_/Dados,5768528.0,,2026-09-16T23:30:28.236451+00:00,ok,True
BA,2023,9,available,RDBA2309.dbc,/dissemin/publicos/SIHSUS/200801_/Dados,5410444.0,,2026-09-16T23:30:28.236451+00:00,ok,True
BA,2023,10,available,RDBA2310.dbc,/dissemin/publicos/SIHSUS/200801_/Dados,5697685.0,,2026-09-16T23:30:28.236451+00:00,ok,True
BA,2023,11,available,RDBA2311.dbc,/dissemin/publicos/SIHSUS/200801_/Dados,5456658.0,,2026-09-16T23:30:28.236451+00:00,ok,True
BA,2023,12,available,RDBA2312.dbc,/dissemin/publicos/SIHSUS/200801_/Dados,5191504.0,,2026-09-16T23:30:28.236451+00:00,ok,True
CE,2023,1,available,RDCE2301.dbc,/dissemin/publicos/SIHSUS/200801_/Dados,3251625.0,,2026-09-16T23:30:28.236451+00:00,ok,True
CE,2023,2,available,RDCE2302.dbc,/dissemin/publicos/SIHSUS/200801_/Dados,3134250.0,,2026-09-16T23:30:28.236451+00:00,ok,True
CE,2023,3,available,RDCE2303.dbc,/dissemin/publicos/SIHSUS/200801_/Dados,3376687.0,,2026-09-16T23:30:28.236451+00:00,ok,True
CE,2023,4,available,RDCE2304.dbc,/dissemin/publicos/SIHSUS/200801_/Dados,3336148.0,,2026-09-16T23:30:28.236451+00:00,ok,True
CE,2023,5,available,RDCE2305.dbc,/dissemin/publicos/SIHSUS/200801_/Dados,3498401.0,,2026-09-16T23:30:28.236451+00:00,ok,True
CE,2023,6,available,RDCE2306.dbc,/dissemin/publicos/SIHSUS/200801_/Dados,3506285.0,,2026-09-16T23:30:28.236451+00:00,ok,True
CE,2023,7,available,RDCE2307.dbc,/dissemin/publicos/SIHSUS/200801_/Dados,3442488.0,,2026-09-16T23:30:28.236451+00:00,ok,True
CE,2023,8,available,RDCE2308.dbc,/dissemin/publicos/SIHSUS/200801_/Dados,3426449.0,,2026-09-16T23:30:28.236451+00:00,ok,True
CE,2023,9,available,RDCE2309.dbc,/dissemin/publicos/SIHSUS/200801_/Dados,3449816.0,,2026-09-16T23:30:28.236451+00:00,ok,True
CE,2023,10,available,RDCE2310.dbc,/dissemin/publicos/SIHSUS/200801_/Dados,3456387.0,,2026-09-16T23:30:28.236451+00:00,ok,True
CE,2023,11,available,RDCE2311.dbc,/dissemin/publicos/SIHSUS/200801_/Dados,3460840.0,,2026-09-16T23:30:28.236451+00:00,ok,True
CE,2023,12,available,RDCE2312.dbc,/dissemin/publicos/SIHSUS/200801_/Dados,3259775.0,,2026-09-16T23:30:28.236451+00:00,ok,True
DF,2023,1,available,RDDF2301.dbc,/dissemin/publicos/SIHSUS/200801_/Dados,1407960.0,,2026-09-16T23:30:28.236451+00:00,ok,True
DF,2023,2,available,RDDF2302.dbc,/dissemin/publicos/SIHSUS/200801_/Dados,1410153.0,,2026-09-16T23:30:28.236451+00:00,ok,True
DF,2023,3,available,RDDF2303.dbc,/dissemin/publicos/SIHSUS/200801_/Dados,1669089.0,,2026-09-16T23:30:28.236451+00:00,ok,True
DF,2023,4,available,RDDF2304.dbc,/dissemin/publicos/SIHSUS/200801_/Dados,1507719.0,,2026-09-16T23:30:28.236451+00:00,ok,True
DF,2023,5,available,RDDF2305.dbc,/dissemin/publicos/SIHSUS/200801_/Dados,1562434.0,,2026-09-16T23:30:28.236451+00:00,ok,True
DF,2023,6,available,RDDF2306.dbc,/dissemin/publicos/SIHSUS/200801_/Dados,1550501.0,,2026-09-16T23:30:28.236451+00:00,ok,True
DF,2023,7,available,RDDF2307.dbc,/dissemin/publicos/SIHSUS/200801_/Dados,1496268.0,,2026-09-16T23:30:28.236451+00:00,ok,True
DF,2023,8,available,RDDF2308.dbc,/dissemin/publicos/SIHSUS/200801_/Dados,1724914.0,,2026-09-16T23:30:28.236451+00:00,ok,True
DF,2023,9,available,RDDF2309.dbc,/dissemin/publicos/SIHSUS/200801_/Dados,1653793.0,,2026-09-16T23:30:28.236451+00:00,ok,True
DF,2023,10,available,RDDF2310.dbc,/dissemin/publicos/SIHSUS/200801_/Dados,1587151.0,,2026-09-16T23:30:28.236451+00:00,ok,True
DF,2023,11,available,RDDF2311.dbc,/dissemin/publicos/SIHSUS/200801_/Dados,1518126.0,,2026-09-16T23:30:28.236451+00:00,ok,True
DF,2023,12,available,RDDF2312.dbc,/dissemin/publicos/SIHSUS/200801_/Dados,1478968.0,,2026-09-16T23:30:28.236451+00:00,ok,True
ES,2023,1,available,RDES2301.dbc,/dissemin/publicos/SIHSUS/200801_/Dados,1806304.0,,2026-09-16T23:30:28.236451+00:00,ok,True
ES,2023,2,available,RDES2302.dbc,/dissemin/publicos/SIHSUS/200801_/Dados,1690228.0,,2026-09-16T23:30:28.236451+00:00,ok,True
ES,2023,3,available,RDES2303.dbc,/dissemin/publicos/SIHSUS/200801_/Dados,1830542.0,,2026-09-16T23:30:28.236451+00:00,ok,True
ES,2023,4,available,RDES2304.dbc,/dissemin/publicos/SIHSUS/200801_/Dados,1742267.0,,2026-09-16T23:30:28.236451+00:00,ok,True
ES,2023,5,available,RDES2305.dbc,/dissemin/publicos/SIHSUS/200801_/Dados,1833230.0,,2026-09-16T23:30:28.236451+00:00,ok,True
ES,2023,6,available,RDES2306.dbc,/dissemin/publicos/SIHSUS/200801_/Dados,1921744.0,,2026-09-16T23:30:28.236451+00:00,ok,True
ES,2023,7,available,RDES2307.dbc,/dissemin/publicos/SIHSUS/200801_/Dados,1873061.0,,2026-09-16T23:30:28.236451+00:00,ok,True
ES,2023,8,available,RDES2308.dbc,/dissemin/publicos/SIHSUS/200801_/Dados,1938273.0,,2026-09-16T23:30:28.236451+00:00,ok,True
ES,2023,9,available,RDES2309.dbc,/dissemin/publicos/SIHSUS/200801_/Dados,1915953.0,,2026-09-16T23:30:28.236451+00:00,ok,True
ES,2023,10,available,RDES2310.dbc,/dissemin/publicos/SIHSUS/200801_/Dados,1919065.0,,2026-09-16T23:30:28.236451+00:00,ok,True
ES,2023,11,available,RDES2311.dbc,/dissemin/publicos/SIHSUS/200801_/Dados,1852433.0,,2026-09-16T23:30:28.236451+00:00,ok,True
ES,2023,12,available,RDES2312.dbc,/dissemin/publicos/SIHSUS/200801_/Dados,1843647.0,,2026-09-16T23:30:28.236451+00:00,ok,True
GO,2023,1,available,RDGO2301.dbc,/dissemin/publicos/SIHSUS/200801_/Dados,2545941.0,,2026-09-16T23:30:28.236451+00:00,ok,True
GO,2023,2,available,RDGO2302.dbc,/dissemin/publicos/SIHSUS/200801_/Dados,2389485.0,,2026-09-16T23:30:28.236451+00:00,ok,True
GO,2023,3,available,RDGO2303.dbc,/dissemin/publicos/SIHSUS/200801_/Dados,2587518.0,,2026-09-16T23:30:28.236451+00:00,ok,True
GO,2023,4,available,RDGO2304.dbc,/dissemin/publicos/SIHSUS/200801_/Dados,2646723.0,,2026-09-16T23:30:28.236451+00:00,ok,True
GO,2023,5,available,RDGO2305.dbc,/dissemin/publicos/SIHSUS/200801_/Dados,2675303.0,,2026-09-16T23:30:28.236451+00:00,ok,True
GO,2023,6,available,RDGO2306.dbc,/dissemin/publicos/SIHSUS/200801_/Dados,2455214.0,,2026-09-16T23:30:28.236451+00:00,ok,True
GO,2023,7,available,RDGO2307.dbc,/dissemin/publicos/SIHSUS/200801_/Dados,2778516.0,,2026-09-16T23:30:28.236451+00:00,ok,True
GO,2023,8,available,RDGO2308.dbc,/dissemin/publicos/SIHSUS/200801_/Dados,2782045.0,,2026-09-16T23:30:28.236451+00:00,ok,True
GO,2023,9,available,RDGO2309.dbc,/dissemin/publicos/SIHSUS/200801_/Dados,2665011.0,,2026-09-16T23:30:28.236451+00:00,ok,True
GO,2023,10,available,RDGO2310.dbc,/dissemin/publicos/SIHSUS/200801_/Dados,2567692.0,,2026-09-16T23:30:28.236451+00:00,ok,True
GO,2023,11,available,RDGO2311.dbc,/dissemin/publicos/SIHSUS/200801_/Dados,2505680.0,,2026-09-16T23:30:28.236451+00:00,ok,True
GO,2023,12,available,RDGO2312.dbc,/dissemin/publicos/SIHSUS/200801_/Dados,2615211.0,,2026-09-16T23:30:28.236451+00:00,ok,True
MA,2023,1,available,RDMA2301.dbc,/dissemin/publicos/SIHSUS/200801_/Dados,2734418.0,,2026-09-16T23:30:28.236451+00:00,ok,True
MA,2023,2,available,RDMA2302.dbc,/dissemin/publicos/SIHSUS/200801_/Dados,2565075.0,,2026-09-16T23:30:28.236451+00:00,ok,True
MA,2023,3,available,RDMA2303.dbc,/dissemin/publicos/SIHSUS/200801_/Dados,2718307.0,,2026-09-16T23:30:28.236451+00:00,ok,True
MA,2023,4,available,RDMA2304.dbc,/dissemin/publicos/SIHSUS/200801_/Dados,2530862.0,,2026-09-16T23:30:28.236451+00:00,ok,True
MA,2023,5,available,RDMA2305.dbc,/dissemin/publicos/SIHSUS/200801_/Dados,2691938.0,,2026-09-16T23:30:28.236451+00:00,ok,True
MA,2023,6,available,RDMA2306.dbc,/dissemin/publicos/SIHSUS/200801_/Dados,2678965.0,,2026-09-16T23:30:28.236451+00:00,ok,True
MA,2023,7,available,RDMA2307.dbc,/dissemin/publicos/SIHSUS/200801_/Dados,2797921.0,,2026-09-16T23:30:28.236451+00:00,ok,True
MA,2023,8,available,RDMA2308.dbc,/dissemin/publicos/SIHSUS/200801_/Dados,2717609.0,,2026-09-16T23:30:28.236451+00:00,ok,True
MA,2023,9,available,RDMA2309.dbc,/dissemin/publicos/SIHSUS/200801_/Dados,2702827.0,,2026-09-16T23:30:28.236451+00:00,ok,True
MA,2023,10,available,RDMA2310.dbc,/dissemin/publicos/SIHSUS/200801_/Dados,2687305.0,,2026-09-16T23:30:28.236451+00:00,ok,True
MA,2023,11,available,RDMA2311.dbc,/dissemin/publicos/SIHSUS/200801_/Dados,2786535.0,,2026-09-16T23:30:28.236451+00:00,ok,True
MA,2023,12,available,RDMA2312.dbc,/dissemin/publicos/SIHSUS/200801_/Dados,2663231.0,,2026-09-16T23:30:28.236451+00:00,ok,True
MG,2023,1,available,RDMG2301.dbc,/dissemin/publicos/SIHSUS/200801_/Dados,8737930.0,,2026-09-16T23:30:28.236451+00:00,ok,True
MG,2023,2,available,RDMG2302.dbc,/dissemin/publicos/SIHSUS/200801_/Dados,8360392.0,,2026-09-16T23:30:28.236451+00:00,ok,True
MG,2023,3,available,RDMG2303.dbc,/dissemin/publicos/SIHSUS/200801_/Dados,9560368.0,,2026-09-16T23:30:28.236451+00:00,ok,True
MG,2023,4,available,RDMG2304.dbc,/dissemin/publicos/SIHSUS/200801_/Dados,8998043.0,,2026-09-16T23:30:28.236451+00:00,ok,True
MG,2023,5,available,RDMG2305.dbc,/dissemin/publicos/SIHSUS/200801_/Dados,9449164.0,,2026-09-16T23:30:28.236451+00:00,ok,True
MG,2023,6,available,RDMG2306.dbc,/dissemin/publicos/SIHSUS/200801_/Dados,9533409.0,,2026-09-16T23:30:28.236451+00:00,ok,True
MG,2023,7,available,RDMG2307.dbc,/dissemin/publicos/SIHSUS/200801_/Dados,9504627.0,,2026-09-16T23:30:28.236451+00:00,ok,True
MG,2023,8,available,RDMG2308.dbc,/dissemin/publicos/SIHSUS/200801_/Dados,9784769.0,,2026-09-16T23:30:28.236451+00:00,ok,True
MG,2023,9,available,RDMG2309.dbc,/dissemin/publicos/SIHSUS/200801_/Dados,9502247.0,,2026-09-16T23:30:28.236451+00:00,ok,True
MG,2023,10,available,RDMG2310.dbc,/dissemin/publicos/SIHSUS/200801_/Dados,9388217.0,,2026-09-16T23:30:28.236451+00:00,ok,True
MG,2023,11,available,RDMG2311.dbc,/dissemin/publicos/SIHSUS/200801_/Dados,9496431.0,,2026-09-16T23:30:28.236451+00:00,ok,True
MG,2023,12,available,RDMG2312.dbc,/dissemin/publicos/SIHSUS/200801_/Dados,9290603.0,,2026-09-16T23:30:28.236451+00:00,ok,True
MS,2023,1,available,RDMS2301.dbc,/dissemin/publicos/SIHSUS/200801_/Dados,1238544.0,,2026-09-16T23:30:28.236451+00:00,ok,True
MS,2023,2,available,RDMS2302.dbc,/dissemin/publicos/SIHSUS/200801_/Dados,1248274.0,,2026-09-16T23:30:28.236451+00:00,ok,True
MS,2023,3,available,RDMS2303.dbc,/dissemin/publicos/SIHSUS/200801_/Dados,1375115.0,,2026-09-16T23:30:28.236451+00:00,ok,True
MS,2023,4,available,RDMS2304.dbc,/dissemin/publicos/SIHSUS/200801_/Dados,1395191.0,,2026-09-16T23:30:28.236451+00:00,ok,True
MS,2023,5,available,RDMS2305.dbc,/dissemin/publicos/SIHSUS/200801_/Dados,1334333.0,,2026-09-16T23:30:28.236451+00:00,ok,True
MS,2023,6,available,RDMS2306.dbc,/dissemin/publicos/SIHSUS/200801_/Dados,1320350.0,,2026-09-16T23:30:28.236451+00:00,ok,True
MS,2023,7,available,RDMS2307.dbc,/dissemin/publicos/SIHSUS/200801_/Dados,1309911.0,,2026-09-16T23:30:28.236451+00:00,ok,True
MS,2023,8,available,RDMS2308.dbc,/dissemin/publicos/SIHSUS/200801_/Dados,1373771.0,,2026-09-16T23:30:28.236451+00:00,ok,True
MS,2023,9,available,RDMS2309.dbc,/dissemin/publicos/SIHSUS/200801_/Dados,1365467.0,,2026-09-16T23:30:28.236451+00:00,ok,True
MS,2023,10,available,RDMS2310.dbc,/dissemin/publicos/SIHSUS/200801_/Dados,1317494.0,,2026-09-16T23:30:28.236451+00:00,ok,True
MS,2023,11,available,RDMS2311.dbc,/dissemin/publicos/SIHSUS/200801_/Dados,1337876.0,,2026-09-16T23:30:28.236451+00:00,ok,True
MS,2023,12,available,RDMS2312.dbc,/dissemin/publicos/SIHSUS/200801_/Dados,1329116.0,,2026-09-16T23:30:28.236451+00:00,ok,True
MT,2023,1,available,RDMT2301.dbc,/dissemin/publicos/SIHSUS/200801_/Dados,1227375.0,,2026-09-16T23:30:28.236451+00:00,ok,True
MT,2023,2,available,RDMT2302.dbc,/dissemin/publicos/SIHSUS/200801_/Dados,1283032.0,,2026-09-16T23:30:28.236451+00:00,ok,True
MT,2023,3,available,RDMT2303.dbc,/dissemin/publicos/SIHSUS/200801_/Dados,1421222.0,,2026-09-16T23:30:28.236451+00:00,ok,True
MT,2023,4,available,RDMT2304.dbc,/dissemin/publicos/SIHSUS/200801_/Dados,1366395.0,,2026-09-16T23:30:28.236451+00:00,ok,True
MT,2023,5,available,RDMT2305.dbc,/dissemin/publicos/SIHSUS/200801_/Dados,1468608.0,,2026-09-16T23:30:28.236451+00:00,ok,True
MT,2023,6,available,RDMT2306.dbc,/dissemin/publicos/SIHSUS/200801_/Dados,1519377.0,,2026-09-16T23:30:28.236451+00:00,ok,True
MT,2023,7,available,RDMT2307.dbc,/dissemin/publicos/SIHSUS/200801_/Dados,1455347.0,,2026-09-16T23:30:28.236451+00:00,ok,True
MT,2023,8,available,RDMT2308.dbc,/dissemin/publicos/SIHSUS/200801_/Dados,1436986.0,,2026-09-16T23:30:28.236451+00:00,ok,True
MT,2023,9,available,RDMT2309.dbc,/dissemin/publicos/SIHSUS/200801_/Dados,1422932.0,,2026-09-16T23:30:28.236451+00:00,ok,True
MT,2023,10,available,RDMT2310.dbc,/dissemin/publicos/SIHSUS/200801_/Dados,1395431.0,,2026-09-16T23:30:28.236451+00:00,ok,True
MT,2023,11,available,RDMT2311.dbc,/dissemin/publicos/SIHSUS/200801_/Dados,1371707.0,,2026-09-16T23:30:28.236451+00:00,ok,True
MT,2023,12,available,RDMT2312.dbc,/dissemin/publicos/SIHSUS/200801_/Dados,1311025.0,,2026-09-16T23:30:28.236451+00:00,ok,True
PA,2023,1,available,RDPA2301.dbc,/dissemin/publicos/SIHSUS/200801_/Dados,2922949.0,,2026-09-16T23:30:28.236451+00:00,ok,True
PA,2023,2,available,RDPA2302.dbc,/dissemin/publicos/SIHSUS/200801_/Dados,2885812.0,,2026-09-16T23:30:28.236451+00:00,ok,True
PA,2023,3,available,RDPA2303.dbc,/dissemin/publicos/SIHSUS/200801_/Dados,2977387.0,,2026-09-16T23:30:28.236451+00:00,ok,True
PA,2023,4,available,RDPA2304.dbc,/dissemin/publicos/SIHSUS/200801_/Dados,2986121.0,,2026-09-16T23:30:28.236451+00:00,ok,True
PA,2023,5,available,RDPA2305.dbc,/dissemin/publicos/SIHSUS/200801_/Dados,2983404.0,,2026-09-16T23:30:28.236451+00:00,ok,True
PA,2023,6,available,RDPA2306.dbc,/dissemin/publicos/SIHSUS/200801_/Dados,2920625.0,,2026-09-16T23:30:28.236451+00:00,ok,True
PA,2023,7,available,RDPA2307.dbc,/dissemin/publicos/SIHSUS/200801_/Dados,3115865.0,,2026-09-16T23:30:28.236451+00:00,ok,True
PA,2023,8,available,RDPA2308.dbc,/dissemin/publicos/SIHSUS/200801_/Dados,3102737.0,,2026-09-16T23:30:28.236451+00:00,ok,True
PA,2023,9,available,RDPA2309.dbc,/dissemin/publicos/SIHSUS/200801_/Dados,3076342.0,,2026-09-16T23:30:28.236451+00:00,ok,True
PA,2023,10,available,RDPA2310.dbc,/dissemin/publicos/SIHSUS/200801_/Dados,3018415.0,,2026-09-16T23:30:28.236451+00:00,ok,True
PA,2023,11,available,RDPA2311.dbc,/dissemin/publicos/SIHSUS/200801_/Dados,3000404.0,,2026-09-16T23:30:28.236451+00:00,ok,True
PA,2023,12,available,RDPA2312.dbc,/dissemin/publicos/SIHSUS/200801_/Dados,3006701.0,,2026-09-16T23:30:28.236451+00:00,ok,True
PB,2023,1,available,RDPB2301.dbc,/dissemin/publicos/SIHSUS/200801_/Dados,1231418.0,,2026-09-16T23:30:28.236451+00:00,ok,True
PB,2023,2,available,RDPB2302.dbc,/dissemin/publicos/SIHSUS/200801_/Dados,1324851.0,,2026-09-16T23:30:28.236451+00:00,ok,True
PB,2023,3,available,RDPB2303.dbc,/dissemin/publicos/SIHSUS/200801_/Dados,1415999.0,,2026-09-16T23:30:28.236451+00:00,ok,True
PB,2023,4,available,RDPB2304.dbc,/dissemin/publicos/SIHSUS/200801_/Dados,1402972.0,,2026-09-16T23:30:28.236451+00:00,ok,True
PB,2023,5,available,RDPB2305.dbc,/dissemin/publicos/SIHSUS/200801_/Dados,1431911.0,,2026-09-16T23:30:28.236451+00:00,ok,True
PB,2023,6,available,RDPB2306.dbc,/dissemin/publicos/SIHSUS/200801_/Dados,1329708.0,,2026-09-16T23:30:28.236451+00:00,ok,True
PB,2023,7,available,RDPB2307.dbc,/dissemin/publicos/SIHSUS/200801_/Dados,1492371.0,,2026-09-16T23:30:28.236451+00:00,ok,True
PB,2023,8,available,RDPB2308.dbc,/dissemin/publicos/SIHSUS/200801_/Dados,1510284.0,,2026-09-16T23:30:28.236451+00:00,ok,True
PB,2023,9,available,RDPB2309.dbc,/dissemin/publicos/SIHSUS/200801_/Dados,1475776.0,,2026-09-16T23:30:28.236451+00:00,ok,True
PB,2023,10,available,RDPB2310.dbc,/dissemin/publicos/SIHSUS/200801_/Dados,1463370.0,,2026-09-16T23:30:28.236451+00:00,ok,True
PB,2023,11,available,RDPB2311.dbc,/dissemin/publicos/SIHSUS/200801_/Dados,1424297.0,,2026-09-16T23:30:28.236451+00:00,ok,True
PB,2023,12,available,RDPB2312.dbc,/dissemin/publicos/SIHSUS/200801_/Dados,1395303.0,,2026-09-16T23:30:28.236451+00:00,ok,True
PE,2023,1,available,RDPE2301.dbc,/dissemin/publicos/SIHSUS/200801_/Dados,3588169.0,,2026-09-16T23:30:28.236451+00:00,ok,True
PE,2023,2,available,RDPE2302.dbc,/dissemin/publicos/SIHSUS/200801_/Dados,3390762.0,,2026-09-16T23:30:28.236451+00:00,ok,True
PE,2023,3,available,RDPE2303.dbc,/dissemin/publicos/SIHSUS/200801_/Dados,3894238.0,,2026-09-16T23:30:28.236451+00:00,ok,True
PE,2023,4,available,RDPE2304.dbc,/dissemin/publicos/SIHSUS/200801_/Dados,3566588.0,,2026-09-16T23:30:28.236451+00:00,ok,True
PE,2023,5,available,RDPE2305.dbc,/dissemin/publicos/SIHSUS/200801_/Dados,3869814.0,,2026-09-16T23:30:28.236451+00:00,ok,True
PE,2023,6,available,RDPE2306.dbc,/dissemin/publicos/SIHSUS/200801_/Dados,3771229.0,,2026-09-16T23:30:28.236451+00:00,ok,True
PE,2023,7,available,RDPE2307.dbc,/dissemin/publicos/SIHSUS/200801_/Dados,3902763.0,,2026-09-16T23:30:28.236451+00:00,ok,True
PE,2023,8,available,RDPE2308.dbc,/dissemin/publicos/SIHSUS/200801_/Dados,4077690.0,,2026-09-16T23:30:28.236451+00:00,ok,True
PE,2023,9,available,RDPE2309.dbc,/dissemin/publicos/SIHSUS/200801_/Dados,3633581.0,,2026-09-16T23:30:28.236451+00:00,ok,True
PE,2023,10,available,RDPE2310.dbc,/dissemin/publicos/SIHSUS/200801_/Dados,4081050.0,,2026-09-16T23:30:28.236451+00:00,ok,True
PE,2023,11,available,RDPE2311.dbc,/dissemin/publicos/SIHSUS/200801_/Dados,3790854.0,,2026-09-16T23:30:28.236451+00:00,ok,True
PE,2023,12,available,RDPE2312.dbc,/dissemin/publicos/SIHSUS/200801_/Dados,3801975.0,,2026-09-16T23:30:28.236451+00:00,ok,True
PI,2023,1,available,RDPI2301.dbc,/dissemin/publicos/SIHSUS/200801_/Dados,1294948.0,,2026-09-16T23:30:28.236451+00:00,ok,True
PI,2023,2,available,RDPI2302.dbc,/dissemin/publicos/SIHSUS/200801_/Dados,1263098.0,,2026-09-16T23:30:28.236451+00:00,ok,True
PI,2023,3,available,RDPI2303.dbc,/dissemin/publicos/SIHSUS/200801_/Dados,1396145.0,,2026-09-16T23:30:28.236451+00:00,ok,True
PI,2023,4,available,RDPI2304.dbc,/dissemin/publicos/SIHSUS/200801_/Dados,1309148.0,,2026-09-16T23:30:28.236451+00:00,ok,True
PI,2023,5,available,RDPI2305.dbc,/dissemin/publicos/SIHSUS/200801_/Dados,1404754.0,,2026-09-16T23:30:28.236451+00:00,ok,True
PI,2023,6,available,RDPI2306.dbc,/dissemin/publicos/SIHSUS/200801_/Dados,1428352.0,,2026-09-16T23:30:28.236451+00:00,ok,True
PI,2023,7,available,RDPI2307.dbc,/dissemin/publicos/SIHSUS/200801_/Dados,1384380.0,,2026-09-16T23:30:28.236451+00:00,ok,True
PI,2023,8,available,RDPI2308.dbc,/dissemin/publicos/SIHSUS/200801_/Dados,1398651.0,,2026-09-16T23:30:28.236451+00:00,ok,True
PI,2023,9,available,RDPI2309.dbc,/dissemin/publicos/SIHSUS/200801_/Dados,1455378.0,,2026-09-16T23:30:28.236451+00:00,ok,True
PI,2023,10,available,RDPI2310.dbc,/dissemin/publicos/SIHSUS/200801_/Dados,1395041.0,,2026-09-16T23:30:28.236451+00:00,ok,True
PI,2023,11,available,RDPI2311.dbc,/dissemin/publicos/SIHSUS/200801_/Dados,1375925.0,,2026-09-16T23:30:28.236451+00:00,ok,True
PI,2023,12,available,RDPI2312.dbc,/dissemin/publicos/SIHSUS/200801_/Dados,1317836.0,,2026-09-16T23:30:28.236451+00:00,ok,True
PR,2023,1,available,RDPR2301.dbc,/dissemin/publicos/SIHSUS/200801_/Dados,5685620.0,,2026-09-16T23:30:28.236451+00:00,ok,True
PR,2023,2,available,RDPR2302.dbc,/dissemin/publicos/SIHSUS/200801_/Dados,5679112.0,,2026-09-16T23:30:28.236451+00:00,ok,True
PR,2023,3,available,RDPR2303.dbc,/dissemin/publicos/SIHSUS/200801_/Dados,5976209.0,,2026-09-16T23:30:28.236451+00:00,ok,True
PR,2023,4,available,RDPR2304.dbc,/dissemin/publicos/SIHSUS/200801_/Dados,5813613.0,,2026-09-16T23:30:28.236451+00:00,ok,True
PR,2023,5,available,RDPR2305.dbc,/dissemin/publicos/SIHSUS/200801_/Dados,6036289.0,,2026-09-16T23:30:28.236451+00:00,ok,True
PR,2023,6,available,RDPR2306.dbc,/dissemin/publicos/SIHSUS/200801_/Dados,5962724.0,,2026-09-16T23:30:28.236451+00:00,ok,True
PR,2023,7,available,RDPR2307.dbc,/dissemin/publicos/SIHSUS/200801_/Dados,6005398.0,,2026-09-16T23:30:28.236451+00:00,ok,True
PR,2023,8,available,RDPR2308.dbc,/dissemin/publicos/SIHSUS/200801_/Dados,6385130.0,,2026-09-16T23:30:28.236451+00:00,ok,True
PR,2023,9,available,RDPR2309.dbc,/dissemin/publicos/SIHSUS/200801_/Dados,6199267.0,,2026-09-16T23:30:28.236451+00:00,ok,True
PR,2023,10,available,RDPR2310.dbc,/dissemin/publicos/SIHSUS/200801_/Dados,6111212.0,,2026-09-16T23:30:28.236451+00:00,ok,True
PR,2023,11,available,RDPR2311.dbc,/dissemin/publicos/SIHSUS/200801_/Dados,6062344.0,,2026-09-16T23:30:28.236451+00:00,ok,True
PR,2023,12,available,RDPR2312.dbc,/dissemin/publicos/SIHSUS/200801_/Dados,5975075.0,,2026-09-16T23:30:28.236451+00:00,ok,True
RJ,2023,1,available,RDRJ2301.dbc,/dissemin/publicos/SIHSUS/200801_/Dados,5140333.0,,2026-09-16T23:30:28.236451+00:00,ok,True
RJ,2023,2,available,RDRJ2302.dbc,/dissemin/publicos/SIHSUS/200801_/Dados,4907664.0,,2026-09-16T23:30:28.236451+00:00,ok,True
RJ,2023,3,available,RDRJ2303.dbc,/dissemin/publicos/SIHSUS/200801_/Dados,5669759.0,,2026-09-16T23:30:28.236451+00:00,ok,True
RJ,2023,4,available,RDRJ2304.dbc,/dissemin/publicos/SIHSUS/200801_/Dados,5330196.0,,2026-09-16T23:30:28.236451+00:00,ok,True
RJ,2023,5,available,RDRJ2305.dbc,/dissemin/publicos/SIHSUS/200801_/Dados,5945519.0,,2026-09-16T23:30:28.236451+00:00,ok,True
RJ,2023,6,available,RDRJ2306.dbc,/dissemin/publicos/SIHSUS/200801_/Dados,5800355.0,,2026-09-16T23:30:28.236451+00:00,ok,True
RJ,2023,7,available,RDRJ2307.dbc,/dissemin/publicos/SIHSUS/200801_/Dados,5807459.0,,2026-09-16T23:30:28.236451+00:00,ok,True
RJ,2023,8,available,RDRJ2308.dbc,/dissemin/publicos/SIHSUS/200801_/Dados,5958122.0,,2026-09-16T23:30:28.236451+00:00,ok,True
RJ,2023,9,available,RDRJ2309.dbc,/dissemin/publicos/SIHSUS/200801_/Dados,5891812.0,,2026-09-16T23:30:28.236451+00:00,ok,True
RJ,2023,10,available,RDRJ2310.dbc,/dissemin/publicos/SIHSUS/200801_/Dados,6069329.0,,2026-09-16T23:30:28.236451+00:00,ok,True
RJ,2023,11,available,RDRJ2311.dbc,/dissemin/publicos/SIHSUS/200801_/Dados,5808232.0,,2026-09-16T23:30:28.236451+00:00,ok,True
RJ,2023,12,available,RDRJ2312.dbc,/dissemin/publicos/SIHSUS/200801_/Dados,5784433.0,,2026-09-16T23:30:28.236451+00:00,ok,True
RN,2023,1,available,RDRN2301.dbc,/dissemin/publicos/SIHSUS/200801_/Dados,1142054.0,,2026-09-16T23:30:28.236451+00:00,ok,True
RN,2023,2,available,RDRN2302.dbc,/dissemin/publicos/SIHSUS/200801_/Dados,1059624.0,,2026-09-16T23:30:28.236451+00:00,ok,True
RN,2023,3,available,RDRN2303.dbc,/dissemin/publicos/SIHSUS/200801_/Dados,1230834.0,,2026-09-16T23:30:28.236451+00:00,ok,True
RN,2023,4,available,RDRN2304.dbc,/dissemin/publicos/SIHSUS/200801_/Dados,1191694.0,,2026-09-16T23:30:28.236451+00:00,ok,True
RN,2023,5,available,RDRN2305.dbc,/dissemin/publicos/SIHSUS/200801_/Dados,1262822.0,,2026-09-16T23:30:28.236451+00:00,ok,True
RN,2023,6,available,RDRN2306.dbc,/dissemin/publicos/SIHSUS/200801_/Dados,1359909.0,,2026-09-16T23:30:28.236451+00:00,ok,True
RN,2023,7,available,RDRN2307.dbc,/dissemin/publicos/SIHSUS/200801_/Dados,1299680.0,,2026-09-16T23:30:28.236451+00:00,ok,True
RN,2023,8,available,RDRN2308.dbc,/dissemin/publicos/SIHSUS/200801_/Dados,1346514.0,,2026-09-16T23:30:28.236451+00:00,ok,True
RN,2023,9,available,RDRN2309.dbc,/dissemin/publicos/SIHSUS/200801_/Dados,1321810.0,,2026-09-16T23:30:28.236451+00:00,ok,True
RN,2023,10,available,RDRN2310.dbc,/dissemin/publicos/SIHSUS/200801_/Dados,1352441.0,,2026-09-16T23:30:28.236451+00:00,ok,True
RN,2023,11,available,RDRN2311.dbc,/dissemin/publicos/SIHSUS/200801_/Dados,1208810.0,,2026-09-16T23:30:28.236451+00:00,ok,True
RN,2023,12,available,RDRN2312.dbc,/dissemin/publicos/SIHSUS/200801_/Dados,1277338.0,,2026-09-16T23:30:28.236451+00:00,ok,True
RO,2023,1,available,RDRO2301.dbc,/dissemin/publicos/SIHSUS/200801_/Dados,672872.0,,2026-09-16T23:30:28.236451+00:00,ok,True
RO,2023,2,available,RDRO2302.dbc,/dissemin/publicos/SIHSUS/200801_/Dados,653142.0,,2026-09-16T23:30:28.236451+00:00,ok,True
RO,2023,3,available,RDRO2303.dbc,/dissemin/publicos/SIHSUS/200801_/Dados,762418.0,,2026-09-16T23:30:28.236451+00:00,ok,True
RO,2023,4,available,RDRO2304.dbc,/dissemin/publicos/SIHSUS/200801_/Dados,754378.0,,2026-09-16T23:30:28.236451+00:00,ok,True
RO,2023,5,available,RDRO2305.dbc,/dissemin/publicos/SIHSUS/200801_/Dados,835582.0,,2026-09-16T23:30:28.236451+00:00,ok,True
RO,2023,6,available,RDRO2306.dbc,/dissemin/publicos/SIHSUS/200801_/Dados,756839.0,,2026-09-16T23:30:28.236451+00:00,ok,True
RO,2023,7,available,RDRO2307.dbc,/dissemin/publicos/SIHSUS/200801_/Dados,797662.0,,2026-09-16T23:30:28.236451+00:00,ok,True
RO,2023,8,available,RDRO2308.dbc,/dissemin/publicos/SIHSUS/200801_/Dados,801531.0,,2026-09-16T23:30:28.236451+00:00,ok,True
RO,2023,9,available,RDRO2309.dbc,/dissemin/publicos/SIHSUS/200801_/Dados,783541.0,,2026-09-16T23:30:28.236451+00:00,ok,True
RO,2023,10,available,RDRO2310.dbc,/dissemin/publicos/SIHSUS/200801_/Dados,764723.0,,2026-09-16T23:30:28.236451+00:00,ok,True
RO,2023,11,available,RDRO2311.dbc,/dissemin/publicos/SIHSUS/200801_/Dados,796193.0,,2026-09-16T23:30:28.236451+00:00,ok,True
RO,2023,12,available,RDRO2312.dbc,/dissemin/publicos/SIHSUS/200801_/Dados,657604.0,,2026-09-16T23:30:28.236451+00:00,ok,True
RR,2023,1,available,RDRR2301.dbc,/dissemin/publicos/SIHSUS/200801_/Dados,349244.0,,2026-09-16T23:30:28.236451+00:00,ok,True
RR,2023,2,available,RDRR2302.dbc,/dissemin/publicos/SIHSUS/200801_/Dados,297649.0,,2026-09-16T23:30:28.236451+00:00,ok,True
RR,2023,3,available,RDRR2303.dbc,/dissemin/publicos/SIHSUS/200801_/Dados,338974.0,,2026-09-16T23:30:28.236451+00:00,ok,True
RR,2023,4,available,RDRR2304.dbc,/dissemin/publicos/SIHSUS/200801_/Dados,334342.0,,2026-09-16T23:30:28.236451+00:00,ok,True
RR,2023,5,available,RDRR2305.dbc,/dissemin/publicos/SIHSUS/200801_/Dados,295832.0,,2026-09-16T23:30:28.236451+00:00,ok,True
RR,2023,6,available,RDRR2306.dbc,/dissemin/publicos/SIHSUS/200801_/Dados,292318.0,,2026-09-16T23:30:28.236451+00:00,ok,True
RR,2023,7,available,RDRR2307.dbc,/dissemin/publicos/SIHSUS/200801_/Dados,321728.0,,2026-09-16T23:30:28.236451+00:00,ok,True
RR,2023,8,available,RDRR2308.dbc,/dissemin/publicos/SIHSUS/200801_/Dados,347846.0,,2026-09-16T23:30:28.236451+00:00,ok,True
RR,2023,9,available,RDRR2309.dbc,/dissemin/publicos/SIHSUS/200801_/Dados,119285.0,,2026-09-16T23:30:28.236451+00:00,ok,True
RR,2023,10,available,RDRR2310.dbc,/dissemin/publicos/SIHSUS/200801_/Dados,166954.0,,2026-09-16T23:30:28.236451+00:00,ok,True
RR,2023,11,available,RDRR2311.dbc,/dissemin/publicos/SIHSUS/200801_/Dados,275988.0,,2026-09-16T23:30:28.236451+00:00,ok,True
RR,2023,12,available,RDRR2312.dbc,/dissemin/publicos/SIHSUS/200801_/Dados,259816.0,,2026-09-16T23:30:28.236451+00:00,ok,True
RS,2023,1,available,RDRS2301.dbc,/dissemin/publicos/SIHSUS/200801_/Dados,5052069.0,,2026-09-16T23:30:28.236451+00:00,ok,True
RS,2023,2,available,RDRS2302.dbc,/dissemin/publicos/SIHSUS/200801_/Dados,4660329.0,,2026-09-16T23:30:28.236451+00:00,ok,True
RS,2023,3,available,RDRS2303.dbc,/dissemin/publicos/SIHSUS/200801_/Dados,5132685.0,,2026-09-16T23:30:28.236451+00:00,ok,True
RS,2023,4,available,RDRS2304.dbc,/dissemin/publicos/SIHSUS/200801_/Dados,5094637.0,,2026-09-16T23:30:28.236451+00:00,ok,True
RS,2023,5,available,RDRS2305.dbc,/dissemin/publicos/SIHSUS/200801_/Dados,5262456.0,,2026-09-16T23:30:28.236451+00:00,ok,True
RS,2023,6,available,RDRS2306.dbc,/dissemin/publicos/SIHSUS/200801_/Dados,5172419.0,,2026-09-16T23:30:28.236451+00:00,ok,True
RS,2023,7,available,RDRS2307.dbc,/dissemin/publicos/SIHSUS/200801_/Dados,5374193.0,,2026-09-16T23:30:28.236451+00:00,ok,True
RS,2023,8,available,RDRS2308.dbc,/dissemin/publicos/SIHSUS/200801_/Dados,5458708.0,,2026-09-16T23:30:28.236451+00:00,ok,True
RS,2023,9,available,RDRS2309.dbc,/dissemin/publicos/SIHSUS/200801_/Dados,5167272.0,,2026-09-16T23:30:28.236451+00:00,ok,True
RS,2023,10,available,RDRS2310.dbc,/dissemin/publicos/SIHSUS/200801_/Dados,5314947.0,,2026-09-16T23:30:28.236451+00:00,ok,True
RS,2023,11,available,RDRS2311.dbc,/dissemin/publicos/SIHSUS/200801_/Dados,5252595.0,,2026-09-16T23:30:28.236451+00:00,ok,True
RS,2023,12,available,RDRS2312.dbc,/dissemin/publicos/SIHSUS/200801_/Dados,5118483.0,,2026-09-16T23:30:28.236451+00:00,ok,True
SC,2023,1,available,RDSC2301.dbc,/dissemin/publicos/SIHSUS/200801_/Dados,3452711.0,,2026-09-16T23:30:28.236451+00:00,ok,True
SC,2023,2,available,RDSC2302.dbc,/dissemin/publicos/SIHSUS/200801_/Dados,3629735.0,,2026-09-16T23:30:28.236451+00:00,ok,True
SC,2023,3,available,RDSC2303.dbc,/dissemin/publicos/SIHSUS/200801_/Dados,3710351.0,,2026-09-16T23:30:28.236451+00:00,ok,True
SC,2023,4,available,RDSC2304.dbc,/dissemin/publicos/SIHSUS/200801_/Dados,3617327.0,,2026-09-16T23:30:28.236451+00:00,ok,True
SC,2023,5,available,RDSC2305.dbc,/dissemin/publicos/SIHSUS/200801_/Dados,3910986.0,,2026-09-16T23:30:28.236451+00:00,ok,True
SC,2023,6,available,RDSC2306.dbc,/dissemin/publicos/SIHSUS/200801_/Dados,3775200.0,,2026-09-16T23:30:28.236451+00:00,ok,True
SC,2023,7,available,RDSC2307.dbc,/dissemin/publicos/SIHSUS/200801_/Dados,3749513.0,,2026-09-16T23:30:28.236451+00:00,ok,True
SC,2023,8,available,RDSC2308.dbc,/dissemin/publicos/SIHSUS/200801_/Dados,3868513.0,,2026-09-16T23:30:28.236451+00:00,ok,True
SC,2023,9,available,RDSC2309.dbc,/dissemin/publicos/SIHSUS/200801_/Dados,3876552.0,,2026-09-16T23:30:28.236451+00:00,ok,True
SC,2023,10,available,RDSC2310.dbc,/dissemin/publicos/SIHSUS/200801_/Dados,3774469.0,,2026-09-16T23:30:28.236451+00:00,ok,True
SC,2023,11,available,RDSC2311.dbc,/dissemin/publicos/SIHSUS/200801_/Dados,3803846.0,,2026-09-16T23:30:28.236451+00:00,ok,True
SC,2023,12,available,RDSC2312.dbc,/dissemin/publicos/SIHSUS/200801_/Dados,3564807.0,,2026-09-16T23:30:28.236451+00:00,ok,True
SE,2023,1,available,RDSE2301.dbc,/dissemin/publicos/SIHSUS/200801_/Dados,703181.0,,2026-09-16T23:30:28.236451+00:00,ok,True
SE,2023,2,available,RDSE2302.dbc,/dissemin/publicos/SIHSUS/200801_/Dados,616625.0,,2026-09-16T23:30:28.236451+00:00,ok,True
SE,2023,3,available,RDSE2303.dbc,/dissemin/publicos/SIHSUS/200801_/Dados,717337.0,,2026-09-16T23:30:28.236451+00:00,ok,True
SE,2023,4,available,RDSE2304.dbc,/dissemin/publicos/SIHSUS/200801_/Dados,644719.0,,2026-09-16T23:30:28.236451+00:00,ok,True
SE,2023,5,available,RDSE2305.dbc,/dissemin/publicos/SIHSUS/200801_/Dados,720888.0,,2026-09-16T23:30:28.236451+00:00,ok,True
SE,2023,6,available,RDSE2306.dbc,/dissemin/publicos/SIHSUS/200801_/Dados,674496.0,,2026-09-16T23:30:28.236451+00:00,ok,True
SE,2023,7,available,RDSE2307.dbc,/dissemin/publicos/SIHSUS/200801_/Dados,753676.0,,2026-09-16T23:30:28.236451+00:00,ok,True
SE,2023,8,available,RDSE2308.dbc,/dissemin/publicos/SIHSUS/200801_/Dados,747116.0,,2026-09-16T23:30:28.236451+00:00,ok,True
SE,2023,9,available,RDSE2309.dbc,/dissemin/publicos/SIHSUS/200801_/Dados,739020.0,,2026-09-16T23:30:28.236451+00:00,ok,True
SE,2023,10,available,RDSE2310.dbc,/dissemin/publicos/SIHSUS/200801_/Dados,771990.0,,2026-09-16T23:30:28.236451+00:00,ok,True
SE,2023,11,available,RDSE2311.dbc,/dissemin/publicos/SIHSUS/200801_/Dados,737702.0,,2026-09-16T23:30:28.236451+00:00,ok,True
SE,2023,12,available,RDSE2312.dbc,/dissemin/publicos/SIHSUS/200801_/Dados,722444.0,,2026-09-16T23:30:28.236451+00:00,ok,True
SP,2023,1,available,RDSP2301.dbc,/dissemin/publicos/SIHSUS/200801_/Dados,16427028.0,,2026-09-16T23:30:28.236451+00:00,ok,True
SP,2023,2,available,RDSP2302.dbc,/dissemin/publicos/SIHSUS/200801_/Dados,15806933.0,,2026-09-16T23:30:28.236451+00:00,ok,True
SP,2023,3,available,RDSP2303.dbc,/dissemin/publicos/SIHSUS/200801_/Dados,18077745.0,,2026-09-16T23:30:28.236451+00:00,ok,True
SP,2023,4,available,RDSP2304.dbc,/dissemin/publicos/SIHSUS/200801_/Dados,17105401.0,,2026-09-16T23:30:28.236451+00:00,ok,True
SP,2023,5,available,RDSP2305.dbc,/dissemin/publicos/SIHSUS/200801_/Dados,17739989.0,,2026-09-16T23:30:28.236451+00:00,ok,True
SP,2023,6,available,RDSP2306.dbc,/dissemin/publicos/SIHSUS/200801_/Dados,18001348.0,,2026-09-16T23:30:28.236451+00:00,ok,True
SP,2023,7,available,RDSP2307.dbc,/dissemin/publicos/SIHSUS/200801_/Dados,17658532.0,,2026-09-16T23:30:28.236451+00:00,ok,True
SP,2023,8,available,RDSP2308.dbc,/dissemin/publicos/SIHSUS/200801_/Dados,18583060.0,,2026-09-16T23:30:28.236451+00:00,ok,True
SP,2023,9,available,RDSP2309.dbc,/dissemin/publicos/SIHSUS/200801_/Dados,17539497.0,,2026-09-16T23:30:28.236451+00:00,ok,True
SP,2023,10,available,RDSP2310.dbc,/dissemin/publicos/SIHSUS/200801_/Dados,17545366.0,,2026-09-16T23:30:28.236451+00:00,ok,True
SP,2023,11,available,RDSP2311.dbc,/dissemin/publicos/SIHSUS/200801_/Dados,17072125.0,,2026-09-16T23:30:28.236451+00:00,ok,True
SP,2023,12,available,RDSP2312.dbc,/dissemin/publicos/SIHSUS/200801_/Dados,16963311.0,,2026-09-16T23:30:28.236451+00:00,ok,True
TO,2023,1,available,RDTO2301.dbc,/dissemin/publicos/SIHSUS/200801_/Dados,583649.0,,2026-09-16T23:30:28.236451+00:00,ok,True
TO,2023,2,available,RDTO2302.dbc,/dissemin/publicos/SIHSUS/200801_/Dados,570862.0,,2026-09-16T23:30:28.236451+00:00,ok,True
TO,2023,3,available,RDTO2303.dbc,/dissemin/publicos/SIHSUS/200801_/Dados,570442.0,,2026-09-16T23:30:28.236451+00:00,ok,True
TO,2023,4,available,RDTO2304.dbc,/dissemin/publicos/SIHSUS/200801_/Dados,651162.0,,2026-09-16T23:30:28.236451+00:00,ok,True
TO,2023,5,available,RDTO2305.dbc,/dissemin/publicos/SIHSUS/200801_/Dados,723474.0,,2026-09-16T23:30:28.236451+00:00,ok,True
TO,2023,6,available,RDTO2306.dbc,/dissemin/publicos/SIHSUS/200801_/Dados,599758.0,,2026-09-16T23:30:28.236451+00:00,ok,True
TO,2023,7,available,RDTO2307.dbc,/dissemin/publicos/SIHSUS/200801_/Dados,578095.0,,2026-09-16T23:30:28.236451+00:00,ok,True
TO,2023,8,available,RDTO2308.dbc,/dissemin/publicos/SIHSUS/200801_/Dados,612666.0,,2026-09-16T23:30:28.236451+00:00,ok,True
TO,2023,9,available,RDTO2309.dbc,/dissemin/publicos/SIHSUS/200801_/Dados,616993.0,,2026-09-16T23:30:28.236451+00:00,ok,True
TO,2023,10,available,RDTO2310.dbc,/dissemin/publicos/SIHSUS/200801_/Dados,610158.0,,2026-09-16T23:30:28.236451+00:00,ok,True
TO,2023,11,available,RDTO2311.dbc,/dissemin/publicos/SIHSUS/200801_/Dados,560654.0,,2026-09-16T23:30:28.236451+00:00,ok,True
TO,2023,12,available,RDTO2312.dbc,/dissemin/publicos/SIHSUS/200801_/Dados,649550.0,,2026-09-16T23:30:28.236451+00:00,ok,True
AC,2024,1,available,RDAC2401.dbc,/dissemin/publicos/SIHSUS/200801_/Dados,313213.0,,2026-09-16T23:30:28.236451+00:00,ok,True
AC,2024,2,available,RDAC2402.dbc,/dissemin/publicos/SIHSUS/200801_/Dados,316988.0,,2026-09-16T23:30:28.236451+00:00,ok,True
AC,2024,3,available,RDAC2403.dbc,/dissemin/publicos/SIHSUS/200801_/Dados,321304.0,,2026-09-16T23:30:28.236451+00:00,ok,True
AC,2024,4,available,RDAC2404.dbc,/dissemin/publicos/SIHSUS/200801_/Dados,369651.0,,2026-09-16T23:30:28.236451+00:00,ok,True
AC,2024,5,available,RDAC2405.dbc,/dissemin/publicos/SIHSUS/200801_/Dados,362821.0,,2026-09-16T23:30:28.236451+00:00,ok,True
AC,2024,6,available,RDAC2406.dbc,/dissemin/publicos/SIHSUS/200801_/Dados,334783.0,,2026-09-16T23:30:28.236451+00:00,ok,True
AC,2024,7,available,RDAC2407.dbc,/dissemin/publicos/SIHSUS/200801_/Dados,423121.0,,2026-09-16T23:30:28.236451+00:00,ok,True
AC,2024,8,available,RDAC2408.dbc,/dissemin/publicos/SIHSUS/200801_/Dados,346250.0,,2026-09-16T23:30:28.236451+00:00,ok,True
AC,2024,9,available,RDAC2409.dbc,/dissemin/publicos/SIHSUS/200801_/Dados,353421.0,,2026-09-16T23:30:28.236451+00:00,ok,True
AC,2024,10,available,RDAC2410.dbc,/dissemin/publicos/SIHSUS/200801_/Dados,348885.0,,2026-09-16T23:30:28.236451+00:00,ok,True
AC,2024,11,available,RDAC2411.dbc,/dissemin/publicos/SIHSUS/200801_/Dados,360713.0,,2026-09-16T23:30:28.236451+00:00,ok,True
AC,2024,12,available,RDAC2412.dbc,/dissemin/publicos/SIHSUS/200801_/Dados,276626.0,,2026-09-16T23:30:28.236451+00:00,ok,True
AL,2024,1,available,RDAL2401.dbc,/dissemin/publicos/SIHSUS/200801_/Dados,1001024.0,,2026-09-16T23:30:28.236451+00:00,ok,True
AL,2024,2,available,RDAL2402.dbc,/dissemin/publicos/SIHSUS/200801_/Dados,952749.0,,2026-09-16T23:30:28.236451+00:00,ok,True
AL,2024,3,available,RDAL2403.dbc,/dissemin/publicos/SIHSUS/200801_/Dados,1052383.0,,2026-09-16T23:30:28.236451+00:00,ok,True
AL,2024,4,available,RDAL2404.dbc,/dissemin/publicos/SIHSUS/200801_/Dados,1077468.0,,2026-09-16T23:30:28.236451+00:00,ok,True
AL,2024,5,available,RDAL2405.dbc,/dissemin/publicos/SIHSUS/200801_/Dados,1087312.0,,2026-09-16T23:30:28.236451+00:00,ok,True
AL,2024,6,available,RDAL2406.dbc,/dissemin/publicos/SIHSUS/200801_/Dados,1109307.0,,2026-09-16T23:30:28.236451+00:00,ok,True
AL,2024,7,available,RDAL2407.dbc,/dissemin/publicos/SIHSUS/200801_/Dados,1114063.0,,2026-09-16T23:30:28.236451+00:00,ok,True
AL,2024,8,available,RDAL2408.dbc,/dissemin/publicos/SIHSUS/200801_/Dados,1106167.0,,2026-09-16T23:30:28.236451+00:00,ok,True
AL,2024,9,available,RDAL2409.dbc,/dissemin/publicos/SIHSUS/200801_/Dados,1075022.0,,2026-09-16T23:30:28.236451+00:00,ok,True
AL,2024,10,available,RDAL2410.dbc,/dissemin/publicos/SIHSUS/200801_/Dados,1095533.0,,2026-09-16T23:30:28.236451+00:00,ok,True
AL,2024,11,available,RDAL2411.dbc,/dissemin/publicos/SIHSUS/200801_/Dados,996388.0,,2026-09-16T23:30:28.236451+00:00,ok,True
AL,2024,12,available,RDAL2412.dbc,/dissemin/publicos/SIHSUS/200801_/Dados,1005587.0,,2026-09-16T23:30:28.236451+00:00,ok,True
AM,2024,1,available,RDAM2401.dbc,/dissemin/publicos/SIHSUS/200801_/Dados,1077340.0,,2026-09-16T23:30:28.236451+00:00,ok,True
AM,2024,2,available,RDAM2402.dbc,/dissemin/publicos/SIHSUS/200801_/Dados,1244792.0,,2026-09-16T23:30:28.236451+00:00,ok,True
AM,2024,3,available,RDAM2403.dbc,/dissemin/publicos/SIHSUS/200801_/Dados,1341110.0,,2026-09-16T23:30:28.236451+00:00,ok,True
AM,2024,4,available,RDAM2404.dbc,/dissemin/publicos/SIHSUS/200801_/Dados,1352730.0,,2026-09-16T23:30:28.236451+00:00,ok,True
AM,2024,5,available,RDAM2405.dbc,/dissemin/publicos/SIHSUS/200801_/Dados,1411982.0,,2026-09-16T23:30:28.236451+00:00,ok,True
AM,2024,6,available,RDAM2406.dbc,/dissemin/publicos/SIHSUS/200801_/Dados,1308336.0,,2026-09-16T23:30:28.236451+00:00,ok,True
AM,2024,7,available,RDAM2407.dbc,/dissemin/publicos/SIHSUS/200801_/Dados,1327483.0,,2026-09-16T23:30:28.236451+00:00,ok,True
AM,2024,8,available,RDAM2408.dbc,/dissemin/publicos/SIHSUS/200801_/Dados,1292304.0,,2026-09-16T23:30:28.236451+00:00,ok,True
AM,2024,9,available,RDAM2409.dbc,/dissemin/publicos/SIHSUS/200801_/Dados,1369731.0,,2026-09-16T23:30:28.236451+00:00,ok,True
AM,2024,10,available,RDAM2410.dbc,/dissemin/publicos/SIHSUS/200801_/Dados,1391000.0,,2026-09-16T23:30:28.236451+00:00,ok,True
AM,2024,11,available,RDAM2411.dbc,/dissemin/publicos/SIHSUS/200801_/Dados,1272179.0,,2026-09-16T23:30:28.236451+00:00,ok,True
AM,2024,12,available,RDAM2412.dbc,/dissemin/publicos/SIHSUS/200801_/Dados,1164822.0,,2026-09-16T23:30:28.236451+00:00,ok,True
AP,2024,1,available,RDAP2401.dbc,/dissemin/publicos/SIHSUS/200801_/Dados,313194.0,,2026-09-16T23:30:28.236451+00:00,ok,True
AP,2024,2,available,RDAP2402.dbc,/dissemin/publicos/SIHSUS/200801_/Dados,294645.0,,2026-09-16T23:30:28.236451+00:00,ok,True
AP,2024,3,available,RDAP2403.dbc,/dissemin/publicos/SIHSUS/200801_/Dados,301316.0,,2026-09-16T23:30:28.236451+00:00,ok,True
AP,2024,4,available,RDAP2404.dbc,/dissemin/publicos/SIHSUS/200801_/Dados,291066.0,,2026-09-16T23:30:28.236451+00:00,ok,True
AP,2024,5,available,RDAP2405.dbc,/dissemin/publicos/SIHSUS/200801_/Dados,310278.0,,2026-09-16T23:30:28.236451+00:00,ok,True
AP,2024,6,available,RDAP2406.dbc,/dissemin/publicos/SIHSUS/200801_/Dados,306410.0,,2026-09-16T23:30:28.236451+00:00,ok,True
AP,2024,7,available,RDAP2407.dbc,/dissemin/publicos/SIHSUS/200801_/Dados,325869.0,,2026-09-16T23:30:28.236451+00:00,ok,True
AP,2024,8,available,RDAP2408.dbc,/dissemin/publicos/SIHSUS/200801_/Dados,321792.0,,2026-09-16T23:30:28.236451+00:00,ok,True
AP,2024,9,available,RDAP2409.dbc,/dissemin/publicos/SIHSUS/200801_/Dados,342262.0,,2026-09-16T23:30:28.236451+00:00,ok,True
AP,2024,10,available,RDAP2410.dbc,/dissemin/publicos/SIHSUS/200801_/Dados,351267.0,,2026-09-16T23:30:28.236451+00:00,ok,True
AP,2024,11,available,RDAP2411.dbc,/dissemin/publicos/SIHSUS/200801_/Dados,328138.0,,2026-09-16T23:30:28.236451+00:00,ok,True
AP,2024,12,available,RDAP2412.dbc,/dissemin/publicos/SIHSUS/200801_/Dados,293491.0,,2026-09-16T23:30:28.236451+00:00,ok,True
BA,2024,1,available,RDBA2401.dbc,/dissemin/publicos/SIHSUS/200801_/Dados,5290623.0,,2026-09-16T23:30:28.236451+00:00,ok,True
BA,2024,2,available,RDBA2402.dbc,/dissemin/publicos/SIHSUS/200801_/Dados,5297006.0,,2026-09-16T23:30:28.236451+00:00,ok,True
BA,2024,3,available,RDBA2403.dbc,/dissemin/publicos/SIHSUS/200801_/Dados,5691189.0,,2026-09-16T23:30:28.236451+00:00,ok,True
BA,2024,4,available,RDBA2404.dbc,/dissemin/publicos/SIHSUS/200801_/Dados,6008491.0,,2026-09-16T23:30:28.236451+00:00,ok,True
BA,2024,5,available,RDBA2405.dbc,/dissemin/publicos/SIHSUS/200801_/Dados,5909690.0,,2026-09-16T23:30:28.236451+00:00,ok,True
BA,2024,6,available,RDBA2406.dbc,/dissemin/publicos/SIHSUS/200801_/Dados,5443527.0,,2026-09-16T23:30:28.236451+00:00,ok,True
BA,2024,7,available,RDBA2407.dbc,/dissemin/publicos/SIHSUS/200801_/Dados,6032841.0,,2026-09-16T23:30:28.236451+00:00,ok,True
BA,2024,8,available,RDBA2408.dbc,/dissemin/publicos/SIHSUS/200801_/Dados,6058359.0,,2026-09-16T23:30:28.236451+00:00,ok,True
BA,2024,9,available,RDBA2409.dbc,/dissemin/publicos/SIHSUS/200801_/Dados,5801443.0,,2026-09-16T23:30:28.236451+00:00,ok,True
BA,2024,10,available,RDBA2410.dbc,/dissemin/publicos/SIHSUS/200801_/Dados,5902399.0,,2026-09-16T23:30:28.236451+00:00,ok,True
BA,2024,11,available,RDBA2411.dbc,/dissemin/publicos/SIHSUS/200801_/Dados,5727832.0,,2026-09-16T23:30:28.236451+00:00,ok,True
BA,2024,12,available,RDBA2412.dbc,/dissemin/publicos/SIHSUS/200801_/Dados,5333094.0,,2026-09-16T23:30:28.236451+00:00,ok,True
CE,2024,1,available,RDCE2401.dbc,/dissemin/publicos/SIHSUS/200801_/Dados,3414473.0,,2026-09-16T23:30:28.236451+00:00,ok,True
CE,2024,2,available,RDCE2402.dbc,/dissemin/publicos/SIHSUS/200801_/Dados,3260776.0,,2026-09-16T23:30:28.236451+00:00,ok,True
CE,2024,3,available,RDCE2403.dbc,/dissemin/publicos/SIHSUS/200801_/Dados,3453616.0,,2026-09-16T23:30:28.236451+00:00,ok,True
CE,2024,4,available,RDCE2404.dbc,/dissemin/publicos/SIHSUS/200801_/Dados,3806690.0,,2026-09-16T23:30:28.236451+00:00,ok,True
CE,2024,5,available,RDCE2405.dbc,/dissemin/publicos/SIHSUS/200801_/Dados,3705619.0,,2026-09-16T23:30:28.236451+00:00,ok,True
CE,2024,6,available,RDCE2406.dbc,/dissemin/publicos/SIHSUS/200801_/Dados,3679139.0,,2026-09-16T23:30:28.236451+00:00,ok,True
CE,2024,7,available,RDCE2407.dbc,/dissemin/publicos/SIHSUS/200801_/Dados,3759635.0,,2026-09-16T23:30:28.236451+00:00,ok,True
CE,2024,8,available,RDCE2408.dbc,/dissemin/publicos/SIHSUS/200801_/Dados,3763218.0,,2026-09-16T23:30:28.236451+00:00,ok,True
CE,2024,9,available,RDCE2409.dbc,/dissemin/publicos/SIHSUS/200801_/Dados,3653653.0,,2026-09-16T23:30:28.236451+00:00,ok,True
CE,2024,10,available,RDCE2410.dbc,/dissemin/publicos/SIHSUS/200801_/Dados,3620323.0,,2026-09-16T23:30:28.236451+00:00,ok,True
CE,2024,11,available,RDCE2411.dbc,/dissemin/publicos/SIHSUS/200801_/Dados,3430034.0,,2026-09-16T23:30:28.236451+00:00,ok,True
CE,2024,12,available,RDCE2412.dbc,/dissemin/publicos/SIHSUS/200801_/Dados,3291966.0,,2026-09-16T23:30:28.236451+00:00,ok,True
DF,2024,1,available,RDDF2401.dbc,/dissemin/publicos/SIHSUS/200801_/Dados,1580978.0,,2026-09-16T23:30:28.236451+00:00,ok,True
DF,2024,2,available,RDDF2402.dbc,/dissemin/publicos/SIHSUS/200801_/Dados,1587995.0,,2026-09-16T23:30:28.236451+00:00,ok,True
DF,2024,3,available,RDDF2403.dbc,/dissemin/publicos/SIHSUS/200801_/Dados,1708126.0,,2026-09-16T23:30:28.236451+00:00,ok,True
DF,2024,4,available,RDDF2404.dbc,/dissemin/publicos/SIHSUS/200801_/Dados,1747501.0,,2026-09-16T23:30:28.236451+00:00,ok,True
DF,2024,5,available,RDDF2405.dbc,/dissemin/publicos/SIHSUS/200801_/Dados,1694052.0,,2026-09-16T23:30:28.236451+00:00,ok,True
DF,2024,6,available,RDDF2406.dbc,/dissemin/publicos/SIHSUS/200801_/Dados,1643985.0,,2026-09-16T23:30:28.236451+00:00,ok,True
DF,2024,7,available,RDDF2407.dbc,/dissemin/publicos/SIHSUS/200801_/Dados,1696887.0,,2026-09-16T23:30:28.236451+00:00,ok,True
DF,2024,8,available,RDDF2408.dbc,/dissemin/publicos/SIHSUS/200801_/Dados,1690674.0,,2026-09-16T23:30:28.236451+00:00,ok,True
DF,2024,9,available,RDDF2409.dbc,/dissemin/publicos/SIHSUS/200801_/Dados,1556797.0,,2026-09-16T23:30:28.236451+00:00,ok,True
DF,2024,10,available,RDDF2410.dbc,/dissemin/publicos/SIHSUS/200801_/Dados,1618337.0,,2026-09-16T23:30:28.236451+00:00,ok,True
DF,2024,11,available,RDDF2411.dbc,/dissemin/publicos/SIHSUS/200801_/Dados,1578339.0,,2026-09-16T23:30:28.236451+00:00,ok,True
DF,2024,12,available,RDDF2412.dbc,/dissemin/publicos/SIHSUS/200801_/Dados,1489086.0,,2026-09-16T23:30:28.236451+00:00,ok,True
ES,2024,1,available,RDES2401.dbc,/dissemin/publicos/SIHSUS/200801_/Dados,1766641.0,,2026-09-16T23:30:28.236451+00:00,ok,True
ES,2024,2,available,RDES2402.dbc,/dissemin/publicos/SIHSUS/200801_/Dados,1736230.0,,2026-09-16T23:30:28.236451+00:00,ok,True
ES,2024,3,available,RDES2403.dbc,/dissemin/publicos/SIHSUS/200801_/Dados,1986141.0,,2026-09-16T23:30:28.236451+00:00,ok,True
ES,2024,4,available,RDES2404.dbc,/dissemin/publicos/SIHSUS/200801_/Dados,2056268.0,,2026-09-16T23:30:28.236451+00:00,ok,True
ES,2024,5,available,RDES2405.dbc,/dissemin/publicos/SIHSUS/200801_/Dados,1976784.0,,2026-09-16T23:30:28.236451+00:00,ok,True
ES,2024,6,available,RDES2406.dbc,/dissemin/publicos/SIHSUS/200801_/Dados,1999390.0,,2026-09-16T23:30:28.236451+00:00,ok,True
ES,2024,7,available,RDES2407.dbc,/dissemin/publicos/SIHSUS/200801_/Dados,2051555.0,,2026-09-16T23:30:28.236451+00:00,ok,True
ES,2024,8,available,RDES2408.dbc,/dissemin/publicos/SIHSUS/200801_/Dados,1984648.0,,2026-09-16T23:30:28.236451+00:00,ok,True
ES,2024,9,available,RDES2409.dbc,/dissemin/publicos/SIHSUS/200801_/Dados,2017300.0,,2026-09-16T23:30:28.236451+00:00,ok,True
ES,2024,10,available,RDES2410.dbc,/dissemin/publicos/SIHSUS/200801_/Dados,2148653.0,,2026-09-16T23:30:28.236451+00:00,ok,True
ES,2024,11,available,RDES2411.dbc,/dissemin/publicos/SIHSUS/200801_/Dados,1932442.0,,2026-09-16T23:30:28.236451+00:00,ok,True
ES,2024,12,available,RDES2412.dbc,/dissemin/publicos/SIHSUS/200801_/Dados,1977091.0,,2026-09-16T23:30:28.236451+00:00,ok,True
GO,2024,1,available,RDGO2401.dbc,/dissemin/publicos/SIHSUS/200801_/Dados,2560255.0,,2026-09-16T23:30:28.236451+00:00,ok,True
GO,2024,2,available,RDGO2402.dbc,/dissemin/publicos/SIHSUS/200801_/Dados,2545429.0,,2026-09-16T23:30:28.236451+00:00,ok,True
GO,2024,3,available,RDGO2403.dbc,/dissemin/publicos/SIHSUS/200801_/Dados,2876905.0,,2026-09-16T23:30:28.236451+00:00,ok,True
GO,2024,4,available,RDGO2404.dbc,/dissemin/publicos/SIHSUS/200801_/Dados,2928017.0,,2026-09-16T23:30:28.236451+00:00,ok,True
GO,2024,5,available,RDGO2405.dbc,/dissemin/publicos/SIHSUS/200801_/Dados,2915128.0,,2026-09-16T23:30:28.236451+00:00,ok,True
GO,2024,6,available,RDGO2406.dbc,/dissemin/publicos/SIHSUS/200801_/Dados,2750499.0,,2026-09-16T23:30:28.236451+00:00,ok,True
GO,2024,7,available,RDGO2407.dbc,/dissemin/publicos/SIHSUS/200801_/Dados,2902340.0,,2026-09-16T23:30:28.236451+00:00,ok,True
GO,2024,8,available,RDGO2408.dbc,/dissemin/publicos/SIHSUS/200801_/Dados,2831733.0,,2026-09-16T23:30:28.236451+00:00,ok,True
GO,2024,9,available,RDGO2409.dbc,/dissemin/publicos/SIHSUS/200801_/Dados,2793720.0,,2026-09-16T23:30:28.236451+00:00,ok,True
GO,2024,10,available,RDGO2410.dbc,/dissemin/publicos/SIHSUS/200801_/Dados,2811891.0,,2026-09-16T23:30:28.236451+00:00,ok,True
GO,2024,11,available,RDGO2411.dbc,/dissemin/publicos/SIHSUS/200801_/Dados,2576835.0,,2026-09-16T23:30:28.236451+00:00,ok,True
GO,2024,12,available,RDGO2412.dbc,/dissemin/publicos/SIHSUS/200801_/Dados,2712380.0,,2026-09-16T23:30:28.236451+00:00,ok,True
MA,2024,1,available,RDMA2401.dbc,/dissemin/publicos/SIHSUS/200801_/Dados,2739562.0,,2026-09-16T23:30:28.236451+00:00,ok,True
MA,2024,2,available,RDMA2402.dbc,/dissemin/publicos/SIHSUS/200801_/Dados,2605914.0,,2026-09-16T23:30:28.236451+00:00,ok,True
MA,2024,3,available,RDMA2403.dbc,/dissemin/publicos/SIHSUS/200801_/Dados,2877254.0,,2026-09-16T23:30:28.236451+00:00,ok,True
MA,2024,4,available,RDMA2404.dbc,/dissemin/publicos/SIHSUS/200801_/Dados,2832026.0,,2026-09-16T23:30:28.236451+00:00,ok,True
MA,2024,5,available,RDMA2405.dbc,/dissemin/publicos/SIHSUS/200801_/Dados,2927624.0,,2026-09-16T23:30:28.236451+00:00,ok,True
MA,2024,6,available,RDMA2406.dbc,/dissemin/publicos/SIHSUS/200801_/Dados,2839291.0,,2026-09-16T23:30:28.236451+00:00,ok,True
MA,2024,7,available,RDMA2407.dbc,/dissemin/publicos/SIHSUS/200801_/Dados,2882409.0,,2026-09-16T23:30:28.236451+00:00,ok,True
MA,2024,8,available,RDMA2408.dbc,/dissemin/publicos/SIHSUS/200801_/Dados,2852973.0,,2026-09-16T23:30:28.236451+00:00,ok,True
MA,2024,9,available,RDMA2409.dbc,/dissemin/publicos/SIHSUS/200801_/Dados,2846839.0,,2026-09-16T23:30:28.236451+00:00,ok,True
MA,2024,10,available,RDMA2410.dbc,/dissemin/publicos/SIHSUS/200801_/Dados,2835334.0,,2026-09-16T23:30:28.236451+00:00,ok,True
MA,2024,11,available,RDMA2411.dbc,/dissemin/publicos/SIHSUS/200801_/Dados,2796069.0,,2026-09-16T23:30:28.236451+00:00,ok,True
MA,2024,12,available,RDMA2412.dbc,/dissemin/publicos/SIHSUS/200801_/Dados,2560140.0,,2026-09-16T23:30:28.236451+00:00,ok,True
MG,2024,1,available,RDMG2401.dbc,/dissemin/publicos/SIHSUS/200801_/Dados,9548183.0,,2026-09-16T23:30:28.236451+00:00,ok,True
MG,2024,2,available,RDMG2402.dbc,/dissemin/publicos/SIHSUS/200801_/Dados,9466002.0,,2026-09-16T23:30:28.236451+00:00,ok,True
MG,2024,3,available,RDMG2403.dbc,/dissemin/publicos/SIHSUS/200801_/Dados,10099384.0,,2026-09-16T23:30:28.236451+00:00,ok,True
MG,2024,4,available,RDMG2404.dbc,/dissemin/publicos/SIHSUS/200801_/Dados,10664434.0,,2026-09-16T23:30:28.236451+00:00,ok,True
MG,2024,5,available,RDMG2405.dbc,/dissemin/publicos/SIHSUS/200801_/Dados,10218515.0,,2026-09-16T23:30:28.236451+00:00,ok,True
MG,2024,6,available,RDMG2406.dbc,/dissemin/publicos/SIHSUS/200801_/Dados,9870312.0,,2026-09-16T23:30:28.236451+00:00,ok,True
MG,2024,7,available,RDMG2407.dbc,/dissemin/publicos/SIHSUS/200801_/Dados,10177827.0,,2026-09-16T23:30:28.236451+00:00,ok,True
MG,2024,8,available,RDMG2408.dbc,/dissemin/publicos/SIHSUS/200801_/Dados,10370439.0,,2026-09-16T23:30:28.236451+00:00,ok,True
MG,2024,9,available,RDMG2409.dbc,/dissemin/publicos/SIHSUS/200801_/Dados,10242216.0,,2026-09-16T23:30:28.236451+00:00,ok,True
MG,2024,10,available,RDMG2410.dbc,/dissemin/publicos/SIHSUS/200801_/Dados,10349126.0,,2026-09-16T23:30:28.236451+00:00,ok,True
MG,2024,11,available,RDMG2411.dbc,/dissemin/publicos/SIHSUS/200801_/Dados,9820384.0,,2026-09-16T23:30:28.236451+00:00,ok,True
MG,2024,12,available,RDMG2412.dbc,/dissemin/publicos/SIHSUS/200801_/Dados,9666160.0,,2026-09-16T23:30:28.236451+00:00,ok,True
MS,2024,1,available,RDMS2401.dbc,/dissemin/publicos/SIHSUS/200801_/Dados,1351587.0,,2026-09-16T23:30:28.236451+00:00,ok,True
MS,2024,2,available,RDMS2402.dbc,/dissemin/publicos/SIHSUS/200801_/Dados,1207687.0,,2026-09-16T23:30:28.236451+00:00,ok,True
MS,2024,3,available,RDMS2403.dbc,/dissemin/publicos/SIHSUS/200801_/Dados,1321882.0,,2026-09-16T23:30:28.236451+00:00,ok,True
MS,2024,4,available,RDMS2404.dbc,/dissemin/publicos/SIHSUS/200801_/Dados,1395747.0,,2026-09-16T23:30:28.236451+00:00,ok,True
MS,2024,5,available,RDMS2405.dbc,/dissemin/publicos/SIHSUS/200801_/Dados,1342459.0,,2026-09-16T23:30:28.236451+00:00,ok,True
MS,2024,6,available,RDMS2406.dbc,/dissemin/publicos/SIHSUS/200801_/Dados,1377648.0,,2026-09-16T23:30:28.236451+00:00,ok,True
MS,2024,7,available,RDMS2407.dbc,/dissemin/publicos/SIHSUS/200801_/Dados,1379620.0,,2026-09-16T23:30:28.236451+00:00,ok,True
MS,2024,8,available,RDMS2408.dbc,/dissemin/publicos/SIHSUS/200801_/Dados,1430087.0,,2026-09-16T23:30:28.236451+00:00,ok,True
MS,2024,9,available,RDMS2409.dbc,/dissemin/publicos/SIHSUS/200801_/Dados,1448905.0,,2026-09-16T23:30:28.236451+00:00,ok,True
MS,2024,10,available,RDMS2410.dbc,/dissemin/publicos/SIHSUS/200801_/Dados,1419900.0,,2026-09-16T23:30:28.236451+00:00,ok,True
MS,2024,11,available,RDMS2411.dbc,/dissemin/publicos/SIHSUS/200801_/Dados,1310411.0,,2026-09-16T23:30:28.236451+00:00,ok,True
MS,2024,12,available,RDMS2412.dbc,/dissemin/publicos/SIHSUS/200801_/Dados,1350230.0,,2026-09-16T23:30:28.236451+00:00,ok,True
MT,2024,1,available,RDMT2401.dbc,/dissemin/publicos/SIHSUS/200801_/Dados,1425847.0,,2026-09-16T23:30:28.236451+00:00,ok,True
MT,2024,2,available,RDMT2402.dbc,/dissemin/publicos/SIHSUS/200801_/Dados,1383907.0,,2026-09-16T23:30:28.236451+00:00,ok,True
MT,2024,3,available,RDMT2403.dbc,/dissemin/publicos/SIHSUS/200801_/Dados,1492458.0,,2026-09-16T23:30:28.236451+00:00,ok,True
MT,2024,4,available,RDMT2404.dbc,/dissemin/publicos/SIHSUS/200801_/Dados,1569806.0,,2026-09-16T23:30:28.236451+00:00,ok,True
MT,2024,5,available,RDMT2405.dbc,/dissemin/publicos/SIHSUS/200801_/Dados,1566685.0,,2026-09-16T23:30:28.236451+00:00,ok,True
MT,2024,6,available,RDMT2406.dbc,/dissemin/publicos/SIHSUS/200801_/Dados,1564173.0,,2026-09-16T23:30:28.236451+00:00,ok,True
MT,2024,7,available,RDMT2407.dbc,/dissemin/publicos/SIHSUS/200801_/Dados,1662153.0,,2026-09-16T23:30:28.236451+00:00,ok,True
MT,2024,8,available,RDMT2408.dbc,/dissemin/publicos/SIHSUS/200801_/Dados,1648086.0,,2026-09-16T23:30:28.236451+00:00,ok,True
MT,2024,9,available,RDMT2409.dbc,/dissemin/publicos/SIHSUS/200801_/Dados,1617012.0,,2026-09-16T23:30:28.236451+00:00,ok,True
MT,2024,10,available,RDMT2410.dbc,/dissemin/publicos/SIHSUS/200801_/Dados,1569865.0,,2026-09-16T23:30:28.236451+00:00,ok,True
MT,2024,11,available,RDMT2411.dbc,/dissemin/publicos/SIHSUS/200801_/Dados,1472433.0,,2026-09-16T23:30:28.236451+00:00,ok,True
MT,2024,12,available,RDMT2412.dbc,/dissemin/publicos/SIHSUS/200801_/Dados,1455240.0,,2026-09-16T23:30:28.236451+00:00,ok,True
PA,2024,1,available,RDPA2401.dbc,/dissemin/publicos/SIHSUS/200801_/Dados,2926321.0,,2026-09-16T23:30:28.236451+00:00,ok,True
PA,2024,2,available,RDPA2402.dbc,/dissemin/publicos/SIHSUS/200801_/Dados,2990737.0,,2026-09-16T23:30:28.236451+00:00,ok,True
PA,2024,3,available,RDPA2403.dbc,/dissemin/publicos/SIHSUS/200801_/Dados,3179092.0,,2026-09-16T23:30:28.236451+00:00,ok,True
PA,2024,4,available,RDPA2404.dbc,/dissemin/publicos/SIHSUS/200801_/Dados,3226719.0,,2026-09-16T23:30:28.236451+00:00,ok,True
PA,2024,5,available,RDPA2405.dbc,/dissemin/publicos/SIHSUS/200801_/Dados,3279768.0,,2026-09-16T23:30:28.236451+00:00,ok,True
PA,2024,6,available,RDPA2406.dbc,/dissemin/publicos/SIHSUS/200801_/Dados,3198579.0,,2026-09-16T23:30:28.236451+00:00,ok,True
PA,2024,7,available,RDPA2407.dbc,/dissemin/publicos/SIHSUS/200801_/Dados,3186393.0,,2026-09-16T23:30:28.236451+00:00,ok,True
PA,2024,8,available,RDPA2408.dbc,/dissemin/publicos/SIHSUS/200801_/Dados,3187830.0,,2026-09-16T23:30:28.236451+00:00,ok,True
PA,2024,9,available,RDPA2409.dbc,/dissemin/publicos/SIHSUS/200801_/Dados,3230220.0,,2026-09-16T23:30:28.236451+00:00,ok,True
PA,2024,10,available,RDPA2410.dbc,/dissemin/publicos/SIHSUS/200801_/Dados,3287489.0,,2026-09-16T23:30:28.236451+00:00,ok,True
PA,2024,11,available,RDPA2411.dbc,/dissemin/publicos/SIHSUS/200801_/Dados,3194316.0,,2026-09-16T23:30:28.236451+00:00,ok,True
PA,2024,12,available,RDPA2412.dbc,/dissemin/publicos/SIHSUS/200801_/Dados,3137042.0,,2026-09-16T23:30:28.236451+00:00,ok,True
PB,2024,1,available,RDPB2401.dbc,/dissemin/publicos/SIHSUS/200801_/Dados,1443230.0,,2026-09-16T23:30:28.236451+00:00,ok,True
PB,2024,2,available,RDPB2402.dbc,/dissemin/publicos/SIHSUS/200801_/Dados,1522572.0,,2026-09-16T23:30:28.236451+00:00,ok,True
PB,2024,3,available,RDPB2403.dbc,/dissemin/publicos/SIHSUS/200801_/Dados,1754200.0,,2026-09-16T23:30:28.236451+00:00,ok,True
PB,2024,4,available,RDPB2404.dbc,/dissemin/publicos/SIHSUS/200801_/Dados,1686698.0,,2026-09-16T23:30:28.236451+00:00,ok,True
PB,2024,5,available,RDPB2405.dbc,/dissemin/publicos/SIHSUS/200801_/Dados,1635920.0,,2026-09-16T23:30:28.236451+00:00,ok,True
PB,2024,6,available,RDPB2406.dbc,/dissemin/publicos/SIHSUS/200801_/Dados,1651372.0,,2026-09-16T23:30:28.236451+00:00,ok,True
PB,2024,7,available,RDPB2407.dbc,/dissemin/publicos/SIHSUS/200801_/Dados,1726277.0,,2026-09-16T23:30:28.236451+00:00,ok,True
PB,2024,8,available,RDPB2408.dbc,/dissemin/publicos/SIHSUS/200801_/Dados,1746025.0,,2026-09-16T23:30:28.236451+00:00,ok,True
PB,2024,9,available,RDPB2409.dbc,/dissemin/publicos/SIHSUS/200801_/Dados,1723600.0,,2026-09-16T23:30:28.236451+00:00,ok,True
PB,2024,10,available,RDPB2410.dbc,/dissemin/publicos/SIHSUS/200801_/Dados,1687742.0,,2026-09-16T23:30:28.236451+00:00,ok,True
PB,2024,11,available,RDPB2411.dbc,/dissemin/publicos/SIHSUS/200801_/Dados,1559375.0,,2026-09-16T23:30:28.236451+00:00,ok,True
PB,2024,12,available,RDPB2412.dbc,/dissemin/publicos/SIHSUS/200801_/Dados,1531407.0,,2026-09-16T23:30:28.236451+00:00,ok,True
PE,2024,1,available,RDPE2401.dbc,/dissemin/publicos/SIHSUS/200801_/Dados,3695686.0,,2026-09-16T23:30:28.236451+00:00,ok,True
PE,2024,2,available,RDPE2402.dbc,/dissemin/publicos/SIHSUS/200801_/Dados,3657842.0,,2026-09-16T23:30:28.236451+00:00,ok,True
PE,2024,3,available,RDPE2403.dbc,/dissemin/publicos/SIHSUS/200801_/Dados,3981109.0,,2026-09-16T23:30:28.236451+00:00,ok,True
PE,2024,4,available,RDPE2404.dbc,/dissemin/publicos/SIHSUS/200801_/Dados,4273620.0,,2026-09-16T23:30:28.236451+00:00,ok,True
PE,2024,5,available,RDPE2405.dbc,/dissemin/publicos/SIHSUS/200801_/Dados,4317432.0,,2026-09-16T23:30:28.236451+00:00,ok,True
PE,2024,6,available,RDPE2406.dbc,/dissemin/publicos/SIHSUS/200801_/Dados,4081514.0,,2026-09-16T23:30:28.236451+00:00,ok,True
PE,2024,7,available,RDPE2407.dbc,/dissemin/publicos/SIHSUS/200801_/Dados,4282602.0,,2026-09-16T23:30:28.236451+00:00,ok,True
PE,2024,8,available,RDPE2408.dbc,/dissemin/publicos/SIHSUS/200801_/Dados,4363901.0,,2026-09-16T23:30:28.236451+00:00,ok,True
PE,2024,9,available,RDPE2409.dbc,/dissemin/publicos/SIHSUS/200801_/Dados,4189810.0,,2026-09-16T23:30:28.236451+00:00,ok,True
PE,2024,10,available,RDPE2410.dbc,/dissemin/publicos/SIHSUS/200801_/Dados,4285093.0,,2026-09-16T23:30:28.236451+00:00,ok,True
PE,2024,11,available,RDPE2411.dbc,/dissemin/publicos/SIHSUS/200801_/Dados,3877623.0,,2026-09-16T23:30:28.236451+00:00,ok,True
PE,2024,12,available,RDPE2412.dbc,/dissemin/publicos/SIHSUS/200801_/Dados,3959867.0,,2026-09-16T23:30:28.236451+00:00,ok,True
PI,2024,1,available,RDPI2401.dbc,/dissemin/publicos/SIHSUS/200801_/Dados,1311139.0,,2026-09-16T23:30:28.236451+00:00,ok,True
PI,2024,2,available,RDPI2402.dbc,/dissemin/publicos/SIHSUS/200801_/Dados,1262124.0,,2026-09-16T23:30:28.236451+00:00,ok,True
PI,2024,3,available,RDPI2403.dbc,/dissemin/publicos/SIHSUS/200801_/Dados,1317560.0,,2026-09-16T23:30:28.236451+00:00,ok,True
PI,2024,4,available,RDPI2404.dbc,/dissemin/publicos/SIHSUS/200801_/Dados,1464995.0,,2026-09-16T23:30:28.236451+00:00,ok,True
PI,2024,5,available,RDPI2405.dbc,/dissemin/publicos/SIHSUS/200801_/Dados,1398813.0,,2026-09-16T23:30:28.236451+00:00,ok,True
PI,2024,6,available,RDPI2406.dbc,/dissemin/publicos/SIHSUS/200801_/Dados,1333399.0,,2026-09-16T23:30:28.236451+00:00,ok,True
PI,2024,7,available,RDPI2407.dbc,/dissemin/publicos/SIHSUS/200801_/Dados,1382053.0,,2026-09-16T23:30:28.236451+00:00,ok,True
PI,2024,8,available,RDPI2408.dbc,/dissemin/publicos/SIHSUS/200801_/Dados,1413168.0,,2026-09-16T23:30:28.236451+00:00,ok,True
PI,2024,9,available,RDPI2409.dbc,/dissemin/publicos/SIHSUS/200801_/Dados,1408826.0,,2026-09-16T23:30:28.236451+00:00,ok,True
PI,2024,10,available,RDPI2410.dbc,/dissemin/publicos/SIHSUS/200801_/Dados,1379054.0,,2026-09-16T23:30:28.236451+00:00,ok,True
PI,2024,11,available,RDPI2411.dbc,/dissemin/publicos/SIHSUS/200801_/Dados,1307537.0,,2026-09-16T23:30:28.236451+00:00,ok,True
PI,2024,12,available,RDPI2412.dbc,/dissemin/publicos/SIHSUS/200801_/Dados,1338031.0,,2026-09-16T23:30:28.236451+00:00,ok,True
PR,2024,1,available,RDPR2401.dbc,/dissemin/publicos/SIHSUS/200801_/Dados,6231398.0,,2026-09-16T23:30:28.236451+00:00,ok,True
PR,2024,2,available,RDPR2402.dbc,/dissemin/publicos/SIHSUS/200801_/Dados,6172417.0,,2026-09-16T23:30:28.236451+00:00,ok,True
PR,2024,3,available,RDPR2403.dbc,/dissemin/publicos/SIHSUS/200801_/Dados,6403614.0,,2026-09-16T23:30:28.236451+00:00,ok,True
PR,2024,4,available,RDPR2404.dbc,/dissemin/publicos/SIHSUS/200801_/Dados,6455423.0,,2026-09-16T23:30:28.236451+00:00,ok,True
PR,2024,5,available,RDPR2405.dbc,/dissemin/publicos/SIHSUS/200801_/Dados,6838015.0,,2026-09-16T23:30:28.236451+00:00,ok,True
PR,2024,6,available,RDPR2406.dbc,/dissemin/publicos/SIHSUS/200801_/Dados,6549424.0,,2026-09-16T23:30:28.236451+00:00,ok,True
PR,2024,7,available,RDPR2407.dbc,/dissemin/publicos/SIHSUS/200801_/Dados,6724920.0,,2026-09-16T23:30:28.236451+00:00,ok,True
PR,2024,8,available,RDPR2408.dbc,/dissemin/publicos/SIHSUS/200801_/Dados,6937458.0,,2026-09-16T23:30:28.236451+00:00,ok,True
PR,2024,9,available,RDPR2409.dbc,/dissemin/publicos/SIHSUS/200801_/Dados,6925090.0,,2026-09-16T23:30:28.236451+00:00,ok,True
PR,2024,10,available,RDPR2410.dbc,/dissemin/publicos/SIHSUS/200801_/Dados,7017395.0,,2026-09-16T23:30:28.236451+00:00,ok,True
PR,2024,11,available,RDPR2411.dbc,/dissemin/publicos/SIHSUS/200801_/Dados,6571071.0,,2026-09-16T23:30:28.236451+00:00,ok,True
PR,2024,12,available,RDPR2412.dbc,/dissemin/publicos/SIHSUS/200801_/Dados,6134666.0,,2026-09-16T23:30:28.236451+00:00,ok,True
RJ,2024,1,available,RDRJ2401.dbc,/dissemin/publicos/SIHSUS/200801_/Dados,5632627.0,,2026-09-16T23:30:28.236451+00:00,ok,True
RJ,2024,2,available,RDRJ2402.dbc,/dissemin/publicos/SIHSUS/200801_/Dados,5300528.0,,2026-09-16T23:30:28.236451+00:00,ok,True
RJ,2024,3,available,RDRJ2403.dbc,/dissemin/publicos/SIHSUS/200801_/Dados,5977274.0,,2026-09-16T23:30:28.236451+00:00,ok,True
RJ,2024,4,available,RDRJ2404.dbc,/dissemin/publicos/SIHSUS/200801_/Dados,5834312.0,,2026-09-16T23:30:28.236451+00:00,ok,True
RJ,2024,5,available,RDRJ2405.dbc,/dissemin/publicos/SIHSUS/200801_/Dados,6071123.0,,2026-09-16T23:30:28.236451+00:00,ok,True
RJ,2024,6,available,RDRJ2406.dbc,/dissemin/publicos/SIHSUS/200801_/Dados,5907008.0,,2026-09-16T23:30:28.236451+00:00,ok,True
RJ,2024,7,available,RDRJ2407.dbc,/dissemin/publicos/SIHSUS/200801_/Dados,6108548.0,,2026-09-16T23:30:28.236451+00:00,ok,True
RJ,2024,8,available,RDRJ2408.dbc,/dissemin/publicos/SIHSUS/200801_/Dados,6050739.0,,2026-09-16T23:30:28.236451+00:00,ok,True
RJ,2024,9,available,RDRJ2409.dbc,/dissemin/publicos/SIHSUS/200801_/Dados,5883504.0,,2026-09-16T23:30:28.236451+00:00,ok,True
RJ,2024,10,available,RDRJ2410.dbc,/dissemin/publicos/SIHSUS/200801_/Dados,5787039.0,,2026-09-16T23:30:28.236451+00:00,ok,True
RJ,2024,11,available,RDRJ2411.dbc,/dissemin/publicos/SIHSUS/200801_/Dados,5536729.0,,2026-09-16T23:30:28.236451+00:00,ok,True
RJ,2024,12,available,RDRJ2412.dbc,/dissemin/publicos/SIHSUS/200801_/Dados,5358559.0,,2026-09-16T23:30:28.236451+00:00,ok,True
RN,2024,1,available,RDRN2401.dbc,/dissemin/publicos/SIHSUS/200801_/Dados,1290797.0,,2026-09-16T23:30:28.236451+00:00,ok,True
RN,2024,2,available,RDRN2402.dbc,/dissemin/publicos/SIHSUS/200801_/Dados,1281775.0,,2026-09-16T23:30:28.236451+00:00,ok,True
RN,2024,3,available,RDRN2403.dbc,/dissemin/publicos/SIHSUS/200801_/Dados,1320422.0,,2026-09-16T23:30:28.236451+00:00,ok,True
RN,2024,4,available,RDRN2404.dbc,/dissemin/publicos/SIHSUS/200801_/Dados,1295796.0,,2026-09-16T23:30:28.236451+00:00,ok,True
RN,2024,5,available,RDRN2405.dbc,/dissemin/publicos/SIHSUS/200801_/Dados,1314855.0,,2026-09-16T23:30:28.236451+00:00,ok,True
RN,2024,6,available,RDRN2406.dbc,/dissemin/publicos/SIHSUS/200801_/Dados,1379436.0,,2026-09-16T23:30:28.236451+00:00,ok,True
RN,2024,7,available,RDRN2407.dbc,/dissemin/publicos/SIHSUS/200801_/Dados,1424224.0,,2026-09-16T23:30:28.236451+00:00,ok,True
RN,2024,8,available,RDRN2408.dbc,/dissemin/publicos/SIHSUS/200801_/Dados,1455250.0,,2026-09-16T23:30:28.236451+00:00,ok,True
RN,2024,9,available,RDRN2409.dbc,/dissemin/publicos/SIHSUS/200801_/Dados,1384239.0,,2026-09-16T23:30:28.236451+00:00,ok,True
RN,2024,10,available,RDRN2410.dbc,/dissemin/publicos/SIHSUS/200801_/Dados,1404289.0,,2026-09-16T23:30:28.236451+00:00,ok,True
RN,2024,11,available,RDRN2411.dbc,/dissemin/publicos/SIHSUS/200801_/Dados,1334623.0,,2026-09-16T23:30:28.236451+00:00,ok,True
RN,2024,12,available,RDRN2412.dbc,/dissemin/publicos/SIHSUS/200801_/Dados,1149991.0,,2026-09-16T23:30:28.236451+00:00,ok,True
RO,2024,1,available,RDRO2401.dbc,/dissemin/publicos/SIHSUS/200801_/Dados,778851.0,,2026-09-16T23:30:28.236451+00:00,ok,True
RO,2024,2,available,RDRO2402.dbc,/dissemin/publicos/SIHSUS/200801_/Dados,747631.0,,2026-09-16T23:30:28.236451+00:00,ok,True
RO,2024,3,available,RDRO2403.dbc,/dissemin/publicos/SIHSUS/200801_/Dados,785755.0,,2026-09-16T23:30:28.236451+00:00,ok,True
RO,2024,4,available,RDRO2404.dbc,/dissemin/publicos/SIHSUS/200801_/Dados,782212.0,,2026-09-16T23:30:28.236451+00:00,ok,True
RO,2024,5,available,RDRO2405.dbc,/dissemin/publicos/SIHSUS/200801_/Dados,840487.0,,2026-09-16T23:30:28.236451+00:00,ok,True
RO,2024,6,available,RDRO2406.dbc,/dissemin/publicos/SIHSUS/200801_/Dados,828761.0,,2026-09-16T23:30:28.236451+00:00,ok,True
RO,2024,7,available,RDRO2407.dbc,/dissemin/publicos/SIHSUS/200801_/Dados,863246.0,,2026-09-16T23:30:28.236451+00:00,ok,True
RO,2024,8,available,RDRO2408.dbc,/dissemin/publicos/SIHSUS/200801_/Dados,842866.0,,2026-09-16T23:30:28.236451+00:00,ok,True
RO,2024,9,available,RDRO2409.dbc,/dissemin/publicos/SIHSUS/200801_/Dados,795082.0,,2026-09-16T23:30:28.236451+00:00,ok,True
RO,2024,10,available,RDRO2410.dbc,/dissemin/publicos/SIHSUS/200801_/Dados,743262.0,,2026-09-16T23:30:28.236451+00:00,ok,True
RO,2024,11,available,RDRO2411.dbc,/dissemin/publicos/SIHSUS/200801_/Dados,803995.0,,2026-09-16T23:30:28.236451+00:00,ok,True
RO,2024,12,available,RDRO2412.dbc,/dissemin/publicos/SIHSUS/200801_/Dados,698902.0,,2026-09-16T23:30:28.236451+00:00,ok,True
RR,2024,1,available,RDRR2401.dbc,/dissemin/publicos/SIHSUS/200801_/Dados,275725.0,,2026-09-16T23:30:28.236451+00:00,ok,True
RR,2024,2,available,RDRR2402.dbc,/dissemin/publicos/SIHSUS/200801_/Dados,255806.0,,2026-09-16T23:30:28.236451+00:00,ok,True
RR,2024,3,available,RDRR2403.dbc,/dissemin/publicos/SIHSUS/200801_/Dados,272502.0,,2026-09-16T23:30:28.236451+00:00,ok,True
RR,2024,4,available,RDRR2404.dbc,/dissemin/publicos/SIHSUS/200801_/Dados,225994.0,,2026-09-16T23:30:28.236451+00:00,ok,True
RR,2024,5,available,RDRR2405.dbc,/dissemin/publicos/SIHSUS/200801_/Dados,213283.0,,2026-09-16T23:30:28.236451+00:00,ok,True
RR,2024,6,available,RDRR2406.dbc,/dissemin/publicos/SIHSUS/200801_/Dados,226367.0,,2026-09-16T23:30:28.236451+00:00,ok,True
RR,2024,7,available,RDRR2407.dbc,/dissemin/publicos/SIHSUS/200801_/Dados,203323.0,,2026-09-16T23:30:28.236451+00:00,ok,True
RR,2024,8,available,RDRR2408.dbc,/dissemin/publicos/SIHSUS/200801_/Dados,237040.0,,2026-09-16T23:30:28.236451+00:00,ok,True
RR,2024,9,available,RDRR2409.dbc,/dissemin/publicos/SIHSUS/200801_/Dados,218845.0,,2026-09-16T23:30:28.236451+00:00,ok,True
RR,2024,10,available,RDRR2410.dbc,/dissemin/publicos/SIHSUS/200801_/Dados,245227.0,,2026-09-16T23:30:28.236451+00:00,ok,True
RR,2024,11,available,RDRR2411.dbc,/dissemin/publicos/SIHSUS/200801_/Dados,250853.0,,2026-09-16T23:30:28.236451+00:00,ok,True
RR,2024,12,available,RDRR2412.dbc,/dissemin/publicos/SIHSUS/200801_/Dados,197546.0,,2026-09-16T23:30:28.236451+00:00,ok,True
RS,2024,1,available,RDRS2401.dbc,/dissemin/publicos/SIHSUS/200801_/Dados,5275821.0,,2026-09-16T23:30:28.236451+00:00,ok,True
RS,2024,2,available,RDRS2402.dbc,/dissemin/publicos/SIHSUS/200801_/Dados,4900440.0,,2026-09-16T23:30:28.236451+00:00,ok,True
RS,2024,3,available,RDRS2403.dbc,/dissemin/publicos/SIHSUS/200801_/Dados,5365509.0,,2026-09-16T23:30:28.236451+00:00,ok,True
RS,2024,4,available,RDRS2404.dbc,/dissemin/publicos/SIHSUS/200801_/Dados,5311672.0,,2026-09-16T23:30:28.236451+00:00,ok,True
RS,2024,5,available,RDRS2405.dbc,/dissemin/publicos/SIHSUS/200801_/Dados,5117869.0,,2026-09-16T23:30:28.236451+00:00,ok,True
RS,2024,6,available,RDRS2406.dbc,/dissemin/publicos/SIHSUS/200801_/Dados,5377015.0,,2026-09-16T23:30:28.236451+00:00,ok,True
RS,2024,7,available,RDRS2407.dbc,/dissemin/publicos/SIHSUS/200801_/Dados,5473293.0,,2026-09-16T23:30:28.236451+00:00,ok,True
RS,2024,8,available,RDRS2408.dbc,/dissemin/publicos/SIHSUS/200801_/Dados,5705036.0,,2026-09-16T23:30:28.236451+00:00,ok,True
RS,2024,9,available,RDRS2409.dbc,/dissemin/publicos/SIHSUS/200801_/Dados,5466760.0,,2026-09-16T23:30:28.236451+00:00,ok,True
RS,2024,10,available,RDRS2410.dbc,/dissemin/publicos/SIHSUS/200801_/Dados,5820839.0,,2026-09-16T23:30:28.236451+00:00,ok,True
RS,2024,11,available,RDRS2411.dbc,/dissemin/publicos/SIHSUS/200801_/Dados,5410675.0,,2026-09-16T23:30:28.236451+00:00,ok,True
RS,2024,12,available,RDRS2412.dbc,/dissemin/publicos/SIHSUS/200801_/Dados,5257046.0,,2026-09-16T23:30:28.236451+00:00,ok,True
SC,2024,1,available,RDSC2401.dbc,/dissemin/publicos/SIHSUS/200801_/Dados,3825698.0,,2026-09-16T23:30:28.236451+00:00,ok,True
SC,2024,2,available,RDSC2402.dbc,/dissemin/publicos/SIHSUS/200801_/Dados,3790794.0,,2026-09-16T23:30:28.236451+00:00,ok,True
SC,2024,3,available,RDSC2403.dbc,/dissemin/publicos/SIHSUS/200801_/Dados,4047404.0,,2026-09-16T23:30:28.236451+00:00,ok,True
SC,2024,4,available,RDSC2404.dbc,/dissemin/publicos/SIHSUS/200801_/Dados,4244853.0,,2026-09-16T23:30:28.236451+00:00,ok,True
SC,2024,5,available,RDSC2405.dbc,/dissemin/publicos/SIHSUS/200801_/Dados,4370384.0,,2026-09-16T23:30:28.236451+00:00,ok,True
SC,2024,6,available,RDSC2406.dbc,/dissemin/publicos/SIHSUS/200801_/Dados,4305490.0,,2026-09-16T23:30:28.236451+00:00,ok,True
SC,2024,7,available,RDSC2407.dbc,/dissemin/publicos/SIHSUS/200801_/Dados,4500538.0,,2026-09-16T23:30:28.236451+00:00,ok,True
SC,2024,8,available,RDSC2408.dbc,/dissemin/publicos/SIHSUS/200801_/Dados,4483706.0,,2026-09-16T23:30:28.236451+00:00,ok,True
SC,2024,9,available,RDSC2409.dbc,/dissemin/publicos/SIHSUS/200801_/Dados,4410106.0,,2026-09-16T23:30:28.236451+00:00,ok,True
SC,2024,10,available,RDSC2410.dbc,/dissemin/publicos/SIHSUS/200801_/Dados,4738082.0,,2026-09-16T23:30:28.236451+00:00,ok,True
SC,2024,11,available,RDSC2411.dbc,/dissemin/publicos/SIHSUS/200801_/Dados,4247035.0,,2026-09-16T23:30:28.236451+00:00,ok,True
SC,2024,12,available,RDSC2412.dbc,/dissemin/publicos/SIHSUS/200801_/Dados,4212135.0,,2026-09-16T23:30:28.236451+00:00,ok,True
SE,2024,1,available,RDSE2401.dbc,/dissemin/publicos/SIHSUS/200801_/Dados,731815.0,,2026-09-16T23:30:28.236451+00:00,ok,True
SE,2024,2,available,RDSE2402.dbc,/dissemin/publicos/SIHSUS/200801_/Dados,706457.0,,2026-09-16T23:30:28.236451+00:00,ok,True
SE,2024,3,available,RDSE2403.dbc,/dissemin/publicos/SIHSUS/200801_/Dados,743343.0,,2026-09-16T23:30:28.236451+00:00,ok,True
SE,2024,4,available,RDSE2404.dbc,/dissemin/publicos/SIHSUS/200801_/Dados,764681.0,,2026-09-16T23:30:28.236451+00:00,ok,True
SE,2024,5,available,RDSE2405.dbc,/dissemin/publicos/SIHSUS/200801_/Dados,739447.0,,2026-09-16T23:30:28.236451+00:00,ok,True
SE,2024,6,available,RDSE2406.dbc,/dissemin/publicos/SIHSUS/200801_/Dados,746861.0,,2026-09-16T23:30:28.236451+00:00,ok,True
SE,2024,7,available,RDSE2407.dbc,/dissemin/publicos/SIHSUS/200801_/Dados,799547.0,,2026-09-16T23:30:28.236451+00:00,ok,True
SE,2024,8,available,RDSE2408.dbc,/dissemin/publicos/SIHSUS/200801_/Dados,763237.0,,2026-09-16T23:30:28.236451+00:00,ok,True
SE,2024,9,available,RDSE2409.dbc,/dissemin/publicos/SIHSUS/200801_/Dados,716961.0,,2026-09-16T23:30:28.236451+00:00,ok,True
SE,2024,10,available,RDSE2410.dbc,/dissemin/publicos/SIHSUS/200801_/Dados,772311.0,,2026-09-16T23:30:28.236451+00:00,ok,True
SE,2024,11,available,RDSE2411.dbc,/dissemin/publicos/SIHSUS/200801_/Dados,741215.0,,2026-09-16T23:30:28.236451+00:00,ok,True
SE,2024,12,available,RDSE2412.dbc,/dissemin/publicos/SIHSUS/200801_/Dados,679907.0,,2026-09-16T23:30:28.236451+00:00,ok,True
SP,2024,1,available,RDSP2401.dbc,/dissemin/publicos/SIHSUS/200801_/Dados,17462541.0,,2026-09-16T23:30:28.236451+00:00,ok,True
SP,2024,2,available,RDSP2402.dbc,/dissemin/publicos/SIHSUS/200801_/Dados,17268103.0,,2026-09-16T23:30:28.236451+00:00,ok,True
SP,2024,3,available,RDSP2403.dbc,/dissemin/publicos/SIHSUS/200801_/Dados,18999157.0,,2026-09-16T23:30:28.236451+00:00,ok,True
SP,2024,4,available,RDSP2404.dbc,/dissemin/publicos/SIHSUS/200801_/Dados,18962295.0,,2026-09-16T23:30:28.236451+00:00,ok,True
SP,2024,5,available,RDSP2405.dbc,/dissemin/publicos/SIHSUS/200801_/Dados,19180733.0,,2026-09-16T23:30:28.236451+00:00,ok,True
SP,2024,6,available,RDSP2406.dbc,/dissemin/publicos/SIHSUS/200801_/Dados,18718079.0,,2026-09-16T23:30:28.236451+00:00,ok,True
SP,2024,7,available,RDSP2407.dbc,/dissemin/publicos/SIHSUS/200801_/Dados,18940801.0,,2026-09-16T23:30:28.236451+00:00,ok,True
SP,2024,8,available,RDSP2408.dbc,/dissemin/publicos/SIHSUS/200801_/Dados,19243524.0,,2026-09-16T23:30:28.236451+00:00,ok,True
SP,2024,9,available,RDSP2409.dbc,/dissemin/publicos/SIHSUS/200801_/Dados,19000583.0,,2026-09-16T23:30:28.236451+00:00,ok,True
SP,2024,10,available,RDSP2410.dbc,/dissemin/publicos/SIHSUS/200801_/Dados,19607261.0,,2026-09-16T23:30:28.236451+00:00,ok,True
SP,2024,11,available,RDSP2411.dbc,/dissemin/publicos/SIHSUS/200801_/Dados,18349943.0,,2026-09-16T23:30:28.236451+00:00,ok,True
SP,2024,12,available,RDSP2412.dbc,/dissemin/publicos/SIHSUS/200801_/Dados,17825085.0,,2026-09-16T23:30:28.236451+00:00,ok,True
TO,2024,1,available,RDTO2401.dbc,/dissemin/publicos/SIHSUS/200801_/Dados,604846.0,,2026-09-16T23:30:28.236451+00:00,ok,True
TO,2024,2,available,RDTO2402.dbc,/dissemin/publicos/SIHSUS/200801_/Dados,644480.0,,2026-09-16T23:30:28.236451+00:00,ok,True
TO,2024,3,available,RDTO2403.dbc,/dissemin/publicos/SIHSUS/200801_/Dados,619312.0,,2026-09-16T23:30:28.236451+00:00,ok,True
TO,2024,4,available,RDTO2404.dbc,/dissemin/publicos/SIHSUS/200801_/Dados,681605.0,,2026-09-16T23:30:28.236451+00:00,ok,True
TO,2024,5,available,RDTO2405.dbc,/dissemin/publicos/SIHSUS/200801_/Dados,678567.0,,2026-09-16T23:30:28.236451+00:00,ok,True
TO,2024,6,available,RDTO2406.dbc,/dissemin/publicos/SIHSUS/200801_/Dados,665964.0,,2026-09-16T23:30:28.236451+00:00,ok,True
TO,2024,7,available,RDTO2407.dbc,/dissemin/publicos/SIHSUS/200801_/Dados,662917.0,,2026-09-16T23:30:28.236451+00:00,ok,True
TO,2024,8,available,RDTO2408.dbc,/dissemin/publicos/SIHSUS/200801_/Dados,703719.0,,2026-09-16T23:30:28.236451+00:00,ok,True
TO,2024,9,available,RDTO2409.dbc,/dissemin/publicos/SIHSUS/200801_/Dados,691791.0,,2026-09-16T23:30:28.236451+00:00,ok,True
TO,2024,10,available,RDTO2410.dbc,/dissemin/publicos/SIHSUS/200801_/Dados,678823.0,,2026-09-16T23:30:28.236451+00:00,ok,True
TO,2024,11,available,RDTO2411.dbc,/dissemin/publicos/SIHSUS/200801_/Dados,578398.0,,2026-09-16T23:30:28.236451+00:00,ok,True
TO,2024,12,available,RDTO2412.dbc,/dissemin/publicos/SIHSUS/200801_/Dados,648267.0,,2026-09-16T23:30:28.236451+00:00,ok,True
AC,2025,1,available,RDAC2501.dbc,/dissemin/publicos/SIHSUS/200801_/Dados,323000.0,,2026-09-16T09:31:03.753955+00:00,ok,True
AC,2025,2,available,RDAC2502.dbc,/dissemin/publicos/SIHSUS/200801_/Dados,311602.0,,2026-09-16T09:31:03.753955+00:00,ok,True
AC,2025,3,available,RDAC2503.dbc,/dissemin/publicos/SIHSUS/200801_/Dados,379584.0,,2026-09-16T09:31:03.753955+00:00,ok,True
AC,2025,4,available,RDAC2504.dbc,/dissemin/publicos/SIHSUS/200801_/Dados,406880.0,,2026-09-16T09:31:03.753955+00:00,ok,True
AC,2025,5,available,RDAC2505.dbc,/dissemin/publicos/SIHSUS/200801_/Dados,392106.0,,2026-09-16T09:31:03.753955+00:00,ok,True
AC,2025,6,available,RDAC2506.dbc,/dissemin/publicos/SIHSUS/200801_/Dados,423832.0,,2026-09-16T09:31:03.753955+00:00,ok,True
AC,2025,7,available,RDAC2507.dbc,/dissemin/publicos/SIHSUS/200801_/Dados,365292.0,,2026-09-16T09:31:03.753955+00:00,ok,True
AC,2025,8,available,RDAC2508.dbc,/dissemin/publicos/SIHSUS/200801_/Dados,357643.0,,2026-09-16T09:31:03.753955+00:00,ok,True
AC,2025,9,available,RDAC2509.dbc,/dissemin/publicos/SIHSUS/200801_/Dados,357496.0,,2026-09-16T09:31:03.753955+00:00,ok,True
AC,2025,10,available,RDAC2510.dbc,/dissemin/publicos/SIHSUS/200801_/Dados,392841.0,,2026-09-16T09:31:03.753955+00:00,ok,True
AC,2025,11,available,RDAC2511.dbc,/dissemin/publicos/SIHSUS/200801_/Dados,331637.0,,2026-09-16T09:31:03.753955+00:00,ok,True
AC,2025,12,available,RDAC2512.dbc,/dissemin/publicos/SIHSUS/200801_/Dados,326159.0,,2026-09-16T09:31:03.753955+00:00,ok,True
AL,2025,1,available,RDAL2501.dbc,/dissemin/publicos/SIHSUS/200801_/Dados,997065.0,,2026-09-16T09:31:03.753955+00:00,ok,True
AL,2025,2,available,RDAL2502.dbc,/dissemin/publicos/SIHSUS/200801_/Dados,1032316.0,,2026-09-16T09:31:03.753955+00:00,ok,True
AL,2025,3,available,RDAL2503.dbc,/dissemin/publicos/SIHSUS/200801_/Dados,1058444.0,,2026-09-16T09:31:03.753955+00:00,ok,True
AL,2025,4,available,RDAL2504.dbc,/dissemin/publicos/SIHSUS/200801_/Dados,1055472.0,,2026-09-16T09:31:03.753955+00:00,ok,True
AL,2025,5,available,RDAL2505.dbc,/dissemin/publicos/SIHSUS/200801_/Dados,1131255.0,,2026-09-16T09:31:03.753955+00:00,ok,True
AL,2025,6,available,RDAL2506.dbc,/dissemin/publicos/SIHSUS/200801_/Dados,1010920.0,,2026-09-16T09:31:03.753955+00:00,ok,True
AL,2025,7,available,RDAL2507.dbc,/dissemin/publicos/SIHSUS/200801_/Dados,1281997.0,,2026-09-16T09:31:03.753955+00:00,ok,True
AL,2025,8,available,RDAL2508.dbc,/dissemin/publicos/SIHSUS/200801_/Dados,1118861.0,,2026-09-16T09:31:03.753955+00:00,ok,True
AL,2025,9,available,RDAL2509.dbc,/dissemin/publicos/SIHSUS/200801_/Dados,1123258.0,,2026-09-16T09:31:03.753955+00:00,ok,True
AL,2025,10,available,RDAL2510.dbc,/dissemin/publicos/SIHSUS/200801_/Dados,1166149.0,,2026-09-16T09:31:03.753955+00:00,ok,True
AL,2025,11,available,RDAL2511.dbc,/dissemin/publicos/SIHSUS/200801_/Dados,1095748.0,,2026-09-16T09:31:03.753955+00:00,ok,True
AL,2025,12,available,RDAL2512.dbc,/dissemin/publicos/SIHSUS/200801_/Dados,1052600.0,,2026-09-16T09:31:03.753955+00:00,ok,True
AM,2025,1,available,RDAM2501.dbc,/dissemin/publicos/SIHSUS/200801_/Dados,1544751.0,,2026-09-16T09:31:03.753955+00:00,ok,True
AM,2025,2,available,RDAM2502.dbc,/dissemin/publicos/SIHSUS/200801_/Dados,1325471.0,,2026-09-16T09:31:03.753955+00:00,ok,True
AM,2025,3,available,RDAM2503.dbc,/dissemin/publicos/SIHSUS/200801_/Dados,1409069.0,,2026-09-16T09:31:03.753955+00:00,ok,True
AM,2025,4,available,RDAM2504.dbc,/dissemin/publicos/SIHSUS/200801_/Dados,1403613.0,,2026-09-16T09:31:03.753955+00:00,ok,True
AM,2025,5,available,RDAM2505.dbc,/dissemin/publicos/SIHSUS/200801_/Dados,1400479.0,,2026-09-16T09:31:03.753955+00:00,ok,True
AM,2025,6,available,RDAM2506.dbc,/dissemin/publicos/SIHSUS/200801_/Dados,1578600.0,,2026-09-16T09:31:03.753955+00:00,ok,True
AM,2025,7,available,RDAM2507.dbc,/dissemin/publicos/SIHSUS/200801_/Dados,1741681.0,,2026-09-16T09:31:03.753955+00:00,ok,True
AM,2025,8,available,RDAM2508.dbc,/dissemin/publicos/SIHSUS/200801_/Dados,1725942.0,,2026-09-16T09:31:03.753955+00:00,ok,True
AM,2025,9,available,RDAM2509.dbc,/dissemin/publicos/SIHSUS/200801_/Dados,1634842.0,,2026-09-16T09:31:03.753955+00:00,ok,True
AM,2025,10,available,RDAM2510.dbc,/dissemin/publicos/SIHSUS/200801_/Dados,1803256.0,,2026-09-16T09:31:03.753955+00:00,ok,True
AM,2025,11,available,RDAM2511.dbc,/dissemin/publicos/SIHSUS/200801_/Dados,1546913.0,,2026-09-16T09:31:03.753955+00:00,ok,True
AM,2025,12,available,RDAM2512.dbc,/dissemin/publicos/SIHSUS/200801_/Dados,1531581.0,,2026-09-16T09:31:03.753955+00:00,ok,True
AP,2025,1,available,RDAP2501.dbc,/dissemin/publicos/SIHSUS/200801_/Dados,294039.0,,2026-09-16T09:31:03.753955+00:00,ok,True
AP,2025,2,available,RDAP2502.dbc,/dissemin/publicos/SIHSUS/200801_/Dados,267335.0,,2026-09-16T09:31:03.753955+00:00,ok,True
AP,2025,3,available,RDAP2503.dbc,/dissemin/publicos/SIHSUS/200801_/Dados,331978.0,,2026-09-16T09:31:03.753955+00:00,ok,True
AP,2025,4,available,RDAP2504.dbc,/dissemin/publicos/SIHSUS/200801_/Dados,350245.0,,2026-09-16T09:31:03.753955+00:00,ok,True
AP,2025,5,available,RDAP2505.dbc,/dissemin/publicos/SIHSUS/200801_/Dados,345159.0,,2026-09-16T09:31:03.753955+00:00,ok,True
AP,2025,6,available,RDAP2506.dbc,/dissemin/publicos/SIHSUS/200801_/Dados,345774.0,,2026-09-16T09:31:03.753955+00:00,ok,True
AP,2025,7,available,RDAP2507.dbc,/dissemin/publicos/SIHSUS/200801_/Dados,338439.0,,2026-09-16T09:31:03.753955+00:00,ok,True
AP,2025,8,available,RDAP2508.dbc,/dissemin/publicos/SIHSUS/200801_/Dados,325745.0,,2026-09-16T09:31:03.753955+00:00,ok,True
AP,2025,9,available,RDAP2509.dbc,/dissemin/publicos/SIHSUS/200801_/Dados,309949.0,,2026-09-16T09:31:03.753955+00:00,ok,True
AP,2025,10,available,RDAP2510.dbc,/dissemin/publicos/SIHSUS/200801_/Dados,327247.0,,2026-09-16T09:31:03.753955+00:00,ok,True
AP,2025,11,available,RDAP2511.dbc,/dissemin/publicos/SIHSUS/200801_/Dados,304780.0,,2026-09-16T09:31:03.753955+00:00,ok,True
AP,2025,12,available,RDAP2512.dbc,/dissemin/publicos/SIHSUS/200801_/Dados,331442.0,,2026-09-16T09:31:03.753955+00:00,ok,True
BA,2025,1,available,RDBA2501.dbc,/dissemin/publicos/SIHSUS/200801_/Dados,5312678.0,,2026-09-16T09:31:03.753955+00:00,ok,True
BA,2025,2,available,RDBA2502.dbc,/dissemin/publicos/SIHSUS/200801_/Dados,5463209.0,,2026-09-16T09:31:03.753955+00:00,ok,True
BA,2025,3,available,RDBA2503.dbc,/dissemin/publicos/SIHSUS/200801_/Dados,5700415.0,,2026-09-16T09:31:03.753955+00:00,ok,True
BA,2025,4,available,RDBA2504.dbc,/dissemin/publicos/SIHSUS/200801_/Dados,5710960.0,,2026-09-16T09:31:03.753955+00:00,ok,True
BA,2025,5,available,RDBA2505.dbc,/dissemin/publicos/SIHSUS/200801_/Dados,6016321.0,,2026-09-16T09:31:03.753955+00:00,ok,True
BA,2025,6,available,RDBA2506.dbc,/dissemin/publicos/SIHSUS/200801_/Dados,5774804.0,,2026-09-16T09:31:03.753955+00:00,ok,True
BA,2025,7,available,RDBA2507.dbc,/dissemin/publicos/SIHSUS/200801_/Dados,6171920.0,,2026-09-16T09:31:03.753955+00:00,ok,True
BA,2025,8,available,RDBA2508.dbc,/dissemin/publicos/SIHSUS/200801_/Dados,6212875.0,,2026-09-16T09:31:03.753955+00:00,ok,True
BA,2025,9,available,RDBA2509.dbc,/dissemin/publicos/SIHSUS/200801_/Dados,6243482.0,,2026-09-16T09:31:03.753955+00:00,ok,True
BA,2025,10,available,RDBA2510.dbc,/dissemin/publicos/SIHSUS/200801_/Dados,6009827.0,,2026-09-16T09:31:03.753955+00:00,ok,True
BA,2025,11,available,RDBA2511.dbc,/dissemin/publicos/SIHSUS/200801_/Dados,5836424.0,,2026-09-16T09:31:03.753955+00:00,ok,True
BA,2025,12,available,RDBA2512.dbc,/dissemin/publicos/SIHSUS/200801_/Dados,5700229.0,,2026-09-16T09:31:03.753955+00:00,ok,True
CE,2025,1,available,RDCE2501.dbc,/dissemin/publicos/SIHSUS/200801_/Dados,3400181.0,,2026-09-16T09:31:03.753955+00:00,ok,True
CE,2025,2,available,RDCE2502.dbc,/dissemin/publicos/SIHSUS/200801_/Dados,3325523.0,,2026-09-16T09:31:03.753955+00:00,ok,True
CE,2025,3,available,RDCE2503.dbc,/dissemin/publicos/SIHSUS/200801_/Dados,3532117.0,,2026-09-16T09:31:03.753955+00:00,ok,True
CE,2025,4,available,RDCE2504.dbc,/dissemin/publicos/SIHSUS/200801_/Dados,3596650.0,,2026-09-16T09:31:03.753955+00:00,ok,True
CE,2025,5,available,RDCE2505.dbc,/dissemin/publicos/SIHSUS/200801_/Dados,3928946.0,,2026-09-16T09:31:03.753955+00:00,ok,True
CE,2025,6,available,RDCE2506.dbc,/dissemin/publicos/SIHSUS/200801_/Dados,3657629.0,,2026-09-16T09:31:03.753955+00:00,ok,True
CE,2025,7,available,RDCE2507.dbc,/dissemin/publicos/SIHSUS/200801_/Dados,3716478.0,,2026-09-16T09:31:03.753955+00:00,ok,True
CE,2025,8,available,RDCE2508.dbc,/dissemin/publicos/SIHSUS/200801_/Dados,3681719.0,,2026-09-16T09:31:03.753955+00:00,ok,True
CE,2025,9,available,RDCE2509.dbc,/dissemin/publicos/SIHSUS/200801_/Dados,3918079.0,,2026-09-16T09:31:03.753955+00:00,ok,True
CE,2025,10,available,RDCE2510.dbc,/dissemin/publicos/SIHSUS/200801_/Dados,3874169.0,,2026-09-16T09:31:03.753955+00:00,ok,True
CE,2025,11,available,RDCE2511.dbc,/dissemin/publicos/SIHSUS/200801_/Dados,3717422.0,,2026-09-16T09:31:03.753955+00:00,ok,True
CE,2025,12,available,RDCE2512.dbc,/dissemin/publicos/SIHSUS/200801_/Dados,3614015.0,,2026-09-16T09:31:03.753955+00:00,ok,True
DF,2025,1,available,RDDF2501.dbc,/dissemin/publicos/SIHSUS/200801_/Dados,1672990.0,,2026-09-16T09:31:03.753955+00:00,ok,True
DF,2025,2,available,RDDF2502.dbc,/dissemin/publicos/SIHSUS/200801_/Dados,1561393.0,,2026-09-16T09:31:03.753955+00:00,ok,True
DF,2025,3,available,RDDF2503.dbc,/dissemin/publicos/SIHSUS/200801_/Dados,1654822.0,,2026-09-16T09:31:03.753955+00:00,ok,True
DF,2025,4,available,RDDF2504.dbc,/dissemin/publicos/SIHSUS/200801_/Dados,1605478.0,,2026-09-16T09:31:03.753955+00:00,ok,True
DF,2025,5,available,RDDF2505.dbc,/dissemin/publicos/SIHSUS/200801_/Dados,1681296.0,,2026-09-16T09:31:03.753955+00:00,ok,True
DF,2025,6,available,RDDF2506.dbc,/dissemin/publicos/SIHSUS/200801_/Dados,1703052.0,,2026-09-16T09:31:03.753955+00:00,ok,True
DF,2025,7,available,RDDF2507.dbc,/dissemin/publicos/SIHSUS/200801_/Dados,1706797.0,,2026-09-16T09:31:03.753955+00:00,ok,True
DF,2025,8,available,RDDF2508.dbc,/dissemin/publicos/SIHSUS/200801_/Dados,1618145.0,,2026-09-16T09:31:03.753955+00:00,ok,True
DF,2025,9,available,RDDF2509.dbc,/dissemin/publicos/SIHSUS/200801_/Dados,1673088.0,,2026-09-16T09:31:03.753955+00:00,ok,True
DF,2025,10,available,RDDF2510.dbc,/dissemin/publicos/SIHSUS/200801_/Dados,1696419.0,,2026-09-16T09:31:03.753955+00:00,ok,True
DF,2025,11,available,RDDF2511.dbc,/dissemin/publicos/SIHSUS/200801_/Dados,1590435.0,,2026-09-16T09:31:03.753955+00:00,ok,True
DF,2025,12,available,RDDF2512.dbc,/dissemin/publicos/SIHSUS/200801_/Dados,1631223.0,,2026-09-16T09:31:03.753955+00:00,ok,True
ES,2025,1,available,RDES2501.dbc,/dissemin/publicos/SIHSUS/200801_/Dados,1987458.0,,2026-09-16T09:31:03.753955+00:00,ok,True
ES,2025,2,available,RDES2502.dbc,/dissemin/publicos/SIHSUS/200801_/Dados,1930009.0,,2026-09-16T09:31:03.753955+00:00,ok,True
ES,2025,3,available,RDES2503.dbc,/dissemin/publicos/SIHSUS/200801_/Dados,2072567.0,,2026-09-16T09:31:03.753955+00:00,ok,True
ES,2025,4,available,RDES2504.dbc,/dissemin/publicos/SIHSUS/200801_/Dados,1828316.0,,2026-09-16T09:31:03.753955+00:00,ok,True
ES,2025,5,available,RDES2505.dbc,/dissemin/publicos/SIHSUS/200801_/Dados,2275925.0,,2026-09-16T09:31:03.753955+00:00,ok,True
ES,2025,6,available,RDES2506.dbc,/dissemin/publicos/SIHSUS/200801_/Dados,2144269.0,,2026-09-16T09:31:03.753955+00:00,ok,True
ES,2025,7,available,RDES2507.dbc,/dissemin/publicos/SIHSUS/200801_/Dados,2114611.0,,2026-09-16T09:31:03.753955+00:00,ok,True
ES,2025,8,available,RDES2508.dbc,/dissemin/publicos/SIHSUS/200801_/Dados,2110960.0,,2026-09-16T09:31:03.753955+00:00,ok,True
ES,2025,9,available,RDES2509.dbc,/dissemin/publicos/SIHSUS/200801_/Dados,2073801.0,,2026-09-16T09:31:03.753955+00:00,ok,True
ES,2025,10,available,RDES2510.dbc,/dissemin/publicos/SIHSUS/200801_/Dados,2184301.0,,2026-09-16T09:31:03.753955+00:00,ok,True
ES,2025,11,available,RDES2511.dbc,/dissemin/publicos/SIHSUS/200801_/Dados,2007865.0,,2026-09-16T09:31:03.753955+00:00,ok,True
ES,2025,12,available,RDES2512.dbc,/dissemin/publicos/SIHSUS/200801_/Dados,1981994.0,,2026-09-16T09:31:03.753955+00:00,ok,True
GO,2025,1,available,RDGO2501.dbc,/dissemin/publicos/SIHSUS/200801_/Dados,2805508.0,,2026-09-16T09:31:03.753955+00:00,ok,True
GO,2025,2,available,RDGO2502.dbc,/dissemin/publicos/SIHSUS/200801_/Dados,2763465.0,,2026-09-16T09:31:03.753955+00:00,ok,True
GO,2025,3,available,RDGO2503.dbc,/dissemin/publicos/SIHSUS/200801_/Dados,2968360.0,,2026-09-16T09:31:03.753955+00:00,ok,True
GO,2025,4,available,RDGO2504.dbc,/dissemin/publicos/SIHSUS/200801_/Dados,2911224.0,,2026-09-16T09:31:03.753955+00:00,ok,True
GO,2025,5,available,RDGO2505.dbc,/dissemin/publicos/SIHSUS/200801_/Dados,3094221.0,,2026-09-16T09:31:03.753955+00:00,ok,True
GO,2025,6,available,RDGO2506.dbc,/dissemin/publicos/SIHSUS/200801_/Dados,2920024.0,,2026-09-16T09:31:03.753955+00:00,ok,True
GO,2025,7,available,RDGO2507.dbc,/dissemin/publicos/SIHSUS/200801_/Dados,2982831.0,,2026-09-16T09:31:03.753955+00:00,ok,True
GO,2025,8,available,RDGO2508.dbc,/dissemin/publicos/SIHSUS/200801_/Dados,2921349.0,,2026-09-16T09:31:03.753955+00:00,ok,True
GO,2025,9,available,RDGO2509.dbc,/dissemin/publicos/SIHSUS/200801_/Dados,2882838.0,,2026-09-16T09:31:03.753955+00:00,ok,True
GO,2025,10,available,RDGO2510.dbc,/dissemin/publicos/SIHSUS/200801_/Dados,2916709.0,,2026-09-16T09:31:03.753955+00:00,ok,True
GO,2025,11,available,RDGO2511.dbc,/dissemin/publicos/SIHSUS/200801_/Dados,2864425.0,,2026-09-16T09:31:03.753955+00:00,ok,True
GO,2025,12,available,RDGO2512.dbc,/dissemin/publicos/SIHSUS/200801_/Dados,2784058.0,,2026-09-16T09:31:03.753955+00:00,ok,True
MA,2025,1,available,RDMA2501.dbc,/dissemin/publicos/SIHSUS/200801_/Dados,2808309.0,,2026-09-16T09:31:03.753955+00:00,ok,True
MA,2025,2,available,RDMA2502.dbc,/dissemin/publicos/SIHSUS/200801_/Dados,2655985.0,,2026-09-16T09:31:03.753955+00:00,ok,True
MA,2025,3,available,RDMA2503.dbc,/dissemin/publicos/SIHSUS/200801_/Dados,2795077.0,,2026-09-16T09:31:03.753955+00:00,ok,True
MA,2025,4,available,RDMA2504.dbc,/dissemin/publicos/SIHSUS/200801_/Dados,2836675.0,,2026-09-16T09:31:03.753955+00:00,ok,True
MA,2025,5,available,RDMA2505.dbc,/dissemin/publicos/SIHSUS/200801_/Dados,2987280.0,,2026-09-16T09:31:03.753955+00:00,ok,True
MA,2025,6,available,RDMA2506.dbc,/dissemin/publicos/SIHSUS/200801_/Dados,2984297.0,,2026-09-16T09:31:03.753955+00:00,ok,True
MA,2025,7,available,RDMA2507.dbc,/dissemin/publicos/SIHSUS/200801_/Dados,3008305.0,,2026-09-16T09:31:03.753955+00:00,ok,True
MA,2025,8,available,RDMA2508.dbc,/dissemin/publicos/SIHSUS/200801_/Dados,2934475.0,,2026-09-16T09:31:03.753955+00:00,ok,True
MA,2025,9,available,RDMA2509.dbc,/dissemin/publicos/SIHSUS/200801_/Dados,2959325.0,,2026-09-16T09:31:03.753955+00:00,ok,True
MA,2025,10,available,RDMA2510.dbc,/dissemin/publicos/SIHSUS/200801_/Dados,2955489.0,,2026-09-16T09:31:03.753955+00:00,ok,True
MA,2025,11,available,RDMA2511.dbc,/dissemin/publicos/SIHSUS/200801_/Dados,2873165.0,,2026-09-16T09:31:03.753955+00:00,ok,True
MA,2025,12,available,RDMA2512.dbc,/dissemin/publicos/SIHSUS/200801_/Dados,2750671.0,,2026-09-16T09:31:03.753955+00:00,ok,True
MG,2025,1,available,RDMG2501.dbc,/dissemin/publicos/SIHSUS/200801_/Dados,9878413.0,,2026-09-16T09:31:03.753955+00:00,ok,True
MG,2025,2,available,RDMG2502.dbc,/dissemin/publicos/SIHSUS/200801_/Dados,9492037.0,,2026-09-16T09:31:03.753955+00:00,ok,True
MG,2025,3,available,RDMG2503.dbc,/dissemin/publicos/SIHSUS/200801_/Dados,9853101.0,,2026-09-16T09:31:03.753955+00:00,ok,True
MG,2025,4,available,RDMG2504.dbc,/dissemin/publicos/SIHSUS/200801_/Dados,10061374.0,,2026-09-16T09:31:03.753955+00:00,ok,True
MG,2025,5,available,RDMG2505.dbc,/dissemin/publicos/SIHSUS/200801_/Dados,10746927.0,,2026-09-16T09:31:03.753955+00:00,ok,True
MG,2025,6,available,RDMG2506.dbc,/dissemin/publicos/SIHSUS/200801_/Dados,10528505.0,,2026-09-16T09:31:03.753955+00:00,ok,True
MG,2025,7,available,RDMG2507.dbc,/dissemin/publicos/SIHSUS/200801_/Dados,10971201.0,,2026-09-16T09:31:03.753955+00:00,ok,True
MG,2025,8,available,RDMG2508.dbc,/dissemin/publicos/SIHSUS/200801_/Dados,10850769.0,,2026-09-16T09:31:03.753955+00:00,ok,True
MG,2025,9,available,RDMG2509.dbc,/dissemin/publicos/SIHSUS/200801_/Dados,10853624.0,,2026-09-16T09:31:03.753955+00:00,ok,True
MG,2025,10,available,RDMG2510.dbc,/dissemin/publicos/SIHSUS/200801_/Dados,10884466.0,,2026-09-16T09:31:03.753955+00:00,ok,True
MG,2025,11,available,RDMG2511.dbc,/dissemin/publicos/SIHSUS/200801_/Dados,10154188.0,,2026-09-16T09:31:03.753955+00:00,ok,True
MG,2025,12,available,RDMG2512.dbc,/dissemin/publicos/SIHSUS/200801_/Dados,10046322.0,,2026-09-16T09:31:03.753955+00:00,ok,True
MS,2025,1,available,RDMS2501.dbc,/dissemin/publicos/SIHSUS/200801_/Dados,1444350.0,,2026-09-16T09:31:03.753955+00:00,ok,True
MS,2025,2,available,RDMS2502.dbc,/dissemin/publicos/SIHSUS/200801_/Dados,1293261.0,,2026-09-16T09:31:03.753955+00:00,ok,True
MS,2025,3,available,RDMS2503.dbc,/dissemin/publicos/SIHSUS/200801_/Dados,1356294.0,,2026-09-16T09:31:03.753955+00:00,ok,True
MS,2025,4,available,RDMS2504.dbc,/dissemin/publicos/SIHSUS/200801_/Dados,1421900.0,,2026-09-16T09:31:03.753955+00:00,ok,True
MS,2025,5,available,RDMS2505.dbc,/dissemin/publicos/SIHSUS/200801_/Dados,1437922.0,,2026-09-16T09:31:03.753955+00:00,ok,True
MS,2025,6,available,RDMS2506.dbc,/dissemin/publicos/SIHSUS/200801_/Dados,1358058.0,,2026-09-16T09:31:03.753955+00:00,ok,True
MS,2025,7,available,RDMS2507.dbc,/dissemin/publicos/SIHSUS/200801_/Dados,1414828.0,,2026-09-16T09:31:03.753955+00:00,ok,True
MS,2025,8,available,RDMS2508.dbc,/dissemin/publicos/SIHSUS/200801_/Dados,1391275.0,,2026-09-16T09:31:03.753955+00:00,ok,True
MS,2025,9,available,RDMS2509.dbc,/dissemin/publicos/SIHSUS/200801_/Dados,1418014.0,,2026-09-16T09:31:03.753955+00:00,ok,True
MS,2025,10,available,RDMS2510.dbc,/dissemin/publicos/SIHSUS/200801_/Dados,1364962.0,,2026-09-16T09:31:03.753955+00:00,ok,True
MS,2025,11,available,RDMS2511.dbc,/dissemin/publicos/SIHSUS/200801_/Dados,1301092.0,,2026-09-16T09:31:03.753955+00:00,ok,True
MS,2025,12,available,RDMS2512.dbc,/dissemin/publicos/SIHSUS/200801_/Dados,1259087.0,,2026-09-16T09:31:03.753955+00:00,ok,True
MT,2025,1,available,RDMT2501.dbc,/dissemin/publicos/SIHSUS/200801_/Dados,1547292.0,,2026-09-16T09:31:03.753955+00:00,ok,True
MT,2025,2,available,RDMT2502.dbc,/dissemin/publicos/SIHSUS/200801_/Dados,1542231.0,,2026-09-16T09:31:03.753955+00:00,ok,True
MT,2025,3,available,RDMT2503.dbc,/dissemin/publicos/SIHSUS/200801_/Dados,1739644.0,,2026-09-16T09:31:03.753955+00:00,ok,True
MT,2025,4,available,RDMT2504.dbc,/dissemin/publicos/SIHSUS/200801_/Dados,1633980.0,,2026-09-16T09:31:03.753955+00:00,ok,True
MT,2025,5,available,RDMT2505.dbc,/dissemin/publicos/SIHSUS/200801_/Dados,1703902.0,,2026-09-16T09:31:03.753955+00:00,ok,True
MT,2025,6,available,RDMT2506.dbc,/dissemin/publicos/SIHSUS/200801_/Dados,1734483.0,,2026-09-16T09:31:03.753955+00:00,ok,True
MT,2025,7,available,RDMT2507.dbc,/dissemin/publicos/SIHSUS/200801_/Dados,1631719.0,,2026-09-16T09:31:03.753955+00:00,ok,True
MT,2025,8,available,RDMT2508.dbc,/dissemin/publicos/SIHSUS/200801_/Dados,1750226.0,,2026-09-16T09:31:03.753955+00:00,ok,True
MT,2025,9,available,RDMT2509.dbc,/dissemin/publicos/SIHSUS/200801_/Dados,1712071.0,,2026-09-16T09:31:03.753955+00:00,ok,True
MT,2025,10,available,RDMT2510.dbc,/dissemin/publicos/SIHSUS/200801_/Dados,1681921.0,,2026-09-16T09:31:03.753955+00:00,ok,True
MT,2025,11,available,RDMT2511.dbc,/dissemin/publicos/SIHSUS/200801_/Dados,1597086.0,,2026-09-16T09:31:03.753955+00:00,ok,True
MT,2025,12,available,RDMT2512.dbc,/dissemin/publicos/SIHSUS/200801_/Dados,1536506.0,,2026-09-16T09:31:03.753955+00:00,ok,True
PA,2025,1,available,RDPA2501.dbc,/dissemin/publicos/SIHSUS/200801_/Dados,3104813.0,,2026-09-16T09:31:03.753955+00:00,ok,True
PA,2025,2,available,RDPA2502.dbc,/dissemin/publicos/SIHSUS/200801_/Dados,3042086.0,,2026-09-16T09:31:03.753955+00:00,ok,True
PA,2025,3,available,RDPA2503.dbc,/dissemin/publicos/SIHSUS/200801_/Dados,3281762.0,,2026-09-16T09:31:03.753955+00:00,ok,True
PA,2025,4,available,RDPA2504.dbc,/dissemin/publicos/SIHSUS/200801_/Dados,3228910.0,,2026-09-16T09:31:03.753955+00:00,ok,True
PA,2025,5,available,RDPA2505.dbc,/dissemin/publicos/SIHSUS/200801_/Dados,3417859.0,,2026-09-16T09:31:03.753955+00:00,ok,True
PA,2025,6,available,RDPA2506.dbc,/dissemin/publicos/SIHSUS/200801_/Dados,3399464.0,,2026-09-16T09:31:03.753955+00:00,ok,True
PA,2025,7,available,RDPA2507.dbc,/dissemin/publicos/SIHSUS/200801_/Dados,3462258.0,,2026-09-16T09:31:03.753955+00:00,ok,True
PA,2025,8,available,RDPA2508.dbc,/dissemin/publicos/SIHSUS/200801_/Dados,3567490.0,,2026-09-16T09:31:03.753955+00:00,ok,True
PA,2025,9,available,RDPA2509.dbc,/dissemin/publicos/SIHSUS/200801_/Dados,3449198.0,,2026-09-16T09:31:03.753955+00:00,ok,True
PA,2025,10,available,RDPA2510.dbc,/dissemin/publicos/SIHSUS/200801_/Dados,3528507.0,,2026-09-16T09:31:03.753955+00:00,ok,True
PA,2025,11,available,RDPA2511.dbc,/dissemin/publicos/SIHSUS/200801_/Dados,3413192.0,,2026-09-16T09:31:03.753955+00:00,ok,True
PA,2025,12,available,RDPA2512.dbc,/dissemin/publicos/SIHSUS/200801_/Dados,3410004.0,,2026-09-16T09:31:03.753955+00:00,ok,True
PB,2025,1,available,RDPB2501.dbc,/dissemin/publicos/SIHSUS/200801_/Dados,1522063.0,,2026-09-16T09:31:03.753955+00:00,ok,True
PB,2025,2,available,RDPB2502.dbc,/dissemin/publicos/SIHSUS/200801_/Dados,1476488.0,,2026-09-16T09:31:03.753955+00:00,ok,True
PB,2025,3,available,RDPB2503.dbc,/dissemin/publicos/SIHSUS/200801_/Dados,1611397.0,,2026-09-16T09:31:03.753955+00:00,ok,True
PB,2025,4,available,RDPB2504.dbc,/dissemin/publicos/SIHSUS/200801_/Dados,1585533.0,,2026-09-16T09:31:03.753955+00:00,ok,True
PB,2025,5,available,RDPB2505.dbc,/dissemin/publicos/SIHSUS/200801_/Dados,1696345.0,,2026-09-16T09:31:03.753955+00:00,ok,True
PB,2025,6,available,RDPB2506.dbc,/dissemin/publicos/SIHSUS/200801_/Dados,1688223.0,,2026-09-16T09:31:03.753955+00:00,ok,True
PB,2025,7,available,RDPB2507.dbc,/dissemin/publicos/SIHSUS/200801_/Dados,1764025.0,,2026-09-16T09:31:03.753955+00:00,ok,True
PB,2025,8,available,RDPB2508.dbc,/dissemin/publicos/SIHSUS/200801_/Dados,1797135.0,,2026-09-16T09:31:03.753955+00:00,ok,True
PB,2025,9,available,RDPB2509.dbc,/dissemin/publicos/SIHSUS/200801_/Dados,1729966.0,,2026-09-16T09:31:03.753955+00:00,ok,True
PB,2025,10,available,RDPB2510.dbc,/dissemin/publicos/SIHSUS/200801_/Dados,1804091.0,,2026-09-16T09:31:03.753955+00:00,ok,True
PB,2025,11,available,RDPB2511.dbc,/dissemin/publicos/SIHSUS/200801_/Dados,1605137.0,,2026-09-16T09:31:03.753955+00:00,ok,True
PB,2025,12,available,RDPB2512.dbc,/dissemin/publicos/SIHSUS/200801_/Dados,1499506.0,,2026-09-16T09:31:03.753955+00:00,ok,True
PE,2025,1,available,RDPE2501.dbc,/dissemin/publicos/SIHSUS/200801_/Dados,3929369.0,,2026-09-16T09:31:03.753955+00:00,ok,True
PE,2025,2,available,RDPE2502.dbc,/dissemin/publicos/SIHSUS/200801_/Dados,3768413.0,,2026-09-16T09:31:03.753955+00:00,ok,True
PE,2025,3,available,RDPE2503.dbc,/dissemin/publicos/SIHSUS/200801_/Dados,4006823.0,,2026-09-16T09:31:03.753955+00:00,ok,True
PE,2025,4,available,RDPE2504.dbc,/dissemin/publicos/SIHSUS/200801_/Dados,4150631.0,,2026-09-16T09:31:03.753955+00:00,ok,True
PE,2025,5,available,RDPE2505.dbc,/dissemin/publicos/SIHSUS/200801_/Dados,4367232.0,,2026-09-16T09:31:03.753955+00:00,ok,True
PE,2025,6,available,RDPE2506.dbc,/dissemin/publicos/SIHSUS/200801_/Dados,4046853.0,,2026-09-16T09:31:03.753955+00:00,ok,True
PE,2025,7,available,RDPE2507.dbc,/dissemin/publicos/SIHSUS/200801_/Dados,4227191.0,,2026-09-16T09:31:03.753955+00:00,ok,True
PE,2025,8,available,RDPE2508.dbc,/dissemin/publicos/SIHSUS/200801_/Dados,4349853.0,,2026-09-16T09:31:03.753955+00:00,ok,True
PE,2025,9,available,RDPE2509.dbc,/dissemin/publicos/SIHSUS/200801_/Dados,4323828.0,,2026-09-16T09:31:03.753955+00:00,ok,True
PE,2025,10,available,RDPE2510.dbc,/dissemin/publicos/SIHSUS/200801_/Dados,4350243.0,,2026-09-16T09:31:03.753955+00:00,ok,True
PE,2025,11,available,RDPE2511.dbc,/dissemin/publicos/SIHSUS/200801_/Dados,4093589.0,,2026-09-16T09:31:03.753955+00:00,ok,True
PE,2025,12,available,RDPE2512.dbc,/dissemin/publicos/SIHSUS/200801_/Dados,4156171.0,,2026-09-16T09:31:03.753955+00:00,ok,True
PI,2025,1,available,RDPI2501.dbc,/dissemin/publicos/SIHSUS/200801_/Dados,1427233.0,,2026-09-16T09:31:03.753955+00:00,ok,True
PI,2025,2,available,RDPI2502.dbc,/dissemin/publicos/SIHSUS/200801_/Dados,1272783.0,,2026-09-16T09:31:03.753955+00:00,ok,True
PI,2025,3,available,RDPI2503.dbc,/dissemin/publicos/SIHSUS/200801_/Dados,1377960.0,,2026-09-16T09:31:03.753955+00:00,ok,True
PI,2025,4,available,RDPI2504.dbc,/dissemin/publicos/SIHSUS/200801_/Dados,1307865.0,,2026-09-16T09:31:03.753955+00:00,ok,True
PI,2025,5,available,RDPI2505.dbc,/dissemin/publicos/SIHSUS/200801_/Dados,1434371.0,,2026-09-16T09:31:03.753955+00:00,ok,True
PI,2025,6,available,RDPI2506.dbc,/dissemin/publicos/SIHSUS/200801_/Dados,1437822.0,,2026-09-16T09:31:03.753955+00:00,ok,True
PI,2025,7,available,RDPI2507.dbc,/dissemin/publicos/SIHSUS/200801_/Dados,1460850.0,,2026-09-16T09:31:03.753955+00:00,ok,True
PI,2025,8,available,RDPI2508.dbc,/dissemin/publicos/SIHSUS/200801_/Dados,1425880.0,,2026-09-16T09:31:03.753955+00:00,ok,True
PI,2025,9,available,RDPI2509.dbc,/dissemin/publicos/SIHSUS/200801_/Dados,1267146.0,,2026-09-16T09:31:03.753955+00:00,ok,True
PI,2025,10,available,RDPI2510.dbc,/dissemin/publicos/SIHSUS/200801_/Dados,1514021.0,,2026-09-16T09:31:03.753955+00:00,ok,True
PI,2025,11,available,RDPI2511.dbc,/dissemin/publicos/SIHSUS/200801_/Dados,1376939.0,,2026-09-16T09:31:03.753955+00:00,ok,True
PI,2025,12,available,RDPI2512.dbc,/dissemin/publicos/SIHSUS/200801_/Dados,1431383.0,,2026-09-16T09:31:03.753955+00:00,ok,True
PR,2025,1,available,RDPR2501.dbc,/dissemin/publicos/SIHSUS/200801_/Dados,6681810.0,,2026-09-16T09:31:03.753955+00:00,ok,True
PR,2025,2,available,RDPR2502.dbc,/dissemin/publicos/SIHSUS/200801_/Dados,6490156.0,,2026-09-16T09:31:03.753955+00:00,ok,True
PR,2025,3,available,RDPR2503.dbc,/dissemin/publicos/SIHSUS/200801_/Dados,6692973.0,,2026-09-16T09:31:03.753955+00:00,ok,True
PR,2025,4,available,RDPR2504.dbc,/dissemin/publicos/SIHSUS/200801_/Dados,6798319.0,,2026-09-16T09:31:03.753955+00:00,ok,True
PR,2025,5,available,RDPR2505.dbc,/dissemin/publicos/SIHSUS/200801_/Dados,7020609.0,,2026-09-16T09:31:03.753955+00:00,ok,True
PR,2025,6,available,RDPR2506.dbc,/dissemin/publicos/SIHSUS/200801_/Dados,7119986.0,,2026-09-16T09:31:03.753955+00:00,ok,True
PR,2025,7,available,RDPR2507.dbc,/dissemin/publicos/SIHSUS/200801_/Dados,7251140.0,,2026-09-16T09:31:03.753955+00:00,ok,True
PR,2025,8,available,RDPR2508.dbc,/dissemin/publicos/SIHSUS/200801_/Dados,7133379.0,,2026-09-16T09:31:03.753955+00:00,ok,True
PR,2025,9,available,RDPR2509.dbc,/dissemin/publicos/SIHSUS/200801_/Dados,7149573.0,,2026-09-16T09:31:03.753955+00:00,ok,True
PR,2025,10,available,RDPR2510.dbc,/dissemin/publicos/SIHSUS/200801_/Dados,7339679.0,,2026-09-16T09:31:03.753955+00:00,ok,True
PR,2025,11,available,RDPR2511.dbc,/dissemin/publicos/SIHSUS/200801_/Dados,7006841.0,,2026-09-16T09:31:03.753955+00:00,ok,True
PR,2025,12,available,RDPR2512.dbc,/dissemin/publicos/SIHSUS/200801_/Dados,6909112.0,,2026-09-16T09:31:03.753955+00:00,ok,True
RJ,2025,1,available,RDRJ2501.dbc,/dissemin/publicos/SIHSUS/200801_/Dados,5890232.0,,2026-09-16T09:31:03.753955+00:00,ok,True
RJ,2025,2,available,RDRJ2502.dbc,/dissemin/publicos/SIHSUS/200801_/Dados,5617016.0,,2026-09-16T09:31:03.753955+00:00,ok,True
RJ,2025,3,available,RDRJ2503.dbc,/dissemin/publicos/SIHSUS/200801_/Dados,5751601.0,,2026-09-16T09:31:03.753955+00:00,ok,True
RJ,2025,4,available,RDRJ2504.dbc,/dissemin/publicos/SIHSUS/200801_/Dados,5713834.0,,2026-09-16T09:31:03.753955+00:00,ok,True
RJ,2025,5,available,RDRJ2505.dbc,/dissemin/publicos/SIHSUS/200801_/Dados,6126202.0,,2026-09-16T09:31:03.753955+00:00,ok,True
RJ,2025,6,available,RDRJ2506.dbc,/dissemin/publicos/SIHSUS/200801_/Dados,6065195.0,,2026-09-16T09:31:03.753955+00:00,ok,True
RJ,2025,7,available,RDRJ2507.dbc,/dissemin/publicos/SIHSUS/200801_/Dados,6282589.0,,2026-09-16T09:31:03.753955+00:00,ok,True
RJ,2025,8,available,RDRJ2508.dbc,/dissemin/publicos/SIHSUS/200801_/Dados,6184473.0,,2026-09-16T09:31:03.753955+00:00,ok,True
RJ,2025,9,available,RDRJ2509.dbc,/dissemin/publicos/SIHSUS/200801_/Dados,6260233.0,,2026-09-16T09:31:03.753955+00:00,ok,True
RJ,2025,10,available,RDRJ2510.dbc,/dissemin/publicos/SIHSUS/200801_/Dados,6334272.0,,2026-09-16T09:31:03.753955+00:00,ok,True
RJ,2025,11,available,RDRJ2511.dbc,/dissemin/publicos/SIHSUS/200801_/Dados,6013496.0,,2026-09-16T09:31:03.753955+00:00,ok,True
RJ,2025,12,available,RDRJ2512.dbc,/dissemin/publicos/SIHSUS/200801_/Dados,5938848.0,,2026-09-16T09:31:03.753955+00:00,ok,True
RN,2025,1,available,RDRN2501.dbc,/dissemin/publicos/SIHSUS/200801_/Dados,1360945.0,,2026-09-16T09:31:03.753955+00:00,ok,True
RN,2025,2,available,RDRN2502.dbc,/dissemin/publicos/SIHSUS/200801_/Dados,1326772.0,,2026-09-16T09:31:03.753955+00:00,ok,True
RN,2025,3,available,RDRN2503.dbc,/dissemin/publicos/SIHSUS/200801_/Dados,1393972.0,,2026-09-16T09:31:03.753955+00:00,ok,True
RN,2025,4,available,RDRN2504.dbc,/dissemin/publicos/SIHSUS/200801_/Dados,1375448.0,,2026-09-16T09:31:03.753955+00:00,ok,True
RN,2025,5,available,RDRN2505.dbc,/dissemin/publicos/SIHSUS/200801_/Dados,1499983.0,,2026-09-16T09:31:03.753955+00:00,ok,True
RN,2025,6,available,RDRN2506.dbc,/dissemin/publicos/SIHSUS/200801_/Dados,1423363.0,,2026-09-16T09:31:03.753955+00:00,ok,True
RN,2025,7,available,RDRN2507.dbc,/dissemin/publicos/SIHSUS/200801_/Dados,1494339.0,,2026-09-16T09:31:03.753955+00:00,ok,True
RN,2025,8,available,RDRN2508.dbc,/dissemin/publicos/SIHSUS/200801_/Dados,1437185.0,,2026-09-16T09:31:03.753955+00:00,ok,True
RN,2025,9,available,RDRN2509.dbc,/dissemin/publicos/SIHSUS/200801_/Dados,1415556.0,,2026-09-16T09:31:03.753955+00:00,ok,True
RN,2025,10,available,RDRN2510.dbc,/dissemin/publicos/SIHSUS/200801_/Dados,1380995.0,,2026-09-16T09:31:03.753955+00:00,ok,True
RN,2025,11,available,RDRN2511.dbc,/dissemin/publicos/SIHSUS/200801_/Dados,1364392.0,,2026-09-16T09:31:03.753955+00:00,ok,True
RN,2025,12,available,RDRN2512.dbc,/dissemin/publicos/SIHSUS/200801_/Dados,1301137.0,,2026-09-16T09:31:03.753955+00:00,ok,True
RO,2025,1,available,RDRO2501.dbc,/dissemin/publicos/SIHSUS/200801_/Dados,765535.0,,2026-09-16T09:31:03.753955+00:00,ok,True
RO,2025,2,available,RDRO2502.dbc,/dissemin/publicos/SIHSUS/200801_/Dados,731448.0,,2026-09-16T09:31:03.753955+00:00,ok,True
RO,2025,3,available,RDRO2503.dbc,/dissemin/publicos/SIHSUS/200801_/Dados,761844.0,,2026-09-16T09:31:03.753955+00:00,ok,True
RO,2025,4,available,RDRO2504.dbc,/dissemin/publicos/SIHSUS/200801_/Dados,812586.0,,2026-09-16T09:31:03.753955+00:00,ok,True
RO,2025,5,available,RDRO2505.dbc,/dissemin/publicos/SIHSUS/200801_/Dados,832186.0,,2026-09-16T09:31:03.753955+00:00,ok,True
RO,2025,6,available,RDRO2506.dbc,/dissemin/publicos/SIHSUS/200801_/Dados,780174.0,,2026-09-16T09:31:03.753955+00:00,ok,True
RO,2025,7,available,RDRO2507.dbc,/dissemin/publicos/SIHSUS/200801_/Dados,886259.0,,2026-09-16T09:31:03.753955+00:00,ok,True
RO,2025,8,available,RDRO2508.dbc,/dissemin/publicos/SIHSUS/200801_/Dados,871060.0,,2026-09-16T09:31:03.753955+00:00,ok,True
RO,2025,9,available,RDRO2509.dbc,/dissemin/publicos/SIHSUS/200801_/Dados,863273.0,,2026-09-16T09:31:03.753955+00:00,ok,True
RO,2025,10,available,RDRO2510.dbc,/dissemin/publicos/SIHSUS/200801_/Dados,901461.0,,2026-09-16T09:31:03.753955+00:00,ok,True
RO,2025,11,available,RDRO2511.dbc,/dissemin/publicos/SIHSUS/200801_/Dados,857094.0,,2026-09-16T09:31:03.753955+00:00,ok,True
RO,2025,12,available,RDRO2512.dbc,/dissemin/publicos/SIHSUS/200801_/Dados,801827.0,,2026-09-16T09:31:03.753955+00:00,ok,True
RR,2025,1,available,RDRR2501.dbc,/dissemin/publicos/SIHSUS/200801_/Dados,276752.0,,2026-09-16T09:31:03.753955+00:00,ok,True
RR,2025,2,available,RDRR2502.dbc,/dissemin/publicos/SIHSUS/200801_/Dados,213813.0,,2026-09-16T09:31:03.753955+00:00,ok,True
RR,2025,3,available,RDRR2503.dbc,/dissemin/publicos/SIHSUS/200801_/Dados,258435.0,,2026-09-16T09:31:03.753955+00:00,ok,True
RR,2025,4,available,RDRR2504.dbc,/dissemin/publicos/SIHSUS/200801_/Dados,220431.0,,2026-09-16T09:31:03.753955+00:00,ok,True
RR,2025,5,available,RDRR2505.dbc,/dissemin/publicos/SIHSUS/200801_/Dados,216385.0,,2026-09-16T09:31:03.753955+00:00,ok,True
RR,2025,6,available,RDRR2506.dbc,/dissemin/publicos/SIHSUS/200801_/Dados,219859.0,,2026-09-16T09:31:03.753955+00:00,ok,True
RR,2025,7,available,RDRR2507.dbc,/dissemin/publicos/SIHSUS/200801_/Dados,222006.0,,2026-09-16T09:31:03.753955+00:00,ok,True
RR,2025,8,available,RDRR2508.dbc,/dissemin/publicos/SIHSUS/200801_/Dados,236111.0,,2026-09-16T09:31:03.753955+00:00,ok,True
RR,2025,9,available,RDRR2509.dbc,/dissemin/publicos/SIHSUS/200801_/Dados,205223.0,,2026-09-16T09:31:03.753955+00:00,ok,True
RR,2025,10,available,RDRR2510.dbc,/dissemin/publicos/SIHSUS/200801_/Dados,179387.0,,2026-09-16T09:31:03.753955+00:00,ok,True
RR,2025,11,available,RDRR2511.dbc,/dissemin/publicos/SIHSUS/200801_/Dados,205091.0,,2026-09-16T09:31:03.753955+00:00,ok,True
RR,2025,12,available,RDRR2512.dbc,/dissemin/publicos/SIHSUS/200801_/Dados,158452.0,,2026-09-16T09:31:03.753955+00:00,ok,True
RS,2025,1,available,RDRS2501.dbc,/dissemin/publicos/SIHSUS/200801_/Dados,5254835.0,,2026-09-16T09:31:03.753955+00:00,ok,True
RS,2025,2,available,RDRS2502.dbc,/dissemin/publicos/SIHSUS/200801_/Dados,5191386.0,,2026-09-16T09:31:03.753955+00:00,ok,True
RS,2025,3,available,RDRS2503.dbc,/dissemin/publicos/SIHSUS/200801_/Dados,5377816.0,,2026-09-16T09:31:03.753955+00:00,ok,True
RS,2025,4,available,RDRS2504.dbc,/dissemin/publicos/SIHSUS/200801_/Dados,5500369.0,,2026-09-16T09:31:03.753955+00:00,ok,True
RS,2025,5,available,RDRS2505.dbc,/dissemin/publicos/SIHSUS/200801_/Dados,5725170.0,,2026-09-16T09:31:03.753955+00:00,ok,True
RS,2025,6,available,RDRS2506.dbc,/dissemin/publicos/SIHSUS/200801_/Dados,5565277.0,,2026-09-16T09:31:03.753955+00:00,ok,True
RS,2025,7,available,RDRS2507.dbc,/dissemin/publicos/SIHSUS/200801_/Dados,5828250.0,,2026-09-16T09:31:03.753955+00:00,ok,True
RS,2025,8,available,RDRS2508.dbc,/dissemin/publicos/SIHSUS/200801_/Dados,5799983.0,,2026-09-16T09:31:03.753955+00:00,ok,True
RS,2025,9,available,RDRS2509.dbc,/dissemin/publicos/SIHSUS/200801_/Dados,5882731.0,,2026-09-16T09:31:03.753955+00:00,ok,True
RS,2025,10,available,RDRS2510.dbc,/dissemin/publicos/SIHSUS/200801_/Dados,5937874.0,,2026-09-16T09:31:03.753955+00:00,ok,True
RS,2025,11,available,RDRS2511.dbc,/dissemin/publicos/SIHSUS/200801_/Dados,5767746.0,,2026-09-16T09:31:03.753955+00:00,ok,True
RS,2025,12,available,RDRS2512.dbc,/dissemin/publicos/SIHSUS/200801_/Dados,5516155.0,,2026-09-16T09:31:03.753955+00:00,ok,True
SC,2025,1,available,RDSC2501.dbc,/dissemin/publicos/SIHSUS/200801_/Dados,4244720.0,,2026-09-16T09:31:03.753955+00:00,ok,True
SC,2025,2,available,RDSC2502.dbc,/dissemin/publicos/SIHSUS/200801_/Dados,4213851.0,,2026-09-16T09:31:03.753955+00:00,ok,True
SC,2025,3,available,RDSC2503.dbc,/dissemin/publicos/SIHSUS/200801_/Dados,4336559.0,,2026-09-16T09:31:03.753955+00:00,ok,True
SC,2025,4,available,RDSC2504.dbc,/dissemin/publicos/SIHSUS/200801_/Dados,4353586.0,,2026-09-16T09:31:03.753955+00:00,ok,True
SC,2025,5,available,RDSC2505.dbc,/dissemin/publicos/SIHSUS/200801_/Dados,4750957.0,,2026-09-16T09:31:03.753955+00:00,ok,True
SC,2025,6,available,RDSC2506.dbc,/dissemin/publicos/SIHSUS/200801_/Dados,4501046.0,,2026-09-16T09:31:03.753955+00:00,ok,True
SC,2025,7,available,RDSC2507.dbc,/dissemin/publicos/SIHSUS/200801_/Dados,4768696.0,,2026-09-16T09:31:03.753955+00:00,ok,True
SC,2025,8,available,RDSC2508.dbc,/dissemin/publicos/SIHSUS/200801_/Dados,4709321.0,,2026-09-16T09:31:03.753955+00:00,ok,True
SC,2025,9,available,RDSC2509.dbc,/dissemin/publicos/SIHSUS/200801_/Dados,4677373.0,,2026-09-16T09:31:03.753955+00:00,ok,True
SC,2025,10,available,RDSC2510.dbc,/dissemin/publicos/SIHSUS/200801_/Dados,4803893.0,,2026-09-16T09:31:03.753955+00:00,ok,True
SC,2025,11,available,RDSC2511.dbc,/dissemin/publicos/SIHSUS/200801_/Dados,4602313.0,,2026-09-16T09:31:03.753955+00:00,ok,True
SC,2025,12,available,RDSC2512.dbc,/dissemin/publicos/SIHSUS/200801_/Dados,4356859.0,,2026-09-16T09:31:03.753955+00:00,ok,True
SE,2025,1,available,RDSE2501.dbc,/dissemin/publicos/SIHSUS/200801_/Dados,735130.0,,2026-09-16T09:31:03.753955+00:00,ok,True
SE,2025,2,available,RDSE2502.dbc,/dissemin/publicos/SIHSUS/200801_/Dados,731007.0,,2026-09-16T09:31:03.753955+00:00,ok,True
SE,2025,3,available,RDSE2503.dbc,/dissemin/publicos/SIHSUS/200801_/Dados,773720.0,,2026-09-16T09:31:03.753955+00:00,ok,True
SE,2025,4,available,RDSE2504.dbc,/dissemin/publicos/SIHSUS/200801_/Dados,791608.0,,2026-09-16T09:31:03.753955+00:00,ok,True
SE,2025,5,available,RDSE2505.dbc,/dissemin/publicos/SIHSUS/200801_/Dados,780958.0,,2026-09-16T09:31:03.753955+00:00,ok,True
SE,2025,6,available,RDSE2506.dbc,/dissemin/publicos/SIHSUS/200801_/Dados,711399.0,,2026-09-16T09:31:03.753955+00:00,ok,True
SE,2025,7,available,RDSE2507.dbc,/dissemin/publicos/SIHSUS/200801_/Dados,812741.0,,2026-09-16T09:31:03.753955+00:00,ok,True
SE,2025,8,available,RDSE2508.dbc,/dissemin/publicos/SIHSUS/200801_/Dados,819261.0,,2026-09-16T09:31:03.753955+00:00,ok,True
SE,2025,9,available,RDSE2509.dbc,/dissemin/publicos/SIHSUS/200801_/Dados,841370.0,,2026-09-16T09:31:03.753955+00:00,ok,True
SE,2025,10,available,RDSE2510.dbc,/dissemin/publicos/SIHSUS/200801_/Dados,848371.0,,2026-09-16T09:31:03.753955+00:00,ok,True
SE,2025,11,available,RDSE2511.dbc,/dissemin/publicos/SIHSUS/200801_/Dados,800639.0,,2026-09-16T09:31:03.753955+00:00,ok,True
SE,2025,12,available,RDSE2512.dbc,/dissemin/publicos/SIHSUS/200801_/Dados,797255.0,,2026-09-16T09:31:03.753955+00:00,ok,True
SP,2025,1,available,RDSP2501.dbc,/dissemin/publicos/SIHSUS/200801_/Dados,18808966.0,,2026-09-16T09:31:03.753955+00:00,ok,True
SP,2025,2,available,RDSP2502.dbc,/dissemin/publicos/SIHSUS/200801_/Dados,18002558.0,,2026-09-16T09:31:03.753955+00:00,ok,True
SP,2025,3,available,RDSP2503.dbc,/dissemin/publicos/SIHSUS/200801_/Dados,19325238.0,,2026-09-16T09:31:03.753955+00:00,ok,True
SP,2025,4,available,RDSP2504.dbc,/dissemin/publicos/SIHSUS/200801_/Dados,19379940.0,,2026-09-16T09:31:03.753955+00:00,ok,True
SP,2025,5,available,RDSP2505.dbc,/dissemin/publicos/SIHSUS/200801_/Dados,20447425.0,,2026-09-16T09:31:03.753955+00:00,ok,True
SP,2025,6,available,RDSP2506.dbc,/dissemin/publicos/SIHSUS/200801_/Dados,19289132.0,,2026-09-16T09:31:03.753955+00:00,ok,True
SP,2025,7,available,RDSP2507.dbc,/dissemin/publicos/SIHSUS/200801_/Dados,20207515.0,,2026-09-16T09:31:03.753955+00:00,ok,True
SP,2025,8,available,RDSP2508.dbc,/dissemin/publicos/SIHSUS/200801_/Dados,19971764.0,,2026-09-16T09:31:03.753955+00:00,ok,True
SP,2025,9,available,RDSP2509.dbc,/dissemin/publicos/SIHSUS/200801_/Dados,19857932.0,,2026-09-16T09:31:03.753955+00:00,ok,True
SP,2025,10,available,RDSP2510.dbc,/dissemin/publicos/SIHSUS/200801_/Dados,20454448.0,,2026-09-16T09:31:03.753955+00:00,ok,True
SP,2025,11,available,RDSP2511.dbc,/dissemin/publicos/SIHSUS/200801_/Dados,18936955.0,,2026-09-16T09:31:03.753955+00:00,ok,True
SP,2025,12,available,RDSP2512.dbc,/dissemin/publicos/SIHSUS/200801_/Dados,18239225.0,,2026-09-16T09:31:03.753955+00:00,ok,True
TO,2025,1,available,RDTO2501.dbc,/dissemin/publicos/SIHSUS/200801_/Dados,689207.0,,2026-09-16T09:31:03.753955+00:00,ok,True
TO,2025,2,available,RDTO2502.dbc,/dissemin/publicos/SIHSUS/200801_/Dados,681243.0,,2026-09-16T09:31:03.753955+00:00,ok,True
TO,2025,3,available,RDTO2503.dbc,/dissemin/publicos/SIHSUS/200801_/Dados,697579.0,,2026-09-16T09:31:03.753955+00:00,ok,True
TO,2025,4,available,RDTO2504.dbc,/dissemin/publicos/SIHSUS/200801_/Dados,688853.0,,2026-09-16T09:31:03.753955+00:00,ok,True
TO,2025,5,available,RDTO2505.dbc,/dissemin/publicos/SIHSUS/200801_/Dados,718316.0,,2026-09-16T09:31:03.753955+00:00,ok,True
TO,2025,6,available,RDTO2506.dbc,/dissemin/publicos/SIHSUS/200801_/Dados,731296.0,,2026-09-16T09:31:03.753955+00:00,ok,True
TO,2025,7,available,RDTO2507.dbc,/dissemin/publicos/SIHSUS/200801_/Dados,738155.0,,2026-09-16T09:31:03.753955+00:00,ok,True
TO,2025,8,available,RDTO2508.dbc,/dissemin/publicos/SIHSUS/200801_/Dados,723910.0,,2026-09-16T09:31:03.753955+00:00,ok,True
TO,2025,9,available,RDTO2509.dbc,/dissemin/publicos/SIHSUS/200801_/Dados,694928.0,,2026-09-16T09:31:03.753955+00:00,ok,True
TO,2025,10,available,RDTO2510.dbc,/dissemin/publicos/SIHSUS/200801_/Dados,717056.0,,2026-09-16T09:31:03.753955+00:00,ok,True
TO,2025,11,available,RDTO2511.dbc,/dissemin/publicos/SIHSUS/200801_/Dados,643361.0,,2026-09-16T09:31:03.753955+00:00,ok,True
TO,2025,12,available,RDTO2512.dbc,/dissemin/publicos/SIHSUS/200801_/Dados,597578.0,,2026-09-16T09:31:03.753955+00:00,ok,True
