municipality,ibge_code,name,uf,microregion,microregion_name,income_pc,illiteracy_15plus,sewer_septic,census_year
210005,2100055,Açailândia - MA,MA,21009,Imperatriz,1007.41,12.86,34.846458066767475,2022
210010,2100105,Afonso Cunha - MA,MA,21016,Coelho Neto,605.56,23.22,26.01530311948205,2022
210015,2100154,Água Doce do Maranhão - MA,MA,21013,Baixo Parnaíba Maranhense,597.92,25.700000000000003,37.84928027095682,2022
210020,2100204,Alcântara - MA,MA,21001,Litoral Ocidental Maranhense,681.48,18.480000000000004,31.727099236641223,2022
210030,2100303,Aldeias Altas - MA,MA,21016,Coelho Neto,533.46,28.459999999999994,45.573229291716686,2022
210040,2100402,Altamira do Maranhão - MA,MA,21008,Pindaré,798.15,24.700000000000003,48.51282051282051,2022
210043,2100436,Alto Alegre do Maranhão - MA,MA,21015,Codó,671.08,23.75,42.41379310344828,2022
210047,2100477,Alto Alegre do Pindaré - MA,MA,21008,Pindaré,616.57,22.159999999999997,17.42760942760943,2022
210050,2100501,Alto Parnaíba - MA,MA,21020,Gerais de Balsas,803.48,12.939999999999998,39.794419970631424,2022
210055,2100550,Amapá do Maranhão - MA,MA,21007,Gurupi,546.81,20.760000000000005,1.5802469135802468,2022
210060,2100600,Amarante do Maranhão - MA,MA,21009,Imperatriz,602.61,19.599999999999994,9.088395243801273,2022
210070,2100709,Anajatuba - MA,MA,21005,Baixada Maranhense,647.55,21.980000000000004,8.248559872533399,2022
210080,2100808,Anapurus - MA,MA,21014,Chapadinha,647.27,21.709999999999994,11.536536536536536,2022
210083,2100832,Apicum-Açu - MA,MA,21001,Litoral Ocidental Maranhense,594.97,15.549999999999997,1.0507533703409992,2022
210087,2100873,Araguanã - MA,MA,21008,Pindaré,601.3,20.150000000000006,23.489096573208723,2022
210090,2100907,Araioses - MA,MA,21013,Baixo Parnaíba Maranhense,495.55,27.620000000000005,7.308109913973106,2022
210095,2100956,Arame - MA,MA,21011,Alto Mearim e Grajaú,570.78,24.989999999999995,1.2720156555772995,2022
210100,2101004,Arari - MA,MA,21005,Baixada Maranhense,723.36,15.540000000000006,8.521079634173544,2022
210110,2101103,Axixá - MA,MA,21003,Rosário,692.03,12.5,30.35287081339713,2022
210120,2101202,Bacabal - MA,MA,21010,Médio Mearim,894.93,14.870000000000005,44.19785364667254,2022
210125,2101251,Bacabeira - MA,MA,21003,Rosário,704.29,14.019999999999996,7.24007561436673,2022
210130,2101301,Bacuri - MA,MA,21001,Litoral Ocidental Maranhense,639.65,19.069999999999993,17.499024580569646,2022
210135,2101350,Bacurituba - MA,MA,21001,Litoral Ocidental Maranhense,624.92,16.980000000000004,34.50057405281286,2022
210140,2101400,Balsas - MA,MA,21020,Gerais de Balsas,1166.62,8.409999999999997,68.35512866275108,2022
210150,2101509,Barão de Grajaú - MA,MA,21018,Chapadas do Alto Itapecuru,815.92,16.519999999999996,44.65146161259236,2022
210160,2101608,Barra do Corda - MA,MA,21011,Alto Mearim e Grajaú,817.61,20.239999999999995,15.250858345331709,2022
210170,2101707,Barreirinhas - MA,MA,21004,Lençóis Maranhenses,612.86,16.89,36.95954593511769,2022
210173,2101731,Belágua - MA,MA,21014,Chapadinha,388.46,23.650000000000006,1.78743961352657,2022
210177,2101772,Bela Vista do Maranhão - MA,MA,21005,Baixada Maranhense,670.39,20.510000000000005,77.66323024054982,2022
210180,2101806,Benedito Leite - MA,MA,21021,Chapadas das Mangabeiras,715.98,21.560000000000002,4.612756264236902,2022
210190,2101905,Bequimão - MA,MA,21001,Litoral Ocidental Maranhense,679.09,18.53,5.829730132697182,2022
210193,2101939,Bernardo do Mearim - MA,MA,21010,Médio Mearim,728.32,17.67,64.89184692179701,2022
210197,2101970,Boa Vista do Gurupi - MA,MA,21007,Gurupi,570.27,19.099999999999994,3.6812674743709226,2022
210200,2102002,Bom Jardim - MA,MA,21008,Pindaré,545.68,24.930000000000007,45.616733312826824,2022
210203,2102036,Bom Jesus das Selvas - MA,MA,21008,Pindaré,698.74,22.33,3.388189738625363,2022
210207,2102077,Bom Lugar - MA,MA,21010,Médio Mearim,638.84,26.89,70.4494382022472,2022
210210,2102101,Brejo - MA,MA,21014,Chapadinha,615.04,23.180000000000007,25.36291995022812,2022
210215,2102150,Brejo de Areia - MA,MA,21008,Pindaré,516.09,25.42,71.78781925343812,2022
210220,2102200,Buriti - MA,MA,21014,Chapadinha,489.45,23.64,0.6309538537671656,2022
210230,2102309,Buriti Bravo - MA,MA,21017,Caxias,593.63,23.430000000000007,11.019366461492268,2022
210232,2102325,Buriticupu - MA,MA,21008,Pindaré,667.09,20.549999999999997,32.0337841973193,2022
210235,2102358,Buritirana - MA,MA,21009,Imperatriz,696.88,20.549999999999997,2.06511175898931,2022
210237,2102374,Cachoeira Grande - MA,MA,21003,Rosário,389.45,22.200000000000003,6.005221932114883,2022
210240,2102408,Cajapió - MA,MA,21001,Litoral Ocidental Maranhense,507.33,20.209999999999994,1.1764705882352942,2022
210250,2102507,Cajari - MA,MA,21005,Baixada Maranhense,552.62,14.650000000000006,3.5459547585082536,2022
210255,2102556,Campestre do Maranhão - MA,MA,21019,Porto Franco,833.52,15.549999999999997,60.74863530023395,2022
210260,2102606,Cândido Mendes - MA,MA,21007,Gurupi,587.02,17.129999999999995,1.2143611404435057,2022
210270,2102705,Cantanhede - MA,MA,21006,Itapecuru Mirim,737.41,17.049999999999997,22.357047872340427,2022
210275,2102754,Capinzal do Norte - MA,MA,21015,Codó,780.81,24.83,2.0117351215423303,2022
210280,2102804,Carolina - MA,MA,21019,Porto Franco,936.53,12.25,27.205223402893356,2022
210290,2102903,Carutapera - MA,MA,21007,Gurupi,676.39,14.299999999999997,6.27034677990092,2022
210300,2103000,Caxias - MA,MA,21017,Caxias,853.08,17.519999999999996,47.38501753002925,2022
210310,2103109,Cedral - MA,MA,21001,Litoral Ocidental Maranhense,616.29,13.200000000000003,74.89082969432314,2022
210312,2103125,Central do Maranhão - MA,MA,21001,Litoral Ocidental Maranhense,580.82,20.739999999999995,1.2669683257918551,2022
210315,2103158,Centro do Guilherme - MA,MA,21007,Gurupi,735.27,20.14,75.20560462991166,2022
210317,2103174,Centro Novo do Maranhão - MA,MA,21007,Gurupi,705.59,20.269999999999996,1.8633540372670807,2022
210320,2103208,Chapadinha - MA,MA,21014,Chapadinha,741.25,19.120000000000005,18.717670615718337,2022
210325,2103257,Cidelândia - MA,MA,21009,Imperatriz,831.99,19.049999999999997,72.87644787644787,2022
210330,2103307,Codó - MA,MA,21015,Codó,725.27,22.299999999999997,53.261866544370555,2022
210340,2103406,Coelho Neto - MA,MA,21016,Coelho Neto,671.03,21.540000000000006,43.11849613964418,2022
210350,2103505,Colinas - MA,MA,21018,Chapadas do Alto Itapecuru,711.68,21.709999999999994,10.887678256689632,2022
210355,2103554,Conceição do Lago-Açu - MA,MA,21005,Baixada Maranhense,542.17,23.010000000000005,48.06333739342266,2022
210360,2103604,Coroatá - MA,MA,21015,Codó,625.41,23.760000000000005,48.52559690825348,2022
210370,2103703,Cururupu - MA,MA,21001,Litoral Ocidental Maranhense,699.05,14.510000000000005,35.0513408433855,2022
210375,2103752,Davinópolis - MA,MA,21009,Imperatriz,823.31,14.260000000000005,41.725043782837126,2022
210380,2103802,Dom Pedro - MA,MA,21012,Presidente Dutra,863.58,16.25,43.285420944558524,2022
210390,2103901,Duque Bacelar - MA,MA,21016,Coelho Neto,535.56,26.689999999999998,1.6375545851528384,2022
210400,2104008,Esperantinópolis - MA,MA,21010,Médio Mearim,641.75,21.17,86.0923623445826,2022
210405,2104057,Estreito - MA,MA,21019,Porto Franco,1045.87,11.489999999999995,16.31515376753693,2022
210407,2104073,Feira Nova do Maranhão - MA,MA,21020,Gerais de Balsas,680.02,16.060000000000002,2.0531400966183573,2022
210408,2104081,Fernando Falcão - MA,MA,21011,Alto Mearim e Grajaú,584.52,26.230000000000004,6.746626686656672,2022
210409,2104099,Formosa da Serra Negra - MA,MA,21011,Alto Mearim e Grajaú,658.6,14.079999999999998,0.9165366614664586,2022
210410,2104107,Fortaleza dos Nogueiras - MA,MA,21021,Chapadas das Mangabeiras,922.26,10.939999999999998,12.865197334700154,2022
210420,2104206,Fortuna - MA,MA,21012,Presidente Dutra,663.54,20.480000000000004,9.034267912772586,2022
210430,2104305,Godofredo Viana - MA,MA,21007,Gurupi,799.67,13.450000000000003,2.8343949044585988,2022
210440,2104404,Gonçalves Dias - MA,MA,21012,Presidente Dutra,761.9,24.230000000000004,9.458700131110694,2022
210450,2104503,Governador Archer - MA,MA,21012,Presidente Dutra,708.84,20.92,3.404111897539602,2022
210455,2104552,Governador Edison Lobão - MA,MA,21009,Imperatriz,790.85,15.420000000000002,63.480598017806145,2022
210460,2104602,Governador Eugênio Barros - MA,MA,21012,Presidente Dutra,734.73,23.950000000000003,0.6208323752586802,2022
210462,2104628,Governador Luiz Rocha - MA,MA,21012,Presidente Dutra,710.62,22.510000000000005,0.41189931350114417,2022
210465,2104651,Governador Newton Bello - MA,MA,21008,Pindaré,619.07,18.61,58.018531717747685,2022
210467,2104677,Governador Nunes Freire - MA,MA,21007,Gurupi,678.51,18.040000000000006,17.67324528861849,2022
210470,2104701,Graça Aranha - MA,MA,21012,Presidente Dutra,681.18,20.64,1.5672396359959555,2022
210480,2104800,Grajaú - MA,MA,21011,Alto Mearim e Grajaú,821.45,17.159999999999997,11.801156706141558,2022
210490,2104909,Guimarães - MA,MA,21001,Litoral Ocidental Maranhense,740.79,11.049999999999997,33.930602957906714,2022
210500,2105005,Humberto de Campos - MA,MA,21004,Lençóis Maranhenses,415.69,18.430000000000007,21.062428407789234,2022
210510,2105104,Icatu - MA,MA,21003,Rosário,439.27,17.950000000000003,14.810529360717386,2022
210515,2105153,Igarapé do Meio - MA,MA,21005,Baixada Maranhense,646.04,21.260000000000005,26.53111827423754,2022
210520,2105203,Igarapé Grande - MA,MA,21010,Médio Mearim,800.72,23.370000000000005,32.06083178150217,2022
210530,2105302,Imperatriz - MA,MA,21009,Imperatriz,1324.19,6.780000000000001,83.57916850950906,2022
210535,2105351,Itaipava do Grajaú - MA,MA,21011,Alto Mearim e Grajaú,553.45,25.450000000000003,43.21700341117817,2022
210540,2105401,Itapecuru Mirim - MA,MA,21006,Itapecuru Mirim,658.19,18.010000000000005,25.961436592859414,2022
210542,2105427,Itinga do Maranhão - MA,MA,21009,Imperatriz,882.07,14.879999999999995,14.256368118323747,2022
210545,2105450,Jatobá - MA,MA,21018,Chapadas do Alto Itapecuru,559.77,22.36,6.578947368421052,2022
210547,2105476,Jenipapo dos Vieiras - MA,MA,21011,Alto Mearim e Grajaú,465.99,27.909999999999997,10.431808465156049,2022
210550,2105500,João Lisboa - MA,MA,21009,Imperatriz,850.02,14.810000000000002,42.89273537896669,2022
210560,2105609,Joselândia - MA,MA,21011,Alto Mearim e Grajaú,669.96,24.939999999999998,22.36901030004478,2022
210565,2105658,Junco do Maranhão - MA,MA,21007,Gurupi,569.66,19.629999999999995,1.400933955970647,2022
210570,2105708,Lago da Pedra - MA,MA,21008,Pindaré,819.51,23.790000000000006,28.841730355420346,2022
210580,2105807,Lago do Junco - MA,MA,21010,Médio Mearim,780.64,25.409999999999997,53.537818055071455,2022
210590,2105906,Lago Verde - MA,MA,21010,Médio Mearim,665.18,26.67,42.54528564793311,2022
210592,2105922,Lagoa do Mato - MA,MA,21018,Chapadas do Alto Itapecuru,568.19,22.760000000000005,29.523208083359645,2022
210594,2105948,Lago dos Rodrigues - MA,MA,21010,Médio Mearim,774.33,23.799999999999997,6.607142857142857,2022
210596,2105963,Lagoa Grande do Maranhão - MA,MA,21008,Pindaré,589.81,28.549999999999997,2.228163992869875,2022
210598,2105989,Lajeado Novo - MA,MA,21009,Imperatriz,765.61,16.370000000000005,68.01878736122971,2022
210600,2106003,Lima Campos - MA,MA,21010,Médio Mearim,831.6,21.700000000000003,57.58403935501503,2022
210610,2106102,Loreto - MA,MA,21021,Chapadas das Mangabeiras,747.53,13.439999999999998,80.42460193568529,2022
210620,2106201,Luís Domingues - MA,MA,21007,Gurupi,592.02,13.969999999999999,2.3640661938534278,2022
210630,2106300,Magalhães de Almeida - MA,MA,21013,Baixo Parnaíba Maranhense,660.15,23.760000000000005,3.1324157570004747,2022
210632,2106326,Maracaçumé - MA,MA,21007,Gurupi,546.44,18.209999999999994,8.55,2022
210635,2106359,Marajá do Sena - MA,MA,21008,Pindaré,425.87,28.730000000000004,16.319082377476537,2022
210637,2106375,Maranhãozinho - MA,MA,21007,Gurupi,468.04,22.480000000000004,3.307276007215875,2022
210640,2106409,Mata Roma - MA,MA,21014,Chapadinha,624.96,20.97,13.741411617738914,2022
210650,2106508,Matinha - MA,MA,21005,Baixada Maranhense,630.66,15.329999999999998,3.064965537468837,2022
210660,2106607,Matões - MA,MA,21017,Caxias,597.81,24.61,23.99402284128509,2022
210663,2106631,Matões do Norte - MA,MA,21006,Itapecuru Mirim,446.05,19.200000000000003,12.96438636945939,2022
210667,2106672,Milagres do Maranhão - MA,MA,21014,Chapadinha,433.27,29.340000000000003,0.6331785563528916,2022
210670,2106706,Mirador - MA,MA,21018,Chapadas do Alto Itapecuru,584.89,23.950000000000003,5.182095299213862,2022
210675,2106755,Miranda do Norte - MA,MA,21006,Itapecuru Mirim,629.09,14.450000000000003,28.658074298711146,2022
210680,2106805,Mirinzal - MA,MA,21001,Litoral Ocidental Maranhense,750.33,12.260000000000005,64.20216287795189,2022
210690,2106904,Monção - MA,MA,21005,Baixada Maranhense,555.93,20.450000000000003,17.55907491201609,2022
210700,2107001,Montes Altos - MA,MA,21009,Imperatriz,775.51,15.879999999999995,77.90858725761773,2022
210710,2107100,Morros - MA,MA,21003,Rosário,509.29,18.769999999999996,11.29125651418645,2022
210720,2107209,Nina Rodrigues - MA,MA,21006,Itapecuru Mirim,535.22,19.629999999999995,2.6091888825865004,2022
210725,2107258,Nova Colinas - MA,MA,21021,Chapadas das Mangabeiras,765.0,17.67,1.3577732518669383,2022
210730,2107308,Nova Iorque - MA,MA,21018,Chapadas do Alto Itapecuru,727.08,19.430000000000007,41.079460269865066,2022
210735,2107357,Nova Olinda do Maranhão - MA,MA,21008,Pindaré,627.94,21.33,20.78194088899232,2022
210740,2107407,Olho d'Água das Cunhãs - MA,MA,21010,Médio Mearim,786.89,26.180000000000007,49.24135497529993,2022
210745,2107456,Olinda Nova do Maranhão - MA,MA,21005,Baixada Maranhense,566.55,18.549999999999997,5.743811583753906,2022
210750,2107506,Paço do Lumiar - MA,MA,21002,Aglomeração Urbana de São Luís,1055.14,4.1299999999999955,84.94985374007521,2022
210760,2107605,Palmeirândia - MA,MA,21005,Baixada Maranhense,522.16,19.840000000000003,31.03448275862069,2022
210770,2107704,Paraibano - MA,MA,21018,Chapadas do Alto Itapecuru,735.73,23.620000000000005,4.572497025327214,2022
210780,2107803,Parnarama - MA,MA,21017,Caxias,609.43,25.700000000000003,42.834462320067736,2022
210790,2107902,Passagem Franca - MA,MA,21018,Chapadas do Alto Itapecuru,634.75,25.129999999999995,6.816465256797583,2022
210800,2108009,Pastos Bons - MA,MA,21018,Chapadas do Alto Itapecuru,759.03,17.090000000000003,3.676470588235294,2022
210805,2108058,Paulino Neves - MA,MA,21004,Lençóis Maranhenses,560.24,21.08,7.5147125396106835,2022
210810,2108108,Paulo Ramos - MA,MA,21008,Pindaré,668.82,26.790000000000006,30.820882994796037,2022
210820,2108207,Pedreiras - MA,MA,21010,Médio Mearim,1102.76,15.299999999999997,49.81001156451347,2022
210825,2108256,Pedro do Rosário - MA,MA,21005,Baixada Maranhense,507.8,20.42,10.619596541786743,2022
210830,2108306,Penalva - MA,MA,21005,Baixada Maranhense,565.26,16.810000000000002,8.3384996900186,2022
210840,2108405,Peri Mirim - MA,MA,21005,Baixada Maranhense,665.56,15.319999999999993,8.038075092543627,2022
210845,2108454,Peritoró - MA,MA,21015,Codó,710.01,25.049999999999997,16.60212971926428,2022
210850,2108504,Pindaré-Mirim - MA,MA,21008,Pindaré,786.22,15.730000000000004,66.92821545965433,2022
210860,2108603,Pinheiro - MA,MA,21005,Baixada Maranhense,833.75,14.090000000000003,18.25588066551922,2022
210870,2108702,Pio XII - MA,MA,21010,Médio Mearim,726.65,24.870000000000005,48.342032545287076,2022
210880,2108801,Pirapemas - MA,MA,21006,Itapecuru Mirim,629.73,23.540000000000006,11.106870229007633,2022
210890,2108900,Poção de Pedras - MA,MA,21010,Médio Mearim,810.21,25.340000000000003,61.998247151621385,2022
210900,2109007,Porto Franco - MA,MA,21019,Porto Franco,1084.18,10.950000000000003,22.454207762264634,2022
210905,2109056,Porto Rico do Maranhão - MA,MA,21001,Litoral Ocidental Maranhense,671.08,13.019999999999996,88.89482114255206,2022
210910,2109106,Presidente Dutra - MA,MA,21012,Presidente Dutra,1062.56,16.269999999999996,28.737796373779638,2022
210920,2109205,Presidente Juscelino - MA,MA,21003,Rosário,539.16,20.700000000000003,14.615627965833596,2022
210923,2109239,Presidente Médici - MA,MA,21008,Pindaré,663.31,18.799999999999997,1.2265512265512266,2022
210927,2109270,Presidente Sarney - MA,MA,21005,Baixada Maranhense,516.19,20.349999999999994,11.187677340899878,2022
210930,2109304,Presidente Vargas - MA,MA,21006,Itapecuru Mirim,549.26,19.709999999999994,6.62166505946641,2022
210940,2109403,Primeira Cruz - MA,MA,21004,Lençóis Maranhenses,413.0,20.310000000000002,7.519422863485016,2022
210945,2109452,Raposa - MA,MA,21002,Aglomeração Urbana de São Luís,872.96,10.280000000000001,37.47370635254523,2022
210950,2109502,Riachão - MA,MA,21020,Gerais de Balsas,751.06,15.010000000000005,20.167949615115464,2022
210955,2109551,Ribamar Fiquene - MA,MA,21009,Imperatriz,725.47,16.53,14.42109600329625,2022
210960,2109601,Rosário - MA,MA,21003,Rosário,675.16,13.400000000000006,40.40745628505444,2022
210970,2109700,Sambaíba - MA,MA,21021,Chapadas das Mangabeiras,703.14,19.700000000000003,18.40381179273377,2022
210975,2109759,Santa Filomena do Maranhão - MA,MA,21011,Alto Mearim e Grajaú,602.71,23.61,12.043978010994502,2022
210980,2109809,Santa Helena - MA,MA,21005,Baixada Maranhense,599.67,17.83,11.948829613500273,2022
210990,2109908,Santa Inês - MA,MA,21008,Pindaré,979.59,12.409999999999997,69.38183441196162,2022
211000,2110005,Santa Luzia - MA,MA,21008,Pindaré,712.85,23.08,20.78760490639122,2022
211003,2110039,Santa Luzia do Paruá - MA,MA,21008,Pindaré,793.93,16.069999999999993,4.850014017381553,2022
211010,2110104,Santa Quitéria do Maranhão - MA,MA,21013,Baixo Parnaíba Maranhense,509.6,24.090000000000003,46.04837467262363,2022
211020,2110203,Santa Rita - MA,MA,21003,Rosário,667.41,15.579999999999998,5.136592697374238,2022
211023,2110237,Santana do Maranhão - MA,MA,21013,Baixo Parnaíba Maranhense,552.6,28.200000000000003,11.6869918699187,2022
211027,2110278,Santo Amaro do Maranhão - MA,MA,21004,Lençóis Maranhenses,520.09,17.680000000000007,52.36619718309859,2022
211030,2110302,Santo Antônio dos Lopes - MA,MA,21010,Médio Mearim,717.65,23.08,30.55045871559633,2022
211040,2110401,São Benedito do Rio Preto - MA,MA,21014,Chapadinha,445.33,20.959999999999994,10.001992428770672,2022
211050,2110500,São Bento - MA,MA,21005,Baixada Maranhense,536.73,15.769999999999996,4.722292244349214,2022
211060,2110609,São Bernardo - MA,MA,21013,Baixo Parnaíba Maranhense,648.46,22.459999999999994,31.796522858982613,2022
211065,2110658,São Domingos do Azeitão - MA,MA,21021,Chapadas das Mangabeiras,762.98,20.64,19.875500222321033,2022
211070,2110708,São Domingos do Maranhão - MA,MA,21012,Presidente Dutra,758.81,21.090000000000003,15.312470981521033,2022
211080,2110807,São Félix de Balsas - MA,MA,21021,Chapadas das Mangabeiras,673.96,22.560000000000002,3.8869257950530036,2022
211085,2110856,São Francisco do Brejão - MA,MA,21009,Imperatriz,766.28,19.019999999999996,12.477969686288333,2022
211090,2110906,São Francisco do Maranhão - MA,MA,21018,Chapadas do Alto Itapecuru,595.04,25.159999999999997,1.6544117647058822,2022
211100,2111003,São João Batista - MA,MA,21005,Baixada Maranhense,591.36,18.260000000000005,12.891749957648653,2022
211102,2111029,São João do Carú - MA,MA,21008,Pindaré,554.76,28.209999999999994,5.126658624849216,2022
211105,2111052,São João do Paraíso - MA,MA,21019,Porto Franco,773.11,13.349999999999994,1.278453383224197,2022
211107,2111078,São João do Soter - MA,MA,21017,Caxias,537.27,27.150000000000006,48.607594936708864,2022
211110,2111102,São João dos Patos - MA,MA,21018,Chapadas do Alto Itapecuru,851.72,16.769999999999996,6.201644100580271,2022
211120,2111201,São José de Ribamar - MA,MA,21002,Aglomeração Urbana de São Luís,1134.31,4.840000000000003,79.18476115278327,2022
211125,2111250,São José dos Basílios - MA,MA,21012,Presidente Dutra,543.75,24.700000000000003,1.0910815939278937,2022
211130,2111300,São Luís - MA,MA,21002,Aglomeração Urbana de São Luís,1595.48,3.989999999999995,83.24032759431527,2022
211140,2111409,São Luís Gonzaga do Maranhão - MA,MA,21010,Médio Mearim,635.4,26.700000000000003,59.44244604316547,2022
211150,2111508,São Mateus do Maranhão - MA,MA,21010,Médio Mearim,753.38,21.53,27.23165732452104,2022
211153,2111532,São Pedro da Água Branca - MA,MA,21009,Imperatriz,728.31,19.459999999999994,4.217479674796748,2022
211157,2111573,São Pedro dos Crentes - MA,MA,21019,Porto Franco,726.47,8.930000000000007,7.606787595084845,2022
211160,2111607,São Raimundo das Mangabeiras - MA,MA,21021,Chapadas das Mangabeiras,850.43,13.780000000000001,16.775975146703487,2022
211163,2111631,São Raimundo do Doca Bezerra - MA,MA,21010,Médio Mearim,589.9,22.370000000000005,13.827893175074184,2022
211167,2111672,São Roberto - MA,MA,21010,Médio Mearim,545.37,25.310000000000002,33.40659340659341,2022
211170,2111706,São Vicente Ferrer - MA,MA,21005,Baixada Maranhense,605.08,21.28,16.370334774947942,2022
211172,2111722,Satubinha - MA,MA,21010,Médio Mearim,634.69,25.569999999999993,19.346938775510203,2022
211174,2111748,Senador Alexandre Costa - MA,MA,21012,Presidente Dutra,661.54,24.930000000000007,0.46250412950115627,2022
211176,2111763,Senador La Rocque - MA,MA,21009,Imperatriz,797.07,20.08,26.514657980456025,2022
211178,2111789,Serrano do Maranhão - MA,MA,21001,Litoral Ocidental Maranhense,642.91,20.700000000000003,38.595933926302415,2022
211180,2111805,Sítio Novo - MA,MA,21011,Alto Mearim e Grajaú,668.73,17.010000000000005,12.872811237252261,2022
211190,2111904,Sucupira do Norte - MA,MA,21018,Chapadas do Alto Itapecuru,694.83,19.939999999999998,10.809082187400064,2022
211195,2111953,Sucupira do Riachão - MA,MA,21018,Chapadas do Alto Itapecuru,658.02,23.810000000000002,64.62324393358877,2022
211200,2112001,Tasso Fragoso - MA,MA,21020,Gerais de Balsas,889.15,13.280000000000001,37.793783169067474,2022
211210,2112100,Timbiras - MA,MA,21015,Codó,538.9,28.799999999999997,28.924092409240924,2022
211220,2112209,Timon - MA,MA,21017,Caxias,937.58,11.680000000000007,52.59691138212882,2022
211223,2112233,Trizidela do Vale - MA,MA,21010,Médio Mearim,801.9,16.689999999999998,60.726072607260726,2022
211227,2112274,Tufilândia - MA,MA,21008,Pindaré,622.31,23.680000000000007,17.99617102744097,2022
211230,2112308,Tuntum - MA,MA,21011,Alto Mearim e Grajaú,648.84,21.89,14.583333333333334,2022
211240,2112407,Turiaçu - MA,MA,21007,Gurupi,548.2,15.719999999999999,0.5574026990025426,2022
211245,2112456,Turilândia - MA,MA,21007,Gurupi,469.19,17.549999999999997,3.6461943712740883,2022
211250,2112506,Tutóia - MA,MA,21004,Lençóis Maranhenses,594.37,22.340000000000003,8.905317417254476,2022
211260,2112605,Urbano Santos - MA,MA,21014,Chapadinha,552.47,21.47,9.570880334922665,2022
211270,2112704,Vargem Grande - MA,MA,21006,Itapecuru Mirim,616.42,22.430000000000007,12.847383946592144,2022
211280,2112803,Viana - MA,MA,21005,Baixada Maranhense,717.55,13.790000000000006,29.447541814495693,2022
211285,2112852,Vila Nova dos Martírios - MA,MA,21009,Imperatriz,727.65,20.709999999999994,4.3478260869565215,2022
211290,2112902,Vitória do Mearim - MA,MA,21005,Baixada Maranhense,641.96,18.61,1.87025756118414,2022
211300,2113009,Vitorino Freire - MA,MA,21008,Pindaré,754.86,23.400000000000006,16.31859131859132,2022
211400,2114007,Zé Doca - MA,MA,21008,Pindaré,760.1,19.230000000000004,28.125742339060892,2022
220005,2200053,Acauã - PI,PI,22015,Alto Médio Canindé,611.2,16.89,2.3014440433212995,2022
220010,2200103,Agricolândia - PI,PI,22005,Médio Parnaíba Piauiense,728.51,21.03,10.220673635307781,2022
220020,2200202,Água Branca - PI,PI,22005,Médio Parnaíba Piauiense,838.94,15.060000000000002,66.10544217687075,2022
220025,2200251,Alagoinha do Piauí - PI,PI,22014,Pio IX,640.87,33.61,28.271844660194176,2022
220027,2200277,Alegrete do Piauí - PI,PI,22014,Pio IX,652.29,29.209999999999994,4.200626959247649,2022
220030,2200301,Alto Longá - PI,PI,22004,Campo Maior,754.37,28.25,6.109324758842444,2022
220040,2200400,Altos - PI,PI,22003,Teresina,836.62,16.980000000000004,77.36620089638808,2022
220045,2200459,Alvorada do Gurguéia - PI,PI,22010,Alto Médio Gurguéia,644.28,17.480000000000004,31.137724550898202,2022
220050,2200509,Amarante - PI,PI,22005,Médio Parnaíba Piauiense,765.13,22.090000000000003,58.30164765525982,2022
220060,2200608,Angical do Piauí - PI,PI,22005,Médio Parnaíba Piauiense,869.02,18.150000000000006,12.102689486552567,2022
220070,2200707,Anísio de Abreu - PI,PI,22011,São Raimundo Nonato,740.25,22.840000000000003,32.95668549905838,2022
220080,2200806,Antônio Almeida - PI,PI,22008,Bertolínia,906.69,16.950000000000003,35.86538461538461,2022
220090,2200905,Aroazes - PI,PI,22006,Valença do Piauí,732.79,24.090000000000003,35.16785910842047,2022
220095,2200954,Aroeiras do Itaim - PI,PI,22013,Picos,705.46,34.629999999999995,32.02127659574468,2022
220100,2201002,Arraial - PI,PI,22005,Médio Parnaíba Piauiense,683.68,23.75,2.217873450750163,2022
220105,2201051,Assunção do Piauí - PI,PI,22004,Campo Maior,499.26,31.299999999999997,13.052721088435375,2022
220110,2201101,Avelino Lopes - PI,PI,22012,Chapadas do Extremo Sul Piauiense,678.26,18.900000000000006,13.677313677313677,2022
220115,2201150,Baixa Grande do Ribeiro - PI,PI,22007,Alto Parnaíba Piauiense,816.19,14.909999999999997,41.69456605717229,2022
220117,2201176,Barra D'Alcântara - PI,PI,22006,Valença do Piauí,661.27,21.909999999999997,50.717703349282296,2022
220120,2201200,Barras - PI,PI,22001,Baixo Parnaíba Piauiense,741.61,24.959999999999994,4.94736117800867,2022
220130,2201309,Barreiras do Piauí - PI,PI,22010,Alto Médio Gurguéia,660.51,16.17,1.6815034619188922,2022
220140,2201408,Barro Duro - PI,PI,22005,Médio Parnaíba Piauiense,740.09,23.36,39.36610013780432,2022
220150,2201507,Batalha - PI,PI,22001,Baixo Parnaíba Piauiense,649.57,25.25,35.94523069842366,2022
220155,2201556,Bela Vista do Piauí - PI,PI,22015,Alto Médio Canindé,691.55,15.719999999999999,2.67639902676399,2022
220157,2201572,Belém do Piauí - PI,PI,22015,Alto Médio Canindé,843.88,29.319999999999993,1.1494252873563218,2022
220160,2201606,Beneditinos - PI,PI,22003,Teresina,652.94,26.189999999999998,52.421652421652425,2022
220170,2201705,Bertolínia - PI,PI,22008,Bertolínia,945.82,16.64,3.1764038570618265,2022
220173,2201739,Betânia do Piauí - PI,PI,22015,Alto Médio Canindé,574.1,28.64,18.06640625,2022
220177,2201770,Boa Hora - PI,PI,22001,Baixo Parnaíba Piauiense,616.36,28.340000000000003,10.518731988472622,2022
220180,2201804,Bocaina - PI,PI,22013,Picos,900.37,17.53,67.46987951807229,2022
220190,2201903,Bom Jesus - PI,PI,22010,Alto Médio Gurguéia,1130.24,11.900000000000006,39.63963963963964,2022
220191,2201919,Bom Princípio do Piauí - PI,PI,22002,Litoral Piauiense,544.35,22.680000000000007,1.0445299615173171,2022
220192,2201929,Bonfim do Piauí - PI,PI,22011,São Raimundo Nonato,637.35,29.47,20.443101711983886,2022
220194,2201945,Boqueirão do Piauí - PI,PI,22004,Campo Maior,672.54,21.569999999999993,24.379770992366414,2022
220196,2201960,Brasileira - PI,PI,22001,Baixo Parnaíba Piauiense,799.36,24.760000000000005,1.3475177304964538,2022
220198,2201988,Brejo do Piauí - PI,PI,22011,São Raimundo Nonato,662.87,25.83,3.907380607814761,2022
220200,2202000,Buriti dos Lopes - PI,PI,22002,Litoral Piauiense,655.04,23.459999999999994,5.40016168148747,2022
220202,2202026,Buriti dos Montes - PI,PI,22004,Campo Maior,666.86,23.430000000000007,0.9310198899703767,2022
220205,2202059,Cabeceiras do Piauí - PI,PI,22001,Baixo Parnaíba Piauiense,623.38,26.790000000000006,65.80423940149626,2022
220207,2202075,Cajazeiras do Piauí - PI,PI,22013,Picos,630.48,19.040000000000006,9.742120343839542,2022
220208,2202083,Cajueiro da Praia - PI,PI,22002,Litoral Piauiense,833.97,19.14,58.56,2022
220209,2202091,Caldeirão Grande do Piauí - PI,PI,22015,Alto Médio Canindé,710.22,25.97,0.2154011847065159,2022
220210,2202109,Campinas do Piauí - PI,PI,22015,Alto Médio Canindé,685.57,22.599999999999994,24.56239412761152,2022
220211,2202117,Campo Alegre do Fidalgo - PI,PI,22015,Alto Médio Canindé,636.4,30.349999999999994,28.55353788353162,2022
220213,2202133,Campo Grande do Piauí - PI,PI,22015,Alto Médio Canindé,686.67,25.549999999999997,19.827172347575612,2022
220217,2202174,Campo Largo do Piauí - PI,PI,22001,Baixo Parnaíba Piauiense,525.88,28.200000000000003,12.767897856817145,2022
220220,2202208,Campo Maior - PI,PI,22004,Campo Maior,1038.91,15.89,31.813484887625936,2022
220225,2202251,Canavieira - PI,PI,22009,Floriano,755.33,20.47,45.47069271758437,2022
220230,2202307,Canto do Buriti - PI,PI,22011,São Raimundo Nonato,913.41,21.370000000000005,21.843304424518596,2022
220240,2202406,Capitão de Campos - PI,PI,22004,Campo Maior,618.65,22.939999999999998,25.138121546961326,2022
220245,2202455,Capitão Gervásio Oliveira - PI,PI,22015,Alto Médio Canindé,677.47,23.510000000000005,42.5414364640884,2022
220250,2202505,Caracol - PI,PI,22011,São Raimundo Nonato,643.52,29.510000000000005,28.988561107766404,2022
220253,2202539,Caraúbas do Piauí - PI,PI,22002,Litoral Piauiense,554.55,31.260000000000005,12.519643792561551,2022
220255,2202554,Caridade do Piauí - PI,PI,22015,Alto Médio Canindé,633.05,24.849999999999994,9.023024268823896,2022
220260,2202604,Castelo do Piauí - PI,PI,22004,Campo Maior,711.61,23.040000000000006,2.954614681693573,2022
220265,2202653,Caxingó - PI,PI,22002,Litoral Piauiense,577.3,29.599999999999994,18.212669683257918,2022
220270,2202703,Cocal - PI,PI,22002,Litoral Piauiense,594.08,26.709999999999994,7.189980990718998,2022
220271,2202711,Cocal de Telha - PI,PI,22004,Campo Maior,716.92,24.629999999999995,11.885991510006065,2022
220272,2202729,Cocal dos Alves - PI,PI,22002,Litoral Piauiense,567.23,30.760000000000005,0.5437245129134571,2022
220273,2202737,Coivaras - PI,PI,22003,Teresina,658.23,22.049999999999997,21.056721056721056,2022
220275,2202752,Colônia do Gurguéia - PI,PI,22008,Bertolínia,843.92,16.310000000000002,16.577799321376634,2022
220277,2202778,Colônia do Piauí - PI,PI,22013,Picos,716.44,25.11,51.988155668358715,2022
220280,2202802,Conceição do Canindé - PI,PI,22015,Alto Médio Canindé,776.18,22.650000000000006,29.912023460410555,2022
220285,2202851,Coronel José Dias - PI,PI,22011,São Raimundo Nonato,724.86,24.78,2.154882154882155,2022
220290,2202901,Corrente - PI,PI,22012,Chapadas do Extremo Sul Piauiense,946.37,13.280000000000001,32.29907850227458,2022
220300,2203008,Cristalândia do Piauí - PI,PI,22012,Chapadas do Extremo Sul Piauiense,684.39,20.730000000000004,17.644502390265103,2022
220310,2203107,Cristino Castro - PI,PI,22010,Alto Médio Gurguéia,857.08,17.980000000000004,5.3972104305639785,2022
220320,2203206,Curimatá - PI,PI,22012,Chapadas do Extremo Sul Piauiense,693.11,12.590000000000003,14.242590559824368,2022
220323,2203230,Currais - PI,PI,22010,Alto Médio Gurguéia,664.97,20.61,2.1379310344827585,2022
220325,2203255,Curralinhos - PI,PI,22003,Teresina,744.99,21.379999999999995,51.86226282501757,2022
220327,2203271,Curral Novo do Piauí - PI,PI,22015,Alto Médio Canindé,567.11,26.22,0.8253968253968254,2022
220330,2203305,Demerval Lobão - PI,PI,22003,Teresina,862.34,14.560000000000002,78.0952380952381,2022
220335,2203354,Dirceu Arcoverde - PI,PI,22011,São Raimundo Nonato,799.6,23.810000000000002,7.243816254416961,2022
220340,2203404,Dom Expedito Lopes - PI,PI,22013,Picos,918.12,18.97,73.46756152125279,2022
220342,2203420,Domingos Mourão - PI,PI,22004,Campo Maior,591.0,23.549999999999997,46.965098634294385,2022
220345,2203453,Dom Inocêncio - PI,PI,22011,São Raimundo Nonato,748.74,19.290000000000006,15.203021718602455,2022
220350,2203503,Elesbão Veloso - PI,PI,22006,Valença do Piauí,794.04,24.86,23.512276321265084,2022
220360,2203602,Eliseu Martins - PI,PI,22008,Bertolínia,886.51,19.439999999999998,94.85006518904824,2022
220370,2203701,Esperantina - PI,PI,22001,Baixo Parnaíba Piauiense,826.99,21.959999999999994,7.402685067126678,2022
220375,2203750,Fartura do Piauí - PI,PI,22011,São Raimundo Nonato,575.61,25.769999999999996,16.63798049340218,2022
220380,2203800,Flores do Piauí - PI,PI,22009,Floriano,629.95,25.849999999999994,5.998723675813657,2022
220385,2203859,Floresta do Piauí - PI,PI,22015,Alto Médio Canindé,727.11,34.68000000000001,3.1322505800464038,2022
220390,2203909,Floriano - PI,PI,22009,Floriano,1223.01,10.200000000000003,72.85229931712908,2022
220400,2204006,Francinópolis - PI,PI,22006,Valença do Piauí,679.25,29.040000000000006,93.42665855143031,2022
220410,2204105,Francisco Ayres - PI,PI,22005,Médio Parnaíba Piauiense,701.6,26.180000000000007,23.78449408672799,2022
220415,2204154,Francisco Macedo - PI,PI,22015,Alto Médio Canindé,693.49,27.340000000000003,0.39215686274509803,2022
220420,2204204,Francisco Santos - PI,PI,22014,Pio IX,882.67,22.510000000000005,5.788219271365339,2022
220430,2204303,Fronteiras - PI,PI,22015,Alto Médio Canindé,790.71,23.67,55.7909604519774,2022
220435,2204352,Geminiano - PI,PI,22013,Picos,667.92,26.629999999999995,1.5010351966873705,2022
220440,2204402,Gilbués - PI,PI,22010,Alto Médio Gurguéia,747.26,17.349999999999994,1.423065520308331,2022
220450,2204501,Guadalupe - PI,PI,22009,Floriano,1002.95,13.439999999999998,72.81175059952038,2022
220455,2204550,Guaribas - PI,PI,22011,São Raimundo Nonato,511.07,26.61,2.5133282559025134,2022
220460,2204600,Hugo Napoleão - PI,PI,22005,Médio Parnaíba Piauiense,795.13,25.72,32.01347935973041,2022
220465,2204659,Ilha Grande - PI,PI,22002,Litoral Piauiense,675.74,19.83,61.519078473722104,2022
220470,2204709,Inhuma - PI,PI,22006,Valença do Piauí,822.11,23.269999999999996,4.212945231711988,2022
220480,2204808,Ipiranga do Piauí - PI,PI,22013,Picos,708.73,18.129999999999995,51.08073744437381,2022
220490,2204907,Isaías Coelho - PI,PI,22015,Alto Médio Canindé,606.85,27.67,27.80355761794277,2022
220500,2205003,Itainópolis - PI,PI,22015,Alto Médio Canindé,783.42,28.439999999999998,30.726398380156922,2022
220510,2205102,Itaueira - PI,PI,22009,Floriano,828.9,21.22,29.068187992393373,2022
220515,2205151,Jacobina do Piauí - PI,PI,22015,Alto Médio Canindé,800.2,28.180000000000007,0.2553626149131767,2022
220520,2205201,Jaicós - PI,PI,22015,Alto Médio Canindé,728.46,31.08,32.79312055564743,2022
220525,2205250,Jardim do Mulato - PI,PI,22005,Médio Parnaíba Piauiense,698.08,27.299999999999997,12.928022361984626,2022
220527,2205276,Jatobá do Piauí - PI,PI,22004,Campo Maior,724.37,23.959999999999994,1.5593220338983051,2022
220530,2205300,Jerumenha - PI,PI,22009,Floriano,958.54,19.159999999999997,34.15941058271936,2022
220535,2205359,João Costa - PI,PI,22015,Alto Médio Canindé,613.26,22.89,11.267605633802816,2022
220540,2205409,Joaquim Pires - PI,PI,22001,Baixo Parnaíba Piauiense,613.19,26.689999999999998,39.62529274004684,2022
220545,2205458,Joca Marques - PI,PI,22001,Baixo Parnaíba Piauiense,545.86,30.819999999999993,26.212400245549418,2022
220550,2205508,José de Freitas - PI,PI,22003,Teresina,709.87,18.900000000000006,58.93045708251622,2022
220551,2205516,Juazeiro do Piauí - PI,PI,22004,Campo Maior,798.22,22.489999999999995,0.282326369282891,2022
220552,2205524,Júlio Borges - PI,PI,22012,Chapadas do Extremo Sul Piauiense,611.82,13.400000000000006,0.0,2022
220553,2205532,Jurema - PI,PI,22011,São Raimundo Nonato,570.59,28.099999999999994,0.32808398950131235,2022
220554,2205540,Lagoinha do Piauí - PI,PI,22005,Médio Parnaíba Piauiense,646.62,20.08,15.52917903066271,2022
220555,2205557,Lagoa Alegre - PI,PI,22003,Teresina,735.09,22.540000000000006,33.793920252664826,2022
220556,2205565,Lagoa do Barro do Piauí - PI,PI,22015,Alto Médio Canindé,791.53,21.08,26.325524044389642,2022
220557,2205573,Lagoa de São Francisco - PI,PI,22004,Campo Maior,610.03,24.120000000000005,19.288577154308616,2022
220558,2205581,Lagoa do Piauí - PI,PI,22003,Teresina,781.88,17.739999999999995,60.21370207416719,2022
220559,2205599,Lagoa do Sítio - PI,PI,22006,Valença do Piauí,692.81,30.909999999999997,16.382036685642,2022
220560,2205607,Landri Sales - PI,PI,22008,Bertolínia,766.24,16.909999999999997,26.755852842809364,2022
220570,2205706,Luís Correia - PI,PI,22002,Litoral Piauiense,694.72,22.42,23.756258655587516,2022
220580,2205805,Luzilândia - PI,PI,22001,Baixo Parnaíba Piauiense,648.33,25.709999999999994,37.553865652724966,2022
220585,2205854,Madeiro - PI,PI,22001,Baixo Parnaíba Piauiense,617.37,25.680000000000007,24.2263483642794,2022
220590,2205904,Manoel Emídio - PI,PI,22008,Bertolínia,790.65,19.430000000000007,0.9832272990167727,2022
220595,2205953,Marcolândia - PI,PI,22015,Alto Médio Canindé,723.89,22.950000000000003,0.3543586109142452,2022
220600,2206001,Marcos Parente - PI,PI,22008,Bertolínia,822.41,17.310000000000002,28.54368932038835,2022
220605,2206050,Massapê do Piauí - PI,PI,22015,Alto Médio Canindé,569.05,34.3,14.293915040183697,2022
220610,2206100,Matias Olímpio - PI,PI,22001,Baixo Parnaíba Piauiense,625.81,25.870000000000005,3.029356652092442,2022
220620,2206209,Miguel Alves - PI,PI,22001,Baixo Parnaíba Piauiense,561.01,29.430000000000007,16.88955996548749,2022
220630,2206308,Miguel Leão - PI,PI,22003,Teresina,694.67,20.790000000000006,92.36453201970443,2022
220635,2206357,Milton Brandão - PI,PI,22004,Campo Maior,548.51,30.11,0.18709073900841908,2022
220640,2206407,Monsenhor Gil - PI,PI,22003,Teresina,799.67,18.069999999999993,94.76529160739688,2022
220650,2206506,Monsenhor Hipólito - PI,PI,22014,Pio IX,748.47,26.870000000000005,30.858642669666292,2022
220660,2206605,Monte Alegre do Piauí - PI,PI,22010,Alto Médio Gurguéia,587.18,19.069999999999993,2.2914757103574703,2022
220665,2206654,Morro Cabeça no Tempo - PI,PI,22012,Chapadas do Extremo Sul Piauiense,579.63,19.22,0.21818181818181817,2022
220667,2206670,Morro do Chapéu do Piauí - PI,PI,22001,Baixo Parnaíba Piauiense,591.58,27.739999999999995,14.870067372473532,2022
220669,2206696,Murici dos Portelas - PI,PI,22002,Litoral Piauiense,586.54,30.25,59.2479674796748,2022
220670,2206704,Nazaré do Piauí - PI,PI,22009,Floriano,722.03,23.790000000000006,2.4463519313304722,2022
220672,2206720,Nazária - PI,PI,22003,Teresina,634.76,23.58,19.0914671577655,2022
220675,2206753,Nossa Senhora de Nazaré - PI,PI,22004,Campo Maior,759.01,22.150000000000006,45.85280373831776,2022
220680,2206803,Nossa Senhora dos Remédios - PI,PI,22001,Baixo Parnaíba Piauiense,607.6,26.810000000000002,3.8446449588073754,2022
220690,2206902,Novo Oriente do Piauí - PI,PI,22006,Valença do Piauí,724.29,25.069999999999993,0.22172949002217296,2022
220695,2206951,Novo Santo Antônio - PI,PI,22004,Campo Maior,664.96,29.14,4.378109452736318,2022
220700,2207009,Oeiras - PI,PI,22013,Picos,986.29,17.33,46.43359751129546,2022
220710,2207108,Olho D'Água do Piauí - PI,PI,22005,Médio Parnaíba Piauiense,688.37,22.08,2.348993288590604,2022
220720,2207207,Padre Marcos - PI,PI,22015,Alto Médio Canindé,711.16,34.010000000000005,6.0399829859634195,2022
220730,2207306,Paes Landim - PI,PI,22015,Alto Médio Canindé,709.55,19.58,15.668883961566888,2022
220735,2207355,Pajeú do Piauí - PI,PI,22011,São Raimundo Nonato,907.28,23.36,1.8231540565177757,2022
220740,2207405,Palmeira do Piauí - PI,PI,22010,Alto Médio Gurguéia,749.81,19.260000000000005,0.8728179551122195,2022
220750,2207504,Palmeirais - PI,PI,22005,Médio Parnaíba Piauiense,746.07,24.200000000000003,40.47951582867784,2022
220755,2207553,Paquetá - PI,PI,22013,Picos,640.94,34.28,79.72136222910217,2022
220760,2207603,Parnaguá - PI,PI,22012,Chapadas do Extremo Sul Piauiense,668.53,17.03,27.686222808174026,2022
220770,2207702,Parnaíba - PI,PI,22002,Litoral Piauiense,1121.72,11.739999999999995,74.6314114999612,2022
220775,2207751,Passagem Franca do Piauí - PI,PI,22005,Médio Parnaíba Piauiense,776.48,25.510000000000005,39.983579638752055,2022
220777,2207777,Patos do Piauí - PI,PI,22015,Alto Médio Canindé,610.9,30.47,31.710843373493976,2022
220779,2207793,Pau D'Arco do Piauí - PI,PI,22003,Teresina,539.48,25.790000000000006,29.992348890589135,2022
220780,2207801,Paulistana - PI,PI,22015,Alto Médio Canindé,853.62,22.810000000000002,16.260607719682454,2022
220785,2207850,Pavussu - PI,PI,22009,Floriano,612.34,28.930000000000007,3.626543209876543,2022
220790,2207900,Pedro II - PI,PI,22004,Campo Maior,726.92,24.810000000000002,18.47181008902077,2022
220793,2207934,Pedro Laurentino - PI,PI,22015,Alto Médio Canindé,630.74,19.75,0.24630541871921183,2022
220795,2207959,Nova Santa Rita - PI,PI,22015,Alto Médio Canindé,581.67,22.72,0.1457725947521866,2022
220800,2208007,Picos - PI,PI,22013,Picos,1207.78,13.709999999999994,75.35538450870258,2022
220810,2208106,Pimenteiras - PI,PI,22006,Valença do Piauí,696.28,27.870000000000005,2.6621866115275266,2022
220820,2208205,Pio IX - PI,PI,22014,Pio IX,696.71,24.78,33.17473338802297,2022
220830,2208304,Piracuruca - PI,PI,22002,Litoral Piauiense,817.75,23.260000000000005,33.66939508884009,2022
220840,2208403,Piripiri - PI,PI,22001,Baixo Parnaíba Piauiense,943.13,19.180000000000007,51.87862602449581,2022
220850,2208502,Porto - PI,PI,22001,Baixo Parnaíba Piauiense,562.71,25.36,44.44115031129558,2022
220855,2208551,Porto Alegre do Piauí - PI,PI,22008,Bertolínia,768.43,20.489999999999995,37.890625,2022
220860,2208601,Prata do Piauí - PI,PI,22006,Valença do Piauí,756.31,26.159999999999997,91.8423464711274,2022
220865,2208650,Queimada Nova - PI,PI,22015,Alto Médio Canindé,691.98,20.72,0.5898681471200555,2022
220870,2208700,Redenção do Gurguéia - PI,PI,22010,Alto Médio Gurguéia,697.28,17.930000000000007,12.553439564710455,2022
220880,2208809,Regeneração - PI,PI,22005,Médio Parnaíba Piauiense,691.08,25.180000000000007,19.097160994533592,2022
220885,2208858,Riacho Frio - PI,PI,22012,Chapadas do Extremo Sul Piauiense,613.04,16.510000000000005,2.0897832817337463,2022
220887,2208874,Ribeira do Piauí - PI,PI,22015,Alto Médio Canindé,710.23,27.14,4.301075268817204,2022
220890,2208908,Ribeiro Gonçalves - PI,PI,22007,Alto Parnaíba Piauiense,822.23,16.709999999999994,80.38585209003216,2022
220900,2209005,Rio Grande do Piauí - PI,PI,22009,Floriano,770.9,22.129999999999995,0.3309692671394799,2022
220910,2209104,Santa Cruz do Piauí - PI,PI,22013,Picos,778.5,23.89,91.7342799188641,2022
220915,2209153,Santa Cruz dos Milagres - PI,PI,22006,Valença do Piauí,635.96,23.230000000000004,1.4394580863674853,2022
220920,2209203,Santa Filomena - PI,PI,22007,Alto Parnaíba Piauiense,791.19,17.819999999999993,14.03604587657018,2022
220930,2209302,Santa Luz - PI,PI,22010,Alto Médio Gurguéia,703.92,18.269999999999996,2.2753792298716453,2022
220935,2209351,Santana do Piauí - PI,PI,22013,Picos,756.73,26.75,8.357142857142858,2022
220937,2209377,Santa Rosa do Piauí - PI,PI,22013,Picos,716.12,23.83,21.57210401891253,2022
220940,2209401,Santo Antônio de Lisboa - PI,PI,22014,Pio IX,764.21,21.150000000000006,36.7112810707457,2022
220945,2209450,Santo Antônio dos Milagres - PI,PI,22005,Médio Parnaíba Piauiense,593.44,21.959999999999994,28.217821782178216,2022
220950,2209500,Santo Inácio do Piauí - PI,PI,22015,Alto Médio Canindé,761.49,24.36,29.70742685671418,2022
220955,2209559,São Braz do Piauí - PI,PI,22011,São Raimundo Nonato,707.43,22.819999999999993,43.58130348913759,2022
220960,2209609,São Félix do Piauí - PI,PI,22006,Valença do Piauí,899.57,22.090000000000003,1.652089407191448,2022
220965,2209658,São Francisco de Assis do Piauí - PI,PI,22015,Alto Médio Canindé,564.56,25.629999999999995,7.745358090185676,2022
220970,2209708,São Francisco do Piauí - PI,PI,22009,Floriano,677.67,27.010000000000005,46.157540826128724,2022
220975,2209757,São Gonçalo do Gurguéia - PI,PI,22010,Alto Médio Gurguéia,669.94,17.89,1.9375672766415502,2022
220980,2209807,São Gonçalo do Piauí - PI,PI,22005,Médio Parnaíba Piauiense,761.61,20.799999999999997,1.7857142857142858,2022
220985,2209856,São João da Canabrava - PI,PI,22013,Picos,801.84,24.790000000000006,5.49520766773163,2022
220987,2209872,São João da Fronteira - PI,PI,22002,Litoral Piauiense,592.16,26.810000000000002,17.71276595744681,2022
220990,2209906,São João da Serra - PI,PI,22004,Campo Maior,704.34,28.230000000000004,3.233256351039261,2022
220995,2209955,São João da Varjota - PI,PI,22013,Picos,606.44,27.67,13.673469387755102,2022
220997,2209971,São João do Arraial - PI,PI,22001,Baixo Parnaíba Piauiense,562.84,23.049999999999997,26.045777426992895,2022
221000,2210003,São João do Piauí - PI,PI,22015,Alto Médio Canindé,938.51,17.010000000000005,20.99092812281926,2022
221005,2210052,São José do Divino - PI,PI,22002,Litoral Piauiense,675.53,30.129999999999995,15.937687237866987,2022
221010,2210102,São José do Peixe - PI,PI,22009,Floriano,840.15,20.310000000000002,66.95427092320966,2022
221020,2210201,São José do Piauí - PI,PI,22013,Picos,717.8,27.430000000000007,21.9938784433756,2022
221030,2210300,São Julião - PI,PI,22014,Pio IX,844.95,27.659999999999997,2.050113895216401,2022
221035,2210359,São Lourenço do Piauí - PI,PI,22011,São Raimundo Nonato,792.54,16.310000000000002,14.929388029589779,2022
221037,2210375,São Luis do Piauí - PI,PI,22013,Picos,627.35,26.450000000000003,1.9230769230769231,2022
221038,2210383,São Miguel da Baixa Grande - PI,PI,22006,Valença do Piauí,668.78,29.180000000000007,60.47087980173482,2022
221039,2210391,São Miguel do Fidalgo - PI,PI,22009,Floriano,686.11,22.700000000000003,90.65520945220193,2022
221040,2210409,São Miguel do Tapuio - PI,PI,22004,Campo Maior,649.54,28.58,15.773508594539939,2022
221050,2210508,São Pedro do Piauí - PI,PI,22005,Médio Parnaíba Piauiense,706.19,23.340000000000003,11.159090909090908,2022
221060,2210607,São Raimundo Nonato - PI,PI,22011,São Raimundo Nonato,1068.24,14.180000000000007,64.11527025996799,2022
221062,2210623,Sebastião Barros - PI,PI,22012,Chapadas do Extremo Sul Piauiense,634.49,18.92,3.1568228105906315,2022
221063,2210631,Sebastião Leal - PI,PI,22008,Bertolínia,814.19,20.819999999999993,1.9404019404019404,2022
221065,2210656,Sigefredo Pacheco - PI,PI,22004,Campo Maior,659.91,27.189999999999998,6.869058570990494,2022
221070,2210706,Simões - PI,PI,22015,Alto Médio Canindé,698.6,23.22,41.52431011826544,2022
221080,2210805,Simplício Mendes - PI,PI,22015,Alto Médio Canindé,856.73,16.47,21.78830559112249,2022
221090,2210904,Socorro do Piauí - PI,PI,22015,Alto Médio Canindé,569.04,21.450000000000003,2.343211578221916,2022
221093,2210938,Sussuapara - PI,PI,22013,Picos,798.91,22.299999999999997,83.41685649202734,2022
221095,2210953,Tamboril do Piauí - PI,PI,22011,São Raimundo Nonato,671.89,26.25,0.29850746268656714,2022
221097,2210979,Tanque do Piauí - PI,PI,22013,Picos,955.24,18.930000000000007,14.367816091954023,2022
221100,2211001,Teresina - PI,PI,22003,Teresina,1559.89,7.1200000000000045,79.18587118857232,2022
221110,2211100,União - PI,PI,22003,Teresina,727.69,22.980000000000004,69.33807829181495,2022
221120,2211209,Uruçuí - PI,PI,22007,Alto Parnaíba Piauiense,1041.2,13.299999999999997,43.18628092682288,2022
221130,2211308,Valença do Piauí - PI,PI,22006,Valença do Piauí,1059.55,18.040000000000006,11.305112423062429,2022
221135,2211357,Várzea Branca - PI,PI,22011,São Raimundo Nonato,610.54,26.5,23.295111647555824,2022
221140,2211407,Várzea Grande - PI,PI,22006,Valença do Piauí,839.8,21.730000000000004,16.02446483180428,2022
221150,2211506,Vera Mendes - PI,PI,22015,Alto Médio Canindé,599.07,31.689999999999998,45.7002457002457,2022
221160,2211605,Vila Nova do Piauí - PI,PI,22015,Alto Médio Canindé,738.02,26.900000000000006,18.57273559011894,2022
221170,2211704,Wall Ferraz - PI,PI,22013,Picos,601.14,28.870000000000005,10.223182145428366,2022
230010,2300101,Abaiara - CE,CE,23033,Brejo Santo,677.33,23.159999999999997,4.091559370529327,2022
230015,2300150,Acarape - CE,CE,23013,Baturité,674.46,15.969999999999999,45.28046857400315,2022
230020,2300200,Acaraú - CE,CE,23001,Litoral de Camocim e Acaraú,694.7,21.25,35.00835122882367,2022
230030,2300309,Acopiara - CE,CE,23021,Sertão de Senador Pompeu,758.47,27.269999999999996,44.76765459202342,2022
230040,2300408,Aiuaba - CE,CE,23020,Sertão de Inhamuns,659.88,28.340000000000003,33.00832825512899,2022
230050,2300507,Alcântaras - CE,CE,23004,Meruoca,753.79,19.519999999999996,23.04232804232804,2022
230060,2300606,Altaneira - CE,CE,23030,Caririaçu,699.36,22.900000000000006,32.59557344064386,2022
230070,2300705,Alto Santo - CE,CE,23023,Baixo Jaguaribe,803.58,20.33,76.16653258246178,2022
230075,2300754,Amontada - CE,CE,23008,Itapipoca,582.24,19.769999999999996,21.504157218442934,2022
230080,2300804,Antonina do Norte - CE,CE,23027,Várzea Alegre,793.02,26.650000000000006,57.555898226676945,2022
230090,2300903,Apuiarés - CE,CE,23011,Médio Curu,627.92,20.28,24.076517150395777,2022
230100,2301000,Aquiraz - CE,CE,23016,Fortaleza,930.64,13.870000000000005,55.598399942340265,2022
230110,2301109,Aracati - CE,CE,23022,Litoral de Aracati,904.09,15.340000000000003,51.729438893159106,2022
230120,2301208,Aracoiaba - CE,CE,23013,Baturité,718.73,23.11,20.45689358282631,2022
230125,2301257,Ararendá - CE,CE,23018,Sertão de Cratéus,623.37,22.709999999999994,0.8080808080808081,2022
230130,2301307,Araripe - CE,CE,23029,Chapada do Araripe,545.54,26.83,33.05662614882893,2022
230140,2301406,Aratuba - CE,CE,23013,Baturité,732.99,17.209999999999994,52.137468566638724,2022
230150,2301505,Arneiroz - CE,CE,23020,Sertão de Inhamuns,732.65,24.11,67.83378222393227,2022
230160,2301604,Assaré - CE,CE,23029,Chapada do Araripe,720.44,25.629999999999995,24.260813428018075,2022
230170,2301703,Aurora - CE,CE,23031,Barro,714.57,22.450000000000003,32.201377345048684,2022
230180,2301802,Baixio - CE,CE,23028,Lavras da Mangabeira,660.22,21.230000000000004,27.250124316260568,2022
230185,2301851,Banabuiú - CE,CE,23019,Sertão de Quixeramobim,740.46,23.799999999999997,33.500447627573855,2022
230190,2301901,Barbalha - CE,CE,23032,Cariri,1005.61,12.39,60.78203959903902,2022
230195,2301950,Barreira - CE,CE,23014,Chorozinho,713.88,20.049999999999997,19.45324881141046,2022
230200,2302008,Barro - CE,CE,23031,Barro,729.66,20.700000000000003,46.89029657356752,2022
230205,2302057,Barroquinha - CE,CE,23001,Litoral de Camocim e Acaraú,509.21,27.790000000000006,41.430073606729756,2022
230210,2302107,Baturité - CE,CE,23013,Baturité,773.07,16.39,59.0210970464135,2022
230220,2302206,Beberibe - CE,CE,23015,Cascavel,759.16,19.97,41.36759629609337,2022
230230,2302305,Bela Cruz - CE,CE,23001,Litoral de Camocim e Acaraú,621.73,19.379999999999995,43.99127986193115,2022
230240,2302404,Boa Viagem - CE,CE,23019,Sertão de Quixeramobim,714.71,24.340000000000003,52.54162287737154,2022
230250,2302503,Brejo Santo - CE,CE,23033,Brejo Santo,873.09,16.019999999999996,73.86096759041804,2022
230260,2302602,Camocim - CE,CE,23001,Litoral de Camocim e Acaraú,731.25,18.97,70.97265183875878,2022
230270,2302701,Campos Sales - CE,CE,23029,Chapada do Araripe,748.63,22.650000000000006,38.9991083370486,2022
230280,2302800,Canindé - CE,CE,23012,Canindé,816.43,19.239999999999995,40.14003718501523,2022
230290,2302909,Capistrano - CE,CE,23013,Baturité,612.32,20.39,21.863375042272573,2022
230300,2303006,Caridade - CE,CE,23012,Canindé,655.3,22.53,23.571161748225627,2022
230310,2303105,Cariré - CE,CE,23005,Sobral,608.07,23.0,47.66172396936614,2022
230320,2303204,Caririaçu - CE,CE,23030,Caririaçu,627.49,23.11,7.056954844565464,2022
230330,2303303,Cariús - CE,CE,23027,Várzea Alegre,681.18,25.36,30.365659777424483,2022
230340,2303402,Carnaubal - CE,CE,23002,Ibiapaba,654.73,21.540000000000006,16.969591052079693,2022
230350,2303501,Cascavel - CE,CE,23015,Cascavel,873.81,16.14,28.961511104085986,2022
230360,2303600,Catarina - CE,CE,23020,Sertão de Inhamuns,715.33,26.260000000000005,45.4122158312791,2022
230365,2303659,Catunda - CE,CE,23007,Santa Quitéria,659.33,22.870000000000005,32.37179487179487,2022
230370,2303709,Caucaia - CE,CE,23016,Fortaleza,947.97,8.420000000000002,72.92571352802732,2022
230380,2303808,Cedro - CE,CE,23026,Iguatu,857.12,22.129999999999995,18.476780185758514,2022
230390,2303907,Chaval - CE,CE,23001,Litoral de Camocim e Acaraú,672.47,24.58,0.4334523202447731,2022
230393,2303931,Choró - CE,CE,23019,Sertão de Quixeramobim,549.53,24.980000000000004,13.660245183887916,2022
230395,2303956,Chorozinho - CE,CE,23014,Chorozinho,723.23,20.42,27.43945121097578,2022
230400,2304004,Coreaú - CE,CE,23003,Coreaú,656.99,25.989999999999995,30.52197411463519,2022
230410,2304103,Crateús - CE,CE,23018,Sertão de Cratéus,920.1,17.879999999999995,67.60573767469302,2022
230420,2304202,Crato - CE,CE,23032,Cariri,1060.11,11.599999999999994,70.66128670701636,2022
230423,2304236,Croatá - CE,CE,23002,Ibiapaba,576.04,26.42,34.32737997706046,2022
230425,2304251,Cruz - CE,CE,23001,Litoral de Camocim e Acaraú,834.25,15.239999999999995,21.51275115919629,2022
230426,2304269,Deputado Irapuan Pinheiro - CE,CE,23021,Sertão de Senador Pompeu,606.51,26.620000000000005,6.160287081339713,2022
230427,2304277,Ereré - CE,CE,23025,Serra do Pereiro,705.28,24.099999999999994,2.224199288256228,2022
230428,2304285,Eusébio - CE,CE,23016,Fortaleza,2512.7,5.890000000000001,80.93208524198367,2022
230430,2304301,Farias Brito - CE,CE,23030,Caririaçu,691.36,24.89,25.569067664483942,2022
230435,2304350,Forquilha - CE,CE,23005,Sobral,727.41,18.099999999999994,76.35151814366823,2022
230440,2304400,Fortaleza - CE,CE,23016,Fortaleza,1668.98,5.6200000000000045,88.57486987568288,2022
230445,2304459,Fortim - CE,CE,23022,Litoral de Aracati,900.17,19.069999999999993,42.77534523408555,2022
230450,2304509,Frecheirinha - CE,CE,23003,Coreaú,822.31,23.090000000000003,65.29520295202953,2022
230460,2304608,General Sampaio - CE,CE,23011,Médio Curu,634.44,24.72,25.353397172822618,2022
230465,2304657,Graça - CE,CE,23005,Sobral,574.75,26.450000000000003,47.019867549668874,2022
230470,2304707,Granja - CE,CE,23001,Litoral de Camocim e Acaraú,564.83,28.989999999999995,24.075590919728526,2022
230480,2304806,Granjeiro - CE,CE,23030,Caririaçu,693.39,23.060000000000002,36.16883116883117,2022
230490,2304905,Groaíras - CE,CE,23005,Sobral,753.78,20.239999999999995,49.76303317535545,2022
230495,2304954,Guaiúba - CE,CE,23016,Fortaleza,601.44,17.620000000000005,30.578832022689184,2022
230500,2305001,Guaraciaba do Norte - CE,CE,23002,Ibiapaba,716.54,21.129999999999995,31.784496813398547,2022
230510,2305100,Guaramiranga - CE,CE,23013,Baturité,748.44,21.370000000000005,79.5929018789144,2022
230520,2305209,Hidrolândia - CE,CE,23007,Santa Quitéria,659.36,21.290000000000006,9.936908517350158,2022
230523,2305233,Horizonte - CE,CE,23017,Pacajus,762.19,11.39,55.03494592167428,2022
230526,2305266,Ibaretama - CE,CE,23019,Sertão de Quixeramobim,624.16,26.28,8.45560805769709,2022
230530,2305308,Ibiapina - CE,CE,23002,Ibiapaba,692.97,19.400000000000006,64.30741959989871,2022
230533,2305332,Ibicuitinga - CE,CE,23023,Baixo Jaguaribe,627.47,24.370000000000005,24.742268041237114,2022
230535,2305357,Icapuí - CE,CE,23022,Litoral de Aracati,824.14,18.049999999999997,15.048070224327713,2022
230540,2305407,Icó - CE,CE,23026,Iguatu,706.4,25.900000000000006,44.39880507841673,2022
230550,2305506,Iguatu - CE,CE,23026,Iguatu,1009.72,17.010000000000005,55.68747496709962,2022
230560,2305605,Independência - CE,CE,23018,Sertão de Cratéus,705.5,23.36,48.47625797306875,2022
230565,2305654,Ipaporanga - CE,CE,23018,Sertão de Cratéus,648.09,23.439999999999998,10.754189944134078,2022
230570,2305704,Ipaumirim - CE,CE,23028,Lavras da Mangabeira,744.84,19.25,49.3860510805501,2022
230580,2305803,Ipu - CE,CE,23006,Ipu,735.8,20.909999999999997,51.202009329027625,2022
230590,2305902,Ipueiras - CE,CE,23006,Ipu,625.83,24.689999999999998,20.986074520135492,2022
230600,2306009,Iracema - CE,CE,23025,Serra do Pereiro,850.77,21.650000000000006,49.21793534932221,2022
230610,2306108,Irauçuba - CE,CE,23005,Sobral,584.86,20.090000000000003,60.54570259208731,2022
230620,2306207,Itaiçaba - CE,CE,23022,Litoral de Aracati,772.01,18.39,2.7698863636363638,2022
230625,2306256,Itaitinga - CE,CE,23016,Fortaleza,1008.7,10.209999999999994,48.775740190554245,2022
230630,2306306,Itapajé - CE,CE,23010,Uruburetama,687.35,18.340000000000003,48.93467272378271,2022
230640,2306405,Itapipoca - CE,CE,23008,Itapipoca,720.4,15.0,53.32259073089781,2022
230650,2306504,Itapiúna - CE,CE,23013,Baturité,597.58,24.72,9.860997547015536,2022
230655,2306553,Itarema - CE,CE,23001,Litoral de Camocim e Acaraú,642.63,18.260000000000005,11.756986259070556,2022
230660,2306603,Itatira - CE,CE,23012,Canindé,602.54,24.549999999999997,30.308014354066987,2022
230670,2306702,Jaguaretama - CE,CE,23024,Médio Jaguaribe,744.65,23.290000000000006,20.826446280991735,2022
230680,2306801,Jaguaribara - CE,CE,23024,Médio Jaguaribe,892.83,20.099999999999994,80.30348110681345,2022
230690,2306900,Jaguaribe - CE,CE,23024,Médio Jaguaribe,882.89,18.209999999999994,75.03024437454633,2022
230700,2307007,Jaguaruana - CE,CE,23023,Baixo Jaguaribe,789.66,22.290000000000006,18.275626812212177,2022
230710,2307106,Jardim - CE,CE,23032,Cariri,726.42,21.010000000000005,47.63865065751858,2022
230720,2307205,Jati - CE,CE,23033,Brejo Santo,727.11,21.510000000000005,58.81679389312977,2022
230725,2307254,Jijoca de Jericoacoara - CE,CE,23001,Litoral de Camocim e Acaraú,968.32,14.260000000000005,36.05457646389994,2022
230730,2307304,Juazeiro do Norte - CE,CE,23032,Cariri,1021.94,10.89,74.31740001026853,2022
230740,2307403,Jucás - CE,CE,23027,Várzea Alegre,694.23,24.230000000000004,63.922665369649806,2022
230750,2307502,Lavras da Mangabeira - CE,CE,23028,Lavras da Mangabeira,677.99,21.349999999999994,43.06576310012408,2022
230760,2307601,Limoeiro do Norte - CE,CE,23023,Baixo Jaguaribe,1128.21,14.280000000000001,59.05210617157252,2022
230763,2307635,Madalena - CE,CE,23019,Sertão de Quixeramobim,656.35,20.909999999999997,31.03694449402106,2022
230765,2307650,Maracanaú - CE,CE,23016,Fortaleza,910.74,7.209999999999994,80.70787574521493,2022
230770,2307700,Maranguape - CE,CE,23016,Fortaleza,833.02,10.840000000000003,59.02868875834141,2022
230780,2307809,Marco - CE,CE,23001,Litoral de Camocim e Acaraú,584.74,17.150000000000006,29.220437187253093,2022
230790,2307908,Martinópole - CE,CE,23001,Litoral de Camocim e Acaraú,622.75,21.86,5.110870740941049,2022
230800,2308005,Massapê - CE,CE,23005,Sobral,652.16,21.92,38.881232265910015,2022
230810,2308104,Mauriti - CE,CE,23031,Barro,667.97,24.150000000000006,26.44389161567942,2022
230820,2308203,Meruoca - CE,CE,23004,Meruoca,752.71,16.400000000000006,37.06467661691542,2022
230830,2308302,Milagres - CE,CE,23033,Brejo Santo,740.97,21.11,65.69960022844089,2022
230835,2308351,Milhã - CE,CE,23021,Sertão de Senador Pompeu,827.51,18.67,44.69957081545064,2022
230837,2308377,Miraíma - CE,CE,23005,Sobral,453.17,21.730000000000004,26.532049776942944,2022
230840,2308401,Missão Velha - CE,CE,23032,Cariri,629.9,20.560000000000002,28.131070010978803,2022
230850,2308500,Mombaça - CE,CE,23021,Sertão de Senador Pompeu,765.22,26.569999999999993,59.16648355672746,2022
230860,2308609,Monsenhor Tabosa - CE,CE,23018,Sertão de Cratéus,705.32,21.370000000000005,61.67839368457182,2022
230870,2308708,Morada Nova - CE,CE,23023,Baixo Jaguaribe,842.15,20.83,28.10748797599612,2022
230880,2308807,Moraújo - CE,CE,23003,Coreaú,763.44,22.519999999999996,47.12177121771218,2022
230890,2308906,Morrinhos - CE,CE,23001,Litoral de Camocim e Acaraú,667.16,21.909999999999997,31.98352779684283,2022
230900,2309003,Mucambo - CE,CE,23005,Sobral,730.44,24.03,39.92791349619544,2022
230910,2309102,Mulungu - CE,CE,23013,Baturité,768.51,15.510000000000005,60.35414165666266,2022
230920,2309201,Nova Olinda - CE,CE,23032,Cariri,674.97,16.36,66.89841637697953,2022
230930,2309300,Nova Russas - CE,CE,23018,Sertão de Cratéus,744.82,20.75,52.13501798395278,2022
230940,2309409,Novo Oriente - CE,CE,23018,Sertão de Cratéus,771.68,27.069999999999993,49.113691931540345,2022
230945,2309458,Ocara - CE,CE,23014,Chorozinho,714.07,24.060000000000002,7.39476678043231,2022
230950,2309508,Orós - CE,CE,23026,Iguatu,673.92,22.709999999999994,49.70018128573421,2022
230960,2309607,Pacajus - CE,CE,23017,Pacajus,835.89,13.879999999999995,23.784974847212407,2022
230970,2309706,Pacatuba - CE,CE,23016,Fortaleza,862.29,8.629999999999995,76.22034461129765,2022
230980,2309805,Pacoti - CE,CE,23013,Baturité,720.8,16.299999999999997,44.71744471744472,2022
230990,2309904,Pacujá - CE,CE,23005,Sobral,723.25,20.769999999999996,37.107776261937246,2022
231000,2310001,Palhano - CE,CE,23023,Baixo Jaguaribe,838.31,22.22,46.22235872235872,2022
231010,2310100,Palmácia - CE,CE,23013,Baturité,689.96,17.78,31.261101243339255,2022
231020,2310209,Paracuru - CE,CE,23009,Baixo Curu,871.22,14.290000000000006,36.912648282236944,2022
231025,2310258,Paraipaba - CE,CE,23009,Baixo Curu,813.25,14.200000000000003,45.438531429631006,2022
231030,2310308,Parambu - CE,CE,23020,Sertão de Inhamuns,643.03,25.89,62.843542302856115,2022
231040,2310407,Paramoti - CE,CE,23012,Canindé,569.94,21.75,17.190128996074034,2022
231050,2310506,Pedra Branca - CE,CE,23021,Sertão de Senador Pompeu,667.71,23.510000000000005,46.36459430979979,2022
231060,2310605,Penaforte - CE,CE,23033,Brejo Santo,712.89,15.319999999999993,84.89208633093526,2022
231070,2310704,Pentecoste - CE,CE,23011,Médio Curu,733.42,18.060000000000002,37.47936158503027,2022
231080,2310803,Pereiro - CE,CE,23025,Serra do Pereiro,719.3,20.53,49.2899072145427,2022
231085,2310852,Pindoretama - CE,CE,23015,Cascavel,794.0,15.849999999999994,39.51743967995999,2022
231090,2310902,Piquet Carneiro - CE,CE,23021,Sertão de Senador Pompeu,704.36,19.680000000000007,7.948405089768172,2022
231095,2310951,Pires Ferreira - CE,CE,23006,Ipu,651.65,22.86,15.210058264336093,2022
231100,2311009,Poranga - CE,CE,23006,Ipu,654.04,22.5,27.408637873754152,2022
231110,2311108,Porteiras - CE,CE,23032,Cariri,829.82,21.099999999999994,29.21832884097035,2022
231120,2311207,Potengi - CE,CE,23029,Chapada do Araripe,604.42,25.950000000000003,27.32205553782317,2022
231123,2311231,Potiretama - CE,CE,23025,Serra do Pereiro,756.94,22.849999999999994,85.26513374002816,2022
231126,2311264,Quiterianópolis - CE,CE,23018,Sertão de Cratéus,677.69,25.53,28.945852534562214,2022
231130,2311306,Quixadá - CE,CE,23019,Sertão de Quixeramobim,888.08,17.409999999999997,55.75575575575576,2022
231135,2311355,Quixelô - CE,CE,23026,Iguatu,693.31,29.120000000000005,30.570303134098303,2022
231140,2311405,Quixeramobim - CE,CE,23019,Sertão de Quixeramobim,853.65,17.769999999999996,68.12891048271523,2022
231150,2311504,Quixeré - CE,CE,23023,Baixo Jaguaribe,900.07,21.650000000000006,26.630504972232984,2022
231160,2311603,Redenção - CE,CE,23013,Baturité,670.02,17.0,25.22433792952506,2022
231170,2311702,Reriutaba - CE,CE,23006,Ipu,724.54,21.730000000000004,4.693908552331764,2022
231180,2311801,Russas - CE,CE,23023,Baixo Jaguaribe,867.47,15.450000000000003,65.52690370706956,2022
231190,2311900,Saboeiro - CE,CE,23020,Sertão de Inhamuns,665.49,27.700000000000003,16.849370686155094,2022
231195,2311959,Salitre - CE,CE,23029,Chapada do Araripe,544.51,28.150000000000006,9.893795416433761,2022
231200,2312007,Santana do Acaraú - CE,CE,23005,Sobral,587.81,23.47,41.78748964374482,2022
231210,2312106,Santana do Cariri - CE,CE,23032,Cariri,597.15,22.810000000000002,22.5044404973357,2022
231220,2312205,Santa Quitéria - CE,CE,23007,Santa Quitéria,770.52,21.14,34.034485225727984,2022
231230,2312304,São Benedito - CE,CE,23002,Ibiapaba,718.45,20.189999999999998,51.76101434426229,2022
231240,2312403,São Gonçalo do Amarante - CE,CE,23009,Baixo Curu,834.41,12.269999999999996,57.292420782981566,2022
231250,2312502,São João do Jaguaribe - CE,CE,23023,Baixo Jaguaribe,939.84,20.340000000000003,41.96541543652467,2022
231260,2312601,São Luís do Curu - CE,CE,23011,Médio Curu,622.89,16.799999999999997,52.910737386804655,2022
231270,2312700,Senador Pompeu - CE,CE,23021,Sertão de Senador Pompeu,781.3,21.370000000000005,51.76378655949989,2022
231280,2312809,Senador Sá - CE,CE,23005,Sobral,623.36,25.040000000000006,42.7040395713108,2022
231290,2312908,Sobral - CE,CE,23005,Sobral,1013.74,12.879999999999995,82.66782322326443,2022
231300,2313005,Solonópole - CE,CE,23021,Sertão de Senador Pompeu,788.81,21.680000000000007,49.52959028831563,2022
231310,2313104,Tabuleiro do Norte - CE,CE,23023,Baixo Jaguaribe,895.75,18.83,46.85183607395416,2022
231320,2313203,Tamboril - CE,CE,23018,Sertão de Cratéus,688.17,25.099999999999994,30.93692022263451,2022
231325,2313252,Tarrafas - CE,CE,23027,Várzea Alegre,767.47,26.689999999999998,76.43742953776776,2022
231330,2313302,Tauá - CE,CE,23020,Sertão de Inhamuns,831.53,20.61,45.069888651978204,2022
231335,2313351,Tejuçuoca - CE,CE,23011,Médio Curu,554.86,23.36,48.29555595216848,2022
231340,2313401,Tianguá - CE,CE,23002,Ibiapaba,844.1,16.75,62.43081001013487,2022
231350,2313500,Trairi - CE,CE,23008,Itapipoca,662.17,18.489999999999995,17.093293843875607,2022
231355,2313559,Tururu - CE,CE,23010,Uruburetama,565.11,21.700000000000003,15.501280283632067,2022
231360,2313609,Ubajara - CE,CE,23002,Ibiapaba,785.04,18.03,36.819566044918155,2022
231370,2313708,Umari - CE,CE,23028,Lavras da Mangabeira,629.05,23.760000000000005,31.296758104738153,2022
231375,2313757,Umirim - CE,CE,23010,Uruburetama,558.68,21.28,54.82673267326733,2022
231380,2313807,Uruburetama - CE,CE,23010,Uruburetama,661.25,18.010000000000005,34.05219565557118,2022
231390,2313906,Uruoca - CE,CE,23003,Coreaú,611.47,24.89,22.40566037735849,2022
231395,2313955,Varjota - CE,CE,23006,Ipu,702.29,19.760000000000005,27.590715920235372,2022
231400,2314003,Várzea Alegre - CE,CE,23027,Várzea Alegre,768.75,21.549999999999997,42.004841235939054,2022
231410,2314102,Viçosa do Ceará - CE,CE,23002,Ibiapaba,548.18,22.900000000000006,23.012094346850546,2022
240010,2400109,Acari - RN,RN,24012,Seridó Oriental,1023.87,13.189999999999998,87.92650918635171,2022
240020,2400208,Assú - RN,RN,24004,Vale do Açu,1026.89,17.67,27.82486610160678,2022
240030,2400307,Afonso Bezerra - RN,RN,24009,Angicos,792.26,22.629999999999995,52.820665083135395,2022
240040,2400406,Água Nova - RN,RN,24005,Serra de São Miguel,773.54,20.92,13.01715438950555,2022
240050,2400505,Alexandria - RN,RN,24006,Pau dos Ferros,767.82,22.42,80.62383804998967,2022
240060,2400604,Almino Afonso - RN,RN,24007,Umarizal,918.71,21.540000000000006,44.94584837545126,2022
240070,2400703,Alto do Rodrigues - RN,RN,24004,Vale do Açu,885.33,16.129999999999995,10.427553444180523,2022
240080,2400802,Angicos - RN,RN,24009,Angicos,913.59,19.290000000000006,35.17346163585718,2022
240090,2400901,Antônio Martins - RN,RN,24007,Umarizal,702.33,21.83,41.27318718381113,2022
240100,2401008,Apodi - RN,RN,24002,Chapada do Apodi,923.68,20.459999999999994,33.80369049465033,2022
240110,2401107,Areia Branca - RN,RN,24001,Mossoró,1004.75,12.090000000000003,75.14981044392809,2022
240120,2401206,Arez - RN,RN,24019,Litoral Sul,714.09,20.97,44.15492957746479,2022
240130,2401305,Campo Grande - RN,RN,24003,Médio Oeste,716.29,23.650000000000006,19.053510671203217,2022
240140,2401404,Baía Formosa - RN,RN,24019,Litoral Sul,917.51,17.120000000000005,16.33093525179856,2022
240145,2401453,Baraúna - RN,RN,24001,Mossoró,816.94,20.58,13.337091319052988,2022
240150,2401503,Barcelona - RN,RN,24014,Borborema Potiguar,727.09,21.340000000000003,5.475504322766571,2022
240160,2401602,Bento Fernandes - RN,RN,24013,Baixa Verde,702.64,21.08,17.77205408886027,2022
240165,2401651,Bodó - RN,RN,24010,Serra de Santana,748.45,21.08,10.326797385620916,2022
240170,2401701,Bom Jesus - RN,RN,24015,Agreste Potiguar,760.67,20.590000000000003,20.347322720694645,2022
240180,2401800,Brejinho - RN,RN,24015,Agreste Potiguar,714.73,21.099999999999994,45.5325232308792,2022
240185,2401859,Caiçara do Norte - RN,RN,24008,Macau,765.49,17.64,30.97165991902834,2022
240190,2401909,Caiçara do Rio do Vento - RN,RN,24009,Angicos,744.88,20.83,45.80952380952381,2022
240200,2402006,Caicó - RN,RN,24011,Seridó Ocidental,1387.38,11.079999999999998,88.56210631259347,2022
240210,2402105,Campo Redondo - RN,RN,24014,Borborema Potiguar,737.65,17.569999999999993,71.56042688203057,2022
240220,2402204,Canguaretama - RN,RN,24019,Litoral Sul,678.69,19.349999999999994,13.447486094448685,2022
240230,2402303,Caraúbas - RN,RN,24002,Chapada do Apodi,863.21,19.86,47.1515840318227,2022
240240,2402402,Carnaúba dos Dantas - RN,RN,24012,Seridó Oriental,1016.38,11.290000000000006,77.35714285714286,2022
240250,2402501,Carnaubais - RN,RN,24004,Vale do Açu,770.65,19.739999999999995,53.71057513914657,2022
240260,2402600,Ceará-Mirim - RN,RN,24017,Macaíba,749.64,15.980000000000004,60.79289845758355,2022
240270,2402709,Cerro Corá - RN,RN,24010,Serra de Santana,795.91,21.33,37.13355048859935,2022
240280,2402808,Coronel Ezequiel - RN,RN,24014,Borborema Potiguar,623.76,22.930000000000007,48.11471056824217,2022
240290,2402907,Coronel João Pessoa - RN,RN,24005,Serra de São Miguel,777.32,27.310000000000002,7.713690062543433,2022
240300,2403004,Cruzeta - RN,RN,24012,Seridó Oriental,984.82,15.680000000000007,81.40326975476839,2022
240310,2403103,Currais Novos - RN,RN,24012,Seridó Oriental,1156.23,13.569999999999993,83.29001367989056,2022
240320,2403202,Doutor Severiano - RN,RN,24005,Serra de São Miguel,730.16,22.090000000000003,34.73203157457416,2022
240325,2403251,Parnamirim - RN,RN,24018,Natal,1846.59,5.090000000000003,68.65737864939214,2022
240330,2403301,Encanto - RN,RN,24005,Serra de São Miguel,783.97,18.810000000000002,46.40198511166253,2022
240340,2403400,Equador - RN,RN,24012,Seridó Oriental,866.99,17.900000000000006,66.42857142857143,2022
240350,2403509,Espírito Santo - RN,RN,24019,Litoral Sul,705.54,27.290000000000006,21.310092774810233,2022
240360,2403608,Extremoz - RN,RN,24018,Natal,910.25,8.620000000000005,85.83850324849787,2022
240370,2403707,Felipe Guerra - RN,RN,24002,Chapada do Apodi,860.07,17.379999999999995,23.11046511627907,2022
240375,2403756,Fernando Pedroza - RN,RN,24009,Angicos,820.99,23.319999999999993,40.2659069325736,2022
240380,2403806,Florânia - RN,RN,24010,Serra de Santana,884.77,16.519999999999996,82.0188346085933,2022
240390,2403905,Francisco Dantas - RN,RN,24006,Pau dos Ferros,823.81,21.900000000000006,24.316109422492403,2022
240400,2404002,Frutuoso Gomes - RN,RN,24007,Umarizal,794.96,20.230000000000004,52.84499672988882,2022
240410,2404101,Galinhos - RN,RN,24008,Macau,993.68,21.599999999999994,17.147435897435898,2022
240420,2404200,Goianinha - RN,RN,24019,Litoral Sul,825.49,15.489999999999995,66.24609468877674,2022
240430,2404309,Governador Dix-Sept Rosado - RN,RN,24002,Chapada do Apodi,792.12,19.379999999999995,24.249138355489908,2022
240440,2404408,Grossos - RN,RN,24001,Mossoró,875.5,17.760000000000005,3.781388478581979,2022
240450,2404507,Guamaré - RN,RN,24008,Macau,840.99,16.040000000000006,58.50132355935655,2022
240460,2404606,Ielmo Marinho - RN,RN,24015,Agreste Potiguar,602.87,25.189999999999998,22.256648592822103,2022
240470,2404705,Ipanguaçu - RN,RN,24004,Vale do Açu,767.65,22.230000000000004,11.362111384477746,2022
240480,2404804,Ipueira - RN,RN,24011,Seridó Ocidental,929.94,13.469999999999999,77.0913770913771,2022
240485,2404853,Itajá - RN,RN,24004,Vale do Açu,820.66,19.239999999999995,15.763135946622185,2022
240490,2404903,Itaú - RN,RN,24006,Pau dos Ferros,705.31,19.689999999999998,35.578947368421055,2022
240500,2405009,Jaçanã - RN,RN,24014,Borborema Potiguar,714.44,20.180000000000007,75.94476744186046,2022
240510,2405108,Jandaíra - RN,RN,24013,Baixa Verde,762.69,22.799999999999997,34.41682600382409,2022
240520,2405207,Janduís - RN,RN,24003,Médio Oeste,822.98,22.72,31.473069435431537,2022
240530,2405306,Januário Cicco - RN,RN,24015,Agreste Potiguar,683.18,27.83,35.09458577951729,2022
240540,2405405,Japi - RN,RN,24014,Borborema Potiguar,600.23,24.620000000000005,60.52927927927928,2022
240550,2405504,Jardim de Angicos - RN,RN,24009,Angicos,735.11,21.409999999999997,31.572327044025158,2022
240560,2405603,Jardim de Piranhas - RN,RN,24011,Seridó Ocidental,822.69,19.659999999999997,36.598145908907696,2022
240570,2405702,Jardim do Seridó - RN,RN,24012,Seridó Oriental,1184.5,16.069999999999993,84.17282292366241,2022
240580,2405801,João Câmara - RN,RN,24013,Baixa Verde,758.0,20.150000000000006,52.21711131554738,2022
240590,2405900,João Dias - RN,RN,24007,Umarizal,669.87,22.060000000000002,96.0212201591512,2022
240600,2406007,José da Penha - RN,RN,24006,Pau dos Ferros,869.82,22.870000000000005,9.056956115779645,2022
240610,2406106,Jucurutu - RN,RN,24004,Vale do Açu,812.37,23.599999999999994,47.336905137094234,2022
240615,2406155,Jundiá - RN,RN,24015,Agreste Potiguar,716.6,24.53,1.2048192771084338,2022
240620,2406205,Lagoa d'Anta - RN,RN,24015,Agreste Potiguar,691.84,24.379999999999995,12.938496583143507,2022
240630,2406304,Lagoa de Pedras - RN,RN,24015,Agreste Potiguar,552.73,29.03,0.34951456310679613,2022
240640,2406403,Lagoa de Velhos - RN,RN,24014,Borborema Potiguar,815.39,18.769999999999996,2.4165707710011506,2022
240650,2406502,Lagoa Nova - RN,RN,24010,Serra de Santana,787.33,19.42,38.09244026635331,2022
240660,2406601,Lagoa Salgada - RN,RN,24015,Agreste Potiguar,692.89,25.090000000000003,23.04424778761062,2022
240670,2406700,Lajes - RN,RN,24009,Angicos,860.33,18.189999999999998,75.61507318592339,2022
240680,2406809,Lajes Pintadas - RN,RN,24014,Borborema Potiguar,785.09,21.650000000000006,36.124121779859486,2022
240690,2406908,Lucrécia - RN,RN,24007,Umarizal,780.38,17.510000000000005,97.83333333333333,2022
240700,2407005,Luís Gomes - RN,RN,24005,Serra de São Miguel,751.13,21.790000000000006,16.955363091272485,2022
240710,2407104,Macaíba - RN,RN,24017,Macaíba,850.48,15.409999999999997,44.48740688187301,2022
240720,2407203,Macau - RN,RN,24008,Macau,974.59,14.920000000000002,91.41466445733222,2022
240725,2407252,Major Sales - RN,RN,24005,Serra de São Miguel,774.51,21.599999999999994,53.97769516728624,2022
240730,2407302,Marcelino Vieira - RN,RN,24006,Pau dos Ferros,714.94,25.540000000000006,58.84939538292415,2022
240740,2407401,Martins - RN,RN,24007,Umarizal,888.12,15.370000000000005,35.79871664978048,2022
240750,2407500,Maxaranguape - RN,RN,24016,Litoral Nordeste,770.28,18.409999999999997,9.912718204488778,2022
240760,2407609,Messias Targino - RN,RN,24003,Médio Oeste,907.34,24.120000000000005,52.16480446927374,2022
240770,2407708,Montanhas - RN,RN,24019,Litoral Sul,708.38,22.11,16.308671439936358,2022
240780,2407807,Monte Alegre - RN,RN,24015,Agreste Potiguar,743.36,20.620000000000005,23.4358841778697,2022
240790,2407906,Monte das Gameleiras - RN,RN,24014,Borborema Potiguar,652.71,22.14,74.2462311557789,2022
240800,2408003,Mossoró - RN,RN,24001,Mossoró,1397.73,10.040000000000006,81.86920739290774,2022
240810,2408102,Natal - RN,RN,24018,Natal,2049.37,6.640000000000001,75.63702345905313,2022
240820,2408201,Nísia Floresta - RN,RN,24017,Macaíba,849.24,14.090000000000003,27.707782970940865,2022
240830,2408300,Nova Cruz - RN,RN,24015,Agreste Potiguar,796.06,23.53,65.38996004863644,2022
240840,2408409,Olho d'Água do Borges - RN,RN,24007,Umarizal,779.49,25.150000000000006,29.664045746962117,2022
240850,2408508,Ouro Branco - RN,RN,24012,Seridó Oriental,1010.77,16.08,79.03954802259886,2022
240860,2408607,Paraná - RN,RN,24006,Pau dos Ferros,792.64,24.010000000000005,3.7837837837837838,2022
240870,2408706,Paraú - RN,RN,24003,Médio Oeste,867.89,23.189999999999998,31.621841890790545,2022
240880,2408805,Parazinho - RN,RN,24013,Baixa Verde,692.93,23.120000000000005,88.53887399463807,2022
240890,2408904,Parelhas - RN,RN,24012,Seridó Oriental,1039.24,12.370000000000005,80.03611039463503,2022
240895,2408953,Rio do Fogo - RN,RN,24016,Litoral Nordeste,688.26,19.120000000000005,27.30179028132992,2022
240910,2409100,Passa e Fica - RN,RN,24015,Agreste Potiguar,741.29,22.260000000000005,66.63149564758639,2022
240920,2409209,Passagem - RN,RN,24015,Agreste Potiguar,744.56,21.090000000000003,19.591457753017643,2022
240930,2409308,Patu - RN,RN,24007,Umarizal,832.72,21.08,45.01240694789082,2022
240933,2409332,Santa Maria - RN,RN,24015,Agreste Potiguar,756.95,21.239999999999995,13.558282208588958,2022
240940,2409407,Pau dos Ferros - RN,RN,24006,Pau dos Ferros,1254.99,12.959999999999994,61.87824795842613,2022
240950,2409506,Pedra Grande - RN,RN,24016,Litoral Nordeste,865.04,23.349999999999994,63.403476669716376,2022
240960,2409605,Pedra Preta - RN,RN,24009,Angicos,756.32,24.599999999999994,3.4615384615384617,2022
240970,2409704,Pedro Avelino - RN,RN,24009,Angicos,764.88,24.430000000000007,53.19767441860465,2022
240980,2409803,Pedro Velho - RN,RN,24019,Litoral Sul,697.64,21.939999999999998,54.00355871886121,2022
240990,2409902,Pendências - RN,RN,24004,Vale do Açu,903.44,17.519999999999996,74.679029957204,2022
241000,2410009,Pilões - RN,RN,24006,Pau dos Ferros,753.42,21.310000000000002,77.03349282296651,2022
241010,2410108,Poço Branco - RN,RN,24013,Baixa Verde,657.73,23.060000000000002,28.06560791460557,2022
241020,2410207,Portalegre - RN,RN,24006,Pau dos Ferros,910.62,18.97,25.697285236147266,2022
241025,2410256,Porto do Mangue - RN,RN,24004,Vale do Açu,666.78,23.89,3.223949337938975,2022
241030,2410306,Serra Caiada - RN,RN,24015,Agreste Potiguar,632.55,23.83,48.80024929884699,2022
241040,2410405,Pureza - RN,RN,24016,Litoral Nordeste,619.44,22.39,9.613478691774034,2022
241050,2410504,Rafael Fernandes - RN,RN,24006,Pau dos Ferros,890.46,19.239999999999995,4.843001596593933,2022
241060,2410603,Rafael Godeiro - RN,RN,24007,Umarizal,762.21,19.790000000000006,17.757009345794394,2022
241070,2410702,Riacho da Cruz - RN,RN,24006,Pau dos Ferros,662.16,25.599999999999994,56.00858369098712,2022
241080,2410801,Riacho de Santana - RN,RN,24005,Serra de São Miguel,708.26,20.33,7.922168172341904,2022
241090,2410900,Riachuelo - RN,RN,24015,Agreste Potiguar,761.66,20.5,85.54371002132196,2022
241100,2411007,Rodolfo Fernandes - RN,RN,24006,Pau dos Ferros,589.27,22.39,71.67325428194994,2022
241105,2411056,Tibau - RN,RN,24001,Mossoró,965.37,13.329999999999998,3.6353771025501898,2022
241110,2411106,Ruy Barbosa - RN,RN,24014,Borborema Potiguar,690.88,22.47,5.045871559633028,2022
241120,2411205,Santa Cruz - RN,RN,24014,Borborema Potiguar,962.17,18.28,85.57015485687471,2022
241140,2411403,Santana do Matos - RN,RN,24010,Serra de Santana,707.32,25.64,48.48078641644325,2022
241142,2411429,Santana do Seridó - RN,RN,24012,Seridó Oriental,1041.01,13.909999999999997,69.81541802388708,2022
241150,2411502,Santo Antônio - RN,RN,24015,Agreste Potiguar,756.25,23.150000000000006,37.327787886664936,2022
241160,2411601,São Bento do Norte - RN,RN,24008,Macau,775.91,19.370000000000005,2.581261950286807,2022
241170,2411700,São Bento do Trairí - RN,RN,24014,Borborema Potiguar,715.33,23.879999999999995,77.29729729729729,2022
241180,2411809,São Fernando - RN,RN,24011,Seridó Ocidental,1045.69,21.040000000000006,72.94685990338164,2022
241190,2411908,São Francisco do Oeste - RN,RN,24006,Pau dos Ferros,913.11,21.629999999999995,17.2972972972973,2022
241200,2412005,São Gonçalo do Amarante - RN,RN,24017,Macaíba,946.92,10.180000000000007,90.3105933160921,2022
241210,2412104,São João do Sabugi - RN,RN,24011,Seridó Ocidental,1017.09,14.980000000000004,47.4290780141844,2022
241220,2412203,São José de Mipibu - RN,RN,24017,Macaíba,824.72,16.39,38.338760135350824,2022
241230,2412302,São José do Campestre - RN,RN,24014,Borborema Potiguar,797.93,22.5,30.258203335126414,2022
241240,2412401,São José do Seridó - RN,RN,24012,Seridó Oriental,1033.87,11.120000000000005,75.67917205692109,2022
241250,2412500,São Miguel - RN,RN,24005,Serra de São Miguel,778.63,23.870000000000005,11.504960077425599,2022
241255,2412559,São Miguel do Gostoso - RN,RN,24016,Litoral Nordeste,892.15,19.129999999999995,45.981308411214954,2022
241260,2412609,São Paulo do Potengi - RN,RN,24015,Agreste Potiguar,907.11,18.879999999999995,67.43829787234043,2022
241270,2412708,São Pedro - RN,RN,24015,Agreste Potiguar,766.63,20.72,9.662337662337663,2022
241280,2412807,São Rafael - RN,RN,24004,Vale do Açu,766.6,21.5,71.32406730065837,2022
241290,2412906,São Tomé - RN,RN,24014,Borborema Potiguar,779.34,22.25,78.82486517172865,2022
241300,2413003,São Vicente - RN,RN,24010,Serra de Santana,795.8,17.120000000000005,77.11711711711712,2022
241310,2413102,Senador Elói de Souza - RN,RN,24015,Agreste Potiguar,685.44,24.930000000000007,10.838646395291809,2022
241320,2413201,Senador Georgino Avelino - RN,RN,24019,Litoral Sul,676.62,17.849999999999994,9.112709832134293,2022
241330,2413300,Serra de São Bento - RN,RN,24014,Borborema Potiguar,664.27,27.040000000000006,7.413167444271643,2022
241335,2413359,Serra do Mel - RN,RN,24001,Mossoró,697.83,18.42,29.53526775182826,2022
241340,2413409,Serra Negra do Norte - RN,RN,24011,Seridó Ocidental,966.15,21.150000000000006,72.33796296296296,2022
241350,2413508,Serrinha - RN,RN,24015,Agreste Potiguar,684.65,25.97,4.409799554565701,2022
241355,2413557,Serrinha dos Pintos - RN,RN,24007,Umarizal,795.22,20.620000000000005,2.379535990481856,2022
241360,2413607,Severiano Melo - RN,RN,24006,Pau dos Ferros,852.77,21.879999999999995,35.90519415027736,2022
241370,2413706,Sítio Novo - RN,RN,24014,Borborema Potiguar,664.2,23.950000000000003,47.101016138673046,2022
241380,2413805,Taboleiro Grande - RN,RN,24006,Pau dos Ferros,845.26,16.810000000000002,64.44174757281553,2022
241390,2413904,Taipu - RN,RN,24016,Litoral Nordeste,669.73,25.430000000000007,30.853692012077957,2022
241400,2414001,Tangará - RN,RN,24014,Borborema Potiguar,716.71,20.39,76.36566332218506,2022
241410,2414100,Tenente Ananias - RN,RN,24006,Pau dos Ferros,689.68,22.150000000000006,35.100117785630154,2022
241415,2414159,Tenente Laurentino Cruz - RN,RN,24010,Serra de Santana,789.17,18.239999999999995,7.8401618614061706,2022
241420,2414209,Tibau do Sul - RN,RN,24019,Litoral Sul,1286.38,11.86,45.73099415204678,2022
241430,2414308,Timbaúba dos Batistas - RN,RN,24011,Seridó Ocidental,1082.62,17.03,88.03317535545024,2022
241440,2414407,Touros - RN,RN,24016,Litoral Nordeste,701.16,22.08,42.39693192713327,2022
241445,2414456,Triunfo Potiguar - RN,RN,24003,Médio Oeste,736.83,25.310000000000002,19.680851063829788,2022
241450,2414506,Umarizal - RN,RN,24007,Umarizal,836.22,17.879999999999995,45.67099567099567,2022
241460,2414605,Upanema - RN,RN,24003,Médio Oeste,825.81,22.230000000000004,38.99102180418983,2022
241470,2414704,Várzea - RN,RN,24015,Agreste Potiguar,723.48,23.150000000000006,13.701657458563536,2022
241475,2414753,Venha-Ver - RN,RN,24005,Serra de São Miguel,592.1,29.189999999999998,8.751229105211406,2022
241480,2414803,Vera Cruz - RN,RN,24015,Agreste Potiguar,662.24,23.400000000000006,16.352378271882916,2022
241490,2414902,Viçosa - RN,RN,24006,Pau dos Ferros,860.02,19.25,96.85534591194968,2022
241500,2415008,Vila Flor - RN,RN,24019,Litoral Sul,758.88,20.459999999999994,15.80547112462006,2022
250010,2500106,Água Branca - PB,PB,25007,Serra do Teixeira,771.95,18.680000000000007,62.8099173553719,2022
250020,2500205,Aguiar - PB,PB,25005,Piancó,737.35,30.5,48.36601307189542,2022
250030,2500304,Alagoa Grande - PB,PB,25015,Brejo Paraibano,725.37,27.450000000000003,59.89524026417673,2022
250040,2500403,Alagoa Nova - PB,PB,25015,Brejo Paraibano,726.13,21.790000000000006,63.14886314886315,2022
250050,2500502,Alagoinha - PB,PB,25016,Guarabira,687.49,26.549999999999997,27.593220338983052,2022
250053,2500536,Alcantil - PB,PB,25011,Cariri Oriental,723.59,19.78,26.463231615807903,2022
250057,2500577,Algodão de Jandaíra - PB,PB,25012,Curimataú Ocidental,556.64,29.629999999999995,15.49586776859504,2022
250060,2500601,Alhandra - PB,PB,25023,Litoral Sul,764.63,17.58,22.941176470588236,2022
250070,2500700,São João do Rio do Peixe - PB,PB,25002,Cajazeiras,847.03,21.400000000000006,55.263574481557704,2022
250073,2500734,Amparo - PB,PB,25010,Cariri Ocidental,642.4,19.939999999999998,55.42929292929293,2022
250077,2500775,Aparecida - PB,PB,25003,Sousa,735.42,23.0,44.07723728184181,2022
250080,2500809,Araçagi - PB,PB,25016,Guarabira,644.87,28.489999999999995,10.53740779768177,2022
250090,2500908,Arara - PB,PB,25012,Curimataú Ocidental,763.66,27.540000000000006,70.41310870066928,2022
250100,2501005,Araruna - PB,PB,25013,Curimataú Oriental,657.11,30.0,55.80790568654646,2022
250110,2501104,Areia - PB,PB,25015,Brejo Paraibano,782.89,21.769999999999996,54.680070642575735,2022
250115,2501153,Areia de Baraúnas - PB,PB,25004,Patos,611.76,23.689999999999998,41.010401188707284,2022
250120,2501203,Areial - PB,PB,25014,Esperança,763.73,18.379999999999995,61.72539489671932,2022
250130,2501302,Aroeiras - PB,PB,25019,Umbuzeiro,639.85,26.25,31.46630236794171,2022
250135,2501351,Assunção - PB,PB,25010,Cariri Ocidental,687.73,18.989999999999995,62.5089605734767,2022
250140,2501401,Baía da Traição - PB,PB,25020,Litoral Norte,660.37,17.72,15.211166785969935,2022
250150,2501500,Bananeiras - PB,PB,25015,Brejo Paraibano,803.76,24.959999999999994,18.6735778841042,2022
250153,2501534,Baraúna - PB,PB,25009,Seridó Oriental Paraibano,689.63,22.989999999999995,57.43204164256796,2022
250157,2501575,Barra de Santana - PB,PB,25011,Cariri Oriental,596.44,24.870000000000005,15.31654186521443,2022
250160,2501609,Barra de Santa Rosa - PB,PB,25012,Curimataú Ocidental,686.75,27.569999999999993,63.84472434441462,2022
250170,2501708,Barra de São Miguel - PB,PB,25011,Cariri Oriental,692.09,20.480000000000004,20.617577197149643,2022
250180,2501807,Bayeux - PB,PB,25022,João Pessoa,854.8,12.780000000000001,47.88762522728083,2022
250190,2501906,Belém - PB,PB,25016,Guarabira,772.54,24.260000000000005,80.88386433710174,2022
250200,2502003,Belém do Brejo do Cruz - PB,PB,25001,Catolé do Rocha,798.02,28.64,80.6359753203607,2022
250205,2502052,Bernardino Batista - PB,PB,25002,Cajazeiras,774.5,24.370000000000005,93.86120996441281,2022
250210,2502102,Boa Ventura - PB,PB,25006,Itaporanga,693.65,24.22,57.41488747836122,2022
250215,2502151,Boa Vista - PB,PB,25017,Campina Grande,958.96,12.810000000000002,71.95348837209302,2022
250220,2502201,Bom Jesus - PB,PB,25002,Cajazeiras,755.41,21.189999999999998,9.565217391304348,2022
250230,2502300,Bom Sucesso - PB,PB,25001,Catolé do Rocha,782.42,25.17,70.4927536231884,2022
250240,2502409,Bonito de Santa Fé - PB,PB,25002,Cajazeiras,665.95,20.569999999999993,68.1994625261272,2022
250250,2502508,Boqueirão - PB,PB,25011,Cariri Oriental,769.1,18.439999999999998,73.04726785115655,2022
250260,2502607,Igaracy - PB,PB,25005,Piancó,702.71,24.700000000000003,52.917903066271016,2022
250270,2502706,Borborema - PB,PB,25015,Brejo Paraibano,691.08,24.36,66.76238334529792,2022
250280,2502805,Brejo do Cruz - PB,PB,25001,Catolé do Rocha,732.48,23.08,82.00602668962549,2022
250290,2502904,Brejo dos Santos - PB,PB,25001,Catolé do Rocha,910.04,20.459999999999994,92.68415741675075,2022
250300,2503001,Caaporã - PB,PB,25023,Litoral Sul,673.18,18.569999999999993,38.732806555458005,2022
250310,2503100,Cabaceiras - PB,PB,25011,Cariri Oriental,833.95,9.290000000000006,57.48534896110815,2022
250320,2503209,Cabedelo - PB,PB,25022,João Pessoa,1834.97,8.519999999999996,65.09902077021033,2022
250330,2503308,Cachoeira dos Índios - PB,PB,25002,Cajazeiras,695.21,21.799999999999997,24.71264367816092,2022
250340,2503407,Cacimba de Areia - PB,PB,25004,Patos,672.45,20.159999999999997,60.54964539007092,2022
250350,2503506,Cacimba de Dentro - PB,PB,25013,Curimataú Oriental,686.16,29.950000000000003,35.36675267231847,2022
250355,2503555,Cacimbas - PB,PB,25007,Serra do Teixeira,559.0,24.739999999999995,55.39065910082933,2022
250360,2503605,Caiçara - PB,PB,25016,Guarabira,617.26,24.97,63.020372010628876,2022
250370,2503704,Cajazeiras - PB,PB,25002,Cajazeiras,1119.77,13.719999999999999,76.70901932712957,2022
250375,2503753,Cajazeirinhas - PB,PB,25003,Sousa,624.16,28.810000000000002,46.319365798414495,2022
250380,2503803,Caldas Brandão - PB,PB,25018,Itabaiana,668.83,26.340000000000003,8.287841191066997,2022
250390,2503902,Camalaú - PB,PB,25010,Cariri Ocidental,687.73,23.629999999999995,36.73132480396203,2022
250400,2504009,Campina Grande - PB,PB,25017,Campina Grande,1373.42,8.030000000000001,91.89053272533283,2022
250403,2504033,Capim - PB,PB,25020,Litoral Norte,624.27,28.47,5.925250683682771,2022
250407,2504074,Caraúbas - PB,PB,25011,Cariri Oriental,790.87,19.379999999999995,50.3785271851342,2022
250410,2504108,Carrapateira - PB,PB,25002,Cajazeiras,697.38,21.5,26.52519893899204,2022
250415,2504157,Casserengue - PB,PB,25013,Curimataú Oriental,581.94,32.040000000000006,51.32669983416252,2022
250420,2504207,Catingueira - PB,PB,25005,Piancó,663.05,25.5,39.39393939393939,2022
250430,2504306,Catolé do Rocha - PB,PB,25001,Catolé do Rocha,1018.31,16.650000000000006,75.71253880161791,2022
250435,2504355,Caturité - PB,PB,25011,Cariri Oriental,674.16,16.36,25.582685904550498,2022
250440,2504405,Conceição - PB,PB,25006,Itaporanga,749.69,26.569999999999993,55.548418178898345,2022
250450,2504504,Condado - PB,PB,25003,Sousa,770.62,22.17,61.934065934065934,2022
250460,2504603,Conde - PB,PB,25022,João Pessoa,880.41,15.909999999999997,35.935757305375866,2022
250470,2504702,Congo - PB,PB,25010,Cariri Ocidental,763.73,22.370000000000005,70.62600321027287,2022
250480,2504801,Coremas - PB,PB,25005,Piancó,772.26,25.760000000000005,79.02084152575698,2022
250485,2504850,Coxixola - PB,PB,25010,Cariri Ocidental,882.3,17.040000000000006,40.59945504087194,2022
250490,2504900,Cruz do Espírito Santo - PB,PB,25021,Sapé,671.67,26.239999999999995,46.344647519582246,2022
250500,2505006,Cubati - PB,PB,25009,Seridó Oriental Paraibano,693.24,19.42,66.95850780357823,2022
250510,2505105,Cuité - PB,PB,25012,Curimataú Ocidental,864.92,22.870000000000005,25.093795093795094,2022
250520,2505204,Cuitegi - PB,PB,25016,Guarabira,625.73,24.299999999999997,41.765241128298456,2022
250523,2505238,Cuité de Mamanguape - PB,PB,25020,Litoral Norte,661.45,30.599999999999994,1.5699333967649858,2022
250527,2505279,Curral de Cima - PB,PB,25020,Litoral Norte,653.58,31.400000000000006,0.5685048322910745,2022
250530,2505303,Curral Velho - PB,PB,25006,Itaporanga,745.84,22.819999999999993,43.301759133964815,2022
250535,2505352,Damião - PB,PB,25012,Curimataú Ocidental,566.06,32.730000000000004,13.31096196868009,2022
250540,2505402,Desterro - PB,PB,25007,Serra do Teixeira,696.72,20.03,42.892329345531316,2022
250550,2505501,Vista Serrana - PB,PB,25003,Sousa,649.3,20.909999999999997,48.705096073517126,2022
250560,2505600,Diamante - PB,PB,25006,Itaporanga,720.93,24.900000000000006,43.776824034334766,2022
250570,2505709,Dona Inês - PB,PB,25013,Curimataú Oriental,657.97,28.129999999999995,20.72046914269757,2022
250580,2505808,Duas Estradas - PB,PB,25016,Guarabira,696.67,20.620000000000005,53.00171526586621,2022
250590,2505907,Emas - PB,PB,25005,Piancó,759.34,26.040000000000006,71.86858316221766,2022
250600,2506004,Esperança - PB,PB,25014,Esperança,809.81,18.159999999999997,71.27807041863043,2022
250610,2506103,Fagundes - PB,PB,25017,Campina Grande,651.81,25.189999999999998,16.781183932346725,2022
250620,2506202,Frei Martinho - PB,PB,25009,Seridó Oriental Paraibano,854.92,18.17,68.11059907834101,2022
250625,2506251,Gado Bravo - PB,PB,25019,Umbuzeiro,554.19,25.150000000000006,2.1826118588577663,2022
250630,2506301,Guarabira - PB,PB,25016,Guarabira,1027.67,14.75,78.52403383477689,2022
250640,2506400,Gurinhém - PB,PB,25018,Itabaiana,684.73,29.08,57.64057331863285,2022
250650,2506509,Gurjão - PB,PB,25011,Cariri Oriental,777.68,16.519999999999996,61.572052401746724,2022
250660,2506608,Ibiara - PB,PB,25006,Itaporanga,719.73,29.939999999999998,28.458106098165594,2022
250670,2506707,Imaculada - PB,PB,25007,Serra do Teixeira,599.58,21.28,51.613849765258216,2022
250680,2506806,Ingá - PB,PB,25018,Itabaiana,841.64,25.209999999999994,21.11239098239263,2022
250690,2506905,Itabaiana - PB,PB,25018,Itabaiana,811.3,21.599999999999994,38.07284129281235,2022
250700,2507002,Itaporanga - PB,PB,25006,Itaporanga,875.23,16.930000000000007,80.41778646469582,2022
250710,2507101,Itapororoca - PB,PB,25020,Litoral Norte,653.03,27.209999999999994,16.044899306701883,2022
250720,2507200,Itatuba - PB,PB,25018,Itabaiana,675.15,27.810000000000002,26.061997703788748,2022
250730,2507309,Jacaraú - PB,PB,25020,Litoral Norte,721.89,25.03,28.69215291750503,2022
250740,2507408,Jericó - PB,PB,25001,Catolé do Rocha,811.24,21.099999999999994,57.029388403494835,2022
250750,2507507,João Pessoa - PB,PB,25022,João Pessoa,1879.0,6.1299999999999955,89.77313003588198,2022
250760,2507606,Juarez Távora - PB,PB,25018,Itabaiana,753.84,28.040000000000006,13.612004287245444,2022
250770,2507705,Juazeirinho - PB,PB,25009,Seridó Oriental Paraibano,673.57,17.67,58.44731977818854,2022
250780,2507804,Junco do Seridó - PB,PB,25008,Seridó Ocidental Paraibano,836.75,18.659999999999997,65.23235800344234,2022
250790,2507903,Juripiranga - PB,PB,25021,Sapé,659.58,27.099999999999994,26.869722557297948,2022
250800,2508000,Juru - PB,PB,25007,Serra do Teixeira,626.11,24.709999999999994,52.02618453865337,2022
250810,2508109,Lagoa - PB,PB,25001,Catolé do Rocha,737.35,26.560000000000002,42.13709677419355,2022
250820,2508208,Lagoa de Dentro - PB,PB,25016,Guarabira,738.79,25.060000000000002,21.901140684410645,2022
250830,2508307,Lagoa Seca - PB,PB,25017,Campina Grande,927.2,15.420000000000002,49.74923680767554,2022
250840,2508406,Lastro - PB,PB,25003,Sousa,607.64,27.269999999999996,52.20966084275437,2022
250850,2508505,Livramento - PB,PB,25010,Cariri Ocidental,619.98,17.97,55.12396694214876,2022
250855,2508554,Logradouro - PB,PB,25016,Guarabira,713.72,22.760000000000005,64.47625243981783,2022
250860,2508604,Lucena - PB,PB,25022,João Pessoa,759.66,17.400000000000006,58.75763747454175,2022
250870,2508703,Mãe d'Água - PB,PB,25004,Patos,740.54,23.340000000000003,62.96296296296296,2022
250880,2508802,Malta - PB,PB,25003,Sousa,879.93,22.58,86.7510959571359,2022
250890,2508901,Mamanguape - PB,PB,25020,Litoral Norte,772.08,21.480000000000004,42.09581665055916,2022
250900,2509008,Manaíra - PB,PB,25007,Serra do Teixeira,617.91,26.629999999999995,30.863852390271177,2022
250905,2509057,Marcação - PB,PB,25020,Litoral Norte,547.14,23.340000000000003,62.12889210716872,2022
250910,2509107,Mari - PB,PB,25021,Sapé,675.91,25.959999999999994,11.163992385096545,2022
250915,2509156,Marizópolis - PB,PB,25003,Sousa,737.18,19.209999999999994,43.93115942028985,2022
250920,2509206,Massaranduba - PB,PB,25017,Campina Grande,759.5,21.879999999999995,24.305412636344926,2022
250930,2509305,Mataraca - PB,PB,25020,Litoral Norte,761.17,20.180000000000007,48.76865671641791,2022
250933,2509339,Matinhas - PB,PB,25015,Brejo Paraibano,557.71,23.459999999999994,79.50268817204301,2022
250937,2509370,Mato Grosso - PB,PB,25001,Catolé do Rocha,812.1,32.45,53.14769975786925,2022
250939,2509396,Maturéia - PB,PB,25007,Serra do Teixeira,653.01,20.17,55.87852494577007,2022
250940,2509404,Mogeiro - PB,PB,25018,Itabaiana,685.55,25.42,27.460383653044204,2022
250950,2509503,Montadas - PB,PB,25014,Esperança,711.2,16.810000000000002,55.151204510507434,2022
250960,2509602,Monte Horebe - PB,PB,25002,Cajazeiras,588.45,22.689999999999998,81.11888111888112,2022
250970,2509701,Monteiro - PB,PB,25010,Cariri Ocidental,855.1,18.5,72.94088548107841,2022
250980,2509800,Mulungu - PB,PB,25016,Guarabira,701.66,24.700000000000003,23.748353096179184,2022
250990,2509909,Natuba - PB,PB,25019,Umbuzeiro,597.24,30.0,21.219987021414667,2022
251000,2510006,Nazarezinho - PB,PB,25003,Sousa,710.83,25.75,45.95879556259905,2022
251010,2510105,Nova Floresta - PB,PB,25012,Curimataú Ocidental,745.22,19.900000000000006,2.2085546547386077,2022
251020,2510204,Nova Olinda - PB,PB,25005,Piancó,669.66,24.620000000000005,20.20304568527919,2022
251030,2510303,Nova Palmeira - PB,PB,25009,Seridó Oriental Paraibano,859.4,19.790000000000006,62.629533678756474,2022
251040,2510402,Olho d'Água - PB,PB,25005,Piancó,506.11,28.72,53.555664541441885,2022
251050,2510501,Olivedos - PB,PB,25012,Curimataú Ocidental,705.86,19.269999999999996,58.009331259720064,2022
251060,2510600,Ouro Velho - PB,PB,25010,Cariri Ocidental,789.71,23.159999999999997,74.64285714285714,2022
251065,2510659,Parari - PB,PB,25010,Cariri Ocidental,810.88,18.019999999999996,53.1055900621118,2022
251070,2510709,Passagem - PB,PB,25004,Patos,746.66,20.36,60.0,2022
251080,2510808,Patos - PB,PB,25004,Patos,1142.69,12.819999999999993,92.27225073111516,2022
251090,2510907,Paulista - PB,PB,25003,Sousa,838.4,23.5,65.6,2022
251100,2511004,Pedra Branca - PB,PB,25006,Itaporanga,803.95,21.840000000000003,47.5177304964539,2022
251110,2511103,Pedra Lavrada - PB,PB,25009,Seridó Oriental Paraibano,756.49,20.03,41.99273900766438,2022
251120,2511202,Pedras de Fogo - PB,PB,25023,Litoral Sul,753.14,23.260000000000005,35.613207547169814,2022
251130,2511301,Piancó - PB,PB,25005,Piancó,818.71,19.549999999999997,57.609081234480314,2022
251140,2511400,Picuí - PB,PB,25009,Seridó Oriental Paraibano,811.97,18.299999999999997,67.30182926829268,2022
251150,2511509,Pilar - PB,PB,25021,Sapé,684.5,26.310000000000002,13.896917148362235,2022
251160,2511608,Pilões - PB,PB,25015,Brejo Paraibano,631.44,28.519999999999996,10.748560460652591,2022
251170,2511707,Pilõezinhos - PB,PB,25016,Guarabira,698.44,26.72,40.18422567645366,2022
251180,2511806,Pirpirituba - PB,PB,25016,Guarabira,705.61,21.260000000000005,66.9041450777202,2022
251190,2511905,Pitimbu - PB,PB,25023,Litoral Sul,792.24,18.319999999999993,32.741069776050345,2022
251200,2512002,Pocinhos - PB,PB,25012,Curimataú Ocidental,675.29,18.510000000000005,61.10435839555478,2022
251203,2512036,Poço Dantas - PB,PB,25002,Cajazeiras,624.78,29.480000000000004,66.64056382145654,2022
251207,2512077,Poço de José de Moura - PB,PB,25002,Cajazeiras,838.02,19.040000000000006,63.58620689655172,2022
251210,2512101,Pombal - PB,PB,25003,Sousa,933.34,18.989999999999995,79.80352243561377,2022
251220,2512200,Prata - PB,PB,25010,Cariri Ocidental,839.7,19.849999999999994,52.450980392156865,2022
251230,2512309,Princesa Isabel - PB,PB,25007,Serra do Teixeira,878.34,17.870000000000005,63.030467899891185,2022
251240,2512408,Puxinanã - PB,PB,25017,Campina Grande,699.33,14.75,26.80133277800916,2022
251250,2512507,Queimadas - PB,PB,25017,Campina Grande,731.28,15.799999999999997,62.76486568065198,2022
251260,2512606,Quixaba - PB,PB,25004,Patos,661.14,17.650000000000006,53.65853658536585,2022
251270,2512705,Remígio - PB,PB,25012,Curimataú Ocidental,855.49,21.159999999999997,74.89119517910947,2022
251272,2512721,Pedro Régis - PB,PB,25020,Litoral Norte,566.4,25.549999999999997,1.591375770020534,2022
251274,2512747,Riachão - PB,PB,25013,Curimataú Oriental,576.42,26.400000000000006,24.70472440944882,2022
251275,2512754,Riachão do Bacamarte - PB,PB,25018,Itabaiana,669.38,22.930000000000007,61.49029430181591,2022
251276,2512762,Riachão do Poço - PB,PB,25021,Sapé,516.3,29.239999999999995,0.18785222291797118,2022
251278,2512788,Riacho de Santo Antônio - PB,PB,25011,Cariri Oriental,750.97,21.019999999999996,59.817351598173516,2022
251280,2512804,Riacho dos Cavalos - PB,PB,25001,Catolé do Rocha,677.3,21.340000000000003,44.35028248587571,2022
251290,2512903,Rio Tinto - PB,PB,25020,Litoral Norte,898.43,19.569999999999993,66.82106289614822,2022
251300,2513000,Salgadinho - PB,PB,25008,Seridó Ocidental Paraibano,704.73,24.78,24.774774774774773,2022
251310,2513109,Salgado de São Félix - PB,PB,25018,Itabaiana,636.36,29.64,20.703221047455127,2022
251315,2513158,Santa Cecília - PB,PB,25019,Umbuzeiro,619.23,25.620000000000005,4.004576659038902,2022
251320,2513208,Santa Cruz - PB,PB,25003,Sousa,784.35,24.010000000000005,78.0808572820263,2022
251330,2513307,Santa Helena - PB,PB,25002,Cajazeiras,806.74,21.840000000000003,60.29836381135707,2022
251335,2513356,Santa Inês - PB,PB,25006,Itaporanga,715.43,26.980000000000004,15.704824976348155,2022
251340,2513406,Santa Luzia - PB,PB,25008,Seridó Ocidental Paraibano,1091.08,14.909999999999997,91.53831526906256,2022
251350,2513505,Santana de Mangueira - PB,PB,25006,Itaporanga,646.52,27.14,28.650990099009903,2022
251360,2513604,Santana dos Garrotes - PB,PB,25005,Piancó,712.84,29.769999999999996,28.683181225554108,2022
251365,2513653,Joca Claudino - PB,PB,25002,Cajazeiras,642.82,19.060000000000002,41.82857142857143,2022
251370,2513703,Santa Rita - PB,PB,25022,João Pessoa,798.63,14.379999999999995,41.9775026758487,2022
251380,2513802,Santa Teresinha - PB,PB,25004,Patos,755.28,22.040000000000006,72.94751009421265,2022
251385,2513851,Santo André - PB,PB,25011,Cariri Oriental,760.73,19.33,27.883650952858577,2022
251390,2513901,São Bento - PB,PB,25001,Catolé do Rocha,768.83,23.150000000000006,81.17001828153565,2022
251392,2513927,São Bentinho - PB,PB,25003,Sousa,710.23,23.72,77.73306505700872,2022
251394,2513943,São Domingos do Cariri - PB,PB,25011,Cariri Oriental,736.91,16.269999999999996,56.52173913043478,2022
251396,2513968,São Domingos - PB,PB,25003,Sousa,612.72,33.769999999999996,23.887079261672095,2022
251398,2513984,São Francisco - PB,PB,25003,Sousa,799.27,26.11,49.910714285714285,2022
251400,2514008,São João do Cariri - PB,PB,25011,Cariri Oriental,945.1,17.17,50.262123197903016,2022
251410,2514107,São João do Tigre - PB,PB,25010,Cariri Ocidental,646.3,27.709999999999994,44.79717813051146,2022
251420,2514206,São José da Lagoa Tapada - PB,PB,25003,Sousa,704.78,30.629999999999995,25.820482404112298,2022
251430,2514305,São José de Caiana - PB,PB,25006,Itaporanga,647.02,26.120000000000005,56.95522388059702,2022
251440,2514404,São José de Espinharas - PB,PB,25004,Patos,728.77,20.950000000000003,68.60119047619048,2022
251445,2514453,São José dos Ramos - PB,PB,25021,Sapé,555.75,30.72,2.044989775051125,2022
251450,2514503,São José de Piranhas - PB,PB,25002,Cajazeiras,820.53,21.25,71.4071181859138,2022
251455,2514552,São José de Princesa - PB,PB,25007,Serra do Teixeira,600.8,23.22,2.7280477408354646,2022
251460,2514602,São José do Bonfim - PB,PB,25004,Patos,706.28,20.489999999999995,55.18181818181818,2022
251465,2514651,São José do Brejo do Cruz - PB,PB,25001,Catolé do Rocha,631.9,21.5,87.08487084870849,2022
251470,2514701,São José do Sabugi - PB,PB,25008,Seridó Ocidental Paraibano,857.72,17.64,78.39943342776203,2022
251480,2514800,São José dos Cordeiros - PB,PB,25010,Cariri Ocidental,702.98,17.849999999999994,51.08695652173913,2022
251490,2514909,São Mamede - PB,PB,25008,Seridó Ocidental Paraibano,964.15,17.590000000000003,81.21960344182567,2022
251500,2515005,São Miguel de Taipu - PB,PB,25021,Sapé,666.13,25.28,52.30162209557212,2022
251510,2515104,São Sebastião de Lagoa de Roça - PB,PB,25014,Esperança,790.63,18.569999999999993,52.92242295430393,2022
251520,2515203,São Sebastião do Umbuzeiro - PB,PB,25010,Cariri Ocidental,649.4,21.540000000000006,56.26984126984127,2022
251530,2515302,Sapé - PB,PB,25021,Sapé,745.51,23.650000000000006,46.81896194590756,2022
251540,2515401,São Vicente do Seridó - PB,PB,25009,Seridó Oriental Paraibano,565.48,17.659999999999997,16.152716593245227,2022
251550,2515500,Serra Branca - PB,PB,25010,Cariri Ocidental,799.81,15.39,43.92560348239019,2022
251560,2515609,Serra da Raiz - PB,PB,25016,Guarabira,775.82,25.340000000000003,14.5,2022
251570,2515708,Serra Grande - PB,PB,25006,Itaporanga,808.7,18.680000000000007,78.96749521988528,2022
251580,2515807,Serra Redonda - PB,PB,25017,Campina Grande,753.33,21.650000000000006,34.074074074074076,2022
251590,2515906,Serraria - PB,PB,25015,Brejo Paraibano,675.36,27.989999999999995,17.359413202933986,2022
251593,2515930,Sertãozinho - PB,PB,25016,Guarabira,740.43,17.659999999999997,68.997668997669,2022
251597,2515971,Sobrado - PB,PB,25021,Sapé,652.46,24.939999999999998,14.554670528602461,2022
251600,2516003,Solânea - PB,PB,25013,Curimataú Oriental,839.65,23.25,52.30870712401055,2022
251610,2516102,Soledade - PB,PB,25012,Curimataú Ocidental,706.29,13.709999999999994,74.68619246861925,2022
251615,2516151,Sossêgo - PB,PB,25012,Curimataú Ocidental,616.53,24.060000000000002,68.96551724137932,2022
251620,2516201,Sousa - PB,PB,25003,Sousa,981.33,16.67,82.71030109529511,2022
251630,2516300,Sumé - PB,PB,25010,Cariri Ocidental,880.46,17.180000000000007,75.4862053369516,2022
251640,2516409,Tacima - PB,PB,25013,Curimataú Oriental,650.92,28.14,32.551319648093845,2022
251650,2516508,Taperoá - PB,PB,25010,Cariri Ocidental,700.22,19.209999999999994,75.12567866478986,2022
251660,2516607,Tavares - PB,PB,25007,Serra do Teixeira,663.48,24.060000000000002,32.9232693911593,2022
251670,2516706,Teixeira - PB,PB,25007,Serra do Teixeira,702.92,16.980000000000004,47.4239108812413,2022
251675,2516755,Tenório - PB,PB,25009,Seridó Oriental Paraibano,702.81,21.11,23.69888475836431,2022
251680,2516805,Triunfo - PB,PB,25002,Cajazeiras,789.08,19.209999999999994,61.979823455233294,2022
251690,2516904,Uiraúna - PB,PB,25002,Cajazeiras,952.63,21.400000000000006,79.51334379905809,2022
251700,2517001,Umbuzeiro - PB,PB,25019,Umbuzeiro,654.31,28.810000000000002,41.56104069379587,2022
251710,2517100,Várzea - PB,PB,25008,Seridó Ocidental Paraibano,1170.44,10.599999999999994,74.67204843592332,2022
251720,2517209,Vieirópolis - PB,PB,25003,Sousa,639.99,32.900000000000006,43.58816276202219,2022
251740,2517407,Zabelê - PB,PB,25010,Cariri Ocidental,663.21,19.400000000000006,63.59281437125748,2022
260005,2600054,Abreu e Lima - PE,PE,26017,Recife,846.62,8.549999999999997,50.26822796492847,2022
260010,2600104,Afogados da Ingazeira - PE,PE,26003,Pajeú,919.32,15.11,76.58010118043845,2022
260020,2600203,Afrânio - PE,PE,26005,Petrolina,691.79,18.120000000000005,47.97866850163427,2022
260030,2600302,Agrestina - PE,PE,26012,Brejo Pernambucano,705.78,23.260000000000005,73.88609519354462,2022
260040,2600401,Água Preta - PE,PE,26015,Mata Meridional Pernambucana,648.88,23.379999999999995,51.66837490035304,2022
260050,2600500,Águas Belas - PE,PE,26007,Vale do Ipanema,664.95,29.78,57.217300677436164,2022
260060,2600609,Alagoinha - PE,PE,26008,Vale do Ipojuca,874.61,21.0,69.21343711593609,2022
260070,2600708,Aliança - PE,PE,26013,Mata Setentrional Pernambucana,690.2,21.72,65.10850057105564,2022
260080,2600807,Altinho - PE,PE,26012,Brejo Pernambucano,750.58,25.47,62.1580547112462,2022
260090,2600906,Amaraji - PE,PE,26015,Mata Meridional Pernambucana,660.2,21.730000000000004,68.94506866416978,2022
260100,2601003,Angelim - PE,PE,26011,Garanhuns,715.39,23.180000000000007,72.61219792865363,2022
260105,2601052,Araçoiaba - PE,PE,26016,Itamaracá,654.41,19.14,13.159567705022251,2022
260110,2601102,Araripina - PE,PE,26001,Araripina,739.65,18.760000000000005,52.392901301912865,2022
260120,2601201,Arcoverde - PE,PE,26004,Sertão do Moxotó,1070.66,12.329999999999998,92.07380926587946,2022
260130,2601300,Barra de Guabiraba - PE,PE,26012,Brejo Pernambucano,636.98,25.040000000000006,63.746298124383024,2022
260140,2601409,Barreiros - PE,PE,26015,Mata Meridional Pernambucana,716.35,18.560000000000002,78.00988319856245,2022
260150,2601508,Belém de Maria - PE,PE,26015,Mata Meridional Pernambucana,699.08,25.730000000000004,70.64516129032258,2022
260160,2601607,Belém do São Francisco - PE,PE,26006,Itaparica,787.99,17.069999999999993,53.90499911047856,2022
260170,2601706,Belo Jardim - PE,PE,26008,Vale do Ipojuca,891.95,17.930000000000007,80.05617015446792,2022
260180,2601805,Betânia - PE,PE,26004,Sertão do Moxotó,640.05,25.819999999999993,60.54583995760466,2022
260190,2601904,Bezerros - PE,PE,26008,Vale do Ipojuca,924.11,20.39,80.53617951088327,2022
260200,2602001,Bodocó - PE,PE,26001,Araripina,682.16,23.019999999999996,40.64690026954178,2022
260210,2602100,Bom Conselho - PE,PE,26011,Garanhuns,770.5,25.549999999999997,66.89491703976825,2022
260220,2602209,Bom Jardim - PE,PE,26010,Médio Capibaribe,690.72,22.590000000000003,24.467924528301886,2022
260230,2602308,Bonito - PE,PE,26012,Brejo Pernambucano,709.58,21.209999999999994,76.66892962208644,2022
260240,2602407,Brejão - PE,PE,26011,Garanhuns,636.03,24.010000000000005,49.524434240734664,2022
260250,2602506,Brejinho - PE,PE,26003,Pajeú,773.01,19.439999999999998,68.87578070784177,2022
260260,2602605,Brejo da Madre de Deus - PE,PE,26008,Vale do Ipojuca,675.81,22.799999999999997,70.57008094101205,2022
260270,2602704,Buenos Aires - PE,PE,26013,Mata Setentrional Pernambucana,708.2,22.939999999999998,22.219710669077756,2022
260280,2602803,Buíque - PE,PE,26007,Vale do Ipanema,568.15,28.78,34.97867866113675,2022
260290,2602902,Cabo de Santo Agostinho - PE,PE,26018,Suape,945.95,10.189999999999998,78.87223809855719,2022
260300,2603009,Cabrobó - PE,PE,26005,Petrolina,696.24,16.97,78.71361408422527,2022
260310,2603108,Cachoeirinha - PE,PE,26008,Vale do Ipojuca,751.83,19.299999999999997,80.40180401804018,2022
260320,2603207,Caetés - PE,PE,26011,Garanhuns,638.0,25.989999999999995,44.44564279551337,2022
260330,2603306,Calçado - PE,PE,26011,Garanhuns,649.94,23.950000000000003,42.177954847277555,2022
260340,2603405,Calumbi - PE,PE,26003,Pajeú,734.95,22.480000000000004,46.852367688022284,2022
260345,2603454,Camaragibe - PE,PE,26017,Recife,1097.38,7.659999999999997,59.2180969694698,2022
260350,2603504,Camocim de São Félix - PE,PE,26012,Brejo Pernambucano,756.16,22.83,83.72720063441713,2022
260360,2603603,Camutanga - PE,PE,26013,Mata Setentrional Pernambucana,704.26,20.33,25.909980430528375,2022
260370,2603702,Canhotinho - PE,PE,26011,Garanhuns,705.83,24.590000000000003,60.7042612911457,2022
260380,2603801,Capoeiras - PE,PE,26008,Vale do Ipojuca,632.03,24.53,45.581163986071964,2022
260390,2603900,Carnaíba - PE,PE,26003,Pajeú,701.37,20.22,62.827302147690496,2022
260392,2603926,Carnaubeira da Penha - PE,PE,26006,Itaparica,646.68,18.560000000000002,19.560117302052785,2022
260400,2604007,Carpina - PE,PE,26013,Mata Setentrional Pernambucana,1015.04,12.280000000000001,34.7099667293505,2022
260410,2604106,Caruaru - PE,PE,26008,Vale do Ipojuca,1147.39,10.810000000000002,86.59792325578037,2022
260415,2604155,Casinhas - PE,PE,26009,Alto Capibaribe,604.46,24.700000000000003,12.042755344418053,2022
260420,2604205,Catende - PE,PE,26015,Mata Meridional Pernambucana,751.85,21.299999999999997,65.33431571191748,2022
260430,2604304,Cedro - PE,PE,26002,Salgueiro,684.12,16.909999999999997,63.855421686746986,2022
260440,2604403,Chã de Alegria - PE,PE,26014,Vitória de Santo Antão,658.43,18.72,70.05018248175182,2022
260450,2604502,Chã Grande - PE,PE,26014,Vitória de Santo Antão,751.12,22.950000000000003,57.17030327981337,2022
260460,2604601,Condado - PE,PE,26013,Mata Setentrional Pernambucana,767.77,19.060000000000002,14.540416817250934,2022
260470,2604700,Correntes - PE,PE,26011,Garanhuns,619.92,23.709999999999994,68.9668540414809,2022
260480,2604809,Cortês - PE,PE,26015,Mata Meridional Pernambucana,678.09,24.03,74.93769039047355,2022
260490,2604908,Cumaru - PE,PE,26010,Médio Capibaribe,750.88,24.400000000000006,38.36123348017621,2022
260500,2605004,Cupira - PE,PE,26012,Brejo Pernambucano,712.78,19.439999999999998,89.10142874011099,2022
260510,2605103,Custódia - PE,PE,26004,Sertão do Moxotó,857.53,20.89,62.9359708485164,2022
260515,2605152,Dormentes - PE,PE,26005,Petrolina,775.81,19.680000000000007,45.801789401238814,2022
260520,2605202,Escada - PE,PE,26015,Mata Meridional Pernambucana,822.04,16.019999999999996,42.00845967396987,2022
260530,2605301,Exu - PE,PE,26001,Araripina,647.76,20.92,35.709363000886086,2022
260540,2605400,Feira Nova - PE,PE,26010,Médio Capibaribe,738.81,21.75,54.54309112179904,2022
260545,2605459,Fernando de Noronha - PE,PE,26019,Fernando de Noronha,2566.14,3.510000000000005,91.91073919107392,2022
260550,2605509,Ferreiros - PE,PE,26013,Mata Setentrional Pernambucana,803.44,20.150000000000006,65.28256025926676,2022
260560,2605608,Flores - PE,PE,26003,Pajeú,666.01,24.909999999999997,42.859042553191486,2022
260570,2605707,Floresta - PE,PE,26006,Itaparica,843.67,13.299999999999997,74.29390528774687,2022
260580,2605806,Frei Miguelinho - PE,PE,26009,Alto Capibaribe,794.41,24.230000000000004,35.23235465681509,2022
260590,2605905,Gameleira - PE,PE,26015,Mata Meridional Pernambucana,707.33,23.75,58.910971077718536,2022
260600,2606002,Garanhuns - PE,PE,26011,Garanhuns,1128.17,12.159999999999997,80.51765281772012,2022
260610,2606101,Glória do Goitá - PE,PE,26014,Vitória de Santo Antão,691.86,22.099999999999994,73.51208014142604,2022
260620,2606200,Goiana - PE,PE,26013,Mata Setentrional Pernambucana,839.04,13.75,58.5294328016594,2022
260630,2606309,Granito - PE,PE,26001,Araripina,697.41,20.08,60.56712450155073,2022
260640,2606408,Gravatá - PE,PE,26008,Vale do Ipojuca,1029.73,16.730000000000004,68.03329799837874,2022
260650,2606507,Iati - PE,PE,26011,Garanhuns,670.09,29.739999999999995,40.32428621783574,2022
260660,2606606,Ibimirim - PE,PE,26004,Sertão do Moxotó,646.06,24.400000000000006,64.20268592709627,2022
260670,2606705,Ibirajuba - PE,PE,26012,Brejo Pernambucano,704.48,25.560000000000002,70.84437712987504,2022
260680,2606804,Igarassu - PE,PE,26016,Itamaracá,880.67,10.11,51.83274504480043,2022
260690,2606903,Iguaracy - PE,PE,26003,Pajeú,691.37,21.28,49.161322150962015,2022
260700,2607000,Inajá - PE,PE,26004,Sertão do Moxotó,506.86,24.129999999999995,36.60738714090287,2022
260710,2607109,Ingazeira - PE,PE,26003,Pajeú,728.49,20.349999999999994,64.47990543735224,2022
260720,2607208,Ipojuca - PE,PE,26018,Suape,829.65,12.36,62.86643969750836,2022
260730,2607307,Ipubi - PE,PE,26001,Araripina,677.16,21.239999999999995,41.254019292604504,2022
260740,2607406,Itacuruba - PE,PE,26006,Itaparica,662.99,12.680000000000007,82.51488095238095,2022
260750,2607505,Itaíba - PE,PE,26007,Vale do Ipanema,603.53,29.659999999999997,40.691712501165284,2022
260760,2607604,Ilha de Itamaracá - PE,PE,26016,Itamaracá,871.13,10.799999999999997,16.598097197222938,2022
260765,2607653,Itambé - PE,PE,26013,Mata Setentrional Pernambucana,728.38,24.78,23.56610639403916,2022
260770,2607703,Itapetim - PE,PE,26003,Pajeú,874.77,18.060000000000002,71.23337584259428,2022
260775,2607752,Itapissuma - PE,PE,26016,Itamaracá,745.48,11.730000000000004,69.86984551757693,2022
260780,2607802,Itaquitinga - PE,PE,26013,Mata Setentrional Pernambucana,625.18,21.650000000000006,24.888197550068053,2022
260790,2607901,Jaboatão dos Guararapes - PE,PE,26017,Recife,1141.05,7.209999999999994,62.77073029670297,2022
260795,2607950,Jaqueira - PE,PE,26015,Mata Meridional Pernambucana,544.67,22.840000000000003,72.93071735131821,2022
260800,2608008,Jataúba - PE,PE,26008,Vale do Ipojuca,627.22,25.340000000000003,47.58931668400971,2022
260805,2608057,Jatobá - PE,PE,26006,Itaparica,826.57,17.370000000000005,59.0142948581182,2022
260810,2608107,João Alfredo - PE,PE,26010,Médio Capibaribe,727.48,25.72,45.516502774802845,2022
260820,2608206,Joaquim Nabuco - PE,PE,26015,Mata Meridional Pernambucana,689.95,21.689999999999998,59.52489721333942,2022
260825,2608255,Jucati - PE,PE,26011,Garanhuns,651.62,22.939999999999998,59.57502623294858,2022
260830,2608305,Jupi - PE,PE,26011,Garanhuns,802.92,21.709999999999994,70.1863354037267,2022
260840,2608404,Jurema - PE,PE,26011,Garanhuns,613.2,27.200000000000003,76.83155917345022,2022
260845,2608453,Lagoa do Carro - PE,PE,26013,Mata Setentrional Pernambucana,736.67,18.810000000000002,27.97853874072905,2022
260850,2608503,Lagoa de Itaenga - PE,PE,26013,Mata Setentrional Pernambucana,702.56,21.480000000000004,32.1157000149098,2022
260860,2608602,Lagoa do Ouro - PE,PE,26011,Garanhuns,631.35,27.599999999999994,52.79383429672447,2022
260870,2608701,Lagoa dos Gatos - PE,PE,26012,Brejo Pernambucano,619.0,29.11,50.35232534729213,2022
260875,2608750,Lagoa Grande - PE,PE,26005,Petrolina,740.89,18.260000000000005,64.00993171942892,2022
260880,2608800,Lajedo - PE,PE,26011,Garanhuns,731.14,18.049999999999997,62.25236864771748,2022
260890,2608909,Limoeiro - PE,PE,26010,Médio Capibaribe,937.06,15.189999999999998,59.76322567862096,2022
260900,2609006,Macaparana - PE,PE,26013,Mata Setentrional Pernambucana,730.04,22.33,75.48070880985296,2022
260910,2609105,Machados - PE,PE,26010,Médio Capibaribe,730.09,21.319999999999993,36.03228325956782,2022
260915,2609154,Manari - PE,PE,26004,Sertão do Moxotó,359.1,30.17,4.959665371974903,2022
260920,2609204,Maraial - PE,PE,26015,Mata Meridional Pernambucana,663.74,27.739999999999995,43.08338720103426,2022
260930,2609303,Mirandiba - PE,PE,26002,Salgueiro,719.61,17.069999999999993,52.51846877098724,2022
260940,2609402,Moreno - PE,PE,26017,Recife,783.46,13.840000000000003,69.63511099770349,2022
260950,2609501,Nazaré da Mata - PE,PE,26013,Mata Setentrional Pernambucana,908.93,16.459999999999994,80.87959489872468,2022
260960,2609600,Olinda - PE,PE,26017,Recife,1277.73,6.040000000000006,74.77074673309184,2022
260970,2609709,Orobó - PE,PE,26010,Médio Capibaribe,685.96,22.900000000000006,31.524827492896765,2022
260980,2609808,Orocó - PE,PE,26005,Petrolina,578.24,16.819999999999993,65.88894073728419,2022
260990,2609907,Ouricuri - PE,PE,26001,Araripina,725.6,21.950000000000003,64.76008749476428,2022
261000,2610004,Palmares - PE,PE,26015,Mata Meridional Pernambucana,872.56,16.180000000000007,74.30789273694495,2022
261010,2610103,Palmeirina - PE,PE,26011,Garanhuns,744.56,24.900000000000006,42.04361873990307,2022
261020,2610202,Panelas - PE,PE,26012,Brejo Pernambucano,609.74,29.370000000000005,64.04439565800708,2022
261030,2610301,Paranatama - PE,PE,26011,Garanhuns,567.51,24.010000000000005,20.442120275730925,2022
261040,2610400,Parnamirim - PE,PE,26002,Salgueiro,704.76,21.790000000000006,47.27242852448242,2022
261050,2610509,Passira - PE,PE,26010,Médio Capibaribe,698.48,23.760000000000005,26.156515034695452,2022
261060,2610608,Paudalho - PE,PE,26013,Mata Setentrional Pernambucana,1129.46,16.28,52.231387478849406,2022
261070,2610707,Paulista - PE,PE,26017,Recife,1197.17,4.799999999999997,75.33644912438764,2022
261080,2610806,Pedra - PE,PE,26007,Vale do Ipanema,566.96,24.42,52.919093851132686,2022
261090,2610905,Pesqueira - PE,PE,26008,Vale do Ipojuca,863.67,18.22,67.2491263105342,2022
261100,2611002,Petrolândia - PE,PE,26006,Itaparica,745.92,13.709999999999994,60.412276683463126,2022
261110,2611101,Petrolina - PE,PE,26005,Petrolina,1290.18,8.430000000000007,80.87241003271538,2022
261120,2611200,Poção - PE,PE,26008,Vale do Ipojuca,654.04,24.159999999999997,66.6493236212279,2022
261130,2611309,Pombos - PE,PE,26014,Vitória de Santo Antão,774.09,20.58,58.44234864618193,2022
261140,2611408,Primavera - PE,PE,26015,Mata Meridional Pernambucana,660.57,18.870000000000005,34.56570155902004,2022
261150,2611507,Quipapá - PE,PE,26015,Mata Meridional Pernambucana,633.82,27.959999999999994,66.19304262616365,2022
261153,2611533,Quixaba - PE,PE,26003,Pajeú,551.89,21.430000000000007,45.893719806763286,2022
261160,2611606,Recife - PE,PE,26017,Recife,2284.77,5.480000000000004,77.83129757188183,2022
261170,2611705,Riacho das Almas - PE,PE,26008,Vale do Ipojuca,744.57,24.260000000000005,53.08020147229756,2022
261180,2611804,Ribeirão - PE,PE,26015,Mata Meridional Pernambucana,833.71,18.519999999999996,67.89460434673155,2022
261190,2611903,Rio Formoso - PE,PE,26015,Mata Meridional Pernambucana,729.18,17.58,53.246349798073936,2022
261200,2612000,Sairé - PE,PE,26012,Brejo Pernambucano,838.63,23.549999999999997,42.860611947547355,2022
261210,2612109,Salgadinho - PE,PE,26010,Médio Capibaribe,771.72,30.36,12.237932715748416,2022
261220,2612208,Salgueiro - PE,PE,26002,Salgueiro,952.41,11.969999999999999,69.09839682306222,2022
261230,2612307,Saloá - PE,PE,26011,Garanhuns,658.78,25.790000000000006,56.48090169067001,2022
261240,2612406,Sanharó - PE,PE,26008,Vale do Ipojuca,656.04,20.769999999999996,59.60926851431168,2022
261245,2612455,Santa Cruz - PE,PE,26001,Araripina,661.87,20.900000000000006,39.715987173614295,2022
261247,2612471,Santa Cruz da Baixa Verde - PE,PE,26003,Pajeú,629.41,17.53,55.60020090406831,2022
261250,2612505,Santa Cruz do Capibaribe - PE,PE,26009,Alto Capibaribe,965.72,11.760000000000005,90.57386494584006,2022
261255,2612554,Santa Filomena - PE,PE,26001,Araripina,600.05,24.230000000000004,14.104131019310682,2022
261260,2612604,Santa Maria da Boa Vista - PE,PE,26005,Petrolina,698.96,16.819999999999993,41.45582249181898,2022
261270,2612703,Santa Maria do Cambucá - PE,PE,26009,Alto Capibaribe,698.75,24.769999999999996,23.157894736842106,2022
261280,2612802,Santa Terezinha - PE,PE,26003,Pajeú,710.2,19.42,90.73379753615426,2022
261290,2612901,São Benedito do Sul - PE,PE,26015,Mata Meridional Pernambucana,606.58,30.83,58.63412100753051,2022
261300,2613008,São Bento do Una - PE,PE,26008,Vale do Ipojuca,678.99,21.92,55.18645645470941,2022
261310,2613107,São Caitano - PE,PE,26008,Vale do Ipojuca,698.82,22.939999999999998,74.18492387671742,2022
261320,2613206,São João - PE,PE,26011,Garanhuns,739.27,22.61,30.922630316799193,2022
261330,2613305,São Joaquim do Monte - PE,PE,26012,Brejo Pernambucano,646.01,27.67,74.26072469804248,2022
261340,2613404,São José da Coroa Grande - PE,PE,26015,Mata Meridional Pernambucana,953.27,14.900000000000006,25.331804030804523,2022
261350,2613503,São José do Belmonte - PE,PE,26002,Salgueiro,780.35,19.769999999999996,60.54321416174939,2022
261360,2613602,São José do Egito - PE,PE,26003,Pajeú,818.37,16.510000000000005,71.26582278481013,2022
261370,2613701,São Lourenço da Mata - PE,PE,26017,Recife,850.82,11.769999999999996,51.67795449356974,2022
261380,2613800,São Vicente Férrer - PE,PE,26010,Médio Capibaribe,623.2,23.099999999999994,61.898041982713,2022
261390,2613909,Serra Talhada - PE,PE,26003,Pajeú,992.09,15.459999999999994,79.24417707851303,2022
261400,2614006,Serrita - PE,PE,26002,Salgueiro,632.57,20.629999999999995,33.022588741484405,2022
261410,2614105,Sertânia - PE,PE,26004,Sertão do Moxotó,787.05,19.590000000000003,62.25885952239313,2022
261420,2614204,Sirinhaém - PE,PE,26015,Mata Meridional Pernambucana,728.49,18.25,45.31920262427454,2022
261430,2614303,Moreilândia - PE,PE,26001,Araripina,640.24,19.180000000000007,36.334958416977344,2022
261440,2614402,Solidão - PE,PE,26003,Pajeú,650.08,20.519999999999996,34.799554565701555,2022
261450,2614501,Surubim - PE,PE,26009,Alto Capibaribe,868.11,17.92,53.828888302086085,2022
261460,2614600,Tabira - PE,PE,26003,Pajeú,836.97,16.629999999999995,74.33841218925421,2022
261470,2614709,Tacaimbó - PE,PE,26008,Vale do Ipojuca,667.75,26.67,58.15206132173193,2022
261480,2614808,Tacaratu - PE,PE,26006,Itaparica,581.9,19.14,56.88410731308729,2022
261485,2614857,Tamandaré - PE,PE,26015,Mata Meridional Pernambucana,807.27,14.39,63.36477987421384,2022
261500,2615003,Taquaritinga do Norte - PE,PE,26009,Alto Capibaribe,869.56,16.310000000000002,68.68051656372825,2022
261510,2615102,Terezinha - PE,PE,26011,Garanhuns,627.03,27.980000000000004,46.075243845796564,2022
261520,2615201,Terra Nova - PE,PE,26005,Petrolina,676.58,15.489999999999995,65.51602676998944,2022
261530,2615300,Timbaúba - PE,PE,26013,Mata Setentrional Pernambucana,824.27,17.099999999999994,79.06689706245372,2022
261540,2615409,Toritama - PE,PE,26009,Alto Capibaribe,775.68,15.14,80.46154928586505,2022
261550,2615508,Tracunhaém - PE,PE,26013,Mata Setentrional Pernambucana,697.46,19.400000000000006,29.774919614147908,2022
261560,2615607,Trindade - PE,PE,26001,Araripina,700.43,18.239999999999995,47.954338822103246,2022
261570,2615706,Triunfo - PE,PE,26003,Pajeú,988.78,12.790000000000006,34.116755117513264,2022
261580,2615805,Tupanatinga - PE,PE,26007,Vale do Ipanema,507.68,25.939999999999998,35.73323228495642,2022
261590,2615904,Tuparetama - PE,PE,26003,Pajeú,802.72,17.25,66.2715882153742,2022
261600,2616001,Venturosa - PE,PE,26007,Vale do Ipanema,812.65,19.909999999999997,67.94893910643437,2022
261610,2616100,Verdejante - PE,PE,26002,Salgueiro,697.9,18.92,44.9290060851927,2022
261618,2616183,Vertente do Lério - PE,PE,26009,Alto Capibaribe,693.87,27.549999999999997,11.67608286252354,2022
261620,2616209,Vertentes - PE,PE,26009,Alto Capibaribe,820.75,19.42,52.37913486005089,2022
261630,2616308,Vicência - PE,PE,26013,Mata Setentrional Pernambucana,752.56,20.060000000000002,54.6105541478462,2022
261640,2616407,Vitória de Santo Antão - PE,PE,26014,Vitória de Santo Antão,945.42,15.349999999999994,76.98148339712424,2022
261650,2616506,Xexéu - PE,PE,26015,Mata Meridional Pernambucana,639.13,25.83,76.74006580612503,2022
270010,2700102,Água Branca - AL,AL,27001,Serrana do Sertão Alagoano,625.07,22.89,31.92644483362522,2022
270020,2700201,Anadia - AL,AL,27012,São Miguel dos Campos,686.24,28.72,50.95128580388877,2022
270030,2700300,Arapiraca - AL,AL,27006,Arapiraca,1080.25,15.260000000000005,43.10717594975806,2022
270040,2700409,Atalaia - AL,AL,27009,Mata Alagoana,711.54,24.480000000000004,26.58301965704726,2022
270050,2700508,Barra de Santo Antônio - AL,AL,27011,Maceió,823.52,21.290000000000006,10.843373493975903,2022
270060,2700607,Barra de São Miguel - AL,AL,27011,Maceió,1090.24,14.549999999999997,96.55854430379746,2022
270070,2700706,Batalha - AL,AL,27004,Batalha,781.96,23.299999999999997,51.8836619168456,2022
270080,2700805,Belém - AL,AL,27005,Palmeira dos Índios,785.36,23.97,7.935560859188544,2022
270090,2700904,Belo Monte - AL,AL,27004,Batalha,552.98,27.049999999999997,1.8438177874186552,2022
270100,2701001,Boca da Mata - AL,AL,27012,São Miguel dos Campos,747.1,22.92,67.90545350989606,2022
270110,2701100,Branquinha - AL,AL,27009,Mata Alagoana,590.5,32.900000000000006,66.09007832898172,2022
270120,2701209,Cacimbinhas - AL,AL,27005,Palmeira dos Índios,674.58,29.97,62.27310807037141,2022
270130,2701308,Cajueiro - AL,AL,27009,Mata Alagoana,735.55,27.439999999999998,44.80951421084459,2022
270135,2701357,Campestre - AL,AL,27009,Mata Alagoana,700.77,23.290000000000006,72.67942583732058,2022
270140,2701407,Campo Alegre - AL,AL,27012,São Miguel dos Campos,751.21,21.560000000000002,33.86079021454228,2022
270150,2701506,Campo Grande - AL,AL,27006,Arapiraca,550.5,32.58,17.51412429378531,2022
270160,2701605,Canapi - AL,AL,27001,Serrana do Sertão Alagoano,628.19,29.900000000000006,6.142262730334853,2022
270170,2701704,Capela - AL,AL,27009,Mata Alagoana,743.82,23.799999999999997,78.9247311827957,2022
270180,2701803,Carneiros - AL,AL,27003,Santana do Ipanema,607.69,22.269999999999996,12.290299051787017,2022
270190,2701902,Chã Preta - AL,AL,27008,Serrana dos Quilombos,674.99,27.060000000000002,57.690315898498184,2022
270200,2702009,Coité do Nóia - AL,AL,27006,Arapiraca,649.14,28.340000000000003,1.1914657799944584,2022
270210,2702108,Colônia Leopoldina - AL,AL,27009,Mata Alagoana,704.1,25.879999999999995,79.59814528593509,2022
270220,2702207,Coqueiro Seco - AL,AL,27011,Maceió,846.43,18.540000000000006,98.65519096288327,2022
270230,2702306,Coruripe - AL,AL,27012,São Miguel dos Campos,849.84,18.230000000000004,54.013173944864604,2022
270235,2702355,Craíbas - AL,AL,27006,Arapiraca,558.43,28.909999999999997,15.246470151102304,2022
270240,2702405,Delmiro Gouveia - AL,AL,27002,Alagoana do Sertão do São Francisco,919.98,17.480000000000004,74.85650696966147,2022
270250,2702504,Dois Riachos - AL,AL,27003,Santana do Ipanema,614.92,27.269999999999996,0.5819295558958653,2022
270255,2702553,Estrela de Alagoas - AL,AL,27005,Palmeira dos Índios,603.82,34.2,2.148014440433213,2022
270260,2702603,Feira Grande - AL,AL,27006,Arapiraca,543.54,30.439999999999998,4.284362751723206,2022
270270,2702702,Feliz Deserto - AL,AL,27013,Penedo,731.46,24.370000000000005,36.322532027128865,2022
270280,2702801,Flexeiras - AL,AL,27009,Mata Alagoana,656.18,25.230000000000004,67.12858524009023,2022
270290,2702900,Girau do Ponciano - AL,AL,27006,Arapiraca,607.35,30.239999999999995,9.025826914363389,2022
270300,2703007,Ibateguara - AL,AL,27008,Serrana dos Quilombos,666.04,29.78,69.26935659760088,2022
270310,2703106,Igaci - AL,AL,27005,Palmeira dos Índios,646.11,28.989999999999995,8.179983378843643,2022
270320,2703205,Igreja Nova - AL,AL,27013,Penedo,525.81,27.989999999999995,29.195434690714386,2022
270330,2703304,Inhapi - AL,AL,27001,Serrana do Sertão Alagoano,599.89,28.689999999999998,28.270394325057374,2022
270340,2703403,Jacaré dos Homens - AL,AL,27004,Batalha,724.87,23.769999999999996,69.24019607843137,2022
270350,2703502,Jacuípe - AL,AL,27009,Mata Alagoana,677.81,24.120000000000005,57.966876070816674,2022
270360,2703601,Japaratinga - AL,AL,27010,Litoral Norte Alagoano,827.16,19.939999999999998,23.668639053254438,2022
270370,2703700,Jaramataia - AL,AL,27004,Batalha,637.77,31.239999999999995,32.225705329153605,2022
270375,2703759,Jequiá da Praia - AL,AL,27012,São Miguel dos Campos,778.85,20.739999999999995,76.18090452261306,2022
270380,2703809,Joaquim Gomes - AL,AL,27009,Mata Alagoana,618.24,30.61,17.31958762886598,2022
270390,2703908,Jundiá - AL,AL,27009,Mata Alagoana,714.04,27.700000000000003,27.87125091441112,2022
270400,2704005,Junqueiro - AL,AL,27012,São Miguel dos Campos,749.29,25.099999999999994,11.630516080777861,2022
270410,2704104,Lagoa da Canoa - AL,AL,27006,Arapiraca,633.44,27.560000000000002,6.149957877000842,2022
270420,2704203,Limoeiro de Anadia - AL,AL,27006,Arapiraca,652.14,26.209999999999994,1.3407821229050279,2022
270430,2704302,Maceió - AL,AL,27011,Maceió,1605.6,8.420000000000002,68.33079688239901,2022
270440,2704401,Major Isidoro - AL,AL,27004,Batalha,744.14,27.549999999999997,5.510204081632653,2022
270450,2704500,Maragogi - AL,AL,27010,Litoral Norte Alagoano,833.62,18.879999999999995,64.61385151968112,2022
270460,2704609,Maravilha - AL,AL,27003,Santana do Ipanema,713.11,27.870000000000005,0.592823712948518,2022
270470,2704708,Marechal Deodoro - AL,AL,27011,Maceió,1208.19,13.469999999999999,70.01477857616062,2022
270480,2704807,Maribondo - AL,AL,27005,Palmeira dos Índios,783.47,22.599999999999994,75.89627959413754,2022
270490,2704906,Mar Vermelho - AL,AL,27005,Palmeira dos Índios,904.73,20.760000000000005,23.91713747645951,2022
270500,2705002,Mata Grande - AL,AL,27001,Serrana do Sertão Alagoano,528.9,31.08,12.285673799064758,2022
270510,2705101,Matriz de Camaragibe - AL,AL,27009,Mata Alagoana,681.56,23.340000000000003,8.689730318714247,2022
270520,2705200,Messias - AL,AL,27009,Mata Alagoana,643.98,21.0,80.05623619200642,2022
270530,2705309,Minador do Negrão - AL,AL,27005,Palmeira dos Índios,646.55,32.519999999999996,8.38988278840222,2022
270540,2705408,Monteirópolis - AL,AL,27004,Batalha,635.08,26.459999999999994,96.24604251469923,2022
270550,2705507,Murici - AL,AL,27009,Mata Alagoana,749.66,23.650000000000006,89.9182561307902,2022
270560,2705606,Novo Lino - AL,AL,27009,Mata Alagoana,705.65,26.67,63.71490280777538,2022
270570,2705705,Olho d'Água das Flores - AL,AL,27004,Batalha,697.42,20.049999999999997,6.556652423751289,2022
270580,2705804,Olho d'Água do Casado - AL,AL,27002,Alagoana do Sertão do São Francisco,576.56,24.760000000000005,34.5,2022
270590,2705903,Olho d'Água Grande - AL,AL,27007,Traipu,436.54,32.120000000000005,0.5083514887436456,2022
270600,2706000,Olivença - AL,AL,27004,Batalha,521.06,27.319999999999993,9.762237762237762,2022
270610,2706109,Ouro Branco - AL,AL,27003,Santana do Ipanema,758.14,23.450000000000003,6.952141057934509,2022
270620,2706208,Palestina - AL,AL,27003,Santana do Ipanema,726.16,21.92,3.785011355034065,2022
270630,2706307,Palmeira dos Índios - AL,AL,27005,Palmeira dos Índios,878.62,18.83,35.21858258700364,2022
270640,2706406,Pão de Açúcar - AL,AL,27003,Santana do Ipanema,738.27,24.120000000000005,16.268005814721818,2022
270642,2706422,Pariconha - AL,AL,27001,Serrana do Sertão Alagoano,606.59,22.239999999999995,16.492949110974862,2022
270644,2706448,Paripueira - AL,AL,27011,Maceió,1071.88,15.519999999999996,35.52361396303901,2022
270650,2706505,Passo de Camaragibe - AL,AL,27010,Litoral Norte Alagoano,721.98,23.75,4.398202884842752,2022
270660,2706604,Paulo Jacinto - AL,AL,27005,Palmeira dos Índios,731.19,25.11,49.36708860759494,2022
270670,2706703,Penedo - AL,AL,27013,Penedo,911.94,17.950000000000003,29.182601601142217,2022
270680,2706802,Piaçabuçu - AL,AL,27013,Penedo,689.66,22.83,26.605679435868115,2022
270690,2706901,Pilar - AL,AL,27011,Maceió,819.78,17.489999999999995,56.994997412454715,2022
270700,2707008,Pindoba - AL,AL,27008,Serrana dos Quilombos,674.19,23.36,0.8443908323281062,2022
270710,2707107,Piranhas - AL,AL,27002,Alagoana do Sertão do São Francisco,826.25,20.760000000000005,65.93109339407745,2022
270720,2707206,Poço das Trincheiras - AL,AL,27003,Santana do Ipanema,509.59,26.730000000000004,8.001975796492962,2022
270730,2707305,Porto Calvo - AL,AL,27009,Mata Alagoana,796.62,21.129999999999995,22.38082765845993,2022
270740,2707404,Porto de Pedras - AL,AL,27010,Litoral Norte Alagoano,731.48,22.08,19.04255319148936,2022
270750,2707503,Porto Real do Colégio - AL,AL,27013,Penedo,571.27,27.310000000000002,39.53309783443404,2022
270760,2707602,Quebrangulo - AL,AL,27005,Palmeira dos Índios,699.05,25.11,56.421395601411895,2022
270770,2707701,Rio Largo - AL,AL,27011,Maceió,778.71,13.14,56.1671469740634,2022
270780,2707800,Roteiro - AL,AL,27012,São Miguel dos Campos,665.34,25.03,80.27176648213387,2022
270790,2707909,Santa Luzia do Norte - AL,AL,27011,Maceió,692.89,14.700000000000003,42.49084249084249,2022
270800,2708006,Santana do Ipanema - AL,AL,27003,Santana do Ipanema,721.11,20.97,42.36322691747251,2022
270810,2708105,Santana do Mundaú - AL,AL,27008,Serrana dos Quilombos,642.22,27.83,45.530799475753604,2022
270820,2708204,São Brás - AL,AL,27007,Traipu,557.56,25.340000000000003,26.021606387975574,2022
270830,2708303,São José da Laje - AL,AL,27008,Serrana dos Quilombos,702.25,25.42,73.30694810905892,2022
270840,2708402,São José da Tapera - AL,AL,27003,Santana do Ipanema,603.09,26.989999999999995,22.938955317809942,2022
270850,2708501,São Luís do Quitunde - AL,AL,27009,Mata Alagoana,750.66,24.72,14.053763440860216,2022
270860,2708600,São Miguel dos Campos - AL,AL,27012,São Miguel dos Campos,912.83,15.879999999999995,81.2008746527983,2022
270870,2708709,São Miguel dos Milagres - AL,AL,27010,Litoral Norte Alagoano,959.27,18.010000000000005,16.75977653631285,2022
270880,2708808,São Sebastião - AL,AL,27006,Arapiraca,672.44,28.03,1.756563245823389,2022
270890,2708907,Satuba - AL,AL,27011,Maceió,970.21,9.579999999999998,89.2258883248731,2022
270895,2708956,Senador Rui Palmeira - AL,AL,27003,Santana do Ipanema,560.65,25.58,48.329258353708234,2022
270900,2709004,Tanque d'Arca - AL,AL,27005,Palmeira dos Índios,687.88,29.739999999999995,0.7270964614638875,2022
270910,2709103,Taquarana - AL,AL,27006,Arapiraca,618.0,25.900000000000006,5.77634011090573,2022
270915,2709152,Teotônio Vilela - AL,AL,27012,São Miguel dos Campos,740.39,21.590000000000003,52.13834440304552,2022
270920,2709202,Traipu - AL,AL,27007,Traipu,599.73,32.69,7.002991569214033,2022
270930,2709301,União dos Palmares - AL,AL,27008,Serrana dos Quilombos,768.95,23.230000000000004,81.0268874373386,2022
270940,2709400,Viçosa - AL,AL,27008,Serrana dos Quilombos,742.73,24.86,24.36528988253126,2022
280010,2800100,Amparo do São Francisco - SE,SE,28007,Propriá,773.49,18.730000000000004,52.75908479138627,2022
280020,2800209,Aquidabã - SE,SE,28003,Nossa Senhora das Dores,782.01,22.310000000000002,44.68113792638533,2022
280030,2800308,Aracaju - SE,SE,28011,Aracaju,2087.74,5.219999999999999,94.62869486026003,2022
280040,2800407,Arauá - SE,SE,28012,Boquim,749.83,24.010000000000005,3.6363636363636362,2022
280050,2800506,Areia Branca - SE,SE,28004,Agreste de Itabaiana,794.41,18.799999999999997,2.4556838510326884,2022
280060,2800605,Barra dos Coqueiros - SE,SE,28011,Aracaju,1589.75,6.060000000000002,83.30464716006885,2022
280067,2800670,Boquim - SE,SE,28012,Boquim,880.42,19.53,16.848990639449646,2022
280070,2800704,Brejo Grande - SE,SE,28007,Propriá,554.26,24.25,49.17037636584379,2022
280100,2801009,Campo do Brito - SE,SE,28004,Agreste de Itabaiana,921.66,20.519999999999996,41.65194346289753,2022
280110,2801108,Canhoba - SE,SE,28007,Propriá,689.22,23.97,15.772870662460567,2022
280120,2801207,Canindé de São Francisco - SE,SE,28001,Sergipana do Sertão do São Francisco,707.36,22.370000000000005,75.01147842056933,2022
280130,2801306,Capela - SE,SE,28008,Cotinguiba,698.56,20.239999999999995,54.110916305250534,2022
280140,2801405,Carira - SE,SE,28002,Carira,712.75,25.17,23.313961346127854,2022
280150,2801504,Carmópolis - SE,SE,28010,Baixo Cotinguiba,766.36,12.010000000000005,85.19940285775219,2022
280160,2801603,Cedro de São João - SE,SE,28007,Propriá,764.19,15.650000000000006,69.06363166063115,2022
280170,2801702,Cristinápolis - SE,SE,28012,Boquim,661.19,22.47,3.9951363557408373,2022
280190,2801900,Cumbe - SE,SE,28003,Nossa Senhora das Dores,711.39,21.909999999999997,22.953216374269005,2022
280200,2802007,Divina Pastora - SE,SE,28008,Cotinguiba,789.16,17.349999999999994,19.889883000688233,2022
280210,2802106,Estância - SE,SE,28013,Estância,896.64,13.920000000000002,57.788208948796346,2022
280220,2802205,Feira Nova - SE,SE,28001,Sergipana do Sertão do São Francisco,640.0,23.290000000000006,60.094339622641506,2022
280230,2802304,Frei Paulo - SE,SE,28002,Carira,851.07,20.310000000000002,65.04145282273983,2022
280240,2802403,Gararu - SE,SE,28001,Sergipana do Sertão do São Francisco,700.41,27.67,19.929095973664218,2022
280250,2802502,General Maynard - SE,SE,28010,Baixo Cotinguiba,765.34,14.36,37.893789378937896,2022
280260,2802601,Graccho Cardoso - SE,SE,28001,Sergipana do Sertão do São Francisco,665.05,23.14,30.260047281323878,2022
280270,2802700,Ilha das Flores - SE,SE,28007,Propriá,522.34,19.370000000000005,51.71666064329599,2022
280280,2802809,Indiaroba - SE,SE,28013,Estância,611.83,20.439999999999998,15.966546283976431,2022
280290,2802908,Itabaiana - SE,SE,28004,Agreste de Itabaiana,1080.72,16.0,86.6281218649348,2022
280300,2803005,Itabaianinha - SE,SE,28012,Boquim,682.43,21.840000000000003,62.54125412541254,2022
280310,2803104,Itabi - SE,SE,28001,Sergipana do Sertão do São Francisco,772.31,25.290000000000006,60.57955166757791,2022
280320,2803203,Itaporanga d'Ajuda - SE,SE,28013,Estância,663.07,17.78,31.299778306921752,2022
280330,2803302,Japaratuba - SE,SE,28009,Japaratuba,816.67,15.280000000000001,27.874625814403945,2022
280340,2803401,Japoatã - SE,SE,28009,Japaratuba,715.33,23.060000000000002,18.05464480874317,2022
280350,2803500,Lagarto - SE,SE,28006,Agreste de Lagarto,928.75,18.439999999999998,50.92388494298854,2022
280360,2803609,Laranjeiras - SE,SE,28010,Baixo Cotinguiba,752.52,12.909999999999997,53.56823694625303,2022
280370,2803708,Macambira - SE,SE,28004,Agreste de Itabaiana,859.09,19.5,49.43684633950121,2022
280380,2803807,Malhada dos Bois - SE,SE,28003,Nossa Senhora das Dores,747.74,17.189999999999998,66.41604010025063,2022
280390,2803906,Malhador - SE,SE,28004,Agreste de Itabaiana,779.87,20.689999999999998,59.219348659003835,2022
280400,2804003,Maruim - SE,SE,28010,Baixo Cotinguiba,770.84,12.719999999999999,71.54827651875833,2022
280410,2804102,Moita Bonita - SE,SE,28004,Agreste de Itabaiana,796.8,19.209999999999994,59.65746907706946,2022
280420,2804201,Monte Alegre de Sergipe - SE,SE,28001,Sergipana do Sertão do São Francisco,727.55,25.459999999999994,55.11009555463232,2022
280430,2804300,Muribeca - SE,SE,28003,Nossa Senhora das Dores,740.68,20.099999999999994,5.693693693693693,2022
280440,2804409,Neópolis - SE,SE,28007,Propriá,761.43,19.39,29.481584918834002,2022
280445,2804458,Nossa Senhora Aparecida - SE,SE,28002,Carira,812.94,25.489999999999995,67.00236966824644,2022
280450,2804508,Nossa Senhora da Glória - SE,SE,28001,Sergipana do Sertão do São Francisco,879.22,19.25,77.3143936743405,2022
280460,2804607,Nossa Senhora das Dores - SE,SE,28003,Nossa Senhora das Dores,760.07,20.89,23.912805345601928,2022
280470,2804706,Nossa Senhora de Lourdes - SE,SE,28007,Propriá,814.61,22.78,22.192513368983956,2022
280480,2804805,Nossa Senhora do Socorro - SE,SE,28011,Aracaju,822.63,8.170000000000002,78.77761699461459,2022
280490,2804904,Pacatuba - SE,SE,28009,Japaratuba,588.41,24.480000000000004,88.54415274463007,2022
280500,2805000,Pedra Mole - SE,SE,28002,Carira,631.36,17.939999999999998,33.437826541274816,2022
280510,2805109,Pedrinhas - SE,SE,28012,Boquim,745.96,23.25,14.317673378076062,2022
280520,2805208,Pinhão - SE,SE,28002,Carira,677.94,21.049999999999997,49.60552268244576,2022
280530,2805307,Pirambu - SE,SE,28009,Japaratuba,750.38,13.370000000000005,80.4108025865348,2022
280540,2805406,Poço Redondo - SE,SE,28001,Sergipana do Sertão do São Francisco,632.67,26.61,35.11854951185495,2022
280550,2805505,Poço Verde - SE,SE,28005,Tobias Barreto,757.03,21.930000000000007,74.42455242966751,2022
280560,2805604,Porto da Folha - SE,SE,28001,Sergipana do Sertão do São Francisco,616.69,22.340000000000003,53.33260608705138,2022
280570,2805703,Propriá - SE,SE,28007,Propriá,941.63,14.659999999999997,77.3712294457149,2022
280580,2805802,Riachão do Dantas - SE,SE,28006,Agreste de Lagarto,671.74,26.090000000000003,16.802168021680217,2022
280590,2805901,Riachuelo - SE,SE,28010,Baixo Cotinguiba,688.58,12.780000000000001,82.87744227353464,2022
280600,2806008,Ribeirópolis - SE,SE,28002,Carira,883.07,20.89,74.69362745098039,2022
280610,2806107,Rosário do Catete - SE,SE,28010,Baixo Cotinguiba,753.63,13.030000000000001,82.05209656925032,2022
280620,2806206,Salgado - SE,SE,28012,Boquim,798.99,19.569999999999993,14.034369885433716,2022
280630,2806305,Santa Luzia do Itanhy - SE,SE,28013,Estância,571.88,24.409999999999997,28.251717261245293,2022
280640,2806404,Santana do São Francisco - SE,SE,28007,Propriá,717.52,17.269999999999996,3.761622992392223,2022
280650,2806503,Santa Rosa de Lima - SE,SE,28008,Cotinguiba,578.91,21.310000000000002,92.6007326007326,2022
280660,2806602,Santo Amaro das Brotas - SE,SE,28010,Baixo Cotinguiba,767.22,16.14,19.30888947507254,2022
280670,2806701,São Cristóvão - SE,SE,28011,Aracaju,1124.93,8.909999999999997,68.2034163358595,2022
280680,2806800,São Domingos - SE,SE,28004,Agreste de Itabaiana,729.31,20.33,19.553362762918724,2022
280690,2806909,São Francisco - SE,SE,28009,Japaratuba,776.93,21.019999999999996,43.25744308231173,2022
280700,2807006,São Miguel do Aleixo - SE,SE,28003,Nossa Senhora das Dores,734.03,26.03,61.74863387978142,2022
280710,2807105,Simão Dias - SE,SE,28005,Tobias Barreto,850.37,19.349999999999994,53.72922839108592,2022
280720,2807204,Siriri - SE,SE,28008,Cotinguiba,759.73,17.790000000000006,34.527326440177255,2022
280730,2807303,Telha - SE,SE,28007,Propriá,692.33,21.409999999999997,31.781557743957027,2022
280740,2807402,Tobias Barreto - SE,SE,28005,Tobias Barreto,881.15,20.08,78.94991922455573,2022
280750,2807501,Tomar do Geru - SE,SE,28012,Boquim,552.13,25.97,46.608615948670945,2022
280760,2807600,Umbaúba - SE,SE,28012,Boquim,743.59,18.129999999999995,10.030175015087508,2022
290010,2900108,Abaíra - BA,BA,29023,Seabra,901.48,18.840000000000003,29.867744305657606,2022
290020,2900207,Abaré - BA,BA,29005,Paulo Afonso,600.78,19.939999999999998,72.28133453561767,2022
290030,2900306,Acajutiba - BA,BA,29017,Alagoinhas,706.63,18.39,9.458892617449665,2022
290035,2900355,Adustina - BA,BA,29015,Ribeira do Pombal,739.27,27.92,41.213750720184365,2022
290040,2900405,Água Fria - BA,BA,29012,Feira de Santana,700.83,20.019999999999996,6.97503671071953,2022
290050,2900504,Érico Cardoso - BA,BA,29025,Livramento do Brumado,765.89,24.17,0.482780817508851,2022
290060,2900603,Aiquara - BA,BA,29024,Jequié,756.71,20.439999999999998,80.54448871181938,2022
290070,2900702,Alagoinhas - BA,BA,29017,Alagoinhas,1072.99,7.530000000000001,75.23972294683817,2022
290080,2900801,Alcobaça - BA,BA,29032,Porto Seguro,747.65,16.629999999999995,48.19645165080484,2022
290090,2900900,Almadina - BA,BA,29031,Ilhéus-Itabuna,912.36,23.049999999999997,80.97560975609755,2022
290100,2901007,Amargosa - BA,BA,29024,Jequié,839.32,15.239999999999995,39.50305014134801,2022
290110,2901106,Amélia Rodrigues - BA,BA,29019,Catu,840.69,9.739999999999995,29.988372093023255,2022
290115,2901155,América Dourada - BA,BA,29009,Irecê,674.14,17.489999999999995,80.47785547785548,2022
290120,2901205,Anagé - BA,BA,29028,Vitória da Conquista,718.55,25.819999999999993,26.816901408450704,2022
290130,2901304,Andaraí - BA,BA,29023,Seabra,758.2,18.909999999999997,31.941638608305276,2022
290135,2901353,Andorinha - BA,BA,29008,Senhor do Bonfim,796.26,19.22,48.02885421909075,2022
290140,2901403,Angical - BA,BA,29002,Cotegipe,823.95,18.849999999999994,1.2758468983721953,2022
290150,2901502,Anguera - BA,BA,29012,Feira de Santana,720.44,14.780000000000001,48.095238095238095,2022
290160,2901601,Antas - BA,BA,29015,Ribeira do Pombal,832.0,18.310000000000002,75.86975914362176,2022
290170,2901700,Antônio Cardoso - BA,BA,29012,Feira de Santana,702.92,20.599999999999994,22.076788830715532,2022
290180,2901809,Antônio Gonçalves - BA,BA,29008,Senhor do Bonfim,750.04,16.319999999999993,20.744081172491544,2022
290190,2901908,Aporá - BA,BA,29017,Alagoinhas,710.49,21.53,4.515672038250399,2022
290195,2901957,Apuarema - BA,BA,29024,Jequié,836.77,23.879999999999995,43.79268782643632,2022
290200,2902005,Aracatu - BA,BA,29027,Brumado,757.68,22.53,21.944866507488605,2022
290205,2902054,Araçás - BA,BA,29017,Alagoinhas,725.59,16.97,15.13237794510566,2022
290210,2902104,Araci - BA,BA,29016,Serrinha,691.84,26.840000000000003,46.00035421217309,2022
290220,2902203,Aramari - BA,BA,29017,Alagoinhas,803.04,16.47,18.61397479954181,2022
290225,2902252,Arataca - BA,BA,29031,Ilhéus-Itabuna,691.76,24.459999999999994,43.15759147219821,2022
290230,2902302,Aratuípe - BA,BA,29020,Santo Antônio de Jesus,639.58,18.42,37.57225433526011,2022
290240,2902401,Aurelino Leal - BA,BA,29031,Ilhéus-Itabuna,745.63,20.64,58.75949367088607,2022
290250,2902500,Baianópolis - BA,BA,29001,Barreiras,700.24,22.560000000000002,0.4528985507246377,2022
290260,2902609,Baixa Grande - BA,BA,29011,Itaberaba,708.86,19.28,56.93374422187981,2022
290265,2902658,Banzaê - BA,BA,29015,Ribeira do Pombal,707.64,20.83,12.655654383735705,2022
290270,2902708,Barra - BA,BA,29006,Barra,621.14,20.120000000000005,51.32463168777462,2022
290280,2902807,Barra da Estiva - BA,BA,29023,Seabra,796.07,13.730000000000004,54.97509556353527,2022
290290,2902906,Barra do Choça - BA,BA,29028,Vitória da Conquista,784.48,22.290000000000006,32.51223491027732,2022
290300,2903003,Barra do Mendes - BA,BA,29009,Irecê,879.61,11.180000000000007,10.289452815226012,2022
290310,2903102,Barra do Rocha - BA,BA,29031,Ilhéus-Itabuna,810.44,26.22,69.1732835123774,2022
290320,2903201,Barreiras - BA,BA,29001,Barreiras,1339.99,7.510000000000005,90.24946648024137,2022
290323,2903235,Barro Alto - BA,BA,29009,Irecê,708.95,11.5,1.9797809604043808,2022
290327,2903276,Barrocas - BA,BA,29016,Serrinha,762.9,16.58,63.390286043386446,2022
290330,2903300,Barro Preto - BA,BA,29031,Ilhéus-Itabuna,860.67,19.53,84.25512934879572,2022
290340,2903409,Belmonte - BA,BA,29031,Ilhéus-Itabuna,837.51,17.64,69.69279515084722,2022
290350,2903508,Belo Campo - BA,BA,29028,Vitória da Conquista,746.56,20.010000000000005,3.835874862443012,2022
290360,2903607,Biritinga - BA,BA,29016,Serrinha,680.46,21.92,21.892497200447927,2022
290370,2903706,Boa Nova - BA,BA,29028,Vitória da Conquista,705.02,27.129999999999995,32.085448392554994,2022
290380,2903805,Boa Vista do Tupim - BA,BA,29011,Itaberaba,618.24,24.010000000000005,11.662447257383967,2022
290390,2903904,Bom Jesus da Lapa - BA,BA,29007,Bom Jesus da Lapa,916.66,13.700000000000003,60.86873417116644,2022
290395,2903953,Bom Jesus da Serra - BA,BA,29028,Vitória da Conquista,655.08,22.430000000000007,0.7886435331230284,2022
290400,2904001,Boninal - BA,BA,29023,Seabra,761.38,14.670000000000002,1.4519474533302603,2022
290405,2904050,Bonito - BA,BA,29023,Seabra,704.84,13.980000000000004,8.165527433955292,2022
290410,2904100,Boquira - BA,BA,29022,Boquira,675.66,20.549999999999997,14.965880893300248,2022
290420,2904209,Botuporã - BA,BA,29022,Boquira,709.0,22.760000000000005,43.41490239208139,2022
290430,2904308,Brejões - BA,BA,29024,Jequié,708.98,20.799999999999997,41.666666666666664,2022
290440,2904407,Brejolândia - BA,BA,29002,Cotegipe,739.06,20.480000000000004,0.438871473354232,2022
290450,2904506,Brotas de Macaúbas - BA,BA,29022,Boquira,729.3,11.760000000000005,42.70931326434619,2022
290460,2904605,Brumado - BA,BA,29027,Brumado,1024.01,11.930000000000007,66.87589158345222,2022
290470,2904704,Buerarema - BA,BA,29031,Ilhéus-Itabuna,880.8,17.379999999999995,72.93233082706767,2022
290475,2904753,Buritirama - BA,BA,29006,Barra,511.72,21.92,9.169491525423728,2022
290480,2904803,Caatiba - BA,BA,29028,Vitória da Conquista,779.57,22.25,69.5632183908046,2022
290485,2904852,Cabaceiras do Paraguaçu - BA,BA,29020,Santo Antônio de Jesus,631.12,20.5,8.620357898787763,2022
290490,2904902,Cachoeira - BA,BA,29020,Santo Antônio de Jesus,913.46,13.189999999999998,66.65422653480127,2022
290500,2905008,Caculé - BA,BA,29026,Guanambi,1019.26,14.049999999999997,29.76874920148205,2022
290510,2905107,Caém - BA,BA,29010,Jacobina,806.57,20.25,24.551066217732885,2022
290515,2905156,Caetanos - BA,BA,29028,Vitória da Conquista,696.7,24.090000000000003,25.245098039215687,2022
290520,2905206,Caetité - BA,BA,29026,Guanambi,989.14,15.450000000000003,55.937287751867785,2022
290530,2905305,Cafarnaum - BA,BA,29009,Irecê,661.74,16.42,27.39938080495356,2022
290540,2905404,Cairu - BA,BA,29030,Valença,995.96,10.980000000000004,52.14263850627487,2022
290550,2905503,Caldeirão Grande - BA,BA,29010,Jacobina,620.16,21.11,36.43356643356643,2022
290560,2905602,Camacan - BA,BA,29031,Ilhéus-Itabuna,956.88,16.120000000000005,73.82963320463321,2022
290570,2905701,Camaçari - BA,BA,29021,Salvador,1177.89,5.400000000000006,82.0296867610143,2022
290580,2905800,Camamu - BA,BA,29030,Valença,760.25,20.11,38.58909230326847,2022
290590,2905909,Campo Alegre de Lourdes - BA,BA,29004,Juazeiro,658.13,20.64,0.9016149806796789,2022
290600,2906006,Campo Formoso - BA,BA,29008,Senhor do Bonfim,749.39,18.47,40.31786552476633,2022
290610,2906105,Canápolis - BA,BA,29003,Santa Maria da Vitória,628.47,22.36,38.4033867553674,2022
290620,2906204,Canarana - BA,BA,29009,Irecê,634.87,13.099999999999994,16.654624277456648,2022
290630,2906303,Canavieiras - BA,BA,29031,Ilhéus-Itabuna,832.49,16.370000000000005,74.22498529782408,2022
290640,2906402,Candeal - BA,BA,29016,Serrinha,735.08,18.92,5.9120403749098775,2022
290650,2906501,Candeias - BA,BA,29021,Salvador,845.21,7.189999999999998,84.78499300329034,2022
290660,2906600,Candiba - BA,BA,29026,Guanambi,751.74,19.0,1.294931904442956,2022
290670,2906709,Cândido Sales - BA,BA,29028,Vitória da Conquista,733.66,20.040000000000006,8.683914510686165,2022
290680,2906808,Cansanção - BA,BA,29014,Euclides da Cunha,669.08,20.189999999999998,48.136231656595776,2022
290682,2906824,Canudos - BA,BA,29014,Euclides da Cunha,711.38,18.17,35.14506059493206,2022
290685,2906857,Capela do Alto Alegre - BA,BA,29016,Serrinha,809.2,22.39,46.32165235553493,2022
290687,2906873,Capim Grosso - BA,BA,29010,Jacobina,850.17,14.849999999999994,20.90110605074821,2022
290689,2906899,Caraíbas - BA,BA,29027,Brumado,737.4,27.090000000000003,7.159420289855072,2022
290690,2906907,Caravelas - BA,BA,29032,Porto Seguro,896.46,17.310000000000002,65.21197007481297,2022
290700,2907004,Cardeal da Silva - BA,BA,29018,Entre Rios,629.76,16.730000000000004,35.04424778761062,2022
290710,2907103,Carinhanha - BA,BA,29007,Bom Jesus da Lapa,671.34,18.629999999999995,43.29320722269991,2022
290720,2907202,Casa Nova - BA,BA,29004,Juazeiro,685.09,15.930000000000007,52.9283608868384,2022
290730,2907301,Castro Alves - BA,BA,29020,Santo Antônio de Jesus,819.29,17.47,64.58764070755801,2022
290740,2907400,Catolândia - BA,BA,29001,Barreiras,750.89,20.53,19.412288512911843,2022
290750,2907509,Catu - BA,BA,29019,Catu,952.59,8.799999999999997,76.12543706293707,2022
290755,2907558,Caturama - BA,BA,29022,Boquira,653.61,24.11,30.679933665008292,2022
290760,2907608,Central - BA,BA,29009,Irecê,735.38,14.810000000000002,13.18546978693678,2022
290770,2907707,Chorrochó - BA,BA,29005,Paulo Afonso,660.51,17.989999999999995,43.559427504667084,2022
290780,2907806,Cícero Dantas - BA,BA,29015,Ribeira do Pombal,845.53,24.019999999999996,54.18951336531871,2022
290790,2907905,Cipó - BA,BA,29015,Ribeira do Pombal,831.75,18.22,2.2062686044475575,2022
290800,2908002,Coaraci - BA,BA,29031,Ilhéus-Itabuna,846.49,18.180000000000007,87.55442125806935,2022
290810,2908101,Cocos - BA,BA,29003,Santa Maria da Vitória,722.49,20.959999999999994,4.193804606830818,2022
290820,2908200,Conceição da Feira - BA,BA,29012,Feira de Santana,770.78,11.39,12.205691174346383,2022
290830,2908309,Conceição do Almeida - BA,BA,29020,Santo Antônio de Jesus,864.35,14.870000000000005,15.981894150417828,2022
290840,2908408,Conceição do Coité - BA,BA,29016,Serrinha,854.96,14.170000000000002,51.67611535617451,2022
290850,2908507,Conceição do Jacuípe - BA,BA,29012,Feira de Santana,1009.81,8.909999999999997,17.998751170777396,2022
290860,2908606,Conde - BA,BA,29018,Entre Rios,674.79,16.019999999999996,24.596354166666668,2022
290870,2908705,Condeúba - BA,BA,29027,Brumado,801.3,18.319999999999993,10.093617021276597,2022
290880,2908804,Contendas do Sincorá - BA,BA,29023,Seabra,781.32,17.129999999999995,29.578392621870883,2022
290890,2908903,Coração de Maria - BA,BA,29012,Feira de Santana,850.84,15.700000000000003,5.284370801612181,2022
290900,2909000,Cordeiros - BA,BA,29027,Brumado,816.33,23.989999999999995,24.971580143993936,2022
290910,2909109,Coribe - BA,BA,29003,Santa Maria da Vitória,757.51,20.819999999999993,0.8824709185720016,2022
290920,2909208,Coronel João Sá - BA,BA,29013,Jeremoabo,704.02,31.709999999999994,45.22071025555924,2022
290930,2909307,Correntina - BA,BA,29003,Santa Maria da Vitória,930.61,18.799999999999997,43.54495477921618,2022
290940,2909406,Cotegipe - BA,BA,29002,Cotegipe,621.91,23.319999999999993,0.5214237134436636,2022
290950,2909505,Cravolândia - BA,BA,29024,Jequié,723.17,19.159999999999997,62.940086473131565,2022
290960,2909604,Crisópolis - BA,BA,29017,Alagoinhas,673.53,22.840000000000003,7.181180354931903,2022
290970,2909703,Cristópolis - BA,BA,29002,Cotegipe,778.03,22.209999999999994,0.7914438502673797,2022
290980,2909802,Cruz das Almas - BA,BA,29020,Santo Antônio de Jesus,1167.93,8.689999999999998,72.22222222222223,2022
290990,2909901,Curaçá - BA,BA,29004,Juazeiro,646.06,16.569999999999993,54.87544483985765,2022
291000,2910008,Dário Meira - BA,BA,29028,Vitória da Conquista,730.32,25.799999999999997,53.75692064329027,2022
291005,2910057,Dias d'Ávila - BA,BA,29021,Salvador,901.27,6.530000000000001,71.18984991490021,2022
291010,2910107,Dom Basílio - BA,BA,29025,Livramento do Brumado,760.0,18.629999999999995,21.54944473823374,2022
291020,2910206,Dom Macedo Costa - BA,BA,29020,Santo Antônio de Jesus,764.82,15.230000000000004,7.443563148261135,2022
291030,2910305,Elísio Medrado - BA,BA,29012,Feira de Santana,744.89,17.010000000000005,11.13346747149564,2022
291040,2910404,Encruzilhada - BA,BA,29029,Itapetinga,611.21,25.89,55.15303859234068,2022
291050,2910503,Entre Rios - BA,BA,29018,Entre Rios,828.08,12.379999999999995,12.504570383912249,2022
291060,2910602,Esplanada - BA,BA,29018,Entre Rios,760.79,15.299999999999997,18.77309682187731,2022
291070,2910701,Euclides da Cunha - BA,BA,29014,Euclides da Cunha,819.62,21.64,43.683241252302025,2022
291072,2910727,Eunápolis - BA,BA,29032,Porto Seguro,1253.64,10.450000000000003,53.95674761386976,2022
291075,2910750,Fátima - BA,BA,29015,Ribeira do Pombal,718.87,24.939999999999998,51.59535362446699,2022
291077,2910776,Feira da Mata - BA,BA,29007,Bom Jesus da Lapa,731.17,20.409999999999997,0.5060728744939271,2022
291080,2910800,Feira de Santana - BA,BA,29012,Feira de Santana,1209.69,6.599999999999994,80.83820715549298,2022
291085,2910859,Filadélfia - BA,BA,29008,Senhor do Bonfim,690.18,17.680000000000007,37.876543209876544,2022
291090,2910909,Firmino Alves - BA,BA,29031,Ilhéus-Itabuna,829.88,16.129999999999995,83.83333333333333,2022
291100,2911006,Floresta Azul - BA,BA,29031,Ilhéus-Itabuna,817.95,21.939999999999998,72.47540134645261,2022
291110,2911105,Formosa do Rio Preto - BA,BA,29001,Barreiras,860.52,18.36,63.938650306748464,2022
291120,2911204,Gandu - BA,BA,29031,Ilhéus-Itabuna,910.6,14.5,71.64229282232309,2022
291125,2911253,Gavião - BA,BA,29016,Serrinha,878.17,18.379999999999995,4.578313253012048,2022
291130,2911303,Gentio do Ouro - BA,BA,29009,Irecê,715.0,18.150000000000006,18.73459326211997,2022
291140,2911402,Glória - BA,BA,29005,Paulo Afonso,722.37,21.78,31.527366863905325,2022
291150,2911501,Gongogi - BA,BA,29031,Ilhéus-Itabuna,733.31,19.739999999999995,72.25579053373615,2022
291160,2911600,Governador Mangabeira - BA,BA,29020,Santo Antônio de Jesus,814.42,15.230000000000004,17.771428571428572,2022
291165,2911659,Guajeru - BA,BA,29027,Brumado,803.95,21.739999999999995,1.9494584837545126,2022
291170,2911709,Guanambi - BA,BA,29026,Guanambi,1201.16,11.840000000000003,76.68455182856579,2022
291180,2911808,Guaratinga - BA,BA,29032,Porto Seguro,822.2,27.590000000000003,57.05411374930977,2022
291185,2911857,Heliópolis - BA,BA,29015,Ribeira do Pombal,748.53,26.28,24.469747711542755,2022
291190,2911907,Iaçu - BA,BA,29011,Itaberaba,765.53,21.92,44.23717521652232,2022
291200,2912004,Ibiassucê - BA,BA,29026,Guanambi,917.13,17.409999999999997,1.3310676862078732,2022
291210,2912103,Ibicaraí - BA,BA,29031,Ilhéus-Itabuna,1006.71,17.189999999999998,70.99915835036671,2022
291220,2912202,Ibicoara - BA,BA,29023,Seabra,808.75,12.769999999999996,30.126321974148063,2022
291230,2912301,Ibicuí - BA,BA,29028,Vitória da Conquista,914.5,19.11,72.24313135114791,2022
291240,2912400,Ibipeba - BA,BA,29009,Irecê,713.13,15.780000000000001,13.14658876095549,2022
291250,2912509,Ibipitanga - BA,BA,29022,Boquira,783.29,22.900000000000006,8.201892744479496,2022
291260,2912608,Ibiquera - BA,BA,29011,Itaberaba,655.52,18.650000000000006,5.909797822706065,2022
291270,2912707,Ibirapitanga - BA,BA,29031,Ilhéus-Itabuna,671.17,20.97,58.09307333413088,2022
291280,2912806,Ibirapuã - BA,BA,29032,Porto Seguro,1036.38,15.700000000000003,58.65175520347934,2022
291290,2912905,Ibirataia - BA,BA,29031,Ilhéus-Itabuna,784.17,22.159999999999997,69.00043396499349,2022
291300,2913002,Ibitiara - BA,BA,29022,Boquira,771.57,18.950000000000003,14.648053480141565,2022
291310,2913101,Ibititá - BA,BA,29009,Irecê,699.28,14.840000000000003,23.53823088455772,2022
291320,2913200,Ibotirama - BA,BA,29006,Barra,804.43,13.180000000000007,77.89439160380452,2022
291330,2913309,Ichu - BA,BA,29016,Serrinha,889.43,11.049999999999997,9.157846295444086,2022
291340,2913408,Igaporã - BA,BA,29026,Guanambi,811.64,18.36,54.99386000818666,2022
291345,2913457,Igrapiúna - BA,BA,29030,Valença,726.44,19.39,36.97591436217663,2022
291350,2913507,Iguaí - BA,BA,29028,Vitória da Conquista,794.87,24.060000000000002,62.6462080241479,2022
291360,2913606,Ilhéus - BA,BA,29031,Ilhéus-Itabuna,1298.64,9.14,77.51329108220948,2022
291370,2913705,Inhambupe - BA,BA,29017,Alagoinhas,739.71,20.72,40.404871626069784,2022
291380,2913804,Ipecaetá - BA,BA,29012,Feira de Santana,518.63,21.159999999999997,18.25938566552901,2022
291390,2913903,Ipiaú - BA,BA,29031,Ilhéus-Itabuna,970.31,14.799999999999997,81.55359428686923,2022
291400,2914000,Ipirá - BA,BA,29012,Feira de Santana,765.59,22.549999999999997,64.9432059197813,2022
291410,2914109,Ipupiara - BA,BA,29022,Boquira,779.19,12.599999999999994,43.87496479864827,2022
291420,2914208,Irajuba - BA,BA,29024,Jequié,772.34,22.549999999999997,1.8256503879507073,2022
291430,2914307,Iramaia - BA,BA,29024,Jequié,668.6,16.769999999999996,5.618892508143323,2022
291440,2914406,Iraquara - BA,BA,29009,Irecê,681.79,11.519999999999996,5.585563466732139,2022
291450,2914505,Irará - BA,BA,29012,Feira de Santana,858.51,16.14,3.6612351639509155,2022
291460,2914604,Irecê - BA,BA,29009,Irecê,1188.07,8.310000000000002,62.20990647731209,2022
291465,2914653,Itabela - BA,BA,29032,Porto Seguro,910.41,18.0,11.56964656964657,2022
291470,2914703,Itaberaba - BA,BA,29011,Itaberaba,1013.18,12.129999999999995,82.02782623494873,2022
291480,2914802,Itabuna - BA,BA,29031,Ilhéus-Itabuna,1292.99,8.200000000000003,86.76366365114437,2022
291490,2914901,Itacaré - BA,BA,29031,Ilhéus-Itabuna,1013.93,13.719999999999999,59.90890688259109,2022
291500,2915007,Itaeté - BA,BA,29023,Seabra,688.07,21.010000000000005,31.922398589065256,2022
291510,2915106,Itagi - BA,BA,29024,Jequié,682.87,20.489999999999995,65.73516766981943,2022
291520,2915205,Itagibá - BA,BA,29031,Ilhéus-Itabuna,934.69,18.959999999999994,69.06818599522147,2022
291530,2915304,Itagimirim - BA,BA,29032,Porto Seguro,888.0,22.36,78.08102345415779,2022
291535,2915353,Itaguaçu da Bahia - BA,BA,29006,Barra,658.64,19.040000000000006,12.597847358121331,2022
291540,2915403,Itaju do Colônia - BA,BA,29031,Ilhéus-Itabuna,793.34,19.650000000000006,82.43114909781576,2022
291550,2915502,Itajuípe - BA,BA,29031,Ilhéus-Itabuna,829.36,18.86,72.1531647378197,2022
291560,2915601,Itamaraju - BA,BA,29032,Porto Seguro,997.27,15.700000000000003,79.63857083735688,2022
291570,2915700,Itamari - BA,BA,29031,Ilhéus-Itabuna,782.5,22.650000000000006,66.65362035225048,2022
291580,2915809,Itambé - BA,BA,29029,Itapetinga,812.81,20.060000000000002,80.4326328800989,2022
291590,2915908,Itanagra - BA,BA,29019,Catu,658.79,17.97,35.71773803769937,2022
291600,2916005,Itanhém - BA,BA,29032,Porto Seguro,951.09,18.400000000000006,70.61416397296503,2022
291610,2916104,Itaparica - BA,BA,29021,Salvador,857.63,7.459999999999994,71.43050480443902,2022
291620,2916203,Itapé - BA,BA,29031,Ilhéus-Itabuna,833.82,18.439999999999998,75.39703903095558,2022
291630,2916302,Itapebi - BA,BA,29031,Ilhéus-Itabuna,811.95,22.799999999999997,24.652567975830816,2022
291640,2916401,Itapetinga - BA,BA,29029,Itapetinga,982.63,10.920000000000002,95.60229445506693,2022
291650,2916500,Itapicuru - BA,BA,29015,Ribeira do Pombal,662.46,28.819999999999993,35.12035975663522,2022
291660,2916609,Itapitanga - BA,BA,29031,Ilhéus-Itabuna,655.6,19.120000000000005,83.88375165125495,2022
291670,2916708,Itaquara - BA,BA,29024,Jequié,636.45,21.430000000000007,53.62162162162162,2022
291680,2916807,Itarantim - BA,BA,29029,Itapetinga,823.97,16.72,79.85668789808918,2022
291685,2916856,Itatim - BA,BA,29012,Feira de Santana,715.27,16.650000000000006,6.225189462287982,2022
291690,2916906,Itiruçu - BA,BA,29024,Jequié,833.85,20.53,45.7588723886232,2022
291700,2917003,Itiúba - BA,BA,29008,Senhor do Bonfim,702.63,19.659999999999997,50.203100389621156,2022
291710,2917102,Itororó - BA,BA,29029,Itapetinga,900.14,20.870000000000005,87.53623188405797,2022
291720,2917201,Ituaçu - BA,BA,29027,Brumado,774.57,21.480000000000004,29.801324503311257,2022
291730,2917300,Ituberá - BA,BA,29030,Valença,826.22,16.47,58.825724592611024,2022
291733,2917334,Iuiu - BA,BA,29026,Guanambi,634.79,19.97,62.125107112253644,2022
291735,2917359,Jaborandi - BA,BA,29003,Santa Maria da Vitória,648.51,19.92,38.68590727663494,2022
291740,2917409,Jacaraci - BA,BA,29026,Guanambi,842.61,18.599999999999994,19.07995618838992,2022
291750,2917508,Jacobina - BA,BA,29010,Jacobina,1083.02,12.700000000000003,71.70543889733717,2022
291760,2917607,Jaguaquara - BA,BA,29024,Jequié,791.77,19.269999999999996,50.81998114985863,2022
291770,2917706,Jaguarari - BA,BA,29008,Senhor do Bonfim,882.99,15.680000000000007,74.8503498861816,2022
291780,2917805,Jaguaripe - BA,BA,29020,Santo Antônio de Jesus,627.54,19.17,14.231974921630094,2022
291790,2917904,Jandaíra - BA,BA,29018,Entre Rios,657.5,18.819999999999993,6.034204582123266,2022
291800,2918001,Jequié - BA,BA,29024,Jequié,1013.69,11.810000000000002,84.80165932071559,2022
291810,2918100,Jeremoabo - BA,BA,29013,Jeremoabo,764.11,26.230000000000004,47.37463126843658,2022
291820,2918209,Jiquiriçá - BA,BA,29024,Jequié,750.18,19.489999999999995,33.915211970074814,2022
291830,2918308,Jitaúna - BA,BA,29024,Jequié,770.22,23.11,55.00878734622144,2022
291835,2918357,João Dourado - BA,BA,29009,Irecê,751.74,15.590000000000003,50.18181818181818,2022
291840,2918407,Juazeiro - BA,BA,29004,Juazeiro,1047.97,9.670000000000002,85.94881944708763,2022
291845,2918456,Jucuruçu - BA,BA,29032,Porto Seguro,827.44,27.019999999999996,35.410117176336094,2022
291850,2918506,Jussara - BA,BA,29009,Irecê,656.54,20.78,0.9712230215827338,2022
291855,2918555,Jussari - BA,BA,29031,Ilhéus-Itabuna,788.28,18.159999999999997,74.08653846153847,2022
291860,2918605,Jussiape - BA,BA,29023,Seabra,757.64,17.430000000000007,39.636794315041456,2022
291870,2918704,Lafaiete Coutinho - BA,BA,29024,Jequié,794.63,24.709999999999994,63.194011228945726,2022
291875,2918753,Lagoa Real - BA,BA,29026,Guanambi,635.69,21.08,1.5092613766293164,2022
291880,2918803,Laje - BA,BA,29024,Jequié,672.28,20.92,23.913332447162038,2022
291890,2918902,Lajedão - BA,BA,29032,Porto Seguro,939.41,18.650000000000006,72.8129205921938,2022
291900,2919009,Lajedinho - BA,BA,29011,Itaberaba,672.38,18.189999999999998,63.16614420062696,2022
291905,2919058,Lajedo do Tabocal - BA,BA,29024,Jequié,772.77,18.230000000000004,3.2967032967032965,2022
291910,2919108,Lamarão - BA,BA,29016,Serrinha,697.73,25.28,24.081763015011177,2022
291915,2919157,Lapão - BA,BA,29009,Irecê,703.21,16.459999999999994,32.3323782234957,2022
291920,2919207,Lauro de Freitas - BA,BA,29021,Salvador,1879.69,3.680000000000007,88.7346949616212,2022
291930,2919306,Lençóis - BA,BA,29023,Seabra,1042.72,10.670000000000002,51.49272773666752,2022
291940,2919405,Licínio de Almeida - BA,BA,29026,Guanambi,846.36,15.950000000000003,1.669157947184853,2022
291950,2919504,Livramento de Nossa Senhora - BA,BA,29025,Livramento do Brumado,884.92,17.200000000000003,60.74099252209381,2022
291955,2919553,Luís Eduardo Magalhães - BA,BA,29001,Barreiras,1644.88,4.680000000000007,87.39199823895218,2022
291960,2919603,Macajuba - BA,BA,29011,Itaberaba,673.31,21.549999999999997,43.21051275444473,2022
291970,2919702,Macarani - BA,BA,29029,Itapetinga,667.69,20.39,84.21052631578948,2022
291980,2919801,Macaúbas - BA,BA,29022,Boquira,799.52,19.849999999999994,32.84101398849677,2022
291990,2919900,Macururé - BA,BA,29005,Paulo Afonso,659.19,22.129999999999995,52.668308702791464,2022
291992,2919926,Madre de Deus - BA,BA,29021,Salvador,1046.58,4.430000000000007,94.89148087996456,2022
291995,2919959,Maetinga - BA,BA,29027,Brumado,748.52,23.430000000000007,45.79745797457974,2022
292000,2920007,Maiquinique - BA,BA,29029,Itapetinga,859.88,16.989999999999995,73.87330601953987,2022
292010,2920106,Mairi - BA,BA,29011,Itaberaba,708.57,19.659999999999997,69.37431394072448,2022
292020,2920205,Malhada - BA,BA,29026,Guanambi,586.1,20.349999999999994,1.2263562668883807,2022
292030,2920304,Malhada de Pedras - BA,BA,29027,Brumado,743.95,19.64,26.56406825025092,2022
292040,2920403,Manoel Vitorino - BA,BA,29028,Vitória da Conquista,672.33,23.799999999999997,8.49740932642487,2022
292045,2920452,Mansidão - BA,BA,29002,Cotegipe,611.87,11.400000000000006,0.335946248600224,2022
292050,2920502,Maracás - BA,BA,29024,Jequié,858.28,18.28,25.991983967935873,2022
292060,2920601,Maragogipe - BA,BA,29020,Santo Antônio de Jesus,649.73,17.599999999999994,46.1437504825137,2022
292070,2920700,Maraú - BA,BA,29030,Valença,1029.95,15.86,23.776223776223777,2022
292080,2920809,Marcionílio Souza - BA,BA,29024,Jequié,762.8,21.599999999999994,11.501695960530373,2022
292090,2920908,Mascote - BA,BA,29031,Ilhéus-Itabuna,677.4,20.53,59.036898061288305,2022
292100,2921005,Mata de São João - BA,BA,29019,Catu,894.54,8.950000000000003,64.6394779771615,2022
292105,2921054,Matina - BA,BA,29026,Guanambi,731.93,24.980000000000004,0.5882352941176471,2022
292110,2921104,Medeiros Neto - BA,BA,29032,Porto Seguro,928.63,16.810000000000002,52.06611570247934,2022
292120,2921203,Miguel Calmon - BA,BA,29010,Jacobina,738.57,16.489999999999995,57.09059608349473,2022
292130,2921302,Milagres - BA,BA,29024,Jequié,752.9,18.120000000000005,27.64676367285499,2022
292140,2921401,Mirangaba - BA,BA,29010,Jacobina,610.87,19.120000000000005,34.11047345767575,2022
292145,2921450,Mirante - BA,BA,29028,Vitória da Conquista,627.62,24.11,14.791183294663574,2022
292150,2921500,Monte Santo - BA,BA,29014,Euclides da Cunha,644.1,27.659999999999997,12.387653736991485,2022
292160,2921609,Morpará - BA,BA,29006,Barra,615.4,18.930000000000007,36.22559652928417,2022
292170,2921708,Morro do Chapéu - BA,BA,29010,Jacobina,858.19,16.069999999999993,45.10183470796162,2022
292180,2921807,Mortugaba - BA,BA,29026,Guanambi,704.83,15.370000000000005,30.955480343660504,2022
292190,2921906,Mucugê - BA,BA,29023,Seabra,1009.75,15.25,35.39990534784666,2022
292200,2922003,Mucuri - BA,BA,29032,Porto Seguro,1134.46,12.790000000000006,47.65998803827751,2022
292205,2922052,Mulungu do Morro - BA,BA,29009,Irecê,619.03,15.900000000000006,18.836072856508217,2022
292210,2922102,Mundo Novo - BA,BA,29011,Itaberaba,747.97,18.33,30.07612241727513,2022
292220,2922201,Muniz Ferreira - BA,BA,29020,Santo Antônio de Jesus,816.8,17.430000000000007,40.38253338145074,2022
292225,2922250,Muquém do São Francisco - BA,BA,29006,Barra,658.83,18.989999999999995,38.39073634204276,2022
292230,2922300,Muritiba - BA,BA,29020,Santo Antônio de Jesus,936.11,11.799999999999997,51.65649084175758,2022
292240,2922409,Mutuípe - BA,BA,29024,Jequié,713.0,17.810000000000002,47.25201072386059,2022
292250,2922508,Nazaré - BA,BA,29020,Santo Antônio de Jesus,829.76,15.060000000000002,54.63297232250301,2022
292260,2922607,Nilo Peçanha - BA,BA,29030,Valença,700.48,21.47,23.462255358807084,2022
292265,2922656,Nordestina - BA,BA,29014,Euclides da Cunha,571.72,21.540000000000006,26.10596258087078,2022
292270,2922706,Nova Canaã - BA,BA,29028,Vitória da Conquista,828.75,23.819999999999993,53.353353353353356,2022
292273,2922730,Nova Fátima - BA,BA,29016,Serrinha,865.88,16.760000000000005,81.61861074705111,2022
292275,2922755,Nova Ibiá - BA,BA,29031,Ilhéus-Itabuna,776.2,21.519999999999996,48.31320283215327,2022
292280,2922805,Nova Itarana - BA,BA,29024,Jequié,639.57,20.239999999999995,11.165413533834586,2022
292285,2922854,Nova Redenção - BA,BA,29023,Seabra,678.6,17.989999999999995,2.456538170823885,2022
292290,2922904,Nova Soure - BA,BA,29015,Ribeira do Pombal,676.56,22.930000000000007,15.25716258198136,2022
292300,2923001,Nova Viçosa - BA,BA,29032,Porto Seguro,905.71,13.469999999999999,45.9238137018352,2022
292303,2923035,Novo Horizonte - BA,BA,29022,Boquira,637.13,11.989999999999995,0.44783983140147526,2022
292305,2923050,Novo Triunfo - BA,BA,29015,Ribeira do Pombal,657.33,21.120000000000005,76.54812998160638,2022
292310,2923100,Olindina - BA,BA,29015,Ribeira do Pombal,659.41,22.239999999999995,59.217004923742046,2022
292320,2923209,Oliveira dos Brejinhos - BA,BA,29022,Boquira,719.07,14.799999999999997,9.375830013280213,2022
292330,2923308,Ouriçangas - BA,BA,29012,Feira de Santana,721.96,19.739999999999995,13.043478260869565,2022
292335,2923357,Ourolândia - BA,BA,29010,Jacobina,583.09,21.569999999999993,55.98360655737705,2022
292340,2923407,Palmas de Monte Alto - BA,BA,29026,Guanambi,776.26,22.799999999999997,8.401003986416654,2022
292350,2923506,Palmeiras - BA,BA,29023,Seabra,932.17,8.849999999999994,61.080178173719375,2022
292360,2923605,Paramirim - BA,BA,29025,Livramento do Brumado,985.08,17.400000000000006,34.25022182786158,2022
292370,2923704,Paratinga - BA,BA,29007,Bom Jesus da Lapa,652.63,18.680000000000007,19.160746003552397,2022
292380,2923803,Paripiranga - BA,BA,29015,Ribeira do Pombal,777.04,22.900000000000006,38.36920529801324,2022
292390,2923902,Pau Brasil - BA,BA,29031,Ilhéus-Itabuna,791.71,17.83,64.78445658773528,2022
292400,2924009,Paulo Afonso - BA,BA,29005,Paulo Afonso,1059.84,12.379999999999995,86.17745679649214,2022
292405,2924058,Pé de Serra - BA,BA,29016,Serrinha,757.86,20.120000000000005,25.973759737597376,2022
292410,2924108,Pedrão - BA,BA,29012,Feira de Santana,706.81,15.260000000000005,28.00189843379212,2022
292420,2924207,Pedro Alexandre - BA,BA,29013,Jeremoabo,609.45,31.900000000000006,22.917108331566673,2022
292430,2924306,Piatã - BA,BA,29023,Seabra,790.79,16.400000000000006,22.96760391198044,2022
292440,2924405,Pilão Arcado - BA,BA,29004,Juazeiro,514.71,25.08,19.910514541387023,2022
292450,2924504,Pindaí - BA,BA,29026,Guanambi,780.64,19.319999999999993,0.7373455559984058,2022
292460,2924603,Pindobaçu - BA,BA,29008,Senhor do Bonfim,693.36,17.519999999999996,38.24530255955023,2022
292465,2924652,Pintadas - BA,BA,29012,Feira de Santana,819.37,19.739999999999995,50.58889512058329,2022
292467,2924678,Piraí do Norte - BA,BA,29030,Valença,576.78,18.510000000000005,40.92604101926663,2022
292470,2924702,Piripá - BA,BA,29027,Brumado,716.89,22.22,17.732022126613398,2022
292480,2924801,Piritiba - BA,BA,29010,Jacobina,741.19,16.620000000000005,47.59081927344581,2022
292490,2924900,Planaltino - BA,BA,29024,Jequié,696.59,26.189999999999998,3.25119780971937,2022
292500,2925006,Planalto - BA,BA,29028,Vitória da Conquista,768.89,22.08,2.88704438830747,2022
292510,2925105,Poções - BA,BA,29028,Vitória da Conquista,793.11,19.090000000000003,70.03261191817373,2022
292520,2925204,Pojuca - BA,BA,29019,Catu,981.96,8.689999999999998,84.01587435615976,2022
292525,2925253,Ponto Novo - BA,BA,29010,Jacobina,629.55,19.25,25.753728974928595,2022
292530,2925303,Porto Seguro - BA,BA,29032,Porto Seguro,1293.05,8.469999999999999,76.51824550918086,2022
292540,2925402,Potiraguá - BA,BA,29029,Itapetinga,857.35,14.64,78.35329341317366,2022
292550,2925501,Prado - BA,BA,29032,Porto Seguro,985.7,13.790000000000006,25.736704446381864,2022
292560,2925600,Presidente Dutra - BA,BA,29009,Irecê,752.48,13.680000000000007,8.146639511201629,2022
292570,2925709,Presidente Jânio Quadros - BA,BA,29027,Brumado,670.52,25.049999999999997,19.30458342741025,2022
292575,2925758,Presidente Tancredo Neves - BA,BA,29030,Valença,813.19,19.58,30.90909090909091,2022
292580,2925808,Queimadas - BA,BA,29014,Euclides da Cunha,662.08,17.86,46.45704162976085,2022
292590,2925907,Quijingue - BA,BA,29014,Euclides da Cunha,698.98,28.78,20.061517429938483,2022
292593,2925931,Quixabeira - BA,BA,29010,Jacobina,666.94,18.03,9.806094182825484,2022
292595,2925956,Rafael Jambeiro - BA,BA,29012,Feira de Santana,562.9,23.83,33.86514148103552,2022
292600,2926004,Remanso - BA,BA,29004,Juazeiro,802.97,20.450000000000003,60.643323086151305,2022
292610,2926103,Retirolândia - BA,BA,29016,Serrinha,765.41,13.64,40.89353994767559,2022
292620,2926202,Riachão das Neves - BA,BA,29001,Barreiras,697.01,22.03,1.0044642857142858,2022
292630,2926301,Riachão do Jacuípe - BA,BA,29016,Serrinha,934.18,14.900000000000006,68.39705647096464,2022
292640,2926400,Riacho de Santana - BA,BA,29026,Guanambi,720.89,21.480000000000004,13.582813582813582,2022
292650,2926509,Ribeira do Amparo - BA,BA,29015,Ribeira do Pombal,643.57,30.730000000000004,4.01163999168572,2022
292660,2926608,Ribeira do Pombal - BA,BA,29015,Ribeira do Pombal,869.51,18.010000000000005,54.95518831269751,2022
292665,2926657,Ribeirão do Largo - BA,BA,29029,Itapetinga,677.52,26.010000000000005,24.39540507859734,2022
292670,2926707,Rio de Contas - BA,BA,29023,Seabra,888.97,18.180000000000007,37.37928007023705,2022
292680,2926806,Rio do Antônio - BA,BA,29027,Brumado,723.78,24.689999999999998,50.28236316246742,2022
292690,2926905,Rio do Pires - BA,BA,29025,Livramento do Brumado,739.04,17.739999999999995,48.30145589494719,2022
292700,2927002,Rio Real - BA,BA,29017,Alagoinhas,749.58,18.709999999999994,4.3595221140913045,2022
292710,2927101,Rodelas - BA,BA,29005,Paulo Afonso,697.59,12.560000000000002,82.74460768990309,2022
292720,2927200,Ruy Barbosa - BA,BA,29011,Itaberaba,819.06,18.019999999999996,71.26641002862502,2022
292730,2927309,Salinas da Margarida - BA,BA,29020,Santo Antônio de Jesus,675.29,8.739999999999995,47.166979362101316,2022
292740,2927408,Salvador - BA,BA,29021,Salvador,1770.35,3.450000000000003,96.10849437967816,2022
292750,2927507,Santa Bárbara - BA,BA,29012,Feira de Santana,722.28,18.060000000000002,13.006455157258618,2022
292760,2927606,Santa Brígida - BA,BA,29013,Jeremoabo,578.63,28.319999999999993,32.882195958825776,2022
292770,2927705,Santa Cruz Cabrália - BA,BA,29032,Porto Seguro,1012.34,11.189999999999998,67.77841671458692,2022
292780,2927804,Santa Cruz da Vitória - BA,BA,29031,Ilhéus-Itabuna,739.82,20.989999999999995,75.53191489361703,2022
292790,2927903,Santa Inês - BA,BA,29024,Jequié,883.2,21.040000000000006,78.64482088308803,2022
292800,2928000,Santaluz - BA,BA,29016,Serrinha,750.53,17.069999999999993,68.66691422205719,2022
292805,2928059,Santa Luzia - BA,BA,29031,Ilhéus-Itabuna,769.97,20.019999999999996,57.13683322791482,2022
292810,2928109,Santa Maria da Vitória - BA,BA,29003,Santa Maria da Vitória,954.86,18.349999999999994,34.74947177784485,2022
292820,2928208,Santana - BA,BA,29003,Santa Maria da Vitória,777.82,16.739999999999995,13.552459211623198,2022
292830,2928307,Santanópolis - BA,BA,29012,Feira de Santana,741.39,18.430000000000007,21.134190570392352,2022
292840,2928406,Santa Rita de Cássia - BA,BA,29002,Cotegipe,771.05,16.069999999999993,12.810686521405891,2022
292850,2928505,Santa Terezinha - BA,BA,29012,Feira de Santana,708.89,20.939999999999998,9.6436581111388,2022
292860,2928604,Santo Amaro - BA,BA,29020,Santo Antônio de Jesus,787.73,10.319999999999993,68.36631028977796,2022
292870,2928703,Santo Antônio de Jesus - BA,BA,29020,Santo Antônio de Jesus,1214.78,8.239999999999995,80.7550524196711,2022
292880,2928802,Santo Estêvão - BA,BA,29012,Feira de Santana,816.54,15.129999999999995,47.92923200643345,2022
292890,2928901,São Desidério - BA,BA,29001,Barreiras,921.65,17.879999999999995,19.952107279693486,2022
292895,2928950,São Domingos - BA,BA,29016,Serrinha,842.87,17.239999999999995,82.26437819933754,2022
292900,2929008,São Félix - BA,BA,29020,Santo Antônio de Jesus,759.68,12.780000000000001,62.69720101781171,2022
292905,2929057,São Félix do Coribe - BA,BA,29003,Santa Maria da Vitória,965.83,14.280000000000001,10.813887307911212,2022
292910,2929107,São Felipe - BA,BA,29020,Santo Antônio de Jesus,792.48,16.489999999999995,22.09809264305177,2022
292920,2929206,São Francisco do Conde - BA,BA,29021,Salvador,794.44,8.209999999999994,65.31267846944603,2022
292925,2929255,São Gabriel - BA,BA,29009,Irecê,689.5,15.030000000000001,13.153378062100172,2022
292930,2929305,São Gonçalo dos Campos - BA,BA,29012,Feira de Santana,898.41,9.969999999999999,32.10981796478663,2022
292935,2929354,São José da Vitória - BA,BA,29031,Ilhéus-Itabuna,764.56,21.700000000000003,77.68073750606501,2022
292937,2929370,São José do Jacuípe - BA,BA,29010,Jacobina,711.0,21.680000000000007,35.901467505241094,2022
292940,2929404,São Miguel das Matas - BA,BA,29024,Jequié,871.05,18.159999999999997,19.444444444444443,2022
292950,2929503,São Sebastião do Passé - BA,BA,29019,Catu,884.62,10.870000000000005,69.62585933368588,2022
292960,2929602,Sapeaçu - BA,BA,29020,Santo Antônio de Jesus,796.57,12.959999999999994,31.697341513292432,2022
292970,2929701,Sátiro Dias - BA,BA,29017,Alagoinhas,665.74,21.260000000000005,29.35261950961369,2022
292975,2929750,Saubara - BA,BA,29020,Santo Antônio de Jesus,728.12,11.230000000000004,44.211238997968856,2022
292980,2929800,Saúde - BA,BA,29010,Jacobina,828.22,18.489999999999995,46.120798584786456,2022
292990,2929909,Seabra - BA,BA,29023,Seabra,892.99,10.829999999999998,23.6234346485432,2022
293000,2930006,Sebastião Laranjeiras - BA,BA,29026,Guanambi,723.55,21.599999999999994,2.419101476594408,2022
293010,2930105,Senhor do Bonfim - BA,BA,29008,Senhor do Bonfim,1035.85,12.549999999999997,73.08049823387246,2022
293015,2930154,Serra do Ramalho - BA,BA,29007,Bom Jesus da Lapa,748.4,17.810000000000002,19.718808029003448,2022
293020,2930204,Sento Sé - BA,BA,29004,Juazeiro,604.61,18.069999999999993,49.20526405742608,2022
293030,2930303,Serra Dourada - BA,BA,29003,Santa Maria da Vitória,736.13,19.42,6.171583587656833,2022
293040,2930402,Serra Preta - BA,BA,29012,Feira de Santana,726.76,20.22,38.84410907220031,2022
293050,2930501,Serrinha - BA,BA,29016,Serrinha,924.48,12.620000000000005,63.517114872114355,2022
293060,2930600,Serrolândia - BA,BA,29010,Jacobina,814.99,20.569999999999993,12.192307692307692,2022
293070,2930709,Simões Filho - BA,BA,29021,Salvador,884.11,5.640000000000001,78.53855278766311,2022
293075,2930758,Sítio do Mato - BA,BA,29007,Bom Jesus da Lapa,626.52,16.129999999999995,38.51722416375437,2022
293076,2930766,Sítio do Quinto - BA,BA,29013,Jeremoabo,654.99,28.189999999999998,32.474126147236866,2022
293077,2930774,Sobradinho - BA,BA,29004,Juazeiro,846.24,13.159999999999997,89.25491135601342,2022
293080,2930808,Souto Soares - BA,BA,29009,Irecê,634.01,14.150000000000006,11.241463841708983,2022
293090,2930907,Tabocas do Brejo Velho - BA,BA,29002,Cotegipe,655.88,21.879999999999995,1.4544526664965551,2022
293100,2931004,Tanhaçu - BA,BA,29027,Brumado,716.18,21.17,21.997264021887826,2022
293105,2931053,Tanque Novo - BA,BA,29022,Boquira,672.28,18.840000000000003,15.418181818181818,2022
293110,2931103,Tanquinho - BA,BA,29012,Feira de Santana,789.95,13.5,60.115606936416185,2022
293120,2931202,Taperoá - BA,BA,29030,Valença,725.65,19.47,40.282181357006976,2022
293130,2931301,Tapiramutá - BA,BA,29011,Itaberaba,638.16,17.53,2.800626713670192,2022
293135,2931350,Teixeira de Freitas - BA,BA,29032,Porto Seguro,1204.69,10.319999999999993,85.66854703460893,2022
293140,2931400,Teodoro Sampaio - BA,BA,29012,Feira de Santana,773.05,15.379999999999995,36.34969325153374,2022
293150,2931509,Teofilândia - BA,BA,29016,Serrinha,794.16,18.879999999999995,54.7279880613214,2022
293160,2931608,Teolândia - BA,BA,29031,Ilhéus-Itabuna,818.79,22.659999999999997,35.586061246040124,2022
293170,2931707,Terra Nova - BA,BA,29019,Catu,797.69,10.39,77.54617414248021,2022
293180,2931806,Tremedal - BA,BA,29027,Brumado,667.27,26.86,13.974838490309418,2022
293190,2931905,Tucano - BA,BA,29014,Euclides da Cunha,798.18,23.040000000000006,62.39719330534307,2022
293200,2932002,Uauá - BA,BA,29014,Euclides da Cunha,701.98,19.950000000000003,14.640567765567766,2022
293210,2932101,Ubaíra - BA,BA,29024,Jequié,759.87,23.58,48.85418187125967,2022
293220,2932200,Ubaitaba - BA,BA,29031,Ilhéus-Itabuna,979.4,15.920000000000002,80.30186354535654,2022
293230,2932309,Ubatã - BA,BA,29031,Ilhéus-Itabuna,768.37,16.569999999999993,71.34083930399181,2022
293240,2932408,Uibaí - BA,BA,29009,Irecê,871.38,11.89,31.862946245383668,2022
293245,2932457,Umburanas - BA,BA,29008,Senhor do Bonfim,641.0,20.769999999999996,58.617614269788184,2022
293250,2932507,Una - BA,BA,29031,Ilhéus-Itabuna,926.31,17.900000000000006,49.43787835110983,2022
293260,2932606,Urandi - BA,BA,29026,Guanambi,970.15,17.269999999999996,10.516066212268743,2022
293270,2932705,Uruçuca - BA,BA,29031,Ilhéus-Itabuna,975.66,18.58,63.60743380855397,2022
293280,2932804,Utinga - BA,BA,29023,Seabra,743.48,16.659999999999997,24.856564292946338,2022
293290,2932903,Valença - BA,BA,29030,Valença,935.55,14.829999999999998,69.82657169402292,2022
293300,2933000,Valente - BA,BA,29016,Serrinha,868.25,14.909999999999997,83.28183623924079,2022
293305,2933059,Várzea da Roça - BA,BA,29011,Itaberaba,635.29,23.209999999999994,19.141323792486585,2022
293310,2933109,Várzea do Poço - BA,BA,29010,Jacobina,759.52,18.239999999999995,40.714285714285715,2022
293315,2933158,Várzea Nova - BA,BA,29010,Jacobina,676.06,19.61,60.47325102880659,2022
293317,2933174,Varzedo - BA,BA,29020,Santo Antônio de Jesus,679.67,19.430000000000007,31.28106018774158,2022
293320,2933208,Vera Cruz - BA,BA,29021,Salvador,953.76,8.14,50.98797510423591,2022
293325,2933257,Vereda - BA,BA,29032,Porto Seguro,798.6,20.590000000000003,43.76387039502885,2022
293330,2933307,Vitória da Conquista - BA,BA,29028,Vitória da Conquista,1310.93,9.099999999999994,83.77452917160542,2022
293340,2933406,Wagner - BA,BA,29023,Seabra,680.62,15.530000000000001,4.115853658536586,2022
293345,2933455,Wanderley - BA,BA,29002,Cotegipe,803.96,17.25,21.73606210303458,2022
293350,2933505,Wenceslau Guimarães - BA,BA,29031,Ilhéus-Itabuna,602.2,24.930000000000007,35.77010941445233,2022
293360,2933604,Xique-Xique - BA,BA,29006,Barra,761.53,16.810000000000002,36.861178906885584,2022
