municipality,name,income_pc,illiteracy_10plus,sewer_septic,uf,microregion,microregion_name,ibge_code,illiteracy_15plus,illiteracy_unknown_percent,census_year
210005,Açailândia - MA,423.91,16.0,13.051229806432834,MA,21009,Imperatriz,2100055,17.685537749138735,0.0,2010
210010,Afonso Cunha - MA,149.52,30.5,2.609363008442057,MA,21016,Coelho Neto,2100105,34.63520477352861,0.0,2010
210015,Água Doce do Maranhão - MA,171.24,33.599999999999994,1.502932551319648,MA,21013,Baixo Parnaíba Maranhense,2100154,36.02997205994412,0.0,2010
210020,Alcântara - MA,206.57,20.599999999999994,6.585446163977609,MA,21001,Litoral Ocidental Maranhense,2100204,22.436316133246244,0.0,2010
210030,Aldeias Altas - MA,172.13,35.099999999999994,8.88351192533702,MA,21016,Coelho Neto,2100303,37.67624020887728,0.0,2010
210040,Altamira do Maranhão - MA,159.62,30.200000000000003,4.212523719165086,MA,21008,Pindaré,2100402,32.976125881714594,0.0,2010
210043,Alto Alegre do Maranhão - MA,169.94,26.40000000000001,21.371174559753804,MA,21015,Codó,2100436,29.27699189940757,0.0,2010
210047,Alto Alegre do Pindaré - MA,138.74,28.099999999999994,9.529702970297029,MA,21008,Pindaré,2100477,32.24994968806601,0.0,2010
210050,Alto Parnaíba - MA,549.49,19.3,2.465857359635812,MA,21020,Gerais de Balsas,2100501,21.18750875227559,0.0,2010
210055,Amapá do Maranhão - MA,180.93,30.5,29.474384564204925,MA,21007,Gurupi,2100550,33.274912368552826,0.0,2010
210060,Amarante do Maranhão - MA,230.13,25.8,4.124715816823644,MA,21009,Imperatriz,2100600,28.435276177566926,0.0,2010
210070,Anajatuba - MA,204.0,24.599999999999994,11.047765793528503,MA,21005,Baixada Maranhense,2100709,27.309371850856568,0.0,2010
210080,Anapurus - MA,183.85,28.0,4.930847865303668,MA,21014,Chapadinha,2100808,29.8988140572299,0.0,2010
210083,Apicum-Açu - MA,210.96,17.0,0.7964601769911505,MA,21001,Litoral Ocidental Maranhense,2100832,18.68601530662956,0.0,2010
210087,Araguanã - MA,160.05,25.40000000000001,14.862204724409448,MA,21008,Pindaré,2100873,28.14773980154355,0.0,2010
210090,Araioses - MA,169.2,30.700000000000003,15.383864988781582,MA,21013,Baixo Parnaíba Maranhense,2100907,33.69996519317786,0.0,2010
210095,Arame - MA,204.74,30.200000000000003,13.436282291817,MA,21011,Alto Mearim e Grajaú,2100956,33.0365724113511,0.0,2010
210100,Arari - MA,286.29,20.40000000000001,50.194945848375454,MA,21005,Baixada Maranhense,2101004,22.01848613539845,0.0,2010
210110,Axixá - MA,217.02,14.700000000000005,33.51669941060904,MA,21003,Rosário,2101103,16.33491716964171,0.0,2010
210120,Bacabal - MA,372.72,19.599999999999994,31.113312504762632,MA,21010,Médio Mearim,2101202,21.401993921663305,0.0,2010
210125,Bacabeira - MA,249.83,16.599999999999994,31.227782335247472,MA,21003,Rosário,2101251,18.303042275780324,0.0,2010
210130,Bacuri - MA,230.0,21.099999999999994,13.51543942992874,MA,21001,Litoral Ocidental Maranhense,2101301,23.656294200848656,0.0,2010
210135,Bacurituba - MA,151.55,21.700000000000003,0.572655690765927,MA,21001,Litoral Ocidental Maranhense,2101350,23.896663078579117,0.0,2010
210140,Balsas - MA,523.37,11.700000000000005,18.43304977205433,MA,21020,Gerais de Balsas,2101400,12.917079032942175,0.0,2010
210150,Barão de Grajaú - MA,287.98,20.599999999999994,5.099449851883199,MA,21018,Chapadas do Alto Itapecuru,2101509,22.698680576864067,0.0,2010
210160,Barra do Corda - MA,295.01,25.0,14.117320759950076,MA,21011,Alto Mearim e Grajaú,2101608,27.715608207565573,0.0,2010
210170,Barreirinhas - MA,193.23,23.099999999999994,16.53342124783648,MA,21004,Lençóis Maranhenses,2101707,25.374688964758985,0.0,2010
210173,Belágua - MA,106.29,36.6,3.7154150197628457,MA,21014,Chapadinha,2101731,39.1954335417233,0.0,2010
210177,Bela Vista do Maranhão - MA,196.65,27.099999999999994,6.648757555406313,MA,21005,Baixada Maranhense,2101772,29.44048066090875,0.0,2010
210180,Benedito Leite - MA,211.79,26.700000000000003,34.178999295278366,MA,21021,Chapadas das Mangabeiras,2101806,29.236216489630753,0.0,2010
210190,Bequimão - MA,188.5,22.0,5.233280113535568,MA,21001,Litoral Ocidental Maranhense,2101905,24.230980499862675,0.0,2010
210193,Bernardo do Mearim - MA,233.89,24.5,27.87433155080214,MA,21010,Médio Mearim,2101939,26.781958401495675,0.0,2010
210197,Boa Vista do Gurupi - MA,195.23,20.8,4.678040726472207,MA,21007,Gurupi,2101970,23.744292237442924,0.0,2010
210200,Bom Jardim - MA,193.78,28.8,3.9407839866555454,MA,21008,Pindaré,2102002,31.842979127134726,0.0,2010
210203,Bom Jesus das Selvas - MA,204.57,25.40000000000001,22.656755009696187,MA,21008,Pindaré,2102036,27.35362743502089,0.0,2010
210207,Bom Lugar - MA,161.23,28.90000000000001,1.7897727272727273,MA,21010,Médio Mearim,2102077,32.105052925903735,0.0,2010
210210,Brejo - MA,196.0,27.5,19.145449962188053,MA,21014,Chapadinha,2102101,29.919125288031445,0.0,2010
210215,Brejo de Areia - MA,180.63,30.5,0.3139717425431711,MA,21008,Pindaré,2102150,35.07526270945754,0.0,2010
210220,Buriti - MA,151.73,27.700000000000003,5.670358736981319,MA,21014,Chapadinha,2102200,30.271102166449626,0.0,2010
210230,Buriti Bravo - MA,225.12,27.200000000000003,6.533543527763181,MA,21017,Caxias,2102309,30.42202074228687,0.0,2010
210232,Buriticupu - MA,209.85,24.599999999999994,6.738796500367328,MA,21008,Pindaré,2102325,26.898905091569695,0.0,2010
210235,Buritirana - MA,228.84,25.40000000000001,4.397350993377484,MA,21009,Imperatriz,2102358,28.450762257931604,0.0,2010
210237,Cachoeira Grande - MA,109.4,27.8,2.542372881355932,MA,21003,Rosário,2102374,30.408792903972234,0.0,2010
210240,Cajapió - MA,139.85,24.5,31.274131274131275,MA,21001,Litoral Ocidental Maranhense,2102408,25.584324702589225,0.0,2010
210250,Cajari - MA,131.18,20.700000000000003,4.294336118848654,MA,21005,Baixada Maranhense,2102507,21.743520700100976,0.0,2010
210255,Campestre do Maranhão - MA,349.83,18.90000000000001,2.046617396247868,MA,21019,Porto Franco,2102556,21.226467026312893,0.0,2010
210260,Cândido Mendes - MA,202.93,20.599999999999994,18.869731800766285,MA,21007,Gurupi,2102606,21.447677717435358,0.0,2010
210270,Cantanhede - MA,172.6,26.599999999999994,34.22448546573308,MA,21006,Itapecuru Mirim,2102705,28.85553748336537,0.0,2010
210275,Capinzal do Norte - MA,194.79,29.40000000000001,9.0625,MA,21015,Codó,2102754,32.18849840255591,0.0,2010
210280,Carolina - MA,323.2,13.700000000000005,30.03657179201781,MA,21019,Porto Franco,2102804,15.130905808004815,0.0,2010
210290,Carutapera - MA,219.0,17.599999999999994,20.33596837944664,MA,21007,Gurupi,2102903,19.59952721963429,0.0,2010
210300,Caxias - MA,319.79,23.8,26.843481509152035,MA,21017,Caxias,2103000,25.746511991035426,0.0,2010
210310,Cedral - MA,200.77,15.799999999999995,1.7327685791297651,MA,21001,Litoral Ocidental Maranhense,2103109,17.235262008733624,0.0,2010
210312,Central do Maranhão - MA,182.32,24.099999999999994,7.175341081354219,MA,21001,Litoral Ocidental Maranhense,2103125,26.72684458398744,0.0,2010
210315,Centro do Guilherme - MA,186.51,27.0,6.74893945237177,MA,21007,Gurupi,2103158,28.79754601226994,0.0,2010
210317,Centro Novo do Maranhão - MA,182.89,23.3,10.922453117080588,MA,21007,Gurupi,2103174,25.391994097030068,0.0,2010
210320,Chapadinha - MA,244.0,23.3,16.56938856462855,MA,21014,Chapadinha,2103208,25.42709249749371,0.0,2010
210325,Cidelândia - MA,260.05,22.0,0.7681365576102418,MA,21009,Imperatriz,2103257,24.28946217752514,0.0,2010
210330,Codó - MA,266.96,27.90000000000001,24.879104528084948,MA,21015,Codó,2103307,30.47081073010501,0.0,2010
210340,Coelho Neto - MA,224.79,26.200000000000003,7.118430525557955,MA,21016,Coelho Neto,2103406,28.951416485066016,0.0,2010
210350,Colinas - MA,278.42,27.5,4.649042844120328,MA,21018,Chapadas do Alto Itapecuru,2103505,29.83085403609454,0.0,2010
210355,Conceição do Lago-Açu - MA,170.69,32.8,2.4857741838873912,MA,21005,Baixada Maranhense,2103554,34.87528344671202,0.0,2010
210360,Coroatá - MA,220.58,28.8,20.63531922907904,MA,21015,Codó,2103604,32.18225419664269,0.0,2010
210370,Cururupu - MA,272.32,15.599999999999994,2.65812270084253,MA,21001,Litoral Ocidental Maranhense,2103703,17.41328526838704,0.0,2010
210375,Davinópolis - MA,259.02,22.3,20.94635322483424,MA,21009,Imperatriz,2103752,25.00893601811033,0.0,2010
210380,Dom Pedro - MA,282.3,21.700000000000003,17.537072856221794,MA,21012,Presidente Dutra,2103802,24.228028503562946,0.0,2010
210390,Duque Bacelar - MA,161.2,30.200000000000003,38.39061190276614,MA,21016,Coelho Neto,2103901,31.972988843217852,0.0,2010
210400,Esperantinópolis - MA,260.45,28.200000000000003,13.394342762063228,MA,21010,Médio Mearim,2104008,30.90169067000626,0.0,2010
210405,Estreito - MA,472.21,14.599999999999994,9.031903190319031,MA,21019,Porto Franco,2104057,15.175466329434082,0.0,2010
210407,Feira Nova do Maranhão - MA,187.15,16.900000000000006,9.96477101157524,MA,21020,Gerais de Balsas,2104073,19.746067841576654,0.0,2010
210408,Fernando Falcão - MA,106.7,34.5,0.0531632110579479,MA,21011,Alto Mearim e Grajaú,2104081,38.064403220161005,0.0,2010
210409,Formosa da Serra Negra - MA,154.84,16.599999999999994,1.7525773195876289,MA,21011,Alto Mearim e Grajaú,2104099,18.447589187357003,0.0,2010
210410,Fortaleza dos Nogueiras - MA,266.47,13.900000000000006,3.333333333333333,MA,21021,Chapadas das Mangabeiras,2104107,15.94312319114131,0.0,2010
210420,Fortuna - MA,251.02,27.3,3.5914416709118697,MA,21012,Presidente Dutra,2104206,30.507804781663705,0.0,2010
210430,Godofredo Viana - MA,222.04,15.400000000000006,27.49293500201857,MA,21007,Gurupi,2104305,16.948453608247423,0.0,2010
210440,Gonçalves Dias - MA,231.09,32.0,3.2901952182496164,MA,21012,Presidente Dutra,2104404,34.752360443929106,0.0,2010
210450,Governador Archer - MA,233.45,28.599999999999994,8.886301901435779,MA,21012,Presidente Dutra,2104503,31.475733634311513,0.0,2010
210455,Governador Edison Lobão - MA,306.58,17.700000000000003,33.45111896348646,MA,21009,Imperatriz,2104552,19.625821987589145,0.0,2010
210460,Governador Eugênio Barros - MA,240.42,33.2,2.1728515625,MA,21012,Presidente Dutra,2104602,35.89599700710812,0.0,2010
210462,Governador Luiz Rocha - MA,185.16,27.599999999999994,19.23890063424947,MA,21012,Presidente Dutra,2104628,30.854943273905995,0.0,2010
210465,Governador Newton Bello - MA,188.57,33.2,2.823861630780092,MA,21008,Pindaré,2104651,36.23169456066945,0.0,2010
210467,Governador Nunes Freire - MA,226.35,23.0,39.9140154772141,MA,21007,Gurupi,2104677,25.390257664096296,0.0,2010
210470,Graça Aranha - MA,220.89,27.40000000000001,3.4746760895170787,MA,21012,Presidente Dutra,2104701,30.102622576966933,0.0,2010
210480,Grajaú - MA,333.24,20.8,5.056330472103005,MA,21011,Alto Mearim e Grajaú,2104800,22.189831513414696,0.0,2010
210490,Guimarães - MA,221.64,14.400000000000006,2.5255562236921225,MA,21001,Litoral Ocidental Maranhense,2104909,15.794338532640092,0.0,2010
210500,Humberto de Campos - MA,119.93,21.700000000000003,9.666548421426038,MA,21004,Lençóis Maranhenses,2105005,23.601542253966247,0.0,2010
210510,Icatu - MA,151.8,19.200000000000003,4.830332409972299,MA,21003,Rosário,2105104,22.132017735589834,0.0,2010
210515,Igarapé do Meio - MA,212.9,26.200000000000003,1.2926748425588332,MA,21005,Baixada Maranhense,2105153,28.401277013752456,0.0,2010
210520,Igarapé Grande - MA,287.26,26.0,17.758318739054292,MA,21010,Médio Mearim,2105203,28.560567663456666,0.0,2010
210530,Imperatriz - MA,605.7,10.0,49.95551406776448,MA,21009,Imperatriz,2105302,10.86948099030835,0.0,2010
210535,Itaipava do Grajaú - MA,135.19,31.40000000000001,3.048780487804878,MA,21011,Alto Mearim e Grajaú,2105351,34.17482206405694,0.0,2010
210540,Itapecuru Mirim - MA,209.06,24.3,31.872890530471885,MA,21006,Itapecuru Mirim,2105401,27.09499219406749,0.0,2010
210542,Itinga do Maranhão - MA,323.81,21.099999999999994,8.38368580060423,MA,21009,Imperatriz,2105427,23.483226266952176,0.0,2010
210545,Jatobá - MA,203.56,29.0,31.3844714686623,MA,21018,Chapadas do Alto Itapecuru,2105450,32.42271746944644,0.0,2010
210547,Jenipapo dos Vieiras - MA,125.08,32.0,2.638812534359538,MA,21011,Alto Mearim e Grajaú,2105476,34.146088400083,0.0,2010
210550,João Lisboa - MA,292.63,20.3,7.202369931494168,MA,21009,Imperatriz,2105500,22.320096611493927,0.0,2010
210560,Joselândia - MA,218.3,31.099999999999994,2.862254025044723,MA,21011,Alto Mearim e Grajaú,2105609,33.69121140142518,0.0,2010
210565,Junco do Maranhão - MA,237.86,23.8,51.419878296146045,MA,21007,Gurupi,2105658,27.15861544313427,0.0,2010
210570,Lago da Pedra - MA,257.12,28.0,18.16194473592165,MA,21008,Pindaré,2105708,30.579751762866533,0.0,2010
210580,Lago do Junco - MA,225.51,29.3,20.40107983031238,MA,21010,Médio Mearim,2105807,32.97237262251839,0.0,2010
210590,Lago Verde - MA,187.03,29.599999999999994,12.214983713355048,MA,21010,Médio Mearim,2105906,33.019059205190594,0.0,2010
210592,Lagoa do Mato - MA,208.7,29.599999999999994,1.2667660208643816,MA,21018,Chapadas do Alto Itapecuru,2105922,33.04473304473304,0.0,2010
210594,Lago dos Rodrigues - MA,248.93,26.90000000000001,0.9218825812712276,MA,21010,Médio Mearim,2105948,30.06247703050349,0.0,2010
210596,Lagoa Grande do Maranhão - MA,153.18,32.599999999999994,3.9933444259567374,MA,21008,Pindaré,2105963,35.34221683827983,0.0,2010
210598,Lajeado Novo - MA,255.2,17.099999999999994,5.843801201529219,MA,21009,Imperatriz,2105989,18.645484949832777,0.0,2010
210600,Lima Campos - MA,290.78,28.8,9.190715181932246,MA,21010,Médio Mearim,2106003,31.046710687209586,0.0,2010
210610,Loreto - MA,197.36,20.099999999999994,13.97003745318352,MA,21021,Chapadas das Mangabeiras,2106102,22.289766970618036,0.0,2010
210620,Luís Domingues - MA,230.3,17.700000000000003,35.853812224322624,MA,21007,Gurupi,2106201,19.44381641419851,0.0,2010
210630,Magalhães de Almeida - MA,178.1,28.0,20.524233432245303,MA,21013,Baixo Parnaíba Maranhense,2106300,30.45270883153294,0.0,2010
210632,Maracaçumé - MA,232.64,23.3,41.23644251626898,MA,21007,Gurupi,2106326,25.467099918765232,0.0,2010
210635,Marajá do Sena - MA,95.59,36.6,7.390562819783968,MA,21008,Pindaré,2106359,39.975349219391944,0.0,2010
210637,Maranhãozinho - MA,173.43,25.599999999999994,44.13570274636511,MA,21007,Gurupi,2106375,27.575944170771756,0.0,2010
210640,Mata Roma - MA,154.03,26.5,15.521628498727736,MA,21014,Chapadinha,2106409,28.484231943031535,0.0,2010
210650,Matinha - MA,261.43,17.599999999999994,10.1506456241033,MA,21005,Baixada Maranhense,2106508,18.787958806443093,0.0,2010
210660,Matões - MA,199.69,32.5,4.663417204584376,MA,21017,Caxias,2106607,35.71215436642132,0.01491943505072608,2010
210663,Matões do Norte - MA,132.08,31.200000000000003,2.4120205614867536,MA,21006,Itapecuru Mirim,2106631,34.03204565408253,0.0,2010
210667,Milagres do Maranhão - MA,144.42,32.400000000000006,9.894385769872152,MA,21014,Chapadinha,2106672,35.376428852975955,0.0,2010
210670,Mirador - MA,159.65,27.099999999999994,2.5321625484990813,MA,21018,Chapadas do Alto Itapecuru,2106706,29.533986346096764,0.0,2010
210675,Miranda do Norte - MA,241.81,18.90000000000001,6.506256015399423,MA,21006,Itapecuru Mirim,2106755,21.079053664166185,0.0,2010
210680,Mirinzal - MA,236.02,15.099999999999994,3.666102650874224,MA,21001,Litoral Ocidental Maranhense,2106805,16.75736728616901,0.0,2010
210690,Monção - MA,174.12,25.099999999999994,7.600695838351398,MA,21005,Baixada Maranhense,2106904,27.558858739026338,0.0,2010
210700,Montes Altos - MA,213.09,17.700000000000003,5.611390284757119,MA,21009,Imperatriz,2107001,19.76525821596244,0.0,2010
210710,Morros - MA,162.03,28.099999999999994,3.2873806998939554,MA,21003,Rosário,2107100,29.780930149039325,0.0,2010
210720,Nina Rodrigues - MA,147.14,26.099999999999994,7.125984251968504,MA,21006,Itapecuru Mirim,2107209,28.434462831625954,0.0,2010
210725,Nova Colinas - MA,180.01,19.8,0.5892255892255892,MA,21021,Chapadas das Mangabeiras,2107258,22.52851711026616,0.0,2010
210730,Nova Iorque - MA,256.28,28.200000000000003,15.07870753935377,MA,21018,Chapadas do Alto Itapecuru,2107308,30.802603036876356,0.0,2010
210735,Nova Olinda do Maranhão - MA,219.95,24.599999999999994,2.475138121546961,MA,21008,Pindaré,2107357,28.001858016567315,0.0,2010
210740,Olho d'Água das Cunhãs - MA,241.95,31.8,12.994233937397034,MA,21010,Médio Mearim,2107407,34.428094660194176,0.0,2010
210745,Olinda Nova do Maranhão - MA,169.5,23.90000000000001,7.885854556612458,MA,21005,Baixada Maranhense,2107456,25.87748714509278,0.0,2010
210750,Paço do Lumiar - MA,422.47,5.5,55.19288928228959,MA,21002,Aglomeração Urbana de São Luís,2107506,5.760927349817823,0.0,2010
210760,Palmeirândia - MA,165.92,23.90000000000001,3.476854659389529,MA,21005,Baixada Maranhense,2107605,26.152898606513205,0.0,2010
210770,Paraibano - MA,266.86,27.099999999999994,5.862329803328291,MA,21018,Chapadas do Alto Itapecuru,2107704,30.63835770528684,0.0,2010
210780,Parnarama - MA,181.17,33.099999999999994,1.3646351335723372,MA,21017,Caxias,2107803,35.889183664593574,0.0,2010
210790,Passagem Franca - MA,207.73,32.2,1.7513134851138354,MA,21018,Chapadas do Alto Itapecuru,2107902,35.412474849094565,0.0,2010
210800,Pastos Bons - MA,224.25,21.8,4.863481228668942,MA,21018,Chapadas do Alto Itapecuru,2108009,24.406834561502954,0.0,2010
210805,Paulino Neves - MA,158.01,27.099999999999994,16.814764183185236,MA,21004,Lençóis Maranhenses,2108058,30.1416048550236,0.0,2010
210810,Paulo Ramos - MA,230.23,33.5,2.5042087542087543,MA,21008,Pindaré,2108108,36.325301204819276,0.0,2010
210820,Pedreiras - MA,431.08,17.900000000000006,41.32744194791765,MA,21010,Médio Mearim,2108207,19.499719730941703,0.0,2010
210825,Pedro do Rosário - MA,153.9,26.90000000000001,4.063969896519285,MA,21005,Baixada Maranhense,2108256,28.652201569015478,0.0,2010
210830,Penalva - MA,201.51,19.0,5.264493213243689,MA,21005,Baixada Maranhense,2108306,20.796320512242414,0.0,2010
210840,Peri Mirim - MA,185.19,20.599999999999994,13.2017787659811,MA,21005,Baixada Maranhense,2108405,22.491488083316643,0.0,2010
210845,Peritoró - MA,171.69,33.8,10.338043283849045,MA,21015,Codó,2108454,36.667380595416574,0.0,2010
210850,Pindaré-Mirim - MA,268.42,18.40000000000001,7.3768377611555325,MA,21008,Pindaré,2108504,20.07683551508253,0.0,2010
210860,Pinheiro - MA,288.1,16.400000000000006,50.71303990971581,MA,21005,Baixada Maranhense,2108603,17.821424050060585,0.0,2010
210870,Pio XII - MA,219.7,28.700000000000003,1.983317886932345,MA,21010,Médio Mearim,2108702,31.50432826664849,0.0,2010
210880,Pirapemas - MA,178.12,27.40000000000001,13.61344537815126,MA,21006,Itapecuru Mirim,2108801,30.092384967261637,0.0,2010
210890,Poção de Pedras - MA,230.52,28.90000000000001,23.60037700282752,MA,21010,Médio Mearim,2108900,31.61492452292794,0.0,2010
210900,Porto Franco - MA,490.91,14.0,3.117803365810452,MA,21019,Porto Franco,2109007,15.40394023535634,0.0,2010
210905,Porto Rico do Maranhão - MA,226.4,14.099999999999994,31.15384615384616,MA,21001,Litoral Ocidental Maranhense,2109056,15.515632291180587,0.0,2010
210910,Presidente Dutra - MA,386.09,19.8,23.29192546583851,MA,21012,Presidente Dutra,2109106,21.58679645575939,0.0,2010
210920,Presidente Juscelino - MA,132.33,25.599999999999994,19.04379268782644,MA,21003,Rosário,2109205,28.3420200028173,0.0,2010
210923,Presidente Médici - MA,190.71,23.0,51.52749490835031,MA,21008,Pindaré,2109239,25.719634916920196,0.0,2010
210927,Presidente Sarney - MA,163.62,27.5,2.244948865053629,MA,21005,Baixada Maranhense,2109270,30.36234522942462,0.0,2010
210930,Presidente Vargas - MA,147.09,26.40000000000001,4.938271604938271,MA,21006,Itapecuru Mirim,2109304,28.74943702146825,0.0,2010
210940,Primeira Cruz - MA,127.59,24.599999999999994,7.279436430727943,MA,21004,Lençóis Maranhenses,2109403,26.167133520074696,0.0,2010
210945,Raposa - MA,261.27,14.099999999999994,17.46031746031746,MA,21002,Aglomeração Urbana de São Luís,2109452,15.267260579064589,0.0,2010
210950,Riachão - MA,250.92,18.0,10.289937464468448,MA,21020,Gerais de Balsas,2109502,20.094179972040322,0.0,2010
210955,Ribamar Fiquene - MA,299.75,19.90000000000001,20.83333333333333,MA,21009,Imperatriz,2109551,21.841628047551882,0.0,2010
210960,Rosário - MA,266.84,16.700000000000003,7.508460236886632,MA,21003,Rosário,2109601,18.098820436036956,0.0,2010
210970,Sambaíba - MA,232.11,19.5,16.216216216216218,MA,21021,Chapadas das Mangabeiras,2109700,22.046815459989112,0.0,2010
210975,Santa Filomena do Maranhão - MA,132.4,28.599999999999994,10.67351598173516,MA,21011,Alto Mearim e Grajaú,2109759,31.592576607682346,0.0,2010
210980,Santa Helena - MA,216.37,21.40000000000001,4.505220154334998,MA,21005,Baixada Maranhense,2109809,22.81835811247576,0.0,2010
210990,Santa Inês - MA,398.2,16.099999999999994,36.05764485243313,MA,21008,Pindaré,2109908,17.601676526770646,0.0,2010
211000,Santa Luzia - MA,201.99,30.0,9.722699667697947,MA,21008,Pindaré,2110005,33.29881875620734,0.0,2010
211003,Santa Luzia do Paruá - MA,297.07,21.5,14.636871508379889,MA,21008,Pindaré,2110039,23.85737439222042,0.0,2010
211010,Santa Quitéria do Maranhão - MA,168.13,30.5,3.209565764631844,MA,21013,Baixo Parnaíba Maranhense,2110104,32.82830986669522,0.0,2010
211020,Santa Rita - MA,238.52,20.3,13.713852759186766,MA,21003,Rosário,2110203,22.10605590750011,0.013290213972444957,2010
211023,Santana do Maranhão - MA,126.07,30.3,8.152610441767068,MA,21013,Baixo Parnaíba Maranhense,2110237,34.33420365535248,0.0,2010
211027,Santo Amaro do Maranhão - MA,134.61,21.40000000000001,0.9241432422025414,MA,21004,Lençóis Maranhenses,2110278,24.540236617078598,0.0,2010
211030,Santo Antônio dos Lopes - MA,234.77,27.700000000000003,5.172413793103448,MA,21010,Médio Mearim,2110302,30.568249552950526,0.0,2010
211040,São Benedito do Rio Preto - MA,144.68,28.599999999999994,21.63817300331717,MA,21014,Chapadinha,2110401,31.010516689529034,0.0,2010
211050,São Bento - MA,204.07,18.099999999999994,10.25455298013245,MA,21005,Baixada Maranhense,2110500,19.71401463811331,0.0,2010
211060,São Bernardo - MA,195.15,26.700000000000003,11.435406698564591,MA,21013,Baixo Parnaíba Maranhense,2110609,29.238871899422357,0.0,2010
211065,São Domingos do Azeitão - MA,285.31,28.099999999999994,1.1911852293031566,MA,21021,Chapadas das Mangabeiras,2110658,29.989212513484357,0.0,2010
211070,São Domingos do Maranhão - MA,230.0,24.599999999999994,19.85559566787004,MA,21012,Presidente Dutra,2110708,27.827985156079457,0.0,2010
211080,São Félix de Balsas - MA,195.57,27.0,0.99009900990099,MA,21021,Chapadas das Mangabeiras,2110807,29.592760180995477,0.0,2010
211085,São Francisco do Brejão - MA,245.8,23.90000000000001,9.077325364213673,MA,21009,Imperatriz,2110856,26.648150855138137,0.0,2010
211090,São Francisco do Maranhão - MA,179.36,33.3,1.1560693641618498,MA,21018,Chapadas do Alto Itapecuru,2110906,36.08454362970835,0.0,2010
211100,São João Batista - MA,168.96,19.90000000000001,23.049575350582657,MA,21005,Baixada Maranhense,2111003,22.03194704273996,0.0,2010
211102,São João do Carú - MA,164.5,31.099999999999994,1.2265235722499042,MA,21008,Pindaré,2111029,34.86833399497155,0.0,2010
211105,São João do Paraíso - MA,248.81,19.700000000000003,2.5052192066805845,MA,21019,Porto Franco,2111052,21.15358638389842,0.0,2010
211107,São João do Soter - MA,162.23,36.0,2.699530516431925,MA,21017,Caxias,2111078,39.70548131988001,0.0,2010
211110,São João dos Patos - MA,352.91,22.0,1.212034792528162,MA,21018,Chapadas do Alto Itapecuru,2111102,24.130687157941292,0.0,2010
211120,São José de Ribamar - MA,419.96,6.200000000000003,45.71448710117006,MA,21002,Aglomeração Urbana de São Luís,2111201,6.704530065005417,0.0,2010
211125,São José dos Basílios - MA,178.84,29.3,1.980728051391863,MA,21012,Presidente Dutra,2111250,32.46727876538387,0.0,2010
211130,São Luís - MA,770.52,4.5,66.45196017513692,MA,21002,Aglomeração Urbana de São Luís,2111300,4.66934411198781,0.0,2010
211140,São Luís Gonzaga do Maranhão - MA,179.31,32.5,8.990053557765876,MA,21010,Médio Mearim,2111409,35.505221356081776,0.0,2010
211150,São Mateus do Maranhão - MA,358.56,29.099999999999994,7.489300998573467,MA,21010,Médio Mearim,2111508,31.391232298885207,0.0,2010
211153,São Pedro da Água Branca - MA,286.19,25.099999999999994,3.98406374501992,MA,21009,Imperatriz,2111532,28.44221105527638,0.0,2010
211157,São Pedro dos Crentes - MA,252.69,17.200000000000003,0.2714932126696832,MA,21019,Porto Franco,2111573,19.096645632680172,0.0,2010
211160,São Raimundo das Mangabeiras - MA,295.03,17.799999999999997,5.543037404236142,MA,21021,Chapadas das Mangabeiras,2111607,20.239591187065425,0.0,2010
211163,São Raimundo do Doca Bezerra - MA,151.73,34.2,13.896848137535816,MA,21010,Médio Mearim,2111631,38.15822310955827,0.0,2010
211167,São Roberto - MA,151.37,32.599999999999994,24.316109422492403,MA,21010,Médio Mearim,2111672,34.738955823293175,0.0,2010
211170,São Vicente Ferrer - MA,178.37,24.700000000000003,4.335990666925919,MA,21005,Baixada Maranhense,2111706,26.27787782241308,0.0,2010
211172,Satubinha - MA,124.34,26.40000000000001,4.004805766920304,MA,21010,Médio Mearim,2111722,30.352411234764176,0.0,2010
211174,Senador Alexandre Costa - MA,201.12,31.200000000000003,2.247191011235955,MA,21012,Presidente Dutra,2111748,34.08256206845894,0.0,2010
211176,Senador La Rocque - MA,269.97,27.40000000000001,18.31639416703491,MA,21009,Imperatriz,2111763,29.550196111157472,0.0,2010
211178,Serrano do Maranhão - MA,120.33,30.5,0.6578947368421053,MA,21001,Litoral Ocidental Maranhense,2111789,32.56146369353917,0.0,2010
211180,Sítio Novo - MA,187.2,19.200000000000003,3.561844352281044,MA,21011,Alto Mearim e Grajaú,2111805,20.953042270636228,0.0,2010
211190,Sucupira do Norte - MA,208.62,23.90000000000001,1.2222222222222223,MA,21018,Chapadas do Alto Itapecuru,2111904,25.856307435254802,0.0,2010
211195,Sucupira do Riachão - MA,222.76,30.200000000000003,0.9075907590759076,MA,21018,Chapadas do Alto Itapecuru,2111953,32.990012484394505,0.0,2010
211200,Tasso Fragoso - MA,261.31,16.0,1.9111570247933884,MA,21020,Gerais de Balsas,2112001,17.79508687837028,0.0,2010
211210,Timbiras - MA,171.6,34.599999999999994,14.875401314783671,MA,21015,Codó,2112100,37.82299741602067,0.0,2010
211220,Timon - MA,356.75,16.099999999999994,38.24931459480821,MA,21017,Caxias,2112209,17.26356034318744,0.0,2010
211223,Trizidela do Vale - MA,261.23,22.599999999999994,15.46452371618973,MA,21010,Médio Mearim,2112233,24.810858923008457,0.0,2010
211227,Tufilândia - MA,177.2,30.3,5.243991260014567,MA,21008,Pindaré,2112274,34.12171906547447,0.0,2010
211230,Tuntum - MA,212.73,27.200000000000003,12.03872328189399,MA,21011,Alto Mearim e Grajaú,2112308,29.837595669217844,0.0,2010
211240,Turiaçu - MA,169.77,23.700000000000003,7.315505271277964,MA,21007,Gurupi,2112407,24.842796809009855,0.0,2010
211245,Turilândia - MA,172.79,29.0,6.416906820365034,MA,21007,Gurupi,2112456,30.369547096415673,0.0,2010
211250,Tutóia - MA,233.11,26.700000000000003,3.5288928098809,MA,21004,Lençóis Maranhenses,2112506,28.906432748538013,0.0,2010
211260,Urbano Santos - MA,180.98,27.599999999999994,19.49589459614283,MA,21014,Chapadinha,2112605,30.069244839299714,0.006532532009406846,2010
211270,Vargem Grande - MA,161.21,29.599999999999994,20.034246575342465,MA,21006,Itapecuru Mirim,2112704,32.02042531992403,0.0,2010
211280,Viana - MA,268.67,16.5,29.773410216843985,MA,21005,Baixada Maranhense,2112803,17.79166791279122,0.0,2010
211285,Vila Nova dos Martírios - MA,247.24,25.3,0.986842105263158,MA,21009,Imperatriz,2112852,28.166915052160952,0.0,2010
211290,Vitória do Mearim - MA,228.7,23.0,19.26593348350337,MA,21005,Baixada Maranhense,2112902,25.05355357737897,0.0,2010
211300,Vitorino Freire - MA,262.02,29.599999999999994,10.823615160349854,MA,21008,Pindaré,2113009,32.74810909924364,0.0,2010
211400,Zé Doca - MA,253.97,21.8,9.681764606836168,MA,21008,Pindaré,2114007,24.21074453592371,0.0,2010
220005,Acauã - PI,198.92,27.5,1.4384656366542354,PI,22015,Alto Médio Canindé,2200053,30.40875309661437,0.0,2010
220010,Agricolândia - PI,237.0,24.90000000000001,56.03392041748206,PI,22005,Médio Parnaíba Piauiense,2200103,27.47019867549669,0.0,2010
220020,Água Branca - PI,326.68,21.8,2.1172983273343213,PI,22005,Médio Parnaíba Piauiense,2200202,24.13589613893104,0.0,2010
220025,Alagoinha do Piauí - PI,213.52,41.6,7.378129117259552,PI,22014,Pio IX,2200251,44.39708755105665,0.0,2010
220027,Alegrete do Piauí - PI,263.16,31.90000000000001,2.217741935483871,PI,22014,Pio IX,2200277,35.26468264419278,0.0,2010
220030,Alto Longá - PI,268.0,29.8,4.288597376387488,PI,22004,Campo Maior,2200301,32.83159026488124,0.0,2010
220040,Altos - PI,305.67,24.0,7.404550713459313,PI,22003,Teresina,2200400,26.038956472821884,0.0,2010
220045,Alvorada do Gurguéia - PI,201.78,23.3,1.082753286929621,PI,22010,Alto Médio Gurguéia,2200459,25.795053003533567,0.0,2010
220050,Amarante - PI,280.56,26.0,9.52478913803744,PI,22005,Médio Parnaíba Piauiense,2200509,27.945073476270778,0.0,2010
220060,Angical do Piauí - PI,344.92,22.5,7.89980732177264,PI,22005,Médio Parnaíba Piauiense,2200608,24.894429921576513,0.0,2010
220070,Anísio de Abreu - PI,217.45,27.3,18.259851736246585,PI,22011,São Raimundo Nonato,2200707,29.175019275250577,0.0,2010
220080,Antônio Almeida - PI,282.25,22.40000000000001,13.379469434832757,PI,22008,Bertolínia,2200806,24.798206278026907,0.0,2010
220090,Aroazes - PI,261.41,28.0,1.4285714285714286,PI,22006,Valença do Piauí,2200905,30.77280111394755,0.0,2010
220095,Aroeiras do Itaim - PI,182.18,33.900000000000006,10.46337817638266,PI,22013,Picos,2200954,36.64041994750656,0.0,2010
220100,Arraial - PI,191.5,28.8,10.08,PI,22005,Médio Parnaíba Piauiense,2201002,31.51715833835039,0.0,2010
220105,Assunção do Piauí - PI,138.27,36.5,13.453389830508474,PI,22004,Campo Maior,2201051,39.22290388548057,0.0,2010
220110,Avelino Lopes - PI,211.82,21.5,1.3230074217489514,PI,22012,Chapadas do Extremo Sul Piauiense,2201101,23.117114820950682,0.0,2010
220115,Baixa Grande do Ribeiro - PI,212.29,18.90000000000001,2.1825396825396823,PI,22007,Alto Parnaíba Piauiense,2201150,20.622624963460975,0.0,2010
220117,Barra D'Alcântara - PI,205.11,28.099999999999994,0.7646559048428208,PI,22006,Valença do Piauí,2201176,31.115044247787612,0.0,2010
220120,Barras - PI,254.74,28.599999999999994,24.573197700132685,PI,22001,Baixo Parnaíba Piauiense,2201200,31.525787513414556,0.0,2010
220130,Barreiras do Piauí - PI,252.96,20.599999999999994,0.5025125628140703,PI,22010,Alto Médio Gurguéia,2201309,21.666666666666668,0.0,2010
220140,Barro Duro - PI,354.46,25.40000000000001,65.99674090168386,PI,22005,Médio Parnaíba Piauiense,2201408,27.689409794893262,0.0,2010
220150,Batalha - PI,221.68,31.8,25.65437454808388,PI,22001,Baixo Parnaíba Piauiense,2201507,35.715060763888886,0.0,2010
220155,Bela Vista do Piauí - PI,202.49,20.5,33.44017094017094,PI,22015,Alto Médio Canindé,2201556,22.750737463126843,0.0,2010
220157,Belém do Piauí - PI,223.71,33.3,26.90246516613076,PI,22015,Alto Médio Canindé,2201572,36.767100977198695,0.0,2010
220160,Beneditinos - PI,257.86,30.200000000000003,38.54768786127168,PI,22003,Teresina,2201606,32.70697167755991,0.0,2010
220170,Bertolínia - PI,324.92,22.8,1.2345679012345678,PI,22008,Bertolínia,2201705,24.928441321883945,0.0,2010
220173,Betânia do Piauí - PI,164.37,34.8,0.0633312222925902,PI,22015,Alto Médio Canindé,2201739,38.623046875,0.0,2010
220177,Boa Hora - PI,220.46,34.099999999999994,19.93421052631579,PI,22001,Baixo Parnaíba Piauiense,2201770,37.9080459770115,0.0,2010
220180,Bocaina - PI,361.37,21.0,23.13810556760665,PI,22013,Picos,2201804,22.864690343410626,0.0,2010
220190,Bom Jesus - PI,493.19,16.900000000000006,9.42079553384508,PI,22010,Alto Médio Gurguéia,2201903,18.421217239006694,0.0,2010
220191,Bom Princípio do Piauí - PI,209.0,31.5,20.864381520119224,PI,22002,Litoral Piauiense,2201919,34.36088227478076,0.0,2010
220192,Bonfim do Piauí - PI,233.01,31.3,4.150197628458498,PI,22011,São Raimundo Nonato,2201929,33.231474407944994,0.0,2010
220194,Boqueirão do Piauí - PI,250.98,30.0,9.057071960297767,PI,22004,Campo Maior,2201945,32.79821627647715,0.0,2010
220196,Brasileira - PI,278.31,33.599999999999994,26.871841984382176,PI,22001,Baixo Parnaíba Piauiense,2201960,36.625933469110656,0.0,2010
220198,Brejo do Piauí - PI,215.81,35.400000000000006,0.0,PI,22011,São Raimundo Nonato,2201988,38.08479532163743,0.0,2010
220200,Buriti dos Lopes - PI,229.37,27.099999999999994,32.07003089598352,PI,22002,Litoral Piauiense,2202000,29.628535558673658,0.0,2010
220202,Buriti dos Montes - PI,211.61,28.8,42.70428015564202,PI,22004,Campo Maior,2202026,32.28762777581953,0.0,2010
220205,Cabeceiras do Piauí - PI,227.99,30.40000000000001,32.31305695466873,PI,22001,Baixo Parnaíba Piauiense,2202059,33.6327752824282,0.0,2010
220207,Cajazeiras do Piauí - PI,207.54,28.5,46.88172043010753,PI,22013,Picos,2202075,30.612244897959183,0.0,2010
220208,Cajueiro da Praia - PI,242.63,29.599999999999994,14.183617372182518,PI,22002,Litoral Piauiense,2202083,32.67326732673267,0.0,2010
220209,Caldeirão Grande do Piauí - PI,259.12,31.0,0.1297858533419857,PI,22015,Alto Médio Canindé,2202091,34.74555026322387,0.0,2010
220210,Campinas do Piauí - PI,206.21,26.200000000000003,1.218769043266301,PI,22015,Alto Médio Canindé,2202109,27.679713481708877,0.0,2010
220211,Campo Alegre do Fidalgo - PI,210.58,30.599999999999994,0.1589825119236884,PI,22015,Alto Médio Canindé,2202117,32.8335832083958,0.0,2010
220213,Campo Grande do Piauí - PI,236.76,33.2,12.81094527363184,PI,22015,Alto Médio Canindé,2202133,36.39225181598063,0.0,2010
220217,Campo Largo do Piauí - PI,157.34,34.900000000000006,0.8907363420427553,PI,22001,Baixo Parnaíba Piauiense,2202174,38.087809226654784,0.0,2010
220220,Campo Maior - PI,396.93,20.5,29.274511318859616,PI,22004,Campo Maior,2202208,22.15820706343262,0.0,2010
220225,Canavieira - PI,207.11,24.599999999999994,9.917355371900827,PI,22009,Floriano,2202251,26.930047118521202,0.0,2010
220230,Canto do Buriti - PI,276.43,27.099999999999994,2.9981154702758266,PI,22011,São Raimundo Nonato,2202307,29.691243924145958,0.0,2010
220240,Capitão de Campos - PI,245.07,28.599999999999994,7.736486486486487,PI,22004,Campo Maior,2202406,31.422076281889368,0.0,2010
220245,Capitão Gervásio Oliveira - PI,180.38,29.5,4.545454545454546,PI,22015,Alto Médio Canindé,2202455,31.9164265129683,0.0,2010
220250,Caracol - PI,218.46,33.099999999999994,35.87644212876814,PI,22011,São Raimundo Nonato,2202505,35.325551961749404,0.0,2010
220253,Caraúbas do Piauí - PI,155.59,40.7,28.148657949070888,PI,22002,Litoral Piauiense,2202539,43.83490073145246,0.0,2010
220255,Caridade do Piauí - PI,203.24,29.200000000000003,0.0823723228995057,PI,22015,Alto Médio Canindé,2202554,32.14705882352941,0.0,2010
220260,Castelo do Piauí - PI,265.67,25.099999999999994,17.61229314420804,PI,22004,Campo Maior,2202604,28.426974834638486,0.0,2010
220265,Caxingó - PI,175.88,40.9,28.571428571428573,PI,22002,Litoral Piauiense,2202653,43.76463700234192,0.0,2010
220270,Cocal - PI,197.46,32.5,0.6848295369956826,PI,22002,Litoral Piauiense,2202703,35.74413551011311,0.0,2010
220271,Cocal de Telha - PI,235.85,29.90000000000001,33.96084337349398,PI,22004,Campo Maior,2202711,33.40393343419062,0.0,2010
220272,Cocal dos Alves - PI,182.0,32.099999999999994,12.02572347266881,PI,22002,Litoral Piauiense,2202729,36.12090680100756,0.0,2010
220273,Coivaras - PI,233.05,28.90000000000001,5.221674876847291,PI,22003,Teresina,2202737,31.738035264483628,0.0,2010
220275,Colônia do Gurguéia - PI,287.06,20.3,1.831069108092144,PI,22008,Bertolínia,2202752,22.033498466619484,0.0,2010
220277,Colônia do Piauí - PI,277.73,31.599999999999994,0.8973080757726819,PI,22013,Picos,2202778,34.892353377876766,0.0,2010
220280,Conceição do Canindé - PI,255.54,28.099999999999994,51.56494522691706,PI,22015,Alto Médio Canindé,2202802,30.163630750231555,0.0,2010
220285,Coronel José Dias - PI,199.38,29.700000000000003,19.561933534743204,PI,22011,São Raimundo Nonato,2202851,32.45327795906259,0.0,2010
220290,Corrente - PI,373.71,17.599999999999994,12.893553223388306,PI,22012,Chapadas do Extremo Sul Piauiense,2202901,18.817265209017787,0.0,2010
220300,Cristalândia do Piauí - PI,200.86,24.599999999999994,1.291604570293095,PI,22012,Chapadas do Extremo Sul Piauiense,2203008,25.80947033501778,0.0,2010
220310,Cristino Castro - PI,304.88,23.3,1.9047619047619049,PI,22010,Alto Médio Gurguéia,2203107,25.064488392089423,0.0,2010
220320,Curimatá - PI,282.37,17.299999999999997,5.01877773984295,PI,22012,Chapadas do Extremo Sul Piauiense,2203206,18.460098917257053,0.0,2010
220323,Currais - PI,166.4,30.5,0.4420866489832007,PI,22010,Alto Médio Gurguéia,2203230,32.72727272727273,0.0,2010
220325,Curralinhos - PI,192.28,27.90000000000001,41.92377495462795,PI,22003,Teresina,2203255,31.073253833049403,0.0,2010
220327,Curral Novo do Piauí - PI,184.08,31.700000000000003,0.5097706032285472,PI,22015,Alto Médio Canindé,2203271,35.44776119402985,0.0,2010
220330,Demerval Lobão - PI,307.69,23.40000000000001,2.2949089949881296,PI,22003,Teresina,2203305,25.452315240723703,0.0,2010
220335,Dirceu Arcoverde - PI,260.46,26.5,0.7502679528403001,PI,22011,São Raimundo Nonato,2203354,28.811500303705202,0.0,2010
220340,Dom Expedito Lopes - PI,296.47,24.200000000000003,3.590010405827264,PI,22013,Picos,2203404,26.702724358974358,0.0,2010
220342,Domingos Mourão - PI,235.96,27.099999999999994,44.3336355394379,PI,22004,Campo Maior,2203420,31.049761417859578,0.0,2010
220345,Dom Inocêncio - PI,177.19,22.90000000000001,6.4528744622604615,PI,22011,São Raimundo Nonato,2203453,25.047633006009086,0.0,2010
220350,Elesbão Veloso - PI,269.1,33.0,54.255319148936174,PI,22006,Valença do Piauí,2203503,35.8709329498472,0.0,2010
220360,Eliseu Martins - PI,356.47,19.5,37.00075357950264,PI,22008,Bertolínia,2203602,21.428571428571427,0.0,2010
220370,Esperantina - PI,292.36,27.099999999999994,4.074367088607595,PI,22001,Baixo Parnaíba Piauiense,2203701,29.249918113331148,0.0,2010
220375,Fartura do Piauí - PI,186.85,30.5,1.5909090909090908,PI,22011,São Raimundo Nonato,2203750,33.065632788701194,0.0,2010
220380,Flores do Piauí - PI,207.78,29.5,33.61538461538461,PI,22009,Floriano,2203800,32.22293401665599,0.0,2010
220385,Floresta do Piauí - PI,211.53,37.4,1.482479784366577,PI,22015,Alto Médio Canindé,2203859,40.51309460181721,0.0,2010
220390,Floriano - PI,528.55,12.099999999999994,33.07296509825801,PI,22009,Floriano,2203909,13.210526315789474,0.0,2010
220400,Francinópolis - PI,200.31,30.90000000000001,0.8485639686684073,PI,22006,Valença do Piauí,2204006,34.26263678999479,0.0,2010
220410,Francisco Ayres - PI,267.88,28.3,30.612244897959183,PI,22005,Médio Parnaíba Piauiense,2204105,30.183018301830185,0.0,2010
220415,Francisco Macedo - PI,273.23,33.400000000000006,2.2900763358778624,PI,22015,Alto Médio Canindé,2204154,36.325581395348834,0.0,2010
220420,Francisco Santos - PI,324.26,25.700000000000003,8.101571946795646,PI,22014,Pio IX,2204204,27.992547741034002,0.0,2010
220430,Fronteiras - PI,360.79,26.200000000000003,44.530744336569576,PI,22015,Alto Médio Canindé,2204303,29.053889295293832,0.0,2010
220435,Geminiano - PI,201.03,31.700000000000003,8.05626598465473,PI,22013,Picos,2204352,34.94610177989471,0.0,2010
220440,Gilbués - PI,280.62,21.3,3.3712269698157584,PI,22010,Alto Médio Gurguéia,2204402,23.003829244078855,0.0,2010
220450,Guadalupe - PI,421.06,17.299999999999997,29.761042722664737,PI,22009,Floriano,2204501,18.79328716036228,0.0,2010
220455,Guaribas - PI,160.36,31.200000000000003,30.59701492537313,PI,22011,São Raimundo Nonato,2204550,34.83691880638445,0.0,2010
220460,Hugo Napoleão - PI,203.1,28.700000000000003,44.300278035217794,PI,22005,Médio Parnaíba Piauiense,2204600,32.05499276410998,0.0,2010
220465,Ilha Grande - PI,218.4,24.40000000000001,5.045454545454546,PI,22002,Litoral Piauiense,2204659,26.736775015933716,0.0,2010
220470,Inhuma - PI,257.85,24.5,5.208833413346135,PI,22006,Valença do Piauí,2204709,27.349803993071383,0.0,2010
220480,Ipiranga do Piauí - PI,255.01,20.700000000000003,1.7982799061767003,PI,22013,Picos,2204808,22.682215743440235,0.0,2010
220490,Isaías Coelho - PI,396.33,32.2,2.140255009107468,PI,22015,Alto Médio Canindé,2204907,34.78858714334823,0.0,2010
220500,Itainópolis - PI,236.0,34.3,5.897965202005309,PI,22015,Alto Médio Canindé,2205003,37.54242246928028,0.0,2010
220510,Itaueira - PI,320.42,25.5,17.39832149774048,PI,22009,Floriano,2205102,27.803650094398993,0.0,2010
220515,Jacobina do Piauí - PI,188.85,33.599999999999994,14.608150470219435,PI,22015,Alto Médio Canindé,2205151,36.27657089465078,0.0,2010
220520,Jaicós - PI,250.11,36.1,7.433768287860815,PI,22015,Alto Médio Canindé,2205201,38.674418604651166,0.0,2010
220525,Jardim do Mulato - PI,215.73,26.599999999999994,0.4051863857374392,PI,22005,Médio Parnaíba Piauiense,2205250,29.58956411072224,0.0,2010
220527,Jatobá do Piauí - PI,206.37,27.8,11.624326404926869,PI,22004,Campo Maior,2205276,30.40272263187748,0.0,2010
220530,Jerumenha - PI,264.47,22.700000000000003,37.79399837793999,PI,22009,Floriano,2205300,25.00784436774396,0.0,2010
220535,João Costa - PI,188.79,27.099999999999994,18.52760736196319,PI,22015,Alto Médio Canindé,2205359,28.41628959276018,0.0,2010
220540,Joaquim Pires - PI,156.13,32.5,10.11137162954279,PI,22001,Baixo Parnaíba Piauiense,2205409,36.31013834400165,0.0,2010
220545,Joca Marques - PI,179.2,35.099999999999994,6.6350710900473935,PI,22001,Baixo Parnaíba Piauiense,2205458,38.44003354766564,0.0,2010
220550,José de Freitas - PI,292.32,22.700000000000003,39.7636087616569,PI,22003,Teresina,2205508,24.52287966988431,0.0,2010
220551,Juazeiro do Piauí - PI,206.1,26.40000000000001,23.5342019543974,PI,22004,Campo Maior,2205516,29.23169267707083,0.0,2010
220552,Júlio Borges - PI,177.29,17.299999999999997,5.15084621044886,PI,22012,Chapadas do Extremo Sul Piauiense,2205524,18.162393162393162,0.0,2010
220553,Jurema - PI,182.04,32.599999999999994,15.396825396825395,PI,22011,São Raimundo Nonato,2205532,35.484857754665036,0.0,2010
220554,Lagoinha do Piauí - PI,254.75,24.8,2.3225806451612905,PI,22005,Médio Parnaíba Piauiense,2205540,27.22048066875653,0.0,2010
220555,Lagoa Alegre - PI,227.89,28.40000000000001,41.77732379979571,PI,22003,Teresina,2205557,31.891600861450108,0.0,2010
220556,Lagoa do Barro do Piauí - PI,149.08,25.40000000000001,0.6878761822871883,PI,22015,Alto Médio Canindé,2205565,27.72519083969466,0.0,2010
220557,Lagoa de São Francisco - PI,173.88,29.700000000000003,3.0704394942805537,PI,22004,Campo Maior,2205573,33.635950975941896,0.0,2010
220558,Lagoa do Piauí - PI,242.11,24.8,0.6591337099811676,PI,22003,Teresina,2205581,27.036641764496622,0.0,2010
220559,Lagoa do Sítio - PI,182.73,32.900000000000006,7.939767282683094,PI,22006,Valença do Piauí,2205599,35.781117096682735,0.0,2010
220560,Landri Sales - PI,250.36,24.8,2.857142857142857,PI,22008,Bertolínia,2205607,26.591564055541,0.0,2010
220570,Luís Correia - PI,223.78,27.3,16.402266288951843,PI,22002,Litoral Piauiense,2205706,29.757531227038942,0.0,2010
220580,Luzilândia - PI,242.91,33.099999999999994,15.65912936471312,PI,22001,Baixo Parnaíba Piauiense,2205805,35.455666405111536,0.0,2010
220585,Madeiro - PI,148.19,30.0,32.95019157088122,PI,22001,Baixo Parnaíba Piauiense,2205854,33.10747223790702,0.0,2010
220590,Manoel Emídio - PI,218.4,21.5,0.5759539236861051,PI,22008,Bertolínia,2205904,24.17524412773819,0.0,2010
220595,Marcolândia - PI,291.1,31.40000000000001,0.226963231956423,PI,22015,Alto Médio Canindé,2205953,34.1237495368655,0.0,2010
220600,Marcos Parente - PI,289.0,23.099999999999994,4.451510333863275,PI,22008,Bertolínia,2206001,25.230202578268877,0.0,2010
220605,Massapê do Piauí - PI,195.27,40.2,0.1221747098350641,PI,22015,Alto Médio Canindé,2206050,43.42250718549635,0.0,2010
220610,Matias Olímpio - PI,204.11,31.40000000000001,17.360594795539033,PI,22001,Baixo Parnaíba Piauiense,2206100,34.28056556695314,0.0,2010
220620,Miguel Alves - PI,216.87,35.099999999999994,10.484604391321296,PI,22001,Baixo Parnaíba Piauiense,2206209,37.998047329025056,0.0,2010
220630,Miguel Leão - PI,294.48,26.700000000000003,0.303951367781155,PI,22003,Teresina,2206308,28.652968036529682,0.0,2010
220635,Milton Brandão - PI,153.64,33.7,2.2196261682243,PI,22004,Campo Maior,2206357,37.21321826983793,0.0,2010
220640,Monsenhor Gil - PI,269.62,22.3,25.22775052557813,PI,22003,Teresina,2206407,24.74347317833485,0.0,2010
220650,Monsenhor Hipólito - PI,312.84,31.90000000000001,24.39252336448598,PI,22014,Pio IX,2206506,34.827213822894166,0.0,2010
220660,Monte Alegre do Piauí - PI,215.42,21.599999999999994,2.2231370934540964,PI,22010,Alto Médio Gurguéia,2206605,23.697694278394536,0.0,2010
220665,Morro Cabeça no Tempo - PI,144.46,22.599999999999994,2.8513238289205702,PI,22012,Chapadas do Extremo Sul Piauiense,2206654,25.100622027076472,0.0,2010
220667,Morro do Chapéu do Piauí - PI,223.79,31.200000000000003,35.82089552238806,PI,22001,Baixo Parnaíba Piauiense,2206670,35.48100422128416,0.0,2010
220669,Murici dos Portelas - PI,167.87,35.5,10.154738878143132,PI,22002,Litoral Piauiense,2206696,39.40193491644679,0.0,2010
220670,Nazaré do Piauí - PI,215.01,28.3,1.7159199237368925,PI,22009,Floriano,2206704,31.15305550364418,0.0,2010
220672,Nazária - PI,236.13,27.40000000000001,25.52415679124886,PI,22003,Teresina,2206720,30.566766099315668,0.0,2010
220675,Nossa Senhora de Nazaré - PI,253.11,23.8,23.070674248578392,PI,22004,Campo Maior,2206753,25.69623887453345,0.0,2010
220680,Nossa Senhora dos Remédios - PI,180.19,32.3,39.34108527131783,PI,22001,Baixo Parnaíba Piauiense,2206803,36.098694797067765,0.0,2010
220690,Novo Oriente do Piauí - PI,237.6,30.200000000000003,14.366925064599483,PI,22006,Valença do Piauí,2206902,32.84102564102564,0.0,2010
220695,Novo Santo Antônio - PI,223.59,33.400000000000006,4.490690032858708,PI,22004,Campo Maior,2206951,37.541806020066886,0.0,2010
220700,Oeiras - PI,372.24,23.40000000000001,20.93848958833125,PI,22013,Picos,2207009,25.512993262752648,0.0,2010
220710,Olho D'Água do Piauí - PI,224.02,18.5,62.83068783068783,PI,22005,Médio Parnaíba Piauiense,2207108,20.913593835993396,0.0,2010
220720,Padre Marcos - PI,214.25,37.0,19.48181365221724,PI,22015,Alto Médio Canindé,2207207,41.08900944343982,0.0,2010
220730,Paes Landim - PI,218.51,23.099999999999994,8.526413345690454,PI,22015,Alto Médio Canindé,2207306,25.607217210270644,0.0,2010
220735,Pajeú do Piauí - PI,260.83,30.099999999999994,22.448979591836736,PI,22011,São Raimundo Nonato,2207355,33.06484091824406,0.0,2010
220740,Palmeira do Piauí - PI,277.18,23.599999999999994,12.97709923664122,PI,22010,Alto Médio Gurguéia,2207405,26.47228637413395,0.0,2010
220750,Palmeirais - PI,192.46,29.3,13.117365905469995,PI,22005,Médio Parnaíba Piauiense,2207504,31.84713375796178,0.0,2010
220755,Paquetá - PI,193.04,39.5,31.07876712328768,PI,22013,Picos,2207553,43.690903162699705,0.0,2010
220760,Parnaguá - PI,208.61,23.8,3.282009724473258,PI,22012,Chapadas do Extremo Sul Piauiense,2207603,25.95831511441481,0.0,2010
220770,Parnaíba - PI,472.53,15.400000000000006,24.274132974177004,PI,22002,Litoral Piauiense,2207702,16.469465123323634,0.0,2010
220775,Passagem Franca do Piauí - PI,323.31,36.8,9.08273381294964,PI,22005,Médio Parnaíba Piauiense,2207751,38.83735312306741,0.0,2010
220777,Patos do Piauí - PI,213.78,36.0,19.49616648411829,PI,22015,Alto Médio Canindé,2207777,39.39059395009936,0.0,2010
220779,Pau D'Arco do Piauí - PI,162.13,31.5,6.20756547041707,PI,22003,Teresina,2207793,34.779299847793,0.0,2010
220780,Paulistana - PI,323.53,27.8,1.0303687635574836,PI,22015,Alto Médio Canindé,2207801,30.100334448160535,0.0,2010
220785,Pavussu - PI,193.22,32.8,13.89413988657845,PI,22009,Floriano,2207850,35.198221563542056,0.0,2010
220790,Pedro II - PI,263.45,28.40000000000001,9.39768892524798,PI,22004,Campo Maior,2207900,31.1083502748287,0.0,2010
220793,Pedro Laurentino - PI,152.4,20.0,2.748091603053436,PI,22015,Alto Médio Canindé,2207934,22.29527794381351,0.0,2010
220795,Nova Santa Rita - PI,198.86,27.3,46.91901408450704,PI,22015,Alto Médio Canindé,2207959,29.28769017980636,0.0,2010
220800,Picos - PI,557.2,16.299999999999997,40.517689291955975,PI,22013,Picos,2208007,17.70044304702015,0.0,2010
220810,Pimenteiras - PI,244.87,31.8,5.21356783919598,PI,22006,Valença do Piauí,2208106,34.70504281636536,0.0,2010
220820,Pio IX - PI,223.32,28.0,16.340269277845778,PI,22014,Pio IX,2208205,31.201126055677197,0.0,2010
220830,Piracuruca - PI,279.68,26.700000000000003,10.041407867494824,PI,22002,Litoral Piauiense,2208304,29.95830851697439,0.0,2010
220840,Piripiri - PI,370.6,23.8,19.234844025897587,PI,22001,Baixo Parnaíba Piauiense,2208403,26.304442508710803,0.0,2010
220850,Porto - PI,226.0,32.0,35.046728971962615,PI,22001,Baixo Parnaíba Piauiense,2208502,35.01346671796845,0.0,2010
220855,Porto Alegre do Piauí - PI,224.72,24.8,0.4470938897168405,PI,22008,Bertolínia,2208551,27.635960044395116,0.0,2010
220860,Prata do Piauí - PI,199.1,32.2,15.107102593010149,PI,22006,Valença do Piauí,2208601,35.26548672566372,0.0,2010
220865,Queimada Nova - PI,168.62,28.700000000000003,1.6887266088544044,PI,22015,Alto Médio Canindé,2208650,31.30379343321645,0.0,2010
220870,Redenção do Gurguéia - PI,249.56,19.5,40.0390625,PI,22010,Alto Médio Gurguéia,2208700,21.78463721837857,0.0,2010
220880,Regeneração - PI,289.67,29.0,15.13677811550152,PI,22005,Médio Parnaíba Piauiense,2208809,31.81568842567197,0.0,2010
220885,Riacho Frio - PI,155.22,19.0,3.4790365744870653,PI,22012,Chapadas do Extremo Sul Piauiense,2208858,20.076548364648573,0.0,2010
220887,Ribeira do Piauí - PI,184.31,27.0,10.131795716639209,PI,22015,Alto Médio Canindé,2208874,30.46511627906977,0.0,2010
220890,Ribeiro Gonçalves - PI,258.47,21.0,10.414129110840438,PI,22007,Alto Parnaíba Piauiense,2208908,22.82889079965606,0.0,2010
220900,Rio Grande do Piauí - PI,245.31,27.3,66.68457818377216,PI,22009,Floriano,2209005,29.772481040086674,0.0,2010
220910,Santa Cruz do Piauí - PI,277.28,33.5,26.30952380952381,PI,22013,Picos,2209104,35.880398671096344,0.0,2010
220915,Santa Cruz dos Milagres - PI,207.51,30.90000000000001,3.5271687321258343,PI,22006,Valença do Piauí,2209153,34.0036563071298,0.0,2010
220920,Santa Filomena - PI,213.12,22.200000000000003,34.85938521909745,PI,22007,Alto Parnaíba Piauiense,2209203,24.389636273044346,0.0,2010
220930,Santa Luz - PI,227.65,24.0,0.615595075239398,PI,22010,Alto Médio Gurguéia,2209302,26.415584415584416,0.0,2010
220935,Santana do Piauí - PI,227.8,27.40000000000001,4.9365303244005645,PI,22013,Picos,2209351,30.3431504998649,0.0,2010
220937,Santa Rosa do Piauí - PI,226.94,28.8,19.896640826873384,PI,22013,Picos,2209377,31.654094827586206,0.0,2010
220940,Santo Antônio de Lisboa - PI,328.86,26.599999999999994,10.19144144144144,PI,22014,Pio IX,2209401,28.565022421524663,0.0,2010
220945,Santo Antônio dos Milagres - PI,206.48,25.599999999999994,5.273069679849341,PI,22005,Médio Parnaíba Piauiense,2209450,27.80141843971631,0.0,2010
220950,Santo Inácio do Piauí - PI,229.31,27.3,0.0888099467140319,PI,22015,Alto Médio Canindé,2209500,29.7523670793882,0.0,2010
220955,São Braz do Piauí - PI,220.96,27.8,2.113821138211382,PI,22011,São Raimundo Nonato,2209559,30.411728009981285,0.0,2010
220960,São Félix do Piauí - PI,308.72,29.200000000000003,0.837696335078534,PI,22006,Valença do Piauí,2209609,31.66946308724832,0.0,2010
220965,São Francisco de Assis do Piauí - PI,140.49,35.3,3.284182305630027,PI,22015,Alto Médio Canindé,2209658,38.95198760970573,0.0,2010
220970,São Francisco do Piauí - PI,256.59,28.90000000000001,2.59525124240751,PI,22009,Floriano,2209708,32.10233592880979,0.0,2010
220975,São Gonçalo do Gurguéia - PI,250.12,22.40000000000001,1.1095700416088763,PI,22010,Alto Médio Gurguéia,2209757,24.505723204994798,0.0,2010
220980,São Gonçalo do Piauí - PI,217.8,24.5,7.094846900672144,PI,22005,Médio Parnaíba Piauiense,2209807,27.60355029585799,0.0,2010
220985,São João da Canabrava - PI,227.29,33.599999999999994,30.01453488372093,PI,22013,Picos,2209856,36.42791269597295,0.0,2010
220987,São João da Fronteira - PI,193.56,33.7,13.898080741230974,PI,22002,Litoral Piauiense,2209872,36.98521647307286,0.0,2010
220990,São João da Serra - PI,231.88,34.900000000000006,39.21568627450981,PI,22004,Campo Maior,2209906,38.2604875905996,0.0,2010
220995,São João da Varjota - PI,224.07,32.099999999999994,21.61520190023753,PI,22013,Picos,2209955,35.3827606992164,0.0,2010
220997,São João do Arraial - PI,167.75,32.7,25.363825363825363,PI,22001,Baixo Parnaíba Piauiense,2209971,36.287758346581874,0.0,2010
221000,São João do Piauí - PI,364.59,20.8,8.412609587763477,PI,22015,Alto Médio Canindé,2210003,22.223807146423223,0.0,2010
221005,São José do Divino - PI,213.52,32.7,1.1544011544011543,PI,22002,Litoral Piauiense,2210052,36.08923884514436,0.0,2010
221010,São José do Peixe - PI,234.53,27.599999999999994,3.389830508474576,PI,22009,Floriano,2210102,30.046583850931675,0.0,2010
221020,São José do Piauí - PI,274.73,34.8,32.07253886010363,PI,22013,Picos,2210201,37.910509031198686,0.0,2010
221030,São Julião - PI,315.77,36.2,2.7089337175792507,PI,22014,Pio IX,2210300,38.70967741935484,0.0,2010
221035,São Lourenço do Piauí - PI,260.27,22.90000000000001,0.3084040092521203,PI,22011,São Raimundo Nonato,2210359,24.64622641509434,0.0,2010
221037,São Luis do Piauí - PI,201.34,30.099999999999994,1.749663526244953,PI,22013,Picos,2210375,33.459255261737724,0.0,2010
221038,São Miguel da Baixa Grande - PI,240.68,35.599999999999994,1.1254019292604502,PI,22006,Valença do Piauí,2210383,37.68115942028985,0.0,2010
221039,São Miguel do Fidalgo - PI,182.25,29.90000000000001,0.8567931456548348,PI,22009,Floriano,2210391,32.93532338308458,0.0,2010
221040,São Miguel do Tapuio - PI,183.25,32.7,20.06426993372163,PI,22004,Campo Maior,2210409,36.02670349907919,0.0,2010
221050,São Pedro do Piauí - PI,245.4,27.5,10.37509976057462,PI,22005,Médio Parnaíba Piauiense,2210508,29.578488372093023,0.0,2010
221060,São Raimundo Nonato - PI,396.44,18.8,4.339399160116292,PI,22011,São Raimundo Nonato,2210607,20.15828677839851,0.0,2010
221062,Sebastião Barros - PI,188.82,21.099999999999994,1.3498312710911136,PI,22012,Chapadas do Extremo Sul Piauiense,2210623,22.91060291060291,0.0,2010
221063,Sebastião Leal - PI,190.53,25.200000000000003,6.542882404951371,PI,22008,Bertolínia,2210631,27.717758271438218,0.0,2010
221065,Sigefredo Pacheco - PI,194.7,30.700000000000003,27.596223674655047,PI,22004,Campo Maior,2210656,33.76568447765403,0.0,2010
221070,Simões - PI,257.14,27.40000000000001,33.67040174911178,PI,22015,Alto Médio Canindé,2210706,30.509173366316222,0.0,2010
221080,Simplício Mendes - PI,360.1,22.3,24.53771646609921,PI,22015,Alto Médio Canindé,2210805,24.008983717012914,0.0,2010
221090,Socorro do Piauí - PI,193.66,25.099999999999994,2.5,PI,22015,Alto Médio Canindé,2210904,27.295362589480238,0.0,2010
221093,Sussuapara - PI,263.63,27.90000000000001,21.909492273730685,PI,22013,Picos,2210938,30.36275948836234,0.0,2010
221095,Tamboril do Piauí - PI,186.49,32.7,54.28194993412384,PI,22011,São Raimundo Nonato,2210953,36.04951005673027,0.0,2010
221097,Tanque do Piauí - PI,246.83,26.3,80.0,PI,22013,Picos,2210979,28.526315789473685,0.0,2010
221100,Teresina - PI,739.85,8.5,61.80082285261575,PI,22003,Teresina,2211001,9.116545579516037,0.0,2010
221110,União - PI,229.01,26.200000000000003,26.8013654396162,PI,22003,Teresina,2211100,28.72431789654489,0.0,2010
221120,Uruçuí - PI,349.2,17.0,16.95561059249381,PI,22007,Alto Parnaíba Piauiense,2211209,18.192594658670945,0.0,2010
221130,Valença do Piauí - PI,368.53,24.40000000000001,5.3829891039193365,PI,22006,Valença do Piauí,2211308,26.102656693319577,0.0,2010
221135,Várzea Branca - PI,200.98,28.8,4.078431372549019,PI,22011,São Raimundo Nonato,2211357,31.489610769681008,0.0,2010
221140,Várzea Grande - PI,244.85,30.099999999999994,70.43478260869566,PI,22006,Valença do Piauí,2211407,33.08619091751622,0.0,2010
221150,Vera Mendes - PI,172.4,39.9,37.70314192849404,PI,22015,Alto Médio Canindé,2211506,43.68755676657584,0.0,2010
221160,Vila Nova do Piauí - PI,258.84,27.8,21.28342245989305,PI,22015,Alto Médio Canindé,2211605,30.11339773204536,0.0,2010
221170,Wall Ferraz - PI,193.48,32.0,0.3481288076588337,PI,22013,Picos,2211704,35.25578364288042,0.0,2010
230010,Abaiara - CE,227.31,26.3,7.974137931034483,CE,23033,Brejo Santo,2300101,29.65526420870491,0.0,2010
230015,Acarape - CE,256.06,19.5,40.82217973231358,CE,23013,Baturité,2300150,21.768276111966664,0.0,2010
230020,Acaraú - CE,246.49,25.700000000000003,17.226317226317228,CE,23001,Litoral de Camocim e Acaraú,2300200,28.833651072982352,0.0,2010
230030,Acopiara - CE,263.74,30.099999999999994,19.767054908485857,CE,23021,Sertão de Senador Pompeu,2300309,32.98733057571737,0.0,2010
230040,Aiuaba - CE,199.36,30.200000000000003,10.905813429472737,CE,23020,Sertão de Inhamuns,2300408,34.1048981361075,0.0,2010
230050,Alcântaras - CE,243.41,25.599999999999994,21.91444600280505,CE,23004,Meruoca,2300507,29.10906298003072,0.0,2010
230060,Altaneira - CE,237.26,28.200000000000003,14.60028721876496,CE,23030,Caririaçu,2300606,31.82643794147326,0.0,2010
230070,Alto Santo - CE,262.88,27.599999999999994,12.973443622115804,CE,23023,Baixo Jaguaribe,2300705,30.112562648919564,0.0,2010
230075,Amontada - CE,181.48,23.0,10.02350056196996,CE,23008,Itapipoca,2300754,25.674108979393395,0.0,2010
230080,Antonina do Norte - CE,240.49,29.3,40.50949050949051,CE,23027,Várzea Alegre,2300804,32.61304521808724,0.0,2010
230090,Apuiarés - CE,221.73,24.200000000000003,2.699922859346876,CE,23011,Médio Curu,2300903,26.797321252708294,0.0,2010
230100,Aquiraz - CE,344.5,19.0,36.77494789283717,CE,23016,Fortaleza,2301000,20.821337692007653,0.0,2010
230110,Aracati - CE,343.59,19.099999999999994,4.541776249241352,CE,23022,Litoral de Aracati,2301109,20.820467578297308,0.0,2010
230120,Aracoiaba - CE,240.12,27.200000000000003,18.29059829059829,CE,23013,Baturité,2301208,30.07240547063556,0.0,2010
230125,Ararendá - CE,199.92,30.700000000000003,15.858026701400195,CE,23018,Sertão de Cratéus,2301257,33.737610850286906,0.0,2010
230130,Araripe - CE,193.18,29.5,15.060349486578994,CE,23029,Chapada do Araripe,2301307,33.53735753482482,0.0,2010
230140,Aratuba - CE,215.94,22.200000000000003,19.318181818181817,CE,23013,Baturité,2301406,25.347645767260307,0.0,2010
230150,Arneiroz - CE,269.7,27.5,24.84531175630652,CE,23020,Sertão de Inhamuns,2301505,30.24625267665953,0.0,2010
230160,Assaré - CE,278.47,28.3,21.741169115348548,CE,23029,Chapada do Araripe,2301604,31.678633325080465,0.0,2010
230170,Aurora - CE,252.35,25.0,12.526419613921377,CE,23031,Barro,2301703,27.638904049776226,0.0,2010
230180,Baixio - CE,264.81,22.099999999999994,1.7523364485981308,CE,23028,Lavras da Mangabeira,2301802,23.745892661555313,0.0,2010
230185,Banabuiú - CE,225.09,27.099999999999994,18.558951965065503,CE,23019,Sertão de Quixeramobim,2301851,30.18070291777188,0.0,2010
230190,Barbalha - CE,361.63,17.0,18.417109385642284,CE,23032,Cariri,2301901,18.69103335561994,0.0,2010
230195,Barreira - CE,241.79,24.599999999999994,13.428519790348815,CE,23014,Chorozinho,2301950,27.457460272816764,0.0,2010
230200,Barro - CE,249.5,21.599999999999994,11.251435132032148,CE,23031,Barro,2302008,23.610170534999693,0.0,2010
230205,Barroquinha - CE,191.16,31.0,21.40141227593699,CE,23001,Litoral de Camocim e Acaraú,2302057,35.52851113946413,0.0,2010
230210,Baturité - CE,279.97,20.40000000000001,46.16308263290034,CE,23013,Baturité,2302107,22.45135056636654,0.0,2010
230220,Beberibe - CE,301.5,23.3,11.549115704240355,CE,23015,Cascavel,2302206,26.04968604968605,0.0,2010
230230,Bela Cruz - CE,219.61,24.3,20.80528546497133,CE,23001,Litoral de Camocim e Acaraú,2302305,27.11603709567971,0.0,2010
230240,Boa Viagem - CE,246.69,28.700000000000003,40.45670538542767,CE,23019,Sertão de Quixeramobim,2302404,32.377005631707576,0.0,2010
230250,Brejo Santo - CE,318.84,21.0,62.17308802904051,CE,23033,Brejo Santo,2302503,22.71605672325118,0.0,2010
230260,Camocim - CE,259.47,23.700000000000003,31.44790602655771,CE,23001,Litoral de Camocim e Acaraú,2302602,26.49266739489158,0.0,2010
230270,Campos Sales - CE,300.07,26.200000000000003,23.620599054125066,CE,23029,Chapada do Araripe,2302701,29.205534011109947,0.0,2010
230280,Canindé - CE,267.23,22.0,25.218045112781954,CE,23012,Canindé,2302800,24.656350935176143,0.0,2010
230290,Capistrano - CE,202.69,25.40000000000001,15.951187622575723,CE,23013,Baturité,2302909,27.62444354512343,0.0,2010
230300,Caridade - CE,201.92,23.90000000000001,10.261800114656983,CE,23012,Canindé,2303006,26.828757073988683,0.0,2010
230310,Cariré - CE,223.75,27.0,6.468051744413955,CE,23005,Sobral,2303105,30.471782621678113,0.0,2010
230320,Caririaçu - CE,241.49,27.90000000000001,15.71650869995756,CE,23030,Caririaçu,2303204,31.704674719679325,0.0,2010
230330,Cariús - CE,237.32,28.599999999999994,12.065846599131692,CE,23027,Várzea Alegre,2303303,31.791948699679374,0.0,2010
230340,Carnaubal - CE,220.78,26.200000000000003,2.670753064798599,CE,23002,Ibiapaba,2303402,29.661380197171024,0.0,2010
230350,Cascavel - CE,304.07,20.8,14.521364337785345,CE,23015,Cascavel,2303501,22.893565358154593,0.0,2010
230360,Catarina - CE,243.71,27.099999999999994,18.725099601593627,CE,23020,Sertão de Inhamuns,2303600,29.443136168444383,0.0,2010
230365,Catunda - CE,221.12,27.0,1.5289406625409538,CE,23007,Santa Quitéria,2303659,30.016863406408095,0.0,2010
230370,Caucaia - CE,366.8,12.0,57.14718250630782,CE,23016,Fortaleza,2303709,12.884674703478815,0.0,2010
230380,Cedro - CE,313.6,25.40000000000001,8.929561841375484,CE,23026,Iguatu,2303808,27.788692425234665,0.0,2010
230390,Chaval - CE,205.38,29.40000000000001,7.216494845360825,CE,23001,Litoral de Camocim e Acaraú,2303907,32.53118445744563,0.0,2010
230393,Choró - CE,167.46,28.40000000000001,11.274060494958754,CE,23019,Sertão de Quixeramobim,2303931,32.4264049955397,0.0,2010
230395,Chorozinho - CE,275.01,26.40000000000001,4.836050558710387,CE,23014,Chorozinho,2303956,28.75044754744003,0.0,2010
230400,Coreaú - CE,208.29,32.8,17.683749157113958,CE,23003,Coreaú,2304004,36.822501926534805,0.0,2010
230410,Crateús - CE,366.61,23.0,49.36895439889452,CE,23018,Sertão de Cratéus,2304103,25.016923105069612,0.0,2010
230420,Crato - CE,459.98,13.700000000000005,44.10611643330877,CE,23032,Cariri,2304202,14.96019399200558,0.0,2010
230423,Croatá - CE,167.75,31.200000000000003,23.898199875853507,CE,23002,Ibiapaba,2304236,35.53346144205865,0.0,2010
230425,Cruz - CE,279.42,21.5,6.845767923612235,CE,23001,Litoral de Camocim e Acaraú,2304251,24.638859358389094,0.0,2010
230426,Deputado Irapuan Pinheiro - CE,230.02,29.200000000000003,2.063721940622737,CE,23021,Sertão de Senador Pompeu,2304269,32.28116323250037,0.0,2010
230427,Ereré - CE,239.91,28.200000000000003,20.053050397877985,CE,23025,Serra do Pereiro,2304277,30.72582214438607,0.0,2010
230428,Eusébio - CE,605.08,12.200000000000005,32.34206592714971,CE,23016,Fortaleza,2304285,13.527253038142222,0.0,2010
230430,Farias Brito - CE,227.42,24.90000000000001,12.638991845811711,CE,23030,Caririaçu,2304301,27.624901722535917,0.0,2010
230435,Forquilha - CE,291.33,23.40000000000001,72.30794217963293,CE,23005,Sobral,2304350,26.180879203929965,0.0,2010
230440,Fortaleza - CE,812.61,6.599999999999994,74.66742528159354,CE,23016,Fortaleza,2304400,6.943786762517626,0.000158019239369124,2010
230445,Fortim - CE,261.19,24.099999999999994,2.0442520442520444,CE,23022,Litoral de Aracati,2304459,26.792384075794843,0.0,2010
230450,Frecheirinha - CE,244.4,29.200000000000003,12.493340436867342,CE,23003,Coreaú,2304509,33.333333333333336,0.0,2010
230460,General Sampaio - CE,239.31,28.0,4.002582311168496,CE,23011,Médio Curu,2304608,31.2631825638622,0.0,2010
230465,Graça - CE,192.89,30.8,6.530898876404494,CE,23005,Sobral,2304657,35.693159049708996,0.0,2010
230470,Granja - CE,170.49,34.099999999999994,12.735813319190848,CE,23001,Litoral de Camocim e Acaraú,2304707,38.56690663604022,0.0,2010
230480,Granjeiro - CE,221.05,27.0,26.04611443210931,CE,23030,Caririaçu,2304806,30.619091186337297,0.0,2010
230490,Groaíras - CE,303.36,22.700000000000003,29.51146560319043,CE,23005,Sobral,2304905,25.239451203727672,0.0,2010
230495,Guaiúba - CE,231.79,20.700000000000003,19.209127852453893,CE,23016,Fortaleza,2304954,23.065381730047896,0.0,2010
230500,Guaraciaba do Norte - CE,242.8,24.90000000000001,8.10228274713432,CE,23002,Ibiapaba,2305001,28.42782621939611,0.0,2010
230510,Guaramiranga - CE,281.6,15.5,73.89255419415646,CE,23013,Baturité,2305100,17.874875868917577,0.0,2010
230520,Hidrolândia - CE,241.33,26.90000000000001,6.490727532097004,CE,23007,Santa Quitéria,2305209,30.19097346398684,0.0,2010
230523,Horizonte - CE,317.75,14.200000000000005,13.995917325848431,CE,23017,Pacajus,2305233,15.649873992564313,0.0,2010
230526,Ibaretama - CE,199.26,31.200000000000003,2.9907084785133566,CE,23019,Sertão de Quixeramobim,2305266,34.270400350032816,0.0,2010
230530,Ibiapina - CE,255.58,22.40000000000001,18.593120545398204,CE,23002,Ibiapaba,2305308,25.329566854990585,0.0,2010
230533,Ibicuitinga - CE,192.66,26.700000000000003,15.748521630874572,CE,23023,Baixo Jaguaribe,2305332,29.33601134215501,0.0,2010
230535,Icapuí - CE,277.5,23.8,14.975105323630792,CE,23022,Litoral de Aracati,2305357,25.877509750108334,0.0,2010
230540,Icó - CE,268.98,30.90000000000001,35.81573896353167,CE,23026,Iguatu,2305407,32.83368578181366,0.0,2010
230550,Iguatu - CE,426.07,21.40000000000001,27.79669260700389,CE,23026,Iguatu,2305506,23.172569194640893,0.0,2010
230560,Independência - CE,257.47,25.8,32.37294917967187,CE,23018,Sertão de Cratéus,2305605,28.938016097000105,0.0,2010
230565,Ipaporanga - CE,178.98,30.099999999999994,2.0063055316709657,CE,23018,Sertão de Cratéus,2305654,33.81172464120652,0.0,2010
230570,Ipaumirim - CE,372.76,25.3,16.751556310130166,CE,23028,Lavras da Mangabeira,2305704,27.32258786657712,0.0,2010
230580,Ipu - CE,295.1,25.5,7.5369763528474,CE,23006,Ipu,2305803,28.143384867970994,0.0,2010
230590,Ipueiras - CE,219.26,28.5,21.076192216334736,CE,23006,Ipu,2305902,32.02682954247386,0.0,2010
230600,Iracema - CE,325.83,25.0,22.48995983935743,CE,23025,Serra do Pereiro,2306009,27.197138161075124,0.0,2010
230610,Irauçuba - CE,204.56,25.3,36.83171869393613,CE,23005,Sobral,2306108,28.011150006482563,0.0,2010
230620,Itaiçaba - CE,291.86,20.8,3.326039387308534,CE,23022,Litoral de Aracati,2306207,22.819614711033275,0.0,2010
230625,Itaitinga - CE,274.07,15.799999999999995,5.7975691083145104,CE,23016,Fortaleza,2306256,17.302779578297173,0.0,2010
230630,Itapajé - CE,251.11,20.90000000000001,26.624883936861654,CE,23010,Uruburetama,2306306,23.364241490567682,0.0,2010
230640,Itapipoca - CE,259.1,20.3,34.712620645893864,CE,23008,Itapipoca,2306405,22.614619775363654,0.0,2010
230650,Itapiúna - CE,205.87,27.5,15.189616710606368,CE,23013,Baturité,2306504,30.424687289341623,0.0,2010
230655,Itarema - CE,209.93,23.8,12.51126126126126,CE,23001,Litoral de Camocim e Acaraú,2306553,26.89862308382416,0.0,2010
230660,Itatira - CE,194.31,29.099999999999994,5.723835387507834,CE,23012,Canindé,2306603,32.56648210247212,0.0,2010
230670,Jaguaretama - CE,244.87,25.90000000000001,5.772956218519954,CE,23024,Médio Jaguaribe,2306702,28.52825627077667,0.0,2010
230680,Jaguaribara - CE,284.0,23.8,57.142857142857146,CE,23024,Médio Jaguaribe,2306801,26.054622387485576,0.0,2010
230690,Jaguaribe - CE,282.2,23.40000000000001,54.0836456894851,CE,23024,Médio Jaguaribe,2306900,25.56485028535689,0.0,2010
230700,Jaguaruana - CE,270.77,25.099999999999994,13.70489757720703,CE,23023,Baixo Jaguaribe,2307007,27.176566314076485,0.0,2010
230710,Jardim - CE,240.02,23.599999999999994,38.298183948447566,CE,23032,Cariri,2307106,26.327445293962562,0.0,2010
230720,Jati - CE,263.65,24.0,18.386061439706555,CE,23033,Brejo Santo,2307205,26.18881118881119,0.0,2010
230725,Jijoca de Jericoacoara - CE,363.51,20.700000000000003,14.349112426035504,CE,23001,Litoral de Camocim e Acaraú,2307254,23.469640644361835,0.0,2010
230730,Juazeiro do Norte - CE,433.27,14.900000000000006,47.6999609550115,CE,23032,Cariri,2307304,16.209410929349755,0.0,2010
230740,Jucás - CE,224.19,27.8,27.55917159763313,CE,23027,Várzea Alegre,2307403,31.176266481609993,0.0,2010
230750,Lavras da Mangabeira - CE,263.43,26.40000000000001,28.425925925925927,CE,23028,Lavras da Mangabeira,2307502,28.88304522136483,0.0,2010
230760,Limoeiro do Norte - CE,398.67,17.599999999999994,21.78148515429038,CE,23023,Baixo Jaguaribe,2307601,19.20852783390232,0.0,2010
230763,Madalena - CE,220.56,23.200000000000003,11.772072636192862,CE,23019,Sertão de Quixeramobim,2307635,26.36420820883787,0.0,2010
230765,Maracanaú - CE,355.11,9.0,69.47832095353256,CE,23016,Fortaleza,2307650,9.658191181203733,0.0,2010
230770,Maranguape - CE,289.84,13.900000000000006,32.33853160364339,CE,23016,Fortaleza,2307700,15.394692562857555,0.0,2010
230780,Marco - CE,265.97,26.0,8.383736559139784,CE,23001,Litoral de Camocim e Acaraú,2307809,28.60047846889952,0.0,2010
230790,Martinópole - CE,229.15,26.0,4.138950480413895,CE,23001,Litoral de Camocim e Acaraú,2307908,29.871977240398294,0.0,2010
230800,Massapê - CE,224.68,25.40000000000001,38.542229912404025,CE,23005,Sobral,2308005,28.487506538446063,0.0,2010
230810,Mauriti - CE,231.84,26.200000000000003,19.32628684368824,CE,23031,Barro,2308104,29.477010586190552,0.0,2010
230820,Meruoca - CE,257.22,16.599999999999994,8.581235697940503,CE,23004,Meruoca,2308203,18.70792725811313,0.0,2010
230830,Milagres - CE,260.18,26.200000000000003,12.865347798340778,CE,23033,Brejo Santo,2308302,28.876877451449346,0.0,2010
230835,Milhã - CE,258.16,26.5,22.15272348188689,CE,23021,Sertão de Senador Pompeu,2308351,28.799106689676176,0.0,2010
230837,Miraíma - CE,187.19,28.5,20.48192771084337,CE,23005,Sobral,2308377,32.26547249971294,0.0,2010
230840,Missão Velha - CE,292.59,25.200000000000003,10.614586781418955,CE,23032,Cariri,2308401,27.877646288030792,0.0,2010
230850,Mombaça - CE,242.34,30.8,28.83409945674885,CE,23021,Sertão de Senador Pompeu,2308500,33.774855780076706,0.0,2010
230860,Monsenhor Tabosa - CE,234.1,27.0,6.234256926952141,CE,23018,Sertão de Cratéus,2308609,29.633933759442186,0.0,2010
230870,Morada Nova - CE,273.71,25.700000000000003,9.602194787379972,CE,23023,Baixo Jaguaribe,2308708,28.219822516839518,0.0,2010
230880,Moraújo - CE,171.9,28.8,7.307873644507308,CE,23003,Coreaú,2308807,31.976236239734405,0.0,2010
230890,Morrinhos - CE,203.09,25.700000000000003,23.332083958020988,CE,23001,Litoral de Camocim e Acaraú,2308906,28.43450479233227,0.0,2010
230900,Mucambo - CE,251.89,27.700000000000003,18.12588736393753,CE,23005,Sobral,2309003,31.61171092306196,0.0,2010
230910,Mulungu - CE,241.5,20.40000000000001,30.020491803278688,CE,23013,Baturité,2309102,22.981979758084425,0.0,2010
230920,Nova Olinda - CE,267.63,20.90000000000001,44.15975885455916,CE,23032,Cariri,2309201,23.298506005272923,0.0,2010
230930,Nova Russas - CE,301.46,26.0,20.920727116274065,CE,23018,Sertão de Cratéus,2309300,28.38489177109806,0.0,2010
230940,Novo Oriente - CE,241.49,30.200000000000003,26.38090477380655,CE,23018,Sertão de Cratéus,2309409,33.99284151918871,0.0,2010
230945,Ocara - CE,206.09,26.90000000000001,11.565127599940997,CE,23014,Chorozinho,2309458,30.071991383708408,0.0,2010
230950,Orós - CE,292.21,27.200000000000003,37.64310792245459,CE,23026,Iguatu,2309508,29.69314632204324,0.0,2010
230960,Pacajus - CE,347.59,16.700000000000003,7.079092511514187,CE,23017,Pacajus,2309607,18.260908064551835,0.0,2010
230970,Pacatuba - CE,329.82,8.599999999999994,77.56105381285737,CE,23016,Fortaleza,2309706,9.381630507502628,0.0,2010
230980,Pacoti - CE,277.27,17.799999999999997,45.54682383759005,CE,23013,Baturité,2309805,20.35928143712575,0.0,2010
230990,Pacujá - CE,261.24,25.099999999999994,46.71240708976558,CE,23005,Sobral,2309904,28.152223750573132,0.0,2010
231000,Palhano - CE,281.25,26.099999999999994,16.0857908847185,CE,23023,Baixo Jaguaribe,2310001,28.37956204379562,0.0,2010
231010,Palmácia - CE,313.47,21.700000000000003,14.114211550940947,CE,23013,Baturité,2310100,24.089667728720983,0.0,2010
231020,Paracuru - CE,316.16,18.3,31.911713990113807,CE,23009,Baixo Curu,2310209,20.19668154052766,0.0,2010
231025,Paraipaba - CE,281.12,17.700000000000003,29.239980449657867,CE,23009,Baixo Curu,2310258,19.972073539678846,0.0,2010
231030,Parambu - CE,207.87,31.40000000000001,30.64408290617339,CE,23020,Sertão de Inhamuns,2310308,35.13211926441707,0.0,2010
231040,Paramoti - CE,191.48,26.5,10.465116279069768,CE,23012,Canindé,2310407,29.65621458254628,0.012592872434202242,2010
231050,Pedra Branca - CE,221.47,30.3,36.5959943015168,CE,23021,Sertão de Senador Pompeu,2310506,33.28100470957614,0.0,2010
231060,Penaforte - CE,264.65,20.200000000000003,57.09916994320664,CE,23033,Brejo Santo,2310605,22.01568894952251,0.0,2010
231070,Pentecoste - CE,256.85,22.599999999999994,28.058429701765064,CE,23011,Médio Curu,2310704,24.82683050913787,0.0,2010
231080,Pereiro - CE,200.5,26.40000000000001,13.091410197519522,CE,23025,Serra do Pereiro,2310803,29.549234135667398,0.0,2010
231085,Pindoretama - CE,294.06,19.8,1.235723647257068,CE,23015,Cascavel,2310852,21.69804618117229,0.0,2010
231090,Piquet Carneiro - CE,215.1,23.8,5.228758169934641,CE,23021,Sertão de Senador Pompeu,2310902,26.080053480404445,0.0,2010
231095,Pires Ferreira - CE,188.75,26.3,5.667144906743185,CE,23006,Ipu,2310951,29.940363242071022,0.0,2010
231100,Poranga - CE,209.52,29.700000000000003,11.74220129487934,CE,23006,Ipu,2311009,33.54169123717419,0.0,2010
231110,Porteiras - CE,215.84,26.40000000000001,30.3519768563163,CE,23032,Cariri,2311108,29.347234814143246,0.0,2010
231120,Potengi - CE,212.73,31.0,7.991513437057992,CE,23029,Chapada do Araripe,2311207,34.510076441973595,0.0,2010
231123,Potiretama - CE,234.58,27.3,0.8211143695014663,CE,23025,Serra do Pereiro,2311231,29.100998890122085,0.0,2010
231126,Quiterianópolis - CE,206.12,29.599999999999994,15.344285214959804,CE,23018,Sertão de Cratéus,2311264,32.81110423967567,0.0,2010
231130,Quixadá - CE,310.28,21.099999999999994,54.10866027843066,CE,23019,Sertão de Quixeramobim,2311306,22.86157306434024,0.0,2010
231135,Quixelô - CE,239.34,33.2,23.43078245915736,CE,23026,Iguatu,2311355,36.759275540706874,0.0,2010
231140,Quixeramobim - CE,314.56,21.90000000000001,43.94412971283454,CE,23019,Sertão de Quixeramobim,2311405,24.198997798193,0.0,2010
231150,Quixeré - CE,254.65,23.599999999999994,2.8415858431172367,CE,23023,Baixo Jaguaribe,2311504,25.9995842283972,0.0,2010
231160,Redenção - CE,267.52,21.700000000000003,17.01839826839827,CE,23013,Baturité,2311603,24.31883302943475,0.0,2010
231170,Reriutaba - CE,255.92,26.0,5.841247088335424,CE,23006,Ipu,2311702,29.24703529075582,0.0,2010
231180,Russas - CE,368.95,17.799999999999997,28.88148547351918,CE,23023,Baixo Jaguaribe,2311801,19.59320875113947,0.0,2010
231190,Saboeiro - CE,218.11,29.5,9.096960284002662,CE,23020,Sertão de Inhamuns,2311900,33.50222222222222,0.0,2010
231195,Salitre - CE,176.47,35.2,11.73027989821883,CE,23029,Chapada do Araripe,2311959,39.85710147726176,0.0,2010
231200,Santana do Acaraú - CE,214.08,26.599999999999994,36.213772932730656,CE,23005,Sobral,2312007,29.55585207777354,0.0,2010
231210,Santana do Cariri - CE,210.63,26.099999999999994,21.951219512195124,CE,23032,Cariri,2312106,29.93782471680436,0.0,2010
231220,Santa Quitéria - CE,229.69,24.599999999999994,23.663541930580188,CE,23007,Santa Quitéria,2312205,27.444021423501322,0.0,2010
231230,São Benedito - CE,257.18,23.8,28.10511527972895,CE,23002,Ibiapaba,2312304,27.085545153299233,0.0,2010
231240,São Gonçalo do Amarante - CE,301.35,18.200000000000003,26.059445508284075,CE,23009,Baixo Curu,2312403,20.18076057042782,0.0,2010
231250,São João do Jaguaribe - CE,371.87,23.700000000000003,24.16602017067494,CE,23023,Baixo Jaguaribe,2312502,25.797284496368803,0.0,2010
231260,São Luís do Curu - CE,252.2,21.0,4.052543320290665,CE,23011,Médio Curu,2312601,22.3701440419031,0.0,2010
231270,Senador Pompeu - CE,280.59,24.8,36.828869608952594,CE,23021,Sertão de Senador Pompeu,2312700,27.15345410506131,0.0,2010
231280,Senador Sá - CE,211.97,29.3,7.839912280701754,CE,23005,Sobral,2312809,33.157338965153116,0.0,2010
231290,Sobral - CE,436.87,15.099999999999994,75.68289786223278,CE,23005,Sobral,2312908,17.001782172525797,0.0,2010
231300,Solonópole - CE,266.77,24.099999999999994,12.98185941043084,CE,23021,Sertão de Senador Pompeu,2313005,26.222622262226224,0.0,2010
231310,Tabuleiro do Norte - CE,373.81,20.700000000000003,24.613529218287468,CE,23023,Baixo Jaguaribe,2313104,22.55881693927851,0.0,2010
231320,Tamboril - CE,208.81,29.700000000000003,11.909235438647205,CE,23018,Sertão de Cratéus,2313203,32.94744279580412,0.0,2010
231325,Tarrafas - CE,212.94,31.700000000000003,2.4115755627009645,CE,23027,Várzea Alegre,2313252,35.511015911872704,0.0,2010
231330,Tauá - CE,298.93,25.0,33.50147637795276,CE,23020,Sertão de Inhamuns,2313302,27.449305775847343,0.0,2010
231335,Tejuçuoca - CE,198.87,24.599999999999994,2.7279086034040567,CE,23011,Médio Curu,2313351,27.820186598812555,0.0,2010
231340,Tianguá - CE,384.26,21.5,40.35675082327113,CE,23002,Ibiapaba,2313401,24.036047899263405,0.0,2010
231350,Trairi - CE,203.65,21.0,6.344456082597636,CE,23008,Itapipoca,2313500,23.61774175641168,0.0,2010
231355,Tururu - CE,183.54,25.3,1.6496465043205029,CE,23010,Uruburetama,2313559,27.995391705069125,0.0,2010
231360,Ubajara - CE,313.74,22.099999999999994,8.253205128205128,CE,23002,Ibiapaba,2313609,24.58937198067633,0.0,2010
231370,Umari - CE,223.05,30.099999999999994,14.524361948955915,CE,23028,Lavras da Mangabeira,2313708,32.46195165622202,0.0,2010
231375,Umirim - CE,190.79,25.200000000000003,7.213252254141329,CE,23010,Uruburetama,2313757,28.41280705757092,0.0,2010
231380,Uruburetama - CE,263.63,20.700000000000003,19.168900804289542,CE,23010,Uruburetama,2313807,22.932972819126228,0.0,2010
231390,Uruoca - CE,181.26,32.3,24.89427685367917,CE,23003,Coreaú,2313906,36.45558487247142,0.0,2010
231395,Varjota - CE,279.54,23.90000000000001,25.26143120770966,CE,23006,Ipu,2313955,26.66561039372574,0.0,2010
231400,Várzea Alegre - CE,273.72,26.099999999999994,18.42994541200936,CE,23027,Várzea Alegre,2314003,28.623815124887567,0.0,2010
231410,Viçosa do Ceará - CE,202.74,27.3,9.578233298923465,CE,23002,Ibiapaba,2314102,31.420938475374278,0.0,2010
240010,Acari - RN,407.77,16.200000000000003,82.23504403279684,RN,24012,Seridó Oriental,2400109,17.61159420289855,0.0,2010
240020,Assú - RN,426.22,20.700000000000003,13.626566078404958,RN,24004,Vale do Açu,2400208,22.492815005294208,0.0,2010
240030,Afonso Bezerra - RN,252.49,29.0,51.821586653047326,RN,24009,Angicos,2400307,30.68311919603104,0.0,2010
240040,Água Nova - RN,205.56,20.40000000000001,7.070707070707071,RN,24005,Serra de São Miguel,2400406,22.65765765765766,0.0,2010
240050,Alexandria - RN,294.2,31.0,57.2484076433121,RN,24006,Pau dos Ferros,2400505,33.417623030538806,0.0,2010
240060,Almino Afonso - RN,286.88,23.40000000000001,12.604456824512535,RN,24007,Umarizal,2400604,25.05387931034483,0.0,2010
240070,Alto do Rodrigues - RN,441.5,18.200000000000003,8.200391827595858,RN,24004,Vale do Açu,2400703,19.302249755461364,0.0,2010
240080,Angicos - RN,334.86,24.5,38.284132841328415,RN,24009,Angicos,2400802,26.342015855039637,0.0,2010
240090,Antônio Martins - RN,247.46,28.8,24.8203162434116,RN,24007,Umarizal,2400901,30.778097982708935,0.0,2010
240100,Apodi - RN,356.88,22.099999999999994,10.291029102910292,RN,24002,Chapada do Apodi,2401008,23.90740740740741,0.0,2010
240110,Areia Branca - RN,445.19,15.400000000000006,29.05321354526607,RN,24001,Mossoró,2401107,16.367806505421186,0.0,2010
240120,Arez - RN,299.22,23.700000000000003,20.15683996514668,RN,24019,Litoral Sul,2401206,25.689544579858882,0.0,2010
240130,Campo Grande - RN,376.89,27.0,17.498081350729088,RN,24003,Médio Oeste,2401305,28.883424934914665,0.0,2010
240140,Baía Formosa - RN,309.79,20.8,10.363887609396592,RN,24019,Litoral Sul,2401404,22.876779577810506,0.0,2010
240145,Baraúna - RN,255.44,25.599999999999994,9.675025968244547,RN,24001,Mossoró,2401453,28.103458433983384,0.0,2010
240150,Barcelona - RN,266.48,27.40000000000001,25.32981530343008,RN,24014,Borborema Potiguar,2401503,29.511533242876528,0.0,2010
240160,Bento Fernandes - RN,232.18,26.099999999999994,13.77983063895304,RN,24013,Baixa Verde,2401602,28.295642581356866,0.0,2010
240165,Bodó - RN,274.38,23.3,40.57553956834533,RN,24010,Serra de Santana,2401651,24.858757062146893,0.0,2010
240170,Bom Jesus - RN,295.86,29.599999999999994,10.502625656414104,RN,24015,Agreste Potiguar,2401701,32.0543093270366,0.0,2010
240180,Brejinho - RN,297.73,29.0,31.556503198294244,RN,24015,Agreste Potiguar,2401800,31.229792839180938,0.0,2010
240185,Caiçara do Norte - RN,273.99,23.700000000000003,40.41095890410959,RN,24008,Macau,2401859,25.51949568059771,0.0,2010
240190,Caiçara do Rio do Vento - RN,240.51,23.90000000000001,58.52017937219731,RN,24009,Angicos,2401909,25.65234845443597,0.0,2010
240200,Caicó - RN,622.27,14.200000000000005,76.83961757439037,RN,24011,Seridó Ocidental,2402006,15.341419586702605,0.0,2010
240210,Campo Redondo - RN,247.37,23.40000000000001,45.58414464534075,RN,24014,Borborema Potiguar,2402105,25.714285714285715,0.0,2010
240220,Canguaretama - RN,250.2,23.90000000000001,5.283706402915148,RN,24019,Litoral Sul,2402204,26.63274356939452,0.0,2010
240230,Caraúbas - RN,320.97,24.8,12.785543811796796,RN,24002,Chapada do Apodi,2402303,26.763025210084034,0.0,2010
240240,Carnaúba dos Dantas - RN,386.98,13.200000000000005,16.75579322638146,RN,24012,Seridó Oriental,2402402,14.373897707231041,0.0,2010
240250,Carnaubais - RN,293.26,23.90000000000001,45.283700758944704,RN,24004,Vale do Açu,2402501,25.636413945766463,0.0,2010
240260,Ceará-Mirim - RN,313.91,20.5,55.11018566718723,RN,24017,Macaíba,2402600,21.75770897960022,0.0,2010
240270,Cerro Corá - RN,281.57,24.90000000000001,4.746317512274959,RN,24010,Serra de Santana,2402709,27.38615096693699,0.0,2010
240280,Coronel Ezequiel - RN,236.21,27.099999999999994,20.21614748887476,RN,24014,Borborema Potiguar,2402808,29.96701344836336,0.0,2010
240290,Coronel João Pessoa - RN,242.47,30.40000000000001,0.3142183817753338,RN,24005,Serra de São Miguel,2402907,33.164027487302064,0.0,2010
240300,Cruzeta - RN,338.17,20.40000000000001,66.19028174765211,RN,24012,Seridó Oriental,2403004,22.231113956466068,0.0,2010
240310,Currais Novos - RN,517.61,16.400000000000006,83.42426187419768,RN,24012,Seridó Oriental,2403103,17.90219142275311,0.0,2010
240320,Doutor Severiano - RN,269.35,22.40000000000001,25.40937323546019,RN,24005,Serra de São Miguel,2403202,24.762101779064956,0.0,2010
240325,Parnamirim - RN,833.82,7.599999999999994,57.58258880472078,RN,24018,Natal,2403251,7.964722197021734,0.0,2010
240330,Encanto - RN,307.9,21.90000000000001,16.070222822417286,RN,24005,Serra de São Miguel,2403301,24.281314168377822,0.0,2010
240340,Equador - RN,287.83,20.5,50.43427909669948,RN,24012,Seridó Oriental,2403400,22.82099343955014,0.0,2010
240350,Espírito Santo - RN,233.05,35.7,19.89830508474576,RN,24019,Litoral Sul,2403509,38.3576300655343,0.0,2010
240360,Extremoz - RN,413.22,16.299999999999997,37.8058162794276,RN,24018,Natal,2403608,17.2032021802078,0.0,2010
240370,Felipe Guerra - RN,293.23,20.0,4.910179640718563,RN,24002,Chapada do Apodi,2403707,21.45559759626085,0.0,2010
240375,Fernando Pedroza - RN,266.24,28.200000000000003,7.042253521126761,RN,24009,Angicos,2403756,29.639762881896946,0.0,2010
240380,Florânia - RN,356.23,21.700000000000003,73.50863422291994,RN,24010,Serra de Santana,2403806,23.20068955609826,0.0,2010
240390,Francisco Dantas - RN,296.86,27.40000000000001,1.0778443113772456,RN,24006,Pau dos Ferros,2403905,29.05982905982906,0.0,2010
240400,Frutuoso Gomes - RN,264.57,23.90000000000001,1.6216216216216215,RN,24007,Umarizal,2404002,25.67401960784314,0.0,2010
240410,Galinhos - RN,287.83,24.700000000000003,0.8960573476702509,RN,24008,Macau,2404101,26.845199216198562,0.0,2010
240420,Goianinha - RN,357.39,21.700000000000003,43.24517512508935,RN,24019,Litoral Sul,2404200,23.815500470662066,0.0,2010
240430,Governador Dix-Sept Rosado - RN,263.5,22.700000000000003,31.57894736842105,RN,24002,Chapada do Apodi,2404309,23.960565795113588,0.0,2010
240440,Grossos - RN,398.69,24.3,17.67425320056899,RN,24001,Mossoró,2404408,25.88317107093185,0.0,2010
240450,Guamaré - RN,395.06,21.40000000000001,37.308501051366775,RN,24008,Macau,2404507,22.779353374929098,0.0,2010
240460,Ielmo Marinho - RN,202.4,25.8,18.96088384592416,RN,24015,Agreste Potiguar,2404606,28.115536920568367,0.0,2010
240470,Ipanguaçu - RN,271.68,26.0,18.43220338983051,RN,24004,Vale do Açu,2404705,27.744330724463175,0.0,2010
240480,Ipueira - RN,393.6,22.5,1.875,RN,24011,Seridó Ocidental,2404804,23.940149625935163,0.0,2010
240485,Itajá - RN,304.68,24.3,15.576820839978735,RN,24004,Vale do Açu,2404853,26.30005977286312,0.0,2010
240490,Itaú - RN,306.42,20.3,3.289473684210526,RN,24006,Pau dos Ferros,2404903,22.073970037453183,0.0,2010
240500,Jaçanã - RN,257.66,25.099999999999994,0.733074601121173,RN,24014,Borborema Potiguar,2405009,27.812765957446807,0.0,2010
240510,Jandaíra - RN,234.81,30.0,14.870689655172416,RN,24013,Baixa Verde,2405108,32.594605895881244,0.0,2010
240520,Janduís - RN,266.39,25.5,41.766268260292165,RN,24003,Médio Oeste,2405207,27.758362456315528,0.0,2010
240530,Januário Cicco - RN,189.99,32.599999999999994,12.016293279022404,RN,24015,Agreste Potiguar,2405306,35.46231546231546,0.0,2010
240540,Japi - RN,211.63,32.7,52.97805642633229,RN,24014,Borborema Potiguar,2405405,34.79712378017463,0.0,2010
240550,Jardim de Angicos - RN,254.03,26.700000000000003,9.04109589041096,RN,24009,Angicos,2405504,26.91500524658972,0.0,2010
240560,Jardim de Piranhas - RN,298.1,23.5,21.13041223749028,RN,24011,Seridó Ocidental,2405603,25.770689487503645,0.0,2010
240570,Jardim do Seridó - RN,445.31,17.099999999999994,73.74185136897002,RN,24012,Seridó Oriental,2405702,18.474834773767157,0.0,2010
240580,João Câmara - RN,333.49,25.0,17.54180797567536,RN,24013,Baixa Verde,2405801,26.781488298711544,0.0,2010
240590,João Dias - RN,169.91,36.6,37.63297872340426,RN,24007,Umarizal,2405900,38.857142857142854,0.0,2010
240600,José da Penha - RN,298.51,27.40000000000001,21.693414499169894,RN,24006,Pau dos Ferros,2406007,29.72790645378907,0.0,2010
240610,Jucurutu - RN,299.14,29.099999999999994,31.86562915164168,RN,24004,Vale do Açu,2406106,31.53172866520788,0.0,2010
240615,Jundiá - RN,245.4,33.099999999999994,6.75146771037182,RN,24015,Agreste Potiguar,2406155,35.44009305932532,0.0,2010
240620,Lagoa d'Anta - RN,291.03,30.599999999999994,6.6547831253713605,RN,24015,Agreste Potiguar,2406205,33.19662793347004,0.0,2010
240630,Lagoa de Pedras - RN,212.54,33.5,8.478038815117467,RN,24015,Agreste Potiguar,2406304,36.721311475409834,0.0,2010
240640,Lagoa de Velhos - RN,267.29,25.0,18.68279569892473,RN,24014,Borborema Potiguar,2406403,26.65289256198347,0.0,2010
240650,Lagoa Nova - RN,226.63,26.599999999999994,46.38783269961977,RN,24010,Serra de Santana,2406502,29.237035565269224,0.0,2010
240660,Lagoa Salgada - RN,237.12,34.5,2.2520364159080017,RN,24015,Agreste Potiguar,2406601,36.93107932379714,0.0,2010
240670,Lajes - RN,286.4,25.099999999999994,61.07497432386169,RN,24009,Angicos,2406700,26.98270339525945,0.0,2010
240680,Lajes Pintadas - RN,256.13,25.3,34.55098934550989,RN,24014,Borborema Potiguar,2406809,27.511547344110856,0.0,2010
240690,Lucrécia - RN,388.17,22.099999999999994,72.95004712535344,RN,24007,Umarizal,2406908,23.929747530186606,0.0,2010
240700,Luís Gomes - RN,226.42,26.8,3.8846153846153846,RN,24005,Serra de São Miguel,2407005,29.214285714285715,0.0,2010
240710,Macaíba - RN,358.8,21.0,19.5499152237579,RN,24017,Macaíba,2407104,22.553753374982755,0.0,2010
240720,Macau - RN,448.18,17.799999999999997,70.66416334193852,RN,24008,Macau,2407203,18.935986552178456,0.0,2010
240725,Major Sales - RN,281.96,26.40000000000001,20.83748753738784,RN,24005,Serra de São Miguel,2407252,29.02729719338716,0.0,2010
240730,Marcelino Vieira - RN,277.98,27.90000000000001,31.007104053489343,RN,24006,Pau dos Ferros,2407302,30.22653721682848,0.0,2010
240740,Martins - RN,289.72,18.0,0.2913025384935497,RN,24007,Umarizal,2407401,19.20551017139196,0.0,2010
240750,Maxaranguape - RN,294.29,19.8,5.510597302504817,RN,24016,Litoral Nordeste,2407500,21.80377987770984,0.0,2010
240760,Messias Targino - RN,348.42,30.3,17.517006802721088,RN,24003,Médio Oeste,2407609,32.38654913483513,0.0,2010
240770,Montanhas - RN,244.33,27.3,5.331179321486268,RN,24019,Litoral Sul,2407708,30.23284617290067,0.0,2010
240780,Monte Alegre - RN,277.5,26.90000000000001,23.586061985641745,RN,24015,Agreste Potiguar,2407807,28.922063075785086,0.0,2010
240790,Monte das Gameleiras - RN,255.4,27.8,25.229357798165136,RN,24014,Borborema Potiguar,2407906,30.503335354760463,0.0,2010
240800,Mossoró - RN,590.33,13.0,64.89879370271927,RN,24001,Mossoró,2408003,13.80371646257135,0.0,2010
240810,Natal - RN,921.29,8.0,62.76865855419027,RN,24018,Natal,2408102,8.318385650224215,0.0015901790541614986,2010
240820,Nísia Floresta - RN,329.63,20.700000000000003,21.49239692741809,RN,24017,Macaíba,2408201,22.204594864563134,0.0,2010
240830,Nova Cruz - RN,307.24,29.200000000000003,14.132434089515634,RN,24015,Agreste Potiguar,2408300,31.479184432901775,0.0,2010
240840,Olho d'Água do Borges - RN,285.44,32.7,2.414330218068536,RN,24007,Umarizal,2408409,35.113122171945705,0.0,2010
240850,Ouro Branco - RN,347.55,19.599999999999994,16.846652267818573,RN,24012,Seridó Oriental,2408508,21.05119825708061,0.0,2010
240860,Paraná - RN,213.88,31.8,1.1586452762923352,RN,24006,Pau dos Ferros,2408607,33.514800952705,0.0,2010
240870,Paraú - RN,292.69,26.099999999999994,18.63636363636364,RN,24003,Médio Oeste,2408706,27.940669196274577,0.0,2010
240880,Parazinho - RN,232.63,29.5,44.8559670781893,RN,24013,Baixa Verde,2408805,32.91868932038835,0.0,2010
240890,Parelhas - RN,386.68,15.799999999999995,70.94115707928135,RN,24012,Seridó Oriental,2408904,17.192051265454076,0.0,2010
240895,Rio do Fogo - RN,236.42,24.5,0.8956386292834891,RN,24016,Litoral Nordeste,2408953,26.84008276677505,0.0,2010
240910,Passa e Fica - RN,258.3,30.0,59.5807402554864,RN,24015,Agreste Potiguar,2409100,32.39927841250751,0.0,2010
240920,Passagem - RN,237.92,26.099999999999994,6.168446026097271,RN,24015,Agreste Potiguar,2409209,28.73941674506115,0.0,2010
240930,Patu - RN,326.35,26.099999999999994,21.85612300933553,RN,24007,Umarizal,2409308,27.881619937694705,0.0,2010
240933,Santa Maria - RN,239.8,26.599999999999994,0.9146341463414634,RN,24015,Agreste Potiguar,2409332,28.845586064363744,0.0,2010
240940,Pau dos Ferros - RN,499.06,17.0,57.55727091633466,RN,24006,Pau dos Ferros,2409407,18.061425753733445,0.0,2010
240950,Pedra Grande - RN,206.95,23.3,3.10077519379845,RN,24016,Litoral Nordeste,2409506,24.696847210994342,0.0,2010
240960,Pedra Preta - RN,215.29,22.3,4.078549848942598,RN,24009,Angicos,2409605,23.09344790547798,0.0,2010
240970,Pedro Avelino - RN,286.66,25.8,49.42240080361627,RN,24009,Angicos,2409704,28.146013448607107,0.0,2010
240980,Pedro Velho - RN,257.19,29.3,36.39937106918239,RN,24019,Litoral Sul,2409803,31.532513877874703,0.0,2010
240990,Pendências - RN,389.38,21.40000000000001,61.74792531120332,RN,24004,Vale do Açu,2409902,22.96612694943876,0.0,2010
241000,Pilões - RN,259.43,27.8,21.979166666666668,RN,24006,Pau dos Ferros,2410009,29.586466165413533,0.0,2010
241010,Poço Branco - RN,258.71,27.8,9.467103304554929,RN,24013,Baixa Verde,2410108,29.642024135483215,0.0,2010
241020,Portalegre - RN,295.33,22.099999999999994,1.1267605633802815,RN,24006,Pau dos Ferros,2410207,23.8018018018018,0.0,2010
241025,Porto do Mangue - RN,255.03,26.3,0.2775850104094379,RN,24004,Vale do Açu,2410256,27.660723933009184,0.0,2010
241030,Serra Caiada - RN,240.01,29.90000000000001,27.512998266897743,RN,24015,Agreste Potiguar,2410306,32.07045530076437,0.0,2010
241040,Pureza - RN,193.38,25.700000000000003,1.4411901441190145,RN,24016,Litoral Nordeste,2410405,28.222029488291415,0.0,2010
241050,Rafael Fernandes - RN,309.39,22.8,20.83024462564863,RN,24006,Pau dos Ferros,2410504,24.430059104981705,0.0,2010
241060,Rafael Godeiro - RN,299.2,23.099999999999994,3.5639412997903563,RN,24007,Umarizal,2410603,25.807860262008735,0.0,2010
241070,Riacho da Cruz - RN,230.21,24.40000000000001,59.49506037321625,RN,24006,Pau dos Ferros,2410702,25.847457627118644,0.0,2010
241080,Riacho de Santana - RN,236.56,25.200000000000003,15.26530612244898,RN,24005,Serra de São Miguel,2410801,27.427652733118972,0.0,2010
241090,Riachuelo - RN,259.35,27.8,60.88840736728061,RN,24015,Agreste Potiguar,2410900,30.27504517165228,0.0,2010
241100,Rodolfo Fernandes - RN,260.4,28.0,21.686746987951807,RN,24006,Pau dos Ferros,2411007,30.438756855575868,0.0,2010
241105,Tibau - RN,366.07,21.0,31.65182987141444,RN,24001,Mossoró,2411056,22.61471230881282,0.0,2010
241110,Ruy Barbosa - RN,240.35,28.5,0.7223942208462333,RN,24014,Borborema Potiguar,2411106,30.95963442498096,0.0,2010
241120,Santa Cruz - RN,318.64,22.099999999999994,81.4661692043965,RN,24014,Borborema Potiguar,2411205,24.23298906439854,0.0,2010
241140,Santana do Matos - RN,250.67,26.90000000000001,58.53718804052384,RN,24010,Serra de Santana,2411403,28.976848394324122,0.0,2010
241142,Santana do Seridó - RN,325.16,18.200000000000003,65.56016597510373,RN,24012,Seridó Oriental,2411429,19.540816326530614,0.0,2010
241150,Santo Antônio - RN,318.35,27.90000000000001,21.079893266363207,RN,24015,Agreste Potiguar,2411502,30.397692402111208,0.0,2010
241160,São Bento do Norte - RN,229.9,30.40000000000001,65.99496221662469,RN,24008,Macau,2411601,32.410881801125704,0.0,2010
241170,São Bento do Trairí - RN,208.01,25.40000000000001,70.49659201557935,RN,24014,Borborema Potiguar,2411700,28.193992037640246,0.0,2010
241180,São Fernando - RN,308.77,25.200000000000003,37.387836490528414,RN,24011,Seridó Ocidental,2411809,27.197595792637117,0.0,2010
241190,São Francisco do Oeste - RN,297.59,25.200000000000003,0.5172413793103449,RN,24006,Pau dos Ferros,2411908,26.863666890530556,0.0,2010
241200,São Gonçalo do Amarante - RN,359.96,13.900000000000006,65.63330743118891,RN,24017,Macaíba,2412005,14.740386874461587,0.0,2010
241210,São João do Sabugi - RN,376.57,19.099999999999994,4.295812941816204,RN,24011,Seridó Ocidental,2412104,20.42434633519074,0.0,2010
241220,São José de Mipibu - RN,322.78,22.90000000000001,19.279562922492826,RN,24017,Macaíba,2412203,24.520128200612827,0.0,2010
241230,São José do Campestre - RN,259.62,26.5,43.69382429689765,RN,24014,Borborema Potiguar,2412302,29.131590607000444,0.0,2010
241240,São José do Seridó - RN,404.11,14.799999999999995,66.63974151857835,RN,24012,Seridó Oriental,2412401,16.225165562913908,0.0,2010
241250,São Miguel - RN,281.96,27.200000000000003,3.820116054158608,RN,24005,Serra de São Miguel,2412500,30.165160486132752,0.0,2010
241255,São Miguel do Gostoso - RN,256.37,26.599999999999994,2.9585798816568047,RN,24016,Litoral Nordeste,2412559,29.632679953879098,0.0,2010
241260,São Paulo do Potengi - RN,298.76,23.40000000000001,59.66423680141374,RN,24015,Agreste Potiguar,2412609,25.22078804347826,0.0,2010
241270,São Pedro - RN,284.36,28.200000000000003,2.8438769587928032,RN,24015,Agreste Potiguar,2412708,30.391725352112676,0.0,2010
241280,São Rafael - RN,306.67,29.40000000000001,60.8298755186722,RN,24004,Vale do Açu,2412807,31.551478728451684,0.0,2010
241290,São Tomé - RN,266.0,28.40000000000001,27.33974358974359,RN,24014,Borborema Potiguar,2412906,30.911116613023026,0.0,2010
241300,São Vicente - RN,320.92,21.5,61.01601325234677,RN,24010,Serra de Santana,2413003,23.218884120171673,0.0,2010
241310,Senador Elói de Souza - RN,203.09,28.099999999999994,17.875647668393782,RN,24015,Agreste Potiguar,2413102,31.073025335320416,0.0,2010
241320,Senador Georgino Avelino - RN,224.55,25.599999999999994,1.8234165067178505,RN,24019,Litoral Sul,2413201,27.445146894756416,0.0,2010
241330,Serra de São Bento - RN,242.24,34.599999999999994,11.426767676767676,RN,24014,Borborema Potiguar,2413300,37.005245588936575,0.0,2010
241335,Serra do Mel - RN,280.64,23.200000000000003,1.4342058085335243,RN,24001,Mossoró,2413359,25.146757679180887,0.0,2010
241340,Serra Negra do Norte - RN,288.55,23.599999999999994,74.33751743375174,RN,24011,Seridó Ocidental,2413409,25.756556825823807,0.0,2010
241350,Serrinha - RN,239.32,28.099999999999994,3.5353535353535355,RN,24015,Agreste Potiguar,2413508,31.623931623931625,0.0,2010
241355,Serrinha dos Pintos - RN,249.53,24.700000000000003,0.6559766763848397,RN,24007,Umarizal,2413557,26.268064607537546,0.0,2010
241360,Severiano Melo - RN,285.53,26.200000000000003,9.971014492753625,RN,24006,Pau dos Ferros,2413607,28.236607142857142,0.0,2010
241370,Sítio Novo - RN,213.34,28.700000000000003,13.244569025928522,RN,24014,Borborema Potiguar,2413706,31.221229352829678,0.0,2010
241380,Taboleiro Grande - RN,276.78,21.5,1.1594202898550725,RN,24006,Pau dos Ferros,2413805,23.22995904037449,0.0,2010
241390,Taipu - RN,233.26,32.099999999999994,5.812807881773399,RN,24016,Litoral Nordeste,2413904,34.32835820895522,0.0,2010
241400,Tangará - RN,263.83,24.0,77.31694828469023,RN,24014,Borborema Potiguar,2414001,26.77304964539007,0.0,2010
241410,Tenente Ananias - RN,276.13,24.8,28.76455125797972,RN,24006,Pau dos Ferros,2414100,26.347225909211573,0.0,2010
241415,Tenente Laurentino Cruz - RN,256.17,19.90000000000001,6.229720960415315,RN,24010,Serra de Santana,2414159,21.96286472148541,0.0,2010
241420,Tibau do Sul - RN,466.52,20.3,23.65724930145917,RN,24019,Litoral Sul,2414209,21.4844705306921,0.0,2010
241430,Timbaúba dos Batistas - RN,361.22,21.200000000000003,97.33333333333331,RN,24011,Seridó Ocidental,2414308,23.227917121046893,0.0,2010
241440,Touros - RN,262.51,27.0,19.63337547408344,RN,24016,Litoral Nordeste,2414407,29.707093609735782,0.0,2010
241445,Triunfo Potiguar - RN,276.4,27.599999999999994,1.3086150490730644,RN,24003,Médio Oeste,2414456,29.829663481512256,0.0,2010
241450,Umarizal - RN,304.32,23.700000000000003,4.996796925048046,RN,24007,Umarizal,2414506,25.53979025293029,0.0,2010
241460,Upanema - RN,229.98,26.200000000000003,1.4578833693304536,RN,24003,Médio Oeste,2414605,28.69347780787664,0.0,2010
241470,Várzea - RN,287.25,28.599999999999994,13.51875808538163,RN,24015,Agreste Potiguar,2414704,31.23882503192848,0.0,2010
241475,Venha-Ver - RN,177.88,29.099999999999994,3.7593984962406015,RN,24005,Serra de São Miguel,2414753,32.41941459799926,0.0,2010
241480,Vera Cruz - RN,254.33,29.0,3.5443037974683542,RN,24015,Agreste Potiguar,2414803,31.676136363636363,0.0,2010
241490,Viçosa - RN,245.16,20.0,73.8045738045738,RN,24006,Pau dos Ferros,2414902,22.42225859247136,0.0,2010
241500,Vila Flor - RN,250.26,22.200000000000003,1.7467248908296944,RN,24019,Litoral Sul,2415008,23.99002493765586,0.0,2010
250010,Água Branca - PB,230.14,23.200000000000003,26.4947245017585,PB,25007,Serra do Teixeira,2500106,26.364866897277786,0.0,2010
250020,Aguiar - PB,406.48,34.599999999999994,20.19288728149488,PB,25005,Piancó,2500205,37.6531112199902,0.0,2010
250030,Alagoa Grande - PB,274.85,31.599999999999994,51.6974538192711,PB,25015,Brejo Paraibano,2500304,34.69771478160254,0.0,2010
250040,Alagoa Nova - PB,270.35,25.8,39.5841001104159,PB,25015,Brejo Paraibano,2500403,28.53934161577876,0.0,2010
250050,Alagoinha - PB,278.59,31.8,8.600108518719479,PB,25016,Guarabira,2500502,35.28684725512411,0.0,2010
250053,Alcantil - PB,243.49,27.8,4.536741214057508,PB,25011,Cariri Oriental,2500536,30.601659751037346,0.0,2010
250057,Algodão de Jandaíra - PB,217.19,29.40000000000001,44.725111441307575,PB,25012,Curimataú Ocidental,2500577,32.682060390763766,0.0,2010
250060,Alhandra - PB,229.9,23.90000000000001,9.607335060793302,PB,25023,Litoral Sul,2500601,26.266698284720576,0.0,2010
250070,São João do Rio do Peixe - PB,305.06,25.5,33.07247997018818,PB,25002,Cajazeiras,2500700,27.82781363023899,0.0,2010
250073,Amparo - PB,220.16,19.8,10.37735849056604,PB,25010,Cariri Ocidental,2500734,21.493506493506494,0.0,2010
250077,Aparecida - PB,270.44,27.099999999999994,4.893520616221115,PB,25003,Sousa,2500775,29.29171668667467,0.0,2010
250080,Araçagi - PB,228.6,35.3,12.6898481215028,PB,25016,Guarabira,2500809,38.59869609614327,0.0,2010
250090,Arara - PB,273.09,35.2,52.00715929429813,PB,25012,Curimataú Ocidental,2500908,38.51773425092642,0.0,2010
250100,Araruna - PB,235.34,36.0,43.85292991191115,PB,25013,Curimataú Oriental,2501005,39.540874308659745,0.0,2010
250110,Areia - PB,318.63,27.099999999999994,43.104806934594166,PB,25015,Brejo Paraibano,2501104,29.959398410247612,0.0,2010
250115,Areia de Baraúnas - PB,270.54,29.700000000000003,43.44262295081968,PB,25004,Patos,2501153,32.559774964838255,0.0,2010
250120,Areial - PB,280.78,24.099999999999994,59.45668887749872,PB,25014,Esperança,2501203,26.650010410160316,0.0,2010
250130,Aroeiras - PB,221.88,32.400000000000006,24.921601180593985,PB,25019,Umbuzeiro,2501302,35.73222993941185,0.0,2010
250135,Assunção - PB,330.8,23.700000000000003,48.75239923224568,PB,25010,Cariri Ocidental,2501351,26.255886970172686,0.0,2010
250140,Baía da Traição - PB,229.06,22.700000000000003,12.261450381679388,PB,25020,Litoral Norte,2501401,25.182348650619986,0.01823486506199854,2010
250150,Bananeiras - PB,232.82,31.8,26.897133220910625,PB,25015,Brejo Paraibano,2501500,35.42563972637446,0.0,2010
250153,Baraúna - PB,196.66,25.599999999999994,41.07692307692308,PB,25009,Seridó Oriental Paraibano,2501534,28.293946260925868,0.0,2010
250157,Barra de Santana - PB,210.98,27.599999999999994,5.163155720776539,PB,25011,Cariri Oriental,2501575,30.800855122512743,0.0,2010
250160,Barra de Santa Rosa - PB,231.72,33.8,54.71247912192794,PB,25012,Curimataú Ocidental,2501609,37.20524017467249,0.0,2010
250170,Barra de São Miguel - PB,299.29,21.5,12.186160440906308,PB,25011,Cariri Oriental,2501708,23.606792633341307,0.0,2010
250180,Bayeux - PB,365.92,14.299999999999995,46.13016395790076,PB,25022,João Pessoa,2501807,15.490066314609473,0.0,2010
250190,Belém - PB,251.94,31.200000000000003,82.71844660194175,PB,25016,Guarabira,2501906,34.07834280819251,0.0,2010
250200,Belém do Brejo do Cruz - PB,237.04,35.0,56.51068158697864,PB,25001,Catolé do Rocha,2502003,38.153961136023916,0.0,2010
250205,Bernardino Batista - PB,209.01,27.200000000000003,1.0012515644555695,PB,25002,Cajazeiras,2502052,30.831739961759084,0.0,2010
250210,Boa Ventura - PB,268.47,27.3,10.723860589812332,PB,25006,Itaporanga,2502102,29.3308463511308,0.0,2010
250215,Boa Vista - PB,313.37,14.700000000000005,14.624277456647398,PB,25017,Campina Grande,2502151,16.010219288907813,0.0,2010
250220,Bom Jesus - PB,299.91,22.40000000000001,0.8583690987124464,PB,25002,Cajazeiras,2502201,25.156516789982927,0.0,2010
250230,Bom Sucesso - PB,256.69,28.40000000000001,20.753469927296763,PB,25001,Catolé do Rocha,2502300,30.943202261629402,0.0,2010
250240,Bonito de Santa Fé - PB,263.02,27.200000000000003,46.376294180649765,PB,25002,Cajazeiras,2502409,29.258152526958554,0.0,2010
250250,Boqueirão - PB,315.57,22.0,52.4417885843808,PB,25011,Cariri Oriental,2502508,24.0792746529728,0.0,2010
250260,Igaracy - PB,283.04,29.099999999999994,33.23699421965318,PB,25005,Piancó,2502607,32.18950630949745,0.0,2010
250270,Borborema - PB,230.34,29.200000000000003,63.9426523297491,PB,25015,Brejo Paraibano,2502706,32.556203164029974,0.0,2010
250280,Brejo do Cruz - PB,284.09,29.0,66.10636538991457,PB,25001,Catolé do Rocha,2502805,31.580559526240556,0.0,2010
250290,Brejo dos Santos - PB,263.97,25.8,9.200438116100766,PB,25001,Catolé do Rocha,2502904,28.369704749679077,0.0,2010
250300,Caaporã - PB,256.49,21.90000000000001,16.03894910894727,PB,25023,Litoral Sul,2503001,23.857365218621762,0.0,2010
250310,Cabaceiras - PB,282.07,16.400000000000006,28.249336870026525,PB,25011,Cariri Oriental,2503100,18.044515103338632,0.0,2010
250320,Cabedelo - PB,958.75,10.0,52.09818819403857,PB,25022,João Pessoa,2503209,10.701698173662288,0.0,2010
250330,Cachoeira dos Índios - PB,297.16,25.200000000000003,25.4909510974201,PB,25002,Cajazeiras,2503308,27.331551554367703,0.0,2010
250340,Cacimba de Areia - PB,246.25,24.700000000000003,41.90106692531523,PB,25004,Patos,2503407,26.834692364714602,0.0,2010
250350,Cacimba de Dentro - PB,244.61,34.599999999999994,13.428943937418511,PB,25013,Curimataú Oriental,2503506,38.84084483618826,0.0,2010
250355,Cacimbas - PB,179.42,32.099999999999994,32.13495575221239,PB,25007,Serra do Teixeira,2503555,36.113678373382626,0.0,2010
250360,Caiçara - PB,292.83,31.3,52.90476190476191,PB,25016,Guarabira,2503605,34.16091095762554,0.0,2010
250370,Cajazeiras - PB,507.21,17.900000000000006,56.43266392731061,PB,25002,Cajazeiras,2503704,19.454237136864652,0.0,2010
250375,Cajazeirinhas - PB,200.47,31.40000000000001,30.58252427184466,PB,25003,Sousa,2503753,34.81012658227848,0.0,2010
250380,Caldas Brandão - PB,260.64,33.0,5.813270698766882,PB,25018,Itabaiana,2503803,35.883337317714556,0.0,2010
250390,Camalaú - PB,240.77,26.700000000000003,18.47065158858374,PB,25010,Cariri Ocidental,2503902,29.728442115292996,0.0,2010
250400,Campina Grande - PB,616.19,10.900000000000006,84.82458963630512,PB,25017,Campina Grande,2504009,11.675042218227379,0.0,2010
250403,Capim - PB,189.95,36.3,5.749486652977413,PB,25020,Litoral Norte,2504033,39.84764906750723,0.0,2010
250407,Caraúbas - PB,295.01,17.5,38.87489504617968,PB,25011,Cariri Oriental,2504074,19.085555940422584,0.0,2010
250410,Carrapateira - PB,208.79,24.700000000000003,17.11864406779661,PB,25002,Cajazeiras,2504108,28.07939287799183,0.0,2010
250415,Casserengue - PB,167.52,36.6,31.741140215716488,PB,25013,Curimataú Oriental,2504157,41.06289808917197,0.0,2010
250420,Catingueira - PB,248.33,32.5,17.368018362662585,PB,25005,Piancó,2504207,35.76725613234455,0.0,2010
250430,Catolé do Rocha - PB,367.92,21.3,38.21563145739638,PB,25001,Catolé do Rocha,2504306,23.14482005550753,0.0,2010
250435,Caturité - PB,368.02,20.200000000000003,20.91798344620015,PB,25011,Cariri Oriental,2504355,22.442839951865224,0.0,2010
250440,Conceição - PB,281.14,30.700000000000003,23.90453834115806,PB,25006,Itaporanga,2504405,32.72276143910093,0.0,2010
250450,Condado - PB,281.81,27.599999999999994,37.81068217874141,PB,25003,Sousa,2504504,29.60725075528701,0.0,2010
250460,Conde - PB,307.92,21.200000000000003,17.211555094274345,PB,25022,João Pessoa,2504603,23.1738870828634,0.0,2010
250470,Congo - PB,257.44,26.40000000000001,46.68470906630582,PB,25010,Cariri Ocidental,2504702,28.542626728110598,0.0,2010
250480,Coremas - PB,284.56,30.599999999999994,53.642840726269824,PB,25005,Piancó,2504801,33.40823296782312,0.0,2010
250485,Coxixola - PB,303.88,19.40000000000001,32.993197278911566,PB,25010,Cariri Ocidental,2504850,21.207865168539325,0.0,2010
250490,Cruz do Espírito Santo - PB,215.09,30.099999999999994,22.30421328255177,PB,25021,Sapé,2504900,33.04863168903608,0.0,2010
250500,Cubati - PB,232.17,25.3,22.05229403058708,PB,25009,Seridó Oriental Paraibano,2505006,27.74858528698464,0.0,2010
250510,Cuité - PB,282.63,28.90000000000001,15.556312830124382,PB,25012,Curimataú Ocidental,2505105,31.719965427830598,0.0,2010
250520,Cuitegi - PB,264.97,30.8,4.7418335089567965,PB,25016,Guarabira,2505204,34.35532994923858,0.0,2010
250523,Cuité de Mamanguape - PB,213.31,37.9,2.197802197802198,PB,25020,Litoral Norte,2505238,41.210762331838566,0.0,2010
250527,Curral de Cima - PB,211.27,36.6,3.344709897610921,PB,25020,Litoral Norte,2505279,40.49919484702093,0.0,2010
250530,Curral Velho - PB,361.33,32.3,32.71604938271605,PB,25006,Itaporanga,2505303,34.91803278688525,0.0,2010
250535,Damião - PB,180.03,35.5,1.5261627906976745,PB,25012,Curimataú Ocidental,2505352,39.655675517945724,0.0,2010
250540,Desterro - PB,243.75,22.599999999999994,37.932525951557096,PB,25007,Serra do Teixeira,2505402,25.487440716669596,0.0,2010
250550,Vista Serrana - PB,250.96,23.40000000000001,37.00873362445415,PB,25003,Sousa,2505501,25.548287803001156,0.0,2010
250560,Diamante - PB,257.39,27.90000000000001,24.37641723356009,PB,25006,Itaporanga,2505600,30.301167793484943,0.0,2010
250570,Dona Inês - PB,205.71,34.3,19.485791610284167,PB,25013,Curimataú Oriental,2505709,39.321896528434415,0.0,2010
250580,Duas Estradas - PB,259.21,27.5,26.16387337057728,PB,25016,Guarabira,2505808,30.578512396694215,0.0,2010
250590,Emas - PB,248.28,27.40000000000001,57.75335775335776,PB,25005,Piancó,2505907,30.427350427350426,0.0,2010
250600,Esperança - PB,316.48,23.599999999999994,64.7795976695614,PB,25014,Esperança,2506004,26.039521535293343,0.0,2010
250610,Fagundes - PB,232.46,29.200000000000003,11.23768472906404,PB,25017,Campina Grande,2506103,32.23644119439366,0.0,2010
250620,Frei Martinho - PB,399.9,27.3,63.22916666666666,PB,25009,Seridó Oriental Paraibano,2506202,29.95633187772926,0.0,2010
250625,Gado Bravo - PB,166.5,29.8,1.8393898609241808,PB,25019,Umbuzeiro,2506251,32.8335832083958,0.0,2010
250630,Guarabira - PB,418.2,18.599999999999994,69.60989416687177,PB,25016,Guarabira,2506301,20.24567788898999,0.0,2010
250640,Gurinhém - PB,229.71,34.599999999999994,7.338501291989664,PB,25018,Itabaiana,2506400,37.77624309392265,0.0,2010
250650,Gurjão - PB,283.26,19.40000000000001,43.09978768577495,PB,25011,Cariri Oriental,2506509,21.0153974198918,0.0,2010
250660,Ibiara - PB,239.01,34.900000000000006,5.788876276958002,PB,25006,Itaporanga,2506608,37.97718297498903,0.0,2010
250670,Imaculada - PB,206.73,27.599999999999994,25.63661390227116,PB,25007,Serra do Teixeira,2506707,30.750032838565613,0.0,2010
250680,Ingá - PB,278.15,33.599999999999994,5.2007648183556405,PB,25018,Itabaiana,2506806,36.415265788278056,0.0,2010
250690,Itabaiana - PB,316.72,25.5,35.7133288680509,PB,25018,Itabaiana,2506905,27.455824695203823,0.0,2010
250700,Itaporanga - PB,345.69,21.099999999999994,67.8549190535492,PB,25006,Itaporanga,2507002,22.8446261682243,0.0,2010
250710,Itapororoca - PB,229.53,30.8,10.811939052389896,PB,25020,Litoral Norte,2507101,33.61846352485475,0.0,2010
250720,Itatuba - PB,240.02,34.900000000000006,19.43562610229277,PB,25018,Itabaiana,2507200,38.07277628032345,0.0,2010
250730,Jacaraú - PB,243.93,29.8,8.680641183723798,PB,25020,Litoral Norte,2507309,32.92550567340898,0.0,2010
250740,Jericó - PB,287.84,26.3,42.24015187470337,PB,25001,Catolé do Rocha,2507408,28.8012729844413,0.0,2010
250750,João Pessoa - PB,934.74,7.599999999999994,71.75835615410587,PB,25022,João Pessoa,2507507,8.110991392699859,0.0,2010
250760,Juarez Távora - PB,226.82,32.5,10.745313214449016,PB,25018,Itabaiana,2507606,35.8501015322134,0.0,2010
250770,Juazeirinho - PB,250.78,23.700000000000003,60.29904039276947,PB,25009,Seridó Oriental Paraibano,2507705,26.01425903921236,0.0,2010
250780,Junco do Seridó - PB,277.47,20.200000000000003,64.96042216358839,PB,25008,Seridó Ocidental Paraibano,2507804,21.709577754891864,0.0,2010
250790,Juripiranga - PB,229.19,31.5,7.231404958677686,PB,25021,Sapé,2507903,34.33977455716586,0.0,2010
250800,Juru - PB,244.02,30.0,24.78821362799264,PB,25007,Serra do Teixeira,2508000,33.40760339785545,0.0,2010
250810,Lagoa - PB,219.92,31.3,17.9467680608365,PB,25001,Catolé do Rocha,2508109,33.840947546531304,0.0,2010
250820,Lagoa de Dentro - PB,225.06,28.5,20.74688796680498,PB,25016,Guarabira,2508208,31.90070396443127,0.0,2010
250830,Lagoa Seca - PB,374.11,19.5,52.66016713091922,PB,25017,Campina Grande,2508307,21.255860506769213,0.0,2010
250840,Lastro - PB,212.38,28.5,12.413793103448276,PB,25003,Sousa,2508406,31.091662828189776,0.0,2010
250850,Livramento - PB,204.75,20.700000000000003,36.80861478218306,PB,25010,Cariri Ocidental,2508505,23.134182174338882,0.0,2010
250855,Logradouro - PB,232.48,31.099999999999994,36.77536231884058,PB,25016,Guarabira,2508554,34.111989007214014,0.0,2010
250860,Lucena - PB,284.12,23.3,29.07801418439716,PB,25022,João Pessoa,2508604,25.324754158067257,0.0,2010
250870,Mãe d'Água - PB,200.34,28.0,42.31096006796941,PB,25004,Patos,2508703,30.19768234492161,0.0,2010
250880,Malta - PB,375.03,25.700000000000003,76.89024390243902,PB,25003,Sousa,2508802,27.974897417330435,0.0,2010
250890,Mamanguape - PB,295.25,25.90000000000001,8.590708538800934,PB,25020,Litoral Norte,2508901,27.904144310214292,0.0,2010
250900,Manaíra - PB,221.8,32.8,14.305223625810855,PB,25007,Serra do Teixeira,2509008,35.01114169615939,0.0,2010
250905,Marcação - PB,206.02,31.099999999999994,22.352941176470587,PB,25020,Litoral Norte,2509057,33.326897084379226,0.0,2010
250910,Mari - PB,241.08,32.099999999999994,1.7715912685858906,PB,25021,Sapé,2509107,35.54327808471455,0.0,2010
250915,Marizópolis - PB,289.61,24.700000000000003,16.76168757126568,PB,25003,Sousa,2509156,27.067014795474325,0.0,2010
250920,Massaranduba - PB,243.34,27.599999999999994,30.85896076352068,PB,25017,Campina Grande,2509206,30.752871118672907,0.0,2010
250930,Mataraca - PB,210.63,24.0,3.987730061349693,PB,25020,Litoral Norte,2509305,27.144838517931444,0.0,2010
250933,Matinhas - PB,216.92,28.3,12.411971830985916,PB,25015,Brejo Paraibano,2509339,31.606386445096124,0.0,2010
250937,Mato Grosso - PB,252.04,37.4,55.49374130737135,PB,25001,Catolé do Rocha,2509370,41.521631029338636,0.0,2010
250939,Maturéia - PB,224.2,25.099999999999994,21.68458781362008,PB,25007,Serra do Teixeira,2509396,28.133903133903132,0.0,2010
250940,Mogeiro - PB,224.33,29.200000000000003,6.220624827204866,PB,25018,Itabaiana,2509404,32.27988467509426,0.0,2010
250950,Montadas - PB,235.78,22.8,37.71626297577855,PB,25014,Esperança,2509503,25.275027502750277,0.0,2010
250960,Monte Horebe - PB,290.36,27.0,53.251721499617446,PB,25002,Cajazeiras,2509602,29.45830797321972,0.0,2010
250970,Monteiro - PB,385.59,24.90000000000001,57.704918032786885,PB,25010,Cariri Ocidental,2509701,27.37545827043347,0.0,2010
250980,Mulungu - PB,237.89,32.7,6.445739257101238,PB,25016,Guarabira,2509800,35.23877405559515,0.0,2010
250990,Natuba - PB,196.49,35.099999999999994,16.918216918216917,PB,25019,Umbuzeiro,2509909,38.67093674939952,0.0,2010
251000,Nazarezinho - PB,211.3,28.8,19.0521327014218,PB,25003,Sousa,2510006,31.5035799522673,0.0,2010
251010,Nova Floresta - PB,284.05,25.90000000000001,2.211690363349131,PB,25012,Curimataú Ocidental,2510105,28.623141564318036,0.0,2010
251020,Nova Olinda - PB,253.41,28.8,26.67064439140812,PB,25005,Piancó,2510204,31.74931129476584,0.0,2010
251030,Nova Palmeira - PB,269.15,22.200000000000003,62.51908396946565,PB,25009,Seridó Oriental Paraibano,2510303,24.658780709736124,0.0,2010
251040,Olho d'Água - PB,216.6,30.200000000000003,43.21851453175457,PB,25005,Piancó,2510402,33.57621110673494,0.0,2010
251050,Olivedos - PB,210.85,17.5,43.05949008498584,PB,25012,Curimataú Ocidental,2510501,19.37019406810692,0.0,2010
251060,Ouro Velho - PB,296.63,20.90000000000001,2.4442082890541976,PB,25010,Cariri Ocidental,2510600,22.912014292094685,0.0,2010
251065,Parari - PB,296.04,19.099999999999994,55.97014925373134,PB,25010,Cariri Ocidental,2510659,20.84656084656085,0.0,2010
251070,Passagem - PB,266.63,26.90000000000001,57.29166666666666,PB,25004,Patos,2510709,29.234478601567208,0.0,2010
251080,Patos - PB,501.53,17.099999999999994,86.29671966469223,PB,25004,Patos,2510808,18.456060465670376,0.0,2010
251090,Paulista - PB,306.47,29.40000000000001,35.94414086217365,PB,25003,Sousa,2510907,32.20263828843809,0.0,2010
251100,Pedra Branca - PB,214.67,22.90000000000001,68.54838709677419,PB,25006,Itaporanga,2511004,25.553914327917283,0.0,2010
251110,Pedra Lavrada - PB,266.7,25.40000000000001,41.179097811523,PB,25009,Seridó Oriental Paraibano,2511103,27.758898229297085,0.0,2010
251120,Pedras de Fogo - PB,268.38,27.700000000000003,27.01787648970748,PB,25023,Litoral Sul,2511202,30.272699417832705,0.0,2010
251130,Piancó - PB,312.13,27.0,48.98180242634315,PB,25005,Piancó,2511301,29.261892669713898,0.0,2010
251140,Picuí - PB,314.4,22.099999999999994,62.36203090507726,PB,25009,Seridó Oriental Paraibano,2511400,24.657329039023296,0.0,2010
251150,Pilar - PB,224.85,28.90000000000001,16.309823677581864,PB,25021,Sapé,2511509,31.637793340705247,0.0,2010
251160,Pilões - PB,256.53,33.0,11.013986013986012,PB,25015,Brejo Paraibano,2511608,36.17064707083078,0.0,2010
251170,Pilõezinhos - PB,216.65,29.700000000000003,40.14035087719298,PB,25016,Guarabira,2511707,33.22641005078856,0.0,2010
251180,Pirpirituba - PB,260.51,27.40000000000001,49.795918367346935,PB,25016,Guarabira,2511806,29.90002630886609,0.0,2010
251190,Pitimbu - PB,222.76,25.40000000000001,16.872340425531913,PB,25023,Litoral Sul,2511905,27.591528766183657,0.0,2010
251200,Pocinhos - PB,250.94,22.700000000000003,39.61908748430306,PB,25012,Curimataú Ocidental,2512002,25.153474666448393,0.0,2010
251203,Poço Dantas - PB,184.75,33.7,13.82441977800202,PB,25002,Cajazeiras,2512036,36.455981941309254,0.0,2010
251207,Poço de José de Moura - PB,288.94,24.599999999999994,36.310025273799496,PB,25002,Cajazeiras,2512077,27.032385988103105,0.0,2010
251210,Pombal - PB,380.11,24.0,61.99611985341669,PB,25003,Sousa,2512101,26.079948420373952,0.0,2010
251220,Prata - PB,270.21,21.599999999999994,1.3077593722755012,PB,25010,Cariri Ocidental,2512200,23.488773747841105,0.0,2010
251230,Princesa Isabel - PB,330.1,23.0,58.892952127659576,PB,25007,Serra do Teixeira,2512309,25.333504361210878,0.0,2010
251240,Puxinanã - PB,275.02,19.599999999999994,76.05442176870748,PB,25017,Campina Grande,2512408,21.59429544487016,0.0,2010
251250,Queimadas - PB,284.91,20.5,47.74129021503584,PB,25017,Campina Grande,2512507,22.55669141886717,0.0,2010
251260,Quixaba - PB,264.84,23.599999999999994,37.674418604651166,PB,25004,Patos,2512606,26.24398073836276,0.0,2010
251270,Remígio - PB,314.93,28.0,54.96900619876025,PB,25012,Curimataú Ocidental,2512705,30.695462342117573,0.0,2010
251272,Pedro Régis - PB,209.49,38.7,1.4501160092807424,PB,25020,Litoral Norte,2512721,42.86411319834106,0.0,2010
251274,Riachão - PB,188.44,27.599999999999994,26.12903225806452,PB,25013,Curimataú Oriental,2512747,31.479897348160822,0.0,2010
251275,Riachão do Bacamarte - PB,258.12,33.3,19.546520719311964,PB,25018,Itabaiana,2512754,35.80603725112395,0.0,2010
251276,Riachão do Poço - PB,224.45,30.599999999999994,18.803418803418804,PB,25021,Sapé,2512762,33.63124793114863,0.0,2010
251278,Riacho de Santo Antônio - PB,268.84,21.5,38.05496828752643,PB,25011,Cariri Oriental,2512788,24.635332252836303,0.0,2010
251280,Riacho dos Cavalos - PB,238.52,29.90000000000001,50.69662921348315,PB,25001,Catolé do Rocha,2512804,32.63678417610464,0.0,2010
251290,Rio Tinto - PB,257.72,25.0,27.456603773584902,PB,25020,Litoral Norte,2512903,26.5942618190266,0.0,2010
251300,Salgadinho - PB,215.33,29.8,16.50992685475444,PB,25008,Seridó Ocidental Paraibano,2513000,33.0226904376013,0.0,2010
251310,Salgado de São Félix - PB,213.73,34.099999999999994,3.227633069082673,PB,25018,Itabaiana,2513109,36.867551158084105,0.0,2010
251315,Santa Cecília - PB,195.19,31.40000000000001,5.420353982300885,PB,25019,Umbuzeiro,2513158,35.607035607035606,0.0,2010
251320,Santa Cruz - PB,288.27,26.099999999999994,27.56071805702217,PB,25003,Sousa,2513208,28.1825303564434,0.0,2010
251330,Santa Helena - PB,272.83,23.700000000000003,25.0,PB,25002,Cajazeiras,2513307,26.10597958191541,0.0,2010
251335,Santa Inês - PB,204.33,29.200000000000003,4.8806941431670285,PB,25006,Itaporanga,2513356,32.15258855585831,0.0,2010
251340,Santa Luzia - PB,371.45,18.5,86.12451183092121,PB,25008,Seridó Ocidental Paraibano,2513406,20.0214611463829,0.0,2010
251350,Santana de Mangueira - PB,164.07,33.3,5.319148936170213,PB,25006,Itaporanga,2513505,36.28593628593629,0.0,2010
251360,Santana dos Garrotes - PB,271.25,32.3,13.62955566650025,PB,25005,Piancó,2513604,35.16864175022789,0.0,2010
251365,Joca Claudino - PB,248.63,33.2,0.6666666666666666,PB,25002,Cajazeiras,2513653,35.85095669687815,0.0,2010
251370,Santa Rita - PB,316.84,19.0,21.722411017707028,PB,25022,João Pessoa,2513703,20.60521510315651,0.0022684224256240997,2010
251380,Santa Teresinha - PB,304.16,24.099999999999994,91.61392405063292,PB,25004,Patos,2513802,27.144120247568523,0.0,2010
251385,Santo André - PB,271.99,25.099999999999994,9.445843828715365,PB,25011,Cariri Oriental,2513851,27.145612343297977,0.0,2010
251390,São Bento - PB,324.59,31.0,58.62436367941281,PB,25001,Catolé do Rocha,2513901,33.585681778400144,0.0,2010
251392,São Bentinho - PB,284.97,29.8,38.28190158465388,PB,25003,Sousa,2513927,32.798459563543005,0.0,2010
251394,São Domingos do Cariri - PB,335.43,21.700000000000003,34.72803347280335,PB,25011,Cariri Oriental,2513943,23.81212452211906,0.0,2010
251396,São Domingos - PB,253.25,35.599999999999994,26.545454545454547,PB,25003,Sousa,2513968,38.55203619909502,0.0,2010
251398,São Francisco - PB,257.68,29.3,13.54581673306773,PB,25003,Sousa,2513984,31.45982648057337,0.0,2010
251400,São João do Cariri - PB,370.52,17.400000000000006,57.75075987841945,PB,25011,Cariri Oriental,2514008,18.72939766257117,0.0,2010
251410,São João do Tigre - PB,206.63,32.2,27.68166089965398,PB,25010,Cariri Ocidental,2514107,35.78069894196858,0.0,2010
251420,São José da Lagoa Tapada - PB,216.24,39.1,19.990995047276,PB,25003,Sousa,2514206,42.34819234819235,0.0,2010
251430,São José de Caiana - PB,237.04,29.599999999999994,0.684931506849315,PB,25006,Itaporanga,2514305,32.18720152817574,0.0,2010
251440,São José de Espinharas - PB,233.71,29.5,33.20493066255778,PB,25004,Patos,2514404,32.00112580917534,0.0,2010
251445,São José dos Ramos - PB,208.99,34.7,5.163398692810458,PB,25021,Sapé,2514453,38.3582467696985,0.0,2010
251450,São José de Piranhas - PB,318.76,22.700000000000003,50.493574222387785,PB,25002,Cajazeiras,2514503,25.029889584358955,0.0,2010
251455,São José de Princesa - PB,221.08,27.90000000000001,0.9107468123861566,PB,25007,Serra do Teixeira,2514552,31.09597924773022,0.0,2010
251460,São José do Bonfim - PB,238.79,24.3,74.57434733257662,PB,25004,Patos,2514602,26.576955424726663,0.0,2010
251465,São José do Brejo do Cruz - PB,221.94,25.0,13.507109004739336,PB,25001,Catolé do Rocha,2514651,27.918367346938776,0.0,2010
251470,São José do Sabugi - PB,300.72,25.0,83.33333333333333,PB,25008,Seridó Ocidental Paraibano,2514701,27.22222222222222,0.0,2010
251480,São José dos Cordeiros - PB,230.32,20.599999999999994,52.34685759745425,PB,25010,Cariri Ocidental,2514800,22.640868974881194,0.0,2010
251490,São Mamede - PB,367.3,22.700000000000003,74.38192668371697,PB,25008,Seridó Ocidental Paraibano,2514909,24.74662162162162,0.0,2010
251500,São Miguel de Taipu - PB,195.93,37.5,33.67174280879865,PB,25021,Sapé,2515005,40.91968637423183,0.0,2010
251510,São Sebastião de Lagoa de Roça - PB,259.18,23.599999999999994,31.744,PB,25014,Esperança,2515104,26.017262638717632,0.0,2010
251520,São Sebastião do Umbuzeiro - PB,261.83,22.8,33.71647509578544,PB,25010,Cariri Ocidental,2515203,25.12541806020067,0.0,2010
251530,Sapé - PB,255.96,28.3,28.299465240641712,PB,25021,Sapé,2515302,30.80314875429437,0.0,2010
251540,São Vicente do Seridó - PB,212.63,20.200000000000003,2.593440122044241,PB,25009,Seridó Oriental Paraibano,2515401,22.86470670196461,0.0,2010
251550,Serra Branca - PB,326.9,18.200000000000003,24.64616886285993,PB,25010,Cariri Ocidental,2515500,19.85338421369753,0.0,2010
251560,Serra da Raiz - PB,277.37,28.3,9.709821428571429,PB,25016,Guarabira,2515609,31.810418445772843,0.0,2010
251570,Serra Grande - PB,233.06,28.5,34.14634146341464,PB,25006,Itaporanga,2515708,30.81474738279472,0.0,2010
251580,Serra Redonda - PB,265.71,28.90000000000001,31.46374829001368,PB,25017,Campina Grande,2515807,31.89950513894176,0.0,2010
251590,Serraria - PB,218.9,37.0,27.816901408450704,PB,25015,Brejo Paraibano,2515906,41.20307553143374,0.0,2010
251593,Sertãozinho - PB,245.71,25.599999999999994,55.797665369649806,PB,25016,Guarabira,2515930,28.43470206853967,0.0,2010
251597,Sobrado - PB,207.86,30.099999999999994,1.2801575578532742,PB,25021,Sapé,2515971,33.30290304911448,0.0,2010
251600,Solânea - PB,308.93,28.5,21.050573514077165,PB,25013,Curimataú Oriental,2516003,31.2139613206103,0.0,2010
251610,Soledade - PB,325.74,18.5,56.816450875856816,PB,25012,Curimataú Ocidental,2516102,20.08330853912526,0.0,2010
251615,Sossêgo - PB,218.02,28.3,27.63873775843308,PB,25012,Curimataú Ocidental,2516151,31.339285714285715,0.0,2010
251620,Sousa - PB,435.22,20.700000000000003,67.34606765553303,PB,25003,Sousa,2516201,22.534986324888703,0.0,2010
251630,Sumé - PB,336.03,23.700000000000003,24.43566591422121,PB,25010,Cariri Ocidental,2516300,25.492253066494513,0.0,2010
251640,Tacima - PB,190.7,27.90000000000001,12.219644238205722,PB,25013,Curimataú Oriental,2516409,30.756345831722715,0.0,2010
251650,Taperoá - PB,264.55,25.599999999999994,59.07699552625383,PB,25010,Cariri Ocidental,2516508,28.216601223632544,0.0,2010
251660,Tavares - PB,256.71,28.099999999999994,27.028451001053742,PB,25007,Serra do Teixeira,2516607,30.95050285939657,0.0,2010
251670,Teixeira - PB,265.43,21.90000000000001,33.30002498126405,PB,25007,Serra do Teixeira,2516706,23.967434471803017,0.0,2010
251675,Tenório - PB,268.87,27.40000000000001,2.490170380078637,PB,25009,Seridó Oriental Paraibano,2516755,29.093567251461987,0.0,2010
251680,Triunfo - PB,290.16,26.099999999999994,23.88410336726703,PB,25002,Cajazeiras,2516805,28.542274052478135,0.0,2010
251690,Uiraúna - PB,352.96,24.8,57.38476011288805,PB,25002,Cajazeiras,2516904,26.728274391327528,0.0,2010
251700,Umbuzeiro - PB,231.02,31.599999999999994,31.55878973573344,PB,25019,Umbuzeiro,2517001,35.17017828200972,0.0,2010
251710,Várzea - PB,375.21,12.299999999999995,68.46733668341709,PB,25008,Seridó Ocidental Paraibano,2517100,13.295687885010267,0.0,2010
251720,Vieirópolis - PB,225.95,34.900000000000006,1.765536723163842,PB,25003,Sousa,2517209,37.933673469387756,0.0,2010
251740,Zabelê - PB,270.47,20.90000000000001,53.3532041728763,PB,25010,Cariri Ocidental,2517407,22.98624754420432,0.0,2010
260005,Abreu e Lima - PE,376.6,9.5,44.55185158859905,PE,26017,Recife,2600054,10.148229443062945,0.0,2010
260010,Afogados da Ingazeira - PE,378.66,21.0,72.9404192717911,PE,26003,Pajeú,2600104,23.116392114501757,0.0,2010
260020,Afrânio - PE,228.6,22.700000000000003,25.53911205073996,PE,26005,Petrolina,2600203,25.77602193017818,0.0,2010
260030,Agrestina - PE,279.24,29.40000000000001,68.30155726968418,PE,26012,Brejo Pernambucano,2600302,32.35169875082976,0.0,2010
260040,Água Preta - PE,189.69,28.099999999999994,43.26002587322122,PE,26015,Mata Meridional Pernambucana,2600401,30.655766069729214,0.0,2010
260050,Águas Belas - PE,234.76,37.5,31.3574995376364,PE,26007,Vale do Ipanema,2600500,40.25349008082292,0.0,2010
260060,Alagoinha - PE,271.86,24.8,49.549549549549546,PE,26008,Vale do Ipojuca,2600609,26.62298987492555,0.0,2010
260070,Aliança - PE,257.08,25.200000000000003,56.0586920610242,PE,26013,Mata Setentrional Pernambucana,2600708,27.21683440073193,0.0,2010
260080,Altinho - PE,252.59,31.5,54.780141843971634,PE,26012,Brejo Pernambucano,2600807,34.63347823497886,0.0,2010
260090,Amaraji - PE,282.42,28.3,51.87044534412956,PE,26015,Mata Meridional Pernambucana,2600906,30.91827599437268,0.0,2010
260100,Angelim - PE,246.69,30.5,55.50366911274183,PE,26011,Garanhuns,2601003,33.40211858577521,0.0,2010
260105,Araçoiaba - PE,230.93,21.8,9.57910014513788,PE,26016,Itamaracá,2601052,24.036597658370162,0.0,2010
260110,Araripina - PE,314.53,23.099999999999994,47.99844728031442,PE,26001,Araripina,2601102,25.33887105909005,0.0,2010
260120,Arcoverde - PE,446.09,16.200000000000003,87.6923076923077,PE,26004,Sertão do Moxotó,2601201,17.572478236562574,0.0,2010
260130,Barra de Guabiraba - PE,251.53,31.5,74.38115120787354,PE,26012,Brejo Pernambucano,2601300,34.83842408145197,0.0,2010
260140,Barreiros - PE,238.12,22.200000000000003,45.42145593869732,PE,26015,Mata Meridional Pernambucana,2601409,23.556909865300046,0.0,2010
260150,Belém de Maria - PE,224.73,28.8,44.067237969677,PE,26015,Mata Meridional Pernambucana,2601508,32.48853795211411,0.0,2010
260160,Belém do São Francisco - PE,347.18,19.90000000000001,43.59689304919339,PE,26006,Itaparica,2601607,21.70798108611549,0.0,2010
260170,Belo Jardim - PE,366.02,22.8,72.2557678442682,PE,26008,Vale do Ipojuca,2601706,24.8181325154751,0.0,2010
260180,Betânia - PE,219.53,30.5,34.50151057401813,PE,26004,Sertão do Moxotó,2601805,33.21974148061105,0.0,2010
260190,Bezerros - PE,343.39,25.700000000000003,74.14186456496941,PE,26008,Vale do Ipojuca,2601904,28.117550074638505,0.0,2010
260200,Bodocó - PE,232.17,27.099999999999994,26.56793447772916,PE,26001,Araripina,2602001,29.90642545227698,0.0,2010
260210,Bom Conselho - PE,299.93,31.200000000000003,56.86615542730651,PE,26011,Garanhuns,2602100,34.155150753768844,0.0,2010
260220,Bom Jardim - PE,240.38,27.099999999999994,22.74308734663981,PE,26010,Médio Capibaribe,2602209,30.1423487544484,0.0,2010
260230,Bonito - PE,250.49,28.599999999999994,67.9096881650782,PE,26012,Brejo Pernambucano,2602308,31.5981220657277,0.0,2010
260240,Brejão - PE,226.0,29.0,31.183237469186523,PE,26011,Garanhuns,2602407,32.04208512673362,0.0,2010
260250,Brejinho - PE,261.9,23.0,47.911778507742845,PE,26003,Pajeú,2602506,25.372578241430702,0.0,2010
260260,Brejo da Madre de Deus - PE,289.21,29.5,57.11052433044134,PE,26008,Vale do Ipojuca,2602605,32.309232550136095,0.0,2010
260270,Buenos Aires - PE,244.82,25.8,15.306980656013456,PE,26013,Mata Setentrional Pernambucana,2602704,28.110398783005543,0.0,2010
260280,Buíque - PE,172.04,36.6,32.80999923786297,PE,26007,Vale do Ipanema,2602803,40.208254559204214,0.0,2010
260290,Cabo de Santo Agostinho - PE,441.95,12.200000000000005,50.87449908243137,PE,26018,Suape,2602902,13.009633020898022,0.0,2010
260300,Cabrobó - PE,290.45,21.599999999999994,65.07645259938838,PE,26005,Petrolina,2603009,23.708843664136356,0.0,2010
260310,Cachoeirinha - PE,297.29,29.40000000000001,73.57751277683134,PE,26008,Vale do Ipojuca,2603108,32.12782652114987,0.0,2010
260320,Caetés - PE,175.46,34.5,26.709585121602288,PE,26011,Garanhuns,2603207,38.628979857050034,0.0,2010
260330,Calçado - PE,213.95,29.099999999999994,43.6678422571337,PE,26011,Garanhuns,2603306,32.37574679039024,0.0,2010
260340,Calumbi - PE,271.82,29.8,46.93753790175864,PE,26003,Pajeú,2603405,32.60233918128655,0.0,2010
260345,Camaragibe - PE,446.0,10.299999999999995,41.114949600113576,PE,26017,Recife,2603454,11.128018584214223,0.0,2010
260350,Camocim de São Félix - PE,283.94,28.8,76.02305475504323,PE,26012,Brejo Pernambucano,2603504,31.949944558846823,0.0,2010
260360,Camutanga - PE,273.19,24.3,28.35689045936396,PE,26013,Mata Setentrional Pernambucana,2603603,26.866421158352864,0.0,2010
260370,Canhotinho - PE,228.1,32.900000000000006,56.36966681742801,PE,26011,Garanhuns,2603702,36.23474920921826,0.0,2010
260380,Capoeiras - PE,214.37,28.5,34.46459918080749,PE,26008,Vale do Ipojuca,2603801,31.892086330935253,0.0,2010
260390,Carnaíba - PE,227.06,24.099999999999994,43.43866171003717,PE,26003,Pajeú,2603900,27.06867175346322,0.0,2010
260392,Carnaubeira da Penha - PE,167.93,25.3,15.908221797323137,PE,26006,Itaparica,2603926,27.490459270956705,0.0,2010
260400,Carpina - PE,388.38,14.900000000000006,15.430543894019964,PE,26013,Mata Setentrional Pernambucana,2604007,16.12219671552181,0.0,2010
260410,Caruaru - PE,540.9,14.5,81.96648114304702,PE,26008,Vale do Ipojuca,2604106,15.580166015047752,0.0,2010
260415,Casinhas - PE,199.58,28.200000000000003,12.17032967032967,PE,26009,Alto Capibaribe,2604155,31.43030058503127,0.0,2010
260420,Catende - PE,282.32,25.099999999999994,64.27067669172932,PE,26015,Mata Meridional Pernambucana,2604205,26.793415082311473,0.0,2010
260430,Cedro - PE,267.56,20.099999999999994,57.365747460087086,PE,26002,Salgueiro,2604304,22.31653173152259,0.0,2010
260440,Chã de Alegria - PE,228.58,22.40000000000001,19.549523534507653,PE,26014,Vitória de Santo Antão,2604403,24.692588899966765,0.0,2010
260450,Chã Grande - PE,338.1,27.700000000000003,46.077105174163,PE,26014,Vitória de Santo Antão,2604502,30.801544820109765,0.0,2010
260460,Condado - PE,287.55,24.90000000000001,3.885510900192792,PE,26013,Mata Setentrional Pernambucana,2604601,27.239446287610114,0.0,2010
260470,Correntes - PE,243.11,29.700000000000003,48.4590616375345,PE,26011,Garanhuns,2604700,32.511139401654994,0.0,2010
260480,Cortês - PE,223.48,25.90000000000001,55.5956678700361,PE,26015,Mata Meridional Pernambucana,2604809,28.89346607163291,0.0,2010
260490,Cumaru - PE,245.83,29.099999999999994,21.392056626032247,PE,26010,Médio Capibaribe,2604908,32.0712523133868,0.0,2010
260500,Cupira - PE,327.09,28.0,81.26904959822666,PE,26012,Brejo Pernambucano,2605004,30.691350882267862,0.0,2010
260510,Custódia - PE,342.87,25.099999999999994,53.30700888450148,PE,26004,Sertão do Moxotó,2605103,27.209580838323355,0.0,2010
260515,Dormentes - PE,255.97,23.40000000000001,73.02235597592433,PE,26005,Petrolina,2605152,26.22336884154461,0.0,2010
260520,Escada - PE,314.35,20.099999999999994,38.47936437872434,PE,26015,Mata Meridional Pernambucana,2605202,21.70185264971995,0.0,2010
260530,Exu - PE,233.2,22.90000000000001,17.616136919315405,PE,26001,Araripina,2605301,25.216131806454534,0.0,2010
260540,Feira Nova - PE,285.16,26.3,21.801252207416923,PE,26010,Médio Capibaribe,2605400,29.322259136212626,0.0,2010
260545,Fernando de Noronha - PE,1024.26,4.900000000000006,81.36752136752136,PE,26019,Fernando de Noronha,2605459,5.01432664756447,0.0,2010
260550,Ferreiros - PE,307.36,26.099999999999994,50.193174500965874,PE,26013,Mata Setentrional Pernambucana,2605509,28.436578171091444,0.0,2010
260560,Flores - PE,224.26,30.0,33.482076453964005,PE,26003,Pajeú,2605608,32.94160852001469,0.0,2010
260570,Floresta - PE,307.25,16.900000000000006,42.13958651311225,PE,26006,Itaparica,2605707,18.395926161680457,0.0,2010
260580,Frei Miguelinho - PE,278.57,28.90000000000001,13.66778149386845,PE,26009,Alto Capibaribe,2605806,31.521937010740942,0.0,2010
260590,Gameleira - PE,219.6,24.0,54.552023121387286,PE,26015,Mata Meridional Pernambucana,2605905,26.694024108745833,0.0,2010
260600,Garanhuns - PE,480.22,16.200000000000003,53.79736673089274,PE,26011,Garanhuns,2606002,17.565704301697735,0.0,2010
260610,Glória do Goitá - PE,274.81,27.3,35.64596198086935,PE,26014,Vitória de Santo Antão,2606101,29.979204083561772,0.0,2010
260620,Goiana - PE,350.73,17.5,34.46461824953445,PE,26013,Mata Setentrional Pernambucana,2606200,18.558593889265214,0.0,2010
260630,Granito - PE,231.6,24.700000000000003,30.41526374859708,PE,26001,Araripina,2606309,27.11864406779661,0.0,2010
260640,Gravatá - PE,392.96,20.5,66.1548988581448,PE,26008,Vale do Ipojuca,2606408,22.318679215740854,0.0,2010
260650,Iati - PE,197.33,35.8,37.76617954070981,PE,26011,Garanhuns,2606507,39.37114969197536,0.0,2010
260660,Ibimirim - PE,215.05,29.5,35.122020836306554,PE,26004,Sertão do Moxotó,2606606,32.0027935962179,0.0,2010
260670,Ibirajuba - PE,237.14,31.599999999999994,48.69109947643979,PE,26012,Brejo Pernambucano,2606705,35.4071363220494,0.0,2010
260680,Igarassu - PE,370.54,13.200000000000005,20.48050678976985,PE,26016,Itamaracá,2606804,14.19503219871205,0.0,2010
260690,Iguaracy - PE,291.73,25.700000000000003,37.475835404584366,PE,26003,Pajeú,2606903,28.44541184557223,0.0,2010
260700,Inajá - PE,179.98,35.3,27.08483537611151,PE,26004,Sertão do Moxotó,2607000,35.98205703300224,0.0,2010
260710,Ingazeira - PE,286.41,24.40000000000001,43.64341085271318,PE,26003,Pajeú,2607109,26.8719806763285,0.0,2010
260720,Ipojuca - PE,346.14,19.200000000000003,51.32630813953488,PE,26018,Suape,2607208,20.642242059664323,0.0,2010
260730,Ipubi - PE,230.51,26.90000000000001,21.823472356935014,PE,26001,Araripina,2607307,30.225184070511098,0.0,2010
260740,Itacuruba - PE,268.67,19.5,82.92469352014011,PE,26006,Itaparica,2607406,21.563431599867506,0.0,2010
260750,Itaíba - PE,214.43,36.4,33.22405929304447,PE,26007,Vale do Ipanema,2607505,39.7092958991931,0.0,2010
260760,Ilha de Itamaracá - PE,386.44,14.200000000000005,20.30729359496483,PE,26016,Itamaracá,2607604,15.344449059514627,0.0,2010
260765,Itambé - PE,253.69,27.700000000000003,18.779739875224703,PE,26013,Mata Setentrional Pernambucana,2607653,30.502701432933993,0.0,2010
260770,Itapetim - PE,326.27,23.599999999999994,54.05767940979209,PE,26003,Pajeú,2607703,25.679501698754247,0.0,2010
260775,Itapissuma - PE,297.51,16.900000000000006,25.371287128712872,PE,26016,Itamaracá,2607752,18.532216122507947,0.0,2010
260780,Itaquitinga - PE,245.7,25.599999999999994,9.62877030162413,PE,26013,Mata Setentrional Pernambucana,2607802,27.72189085729547,0.0,2010
260790,Jaboatão dos Guararapes - PE,566.17,8.599999999999994,46.7436702918593,PE,26017,Recife,2607901,9.1230486778589,0.0,2010
260795,Jaqueira - PE,237.7,29.40000000000001,34.23300307482064,PE,26015,Mata Meridional Pernambucana,2607950,32.67226036104755,0.0,2010
260800,Jataúba - PE,238.22,31.5,56.47489765136824,PE,26008,Vale do Ipojuca,2608008,34.291618003773245,0.0,2010
260805,Jatobá - PE,331.74,21.099999999999994,70.26885930566432,PE,26006,Itaparica,2608057,22.65887942981588,0.0,2010
260810,João Alfredo - PE,265.83,32.5,17.66990291262136,PE,26010,Médio Capibaribe,2608107,35.71961877992007,0.0,2010
260820,Joaquim Nabuco - PE,253.43,27.0,51.557259223766174,PE,26015,Mata Meridional Pernambucana,2608206,29.648978095499952,0.0,2010
260825,Jucati - PE,226.65,29.200000000000003,49.34760789561727,PE,26011,Garanhuns,2608255,32.66953713670613,0.0,2010
260830,Jupi - PE,258.83,29.200000000000003,52.57991442235087,PE,26011,Garanhuns,2608305,32.191711419596714,0.0,2010
260840,Jurema - PE,203.68,33.599999999999994,65.21739130434783,PE,26011,Garanhuns,2608404,37.953959118872795,0.0,2010
260845,Lagoa do Carro - PE,268.31,21.8,10.227518959913326,PE,26013,Mata Setentrional Pernambucana,2608453,23.664380662094658,0.0,2010
260850,Lagoa de Itaenga - PE,246.69,23.90000000000001,15.171821305841924,PE,26013,Mata Setentrional Pernambucana,2608503,26.86243994857568,0.0,2010
260860,Lagoa do Ouro - PE,220.39,36.3,53.44117647058823,PE,26011,Garanhuns,2608602,40.13429143597597,0.0,2010
260870,Lagoa dos Gatos - PE,247.3,35.0,47.52517677308764,PE,26012,Brejo Pernambucano,2608701,39.05852417302799,0.0,2010
260875,Lagoa Grande - PE,292.9,22.0,40.54767403497196,PE,26005,Petrolina,2608750,24.428673741780063,0.0,2010
260880,Lajedo - PE,328.72,23.90000000000001,65.24268314851845,PE,26011,Garanhuns,2608800,26.22816186352098,0.0,2010
260890,Limoeiro - PE,383.29,18.200000000000003,46.189489086696746,PE,26010,Médio Capibaribe,2608909,20.00469263256687,0.0,2010
260900,Macaparana - PE,275.13,28.599999999999994,62.07620762076208,PE,26013,Mata Setentrional Pernambucana,2609006,31.589468273459364,0.0,2010
260910,Machados - PE,220.75,27.200000000000003,23.56545961002785,PE,26010,Médio Capibaribe,2609105,29.347826086956523,0.0,2010
260915,Manari - PE,154.19,36.4,5.71773220747889,PE,26004,Sertão do Moxotó,2609154,39.85210961287516,0.0,2010
260920,Maraial - PE,228.95,32.0,22.07368764264754,PE,26015,Mata Meridional Pernambucana,2609204,35.093359713119824,0.0,2010
260930,Mirandiba - PE,185.94,22.200000000000003,56.07919687674289,PE,26002,Salgueiro,2609303,23.671938361719384,0.0,2010
260940,Moreno - PE,331.35,15.700000000000005,52.6590895277457,PE,26017,Recife,2609402,16.834282767189443,0.0,2010
260950,Nazaré da Mata - PE,339.89,17.900000000000006,78.04174835659093,PE,26013,Mata Setentrional Pernambucana,2609501,19.201909959072307,0.0,2010
260960,Olinda - PE,621.73,6.700000000000003,57.94168035465127,PE,26017,Recife,2609600,7.034543146691284,0.00237573223461374,2010
260970,Orobó - PE,232.58,26.700000000000003,21.902062667296487,PE,26010,Médio Capibaribe,2609709,29.40825934092128,0.0,2010
260980,Orocó - PE,219.75,21.700000000000003,38.865918487891314,PE,26005,Petrolina,2609808,23.972526863852885,0.0,2010
260990,Ouricuri - PE,284.85,26.90000000000001,61.05237721258986,PE,26001,Araripina,2609907,28.767811472415055,0.0,2010
261000,Palmares - PE,292.93,19.8,57.41101584827228,PE,26015,Mata Meridional Pernambucana,2610004,21.456959835414036,0.0,2010
261010,Palmeirina - PE,241.52,29.700000000000003,54.03087478559177,PE,26011,Garanhuns,2610103,33.06731436502429,0.0,2010
261020,Panelas - PE,230.71,33.599999999999994,57.826027209014704,PE,26012,Brejo Pernambucano,2610202,38.00066941872141,0.0,2010
261030,Paranatama - PE,209.82,33.599999999999994,4.743589743589744,PE,26011,Garanhuns,2610301,37.07487391697918,0.0,2010
261040,Parnamirim - PE,250.7,22.5,36.25246548323472,PE,26002,Salgueiro,2610400,24.80788039681431,0.0,2010
261050,Passira - PE,253.6,29.0,17.67776360051038,PE,26010,Médio Capibaribe,2610509,32.14986452396524,0.0,2010
261060,Paudalho - PE,346.8,19.40000000000001,32.082392776523704,PE,26013,Mata Setentrional Pernambucana,2610608,21.176881345007253,0.0,2010
261070,Paulista - PE,507.98,5.900000000000006,61.51155734539637,PE,26017,Recife,2610707,6.175347572682097,0.0,2010
261080,Pedra - PE,239.26,30.200000000000003,43.61323155216285,PE,26007,Vale do Ipanema,2610806,32.9752736116741,0.0,2010
261090,Pesqueira - PE,321.35,23.40000000000001,63.489736070381234,PE,26008,Vale do Ipojuca,2610905,25.37024131021866,0.006533670180329297,2010
261100,Petrolândia - PE,333.69,16.799999999999997,70.42697153523099,PE,26006,Itaparica,2611002,18.262020291133656,0.0,2010
261110,Petrolina - PE,584.31,11.099999999999994,73.92765565485823,PE,26005,Petrolina,2611101,12.045111640397408,0.0,2010
261120,Poção - PE,226.74,30.5,46.763657957244654,PE,26008,Vale do Ipojuca,2611200,33.96178666329242,0.0,2010
261130,Pombos - PE,293.3,26.3,67.05947594620824,PE,26014,Vitória de Santo Antão,2611309,28.733396320791417,0.0,2010
261140,Primavera - PE,276.77,26.200000000000003,45.56341861731083,PE,26015,Mata Meridional Pernambucana,2611408,28.175640355462622,0.0,2010
261150,Quipapá - PE,213.0,32.400000000000006,50.59067688378033,PE,26015,Mata Meridional Pernambucana,2611507,36.4511857469604,0.0,2010
261153,Quixaba - PE,214.69,25.0,28.99113082039912,PE,26003,Pajeú,2611533,28.184615384615384,0.0,2010
261160,Recife - PE,1109.01,6.799999999999997,70.58081290865293,PE,26017,Recife,2611606,7.131294919648424,0.0002467547636007113,2010
261170,Riacho das Almas - PE,304.05,31.40000000000001,50.67376476459824,PE,26008,Vale do Ipojuca,2611705,34.46520708408869,0.0,2010
261180,Ribeirão - PE,313.17,21.3,66.81460391894156,PE,26015,Mata Meridional Pernambucana,2611804,23.287120133688184,0.0,2010
261190,Rio Formoso - PE,260.84,20.599999999999994,34.696112429275416,PE,26015,Mata Meridional Pernambucana,2611903,22.763343146038654,0.0,2010
261200,Sairé - PE,291.79,30.0,29.8566207478212,PE,26012,Brejo Pernambucano,2612000,33.572710951526034,0.0,2010
261210,Salgadinho - PE,194.78,39.9,13.081650570676032,PE,26010,Médio Capibaribe,2612109,43.210050818746474,0.0,2010
261220,Salgueiro - PE,437.08,15.0,64.16023422943839,PE,26002,Salgueiro,2612208,16.262933359486098,0.0,2010
261230,Saloá - PE,253.14,31.90000000000001,38.02848242100578,PE,26011,Garanhuns,2612307,35.054076161046986,0.0,2010
261240,Sanharó - PE,260.24,22.90000000000001,52.20588235294117,PE,26008,Vale do Ipojuca,2612406,25.827814569536425,0.0,2010
261245,Santa Cruz - PE,205.6,29.599999999999994,27.64069864153036,PE,26001,Araripina,2612455,32.51454427925016,0.0,2010
261247,Santa Cruz da Baixa Verde - PE,254.28,23.599999999999994,45.6671664167916,PE,26003,Pajeú,2612471,26.024376088218226,0.0,2010
261250,Santa Cruz do Capibaribe - PE,492.61,14.799999999999995,87.59881232406586,PE,26009,Alto Capibaribe,2612505,16.0132041979384,0.0,2010
261255,Santa Filomena - PE,173.9,28.90000000000001,9.156492785793562,PE,26001,Araripina,2612554,31.929142363361418,0.0,2010
261260,Santa Maria da Boa Vista - PE,264.56,19.599999999999994,41.31699846860644,PE,26005,Petrolina,2612604,21.21189311253293,0.0,2010
261270,Santa Maria do Cambucá - PE,277.85,31.5,24.57021951864586,PE,26009,Alto Capibaribe,2612703,35.37532355478861,0.0,2010
261280,Santa Terezinha - PE,223.96,22.40000000000001,52.45358090185676,PE,26003,Pajeú,2612802,24.695431472081218,0.0,2010
261290,São Benedito do Sul - PE,165.84,31.0,24.362606232294617,PE,26015,Mata Meridional Pernambucana,2612901,33.3595516665028,0.0,2010
261300,São Bento do Una - PE,313.78,27.0,48.05239102257998,PE,26008,Vale do Ipojuca,2613008,29.573482686197426,0.0,2010
261310,São Caitano - PE,294.92,26.5,51.32270168855535,PE,26008,Vale do Ipojuca,2613107,29.380170149370763,0.0,2010
261320,São João - PE,259.98,29.40000000000001,26.92373902564985,PE,26011,Garanhuns,2613206,32.8294881994166,0.0,2010
261330,São Joaquim do Monte - PE,238.28,31.599999999999994,67.13523994183228,PE,26012,Brejo Pernambucano,2613305,35.11768661735037,0.0,2010
261340,São José da Coroa Grande - PE,294.51,22.200000000000003,5.188968335035751,PE,26015,Mata Meridional Pernambucana,2613404,23.626505063392074,0.0,2010
261350,São José do Belmonte - PE,271.08,25.8,35.96730245231608,PE,26002,Salgueiro,2613503,28.224537529236656,0.0,2010
261360,São José do Egito - PE,332.78,20.200000000000003,64.54536400756896,PE,26003,Pajeú,2613602,22.099100982646874,0.0,2010
261370,São Lourenço da Mata - PE,355.18,14.900000000000006,38.8890721377445,PE,26017,Recife,2613701,15.955009642639883,0.0,2010
261380,São Vicente Férrer - PE,254.55,27.8,56.54890133563119,PE,26010,Médio Capibaribe,2613800,30.685473892600843,0.0,2010
261390,Serra Talhada - PE,401.48,19.700000000000003,71.84052809867107,PE,26003,Pajeú,2613909,21.028772794142803,0.0,2010
261400,Serrita - PE,231.58,23.8,35.78708946772367,PE,26002,Salgueiro,2614006,26.25380235551049,0.0,2010
261410,Sertânia - PE,327.11,24.700000000000003,59.15405989502933,PE,26004,Sertão do Moxotó,2614105,27.183722804190168,0.0,2010
261420,Sirinhaém - PE,266.97,23.599999999999994,34.3322345420038,PE,26015,Mata Meridional Pernambucana,2614204,25.42918834731514,0.0,2010
261430,Moreilândia - PE,200.26,22.700000000000003,12.47450713800136,PE,26001,Araripina,2614303,25.12581781580272,0.0,2010
261440,Solidão - PE,236.21,23.099999999999994,36.89320388349515,PE,26003,Pajeú,2614402,25.962944904924427,0.0,2010
261450,Surubim - PE,362.17,22.700000000000003,58.83058299548907,PE,26009,Alto Capibaribe,2614501,24.870086761440376,0.0,2010
261460,Tabira - PE,268.88,21.3,72.1076458752515,PE,26003,Pajeú,2614600,23.092836824411688,0.0,2010
261470,Tacaimbó - PE,218.74,33.5,54.45240532241556,PE,26008,Vale do Ipojuca,2614709,36.78784590341834,0.0,2010
261480,Tacaratu - PE,203.46,22.90000000000001,22.14411247803164,PE,26006,Itaparica,2614808,25.066927848514528,0.0,2010
261485,Tamandaré - PE,283.96,21.200000000000003,19.352423731985777,PE,26015,Mata Meridional Pernambucana,2614857,22.949009866832263,0.0,2010
261500,Taquaritinga do Norte - PE,418.65,20.8,44.16903697683868,PE,26009,Alto Capibaribe,2615003,22.94509333042244,0.0,2010
261510,Terezinha - PE,223.79,33.400000000000006,57.16612377850163,PE,26011,Garanhuns,2615102,37.15299519933208,0.0,2010
261520,Terra Nova - PE,235.51,19.0,47.666253614209005,PE,26005,Petrolina,2615201,20.92567465701794,0.0,2010
261530,Timbaúba - PE,310.69,19.700000000000003,67.58770772883145,PE,26013,Mata Setentrional Pernambucana,2615300,21.390025350769307,0.0,2010
261540,Toritama - PE,448.52,19.099999999999994,79.9214531173294,PE,26009,Alto Capibaribe,2615409,20.599795613552395,0.0,2010
261550,Tracunhaém - PE,262.64,23.200000000000003,24.06798245614035,PE,26013,Mata Setentrional Pernambucana,2615508,25.21358616378412,0.0,2010
261560,Trindade - PE,333.14,22.90000000000001,44.18334783870032,PE,26001,Araripina,2615607,25.555239988639592,0.0,2010
261570,Triunfo - PE,385.56,15.400000000000006,21.769177608845887,PE,26003,Pajeú,2615706,16.952714535901926,0.0,2010
261580,Tupanatinga - PE,168.83,34.099999999999994,32.72668183295418,PE,26007,Vale do Ipanema,2615805,38.410843073862225,0.0,2010
261590,Tuparetama - PE,357.83,19.40000000000001,60.64940085040588,PE,26003,Pajeú,2615904,21.427391376177102,0.0,2010
261600,Venturosa - PE,272.4,25.700000000000003,56.53812056737589,PE,26007,Vale do Ipanema,2616001,27.60003487054311,0.0,2010
261610,Verdejante - PE,257.06,24.0,41.30794701986755,PE,26002,Salgueiro,2616100,26.346658434943663,0.0,2010
261618,Vertente do Lério - PE,218.88,29.8,15.714285714285714,PE,26009,Alto Capibaribe,2616183,33.241521776553626,0.0,2010
261620,Vertentes - PE,335.84,22.40000000000001,39.80653403905822,PE,26009,Alto Capibaribe,2616209,24.436174171938966,0.0,2010
261630,Vicência - PE,234.24,21.40000000000001,58.792162698412696,PE,26013,Mata Setentrional Pernambucana,2616308,23.500889679715304,0.0,2010
261640,Vitória de Santo Antão - PE,389.18,20.3,64.42985347056735,PE,26014,Vitória de Santo Antão,2616407,21.76973456021872,0.0,2010
261650,Xexéu - PE,237.27,30.099999999999994,56.08292416803055,PE,26015,Mata Meridional Pernambucana,2616506,33.28822733423545,0.0,2010
270010,Água Branca - AL,210.88,27.90000000000001,29.883597883597883,AL,27001,Serrana do Sertão Alagoano,2700102,30.918133129303747,0.0,2010
270020,Anadia - AL,236.86,32.900000000000006,19.07415345049293,AL,27012,São Miguel dos Campos,2700201,36.16158338741077,0.0,2010
270030,Arapiraca - AL,411.55,20.599999999999994,19.212811974321124,AL,27006,Arapiraca,2700300,22.45308310991957,0.0,2010
270040,Atalaia - AL,230.76,30.700000000000003,24.28689351554618,AL,27009,Mata Alagoana,2700409,33.57302005266356,0.0,2010
270050,Barra de Santo Antônio - AL,235.97,25.599999999999994,23.6154949784792,AL,27011,Maceió,2700508,27.935813274981765,0.0,2010
270060,Barra de São Miguel - AL,419.64,22.0,53.92354124748491,AL,27011,Maceió,2700607,23.714069591527988,0.0,2010
270070,Batalha - AL,263.7,27.700000000000003,21.476355247981544,AL,27004,Batalha,2700706,30.83814786904463,0.0,2010
270080,Belém - AL,306.64,30.40000000000001,18.2655410590944,AL,27005,Palmeira dos Índios,2700805,33.333333333333336,0.0,2010
270090,Belo Monte - AL,184.59,34.2,35.71033720287452,AL,27004,Batalha,2700904,38.10900082576383,0.0,2010
270100,Boca da Mata - AL,253.04,24.40000000000001,66.35400907715582,AL,27012,São Miguel dos Campos,2701001,27.322891700574104,0.0,2010
270110,Branquinha - AL,214.53,37.7,36.64245359160613,AL,27009,Mata Alagoana,2701100,41.7982643334756,0.0,2010
270120,Cacimbinhas - AL,257.05,37.1,0.2778742618964918,AL,27005,Palmeira dos Índios,2701209,40.60520760028149,0.0,2010
270130,Cajueiro - AL,218.17,31.0,9.816457001443595,AL,27009,Mata Alagoana,2701308,33.85682980277575,0.0,2010
270135,Campestre - AL,241.47,29.8,57.19424460431655,AL,27009,Mata Alagoana,2701357,32.40761992196465,0.0,2010
270140,Campo Alegre - AL,202.89,24.5,23.317153585493177,AL,27012,São Miguel dos Campos,2701407,27.407364386107563,0.0,2010
270150,Campo Grande - AL,177.37,35.7,7.607776838546069,AL,27006,Arapiraca,2701506,39.27313480627602,0.0,2010
270160,Canapi - AL,182.07,36.0,6.114221724524076,AL,27001,Serrana do Sertão Alagoano,2701605,40.34882675537175,0.0,2010
270170,Capela - AL,246.99,28.599999999999994,56.43373493975904,AL,27009,Mata Alagoana,2701704,31.98225624075846,0.0,2010
270180,Carneiros - AL,196.82,27.5,0.2448579823702252,AL,27003,Santana do Ipanema,2701803,29.96219281663516,0.0,2010
270190,Chã Preta - AL,218.25,31.8,6.112600536193029,AL,27008,Serrana dos Quilombos,2701902,35.50770529871227,0.0,2010
270200,Coité do Nóia - AL,201.97,34.8,1.7432115320147503,AL,27006,Arapiraca,2702009,38.95341250163121,0.0,2010
270210,Colônia Leopoldina - AL,236.92,32.0,68.18526955201214,AL,27009,Mata Alagoana,2702108,34.59317585301837,0.0,2010
270220,Coqueiro Seco - AL,293.99,26.3,15.019762845849804,AL,27011,Maceió,2702207,28.228455900935053,0.0,2010
270230,Coruripe - AL,306.12,21.200000000000003,16.67412045319022,AL,27012,São Miguel dos Campos,2702306,23.899928045608014,0.0,2010
270235,Craíbas - AL,193.88,35.8,7.453522087668429,AL,27006,Arapiraca,2702355,39.66580976863753,0.0,2010
270240,Delmiro Gouveia - AL,323.91,21.90000000000001,73.92491467576792,AL,27002,Alagoana do Sertão do São Francisco,2702405,23.354521222062743,0.0,2010
270250,Dois Riachos - AL,188.88,35.900000000000006,0.814663951120163,AL,27003,Santana do Ipanema,2702504,39.12520064205457,0.0,2010
270255,Estrela de Alagoas - AL,194.71,37.1,6.346346346346347,AL,27005,Palmeira dos Índios,2702553,40.47081586584972,0.0,2010
270260,Feira Grande - AL,190.47,35.3,7.739665787159191,AL,27006,Arapiraca,2702603,38.81933225632741,0.0,2010
270270,Feliz Deserto - AL,240.72,30.099999999999994,1.497504159733777,AL,27013,Penedo,2702702,33.49900596421471,0.0,2010
270280,Flexeiras - AL,210.32,28.90000000000001,57.05309456487591,AL,27009,Mata Alagoana,2702801,32.20153340635268,0.0,2010
270290,Girau do Ponciano - AL,174.57,32.599999999999994,2.427346620643581,AL,27006,Arapiraca,2702900,35.97162665811726,0.0,2010
270300,Ibateguara - AL,190.82,34.099999999999994,58.860453887011104,AL,27008,Serrana dos Quilombos,2703007,38.749625486867075,0.0,2010
270310,Igaci - AL,238.74,35.099999999999994,6.059751972942503,AL,27005,Palmeira dos Índios,2703106,38.08248228137731,0.0,2010
270320,Igreja Nova - AL,249.2,34.0,6.951530612244898,AL,27013,Penedo,2703205,36.9666244190959,0.0,2010
270330,Inhapi - AL,177.26,36.3,13.78997505103198,AL,27001,Serrana do Sertão Alagoano,2703304,40.35971848118864,0.0,2010
270340,Jacaré dos Homens - AL,229.78,25.700000000000003,6.4352856109906,AL,27004,Batalha,2703403,28.115625852195254,0.0,2010
270350,Jacuípe - AL,217.52,27.700000000000003,26.777251184834125,AL,27009,Mata Alagoana,2703502,30.81896551724138,0.0,2010
270360,Japaratinga - AL,259.18,27.40000000000001,12.042147516307075,AL,27010,Litoral Norte Alagoano,2703601,29.66990291262136,0.0,2010
270370,Jaramataia - AL,216.88,35.400000000000006,1.293103448275862,AL,27004,Batalha,2703700,39.16516361762432,0.0,2010
270375,Jequiá da Praia - AL,195.83,25.0,2.0526855969893947,AL,27012,São Miguel dos Campos,2703759,28.049528012749786,0.0,2010
270380,Joaquim Gomes - AL,184.4,36.3,15.684496826835902,AL,27009,Mata Alagoana,2703809,39.67511013215859,0.0,2010
270390,Jundiá - AL,281.8,30.3,4.181494661921708,AL,27009,Mata Alagoana,2703908,33.73328762427151,0.0,2010
270400,Junqueiro - AL,298.53,29.0,1.14815979867883,AL,27012,São Miguel dos Campos,2704005,32.25652924028794,0.0,2010
270410,Lagoa da Canoa - AL,223.18,35.7,5.304928989139516,AL,27006,Arapiraca,2704104,38.3779133427186,0.0,2010
270420,Limoeiro de Anadia - AL,225.86,31.90000000000001,11.602535751142565,AL,27006,Arapiraca,2704203,35.095248063638266,0.0,2010
270430,Maceió - AL,773.26,11.299999999999995,48.41950091038791,AL,27011,Maceió,2704302,11.86160413775559,0.0,2010
270440,Major Isidoro - AL,267.7,32.7,23.965651834504293,AL,27004,Batalha,2704401,35.90634441087613,0.0,2010
270450,Maragogi - AL,251.04,27.3,38.24089178901577,AL,27010,Litoral Norte Alagoano,2704500,29.350986500519213,0.0,2010
270460,Maravilha - AL,228.13,27.599999999999994,13.60239162929746,AL,27003,Santana do Ipanema,2704609,30.083166045311156,0.0,2010
270470,Marechal Deodoro - AL,415.93,20.3,28.397599276494287,AL,27011,Maceió,2704708,21.904379020286985,0.0,2010
270480,Maribondo - AL,292.46,27.0,69.2750588851086,AL,27005,Palmeira dos Índios,2704807,29.685752059391845,0.0,2010
270490,Mar Vermelho - AL,228.59,26.90000000000001,15.992292870905588,AL,27005,Palmeira dos Índios,2704906,29.988510149368057,0.0,2010
270500,Mata Grande - AL,185.12,35.8,21.789137380191693,AL,27001,Serrana do Sertão Alagoano,2705002,38.78851627273852,0.0,2010
270510,Matriz de Camaragibe - AL,216.1,28.5,9.813559322033898,AL,27009,Mata Alagoana,2705101,31.4654366390326,0.0,2010
270520,Messias - AL,248.03,26.90000000000001,31.80294041784885,AL,27009,Mata Alagoana,2705200,29.900459418070444,0.0,2010
270530,Minador do Negrão - AL,227.34,40.5,0.7488087134104833,AL,27005,Palmeira dos Índios,2705309,43.89163844751237,0.0,2010
270540,Monteirópolis - AL,176.0,33.900000000000006,0.8844339622641509,AL,27004,Batalha,2705408,37.489063867016625,0.0,2010
270550,Murici - AL,230.14,27.90000000000001,66.92836113837095,AL,27009,Mata Alagoana,2705507,30.636995827538247,0.0,2010
270560,Novo Lino - AL,234.59,33.0,35.21388716676999,AL,27009,Mata Alagoana,2705606,36.13897724492293,0.0,2010
270570,Olho d'Água das Flores - AL,270.04,26.90000000000001,2.282271316414095,AL,27004,Batalha,2705705,29.21716811635534,0.0,2010
270580,Olho d'Água do Casado - AL,206.72,32.7,12.865221489161168,AL,27002,Alagoana do Sertão do São Francisco,2705804,35.077415910304325,0.0,2010
270590,Olho d'Água Grande - AL,150.58,38.7,0.6928406466512702,AL,27007,Traipu,2705903,41.97080291970803,0.0,2010
270600,Olivença - AL,193.31,32.7,0.759144237405107,AL,27004,Batalha,2706000,36.65871754107048,0.0,2010
270610,Ouro Branco - AL,225.24,28.200000000000003,3.01592680447306,AL,27003,Santana do Ipanema,2706109,30.528296814087916,0.0,2010
270620,Palestina - AL,178.95,30.90000000000001,5.581761006289308,AL,27003,Santana do Ipanema,2706208,34.56416464891041,0.0,2010
270630,Palmeira dos Índios - AL,385.01,22.8,13.750061187527534,AL,27005,Palmeira dos Índios,2706307,24.412009523993884,0.0,2010
270640,Pão de Açúcar - AL,220.89,28.200000000000003,19.12442396313364,AL,27003,Santana do Ipanema,2706406,30.71664021486998,0.0,2010
270642,Pariconha - AL,210.07,28.8,3.967642526964561,AL,27001,Serrana do Sertão Alagoano,2706422,31.955804276079782,0.0,2010
270644,Paripueira - AL,322.49,22.8,12.897526501766784,AL,27011,Maceió,2706448,24.192106271554476,0.0,2010
270650,Passo de Camaragibe - AL,190.71,29.200000000000003,3.084763948497854,AL,27010,Litoral Norte Alagoano,2706505,32.22680412371134,0.0,2010
270660,Paulo Jacinto - AL,245.83,29.0,11.268939393939394,AL,27005,Palmeira dos Índios,2706604,31.995477671000565,0.0,2010
270670,Penedo - AL,328.36,20.90000000000001,31.114778144481114,AL,27013,Penedo,2706703,22.830965281491988,0.0,2010
270680,Piaçabuçu - AL,220.91,29.0,42.11658421165842,AL,27013,Penedo,2706802,31.768374915711394,0.0,2010
270690,Pilar - AL,282.27,22.700000000000003,26.833692325133203,AL,27011,Maceió,2706901,24.475644945949437,0.0,2010
270700,Pindoba - AL,291.7,32.7,0.2652519893899204,AL,27008,Serrana dos Quilombos,2707008,35.291214215202366,0.0,2010
270710,Piranhas - AL,254.98,27.5,51.791304347826085,AL,27002,Alagoana do Sertão do São Francisco,2707107,30.4921968787515,0.0,2010
270720,Poço das Trincheiras - AL,160.42,30.3,2.8236707720036045,AL,27003,Santana do Ipanema,2707206,33.62566607460035,0.0,2010
270730,Porto Calvo - AL,251.38,25.90000000000001,16.068666872873493,AL,27009,Mata Alagoana,2707305,28.4351696629863,0.0,2010
270740,Porto de Pedras - AL,232.55,29.8,4.625056129321957,AL,27010,Litoral Norte Alagoano,2707404,32.25973131243541,0.0,2010
270750,Porto Real do Colégio - AL,189.13,31.90000000000001,38.64886095836607,AL,27013,Penedo,2707503,34.503828032979975,0.0,2010
270760,Quebrangulo - AL,221.24,28.8,12.48754566589173,AL,27005,Palmeira dos Índios,2707602,32.231304135659386,0.0,2010
270770,Rio Largo - AL,358.04,17.099999999999994,34.33636955107352,AL,27011,Maceió,2707701,18.29590895109197,0.0,2010
270780,Roteiro - AL,198.27,33.8,6.900726392251816,AL,27012,São Miguel dos Campos,2707800,38.03255146002872,0.0,2010
270790,Santa Luzia do Norte - AL,290.93,21.0,3.2017075773746,AL,27011,Maceió,2707909,23.133083020442218,0.0,2010
270800,Santana do Ipanema - AL,288.98,26.700000000000003,6.296976783029898,AL,27003,Santana do Ipanema,2708006,28.941437763334097,0.0,2010
270810,Santana do Mundaú - AL,185.7,34.7,7.11997152011392,AL,27008,Serrana dos Quilombos,2708105,38.72470713525026,0.0,2010
270820,São Brás - AL,213.33,31.0,15.139879319802525,AL,27007,Traipu,2708204,34.6995115735825,0.0,2010
270830,São José da Laje - AL,280.89,27.8,68.98359546761374,AL,27008,Serrana dos Quilombos,2708303,31.13201384806323,0.0,2010
270840,São José da Tapera - AL,187.57,33.0,4.604154969118473,AL,27003,Santana do Ipanema,2708402,37.0364509152292,0.0,2010
270850,São Luís do Quitunde - AL,242.58,31.099999999999994,13.612836438923395,AL,27009,Mata Alagoana,2708501,33.85308056872038,0.0,2010
270860,São Miguel dos Campos - AL,345.1,19.40000000000001,63.63571530452147,AL,27012,São Miguel dos Campos,2708600,21.2765403152273,0.0,2010
270870,São Miguel dos Milagres - AL,235.12,26.3,7.727737973387923,AL,27010,Litoral Norte Alagoano,2708709,28.58559809561595,0.0,2010
270880,São Sebastião - AL,223.22,33.7,1.9485120453471887,AL,27006,Arapiraca,2708808,37.4070674621386,0.0,2010
270890,Satuba - AL,368.62,17.400000000000006,72.19461156160084,AL,27011,Maceió,2708907,18.53271028037383,0.0,2010
270895,Senador Rui Palmeira - AL,156.77,33.2,6.5153010858835145,AL,27003,Santana do Ipanema,2708956,36.71084337349398,0.0,2010
270900,Tanque d'Arca - AL,214.12,34.8,2.784090909090909,AL,27005,Palmeira dos Índios,2709004,38.52069667496042,0.0,2010
270910,Taquarana - AL,213.58,34.0,9.405568096313017,AL,27006,Arapiraca,2709103,37.951627351448195,0.0,2010
270915,Teotônio Vilela - AL,240.71,25.599999999999994,47.491282448663306,AL,27012,São Miguel dos Campos,2709152,28.868905023403236,0.0,2010
270920,Traipu - AL,176.7,40.0,10.29040404040404,AL,27007,Traipu,2709202,42.76118083789995,0.0,2010
270930,União dos Palmares - AL,298.45,29.099999999999994,65.29190207156309,AL,27008,Serrana dos Quilombos,2709301,31.62436902463421,0.0,2010
270940,Viçosa - AL,240.44,30.599999999999994,31.89771197846568,AL,27008,Serrana dos Quilombos,2709400,33.467877564749415,0.0,2010
280010,Amparo do São Francisco - SE,274.02,21.3,18.621700879765395,SE,28007,Propriá,2800100,23.844731977818853,0.0,2010
280020,Aquidabã - SE,269.57,27.200000000000003,37.105131205081065,SE,28003,Nossa Senhora das Dores,2800209,29.500620775279348,0.0,2010
280030,Aracaju - SE,1022.07,6.299999999999997,87.81837598012898,SE,28011,Aracaju,2800308,6.617919122092971,0.0,2010
280040,Arauá - SE,242.23,24.8,12.799729821006416,SE,28012,Boquim,2800407,27.510690682907867,0.0,2010
280050,Areia Branca - SE,292.52,22.099999999999994,9.00391474554154,SE,28004,Agreste de Itabaiana,2800506,24.64132897055122,0.0,2010
280060,Barra dos Coqueiros - SE,397.3,12.299999999999995,63.59918200408998,SE,28011,Aracaju,2800605,13.303818483674599,0.0,2010
280067,Boquim - SE,294.26,21.90000000000001,0.9416978257859022,SE,28012,Boquim,2800670,24.17837837837838,0.010810810810810811,2010
280070,Brejo Grande - SE,194.86,28.3,1.2833168805528137,SE,28007,Propriá,2800704,31.501759874853345,0.0,2010
280100,Campo do Brito - SE,389.86,25.200000000000003,15.522560740455072,SE,28004,Agreste de Itabaiana,2801009,28.17431117651868,0.0,2010
280110,Canhoba - SE,247.55,30.200000000000003,4.118773946360153,SE,28007,Propriá,2801108,32.1780372126961,0.0,2010
280120,Canindé de São Francisco - SE,259.96,26.8,45.877277085330775,SE,28001,Sergipana do Sertão do São Francisco,2801207,29.96164315763425,0.0,2010
280130,Capela - SE,309.91,22.8,14.209019327129564,SE,28008,Cotinguiba,2801306,24.799145497608322,0.0,2010
280140,Carira - SE,290.02,31.599999999999994,16.57084883327697,SE,28002,Carira,2801405,34.815791299521266,0.0,2010
280150,Carmópolis - SE,377.89,13.599999999999994,82.87012292891502,SE,28010,Baixo Cotinguiba,2801504,14.456147893379192,0.0,2010
280160,Cedro de São João - SE,346.7,19.700000000000003,40.86339444115908,SE,28007,Propriá,2801603,21.17590822179732,0.0,2010
280170,Cristinápolis - SE,228.21,27.200000000000003,2.0051294007927254,SE,28012,Boquim,2801702,30.450076666366016,0.0,2010
280190,Cumbe - SE,282.35,23.8,11.472602739726028,SE,28003,Nossa Senhora das Dores,2801900,26.52189391242435,0.0,2010
280200,Divina Pastora - SE,275.95,20.90000000000001,12.363330529857024,SE,28008,Cotinguiba,2802007,23.149078726968174,0.0,2010
280210,Estância - SE,385.39,16.599999999999994,18.111922675599978,SE,28013,Estância,2802106,17.89293727962389,0.0,2010
280220,Feira Nova - SE,232.12,27.40000000000001,22.983870967741936,SE,28001,Sergipana do Sertão do São Francisco,2802205,30.238797960826403,0.0,2010
280230,Frei Paulo - SE,379.95,24.200000000000003,9.159727479182438,SE,28002,Carira,2802304,26.553727962178666,0.0,2010
280240,Gararu - SE,225.64,27.90000000000001,28.95800933125972,SE,28001,Sergipana do Sertão do São Francisco,2802403,30.768276033263,0.0,2010
280250,General Maynard - SE,342.64,13.900000000000006,38.095238095238095,SE,28010,Baixo Cotinguiba,2802502,15.232722143864597,0.0,2010
280260,Graccho Cardoso - SE,247.12,27.099999999999994,23.550295857988164,SE,28001,Sergipana do Sertão do São Francisco,2802601,29.951807228915662,0.0,2010
280270,Ilha das Flores - SE,185.64,23.700000000000003,12.129502963976288,SE,28007,Propriá,2802700,25.70975136660201,0.0,2010
280280,Indiaroba - SE,219.1,24.40000000000001,2.623612512613522,SE,28013,Estância,2802809,26.71601615074024,0.0,2010
280290,Itabaiana - SE,433.11,19.700000000000003,59.4777525670115,SE,28004,Agreste de Itabaiana,2802908,21.807720570990792,0.0,2010
280300,Itabaianinha - SE,249.38,26.90000000000001,42.75306748466258,SE,28012,Boquim,2803005,29.831823097289032,0.0,2010
280310,Itabi - SE,273.39,28.099999999999994,25.98978288633461,SE,28001,Sergipana do Sertão do São Francisco,2803104,30.87085467781073,0.0,2010
280320,Itaporanga d'Ajuda - SE,230.94,22.5,23.138297872340427,SE,28013,Estância,2803203,24.5530281756061,0.0,2010
280330,Japaratuba - SE,287.85,18.5,8.228670420095279,SE,28009,Japaratuba,2803302,20.582907953235633,0.0,2010
280340,Japoatã - SE,244.39,28.5,2.502750275027503,SE,28009,Japaratuba,2803401,30.83905246845251,0.0,2010
280350,Lagarto - SE,357.94,22.8,28.64126892156153,SE,28006,Agreste de Lagarto,2803500,25.316182190083836,0.0,2010
280360,Laranjeiras - SE,275.29,14.299999999999995,34.93487698986976,SE,28010,Baixo Cotinguiba,2803609,15.656327087597754,0.0,2010
280370,Macambira - SE,281.47,28.3,40.04117344312918,SE,28004,Agreste de Itabaiana,2803708,31.498405951115835,0.0,2010
280380,Malhada dos Bois - SE,258.81,21.5,10.76426264800861,SE,28003,Nossa Senhora das Dores,2803807,23.659043659043657,0.0,2010
280390,Malhador - SE,307.48,22.3,4.160809671071127,SE,28004,Agreste de Itabaiana,2803906,24.72723096359251,0.0,2010
280400,Maruim - SE,302.76,16.299999999999997,58.29202343397927,SE,28010,Baixo Cotinguiba,2804003,17.657735522904062,0.0,2010
280410,Moita Bonita - SE,324.72,24.099999999999994,27.505760368663594,SE,28004,Agreste de Itabaiana,2804102,26.51741889141626,0.0,2010
280420,Monte Alegre de Sergipe - SE,213.62,31.0,46.33406835722161,SE,28001,Sergipana do Sertão do São Francisco,2804201,33.82843612097729,0.0,2010
280430,Muribeca - SE,284.12,22.599999999999994,15.007215007215008,SE,28003,Nossa Senhora das Dores,2804300,24.68650570840352,0.0,2010
280440,Neópolis - SE,277.28,21.200000000000003,22.85041224970553,SE,28007,Propriá,2804409,22.72384115959535,0.0,2010
280445,Nossa Senhora Aparecida - SE,262.59,34.0,41.43518518518518,SE,28002,Carira,2804458,37.750118166062705,0.0,2010
280450,Nossa Senhora da Glória - SE,310.09,24.200000000000003,34.933882505961414,SE,28001,Sergipana do Sertão do São Francisco,2804508,26.686567164179106,0.0,2010
280460,Nossa Senhora das Dores - SE,287.16,25.90000000000001,8.249690636601127,SE,28003,Nossa Senhora das Dores,2804607,28.391931485237773,0.0,2010
280470,Nossa Senhora de Lourdes - SE,257.96,26.099999999999994,14.527981910684002,SE,28007,Propriá,2804706,28.911335578002245,0.0,2010
280480,Nossa Senhora do Socorro - SE,358.22,9.900000000000006,61.54847535413265,SE,28011,Aracaju,2804805,10.696121781987872,0.0,2010
280490,Pacatuba - SE,190.68,27.200000000000003,8.92604137149334,SE,28009,Japaratuba,2804904,29.420289855072465,0.0,2010
280500,Pedra Mole - SE,331.9,25.200000000000003,48.39080459770115,SE,28002,Carira,2805000,27.715690657130086,0.0,2010
280510,Pedrinhas - SE,271.82,24.200000000000003,14.82873851294904,SE,28012,Boquim,2805109,26.650485436893202,0.0,2010
280520,Pinhão - SE,293.0,27.3,39.33865450399088,SE,28002,Carira,2805208,30.15728288124003,0.0,2010
280530,Pirambu - SE,254.06,18.099999999999994,14.96844003606853,SE,28009,Japaratuba,2805307,20.19380515660149,0.0,2010
280540,Poço Redondo - SE,197.86,32.2,42.61560138337389,SE,28001,Sergipana do Sertão do São Francisco,2805406,35.58423713009766,0.0,2010
280550,Poço Verde - SE,261.68,26.8,45.237006553878985,SE,28005,Tobias Barreto,2805505,29.85065339141257,0.0,2010
280560,Porto da Folha - SE,219.28,28.5,37.8736642770188,SE,28001,Sergipana do Sertão do São Francisco,2805604,31.27977135598603,0.0,2010
280570,Propriá - SE,390.62,17.200000000000003,74.30555555555556,SE,28007,Propriá,2805703,18.68042226487524,0.0,2010
280580,Riachão do Dantas - SE,207.85,26.599999999999994,4.112855155970594,SE,28006,Agreste de Lagarto,2805802,29.228302849231216,0.0,2010
280590,Riachuelo - SE,309.67,15.5,58.60215053763441,SE,28010,Baixo Cotinguiba,2805901,17.012448132780083,0.0,2010
280600,Ribeirópolis - SE,352.34,25.90000000000001,56.76382660687593,SE,28002,Carira,2806008,28.50077279752705,0.0,2010
280610,Rosário do Catete - SE,332.78,13.0,40.81632653061224,SE,28010,Baixo Cotinguiba,2806107,14.144989995382485,0.0,2010
280620,Salgado - SE,310.24,25.0,2.029720913374411,SE,28012,Boquim,2806206,27.489208633093526,0.0,2010
280630,Santa Luzia do Itanhy - SE,192.49,29.200000000000003,13.662526507119054,SE,28013,Estância,2806305,33.027846316531544,0.0,2010
280640,Santana do São Francisco - SE,230.25,19.3,55.0755939524838,SE,28007,Propriá,2806404,21.022727272727273,0.0,2010
280650,Santa Rosa de Lima - SE,205.47,24.40000000000001,13.996138996138995,SE,28008,Cotinguiba,2806503,27.168073676132003,0.0,2010
280660,Santo Amaro das Brotas - SE,349.94,17.099999999999994,8.054327226784586,SE,28010,Baixo Cotinguiba,2806602,18.894348894348894,0.0,2010
280670,São Cristóvão - SE,381.89,11.900000000000006,38.6299655927432,SE,28011,Aracaju,2806701,12.801974651635039,0.0,2010
280680,São Domingos - SE,279.75,29.8,1.3509166934705694,SE,28004,Agreste de Itabaiana,2806800,33.36485208699176,0.0,2010
280690,São Francisco - SE,264.04,24.0,6.777996070726916,SE,28009,Japaratuba,2806909,26.718814326883493,0.0,2010
280700,São Miguel do Aleixo - SE,279.25,30.200000000000003,38.95238095238095,SE,28003,Nossa Senhora das Dores,2807006,33.82899628252788,0.0,2010
280710,Simão Dias - SE,290.16,24.099999999999994,49.04107189771434,SE,28005,Tobias Barreto,2807105,26.776341282981647,0.0,2010
280720,Siriri - SE,264.01,18.90000000000001,28.0755711775044,SE,28008,Cotinguiba,2807204,20.686556434219984,0.0,2010
280730,Telha - SE,256.71,24.5,68.33930704898447,SE,28007,Propriá,2807303,27.332395686826068,0.0,2010
280740,Tobias Barreto - SE,343.62,26.099999999999994,65.28242752332787,SE,28005,Tobias Barreto,2807402,28.343052197411463,0.0,2010
280750,Tomar do Geru - SE,202.09,28.8,4.81283422459893,SE,28012,Boquim,2807501,32.07797961896323,0.0,2010
280760,Umbaúba - SE,268.46,22.5,1.159751715125776,SE,28012,Boquim,2807600,24.72801740688596,0.0,2010
290010,Abaíra - BA,282.2,18.099999999999994,13.014763014763014,BA,29023,Seabra,2900108,19.453924914675767,0.0,2010
290020,Abaré - BA,214.86,24.40000000000001,46.24478442280946,BA,29005,Paulo Afonso,2900207,26.85319457476755,0.0,2010
290030,Acajutiba - BA,251.46,20.3,8.554716061418475,BA,29017,Alagoinhas,2900306,22.300970873786408,0.0,2010
290035,Adustina - BA,206.69,31.700000000000003,25.01105705440071,BA,29015,Ribeira do Pombal,2900355,35.52597004467023,0.0,2010
290040,Água Fria - BA,212.96,24.700000000000003,2.595419847328244,BA,29012,Feira de Santana,2900405,27.264044456021534,0.0,2010
290050,Érico Cardoso - BA,258.28,27.700000000000003,0.6400602409638554,BA,29025,Livramento do Brumado,2900504,30.269622528460157,0.0,2010
290060,Aiquara - BA,283.24,22.099999999999994,62.840323767476086,BA,29024,Jequié,2900603,23.75545851528384,0.0,2010
290070,Alagoinhas - BA,535.0,9.599999999999994,55.77971515719192,BA,29017,Alagoinhas,2900702,10.156895886535246,0.0,2010
290080,Alcobaça - BA,351.75,21.200000000000003,31.81362725450902,BA,29032,Porto Seguro,2900801,23.589263002878372,0.0,2010
290090,Almadina - BA,260.81,29.0,71.49413564507904,BA,29031,Ilhéus-Itabuna,2900900,31.82201602699283,0.0,2010
290100,Amargosa - BA,362.0,19.0,22.15372760547101,BA,29024,Jequié,2901007,20.851362413752778,0.0,2010
290110,Amélia Rodrigues - BA,350.28,12.299999999999995,10.331329512092829,BA,29019,Catu,2901106,13.22194165368291,0.0,2010
290115,América Dourada - BA,178.5,25.0,2.77456647398844,BA,29009,Irecê,2901155,27.52819206984358,0.0,2010
290120,Anagé - BA,243.51,31.0,20.002762812543168,BA,29028,Vitória da Conquista,2901205,33.86768314970497,0.0,2010
290130,Andaraí - BA,224.89,24.0,13.957832933013076,BA,29023,Seabra,2901304,26.56135579035464,0.0,2010
290135,Andorinha - BA,300.46,23.5,35.94460073577148,BA,29008,Senhor do Bonfim,2901353,25.706057227796357,0.0,2010
290140,Angical - BA,249.62,22.099999999999994,19.27742616033755,BA,29002,Cotegipe,2901403,24.55240491628762,0.0,2010
290150,Anguera - BA,266.07,21.40000000000001,26.299087663625546,BA,29012,Feira de Santana,2901502,23.12563323201621,0.0,2010
290160,Antas - BA,265.66,26.099999999999994,52.20588235294117,BA,29015,Ribeira do Pombal,2901601,28.329588014981272,0.0,2010
290170,Antônio Cardoso - BA,232.56,26.8,12.837370242214533,BA,29012,Feira de Santana,2901700,29.066886870355077,0.0,2010
290180,Antônio Gonçalves - BA,292.9,17.799999999999997,12.84046692607004,BA,29008,Senhor do Bonfim,2901809,19.717955175018886,0.0,2010
290190,Aporá - BA,194.73,25.0,1.1020881670533642,BA,29017,Alagoinhas,2901908,27.81257432807421,0.0,2010
290195,Apuarema - BA,247.35,28.599999999999994,43.54609929078014,BA,29024,Jequié,2901957,31.03448275862069,0.0,2010
290200,Aracatu - BA,316.35,26.700000000000003,1.2602739726027397,BA,29027,Brumado,2902005,29.376430205949656,0.0,2010
290205,Araçás - BA,222.68,21.0,2.787568087151554,BA,29017,Alagoinhas,2902054,23.152347101360462,0.0,2010
290210,Araci - BA,213.86,31.8,34.68997942991478,BA,29016,Serrinha,2902104,34.28033544412117,0.09412972787951394,2010
290220,Aramari - BA,267.91,18.099999999999994,8.485981308411215,BA,29017,Alagoinhas,2902203,19.582557830364266,0.0,2010
290225,Arataca - BA,252.88,28.599999999999994,17.992736876857048,BA,29031,Ilhéus-Itabuna,2902252,31.580459770114942,0.0,2010
290230,Aratuípe - BA,275.02,22.8,21.80388911874224,BA,29020,Santo Antônio de Jesus,2902302,24.615882257803655,0.0,2010
290240,Aurelino Leal - BA,249.13,24.599999999999994,50.77746622482794,BA,29031,Ilhéus-Itabuna,2902401,26.724494010739363,0.0,2010
290250,Baianópolis - BA,232.3,27.700000000000003,10.701203558346416,BA,29001,Barreiras,2902500,30.623496391339213,0.0,2010
290260,Baixa Grande - BA,236.73,23.099999999999994,36.686494051784464,BA,29011,Itaberaba,2902609,25.56301580640649,0.0,2010
290265,Banzaê - BA,221.44,23.700000000000003,18.81383855024712,BA,29015,Ribeira do Pombal,2902658,26.331396038429606,0.035582967619499466,2010
290270,Barra - BA,177.95,21.700000000000003,17.55731845523494,BA,29006,Barra,2902708,23.592485013287188,0.0,2010
290280,Barra da Estiva - BA,266.32,16.200000000000003,50.50738828556169,BA,29023,Seabra,2902807,18.02687643395608,0.0,2010
290290,Barra do Choça - BA,258.55,25.0,29.1082871728033,BA,29028,Vitória da Conquista,2902906,27.714193600386878,0.0,2010
290300,Barra do Mendes - BA,290.13,13.299999999999995,2.431315341599805,BA,29009,Irecê,2903003,14.748307329997056,0.0,2010
290310,Barra do Rocha - BA,281.03,24.90000000000001,54.67185761957731,BA,29031,Ilhéus-Itabuna,2903102,26.79343128781331,0.0,2010
290320,Barreiras - BA,594.07,9.5,35.14270160976748,BA,29001,Barreiras,2903201,10.331948967701456,0.0,2010
290323,Barro Alto - BA,246.6,16.299999999999997,7.166205682675384,BA,29009,Irecê,2903235,18.214212991244146,0.0,2010
290327,Barrocas - BA,279.27,18.40000000000001,27.64143632136399,BA,29016,Serrinha,2903276,19.69726185885075,0.0,2010
290330,Barro Preto - BA,284.75,24.3,71.99180747567844,BA,29031,Ilhéus-Itabuna,2903300,26.31361191559785,0.0,2010
290340,Belmonte - BA,277.8,22.8,57.37421383647799,BA,29031,Ilhéus-Itabuna,2903409,24.756962690488702,0.0,2010
290350,Belo Campo - BA,260.65,24.0,2.477632484514797,BA,29028,Vitória da Conquista,2903508,26.122621564482028,0.0,2010
290360,Biritinga - BA,205.95,24.3,16.796116504854368,BA,29016,Serrinha,2903607,26.13625801654429,0.0,2010
290370,Boa Nova - BA,219.12,28.3,34.85673691688373,BA,29028,Vitória da Conquista,2903706,31.702544031311156,0.0,2010
290380,Boa Vista do Tupim - BA,191.17,27.200000000000003,5.62953995157385,BA,29011,Itaberaba,2903805,30.305676855895197,0.0,2010
290390,Bom Jesus da Lapa - BA,359.93,17.700000000000003,37.51223690651003,BA,29007,Bom Jesus da Lapa,2903904,19.211263846256507,0.0,2010
290395,Bom Jesus da Serra - BA,220.22,24.90000000000001,1.486280487804878,BA,29028,Vitória da Conquista,2903953,27.146328293736502,0.0,2010
290400,Boninal - BA,255.16,19.8,16.18514150943396,BA,29023,Seabra,2904001,22.018165485577402,0.0,2010
290405,Bonito - BA,244.53,17.599999999999994,6.617832786057085,BA,29023,Seabra,2904050,20.31534263189812,0.0,2010
290410,Boquira - BA,264.54,23.3,3.365550569554712,BA,29022,Boquira,2904100,25.806252697786274,0.0,2010
290420,Botuporã - BA,227.76,23.8,32.77853260869565,BA,29022,Boquira,2904209,26.25725338491296,0.0,2010
290430,Brejões - BA,247.94,21.8,32.0253164556962,BA,29024,Jequié,2904308,24.215204236006052,0.0,2010
290440,Brejolândia - BA,218.48,24.099999999999994,1.1798469387755102,BA,29002,Cotegipe,2904407,26.301271288078677,0.0,2010
290450,Brotas de Macaúbas - BA,243.98,19.8,22.600812753985625,BA,29022,Boquira,2904506,21.224853577794754,0.0,2010
290460,Brumado - BA,398.87,14.900000000000006,63.39025181022371,BA,29027,Brumado,2904605,16.277712952158694,0.0,2010
290470,Buerarema - BA,299.29,21.3,65.84077245399891,BA,29031,Ilhéus-Itabuna,2904704,23.095734733510753,0.0,2010
290475,Buritirama - BA,173.63,23.700000000000003,3.5527462946817785,BA,29006,Barra,2904753,26.024942125308044,0.022403106564110223,2010
290480,Caatiba - BA,286.15,27.700000000000003,59.47332421340629,BA,29028,Vitória da Conquista,2904803,30.001187225454114,0.0,2010
290485,Cabaceiras do Paraguaçu - BA,207.62,24.200000000000003,6.348470806302132,BA,29020,Santo Antônio de Jesus,2904852,26.476014760147603,0.0,2010
290490,Cachoeira - BA,356.0,15.299999999999995,52.50832527661403,BA,29020,Santo Antônio de Jesus,2904902,16.087934049462902,0.0,2010
290500,Caculé - BA,381.08,18.40000000000001,18.62559241706161,BA,29026,Guanambi,2905008,20.165665286122614,0.0,2010
290510,Caém - BA,218.73,22.599999999999994,8.664868509777477,BA,29010,Jacobina,2905107,25.19977955359603,0.0,2010
290515,Caetanos - BA,220.36,25.3,10.49517284335098,BA,29028,Vitória da Conquista,2905156,27.0390413606494,0.0,2010
290520,Caetité - BA,401.91,18.8,34.75643130815545,BA,29026,Guanambi,2905206,20.415627597672486,0.0,2010
290530,Cafarnaum - BA,246.37,19.700000000000003,4.70464135021097,BA,29009,Irecê,2905305,21.81682180851064,0.0,2010
290540,Cairu - BA,323.16,14.599999999999994,45.46994072819644,BA,29030,Valença,2905404,15.60662263638831,0.0,2010
290550,Caldeirão Grande - BA,205.27,27.099999999999994,7.602836879432624,BA,29010,Jacobina,2905503,29.2638731596829,0.0,2010
290560,Camacan - BA,335.53,21.0,74.56711150325356,BA,29031,Ilhéus-Itabuna,2905602,22.822236352075574,0.0,2010
290570,Camaçari - BA,527.75,7.400000000000006,65.32821559378843,BA,29021,Salvador,2905701,7.77985777265779,0.0,2010
290580,Camamu - BA,260.17,24.5,33.41471181403248,BA,29030,Valença,2905800,26.649528706083977,0.0,2010
290590,Campo Alegre de Lourdes - BA,198.07,25.5,5.845264678838828,BA,29004,Juazeiro,2905909,27.95605960433301,0.0,2010
290600,Campo Formoso - BA,264.91,22.40000000000001,13.261847880437802,BA,29008,Senhor do Bonfim,2906006,24.548391210099034,0.0,2010
290610,Canápolis - BA,211.8,27.5,19.726027397260275,BA,29003,Santa Maria da Vitória,2906105,30.903351871336238,0.0,2010
290620,Canarana - BA,248.69,17.400000000000006,1.5681196950079126,BA,29009,Irecê,2906204,19.014499587410114,0.0,2010
290630,Canavieiras - BA,316.2,18.099999999999994,55.29835390946502,BA,29031,Ilhéus-Itabuna,2906303,19.61518814915716,0.0,2010
290640,Candeal - BA,250.1,23.3,0.6658832745789267,BA,29016,Serrinha,2906402,25.73319296134757,0.0,2010
290650,Candeias - BA,437.17,8.5,74.0880604210188,BA,29021,Salvador,2906501,9.08596995845318,0.0,2010
290660,Candiba - BA,288.99,23.700000000000003,1.1428571428571428,BA,29026,Guanambi,2906600,25.55696079385154,0.0,2010
290670,Cândido Sales - BA,262.48,23.5,7.778200735947215,BA,29028,Vitória da Conquista,2906709,26.078845304138643,0.0,2010
290680,Cansanção - BA,210.4,26.599999999999994,32.475203387941605,BA,29014,Euclides da Cunha,2906808,28.92877270559674,0.0,2010
290682,Canudos - BA,244.6,22.599999999999994,17.56086031671,BA,29014,Euclides da Cunha,2906824,25.237535064700026,0.0,2010
290685,Capela do Alto Alegre - BA,291.81,25.5,32.51664447403462,BA,29016,Serrinha,2906857,27.982842307258156,0.0,2010
290687,Capim Grosso - BA,371.98,19.099999999999994,12.161838640172371,BA,29010,Jacobina,2906873,20.776748971193417,0.0,2010
290689,Caraíbas - BA,275.25,30.099999999999994,3.990368077055384,BA,29027,Brumado,2906899,32.86776012301384,0.0,2010
290690,Caravelas - BA,366.78,22.599999999999994,24.72204054937868,BA,29032,Porto Seguro,2906907,24.953850210970465,0.0,2010
290700,Cardeal da Silva - BA,195.99,20.90000000000001,16.50526315789474,BA,29018,Entre Rios,2907004,23.007518796992482,0.0,2010
290710,Carinhanha - BA,205.18,23.40000000000001,6.155744447491089,BA,29007,Bom Jesus da Lapa,2907103,25.91028480197765,0.0,2010
290720,Casa Nova - BA,285.91,23.200000000000003,38.139861778142205,BA,29004,Juazeiro,2907202,24.862011039116872,0.0,2010
290730,Castro Alves - BA,303.96,21.0,56.83713173985547,BA,29020,Santo Antônio de Jesus,2907301,22.664131410764274,0.0,2010
290740,Catolândia - BA,242.33,23.5,10.408432147562582,BA,29001,Barreiras,2907400,25.71132953957579,0.0,2010
290750,Catu - BA,458.94,10.299999999999995,71.01984310106137,BA,29019,Catu,2907509,11.123555465051163,0.0,2010
290755,Caturama - BA,231.3,25.90000000000001,16.929460580912863,BA,29022,Boquira,2907558,27.876752336448597,0.0,2010
290760,Central - BA,228.23,18.200000000000003,9.943296881328472,BA,29009,Irecê,2907608,20.008196721311474,0.0,2010
290770,Chorrochó - BA,244.52,26.099999999999994,28.40452719970792,BA,29005,Paulo Afonso,2907707,28.380901573753,0.0,2010
290780,Cícero Dantas - BA,308.76,30.099999999999994,44.25745497490404,BA,29015,Ribeira do Pombal,2907806,32.90052100293064,0.0,2010
290790,Cipó - BA,293.93,21.599999999999994,6.425339366515837,BA,29015,Ribeira do Pombal,2907905,23.878475615172782,0.0,2010
290800,Coaraci - BA,337.36,21.700000000000003,83.76793704675204,BA,29031,Ilhéus-Itabuna,2908002,23.55450840550178,0.0,2010
290810,Cocos - BA,252.8,22.3,3.233779608650875,BA,29003,Santa Maria da Vitória,2908101,24.850367452079702,0.0,2010
290820,Conceição da Feira - BA,339.32,14.799999999999995,5.811694046988165,BA,29012,Feira de Santana,2908200,16.05282367774902,0.0,2010
290830,Conceição do Almeida - BA,280.52,18.8,29.350598391210514,BA,29020,Santo Antônio de Jesus,2908309,20.43281328636135,0.0,2010
290840,Conceição do Coité - BA,302.28,18.200000000000003,32.01036773043901,BA,29016,Serrinha,2908408,19.844835521269367,0.0,2010
290850,Conceição do Jacuípe - BA,398.25,11.599999999999994,6.792622582096266,BA,29012,Feira de Santana,2908507,12.385018265041152,0.0,2010
290860,Conde - BA,240.91,21.599999999999994,13.479829452279436,BA,29018,Entre Rios,2908606,24.094707520891365,0.0,2010
290870,Condeúba - BA,257.35,24.099999999999994,8.62252501596764,BA,29027,Brumado,2908705,27.24220623501199,0.0,2010
290880,Contendas do Sincorá - BA,288.39,24.200000000000003,11.57580283793876,BA,29023,Seabra,2908804,26.721920548728207,0.0,2010
290890,Coração de Maria - BA,253.89,19.200000000000003,4.032128514056225,BA,29012,Feira de Santana,2908903,21.000483325277912,0.0,2010
290900,Cordeiros - BA,260.45,22.90000000000001,0.4975124378109453,BA,29027,Brumado,2909000,25.549670999839513,0.0,2010
290910,Coribe - BA,232.1,25.5,2.956480605487228,BA,29003,Santa Maria da Vitória,2909109,28.372399510496095,0.0,2010
290920,Coronel João Sá - BA,236.06,34.599999999999994,30.81347576006573,BA,29013,Jeremoabo,2909208,39.2934873597857,0.0,2010
290930,Correntina - BA,280.82,21.200000000000003,17.345657879721557,BA,29003,Santa Maria da Vitória,2909307,23.445333802445244,0.0,2010
290940,Cotegipe - BA,231.53,26.700000000000003,5.8239398819108965,BA,29002,Cotegipe,2909406,29.83895784182993,0.0,2010
290950,Cravolândia - BA,257.27,25.0,60.040983606557376,BA,29024,Jequié,2909505,27.782312925170068,0.0,2010
290960,Crisópolis - BA,221.68,27.0,6.439267886855241,BA,29017,Alagoinhas,2909604,30.657599551318004,0.0,2010
290970,Cristópolis - BA,235.16,27.3,19.924812030075188,BA,29002,Cotegipe,2909703,30.202030560968105,0.0,2010
290980,Cruz das Almas - BA,463.0,10.900000000000006,17.758040171833276,BA,29020,Santo Antônio de Jesus,2909802,11.789049705661045,0.0,2010
290990,Curaçá - BA,231.1,22.700000000000003,37.2060857538036,BA,29004,Juazeiro,2909901,24.65565954441109,0.0,2010
291000,Dário Meira - BA,197.92,31.3,48.50635906536528,BA,29028,Vitória da Conquista,2910008,34.07293497363796,0.0,2010
291005,Dias d'Ávila - BA,431.04,7.700000000000003,60.06637168141593,BA,29021,Salvador,2910057,8.207513862640443,0.0,2010
291010,Dom Basílio - BA,240.38,22.0,0.4375631100639515,BA,29025,Livramento do Brumado,2910107,23.786074209803022,0.0,2010
291020,Dom Macedo Costa - BA,321.65,19.200000000000003,6.785411365564038,BA,29020,Santo Antônio de Jesus,2910206,20.793068977007664,0.0,2010
291030,Elísio Medrado - BA,310.47,23.40000000000001,0.9382329945269742,BA,29012,Feira de Santana,2910305,25.43117474780345,0.0,2010
291040,Encruzilhada - BA,211.07,29.40000000000001,20.390258659809408,BA,29029,Itapetinga,2910404,32.761301124132984,0.0,2010
291050,Entre Rios - BA,314.1,16.599999999999994,11.382700459998196,BA,29018,Entre Rios,2910503,18.06766034648358,0.0,2010
291060,Esplanada - BA,299.75,19.5,14.193175245806824,BA,29018,Entre Rios,2910602,21.61092332325209,0.0,2010
291070,Euclides da Cunha - BA,265.79,24.90000000000001,12.045153559941982,BA,29014,Euclides da Cunha,2910701,27.43280815569972,0.012194527096239208,2010
291072,Eunápolis - BA,563.87,13.700000000000005,38.70201283052171,BA,29032,Porto Seguro,2910727,14.79573565466516,0.0,2010
291075,Fátima - BA,248.44,31.700000000000003,45.81749049429658,BA,29015,Ribeira do Pombal,2910750,35.11741384568466,0.0,2010
291077,Feira da Mata - BA,205.01,20.200000000000003,2.296211251435132,BA,29007,Bom Jesus da Lapa,2910776,22.411161979507302,0.0,2010
291080,Feira de Santana - BA,646.63,8.599999999999994,60.58183515080067,BA,29012,Feira de Santana,2910800,9.086581952344641,0.0,2010
291085,Filadélfia - BA,242.98,20.90000000000001,9.711779448621554,BA,29008,Senhor do Bonfim,2910859,22.52481338692478,0.0,2010
291090,Firmino Alves - BA,324.25,21.3,74.15730337078652,BA,29031,Ilhéus-Itabuna,2910909,23.370389085396663,0.0,2010
291100,Floresta Azul - BA,235.59,26.700000000000003,70.26402640264027,BA,29031,Ilhéus-Itabuna,2911006,28.967350037965073,0.0,2010
291110,Formosa do Rio Preto - BA,274.6,20.40000000000001,3.3142242923683267,BA,29001,Barreiras,2911105,22.32573080629618,0.0,2010
291120,Gandu - BA,435.91,20.90000000000001,54.80195333695063,BA,29031,Ilhéus-Itabuna,2911204,22.83189850475759,0.0,2010
291125,Gavião - BA,267.23,24.0,14.760147601476016,BA,29016,Serrinha,2911253,26.256031791087143,0.0,2010
291130,Gentio do Ouro - BA,204.85,23.3,2.620967741935484,BA,29009,Irecê,2911303,25.44256363871301,0.0,2010
291140,Glória - BA,259.05,26.0,19.593647828117703,BA,29005,Paulo Afonso,2911402,28.100792449470216,0.0,2010
291150,Gongogi - BA,230.28,26.0,63.09683177153057,BA,29031,Ilhéus-Itabuna,2911501,28.443357783211084,0.0,2010
291160,Governador Mangabeira - BA,318.38,16.099999999999994,7.978526471677156,BA,29020,Santo Antônio de Jesus,2911600,17.454694100013626,0.0,2010
291165,Guajeru - BA,240.57,27.099999999999994,1.0498687664041997,BA,29027,Brumado,2911659,29.927190559879488,0.0,2010
291170,Guanambi - BA,487.92,14.200000000000005,53.05994256999282,BA,29026,Guanambi,2911709,15.41771776227927,0.0,2010
291180,Guaratinga - BA,254.96,31.599999999999994,42.36379874962787,BA,29032,Porto Seguro,2911808,34.46565364812257,0.0,2010
291185,Heliópolis - BA,236.45,28.700000000000003,8.200574562548969,BA,29015,Ribeira do Pombal,2911857,31.957693902944836,0.0,2010
291190,Iaçu - BA,297.68,22.40000000000001,28.762086340732672,BA,29011,Itaberaba,2911907,24.994535519125684,0.0,2010
291200,Ibiassucê - BA,346.06,19.5,2.394567548248749,BA,29026,Guanambi,2912004,21.04997476022211,0.0,2010
291210,Ibicaraí - BA,333.95,19.700000000000003,63.98198436879057,BA,29031,Ilhéus-Itabuna,2912103,21.50274893097129,0.0,2010
291220,Ibicoara - BA,295.76,14.799999999999995,17.66195399873391,BA,29023,Seabra,2912202,16.388378694272834,0.0,2010
291230,Ibicuí - BA,300.54,23.40000000000001,62.07112970711297,BA,29028,Vitória da Conquista,2912301,25.522159959246054,0.0,2010
291240,Ibipeba - BA,285.57,16.799999999999997,6.710044733631557,BA,29009,Irecê,2912400,18.255675029868577,0.0,2010
291250,Ibipitanga - BA,246.39,25.8,1.954053340374967,BA,29022,Boquira,2912509,28.101742816768724,0.0,2010
291260,Ibiquera - BA,187.8,27.90000000000001,7.785714285714286,BA,29011,Itaberaba,2912608,30.19086176980914,0.0,2010
291270,Ibirapitanga - BA,259.37,28.8,47.97852179406191,BA,29031,Ilhéus-Itabuna,2912707,31.91306645527811,0.0,2010
291280,Ibirapuã - BA,426.28,21.200000000000003,49.38875305623472,BA,29032,Porto Seguro,2912806,23.343527013251784,0.0,2010
291290,Ibirataia - BA,274.11,26.599999999999994,71.61001788908766,BA,29031,Ilhéus-Itabuna,2912905,28.881457236373986,0.0,2010
291300,Ibitiara - BA,240.52,20.90000000000001,15.811965811965813,BA,29022,Boquira,2913002,23.217176450541025,0.0,2010
291310,Ibititá - BA,247.44,20.90000000000001,1.4979834837718455,BA,29009,Irecê,2913101,22.734559890067946,0.0,2010
291320,Ibotirama - BA,330.87,16.799999999999997,30.564876957494405,BA,29006,Barra,2913200,17.98424341211627,0.0,2010
291330,Ichu - BA,293.92,13.5,1.0932475884244373,BA,29016,Serrinha,2913309,14.235412474849095,0.0,2010
291340,Igaporã - BA,295.31,18.599999999999994,21.42677085959163,BA,29026,Guanambi,2913408,20.392359318533813,0.0,2010
291345,Igrapiúna - BA,261.82,22.0,25.717501406865505,BA,29030,Valença,2913457,24.48681996634885,0.0,2010
291350,Iguaí - BA,251.12,27.8,57.75444264943457,BA,29028,Vitória da Conquista,2913507,30.219545987424066,0.0,2010
291360,Ilhéus - BA,571.5,11.700000000000005,66.50179454672072,BA,29031,Ilhéus-Itabuna,2913606,12.48539645451313,0.0,2010
291370,Inhambupe - BA,251.95,23.3,32.05557745368546,BA,29017,Alagoinhas,2913705,25.57511737089202,0.0,2010
291380,Ipecaetá - BA,182.34,23.8,4.692387904066736,BA,29012,Feira de Santana,2913804,26.234405201194868,0.0,2010
291390,Ipiaú - BA,556.18,18.40000000000001,66.63352707249923,BA,29031,Ilhéus-Itabuna,2913903,19.910998857417763,0.0,2010
291400,Ipirá - BA,264.97,25.200000000000003,51.23424215772501,BA,29012,Feira de Santana,2914000,27.48528563185228,0.0,2010
291410,Ipupiara - BA,253.09,14.5,1.9413919413919407,BA,29022,Boquira,2914109,15.881032547699215,0.0,2010
291420,Irajuba - BA,233.06,25.3,3.218173213440606,BA,29024,Jequié,2914208,27.818651819447208,0.0,2010
291430,Iramaia - BA,232.57,22.200000000000003,1.389317690645261,BA,29024,Jequié,2914307,24.32213209733488,0.0,2010
291440,Iraquara - BA,241.06,15.799999999999995,10.057330057330056,BA,29009,Irecê,2914406,17.720718441689854,0.0,2010
291450,Irará - BA,301.56,21.200000000000003,2.7553505062155583,BA,29012,Feira de Santana,2914505,23.273302988323767,0.0,2010
291460,Irecê - BA,478.42,12.299999999999995,29.156049332382025,BA,29009,Irecê,2914604,13.401722078029087,0.0,2010
291465,Itabela - BA,347.91,23.099999999999994,4.283903675538657,BA,29032,Porto Seguro,2914653,25.73988735279058,0.0,2010
291470,Itaberaba - BA,416.68,16.700000000000003,69.0187679648312,BA,29011,Itaberaba,2914703,17.96409836428429,0.0,2010
291480,Itabuna - BA,585.24,9.799999999999995,81.69787369089178,BA,29031,Ilhéus-Itabuna,2914802,10.376009314804971,0.0,2010
291490,Itacaré - BA,318.65,21.599999999999994,39.257176679490975,BA,29031,Ilhéus-Itabuna,2914901,23.002887391722812,0.0,2010
291500,Itaeté - BA,221.97,23.200000000000003,9.358879882092852,BA,29023,Seabra,2915007,26.318829418559876,0.0,2010
291510,Itagi - BA,228.82,27.8,56.84096450826334,BA,29024,Jequié,2915106,30.76515472657906,0.0,2010
291520,Itagibá - BA,257.35,24.700000000000003,64.71840984382395,BA,29031,Ilhéus-Itabuna,2915205,26.512203749557834,0.0,2010
291530,Itagimirim - BA,330.18,25.40000000000001,76.63896583564174,BA,29032,Porto Seguro,2915304,27.88442893154935,0.0,2010
291535,Itaguaçu da Bahia - BA,244.58,26.099999999999994,10.767922924341171,BA,29006,Barra,2915353,28.718623259892578,0.0,2010
291540,Itaju do Colônia - BA,274.62,23.40000000000001,67.89497927222479,BA,29031,Ilhéus-Itabuna,2915403,25.65260058881256,0.0,2010
291550,Itajuípe - BA,349.98,20.3,59.5,BA,29031,Ilhéus-Itabuna,2915502,21.811354378818738,0.0,2010
291560,Itamaraju - BA,421.76,20.099999999999994,55.789869070616014,BA,29032,Porto Seguro,2915601,22.105240117322595,0.0,2010
291570,Itamari - BA,317.46,25.5,41.600335148722245,BA,29031,Ilhéus-Itabuna,2915700,28.212389380530972,0.0,2010
291580,Itambé - BA,307.25,22.5,83.53578463558766,BA,29029,Itapetinga,2915809,24.760822769672327,0.0,2010
291590,Itanagra - BA,279.2,22.5,21.103896103896105,BA,29019,Catu,2915908,24.59708365310821,0.0,2010
291600,Itanhém - BA,381.9,22.40000000000001,65.67810195575505,BA,29032,Porto Seguro,2916005,24.820002618143736,0.0,2010
291610,Itaparica - BA,404.92,7.200000000000003,48.0050465226305,BA,29021,Salvador,2916104,7.578232181354935,0.0,2010
291620,Itapé - BA,273.12,21.3,60.17406962785114,BA,29031,Ilhéus-Itabuna,2916203,23.21384728701203,0.0,2010
291630,Itapebi - BA,266.35,26.5,5.373831775700935,BA,29031,Ilhéus-Itabuna,2916302,29.642955992250208,0.0,2010
291640,Itapetinga - BA,497.69,13.900000000000006,92.36550222867211,BA,29029,Itapetinga,2916401,14.910992303624933,0.0,2010
291650,Itapicuru - BA,182.99,35.2,11.844444444444443,BA,29015,Ribeira do Pombal,2916500,38.53583679364506,0.0,2010
291660,Itapitanga - BA,218.19,23.40000000000001,77.5436046511628,BA,29031,Ilhéus-Itabuna,2916609,25.675136357589462,0.0,2010
291670,Itaquara - BA,219.9,30.8,61.91546762589928,BA,29024,Jequié,2916708,33.750652060511214,0.0,2010
291680,Itarantim - BA,344.15,21.0,75.08910148189833,BA,29029,Itapetinga,2916807,23.026363308053448,0.0,2010
291685,Itatim - BA,237.46,21.40000000000001,2.588686481303931,BA,29012,Feira de Santana,2916856,23.316506333936566,0.0,2010
291690,Itiruçu - BA,303.4,22.40000000000001,52.26434965771459,BA,29024,Jequié,2916906,24.52054794520548,0.0,2010
291700,Itiúba - BA,203.35,24.8,21.2791512361125,BA,29008,Senhor do Bonfim,2917003,26.545640702528157,0.0,2010
291710,Itororó - BA,317.27,22.40000000000001,71.9186144274424,BA,29029,Itapetinga,2917102,24.373146400647073,0.0,2010
291720,Ituaçu - BA,265.23,23.3,8.264628996581541,BA,29027,Brumado,2917201,25.80001478087355,0.0,2010
291730,Ituberá - BA,331.18,18.700000000000003,37.93990254466703,BA,29030,Valença,2917300,20.384942577626543,0.0,2010
291733,Iuiu - BA,246.35,23.599999999999994,13.18840579710145,BA,29026,Guanambi,2917334,25.99408055591301,0.0,2010
291735,Jaborandi - BA,275.17,23.099999999999994,46.05263157894737,BA,29003,Santa Maria da Vitória,2917359,25.549692172383466,0.0,2010
291740,Jacaraci - BA,280.87,23.599999999999994,6.465634338494974,BA,29026,Guanambi,2917409,25.82111709036927,0.0,2010
291750,Jacobina - BA,402.96,16.099999999999994,54.575412932524216,BA,29010,Jacobina,2917508,17.563575866634977,0.0,2010
291760,Jaguaquara - BA,292.29,24.40000000000001,29.871421467642254,BA,29024,Jequié,2917607,26.777921115472235,0.0,2010
291770,Jaguarari - BA,427.92,16.799999999999997,58.72195336559613,BA,29008,Senhor do Bonfim,2917706,18.201151971643775,0.0,2010
291780,Jaguaripe - BA,244.35,26.0,8.398778359511343,BA,29020,Santo Antônio de Jesus,2917805,28.354495538778313,0.0,2010
291790,Jandaíra - BA,186.15,24.200000000000003,3.824730783512811,BA,29018,Entre Rios,2917904,27.291124602486267,0.0,2010
291800,Jequié - BA,463.19,15.0,78.09927387494758,BA,29024,Jequié,2918001,15.902108825826607,0.0,2010
291810,Jeremoabo - BA,260.72,29.200000000000003,33.36128190795603,BA,29013,Jeremoabo,2918100,31.999254704676726,0.0,2010
291820,Jiquiriçá - BA,252.1,20.599999999999994,30.3387703889586,BA,29024,Jequié,2918209,22.601422803307056,0.0,2010
291830,Jitaúna - BA,260.58,27.0,50.74517468849255,BA,29024,Jequié,2918308,29.7164824603556,0.0,2010
291835,João Dourado - BA,275.86,18.5,4.556393390020856,BA,29009,Irecê,2918357,20.668442415017758,0.0,2010
291840,Juazeiro - BA,456.91,12.5,65.2029298969447,BA,29004,Juazeiro,2918407,13.35839054183876,0.0,2010
291845,Jucuruçu - BA,179.62,29.0,37.11717709720373,BA,29032,Porto Seguro,2918456,32.036211322794216,0.0,2010
291850,Jussara - BA,233.64,23.40000000000001,2.9411764705882355,BA,29009,Irecê,2918506,25.800995959785773,0.0,2010
291855,Jussari - BA,279.98,27.599999999999994,66.5167416291854,BA,29031,Ilhéus-Itabuna,2918555,29.470763977806232,0.0,2010
291860,Jussiape - BA,332.66,23.599999999999994,21.662468513853906,BA,29023,Seabra,2918605,25.25081031023306,0.0,2010
291870,Lafaiete Coutinho - BA,283.81,24.5,39.581657280772326,BA,29024,Jequié,2918704,26.841243862520457,0.0,2010
291875,Lagoa Real - BA,221.57,21.40000000000001,5.617638175777711,BA,29026,Guanambi,2918753,23.825147158158835,0.0,2010
291880,Laje - BA,238.16,24.90000000000001,25.743509047993705,BA,29024,Jequié,2918803,27.43789395624768,0.0,2010
291890,Lajedão - BA,447.01,22.3,67.65432098765432,BA,29032,Porto Seguro,2918902,24.175824175824175,0.0,2010
291900,Lajedinho - BA,205.29,25.200000000000003,20.556552962298024,BA,29011,Itaberaba,2919009,27.580133849947163,0.0,2010
291905,Lajedo do Tabocal - BA,233.3,26.3,0.6565449322938038,BA,29024,Jequié,2919058,29.292763157894736,0.0,2010
291910,Lamarão - BA,179.63,30.099999999999994,21.49265905383361,BA,29016,Serrinha,2919108,32.779235928842226,0.0,2010
291915,Lapão - BA,241.71,19.40000000000001,10.677476982272914,BA,29009,Irecê,2919157,20.985431330823374,0.0,2010
291920,Lauro de Freitas - BA,998.62,4.700000000000003,80.88398907656519,BA,29021,Salvador,2919207,4.934506951596292,0.0,2010
291930,Lençóis - BA,359.51,16.900000000000006,56.2,BA,29023,Seabra,2919306,18.6742006615215,0.027563395810363836,2010
291940,Licínio de Almeida - BA,296.16,20.90000000000001,4.593741027849555,BA,29026,Guanambi,2919405,22.93480569122956,0.0,2010
291950,Livramento de Nossa Senhora - BA,302.93,19.3,32.57855011409514,BA,29025,Livramento do Brumado,2919504,21.148463691446498,0.0,2010
291955,Luís Eduardo Magalhães - BA,847.88,6.799999999999997,18.16084191569588,BA,29001,Barreiras,2919553,7.269122749050058,0.0,2010
291960,Macajuba - BA,183.18,25.099999999999994,43.86281588447653,BA,29011,Itaberaba,2919603,27.756410256410255,0.0,2010
291970,Macarani - BA,345.25,24.8,78.16532258064517,BA,29029,Itapetinga,2919702,27.5009900990099,0.0,2010
291980,Macaúbas - BA,249.16,24.0,27.00380102462403,BA,29022,Boquira,2919801,26.443176278282813,0.0,2010
291990,Macururé - BA,234.7,24.40000000000001,1.0009532888465205,BA,29005,Paulo Afonso,2919900,25.767296688052713,0.0,2010
291992,Madre de Deus - BA,476.61,4.900000000000006,91.97602474864657,BA,29021,Salvador,2919926,5.261564085093497,0.0,2010
291995,Maetinga - BA,267.32,30.0,24.924318869828458,BA,29027,Brumado,2919959,32.92018779342723,0.0,2010
292000,Maiquinique - BA,298.99,24.40000000000001,75.07407407407408,BA,29029,Itapetinga,2920007,26.786824114356744,0.0,2010
292010,Mairi - BA,283.2,21.90000000000001,54.01962472026166,BA,29011,Itaberaba,2920106,24.107205500596365,0.0,2010
292020,Malhada - BA,217.29,21.599999999999994,15.286789514663898,BA,29026,Guanambi,2920205,24.317140238313474,0.0,2010
292030,Malhada de Pedras - BA,240.76,23.5,10.016906170752325,BA,29027,Brumado,2920304,26.132295719844358,0.0,2010
292040,Manoel Vitorino - BA,221.01,25.3,3.1621553250695675,BA,29028,Vitória da Conquista,2920403,27.80595158358052,0.0,2010
292045,Mansidão - BA,173.65,16.299999999999997,3.03994344291269,BA,29002,Cotegipe,2920452,17.548212473215294,0.0,2010
292050,Maracás - BA,286.65,22.3,9.61974649766511,BA,29024,Jequié,2920502,24.614041787136543,0.0,2010
292060,Maragogipe - BA,293.43,21.200000000000003,40.9147713071732,BA,29020,Santo Antônio de Jesus,2920601,22.753018797460477,0.0,2010
292070,Maraú - BA,429.92,24.200000000000003,20.05036807438977,BA,29030,Valença,2920700,25.439731972892712,0.0,2010
292080,Marcionílio Souza - BA,190.5,27.5,13.88697450034459,BA,29024,Jequié,2920809,30.64187813814629,0.0,2010
292090,Mascote - BA,251.72,27.599999999999994,44.29546562652365,BA,29031,Ilhéus-Itabuna,2920908,30.602766798418973,0.0,2010
292100,Mata de São João - BA,423.79,10.700000000000005,42.923116394424014,BA,29019,Catu,2921005,11.559366665541338,0.0,2010
292105,Matina - BA,222.17,28.5,3.249361080686382,BA,29026,Guanambi,2921054,31.909860557768923,0.0,2010
292110,Medeiros Neto - BA,379.62,21.8,35.318155283129016,BA,29032,Porto Seguro,2921104,24.067187306309656,0.0,2010
292120,Miguel Calmon - BA,276.35,18.599999999999994,41.98275862068966,BA,29010,Jacobina,2921203,20.422066280797008,0.0,2010
292130,Milagres - BA,308.71,19.90000000000001,5.22771007055805,BA,29024,Jequié,2921302,22.247161341431212,0.0,2010
292140,Mirangaba - BA,190.43,22.5,18.81847475832438,BA,29010,Jacobina,2921401,25.321370028470366,0.0,2010
292145,Mirante - BA,208.1,27.8,21.966977745872217,BA,29028,Vitória da Conquista,2921450,30.179717586649552,0.0,2010
292150,Monte Santo - BA,195.67,32.599999999999994,12.045281976944848,BA,29014,Euclides da Cunha,2921500,35.5710269112331,0.0,2010
292160,Morpará - BA,215.54,25.599999999999994,4.5549519431675725,BA,29006,Barra,2921609,27.6158940397351,0.0,2010
292170,Morro do Chapéu - BA,246.76,20.0,9.59911361804996,BA,29010,Jacobina,2921708,22.010991247710155,0.004070832485243233,2010
292180,Mortugaba - BA,328.47,24.099999999999994,1.828206616366802,BA,29026,Guanambi,2921807,26.483971044467424,0.0,2010
292190,Mucugê - BA,310.12,18.40000000000001,37.56544502617801,BA,29023,Seabra,2921906,19.851986497013762,0.0,2010
292200,Mucuri - BA,524.16,16.400000000000006,30.85096290674509,BA,29032,Porto Seguro,2922003,18.2606638807853,0.0,2010
292205,Mulungu do Morro - BA,199.13,18.700000000000003,0.5140610825521621,BA,29009,Irecê,2922052,20.40621266427718,0.0,2010
292210,Mundo Novo - BA,341.87,20.5,37.782738095238095,BA,29011,Itaberaba,2922102,22.87668084128261,0.0,2010
292220,Muniz Ferreira - BA,292.32,20.599999999999994,26.411738550466875,BA,29020,Santo Antônio de Jesus,2922201,22.535707988009168,0.0,2010
292225,Muquém do São Francisco - BA,164.39,23.0,16.242884250474383,BA,29006,Barra,2922250,25.236686390532544,0.0,2010
292230,Muritiba - BA,388.55,15.599999999999994,14.943496032700168,BA,29020,Santo Antônio de Jesus,2922300,16.837528604118994,0.0,2010
292240,Mutuípe - BA,371.14,21.40000000000001,49.314435372053616,BA,29024,Jequié,2922409,23.47008229688757,0.0,2010
292250,Nazaré - BA,408.25,17.099999999999994,53.81531136449067,BA,29020,Santo Antônio de Jesus,2922508,18.43167777399426,0.0,2010
292260,Nilo Peçanha - BA,200.94,24.200000000000003,32.39595050618673,BA,29030,Valença,2922607,26.28692927484333,0.0,2010
292265,Nordestina - BA,186.38,26.200000000000003,3.9156626506024095,BA,29014,Euclides da Cunha,2922656,29.45736434108527,0.0,2010
292270,Nova Canaã - BA,244.81,28.700000000000003,46.75507333735182,BA,29028,Vitória da Conquista,2922706,31.43137415188425,0.0,2010
292273,Nova Fátima - BA,282.77,21.40000000000001,63.91196013289037,BA,29016,Serrinha,2922730,23.62204724409449,0.0,2010
292275,Nova Ibiá - BA,377.32,26.099999999999994,35.954500494559845,BA,29031,Ilhéus-Itabuna,2922755,29.012981660828352,0.0,2010
292280,Nova Itarana - BA,185.26,27.200000000000003,6.536259541984733,BA,29024,Jequié,2922805,30.558238361985705,0.0,2010
292285,Nova Redenção - BA,220.57,24.700000000000003,10.283018867924527,BA,29023,Seabra,2922854,27.151310228233307,0.0,2010
292290,Nova Soure - BA,238.53,27.90000000000001,1.3180764774044031,BA,29015,Ribeira do Pombal,2922904,31.39322533136966,0.0,2010
292300,Nova Viçosa - BA,464.88,17.0,19.091884161601715,BA,29032,Porto Seguro,2923001,19.03596588802373,0.0,2010
292303,Novo Horizonte - BA,249.57,20.099999999999994,10.553916748607014,BA,29022,Boquira,2923035,21.93516333374736,0.0,2010
292305,Novo Triunfo - BA,192.76,21.099999999999994,55.13172338090011,BA,29015,Ribeira do Pombal,2923050,23.291811687122184,0.0,2010
292310,Olindina - BA,208.28,27.200000000000003,51.24071218281228,BA,29015,Ribeira do Pombal,2923100,29.09838373599144,0.0,2010
292320,Oliveira dos Brejinhos - BA,214.82,20.099999999999994,12.875816993464053,BA,29022,Boquira,2923209,22.03934922436625,0.0,2010
292330,Ouriçangas - BA,278.65,24.40000000000001,15.10136532892015,BA,29012,Feira de Santana,2923308,26.89513581806696,0.0,2010
292335,Ourolândia - BA,236.2,25.0,18.637532133676093,BA,29010,Jacobina,2923357,27.853761178327197,0.0,2010
292340,Palmas de Monte Alto - BA,257.67,25.700000000000003,16.527272727272727,BA,29026,Guanambi,2923407,28.420783536780213,0.0,2010
292350,Palmeiras - BA,344.4,16.0,29.65997541990988,BA,29023,Seabra,2923506,17.805000839066956,0.0,2010
292360,Paramirim - BA,337.63,18.5,38.71311766797014,BA,29025,Livramento do Brumado,2923605,20.009692857575573,0.0,2010
292370,Paratinga - BA,198.58,22.40000000000001,3.161836083760921,BA,29007,Bom Jesus da Lapa,2923704,24.283595656125915,0.0,2010
292380,Paripiranga - BA,270.44,25.599999999999994,26.08749689286602,BA,29015,Ribeira do Pombal,2923803,28.092620518558157,0.0,2010
292390,Pau Brasil - BA,273.81,25.8,65.03807106598985,BA,29031,Ilhéus-Itabuna,2923902,28.192999053926208,0.0,2010
292400,Paulo Afonso - BA,531.71,15.700000000000005,82.9956003725232,BA,29005,Paulo Afonso,2924009,16.697763514690152,0.0,2010
292405,Pé de Serra - BA,254.48,21.90000000000001,3.131163708086785,BA,29016,Serrinha,2924058,24.371239767235426,0.0,2010
292410,Pedrão - BA,219.85,20.099999999999994,2.770378263185935,BA,29012,Feira de Santana,2924108,21.881752111569437,0.0,2010
292420,Pedro Alexandre - BA,167.04,38.4,2.8310715956949,BA,29013,Jeremoabo,2924207,40.96229987949733,0.0,2010
292430,Piatã - BA,225.92,21.40000000000001,5.187319884726225,BA,29023,Seabra,2924306,23.737834549878347,0.0,2010
292440,Pilão Arcado - BA,193.09,28.599999999999994,1.999024865919064,BA,29004,Juazeiro,2924405,30.072836141025068,0.0,2010
292450,Pindaí - BA,267.49,21.700000000000003,3.266090297790586,BA,29026,Guanambi,2924504,23.797616070684338,0.0,2010
292460,Pindobaçu - BA,204.17,22.599999999999994,42.24678323985484,BA,29008,Senhor do Bonfim,2924603,24.700173310225303,0.0,2010
292465,Pintadas - BA,271.45,21.5,54.221912072575016,BA,29012,Feira de Santana,2924652,24.10470113296002,0.0,2010
292467,Piraí do Norte - BA,235.01,24.700000000000003,26.58564375237372,BA,29030,Valença,2924678,26.18282710280374,0.0,2010
292470,Piripá - BA,236.01,23.5,4.837264855180651,BA,29027,Brumado,2924702,25.41277103640342,0.0,2010
292480,Piritiba - BA,263.01,19.5,36.60620596612202,BA,29010,Jacobina,2924801,21.627475247524753,0.0,2010
292490,Planaltino - BA,279.2,29.40000000000001,0.6722024515618822,BA,29024,Jequié,2924900,32.30769230769231,0.0,2010
292500,Planalto - BA,253.33,26.8,2.771731243651139,BA,29028,Vitória da Conquista,2925006,29.455930968790273,0.0,2010
292510,Poções - BA,286.07,24.700000000000003,64.59998448048421,BA,29028,Vitória da Conquista,2925105,26.93356470004958,0.0,2010
292520,Pojuca - BA,411.56,8.599999999999994,87.19416970327954,BA,29019,Catu,2925204,9.319443327165956,0.0,2010
292525,Ponto Novo - BA,223.48,23.099999999999994,10.375472117307265,BA,29010,Jacobina,2925253,25.436945415434256,0.0,2010
292530,Porto Seguro - BA,515.25,11.099999999999994,69.19006282422252,BA,29032,Porto Seguro,2925303,11.984550721344997,0.0,2010
292540,Potiraguá - BA,319.9,20.099999999999994,75.64102564102564,BA,29029,Itapetinga,2925402,22.35211267605634,0.0,2010
292550,Prado - BA,367.6,17.799999999999997,14.697711337478502,BA,29032,Porto Seguro,2925501,19.899032393773663,0.0,2010
292560,Presidente Dutra - BA,264.5,14.099999999999994,6.928977975748577,BA,29009,Irecê,2925600,15.414710485133021,0.0,2010
292570,Presidente Jânio Quadros - BA,209.77,30.8,31.98839662447257,BA,29027,Brumado,2925709,34.04317103862162,0.0,2010
292575,Presidente Tancredo Neves - BA,268.35,26.0,28.13028114917806,BA,29030,Valença,2925758,29.146537842190018,0.0,2010
292580,Queimadas - BA,239.87,21.40000000000001,37.91381278538813,BA,29014,Euclides da Cunha,2925808,23.61228515074669,0.0,2010
292590,Quijingue - BA,226.62,30.700000000000003,13.149889380530974,BA,29014,Euclides da Cunha,2925907,34.468917249897075,0.0,2010
292593,Quixabeira - BA,234.45,27.90000000000001,4.051383399209486,BA,29010,Jacobina,2925931,30.77683615819209,0.0,2010
292595,Rafael Jambeiro - BA,226.04,26.8,11.699920191540304,BA,29012,Feira de Santana,2925956,29.776447593452236,0.0,2010
292600,Remanso - BA,269.65,25.5,49.99527633443552,BA,29004,Juazeiro,2926004,27.44972186563971,0.0,2010
292610,Retirolândia - BA,287.47,17.700000000000003,17.496598639455783,BA,29016,Serrinha,2926103,19.21416712783619,0.0,2010
292620,Riachão das Neves - BA,207.17,27.5,8.983251564879039,BA,29001,Barreiras,2926202,30.147477688461294,0.0,2010
292630,Riachão do Jacuípe - BA,305.39,16.5,64.43131462333825,BA,29016,Serrinha,2926301,18.006405440670594,0.0,2010
292640,Riacho de Santana - BA,275.97,25.0,5.934643796168774,BA,29026,Guanambi,2926400,27.585150161982313,0.0,2010
292650,Ribeira do Amparo - BA,180.61,31.90000000000001,1.1187388761759471,BA,29015,Ribeira do Pombal,2926509,35.594573024740626,0.0,2010
292660,Ribeira do Pombal - BA,314.22,23.90000000000001,27.649269914702906,BA,29015,Ribeira do Pombal,2926608,26.383187836040932,0.0,2010
292665,Ribeirão do Largo - BA,267.26,28.200000000000003,30.72487644151565,BA,29029,Itapetinga,2926657,30.948446794448117,0.0,2010
292670,Rio de Contas - BA,289.15,18.3,22.87019618382155,BA,29023,Seabra,2926707,20.073380322487207,0.0,2010
292680,Rio do Antônio - BA,250.83,25.700000000000003,16.02691924227318,BA,29027,Brumado,2926806,28.44020333541425,0.0,2010
292690,Rio do Pires - BA,267.94,25.3,2.8931979070483225,BA,29025,Livramento do Brumado,2926905,27.335490830636463,0.0,2010
292700,Rio Real - BA,264.33,21.700000000000003,9.5229151014275,BA,29017,Alagoinhas,2927002,24.429015858562867,0.0,2010
292710,Rodelas - BA,255.68,21.200000000000003,86.58070678127984,BA,29005,Paulo Afonso,2927101,22.201665124884368,0.0,2010
292720,Ruy Barbosa - BA,288.42,20.8,53.01438684631194,BA,29011,Itaberaba,2927200,22.80180222026104,0.0,2010
292730,Salinas da Margarida - BA,282.43,11.400000000000006,11.766240542655884,BA,29020,Santo Antônio de Jesus,2927309,12.044277444907078,0.0,2010
292740,Salvador - BA,935.66,3.9000000000000057,93.1177209574717,BA,29021,Salvador,2927408,3.966543185218404,0.0034858699789340397,2010
292750,Santa Bárbara - BA,245.33,20.40000000000001,6.022538333641234,BA,29012,Feira de Santana,2927507,22.226256171943074,0.0,2010
292760,Santa Brígida - BA,218.83,30.90000000000001,35.81696214662195,BA,29013,Jeremoabo,2927606,34.079320113314445,0.0,2010
292770,Santa Cruz Cabrália - BA,380.67,14.299999999999995,49.396197327852,BA,29032,Porto Seguro,2927705,15.805251762615889,0.0,2010
292780,Santa Cruz da Vitória - BA,264.76,22.700000000000003,76.49063032367972,BA,29031,Ilhéus-Itabuna,2927804,24.60743390975949,0.0,2010
292790,Santa Inês - BA,273.13,25.700000000000003,66.27402355858648,BA,29024,Jequié,2927903,28.263380824027724,0.0,2010
292800,Santaluz - BA,254.1,21.200000000000003,56.69491525423729,BA,29016,Serrinha,2928000,23.370731904896918,0.0,2010
292805,Santa Luzia - BA,261.97,27.599999999999994,43.81767816670864,BA,29031,Ilhéus-Itabuna,2928059,29.892336922102597,0.0,2010
292810,Santa Maria da Vitória - BA,309.25,21.8,13.329138953801904,BA,29003,Santa Maria da Vitória,2928109,24.046581312993734,0.0,2010
292820,Santana - BA,299.57,23.599999999999994,13.154111558366878,BA,29003,Santa Maria da Vitória,2928208,25.723983138993813,0.0,2010
292830,Santanópolis - BA,261.4,22.099999999999994,1.1290322580645162,BA,29012,Feira de Santana,2928307,24.265165728580364,0.0,2010
292840,Santa Rita de Cássia - BA,262.27,19.099999999999994,14.30557486445155,BA,29002,Cotegipe,2928406,21.07482121891344,0.0,2010
292850,Santa Terezinha - BA,240.31,22.90000000000001,4.712404712404712,BA,29012,Feira de Santana,2928505,25.356244761106453,0.0,2010
292860,Santo Amaro - BA,377.61,11.900000000000006,59.02806377596046,BA,29020,Santo Antônio de Jesus,2928604,12.693999407461428,0.0,2010
292870,Santo Antônio de Jesus - BA,526.1,11.5,67.38979837386518,BA,29020,Santo Antônio de Jesus,2928703,12.381457941779889,0.0,2010
292880,Santo Estêvão - BA,344.29,19.8,12.74569556605211,BA,29012,Feira de Santana,2928802,21.47956989247312,0.0,2010
292890,São Desidério - BA,294.68,22.90000000000001,8.474335276553392,BA,29001,Barreiras,2928901,25.528598888253935,0.01039015013766949,2010
292895,São Domingos - BA,332.49,20.40000000000001,64.51391274476126,BA,29016,Serrinha,2928950,22.137619853355893,0.0,2010
292900,São Félix - BA,296.39,14.0,62.38159675236807,BA,29020,Santo Antônio de Jesus,2929008,15.009174311926605,0.0,2010
292905,São Félix do Coribe - BA,329.96,15.299999999999995,1.629106706489275,BA,29003,Santa Maria da Vitória,2929057,16.831364124597208,0.0,2010
292910,São Felipe - BA,265.64,20.8,9.804910864446686,BA,29020,Santo Antônio de Jesus,2929107,22.709188911704313,0.0,2010
292920,São Francisco do Conde - BA,419.9,9.400000000000006,66.33789373210308,BA,29021,Salvador,2929206,10.10147028370263,0.0,2010
292925,São Gabriel - BA,241.8,17.599999999999994,8.513962116774067,BA,29009,Irecê,2929255,19.56257594167679,0.0,2010
292930,São Gonçalo dos Campos - BA,410.24,13.900000000000006,7.720465890183027,BA,29012,Feira de Santana,2929305,15.033024028526278,0.0,2010
292935,São José da Vitória - BA,242.26,25.700000000000003,78.2583284628872,BA,29031,Ilhéus-Itabuna,2929354,28.081007656211412,0.0,2010
292937,São José do Jacuípe - BA,249.81,26.099999999999994,31.98599618077657,BA,29010,Jacobina,2929370,28.561736770691994,0.0,2010
292940,São Miguel das Matas - BA,269.64,22.0,17.140090380890896,BA,29024,Jequié,2929404,24.607601504734724,0.0,2010
292950,São Sebastião do Passé - BA,391.61,12.700000000000005,66.47722659738572,BA,29019,Catu,2929503,13.774676222809003,0.0,2010
292960,Sapeaçu - BA,332.4,14.599999999999994,4.519774011299435,BA,29020,Santo Antônio de Jesus,2929602,15.875941657316877,0.0,2010
292970,Sátiro Dias - BA,205.23,27.099999999999994,29.18929402637704,BA,29017,Alagoinhas,2929701,30.37125391382138,0.0,2010
292975,Saubara - BA,260.81,13.400000000000006,27.58620689655172,BA,29020,Santo Antônio de Jesus,2929750,14.568133678512591,0.0,2010
292980,Saúde - BA,230.49,20.0,20.40124328906471,BA,29010,Jacobina,2929800,21.741122565864835,0.0,2010
292990,Seabra - BA,306.14,14.599999999999994,4.141651440006961,BA,29023,Seabra,2929909,16.09600537092984,0.0,2010
293000,Sebastião Laranjeiras - BA,268.26,22.3,12.709284627092844,BA,29026,Guanambi,2930006,24.776842642183116,0.0,2010
293010,Senhor do Bonfim - BA,407.79,15.299999999999995,55.7176513229431,BA,29008,Senhor do Bonfim,2930105,16.312069590431317,0.0,2010
293015,Serra do Ramalho - BA,206.68,22.5,2.393617021276596,BA,29007,Bom Jesus da Lapa,2930154,24.770262819334683,0.0,2010
293020,Sento Sé - BA,218.76,22.700000000000003,31.861301929996728,BA,29004,Juazeiro,2930204,24.533891610048983,0.0,2010
293030,Serra Dourada - BA,226.78,21.700000000000003,4.929859719438878,BA,29003,Santa Maria da Vitória,2930303,23.853415595034566,0.0,2010
293040,Serra Preta - BA,226.02,25.599999999999994,11.714219438645326,BA,29012,Feira de Santana,2930402,27.77681209803581,0.0,2010
293050,Serrinha - BA,359.4,16.299999999999997,51.84929933379279,BA,29016,Serrinha,2930501,17.00916068333746,0.0,2010
293060,Serrolândia - BA,257.01,20.90000000000001,4.624134520276954,BA,29010,Jacobina,2930600,22.610096670247046,0.0,2010
293070,Simões Filho - BA,410.16,7.599999999999994,65.23714285714286,BA,29021,Salvador,2930709,7.897125567322239,0.0,2010
293075,Sítio do Mato - BA,129.44,19.200000000000003,13.08316430020284,BA,29007,Bom Jesus da Lapa,2930758,21.01957886959734,0.0,2010
293076,Sítio do Quinto - BA,240.26,33.5,17.47083775185578,BA,29013,Jeremoabo,2930766,37.981611208406306,0.0,2010
293077,Sobradinho - BA,331.39,16.599999999999994,74.37582128777923,BA,29004,Juazeiro,2930774,18.389630291807674,0.0,2010
293080,Souto Soares - BA,217.95,18.599999999999994,4.6706586826347305,BA,29009,Irecê,2930808,20.92408639387588,0.0,2010
293090,Tabocas do Brejo Velho - BA,213.68,26.40000000000001,6.036152356358941,BA,29002,Cotegipe,2930907,29.384227583723444,0.0,2010
293100,Tanhaçu - BA,266.78,23.700000000000003,12.29089628455714,BA,29027,Brumado,2931004,25.923016496465042,0.0,2010
293105,Tanque Novo - BA,299.47,25.0,1.9661636945587564,BA,29022,Boquira,2931053,27.813450490030416,0.0,2010
293110,Tanquinho - BA,269.91,18.099999999999994,44.77947794779478,BA,29012,Feira de Santana,2931103,19.576369352970378,0.0,2010
293120,Taperoá - BA,268.48,25.3,28.16350479170741,BA,29030,Valença,2931202,27.207933064766035,0.0,2010
293130,Tapiramutá - BA,301.85,21.099999999999994,2.4756189047261814,BA,29011,Itaberaba,2931301,23.607589402815425,0.0,2010
293135,Teixeira de Freitas - BA,551.62,13.400000000000006,76.07487569464756,BA,29032,Porto Seguro,2931350,14.654102912506646,0.0,2010
293140,Teodoro Sampaio - BA,257.55,21.5,23.53902738046588,BA,29012,Feira de Santana,2931400,22.95439302481556,0.0,2010
293150,Teofilândia - BA,276.95,22.5,24.5119305856833,BA,29016,Serrinha,2931509,24.94361151651851,0.0,2010
293160,Teolândia - BA,229.03,27.90000000000001,36.20546810273405,BA,29031,Ilhéus-Itabuna,2931608,30.79558431671108,0.0,2010
293170,Terra Nova - BA,289.9,12.200000000000005,64.4481419855796,BA,29019,Catu,2931707,13.080931617568861,0.0,2010
293180,Tremedal - BA,235.85,28.0,7.886565928379218,BA,29027,Brumado,2931806,30.59621835925587,0.0,2010
293190,Tucano - BA,320.21,26.5,46.471774193548384,BA,29014,Euclides da Cunha,2931905,29.39073752825527,0.0,2010
293200,Uauá - BA,245.23,21.5,2.664776754075124,BA,29014,Euclides da Cunha,2932002,23.513768075793674,0.0,2010
293210,Ubaíra - BA,276.55,27.099999999999994,37.68017636086145,BA,29024,Jequié,2932101,29.8684479585577,0.0,2010
293220,Ubaitaba - BA,346.48,19.40000000000001,67.06566916043225,BA,29031,Ilhéus-Itabuna,2932200,21.317468758308962,0.0,2010
293230,Ubatã - BA,301.48,25.0,57.7649837614408,BA,29031,Ilhéus-Itabuna,2932309,26.773265464202723,0.0,2010
293240,Uibaí - BA,279.13,15.200000000000005,2.0242914979757085,BA,29009,Irecê,2932408,16.58446958708055,0.0,2010
293245,Umburanas - BA,145.73,22.90000000000001,6.492199295420232,BA,29008,Senhor do Bonfim,2932457,25.391361363822636,0.0,2010
293250,Una - BA,291.22,23.5,26.5224025523651,BA,29031,Ilhéus-Itabuna,2932507,25.40025709945074,0.0,2010
293260,Urandi - BA,321.44,21.099999999999994,8.175117266026357,BA,29026,Guanambi,2932606,23.26086956521739,0.0,2010
293270,Uruçuca - BA,340.26,20.5,65.9468438538206,BA,29031,Ilhéus-Itabuna,2932705,21.911163467535168,0.0,2010
293280,Utinga - BA,320.21,18.40000000000001,2.3420586498720724,BA,29023,Seabra,2932804,20.966578504448183,0.0,2010
293290,Valença - BA,365.23,17.799999999999997,61.4418039632526,BA,29030,Valença,2932903,19.201672919613753,0.0,2010
293300,Valente - BA,381.35,14.799999999999995,47.06664892909405,BA,29016,Serrinha,2933000,16.147849604921248,0.0,2010
293305,Várzea da Roça - BA,224.94,26.0,19.177110427997164,BA,29011,Itaberaba,2933059,28.959276018099548,0.0,2010
293310,Várzea do Poço - BA,291.3,21.90000000000001,19.957310565635005,BA,29010,Jacobina,2933109,23.702370237023704,0.0,2010
293315,Várzea Nova - BA,231.22,21.0,34.753763715233475,BA,29010,Jacobina,2933158,23.56969760826046,0.0,2010
293317,Varzedo - BA,294.14,23.700000000000003,28.21927888153054,BA,29020,Santo Antônio de Jesus,2933174,26.229508196721312,0.0,2010
293320,Vera Cruz - BA,385.38,10.099999999999994,25.35534939143757,BA,29021,Salvador,2933208,10.75471015802987,0.0,2010
293325,Vereda - BA,268.91,27.5,29.803545759463344,BA,29032,Porto Seguro,2933257,30.88235294117647,0.0,2010
293330,Vitória da Conquista - BA,543.45,12.5,59.749016886421465,BA,29028,Vitória da Conquista,2933307,13.333449225981973,0.0,2010
293340,Wagner - BA,278.49,19.200000000000003,1.0971149939049167,BA,29023,Seabra,2933406,21.582397003745317,0.0,2010
293345,Wanderley - BA,271.47,22.0,1.343624928530589,BA,29002,Cotegipe,2933455,24.7366061421206,0.0,2010
293350,Wenceslau Guimarães - BA,255.81,27.8,28.15146985550573,BA,29031,Ilhéus-Itabuna,2933505,30.468290771340865,0.0,2010
293360,Xique-Xique - BA,260.99,20.5,37.83783783783784,BA,29006,Barra,2933604,22.22895601416223,0.0,2010
