territory,year,diagnosis,outcome,cases,percent_of_outcome
AL,2008,O030,W,3,0.15082956259426847
AL,2008,O031,W,164,8.24534942182001
AL,2008,O035,W,6,0.30165912518853694
AL,2008,O036,W,2,0.10055304172951232
AL,2008,O040,W,8,0.4022121669180493
AL,2008,O041,W,6,0.30165912518853694
AL,2008,O050,W,3,0.15082956259426847
AL,2008,O051,W,2,0.10055304172951232
AL,2008,O060,W,7,0.35193564605329314
AL,2008,O061,W,81,4.072398190045249
AL,2008,O080,W,2,0.10055304172951232
AL,2008,O11,W,2,0.10055304172951232
AL,2008,O140,W,72,3.6199095022624435
AL,2008,O141,W,566,28.456510809451984
AL,2008,O149,W,540,27.149321266968325
AL,2008,O150,W,62,3.117144293614882
AL,2008,O151,W,11,0.5530417295123178
AL,2008,O152,W,4,0.20110608345902464
AL,2008,O159,W,25,1.256913021618904
AL,2008,O411,W,4,0.20110608345902464
AL,2008,O441,W,51,2.5641025641025643
AL,2008,O450,W,28,1.4077425842131726
AL,2008,O458,W,9,0.45248868778280543
AL,2008,O459,W,96,4.826546003016591
AL,2008,O460,W,1,0.05027652086475616
AL,2008,O468,W,4,0.20110608345902464
AL,2008,O469,W,1,0.05027652086475616
AL,2008,O670,W,2,0.10055304172951232
AL,2008,O710,W,3,0.15082956259426847
AL,2008,O711,W,2,0.10055304172951232
AL,2008,O720,W,3,0.15082956259426847
AL,2008,O721,W,6,0.30165912518853694
AL,2008,O722,W,20,1.0055304172951232
AL,2008,O753,W,1,0.05027652086475616
AL,2008,O85,W,116,5.832076420311714
AL,2008,O860,W,64,3.2176973353443943
AL,2008,O868,W,11,0.5530417295123178
AL,2008,O900,W,1,0.05027652086475616
AL,2008,O031,hemorrhage,164,34.45378151260504
AL,2008,O036,hemorrhage,2,0.42016806722689076
AL,2008,O041,hemorrhage,6,1.2605042016806722
AL,2008,O051,hemorrhage,2,0.42016806722689076
AL,2008,O061,hemorrhage,81,17.016806722689076
AL,2008,O441,hemorrhage,51,10.714285714285714
AL,2008,O450,hemorrhage,28,5.882352941176471
AL,2008,O458,hemorrhage,9,1.8907563025210083
AL,2008,O459,hemorrhage,96,20.168067226890756
AL,2008,O460,hemorrhage,1,0.21008403361344538
AL,2008,O468,hemorrhage,4,0.8403361344537815
AL,2008,O469,hemorrhage,1,0.21008403361344538
AL,2008,O670,hemorrhage,2,0.42016806722689076
AL,2008,O720,hemorrhage,3,0.6302521008403361
AL,2008,O721,hemorrhage,6,1.2605042016806722
AL,2008,O722,hemorrhage,20,4.201680672268908
AL,2008,O11,hypertension,2,0.15600624024961
AL,2008,O140,hypertension,72,5.616224648985959
AL,2008,O141,hypertension,566,44.14976599063962
AL,2008,O149,hypertension,540,42.1216848673947
AL,2008,O150,hypertension,62,4.83619344773791
AL,2008,O151,hypertension,11,0.858034321372855
AL,2008,O152,hypertension,4,0.31201248049922
AL,2008,O159,hypertension,25,1.9500780031201248
AL,2009,O030,W,16,0.8743169398907104
AL,2009,O031,W,160,8.743169398907105
AL,2009,O035,W,1,0.0546448087431694
AL,2009,O040,W,7,0.3825136612021858
AL,2009,O041,W,3,0.16393442622950818
AL,2009,O050,W,3,0.16393442622950818
AL,2009,O051,W,3,0.16393442622950818
AL,2009,O060,W,3,0.16393442622950818
AL,2009,O061,W,64,3.4972677595628414
AL,2009,O080,W,1,0.0546448087431694
AL,2009,O081,W,1,0.0546448087431694
AL,2009,O140,W,99,5.409836065573771
AL,2009,O141,W,444,24.262295081967213
AL,2009,O149,W,470,25.683060109289617
AL,2009,O150,W,66,3.6065573770491803
AL,2009,O151,W,9,0.4918032786885246
AL,2009,O152,W,7,0.3825136612021858
AL,2009,O411,W,13,0.7103825136612022
AL,2009,O441,W,58,3.169398907103825
AL,2009,O450,W,38,2.0765027322404372
AL,2009,O458,W,7,0.3825136612021858
AL,2009,O459,W,72,3.9344262295081966
AL,2009,O460,W,1,0.0546448087431694
AL,2009,O468,W,10,0.546448087431694
AL,2009,O469,W,1,0.0546448087431694
AL,2009,O670,W,2,0.1092896174863388
AL,2009,O694,W,1,0.0546448087431694
AL,2009,O711,W,2,0.1092896174863388
AL,2009,O720,W,3,0.16393442622950818
AL,2009,O721,W,5,0.273224043715847
AL,2009,O722,W,53,2.8961748633879782
AL,2009,O85,W,125,6.830601092896175
AL,2009,O860,W,62,3.387978142076503
AL,2009,O868,W,8,0.4371584699453552
AL,2009,O900,W,12,0.6557377049180327
AL,2009,O031,hemorrhage,160,33.19502074688797
AL,2009,O041,hemorrhage,3,0.6224066390041494
AL,2009,O051,hemorrhage,3,0.6224066390041494
AL,2009,O061,hemorrhage,64,13.278008298755188
AL,2009,O081,hemorrhage,1,0.2074688796680498
AL,2009,O441,hemorrhage,58,12.033195020746888
AL,2009,O450,hemorrhage,38,7.8838174273858925
AL,2009,O458,hemorrhage,7,1.4522821576763485
AL,2009,O459,hemorrhage,72,14.937759336099585
AL,2009,O460,hemorrhage,1,0.2074688796680498
AL,2009,O468,hemorrhage,10,2.074688796680498
AL,2009,O469,hemorrhage,1,0.2074688796680498
AL,2009,O670,hemorrhage,2,0.4149377593360996
AL,2009,O694,hemorrhage,1,0.2074688796680498
AL,2009,O720,hemorrhage,3,0.6224066390041494
AL,2009,O721,hemorrhage,5,1.037344398340249
AL,2009,O722,hemorrhage,53,10.995850622406639
AL,2009,O140,hypertension,99,9.04109589041096
AL,2009,O141,hypertension,444,40.54794520547945
AL,2009,O149,hypertension,470,42.922374429223744
AL,2009,O150,hypertension,66,6.027397260273973
AL,2009,O151,hypertension,9,0.821917808219178
AL,2009,O152,hypertension,7,0.639269406392694
AL,2010,O030,W,17,0.9781357882623706
AL,2010,O031,W,146,8.400460299194476
AL,2010,O035,W,2,0.11507479861910241
AL,2010,O036,W,1,0.05753739930955121
AL,2010,O041,W,1,0.05753739930955121
AL,2010,O050,W,2,0.11507479861910241
AL,2010,O051,W,9,0.5178365937859609
AL,2010,O060,W,3,0.17261219792865362
AL,2010,O061,W,46,2.6467203682393556
AL,2010,O065,W,1,0.05753739930955121
AL,2010,O080,W,1,0.05753739930955121
AL,2010,O081,W,5,0.28768699654775604
AL,2010,O083,W,1,0.05753739930955121
AL,2010,O11,W,18,1.0356731875719218
AL,2010,O140,W,81,4.660529344073648
AL,2010,O141,W,300,17.26121979286536
AL,2010,O149,W,557,32.04833141542002
AL,2010,O150,W,47,2.704257767548907
AL,2010,O151,W,7,0.40276179516685845
AL,2010,O152,W,10,0.5753739930955121
AL,2010,O159,W,3,0.17261219792865362
AL,2010,O411,W,18,1.0356731875719218
AL,2010,O441,W,68,3.9125431530494823
AL,2010,O450,W,28,1.6110471806674338
AL,2010,O458,W,10,0.5753739930955121
AL,2010,O459,W,66,3.7974683544303796
AL,2010,O468,W,14,0.8055235903337169
AL,2010,O469,W,4,0.23014959723820483
AL,2010,O670,W,1,0.05753739930955121
AL,2010,O711,W,3,0.17261219792865362
AL,2010,O720,W,1,0.05753739930955121
AL,2010,O721,W,13,0.7479861910241657
AL,2010,O722,W,20,1.1507479861910241
AL,2010,O85,W,112,6.444188722669735
AL,2010,O860,W,93,5.350978135788262
AL,2010,O868,W,14,0.8055235903337169
AL,2010,O900,W,15,0.8630609896432682
AL,2010,O031,hemorrhage,146,33.71824480369515
AL,2010,O036,hemorrhage,1,0.23094688221709006
AL,2010,O041,hemorrhage,1,0.23094688221709006
AL,2010,O051,hemorrhage,9,2.0785219399538106
AL,2010,O061,hemorrhage,46,10.623556581986143
AL,2010,O081,hemorrhage,5,1.1547344110854503
AL,2010,O441,hemorrhage,68,15.704387990762125
AL,2010,O450,hemorrhage,28,6.466512702078522
AL,2010,O458,hemorrhage,10,2.3094688221709005
AL,2010,O459,hemorrhage,66,15.242494226327944
AL,2010,O468,hemorrhage,14,3.233256351039261
AL,2010,O469,hemorrhage,4,0.9237875288683602
AL,2010,O670,hemorrhage,1,0.23094688221709006
AL,2010,O720,hemorrhage,1,0.23094688221709006
AL,2010,O721,hemorrhage,13,3.0023094688221708
AL,2010,O722,hemorrhage,20,4.618937644341801
AL,2010,O11,hypertension,18,1.7595307917888563
AL,2010,O140,hypertension,81,7.9178885630498534
AL,2010,O141,hypertension,300,29.325513196480937
AL,2010,O149,hypertension,557,54.44770283479961
AL,2010,O150,hypertension,47,4.594330400782014
AL,2010,O151,hypertension,7,0.6842619745845552
AL,2010,O152,hypertension,10,0.9775171065493646
AL,2010,O159,hypertension,3,0.2932551319648094
AL,2011,O030,W,12,0.7104795737122558
AL,2011,O031,W,136,8.052101835405566
AL,2011,O035,W,5,0.2960331557134399
AL,2011,O036,W,5,0.2960331557134399
AL,2011,O040,W,2,0.11841326228537596
AL,2011,O041,W,1,0.05920663114268798
AL,2011,O050,W,2,0.11841326228537596
AL,2011,O051,W,4,0.23682652457075193
AL,2011,O055,W,1,0.05920663114268798
AL,2011,O061,W,4,0.23682652457075193
AL,2011,O065,W,1,0.05920663114268798
AL,2011,O080,W,3,0.17761989342806395
AL,2011,O083,W,1,0.05920663114268798
AL,2011,O11,W,33,1.9538188277087034
AL,2011,O140,W,85,5.0325636471284785
AL,2011,O141,W,354,20.959147424511546
AL,2011,O149,W,520,30.78744819419775
AL,2011,O150,W,46,2.723505032563647
AL,2011,O151,W,10,0.5920663114268798
AL,2011,O152,W,16,0.9473060982830077
AL,2011,O159,W,2,0.11841326228537596
AL,2011,O411,W,11,0.6512729425695678
AL,2011,O441,W,55,3.256364712847839
AL,2011,O450,W,44,2.605091770278271
AL,2011,O458,W,3,0.17761989342806395
AL,2011,O459,W,81,4.7957371225577266
AL,2011,O468,W,7,0.4144464179988159
AL,2011,O469,W,2,0.11841326228537596
AL,2011,O711,W,2,0.11841326228537596
AL,2011,O720,W,3,0.17761989342806395
AL,2011,O721,W,9,0.5328596802841918
AL,2011,O722,W,4,0.23682652457075193
AL,2011,O85,W,140,8.288928359976317
AL,2011,O860,W,70,4.144464179988159
AL,2011,O868,W,7,0.4144464179988159
AL,2011,O900,W,8,0.47365304914150386
AL,2011,O031,hemorrhage,136,37.98882681564246
AL,2011,O036,hemorrhage,5,1.3966480446927374
AL,2011,O041,hemorrhage,1,0.27932960893854747
AL,2011,O051,hemorrhage,4,1.1173184357541899
AL,2011,O061,hemorrhage,4,1.1173184357541899
AL,2011,O441,hemorrhage,55,15.363128491620111
AL,2011,O450,hemorrhage,44,12.29050279329609
AL,2011,O458,hemorrhage,3,0.8379888268156425
AL,2011,O459,hemorrhage,81,22.625698324022345
AL,2011,O468,hemorrhage,7,1.9553072625698324
AL,2011,O469,hemorrhage,2,0.5586592178770949
AL,2011,O720,hemorrhage,3,0.8379888268156425
AL,2011,O721,hemorrhage,9,2.5139664804469275
AL,2011,O722,hemorrhage,4,1.1173184357541899
AL,2011,O11,hypertension,33,3.095684803001876
AL,2011,O140,hypertension,85,7.973733583489681
AL,2011,O141,hypertension,354,33.208255159474675
AL,2011,O149,hypertension,520,48.78048780487805
AL,2011,O150,hypertension,46,4.315196998123827
AL,2011,O151,hypertension,10,0.9380863039399625
AL,2011,O152,hypertension,16,1.5009380863039399
AL,2011,O159,hypertension,2,0.18761726078799248
AL,2012,O030,W,20,1.2195121951219512
AL,2012,O031,W,97,5.914634146341464
AL,2012,O035,W,16,0.975609756097561
AL,2012,O036,W,2,0.12195121951219512
AL,2012,O050,W,2,0.12195121951219512
AL,2012,O051,W,1,0.06097560975609756
AL,2012,O060,W,1,0.06097560975609756
AL,2012,O066,W,1,0.06097560975609756
AL,2012,O083,W,2,0.12195121951219512
AL,2012,O11,W,16,0.975609756097561
AL,2012,O140,W,81,4.939024390243903
AL,2012,O141,W,326,19.878048780487806
AL,2012,O149,W,625,38.109756097560975
AL,2012,O150,W,48,2.926829268292683
AL,2012,O151,W,4,0.24390243902439024
AL,2012,O152,W,8,0.4878048780487805
AL,2012,O441,W,29,1.7682926829268293
AL,2012,O450,W,34,2.073170731707317
AL,2012,O458,W,2,0.12195121951219512
AL,2012,O459,W,74,4.512195121951219
AL,2012,O468,W,3,0.18292682926829268
AL,2012,O469,W,1,0.06097560975609756
AL,2012,O694,W,1,0.06097560975609756
AL,2012,O710,W,2,0.12195121951219512
AL,2012,O711,W,1,0.06097560975609756
AL,2012,O720,W,1,0.06097560975609756
AL,2012,O721,W,7,0.4268292682926829
AL,2012,O722,W,8,0.4878048780487805
AL,2012,O85,W,151,9.207317073170731
AL,2012,O860,W,60,3.658536585365854
AL,2012,O868,W,11,0.6707317073170732
AL,2012,O900,W,5,0.3048780487804878
AL,2012,O031,hemorrhage,97,37.16475095785441
AL,2012,O036,hemorrhage,2,0.7662835249042146
AL,2012,O051,hemorrhage,1,0.3831417624521073
AL,2012,O066,hemorrhage,1,0.3831417624521073
AL,2012,O441,hemorrhage,29,11.11111111111111
AL,2012,O450,hemorrhage,34,13.026819923371647
AL,2012,O458,hemorrhage,2,0.7662835249042146
AL,2012,O459,hemorrhage,74,28.35249042145594
AL,2012,O468,hemorrhage,3,1.1494252873563218
AL,2012,O469,hemorrhage,1,0.3831417624521073
AL,2012,O694,hemorrhage,1,0.3831417624521073
AL,2012,O720,hemorrhage,1,0.3831417624521073
AL,2012,O721,hemorrhage,7,2.681992337164751
AL,2012,O722,hemorrhage,8,3.0651340996168583
AL,2012,O11,hypertension,16,1.444043321299639
AL,2012,O140,hypertension,81,7.310469314079422
AL,2012,O141,hypertension,326,29.422382671480143
AL,2012,O149,hypertension,625,56.40794223826715
AL,2012,O150,hypertension,48,4.332129963898917
AL,2012,O151,hypertension,4,0.36101083032490977
AL,2012,O152,hypertension,8,0.7220216606498195
AL,2013,O030,W,15,0.7982969664715274
AL,2013,O031,W,54,2.873869079297499
AL,2013,O035,W,11,0.5854177754124534
AL,2013,O036,W,4,0.21287919105907396
AL,2013,O040,W,2,0.10643959552953698
AL,2013,O050,W,1,0.05321979776476849
AL,2013,O051,W,2,0.10643959552953698
AL,2013,O065,W,1,0.05321979776476849
AL,2013,O11,W,6,0.31931878658861096
AL,2013,O140,W,104,5.534858967535923
AL,2013,O141,W,446,23.736029803086748
AL,2013,O149,W,630,33.52847259180415
AL,2013,O150,W,62,3.2996274614156467
AL,2013,O151,W,10,0.532197977647685
AL,2013,O152,W,16,0.8515167642362959
AL,2013,O159,W,3,0.15965939329430548
AL,2013,O411,W,1,0.05321979776476849
AL,2013,O441,W,24,1.2772751463544438
AL,2013,O450,W,29,1.5433741351782864
AL,2013,O458,W,13,0.6918573709419904
AL,2013,O459,W,56,2.9803086748270355
AL,2013,O460,W,3,0.15965939329430548
AL,2013,O468,W,14,0.7450771687067589
AL,2013,O469,W,3,0.15965939329430548
AL,2013,O694,W,1,0.05321979776476849
AL,2013,O721,W,4,0.21287919105907396
AL,2013,O722,W,5,0.2660989888238425
AL,2013,O85,W,284,15.114422565194252
AL,2013,O860,W,55,2.927088877062267
AL,2013,O868,W,12,0.6386375731772219
AL,2013,O900,W,8,0.4257583821181479
AL,2013,O031,hemorrhage,54,25.471698113207548
AL,2013,O036,hemorrhage,4,1.8867924528301887
AL,2013,O051,hemorrhage,2,0.9433962264150944
AL,2013,O441,hemorrhage,24,11.320754716981131
AL,2013,O450,hemorrhage,29,13.679245283018869
AL,2013,O458,hemorrhage,13,6.132075471698113
AL,2013,O459,hemorrhage,56,26.41509433962264
AL,2013,O460,hemorrhage,3,1.4150943396226414
AL,2013,O468,hemorrhage,14,6.60377358490566
AL,2013,O469,hemorrhage,3,1.4150943396226414
AL,2013,O694,hemorrhage,1,0.4716981132075472
AL,2013,O721,hemorrhage,4,1.8867924528301887
AL,2013,O722,hemorrhage,5,2.358490566037736
AL,2013,O11,hypertension,6,0.46985121378230227
AL,2013,O140,hypertension,104,8.144087705559906
AL,2013,O141,hypertension,446,34.92560689115113
AL,2013,O149,hypertension,630,49.33437744714174
AL,2013,O150,hypertension,62,4.85512920908379
AL,2013,O151,hypertension,10,0.7830853563038371
AL,2013,O152,hypertension,16,1.2529365700861395
AL,2013,O159,hypertension,3,0.23492560689115113
AL,2014,O030,W,50,3.61794500723589
AL,2014,O031,W,73,5.2821997105644
AL,2014,O035,W,15,1.085383502170767
AL,2014,O036,W,1,0.0723589001447178
AL,2014,O051,W,4,0.2894356005788712
AL,2014,O055,W,1,0.0723589001447178
AL,2014,O065,W,1,0.0723589001447178
AL,2014,O066,W,1,0.0723589001447178
AL,2014,O083,W,2,0.1447178002894356
AL,2014,O11,W,6,0.4341534008683068
AL,2014,O140,W,150,10.85383502170767
AL,2014,O141,W,375,27.134587554269174
AL,2014,O149,W,276,19.971056439942114
AL,2014,O150,W,41,2.9667149059334297
AL,2014,O151,W,16,1.1577424023154848
AL,2014,O152,W,7,0.5065123010130246
AL,2014,O159,W,2,0.1447178002894356
AL,2014,O411,W,1,0.0723589001447178
AL,2014,O441,W,22,1.5918958031837915
AL,2014,O450,W,30,2.170767004341534
AL,2014,O458,W,10,0.723589001447178
AL,2014,O459,W,40,2.894356005788712
AL,2014,O468,W,7,0.5065123010130246
AL,2014,O469,W,2,0.1447178002894356
AL,2014,O694,W,3,0.2170767004341534
AL,2014,O710,W,1,0.0723589001447178
AL,2014,O711,W,1,0.0723589001447178
AL,2014,O721,W,2,0.1447178002894356
AL,2014,O722,W,9,0.6512301013024602
AL,2014,O85,W,167,12.083936324167873
AL,2014,O860,W,46,3.3285094066570187
AL,2014,O868,W,14,1.0130246020260492
AL,2014,O900,W,6,0.4341534008683068
AL,2014,O031,hemorrhage,73,35.78431372549019
AL,2014,O036,hemorrhage,1,0.49019607843137253
AL,2014,O051,hemorrhage,4,1.9607843137254901
AL,2014,O066,hemorrhage,1,0.49019607843137253
AL,2014,O441,hemorrhage,22,10.784313725490197
AL,2014,O450,hemorrhage,30,14.705882352941176
AL,2014,O458,hemorrhage,10,4.901960784313726
AL,2014,O459,hemorrhage,40,19.607843137254903
AL,2014,O468,hemorrhage,7,3.4313725490196076
AL,2014,O469,hemorrhage,2,0.9803921568627451
AL,2014,O694,hemorrhage,3,1.4705882352941178
AL,2014,O721,hemorrhage,2,0.9803921568627451
AL,2014,O722,hemorrhage,9,4.411764705882353
AL,2014,O11,hypertension,6,0.6872852233676976
AL,2014,O140,hypertension,150,17.18213058419244
AL,2014,O141,hypertension,375,42.955326460481096
AL,2014,O149,hypertension,276,31.61512027491409
AL,2014,O150,hypertension,41,4.696449026345934
AL,2014,O151,hypertension,16,1.8327605956471935
AL,2014,O152,hypertension,7,0.8018327605956472
AL,2014,O159,hypertension,2,0.2290950744558992
AL,2015,K359,W,1,0.05178663904712584
AL,2015,O030,W,43,2.2268254790264113
AL,2015,O031,W,194,10.046607975142413
AL,2015,O035,W,36,1.8643190056965302
AL,2015,O036,W,1,0.05178663904712584
AL,2015,O040,W,1,0.05178663904712584
AL,2015,O050,W,1,0.05178663904712584
AL,2015,O051,W,1,0.05178663904712584
AL,2015,O056,W,1,0.05178663904712584
AL,2015,O060,W,2,0.10357327809425168
AL,2015,O061,W,4,0.20714655618850336
AL,2015,O065,W,3,0.15535991714137753
AL,2015,O080,W,10,0.5178663904712584
AL,2015,O081,W,2,0.10357327809425168
AL,2015,O082,W,1,0.05178663904712584
AL,2015,O083,W,2,0.10357327809425168
AL,2015,O11,W,17,0.8803728638011393
AL,2015,O140,W,135,6.991196271361988
AL,2015,O141,W,479,24.80580010357328
AL,2015,O149,W,451,23.355774210253756
AL,2015,O150,W,47,2.4339720352149143
AL,2015,O151,W,23,1.1910926980838943
AL,2015,O152,W,5,0.2589331952356292
AL,2015,O159,W,4,0.20714655618850336
AL,2015,O441,W,34,1.7607457276022787
AL,2015,O450,W,44,2.278612118073537
AL,2015,O458,W,10,0.5178663904712584
AL,2015,O459,W,60,3.1071983428275507
AL,2015,O468,W,2,0.10357327809425168
AL,2015,O469,W,1,0.05178663904712584
AL,2015,O670,W,1,0.05178663904712584
AL,2015,O694,W,1,0.05178663904712584
AL,2015,O710,W,1,0.05178663904712584
AL,2015,O711,W,2,0.10357327809425168
AL,2015,O720,W,2,0.10357327809425168
AL,2015,O721,W,2,0.10357327809425168
AL,2015,O722,W,4,0.20714655618850336
AL,2015,O85,W,202,10.46090108751942
AL,2015,O860,W,78,4.0393578456758155
AL,2015,O868,W,4,0.20714655618850336
AL,2015,O900,W,19,0.983946141895391
AL,2015,O031,hemorrhage,194,53.2967032967033
AL,2015,O036,hemorrhage,1,0.27472527472527475
AL,2015,O051,hemorrhage,1,0.27472527472527475
AL,2015,O056,hemorrhage,1,0.27472527472527475
AL,2015,O061,hemorrhage,4,1.098901098901099
AL,2015,O081,hemorrhage,2,0.5494505494505495
AL,2015,O441,hemorrhage,34,9.340659340659341
AL,2015,O450,hemorrhage,44,12.087912087912088
AL,2015,O458,hemorrhage,10,2.7472527472527473
AL,2015,O459,hemorrhage,60,16.483516483516482
AL,2015,O468,hemorrhage,2,0.5494505494505495
AL,2015,O469,hemorrhage,1,0.27472527472527475
AL,2015,O670,hemorrhage,1,0.27472527472527475
AL,2015,O694,hemorrhage,1,0.27472527472527475
AL,2015,O720,hemorrhage,2,0.5494505494505495
AL,2015,O721,hemorrhage,2,0.5494505494505495
AL,2015,O722,hemorrhage,4,1.098901098901099
AL,2015,O11,hypertension,17,1.4642549526270456
AL,2015,O140,hypertension,135,11.627906976744185
AL,2015,O141,hypertension,479,41.25753660637382
AL,2015,O149,hypertension,451,38.8458225667528
AL,2015,O150,hypertension,47,4.04823428079242
AL,2015,O151,hypertension,23,1.9810508182601205
AL,2015,O152,hypertension,5,0.4306632213608958
AL,2015,O159,hypertension,4,0.34453057708871665
AL,2016,A418,W,1,0.04653327128897161
AL,2016,N700,W,1,0.04653327128897161
AL,2016,O030,W,16,0.7445323406235458
AL,2016,O031,W,309,14.378780828292228
AL,2016,O035,W,2,0.09306654257794322
AL,2016,O036,W,4,0.18613308515588645
AL,2016,O040,W,2,0.09306654257794322
AL,2016,O050,W,1,0.04653327128897161
AL,2016,O051,W,1,0.04653327128897161
AL,2016,O060,W,2,0.09306654257794322
AL,2016,O061,W,6,0.27919962773382967
AL,2016,O065,W,4,0.18613308515588645
AL,2016,O080,W,8,0.3722661703117729
AL,2016,O081,W,1,0.04653327128897161
AL,2016,O11,W,7,0.3257328990228013
AL,2016,O140,W,193,8.980921358771521
AL,2016,O141,W,450,20.939972080037226
AL,2016,O149,W,566,26.337831549557933
AL,2016,O150,W,36,1.6751977664029782
AL,2016,O151,W,21,0.9771986970684039
AL,2016,O152,W,6,0.27919962773382967
AL,2016,O159,W,4,0.18613308515588645
AL,2016,O441,W,31,1.4425314099581201
AL,2016,O450,W,33,1.5355979525360632
AL,2016,O458,W,18,0.8375988832014891
AL,2016,O459,W,80,3.7226617031177294
AL,2016,O460,W,1,0.04653327128897161
AL,2016,O468,W,6,0.27919962773382967
AL,2016,O469,W,1,0.04653327128897161
AL,2016,O711,W,3,0.13959981386691483
AL,2016,O720,W,2,0.09306654257794322
AL,2016,O721,W,7,0.3257328990228013
AL,2016,O722,W,13,0.604932526756631
AL,2016,O85,W,244,11.354118194509073
AL,2016,O860,W,53,2.4662633783154955
AL,2016,O868,W,7,0.3257328990228013
AL,2016,O900,W,9,0.41879944160074456
AL,2016,O031,hemorrhage,309,60.23391812865497
AL,2016,O036,hemorrhage,4,0.7797270955165692
AL,2016,O051,hemorrhage,1,0.1949317738791423
AL,2016,O061,hemorrhage,6,1.1695906432748537
AL,2016,O081,hemorrhage,1,0.1949317738791423
AL,2016,O441,hemorrhage,31,6.042884990253412
AL,2016,O450,hemorrhage,33,6.432748538011696
AL,2016,O458,hemorrhage,18,3.508771929824561
AL,2016,O459,hemorrhage,80,15.594541910331383
AL,2016,O460,hemorrhage,1,0.1949317738791423
AL,2016,O468,hemorrhage,6,1.1695906432748537
AL,2016,O469,hemorrhage,1,0.1949317738791423
AL,2016,O720,hemorrhage,2,0.3898635477582846
AL,2016,O721,hemorrhage,7,1.364522417153996
AL,2016,O722,hemorrhage,13,2.53411306042885
AL,2016,O11,hypertension,7,0.5455962587685113
AL,2016,O140,hypertension,193,15.04286827747467
AL,2016,O141,hypertension,450,35.074045206547154
AL,2016,O149,hypertension,566,44.1153546375682
AL,2016,O150,hypertension,36,2.8059236165237724
AL,2016,O151,hypertension,21,1.636788776305534
AL,2016,O152,hypertension,6,0.4676539360872954
AL,2016,O159,hypertension,4,0.3117692907248636
AL,2017,O030,W,19,0.9021842355175689
AL,2017,O031,W,239,11.348528015194681
AL,2017,O035,W,2,0.0949667616334283
AL,2017,O036,W,1,0.04748338081671415
AL,2017,O051,W,2,0.0949667616334283
AL,2017,O056,W,1,0.04748338081671415
AL,2017,O060,W,5,0.23741690408357075
AL,2017,O061,W,4,0.1899335232668566
AL,2017,O065,W,4,0.1899335232668566
AL,2017,O066,W,1,0.04748338081671415
AL,2017,O080,W,17,0.8072174738841406
AL,2017,O11,W,25,1.1870845204178537
AL,2017,O140,W,172,8.167141500474834
AL,2017,O141,W,476,22.602089268755936
AL,2017,O149,W,595,28.25261158594492
AL,2017,O150,W,43,2.0417853751187085
AL,2017,O151,W,14,0.6647673314339981
AL,2017,O152,W,9,0.42735042735042733
AL,2017,O159,W,6,0.2849002849002849
AL,2017,O411,W,4,0.1899335232668566
AL,2017,O441,W,25,1.1870845204178537
AL,2017,O450,W,58,2.7540360873694207
AL,2017,O458,W,17,0.8072174738841406
AL,2017,O459,W,68,3.2288698955365622
AL,2017,O468,W,4,0.1899335232668566
AL,2017,O469,W,4,0.1899335232668566
AL,2017,O710,W,1,0.04748338081671415
AL,2017,O711,W,2,0.0949667616334283
AL,2017,O720,W,2,0.0949667616334283
AL,2017,O721,W,9,0.42735042735042733
AL,2017,O722,W,5,0.23741690408357075
AL,2017,O85,W,200,9.49667616334283
AL,2017,O860,W,55,2.611585944919278
AL,2017,O868,W,12,0.5698005698005698
AL,2017,O900,W,5,0.23741690408357075
AL,2017,O031,hemorrhage,239,54.31818181818182
AL,2017,O036,hemorrhage,1,0.22727272727272727
AL,2017,O051,hemorrhage,2,0.45454545454545453
AL,2017,O056,hemorrhage,1,0.22727272727272727
AL,2017,O061,hemorrhage,4,0.9090909090909091
AL,2017,O066,hemorrhage,1,0.22727272727272727
AL,2017,O441,hemorrhage,25,5.681818181818182
AL,2017,O450,hemorrhage,58,13.181818181818182
AL,2017,O458,hemorrhage,17,3.8636363636363638
AL,2017,O459,hemorrhage,68,15.454545454545455
AL,2017,O468,hemorrhage,4,0.9090909090909091
AL,2017,O469,hemorrhage,4,0.9090909090909091
AL,2017,O720,hemorrhage,2,0.45454545454545453
AL,2017,O721,hemorrhage,9,2.0454545454545454
AL,2017,O722,hemorrhage,5,1.1363636363636365
AL,2017,O11,hypertension,25,1.8656716417910448
AL,2017,O140,hypertension,172,12.835820895522389
AL,2017,O141,hypertension,476,35.52238805970149
AL,2017,O149,hypertension,595,44.40298507462686
AL,2017,O150,hypertension,43,3.208955223880597
AL,2017,O151,hypertension,14,1.044776119402985
AL,2017,O152,hypertension,9,0.6716417910447762
AL,2017,O159,hypertension,6,0.44776119402985076
AL,2018,O030,W,13,0.6595636732623034
AL,2018,O031,W,172,8.726534753932015
AL,2018,O035,W,5,0.2536783358701167
AL,2018,O036,W,3,0.15220700152207
AL,2018,O041,W,1,0.050735667174023336
AL,2018,O045,W,1,0.050735667174023336
AL,2018,O046,W,1,0.050735667174023336
AL,2018,O050,W,1,0.050735667174023336
AL,2018,O055,W,1,0.050735667174023336
AL,2018,O061,W,5,0.2536783358701167
AL,2018,O065,W,5,0.2536783358701167
AL,2018,O080,W,3,0.15220700152207
AL,2018,O11,W,66,3.34855403348554
AL,2018,O140,W,180,9.132420091324201
AL,2018,O141,W,340,17.250126839167937
AL,2018,O149,W,683,34.65246067985794
AL,2018,O150,W,42,2.13089802130898
AL,2018,O151,W,10,0.5073566717402334
AL,2018,O152,W,3,0.15220700152207
AL,2018,O159,W,7,0.35514967021816335
AL,2018,O411,W,1,0.050735667174023336
AL,2018,O441,W,33,1.67427701674277
AL,2018,O450,W,61,3.0948756976154237
AL,2018,O458,W,16,0.8117706747843734
AL,2018,O459,W,85,4.312531709791984
AL,2018,O468,W,3,0.15220700152207
AL,2018,O469,W,1,0.050735667174023336
AL,2018,O679,W,1,0.050735667174023336
AL,2018,O710,W,2,0.10147133434804667
AL,2018,O711,W,2,0.10147133434804667
AL,2018,O721,W,6,0.30441400304414
AL,2018,O722,W,4,0.20294266869609334
AL,2018,O85,W,141,7.153729071537291
AL,2018,O860,W,59,2.993404363267377
AL,2018,O868,W,6,0.30441400304414
AL,2018,O900,W,8,0.4058853373921867
AL,2018,O031,hemorrhage,172,43.87755102040816
AL,2018,O036,hemorrhage,3,0.7653061224489796
AL,2018,O041,hemorrhage,1,0.25510204081632654
AL,2018,O046,hemorrhage,1,0.25510204081632654
AL,2018,O061,hemorrhage,5,1.2755102040816326
AL,2018,O441,hemorrhage,33,8.418367346938776
AL,2018,O450,hemorrhage,61,15.561224489795919
AL,2018,O458,hemorrhage,16,4.081632653061225
AL,2018,O459,hemorrhage,85,21.683673469387756
AL,2018,O468,hemorrhage,3,0.7653061224489796
AL,2018,O469,hemorrhage,1,0.25510204081632654
AL,2018,O679,hemorrhage,1,0.25510204081632654
AL,2018,O721,hemorrhage,6,1.530612244897959
AL,2018,O722,hemorrhage,4,1.0204081632653061
AL,2018,O11,hypertension,66,4.958677685950414
AL,2018,O140,hypertension,180,13.5236664162284
AL,2018,O141,hypertension,340,25.544703230653642
AL,2018,O149,hypertension,683,51.31480090157776
AL,2018,O150,hypertension,42,3.1555221637866264
AL,2018,O151,hypertension,10,0.7513148009015778
AL,2018,O152,hypertension,3,0.22539444027047334
AL,2018,O159,hypertension,7,0.5259203606311045
AL,2019,O030,W,8,0.4058853373921867
AL,2019,O031,W,187,9.487569761542364
AL,2019,O035,W,2,0.10147133434804667
AL,2019,O036,W,1,0.050735667174023336
AL,2019,O040,W,1,0.050735667174023336
AL,2019,O041,W,1,0.050735667174023336
AL,2019,O046,W,1,0.050735667174023336
AL,2019,O051,W,1,0.050735667174023336
AL,2019,O056,W,1,0.050735667174023336
AL,2019,O060,W,10,0.5073566717402334
AL,2019,O061,W,6,0.30441400304414
AL,2019,O065,W,2,0.10147133434804667
AL,2019,O080,W,2,0.10147133434804667
AL,2019,O081,W,2,0.10147133434804667
AL,2019,O082,W,1,0.050735667174023336
AL,2019,O11,W,67,3.3992897006595637
AL,2019,O140,W,166,8.422120750887874
AL,2019,O141,W,276,14.003044140030442
AL,2019,O149,W,709,35.97158802638255
AL,2019,O15,W,1,0.050735667174023336
AL,2019,O150,W,27,1.36986301369863
AL,2019,O151,W,17,0.8625063419583967
AL,2019,O152,W,4,0.20294266869609334
AL,2019,O159,W,4,0.20294266869609334
AL,2019,O411,W,2,0.10147133434804667
AL,2019,O441,W,30,1.5220700152207
AL,2019,O450,W,10,0.5073566717402334
AL,2019,O458,W,13,0.6595636732623034
AL,2019,O459,W,117,5.936073059360731
AL,2019,O694,W,2,0.10147133434804667
AL,2019,O720,W,2,0.10147133434804667
AL,2019,O721,W,4,0.20294266869609334
AL,2019,O722,W,4,0.20294266869609334
AL,2019,O85,W,188,9.538305428716388
AL,2019,O860,W,82,4.160324708269914
AL,2019,O868,W,11,0.5580923389142567
AL,2019,O900,W,9,0.45662100456621
AL,2019,O031,hemorrhage,187,48.952879581151834
AL,2019,O036,hemorrhage,1,0.2617801047120419
AL,2019,O041,hemorrhage,1,0.2617801047120419
AL,2019,O046,hemorrhage,1,0.2617801047120419
AL,2019,O051,hemorrhage,1,0.2617801047120419
AL,2019,O056,hemorrhage,1,0.2617801047120419
AL,2019,O061,hemorrhage,6,1.5706806282722514
AL,2019,O081,hemorrhage,2,0.5235602094240838
AL,2019,O441,hemorrhage,30,7.853403141361256
AL,2019,O450,hemorrhage,10,2.6178010471204187
AL,2019,O458,hemorrhage,13,3.4031413612565444
AL,2019,O459,hemorrhage,117,30.6282722513089
AL,2019,O694,hemorrhage,2,0.5235602094240838
AL,2019,O720,hemorrhage,2,0.5235602094240838
AL,2019,O721,hemorrhage,4,1.0471204188481675
AL,2019,O722,hemorrhage,4,1.0471204188481675
AL,2019,O11,hypertension,67,5.271439811172305
AL,2019,O140,hypertension,166,13.060582218725413
AL,2019,O141,hypertension,276,21.71518489378442
AL,2019,O149,hypertension,709,55.782848151062154
AL,2019,O15,hypertension,1,0.07867820613690008
AL,2019,O150,hypertension,27,2.1243115656963023
AL,2019,O151,hypertension,17,1.3375295043273014
AL,2019,O152,hypertension,4,0.3147128245476003
AL,2019,O159,hypertension,4,0.3147128245476003
AL,2020,O030,W,29,1.9634394041976981
AL,2020,O031,W,91,6.161137440758294
AL,2020,O035,W,6,0.4062288422477996
AL,2020,O036,W,2,0.13540961408259986
AL,2020,O041,W,1,0.06770480704129993
AL,2020,O050,W,2,0.13540961408259986
AL,2020,O051,W,1,0.06770480704129993
AL,2020,O060,W,10,0.6770480704129993
AL,2020,O061,W,5,0.33852403520649965
AL,2020,O065,W,2,0.13540961408259986
AL,2020,O066,W,1,0.06770480704129993
AL,2020,O080,W,8,0.5416384563303994
AL,2020,O081,W,2,0.13540961408259986
AL,2020,O11,W,27,1.8280297901150981
AL,2020,O140,W,133,9.004739336492891
AL,2020,O141,W,213,14.421123899796886
AL,2020,O149,W,516,34.935680433310765
AL,2020,O15,W,2,0.13540961408259986
AL,2020,O150,W,45,3.0467163168584968
AL,2020,O151,W,18,1.2186865267433988
AL,2020,O152,W,9,0.6093432633716994
AL,2020,O159,W,5,0.33852403520649965
AL,2020,O411,W,1,0.06770480704129993
AL,2020,O441,W,17,1.1509817197020988
AL,2020,O450,W,13,0.8801624915368991
AL,2020,O458,W,16,1.0832769126607988
AL,2020,O459,W,91,6.161137440758294
AL,2020,O469,W,1,0.06770480704129993
AL,2020,O710,W,1,0.06770480704129993
AL,2020,O720,W,1,0.06770480704129993
AL,2020,O721,W,12,0.8124576844955992
AL,2020,O722,W,9,0.6093432633716994
AL,2020,O85,W,126,8.530805687203792
AL,2020,O860,W,57,3.8591740013540963
AL,2020,O868,W,3,0.2031144211238998
AL,2020,O900,W,1,0.06770480704129993
AL,2020,O031,hemorrhage,91,34.60076045627376
AL,2020,O036,hemorrhage,2,0.7604562737642585
AL,2020,O041,hemorrhage,1,0.38022813688212925
AL,2020,O051,hemorrhage,1,0.38022813688212925
AL,2020,O061,hemorrhage,5,1.9011406844106464
AL,2020,O066,hemorrhage,1,0.38022813688212925
AL,2020,O081,hemorrhage,2,0.7604562737642585
AL,2020,O441,hemorrhage,17,6.4638783269961975
AL,2020,O450,hemorrhage,13,4.942965779467681
AL,2020,O458,hemorrhage,16,6.083650190114068
AL,2020,O459,hemorrhage,91,34.60076045627376
AL,2020,O469,hemorrhage,1,0.38022813688212925
AL,2020,O720,hemorrhage,1,0.38022813688212925
AL,2020,O721,hemorrhage,12,4.562737642585551
AL,2020,O722,hemorrhage,9,3.4220532319391634
AL,2020,O11,hypertension,27,2.7892561983471076
AL,2020,O140,hypertension,133,13.739669421487603
AL,2020,O141,hypertension,213,22.00413223140496
AL,2020,O149,hypertension,516,53.30578512396694
AL,2020,O15,hypertension,2,0.2066115702479339
AL,2020,O150,hypertension,45,4.648760330578512
AL,2020,O151,hypertension,18,1.859504132231405
AL,2020,O152,hypertension,9,0.9297520661157025
AL,2020,O159,hypertension,5,0.5165289256198347
AL,2021,O030,W,53,2.5517573423206548
AL,2021,O031,W,94,4.525758305247954
AL,2021,O035,W,11,0.5296100144439095
AL,2021,O051,W,1,0.04814636494944632
AL,2021,O060,W,4,0.19258545979778527
AL,2021,O061,W,13,0.6259027443428021
AL,2021,O065,W,1,0.04814636494944632
AL,2021,O066,W,1,0.04814636494944632
AL,2021,O080,W,2,0.09629272989889263
AL,2021,O11,W,67,3.225806451612903
AL,2021,O140,W,188,9.051516610495907
AL,2021,O141,W,242,11.651420317766009
AL,2021,O149,W,895,43.09099662975445
AL,2021,O15,W,2,0.09629272989889263
AL,2021,O150,W,56,2.696196437168994
AL,2021,O151,W,24,1.1555127587867116
AL,2021,O152,W,7,0.33702455464612424
AL,2021,O159,W,5,0.2407318247472316
AL,2021,O411,W,4,0.19258545979778527
AL,2021,O441,W,23,1.1073663938372653
AL,2021,O450,W,7,0.33702455464612424
AL,2021,O458,W,14,0.6740491092922485
AL,2021,O459,W,121,5.8257101588830045
AL,2021,O670,W,2,0.09629272989889263
AL,2021,O710,W,1,0.04814636494944632
AL,2021,O711,W,1,0.04814636494944632
AL,2021,O72,W,4,0.19258545979778527
AL,2021,O720,W,1,0.04814636494944632
AL,2021,O721,W,11,0.5296100144439095
AL,2021,O722,W,2,0.09629272989889263
AL,2021,O85,W,160,7.703418391911411
AL,2021,O860,W,53,2.5517573423206548
AL,2021,O868,W,4,0.19258545979778527
AL,2021,O900,W,3,0.14443909484833894
AL,2021,O031,hemorrhage,94,31.972789115646258
AL,2021,O051,hemorrhage,1,0.3401360544217687
AL,2021,O061,hemorrhage,13,4.421768707482993
AL,2021,O066,hemorrhage,1,0.3401360544217687
AL,2021,O441,hemorrhage,23,7.8231292517006805
AL,2021,O450,hemorrhage,7,2.380952380952381
AL,2021,O458,hemorrhage,14,4.761904761904762
AL,2021,O459,hemorrhage,121,41.156462585034014
AL,2021,O670,hemorrhage,2,0.6802721088435374
AL,2021,O72,hemorrhage,4,1.3605442176870748
AL,2021,O720,hemorrhage,1,0.3401360544217687
AL,2021,O721,hemorrhage,11,3.741496598639456
AL,2021,O722,hemorrhage,2,0.6802721088435374
AL,2021,O11,hypertension,67,4.508748317631225
AL,2021,O140,hypertension,188,12.651413189771198
AL,2021,O141,hypertension,242,16.285329744279945
AL,2021,O149,hypertension,895,60.228802153432035
AL,2021,O15,hypertension,2,0.13458950201884254
AL,2021,O150,hypertension,56,3.768506056527591
AL,2021,O151,hypertension,24,1.6150740242261103
AL,2021,O152,hypertension,7,0.47106325706594887
AL,2021,O159,hypertension,5,0.3364737550471063
AL,2022,O030,W,24,1.1701608971233544
AL,2022,O031,W,85,4.144319843978547
AL,2022,O035,W,5,0.24378352023403219
AL,2022,O036,W,4,0.19502681618722575
AL,2022,O056,W,4,0.19502681618722575
AL,2022,O060,W,23,1.121404193076548
AL,2022,O061,W,17,0.8288639687957094
AL,2022,O065,W,1,0.04875670404680644
AL,2022,O066,W,1,0.04875670404680644
AL,2022,O071,W,1,0.04875670404680644
AL,2022,O080,W,8,0.3900536323744515
AL,2022,O081,W,3,0.1462701121404193
AL,2022,O083,W,1,0.04875670404680644
AL,2022,O11,W,35,1.7064846416382253
AL,2022,O140,W,156,7.606045831301804
AL,2022,O141,W,276,13.456850316918576
AL,2022,O149,W,856,41.73573866406631
AL,2022,O15,W,1,0.04875670404680644
AL,2022,O150,W,71,3.461725987323257
AL,2022,O151,W,19,0.9263773768893223
AL,2022,O152,W,9,0.43881033642125794
AL,2022,O159,W,2,0.09751340809361288
AL,2022,O411,W,8,0.3900536323744515
AL,2022,O441,W,39,1.901511457825451
AL,2022,O450,W,7,0.3412969283276451
AL,2022,O458,W,24,1.1701608971233544
AL,2022,O459,W,118,5.753291077523159
AL,2022,O46,W,2,0.09751340809361288
AL,2022,O469,W,2,0.09751340809361288
AL,2022,O710,W,3,0.1462701121404193
AL,2022,O711,W,2,0.09751340809361288
AL,2022,O72,W,1,0.04875670404680644
AL,2022,O720,W,2,0.09751340809361288
AL,2022,O721,W,8,0.3900536323744515
AL,2022,O722,W,6,0.2925402242808386
AL,2022,O85,W,143,6.97220867869332
AL,2022,O86,W,1,0.04875670404680644
AL,2022,O860,W,72,3.5104826913700635
AL,2022,O868,W,8,0.3900536323744515
AL,2022,O900,W,3,0.1462701121404193
AL,2022,O031,hemorrhage,85,26.234567901234566
AL,2022,O036,hemorrhage,4,1.2345679012345678
AL,2022,O056,hemorrhage,4,1.2345679012345678
AL,2022,O061,hemorrhage,17,5.246913580246914
AL,2022,O066,hemorrhage,1,0.30864197530864196
AL,2022,O071,hemorrhage,1,0.30864197530864196
AL,2022,O081,hemorrhage,3,0.9259259259259259
AL,2022,O441,hemorrhage,39,12.037037037037036
AL,2022,O450,hemorrhage,7,2.1604938271604937
AL,2022,O458,hemorrhage,24,7.407407407407407
AL,2022,O459,hemorrhage,118,36.41975308641975
AL,2022,O46,hemorrhage,2,0.6172839506172839
AL,2022,O469,hemorrhage,2,0.6172839506172839
AL,2022,O72,hemorrhage,1,0.30864197530864196
AL,2022,O720,hemorrhage,2,0.6172839506172839
AL,2022,O721,hemorrhage,8,2.4691358024691357
AL,2022,O722,hemorrhage,6,1.8518518518518519
AL,2022,O11,hypertension,35,2.456140350877193
AL,2022,O140,hypertension,156,10.947368421052632
AL,2022,O141,hypertension,276,19.36842105263158
AL,2022,O149,hypertension,856,60.07017543859649
AL,2022,O15,hypertension,1,0.07017543859649122
AL,2022,O150,hypertension,71,4.982456140350878
AL,2022,O151,hypertension,19,1.3333333333333333
AL,2022,O152,hypertension,9,0.631578947368421
AL,2022,O159,hypertension,2,0.14035087719298245
AL,2023,N709,W,1,0.040749796251018745
AL,2023,O030,W,32,1.3039934800325998
AL,2023,O031,W,70,2.852485737571312
AL,2023,O035,W,10,0.40749796251018744
AL,2023,O036,W,4,0.16299918500407498
AL,2023,O041,W,1,0.040749796251018745
AL,2023,O045,W,1,0.040749796251018745
AL,2023,O050,W,7,0.2852485737571312
AL,2023,O051,W,2,0.08149959250203749
AL,2023,O056,W,1,0.040749796251018745
AL,2023,O060,W,13,0.5297473512632437
AL,2023,O061,W,31,1.263243683781581
AL,2023,O066,W,3,0.12224938875305623
AL,2023,O080,W,6,0.24449877750611246
AL,2023,O082,W,1,0.040749796251018745
AL,2023,O11,W,46,1.8744906275468622
AL,2023,O140,W,260,10.594947025264874
AL,2023,O141,W,225,9.168704156479217
AL,2023,O149,W,1103,44.94702526487367
AL,2023,O150,W,95,3.871230643846781
AL,2023,O151,W,25,1.0187449062754685
AL,2023,O152,W,8,0.32599837000814996
AL,2023,O159,W,10,0.40749796251018744
AL,2023,O411,W,6,0.24449877750611246
AL,2023,O441,W,27,1.1002444987775062
AL,2023,O450,W,12,0.4889975550122249
AL,2023,O458,W,6,0.24449877750611246
AL,2023,O459,W,84,3.4229828850855744
AL,2023,O694,W,1,0.040749796251018745
AL,2023,O710,W,1,0.040749796251018745
AL,2023,O711,W,4,0.16299918500407498
AL,2023,O72,W,5,0.20374898125509372
AL,2023,O720,W,6,0.24449877750611246
AL,2023,O721,W,9,0.36674816625916873
AL,2023,O722,W,6,0.24449877750611246
AL,2023,O85,W,226,9.209453952730236
AL,2023,O86,W,5,0.20374898125509372
AL,2023,O860,W,82,3.341483292583537
AL,2023,O868,W,17,0.6927465362673186
AL,2023,O900,W,2,0.08149959250203749
AL,2023,O031,hemorrhage,70,26.119402985074625
AL,2023,O036,hemorrhage,4,1.492537313432836
AL,2023,O041,hemorrhage,1,0.373134328358209
AL,2023,O051,hemorrhage,2,0.746268656716418
AL,2023,O056,hemorrhage,1,0.373134328358209
AL,2023,O061,hemorrhage,31,11.567164179104477
AL,2023,O066,hemorrhage,3,1.1194029850746268
AL,2023,O441,hemorrhage,27,10.074626865671641
AL,2023,O450,hemorrhage,12,4.477611940298507
AL,2023,O458,hemorrhage,6,2.2388059701492535
AL,2023,O459,hemorrhage,84,31.34328358208955
AL,2023,O694,hemorrhage,1,0.373134328358209
AL,2023,O72,hemorrhage,5,1.8656716417910448
AL,2023,O720,hemorrhage,6,2.2388059701492535
AL,2023,O721,hemorrhage,9,3.3582089552238807
AL,2023,O722,hemorrhage,6,2.2388059701492535
AL,2023,O11,hypertension,46,2.595936794582393
AL,2023,O140,hypertension,260,14.672686230248306
AL,2023,O141,hypertension,225,12.697516930022573
AL,2023,O149,hypertension,1103,62.246049661399546
AL,2023,O150,hypertension,95,5.36117381489842
AL,2023,O151,hypertension,25,1.4108352144469527
AL,2023,O152,hypertension,8,0.45146726862302483
AL,2023,O159,hypertension,10,0.5643340857787811
AL,2024,O030,W,38,1.760074108383511
AL,2024,O031,W,31,1.4358499305233905
AL,2024,O035,W,9,0.41685965724872626
AL,2024,O036,W,5,0.2315886984715146
AL,2024,O040,W,1,0.04631773969430292
AL,2024,O041,W,1,0.04631773969430292
AL,2024,O050,W,5,0.2315886984715146
AL,2024,O051,W,2,0.09263547938860583
AL,2024,O060,W,12,0.555812876331635
AL,2024,O061,W,17,0.7874015748031497
AL,2024,O065,W,1,0.04631773969430292
AL,2024,O070,W,1,0.04631773969430292
AL,2024,O080,W,3,0.13895321908290875
AL,2024,O082,W,1,0.04631773969430292
AL,2024,O11,W,16,0.7410838351088467
AL,2024,O140,W,241,11.162575266327003
AL,2024,O141,W,203,9.402501157943492
AL,2024,O149,W,874,40.481704492820754
AL,2024,O15,W,1,0.04631773969430292
AL,2024,O150,W,87,4.029643353404354
AL,2024,O151,W,21,0.9726725335803613
AL,2024,O152,W,3,0.13895321908290875
AL,2024,O159,W,9,0.41685965724872626
AL,2024,O411,W,6,0.2779064381658175
AL,2024,O441,W,25,1.1579434923575729
AL,2024,O450,W,51,2.3622047244094486
AL,2024,O458,W,21,0.9726725335803613
AL,2024,O459,W,102,4.724409448818897
AL,2024,O679,W,1,0.04631773969430292
AL,2024,O710,W,1,0.04631773969430292
AL,2024,O711,W,1,0.04631773969430292
AL,2024,O72,W,6,0.2779064381658175
AL,2024,O720,W,2,0.09263547938860583
AL,2024,O721,W,5,0.2315886984715146
AL,2024,O722,W,6,0.2779064381658175
AL,2024,O85,W,254,11.764705882352942
AL,2024,O86,W,1,0.04631773969430292
AL,2024,O860,W,82,3.798054654932839
AL,2024,O868,W,6,0.2779064381658175
AL,2024,O883,W,1,0.04631773969430292
AL,2024,O900,W,6,0.2779064381658175
AL,2024,O031,hemorrhage,31,11.272727272727273
AL,2024,O036,hemorrhage,5,1.8181818181818181
AL,2024,O041,hemorrhage,1,0.36363636363636365
AL,2024,O051,hemorrhage,2,0.7272727272727273
AL,2024,O061,hemorrhage,17,6.181818181818182
AL,2024,O441,hemorrhage,25,9.090909090909092
AL,2024,O450,hemorrhage,51,18.545454545454547
AL,2024,O458,hemorrhage,21,7.636363636363637
AL,2024,O459,hemorrhage,102,37.09090909090909
AL,2024,O679,hemorrhage,1,0.36363636363636365
AL,2024,O72,hemorrhage,6,2.1818181818181817
AL,2024,O720,hemorrhage,2,0.7272727272727273
AL,2024,O721,hemorrhage,5,1.8181818181818181
AL,2024,O722,hemorrhage,6,2.1818181818181817
AL,2024,O11,hypertension,16,1.0996563573883162
AL,2024,O140,hypertension,241,16.563573883161514
AL,2024,O141,hypertension,203,13.951890034364261
AL,2024,O149,hypertension,874,60.06872852233677
AL,2024,O15,hypertension,1,0.06872852233676977
AL,2024,O150,hypertension,87,5.979381443298969
AL,2024,O151,hypertension,21,1.443298969072165
AL,2024,O152,hypertension,3,0.20618556701030927
AL,2024,O159,hypertension,9,0.6185567010309279
AL,2025,D62,W,1,0.05238344683080147
AL,2025,O030,W,34,1.7810371922472499
AL,2025,O031,W,29,1.5191199580932426
AL,2025,O035,W,8,0.41906757464641176
AL,2025,O036,W,6,0.3143006809848088
AL,2025,O040,W,1,0.05238344683080147
AL,2025,O050,W,1,0.05238344683080147
AL,2025,O060,W,8,0.41906757464641176
AL,2025,O061,W,6,0.3143006809848088
AL,2025,O065,W,1,0.05238344683080147
AL,2025,O066,W,1,0.05238344683080147
AL,2025,O080,W,7,0.3666841278156103
AL,2025,O081,W,2,0.10476689366160294
AL,2025,O082,W,1,0.05238344683080147
AL,2025,O083,W,1,0.05238344683080147
AL,2025,O11,W,16,0.8381351492928235
AL,2025,O140,W,218,11.41959140911472
AL,2025,O141,W,190,9.952854897852278
AL,2025,O149,W,749,39.2352016762703
AL,2025,O15,W,5,0.26191723415400736
AL,2025,O150,W,79,4.138292299633316
AL,2025,O151,W,15,0.785751702462022
AL,2025,O152,W,10,0.5238344683080147
AL,2025,O159,W,21,1.1000523834468308
AL,2025,O411,W,4,0.20953378732320588
AL,2025,O441,W,19,0.9952854897852279
AL,2025,O450,W,32,1.676270298585647
AL,2025,O458,W,24,1.2572027239392352
AL,2025,O459,W,66,3.4573074908328967
AL,2025,O710,W,2,0.10476689366160294
AL,2025,O711,W,6,0.3143006809848088
AL,2025,O72,W,7,0.3666841278156103
AL,2025,O720,W,4,0.20953378732320588
AL,2025,O721,W,12,0.6286013619696176
AL,2025,O722,W,4,0.20953378732320588
AL,2025,O85,W,224,11.733892090099529
AL,2025,O86,W,3,0.1571503404924044
AL,2025,O860,W,77,4.033525405971713
AL,2025,O868,W,12,0.6286013619696176
AL,2025,O900,W,3,0.1571503404924044
AL,2025,D62,hemorrhage,1,0.4694835680751174
AL,2025,O031,hemorrhage,29,13.615023474178404
AL,2025,O036,hemorrhage,6,2.816901408450704
AL,2025,O061,hemorrhage,6,2.816901408450704
AL,2025,O066,hemorrhage,1,0.4694835680751174
AL,2025,O081,hemorrhage,2,0.9389671361502347
AL,2025,O441,hemorrhage,19,8.92018779342723
AL,2025,O450,hemorrhage,32,15.023474178403756
AL,2025,O458,hemorrhage,24,11.267605633802816
AL,2025,O459,hemorrhage,66,30.985915492957748
AL,2025,O72,hemorrhage,7,3.2863849765258215
AL,2025,O720,hemorrhage,4,1.8779342723004695
AL,2025,O721,hemorrhage,12,5.633802816901408
AL,2025,O722,hemorrhage,4,1.8779342723004695
AL,2025,O11,hypertension,16,1.2279355333844972
AL,2025,O140,hypertension,218,16.730621642363776
AL,2025,O141,hypertension,190,14.581734458940906
AL,2025,O149,hypertension,749,57.48273215656178
AL,2025,O15,hypertension,5,0.3837298541826554
AL,2025,O150,hypertension,79,6.062931696085956
AL,2025,O151,hypertension,15,1.1511895625479662
AL,2025,O152,hypertension,10,0.7674597083653109
AL,2025,O159,hypertension,21,1.6116653875671527
BA,2008,O030,W,610,9.495641344956413
BA,2008,O031,W,450,7.004981320049813
BA,2008,O035,W,76,1.1830635118306352
BA,2008,O036,W,23,0.3580323785803238
BA,2008,O040,W,32,0.49813200498132004
BA,2008,O041,W,42,0.6537982565379825
BA,2008,O045,W,3,0.046699875466998754
BA,2008,O046,W,8,0.12453300124533001
BA,2008,O050,W,14,0.21793275217932753
BA,2008,O051,W,32,0.49813200498132004
BA,2008,O055,W,287,4.467621419676214
BA,2008,O056,W,2,0.031133250311332503
BA,2008,O060,W,190,2.9576587795765876
BA,2008,O061,W,86,1.3387297633872977
BA,2008,O065,W,4,0.062266500622665005
BA,2008,O066,W,30,0.4669987546699875
BA,2008,O075,W,1,0.015566625155666251
BA,2008,O080,W,10,0.15566625155666253
BA,2008,O081,W,3,0.046699875466998754
BA,2008,O083,W,1,0.015566625155666251
BA,2008,O11,W,7,0.10896637608966377
BA,2008,O140,W,536,8.34371108343711
BA,2008,O141,W,1287,20.034246575342465
BA,2008,O149,W,368,5.72851805728518
BA,2008,O150,W,199,3.0977584059775842
BA,2008,O151,W,155,2.412826899128269
BA,2008,O152,W,15,0.23349937733499376
BA,2008,O159,W,50,0.7783312577833126
BA,2008,O411,W,37,0.5759651307596513
BA,2008,O441,W,115,1.790161892901619
BA,2008,O450,W,61,0.9495641344956414
BA,2008,O458,W,81,1.2608966376089663
BA,2008,O459,W,741,11.534869240348693
BA,2008,O460,W,1,0.015566625155666251
BA,2008,O468,W,2,0.031133250311332503
BA,2008,O469,W,3,0.046699875466998754
BA,2008,O670,W,4,0.062266500622665005
BA,2008,O694,W,1,0.015566625155666251
BA,2008,O710,W,11,0.17123287671232876
BA,2008,O711,W,9,0.14009962640099627
BA,2008,O720,W,3,0.046699875466998754
BA,2008,O721,W,57,0.8872976338729763
BA,2008,O722,W,18,0.28019925280199254
BA,2008,O85,W,401,6.242216687422167
BA,2008,O860,W,274,4.265255292652553
BA,2008,O868,W,58,0.9028642590286425
BA,2008,O900,W,26,0.40473225404732255
BA,2008,O031,hemorrhage,450,25.524673851389675
BA,2008,O036,hemorrhage,23,1.3045944412932502
BA,2008,O041,hemorrhage,42,2.38230289279637
BA,2008,O046,hemorrhage,8,0.45377197958026094
BA,2008,O051,hemorrhage,32,1.8150879183210438
BA,2008,O056,hemorrhage,2,0.11344299489506524
BA,2008,O061,hemorrhage,86,4.878048780487805
BA,2008,O066,hemorrhage,30,1.7016449234259785
BA,2008,O081,hemorrhage,3,0.17016449234259784
BA,2008,O441,hemorrhage,115,6.5229722064662505
BA,2008,O450,hemorrhage,61,3.4600113442994895
BA,2008,O458,hemorrhage,81,4.594441293250142
BA,2008,O459,hemorrhage,741,42.030629608621666
BA,2008,O460,hemorrhage,1,0.05672149744753262
BA,2008,O468,hemorrhage,2,0.11344299489506524
BA,2008,O469,hemorrhage,3,0.17016449234259784
BA,2008,O670,hemorrhage,4,0.22688598979013047
BA,2008,O694,hemorrhage,1,0.05672149744753262
BA,2008,O720,hemorrhage,3,0.17016449234259784
BA,2008,O721,hemorrhage,57,3.233125354509359
BA,2008,O722,hemorrhage,18,1.0209869540555871
BA,2008,O11,hypertension,7,0.26748184944593045
BA,2008,O140,hypertension,536,20.481467329002676
BA,2008,O141,hypertension,1287,49.17844860527321
BA,2008,O149,hypertension,368,14.061902942300344
BA,2008,O150,hypertension,199,7.604126862820023
BA,2008,O151,hypertension,155,5.92281238058846
BA,2008,O152,hypertension,15,0.573175391669851
BA,2008,O159,hypertension,50,1.9105846388995031
BA,2009,O030,W,587,8.545639831125346
BA,2009,O031,W,445,6.478381132624836
BA,2009,O035,W,54,0.7861406318241374
BA,2009,O036,W,22,0.32027951666909305
BA,2009,O040,W,18,0.2620468772747125
BA,2009,O041,W,13,0.1892560780317368
BA,2009,O045,W,14,0.20381423788033193
BA,2009,O046,W,4,0.05823263939438055
BA,2009,O050,W,17,0.24748871742611733
BA,2009,O051,W,45,0.6551171931867812
BA,2009,O055,W,302,4.396564274275732
BA,2009,O056,W,6,0.08734895909157082
BA,2009,O060,W,95,1.383025185616538
BA,2009,O061,W,75,1.0918619886446352
BA,2009,O065,W,5,0.07279079924297568
BA,2009,O066,W,8,0.1164652787887611
BA,2009,O080,W,2,0.029116319697190276
BA,2009,O081,W,6,0.08734895909157082
BA,2009,O083,W,2,0.029116319697190276
BA,2009,O11,W,20,0.29116319697190274
BA,2009,O140,W,686,9.986897656136264
BA,2009,O141,W,1450,21.10933178046295
BA,2009,O149,W,657,9.564711020527005
BA,2009,O150,W,173,2.518561653806959
BA,2009,O151,W,146,2.12549133789489
BA,2009,O152,W,13,0.1892560780317368
BA,2009,O159,W,94,1.368467025767943
BA,2009,O411,W,66,0.9608385500072791
BA,2009,O441,W,92,1.3393507060707526
BA,2009,O450,W,63,0.9171640704614936
BA,2009,O458,W,89,1.2956762265249673
BA,2009,O459,W,687,10.00145581598486
BA,2009,O460,W,1,0.014558159848595138
BA,2009,O468,W,4,0.05823263939438055
BA,2009,O469,W,2,0.029116319697190276
BA,2009,O670,W,2,0.029116319697190276
BA,2009,O694,W,3,0.04367447954578541
BA,2009,O710,W,5,0.07279079924297568
BA,2009,O711,W,14,0.20381423788033193
BA,2009,O720,W,12,0.17469791818314165
BA,2009,O721,W,41,0.5968845537924007
BA,2009,O722,W,25,0.36395399621487845
BA,2009,O85,W,464,6.754986169748144
BA,2009,O860,W,256,3.7268889212403553
BA,2009,O868,W,67,0.9753967098558742
BA,2009,O900,W,17,0.24748871742611733
BA,2009,O031,hemorrhage,445,27.051671732522795
BA,2009,O036,hemorrhage,22,1.337386018237082
BA,2009,O041,hemorrhage,13,0.790273556231003
BA,2009,O046,hemorrhage,4,0.24316109422492402
BA,2009,O051,hemorrhage,45,2.735562310030395
BA,2009,O056,hemorrhage,6,0.364741641337386
BA,2009,O061,hemorrhage,75,4.5592705167173255
BA,2009,O066,hemorrhage,8,0.48632218844984804
BA,2009,O081,hemorrhage,6,0.364741641337386
BA,2009,O441,hemorrhage,92,5.592705167173253
BA,2009,O450,hemorrhage,63,3.8297872340425534
BA,2009,O458,hemorrhage,89,5.410334346504559
BA,2009,O459,hemorrhage,687,41.7629179331307
BA,2009,O460,hemorrhage,1,0.060790273556231005
BA,2009,O468,hemorrhage,4,0.24316109422492402
BA,2009,O469,hemorrhage,2,0.12158054711246201
BA,2009,O670,hemorrhage,2,0.12158054711246201
BA,2009,O694,hemorrhage,3,0.182370820668693
BA,2009,O720,hemorrhage,12,0.729483282674772
BA,2009,O721,hemorrhage,41,2.492401215805471
BA,2009,O722,hemorrhage,25,1.5197568389057752
BA,2009,O11,hypertension,20,0.6174745291756715
BA,2009,O140,hypertension,686,21.179376350725533
BA,2009,O141,hypertension,1450,44.76690336523618
BA,2009,O149,hypertension,657,20.28403828342081
BA,2009,O150,hypertension,173,5.341154677369558
BA,2009,O151,hypertension,146,4.507564062982402
BA,2009,O152,hypertension,13,0.40135844396418646
BA,2009,O159,hypertension,94,2.9021302871256562
BA,2010,O030,W,594,8.96197948098974
BA,2010,O031,W,593,8.946891973445986
BA,2010,O035,W,41,0.6185878092939047
BA,2010,O036,W,27,0.40736270368135186
BA,2010,O040,W,37,0.5582377791188896
BA,2010,O041,W,18,0.27157513578756787
BA,2010,O045,W,2,0.030175015087507542
BA,2010,O050,W,21,0.3168376584188292
BA,2010,O051,W,43,0.6487628243814122
BA,2010,O055,W,222,3.3494266747133374
BA,2010,O056,W,6,0.09052504526252263
BA,2010,O060,W,120,1.8105009052504526
BA,2010,O061,W,64,0.9656004828002414
BA,2010,O065,W,5,0.07543753771876886
BA,2010,O066,W,2,0.030175015087507542
BA,2010,O080,W,6,0.09052504526252263
BA,2010,O081,W,9,0.13578756789378393
BA,2010,O083,W,1,0.015087507543753771
BA,2010,O11,W,7,0.1056125528062764
BA,2010,O140,W,685,10.334942667471333
BA,2010,O141,W,1381,20.83584791792396
BA,2010,O149,W,554,8.35847917923959
BA,2010,O150,W,218,3.2890766445383224
BA,2010,O151,W,129,1.9462884731442365
BA,2010,O152,W,13,0.19613759806879905
BA,2010,O159,W,104,1.5691007845503924
BA,2010,O411,W,53,0.79963789981895
BA,2010,O441,W,88,1.327700663850332
BA,2010,O450,W,50,0.7543753771876885
BA,2010,O458,W,86,1.2975256487628244
BA,2010,O459,W,466,7.030778515389258
BA,2010,O460,W,1,0.015087507543753771
BA,2010,O469,W,4,0.060350030175015085
BA,2010,O670,W,1,0.015087507543753771
BA,2010,O694,W,2,0.030175015087507542
BA,2010,O710,W,10,0.15087507543753773
BA,2010,O711,W,5,0.07543753771876886
BA,2010,O720,W,39,0.5884127942063971
BA,2010,O721,W,32,0.4828002414001207
BA,2010,O722,W,37,0.5582377791188896
BA,2010,O85,W,430,6.487628243814122
BA,2010,O860,W,294,4.435727217863609
BA,2010,O868,W,96,1.448400724200362
BA,2010,O900,W,32,0.4828002414001207
BA,2010,O031,hemorrhage,593,37.81887755102041
BA,2010,O036,hemorrhage,27,1.721938775510204
BA,2010,O041,hemorrhage,18,1.1479591836734695
BA,2010,O051,hemorrhage,43,2.74234693877551
BA,2010,O056,hemorrhage,6,0.3826530612244898
BA,2010,O061,hemorrhage,64,4.081632653061225
BA,2010,O066,hemorrhage,2,0.12755102040816327
BA,2010,O081,hemorrhage,9,0.5739795918367347
BA,2010,O441,hemorrhage,88,5.612244897959184
BA,2010,O450,hemorrhage,50,3.188775510204082
BA,2010,O458,hemorrhage,86,5.48469387755102
BA,2010,O459,hemorrhage,466,29.71938775510204
BA,2010,O460,hemorrhage,1,0.06377551020408163
BA,2010,O469,hemorrhage,4,0.25510204081632654
BA,2010,O670,hemorrhage,1,0.06377551020408163
BA,2010,O694,hemorrhage,2,0.12755102040816327
BA,2010,O720,hemorrhage,39,2.4872448979591835
BA,2010,O721,hemorrhage,32,2.0408163265306123
BA,2010,O722,hemorrhage,37,2.3596938775510203
BA,2010,O11,hypertension,7,0.22646392753154318
BA,2010,O140,hypertension,685,22.16111290844387
BA,2010,O141,hypertension,1381,44.67809770300874
BA,2010,O149,hypertension,554,17.923002264639276
BA,2010,O150,hypertension,218,7.052733743125202
BA,2010,O151,hypertension,129,4.1734066645098675
BA,2010,O152,hypertension,13,0.42057586541572306
BA,2010,O159,hypertension,104,3.3646069233257845
BA,2011,O030,W,361,5.698500394632991
BA,2011,O031,W,568,8.966061562746646
BA,2011,O035,W,26,0.4104183109707972
BA,2011,O036,W,55,0.8681925808997633
BA,2011,O040,W,16,0.2525651144435675
BA,2011,O041,W,8,0.12628255722178375
BA,2011,O046,W,1,0.01578531965272297
BA,2011,O050,W,11,0.17363851617995266
BA,2011,O051,W,17,0.26835043409629045
BA,2011,O055,W,196,3.0939226519337018
BA,2011,O056,W,2,0.03157063930544594
BA,2011,O060,W,86,1.3575374901341752
BA,2011,O061,W,60,0.9471191791633781
BA,2011,O065,W,3,0.0473559589581689
BA,2011,O066,W,6,0.0947119179163378
BA,2011,O080,W,7,0.11049723756906077
BA,2011,O081,W,10,0.15785319652722968
BA,2011,O083,W,2,0.03157063930544594
BA,2011,O11,W,14,0.22099447513812154
BA,2011,O140,W,770,12.154696132596685
BA,2011,O141,W,1375,21.70481452249408
BA,2011,O149,W,587,9.265982636148381
BA,2011,O150,W,161,2.541436464088398
BA,2011,O151,W,53,0.8366219415943172
BA,2011,O152,W,15,0.23677979479084452
BA,2011,O159,W,88,1.3891081294396213
BA,2011,O411,W,20,0.31570639305445936
BA,2011,O441,W,66,1.0418310970797158
BA,2011,O450,W,48,0.7576953433307024
BA,2011,O458,W,67,1.057616416732439
BA,2011,O459,W,418,6.5982636148382
BA,2011,O468,W,3,0.0473559589581689
BA,2011,O469,W,6,0.0947119179163378
BA,2011,O670,W,4,0.06314127861089187
BA,2011,O694,W,7,0.11049723756906077
BA,2011,O710,W,2,0.03157063930544594
BA,2011,O711,W,7,0.11049723756906077
BA,2011,O720,W,33,0.5209155485398579
BA,2011,O721,W,54,0.8524072612470402
BA,2011,O722,W,41,0.6471981057616417
BA,2011,O85,W,502,7.92423046566693
BA,2011,O860,W,429,6.7719021310181535
BA,2011,O868,W,105,1.6574585635359116
BA,2011,O900,W,25,0.39463299131807417
BA,2011,O031,hemorrhage,568,38.53459972862958
BA,2011,O036,hemorrhage,55,3.7313432835820897
BA,2011,O041,hemorrhage,8,0.5427408412483039
BA,2011,O046,hemorrhage,1,0.06784260515603799
BA,2011,O051,hemorrhage,17,1.153324287652646
BA,2011,O056,hemorrhage,2,0.13568521031207598
BA,2011,O061,hemorrhage,60,4.07055630936228
BA,2011,O066,hemorrhage,6,0.40705563093622793
BA,2011,O081,hemorrhage,10,0.6784260515603799
BA,2011,O441,hemorrhage,66,4.477611940298507
BA,2011,O450,hemorrhage,48,3.2564450474898234
BA,2011,O458,hemorrhage,67,4.545454545454546
BA,2011,O459,hemorrhage,418,28.35820895522388
BA,2011,O468,hemorrhage,3,0.20352781546811397
BA,2011,O469,hemorrhage,6,0.40705563093622793
BA,2011,O670,hemorrhage,4,0.27137042062415195
BA,2011,O694,hemorrhage,7,0.47489823609226595
BA,2011,O720,hemorrhage,33,2.2388059701492535
BA,2011,O721,hemorrhage,54,3.6635006784260518
BA,2011,O722,hemorrhage,41,2.7815468113975577
BA,2011,O11,hypertension,14,0.45706823375775385
BA,2011,O140,hypertension,770,25.13875285667646
BA,2011,O141,hypertension,1375,44.89063010120797
BA,2011,O149,hypertension,587,19.164218086842965
BA,2011,O150,hypertension,161,5.256284688214169
BA,2011,O151,hypertension,53,1.7303297420829253
BA,2011,O152,hypertension,15,0.48971596474045054
BA,2011,O159,hypertension,88,2.87300032647731
BA,2012,O030,W,289,4.8230974632843795
BA,2012,O031,W,664,11.081441922563418
BA,2012,O035,W,47,0.7843791722296395
BA,2012,O036,W,51,0.8511348464619493
BA,2012,O040,W,5,0.08344459279038718
BA,2012,O041,W,2,0.03337783711615487
BA,2012,O050,W,13,0.21695594125500667
BA,2012,O051,W,20,0.33377837116154874
BA,2012,O055,W,184,3.0707610146862483
BA,2012,O056,W,2,0.03337783711615487
BA,2012,O060,W,59,0.9846461949265688
BA,2012,O061,W,30,0.5006675567423231
BA,2012,O065,W,2,0.03337783711615487
BA,2012,O066,W,4,0.06675567423230974
BA,2012,O080,W,3,0.050066755674232306
BA,2012,O081,W,6,0.10013351134846461
BA,2012,O11,W,15,0.25033377837116155
BA,2012,O140,W,848,14.152202937249665
BA,2012,O141,W,1024,17.089452603471294
BA,2012,O149,W,715,11.932576769025367
BA,2012,O150,W,161,2.6869158878504673
BA,2012,O151,W,56,0.9345794392523364
BA,2012,O152,W,24,0.40053404539385845
BA,2012,O159,W,156,2.6034712950600802
BA,2012,O411,W,9,0.15020026702269693
BA,2012,O441,W,52,0.8678237650200267
BA,2012,O450,W,71,1.184913217623498
BA,2012,O458,W,66,1.101468624833111
BA,2012,O459,W,291,4.856475300400534
BA,2012,O460,W,2,0.03337783711615487
BA,2012,O468,W,7,0.11682242990654206
BA,2012,O469,W,5,0.08344459279038718
BA,2012,O670,W,2,0.03337783711615487
BA,2012,O694,W,5,0.08344459279038718
BA,2012,O710,W,10,0.16688918558077437
BA,2012,O711,W,19,0.3170894526034713
BA,2012,O720,W,31,0.5173564753004005
BA,2012,O721,W,63,1.0514018691588785
BA,2012,O722,W,42,0.7009345794392523
BA,2012,O85,W,467,7.793724966622163
BA,2012,O860,W,338,5.640854472630173
BA,2012,O868,W,100,1.6688918558077437
BA,2012,O883,W,1,0.016688918558077435
BA,2012,O900,W,31,0.5173564753004005
BA,2012,O031,hemorrhage,664,46.89265536723164
BA,2012,O036,hemorrhage,51,3.6016949152542375
BA,2012,O041,hemorrhage,2,0.14124293785310735
BA,2012,O051,hemorrhage,20,1.4124293785310735
BA,2012,O056,hemorrhage,2,0.14124293785310735
BA,2012,O061,hemorrhage,30,2.1186440677966103
BA,2012,O066,hemorrhage,4,0.2824858757062147
BA,2012,O081,hemorrhage,6,0.423728813559322
BA,2012,O441,hemorrhage,52,3.672316384180791
BA,2012,O450,hemorrhage,71,5.0141242937853105
BA,2012,O458,hemorrhage,66,4.661016949152542
BA,2012,O459,hemorrhage,291,20.550847457627118
BA,2012,O460,hemorrhage,2,0.14124293785310735
BA,2012,O468,hemorrhage,7,0.4943502824858757
BA,2012,O469,hemorrhage,5,0.3531073446327684
BA,2012,O670,hemorrhage,2,0.14124293785310735
BA,2012,O694,hemorrhage,5,0.3531073446327684
BA,2012,O720,hemorrhage,31,2.189265536723164
BA,2012,O721,hemorrhage,63,4.4491525423728815
BA,2012,O722,hemorrhage,42,2.9661016949152543
BA,2012,O11,hypertension,15,0.5001667222407469
BA,2012,O140,hypertension,848,28.276092030676892
BA,2012,O141,hypertension,1024,34.144714904968325
BA,2012,O149,hypertension,715,23.841280426808936
BA,2012,O150,hypertension,161,5.368456152050683
BA,2012,O151,hypertension,56,1.8672890963654551
BA,2012,O152,hypertension,24,0.8002667555851951
BA,2012,O159,hypertension,156,5.2017339113037675
BA,2013,O030,W,321,5.282211617574461
BA,2013,O031,W,655,10.778344577916736
BA,2013,O035,W,60,0.9873292743129833
BA,2013,O036,W,54,0.8885963468816851
BA,2013,O040,W,16,0.26328780648346223
BA,2013,O041,W,3,0.04936646371564917
BA,2013,O045,W,1,0.01645548790521639
BA,2013,O046,W,10,0.1645548790521639
BA,2013,O050,W,15,0.24683231857824584
BA,2013,O051,W,16,0.26328780648346223
BA,2013,O055,W,77,1.267072568701662
BA,2013,O056,W,1,0.01645548790521639
BA,2013,O060,W,94,1.5468158630903406
BA,2013,O061,W,62,1.0202402501234162
BA,2013,O065,W,8,0.13164390324173111
BA,2013,O066,W,3,0.04936646371564917
BA,2013,O080,W,7,0.11518841533651472
BA,2013,O081,W,5,0.08227743952608195
BA,2013,O083,W,1,0.01645548790521639
BA,2013,O11,W,11,0.1810103669573803
BA,2013,O140,W,751,12.35807141681751
BA,2013,O141,W,1217,20.026328780648345
BA,2013,O149,W,826,13.592233009708737
BA,2013,O150,W,184,3.027809774559816
BA,2013,O151,W,47,0.7734079315451703
BA,2013,O152,W,22,0.3620207339147606
BA,2013,O159,W,112,1.8430146453842355
BA,2013,O411,W,3,0.04936646371564917
BA,2013,O441,W,50,0.8227743952608195
BA,2013,O450,W,52,0.8556853710712523
BA,2013,O458,W,65,1.0696067138390652
BA,2013,O459,W,337,5.545499424057923
BA,2013,O460,W,1,0.01645548790521639
BA,2013,O469,W,5,0.08227743952608195
BA,2013,O670,W,8,0.13164390324173111
BA,2013,O710,W,2,0.03291097581043278
BA,2013,O711,W,6,0.09873292743129834
BA,2013,O720,W,47,0.7734079315451703
BA,2013,O721,W,33,0.5430311008721409
BA,2013,O722,W,47,0.7734079315451703
BA,2013,O85,W,411,6.763205529043936
BA,2013,O860,W,314,5.167023202237947
BA,2013,O868,W,103,1.694915254237288
BA,2013,O900,W,14,0.23037683067302944
BA,2013,O031,hemorrhage,655,45.04814305364512
BA,2013,O036,hemorrhage,54,3.7138927097661623
BA,2013,O041,hemorrhage,3,0.2063273727647868
BA,2013,O046,hemorrhage,10,0.687757909215956
BA,2013,O051,hemorrhage,16,1.1004126547455295
BA,2013,O056,hemorrhage,1,0.0687757909215956
BA,2013,O061,hemorrhage,62,4.264099037138927
BA,2013,O066,hemorrhage,3,0.2063273727647868
BA,2013,O081,hemorrhage,5,0.343878954607978
BA,2013,O441,hemorrhage,50,3.43878954607978
BA,2013,O450,hemorrhage,52,3.576341127922971
BA,2013,O458,hemorrhage,65,4.470426409903714
BA,2013,O459,hemorrhage,337,23.177441540577718
BA,2013,O460,hemorrhage,1,0.0687757909215956
BA,2013,O469,hemorrhage,5,0.343878954607978
BA,2013,O670,hemorrhage,8,0.5502063273727648
BA,2013,O720,hemorrhage,47,3.232462173314993
BA,2013,O721,hemorrhage,33,2.269601100412655
BA,2013,O722,hemorrhage,47,3.232462173314993
BA,2013,O11,hypertension,11,0.3470031545741325
BA,2013,O140,hypertension,751,23.690851735015773
BA,2013,O141,hypertension,1217,38.39116719242902
BA,2013,O149,hypertension,826,26.05678233438486
BA,2013,O150,hypertension,184,5.804416403785489
BA,2013,O151,hypertension,47,1.4826498422712935
BA,2013,O152,hypertension,22,0.694006309148265
BA,2013,O159,hypertension,112,3.533123028391167
BA,2014,O030,W,299,4.878446728666993
BA,2014,O031,W,666,10.866372980910425
BA,2014,O035,W,61,0.9952683961494534
BA,2014,O036,W,69,1.1257953989231522
BA,2014,O040,W,2,0.0326317506934247
BA,2014,O041,W,4,0.0652635013868494
BA,2014,O045,W,5,0.08157937673356176
BA,2014,O046,W,4,0.0652635013868494
BA,2014,O050,W,12,0.19579050416054822
BA,2014,O051,W,20,0.32631750693424705
BA,2014,O055,W,125,2.0394844183390437
BA,2014,O056,W,3,0.048947626040137054
BA,2014,O060,W,97,1.582639908631098
BA,2014,O061,W,92,1.5010605318975363
BA,2014,O065,W,11,0.17947462881383586
BA,2014,O066,W,3,0.048947626040137054
BA,2014,O080,W,11,0.17947462881383586
BA,2014,O081,W,7,0.11421112742698646
BA,2014,O083,W,3,0.048947626040137054
BA,2014,O11,W,49,0.7994778919889052
BA,2014,O140,W,633,10.327949094468918
BA,2014,O141,W,1230,20.06852667645619
BA,2014,O149,W,839,13.689019415891662
BA,2014,O150,W,147,2.3984336759667158
BA,2014,O151,W,38,0.6200032631750694
BA,2014,O152,W,24,0.39158100832109644
BA,2014,O159,W,109,1.7784304127916464
BA,2014,O411,W,1,0.01631587534671235
BA,2014,O441,W,53,0.8647413933757546
BA,2014,O450,W,52,0.8484255180290422
BA,2014,O458,W,58,0.9463207701093164
BA,2014,O459,W,293,4.7805514765867185
BA,2014,O468,W,3,0.048947626040137054
BA,2014,O469,W,6,0.09789525208027411
BA,2014,O670,W,2,0.0326317506934247
BA,2014,O694,W,1,0.01631587534671235
BA,2014,O710,W,4,0.0652635013868494
BA,2014,O711,W,11,0.17947462881383586
BA,2014,O720,W,22,0.3589492576276717
BA,2014,O721,W,132,2.1536955457660305
BA,2014,O722,W,47,0.7668461412954805
BA,2014,O85,W,427,6.966878773046174
BA,2014,O860,W,346,5.645292869962473
BA,2014,O868,W,88,1.4357970305106869
BA,2014,O900,W,20,0.32631750693424705
BA,2014,O031,hemorrhage,666,43.331164606376056
BA,2014,O036,hemorrhage,69,4.489264801561483
BA,2014,O041,hemorrhage,4,0.26024723487312945
BA,2014,O046,hemorrhage,4,0.26024723487312945
BA,2014,O051,hemorrhage,20,1.3012361743656473
BA,2014,O056,hemorrhage,3,0.1951854261548471
BA,2014,O061,hemorrhage,92,5.985686402081978
BA,2014,O066,hemorrhage,3,0.1951854261548471
BA,2014,O081,hemorrhage,7,0.4554326610279766
BA,2014,O441,hemorrhage,53,3.4482758620689653
BA,2014,O450,hemorrhage,52,3.383214053350683
BA,2014,O458,hemorrhage,58,3.7735849056603774
BA,2014,O459,hemorrhage,293,19.063109954456735
BA,2014,O468,hemorrhage,3,0.1951854261548471
BA,2014,O469,hemorrhage,6,0.3903708523096942
BA,2014,O670,hemorrhage,2,0.13012361743656473
BA,2014,O694,hemorrhage,1,0.06506180871828236
BA,2014,O720,hemorrhage,22,1.431359791802212
BA,2014,O721,hemorrhage,132,8.588158750813273
BA,2014,O722,hemorrhage,47,3.0579050097592715
BA,2014,O11,hypertension,49,1.5966112740306289
BA,2014,O140,hypertension,633,20.625610948191593
BA,2014,O141,hypertension,1230,40.07820136852395
BA,2014,O149,hypertension,839,27.337895079830563
BA,2014,O150,hypertension,147,4.789833822091887
BA,2014,O151,hypertension,38,1.2381883349625284
BA,2014,O152,hypertension,24,0.7820136852394917
BA,2014,O159,hypertension,109,3.551645487129358
BA,2015,N709,W,1,0.01654533421575116
BA,2015,O030,W,272,4.500330906684315
BA,2015,O031,W,622,10.29119788219722
BA,2015,O035,W,87,1.4394440767703507
BA,2015,O036,W,42,0.6949040370615487
BA,2015,O040,W,10,0.1654533421575116
BA,2015,O041,W,10,0.1654533421575116
BA,2015,O050,W,14,0.2316346790205162
BA,2015,O051,W,18,0.29781601588352086
BA,2015,O055,W,125,2.0681667769688947
BA,2015,O056,W,4,0.06618133686300463
BA,2015,O060,W,69,1.1416280608868299
BA,2015,O061,W,34,0.5625413633355394
BA,2015,O065,W,17,0.2812706816677697
BA,2015,O066,W,5,0.0827266710787558
BA,2015,O075,W,3,0.04963600264725347
BA,2015,O080,W,17,0.2812706816677697
BA,2015,O081,W,6,0.09927200529450694
BA,2015,O082,W,3,0.04963600264725347
BA,2015,O083,W,3,0.04963600264725347
BA,2015,O11,W,56,0.9265387160820648
BA,2015,O140,W,664,10.986101919258768
BA,2015,O141,W,1180,19.523494374586367
BA,2015,O149,W,801,13.252812706816679
BA,2015,O150,W,171,2.829252150893448
BA,2015,O151,W,48,0.7941760423560555
BA,2015,O152,W,15,0.24818001323626737
BA,2015,O159,W,79,1.3070814030443414
BA,2015,O411,W,13,0.21508934480476505
BA,2015,O441,W,65,1.0754467240238252
BA,2015,O450,W,45,0.7445400397088021
BA,2015,O458,W,80,1.3236267372600927
BA,2015,O459,W,311,5.14559894109861
BA,2015,O460,W,3,0.04963600264725347
BA,2015,O468,W,1,0.01654533421575116
BA,2015,O469,W,7,0.1158173395102581
BA,2015,O670,W,2,0.03309066843150232
BA,2015,O679,W,2,0.03309066843150232
BA,2015,O694,W,2,0.03309066843150232
BA,2015,O710,W,3,0.04963600264725347
BA,2015,O711,W,7,0.1158173395102581
BA,2015,O720,W,12,0.1985440105890139
BA,2015,O721,W,81,1.3401720714758438
BA,2015,O722,W,31,0.5129053606882858
BA,2015,O85,W,556,9.199205823957644
BA,2015,O860,W,352,5.823957643944408
BA,2015,O868,W,78,1.2905360688285903
BA,2015,O900,W,17,0.2812706816677697
BA,2015,O031,hemorrhage,622,44.97469269703543
BA,2015,O036,hemorrhage,42,3.036876355748373
BA,2015,O041,hemorrhage,10,0.7230657989877078
BA,2015,O051,hemorrhage,18,1.3015184381778742
BA,2015,O056,hemorrhage,4,0.28922631959508316
BA,2015,O061,hemorrhage,34,2.458423716558207
BA,2015,O066,hemorrhage,5,0.3615328994938539
BA,2015,O081,hemorrhage,6,0.43383947939262474
BA,2015,O441,hemorrhage,65,4.6999276934201015
BA,2015,O450,hemorrhage,45,3.2537960954446854
BA,2015,O458,hemorrhage,80,5.784526391901663
BA,2015,O459,hemorrhage,311,22.487346348517715
BA,2015,O460,hemorrhage,3,0.21691973969631237
BA,2015,O468,hemorrhage,1,0.07230657989877079
BA,2015,O469,hemorrhage,7,0.5061460592913956
BA,2015,O670,hemorrhage,2,0.14461315979754158
BA,2015,O679,hemorrhage,2,0.14461315979754158
BA,2015,O694,hemorrhage,2,0.14461315979754158
BA,2015,O720,hemorrhage,12,0.8676789587852495
BA,2015,O721,hemorrhage,81,5.856832971800434
BA,2015,O722,hemorrhage,31,2.2415039768618943
BA,2015,O11,hypertension,56,1.8579960185799602
BA,2015,O140,hypertension,664,22.030524220305242
BA,2015,O141,hypertension,1180,39.150630391506304
BA,2015,O149,hypertension,801,26.57597876575979
BA,2015,O150,hypertension,171,5.673523556735236
BA,2015,O151,hypertension,48,1.59256801592568
BA,2015,O152,hypertension,15,0.49767750497677504
BA,2015,O159,hypertension,79,2.621101526211015
BA,2016,A419,W,1,0.01588814744200826
BA,2016,K359,W,3,0.047664442326024785
BA,2016,O030,W,281,4.464569431204321
BA,2016,O031,W,691,10.978709882427708
BA,2016,O035,W,93,1.4775977121067683
BA,2016,O036,W,54,0.8579599618684461
BA,2016,O040,W,16,0.2542103590721322
BA,2016,O041,W,3,0.047664442326024785
BA,2016,O046,W,1,0.01588814744200826
BA,2016,O050,W,24,0.3813155386081983
BA,2016,O051,W,12,0.19065776930409914
BA,2016,O055,W,160,2.542103590721322
BA,2016,O056,W,5,0.07944073721004132
BA,2016,O060,W,46,0.73085478233238
BA,2016,O061,W,41,0.6514140451223387
BA,2016,O065,W,17,0.27009850651414047
BA,2016,O066,W,7,0.11121703209405784
BA,2016,O075,W,1,0.01588814744200826
BA,2016,O080,W,84,1.334604385128694
BA,2016,O081,W,6,0.09532888465204957
BA,2016,O082,W,3,0.047664442326024785
BA,2016,O083,W,1,0.01588814744200826
BA,2016,O11,W,55,0.8738481093104544
BA,2016,O140,W,629,9.993644741023196
BA,2016,O141,W,1107,17.588179218303146
BA,2016,O149,W,790,12.551636479186527
BA,2016,O150,W,185,2.9393072767715283
BA,2016,O151,W,49,0.7785192246584048
BA,2016,O152,W,23,0.36542739116619
BA,2016,O159,W,72,1.1439466158245948
BA,2016,O411,W,4,0.06355258976803305
BA,2016,O441,W,74,1.1757229107086113
BA,2016,O450,W,20,0.31776294884016526
BA,2016,O458,W,57,0.9056244041944709
BA,2016,O459,W,287,4.559898315856371
BA,2016,O460,W,2,0.03177629488401652
BA,2016,O468,W,1,0.01588814744200826
BA,2016,O469,W,4,0.06355258976803305
BA,2016,O670,W,2,0.03177629488401652
BA,2016,O679,W,1,0.01588814744200826
BA,2016,O710,W,4,0.06355258976803305
BA,2016,O711,W,33,0.5243088655862727
BA,2016,O720,W,7,0.11121703209405784
BA,2016,O721,W,71,1.1280584683825865
BA,2016,O722,W,55,0.8738481093104544
BA,2016,O85,W,692,10.994598029869717
BA,2016,O860,W,420,6.67302192564347
BA,2016,O868,W,87,1.3822688274547188
BA,2016,O883,W,1,0.01588814744200826
BA,2016,O900,W,12,0.19065776930409914
BA,2016,O031,hemorrhage,691,49.321912919343326
BA,2016,O036,hemorrhage,54,3.854389721627409
BA,2016,O041,hemorrhage,3,0.21413276231263384
BA,2016,O046,hemorrhage,1,0.07137758743754462
BA,2016,O051,hemorrhage,12,0.8565310492505354
BA,2016,O056,hemorrhage,5,0.35688793718772305
BA,2016,O061,hemorrhage,41,2.9264810849393292
BA,2016,O066,hemorrhage,7,0.49964311206281226
BA,2016,O081,hemorrhage,6,0.4282655246252677
BA,2016,O441,hemorrhage,74,5.281941470378301
BA,2016,O450,hemorrhage,20,1.4275517487508922
BA,2016,O458,hemorrhage,57,4.0685224839400425
BA,2016,O459,hemorrhage,287,20.485367594575305
BA,2016,O460,hemorrhage,2,0.14275517487508924
BA,2016,O468,hemorrhage,1,0.07137758743754462
BA,2016,O469,hemorrhage,4,0.28551034975017847
BA,2016,O670,hemorrhage,2,0.14275517487508924
BA,2016,O679,hemorrhage,1,0.07137758743754462
BA,2016,O720,hemorrhage,7,0.49964311206281226
BA,2016,O721,hemorrhage,71,5.067808708065668
BA,2016,O722,hemorrhage,55,3.9257673090649536
BA,2016,O11,hypertension,55,1.8900343642611683
BA,2016,O140,hypertension,629,21.61512027491409
BA,2016,O141,hypertension,1107,38.04123711340206
BA,2016,O149,hypertension,790,27.147766323024054
BA,2016,O150,hypertension,185,6.357388316151202
BA,2016,O151,hypertension,49,1.6838487972508591
BA,2016,O152,hypertension,23,0.7903780068728522
BA,2016,O159,hypertension,72,2.4742268041237114
BA,2017,K650,W,1,0.01574555188159345
BA,2017,N700,W,1,0.01574555188159345
BA,2017,N709,W,1,0.01574555188159345
BA,2017,O030,W,328,5.164541017162652
BA,2017,O031,W,732,11.525743977326405
BA,2017,O035,W,78,1.2281530467642892
BA,2017,O036,W,49,0.771532042198079
BA,2017,O040,W,18,0.2834199338686821
BA,2017,O041,W,2,0.0314911037631869
BA,2017,O050,W,44,0.6928042827901117
BA,2017,O051,W,8,0.1259644150527476
BA,2017,O055,W,64,1.0077153204219809
BA,2017,O056,W,1,0.01574555188159345
BA,2017,O060,W,61,0.9604786647772005
BA,2017,O061,W,34,0.5353487639741773
BA,2017,O065,W,13,0.20469217446071486
BA,2017,O066,W,11,0.17320107069752794
BA,2017,O070,W,2,0.0314911037631869
BA,2017,O075,W,2,0.0314911037631869
BA,2017,O080,W,25,0.39363879703983623
BA,2017,O081,W,8,0.1259644150527476
BA,2017,O082,W,1,0.01574555188159345
BA,2017,O083,W,3,0.04723665564478035
BA,2017,O11,W,52,0.8187686978428594
BA,2017,O140,W,560,8.817509053692332
BA,2017,O141,W,1114,17.5405447960951
BA,2017,O149,W,984,15.493623051487955
BA,2017,O150,W,176,2.771217131160447
BA,2017,O151,W,53,0.8345142497244529
BA,2017,O152,W,20,0.314911037631869
BA,2017,O159,W,48,0.7557864903164856
BA,2017,O411,W,18,0.2834199338686821
BA,2017,O441,W,66,1.0392064241851677
BA,2017,O450,W,29,0.45662100456621
BA,2017,O458,W,62,0.9762242166587939
BA,2017,O459,W,448,7.054007242953865
BA,2017,O468,W,6,0.0944733112895607
BA,2017,O469,W,6,0.0944733112895607
BA,2017,O670,W,2,0.0314911037631869
BA,2017,O679,W,2,0.0314911037631869
BA,2017,O710,W,4,0.0629822075263738
BA,2017,O711,W,4,0.0629822075263738
BA,2017,O720,W,11,0.17320107069752794
BA,2017,O721,W,78,1.2281530467642892
BA,2017,O722,W,66,1.0392064241851677
BA,2017,O85,W,563,8.864745709337113
BA,2017,O860,W,383,6.030546370650291
BA,2017,O868,W,87,1.36986301369863
BA,2017,O900,W,22,0.3464021413950559
BA,2017,O031,hemorrhage,732,45.15731030228254
BA,2017,O036,hemorrhage,49,3.0228254164096238
BA,2017,O041,hemorrhage,2,0.12338062924120913
BA,2017,O051,hemorrhage,8,0.4935225169648365
BA,2017,O056,hemorrhage,1,0.061690314620604564
BA,2017,O061,hemorrhage,34,2.097470697100555
BA,2017,O066,hemorrhage,11,0.6785934608266502
BA,2017,O081,hemorrhage,8,0.4935225169648365
BA,2017,O441,hemorrhage,66,4.0715607649599015
BA,2017,O450,hemorrhage,29,1.7890191239975324
BA,2017,O458,hemorrhage,62,3.824799506477483
BA,2017,O459,hemorrhage,448,27.637260950030846
BA,2017,O468,hemorrhage,6,0.3701418877236274
BA,2017,O469,hemorrhage,6,0.3701418877236274
BA,2017,O670,hemorrhage,2,0.12338062924120913
BA,2017,O679,hemorrhage,2,0.12338062924120913
BA,2017,O720,hemorrhage,11,0.6785934608266502
BA,2017,O721,hemorrhage,78,4.811844540407156
BA,2017,O722,hemorrhage,66,4.0715607649599015
BA,2017,O11,hypertension,52,1.7292983039574326
BA,2017,O140,hypertension,560,18.623212504156967
BA,2017,O141,hypertension,1114,37.04689058862654
BA,2017,O149,hypertension,984,32.72364482873296
BA,2017,O150,hypertension,176,5.853009644163619
BA,2017,O151,hypertension,53,1.7625540405719986
BA,2017,O152,hypertension,20,0.6651147322913202
BA,2017,O159,hypertension,48,1.5962753574991686
BA,2018,K359,W,1,0.016736401673640166
BA,2018,N709,W,1,0.016736401673640166
BA,2018,O030,W,309,5.171548117154812
BA,2018,O031,W,415,6.945606694560669
BA,2018,O035,W,48,0.803347280334728
BA,2018,O036,W,78,1.3054393305439331
BA,2018,O040,W,23,0.38493723849372385
BA,2018,O041,W,3,0.0502092050209205
BA,2018,O046,W,1,0.016736401673640166
BA,2018,O050,W,18,0.301255230125523
BA,2018,O051,W,28,0.4686192468619247
BA,2018,O055,W,16,0.26778242677824265
BA,2018,O056,W,2,0.03347280334728033
BA,2018,O060,W,102,1.707112970711297
BA,2018,O061,W,43,0.7196652719665272
BA,2018,O065,W,9,0.1506276150627615
BA,2018,O066,W,18,0.301255230125523
BA,2018,O070,W,3,0.0502092050209205
BA,2018,O071,W,1,0.016736401673640166
BA,2018,O080,W,24,0.401673640167364
BA,2018,O081,W,13,0.2175732217573222
BA,2018,O082,W,3,0.0502092050209205
BA,2018,O083,W,3,0.0502092050209205
BA,2018,O11,W,34,0.5690376569037657
BA,2018,O140,W,622,10.410041841004183
BA,2018,O141,W,1134,18.97907949790795
BA,2018,O149,W,1032,17.271966527196653
BA,2018,O150,W,146,2.4435146443514646
BA,2018,O151,W,40,0.6694560669456067
BA,2018,O152,W,17,0.28451882845188287
BA,2018,O159,W,31,0.5188284518828452
BA,2018,O411,W,17,0.28451882845188287
BA,2018,O441,W,82,1.3723849372384938
BA,2018,O450,W,30,0.502092050209205
BA,2018,O458,W,69,1.1548117154811715
BA,2018,O459,W,393,6.577405857740586
BA,2018,O460,W,3,0.0502092050209205
BA,2018,O468,W,8,0.13389121338912133
BA,2018,O469,W,2,0.03347280334728033
BA,2018,O670,W,5,0.08368200836820083
BA,2018,O679,W,2,0.03347280334728033
BA,2018,O710,W,5,0.08368200836820083
BA,2018,O711,W,10,0.16736401673640167
BA,2018,O720,W,8,0.13389121338912133
BA,2018,O721,W,88,1.4728033472803348
BA,2018,O722,W,57,0.9539748953974896
BA,2018,O85,W,537,8.98744769874477
BA,2018,O860,W,352,5.891213389121339
BA,2018,O868,W,57,0.9539748953974896
BA,2018,O883,W,1,0.016736401673640166
BA,2018,O900,W,31,0.5188284518828452
BA,2018,O031,hemorrhage,415,30.763528539659006
BA,2018,O036,hemorrhage,78,5.782060785767235
BA,2018,O041,hemorrhage,3,0.2223869532987398
BA,2018,O046,hemorrhage,1,0.07412898443291327
BA,2018,O051,hemorrhage,28,2.0756115641215716
BA,2018,O056,hemorrhage,2,0.14825796886582654
BA,2018,O061,hemorrhage,43,3.1875463306152705
BA,2018,O066,hemorrhage,18,1.3343217197924389
BA,2018,O071,hemorrhage,1,0.07412898443291327
BA,2018,O081,hemorrhage,13,0.9636767976278725
BA,2018,O441,hemorrhage,82,6.078576723498888
BA,2018,O450,hemorrhage,30,2.223869532987398
BA,2018,O458,hemorrhage,69,5.114899925871016
BA,2018,O459,hemorrhage,393,29.132690882134916
BA,2018,O460,hemorrhage,3,0.2223869532987398
BA,2018,O468,hemorrhage,8,0.5930318754633062
BA,2018,O469,hemorrhage,2,0.14825796886582654
BA,2018,O670,hemorrhage,5,0.37064492216456635
BA,2018,O679,hemorrhage,2,0.14825796886582654
BA,2018,O720,hemorrhage,8,0.5930318754633062
BA,2018,O721,hemorrhage,88,6.523350630096368
BA,2018,O722,hemorrhage,57,4.225352112676056
BA,2018,O11,hypertension,34,1.112565445026178
BA,2018,O140,hypertension,622,20.353403141361255
BA,2018,O141,hypertension,1134,37.10732984293194
BA,2018,O149,hypertension,1032,33.769633507853406
BA,2018,O150,hypertension,146,4.777486910994765
BA,2018,O151,hypertension,40,1.3089005235602094
BA,2018,O152,hypertension,17,0.556282722513089
BA,2018,O159,hypertension,31,1.0143979057591623
BA,2019,K350,W,2,0.033783783783783786
BA,2019,O030,W,131,2.2128378378378377
BA,2019,O031,W,354,5.97972972972973
BA,2019,O035,W,53,0.8952702702702703
BA,2019,O036,W,71,1.1993243243243243
BA,2019,O040,W,13,0.2195945945945946
BA,2019,O041,W,3,0.05067567567567568
BA,2019,O045,W,2,0.033783783783783786
BA,2019,O050,W,21,0.3547297297297297
BA,2019,O051,W,15,0.2533783783783784
BA,2019,O055,W,4,0.06756756756756757
BA,2019,O056,W,2,0.033783783783783786
BA,2019,O060,W,81,1.3682432432432432
BA,2019,O061,W,105,1.7736486486486487
BA,2019,O065,W,14,0.23648648648648649
BA,2019,O066,W,7,0.11824324324324324
BA,2019,O070,W,1,0.016891891891891893
BA,2019,O075,W,1,0.016891891891891893
BA,2019,O080,W,23,0.3885135135135135
BA,2019,O081,W,7,0.11824324324324324
BA,2019,O082,W,1,0.016891891891891893
BA,2019,O083,W,1,0.016891891891891893
BA,2019,O11,W,44,0.7432432432432432
BA,2019,O140,W,574,9.695945945945946
BA,2019,O141,W,1237,20.89527027027027
BA,2019,O149,W,912,15.405405405405405
BA,2019,O15,W,3,0.05067567567567568
BA,2019,O150,W,194,3.277027027027027
BA,2019,O151,W,28,0.47297297297297297
BA,2019,O152,W,23,0.3885135135135135
BA,2019,O159,W,31,0.5236486486486487
BA,2019,O411,W,10,0.16891891891891891
BA,2019,O441,W,76,1.2837837837837838
BA,2019,O450,W,15,0.2533783783783784
BA,2019,O458,W,56,0.9459459459459459
BA,2019,O459,W,360,6.081081081081081
BA,2019,O468,W,1,0.016891891891891893
BA,2019,O469,W,7,0.11824324324324324
BA,2019,O670,W,4,0.06756756756756757
BA,2019,O679,W,2,0.033783783783783786
BA,2019,O710,W,1,0.016891891891891893
BA,2019,O711,W,11,0.1858108108108108
BA,2019,O720,W,12,0.20270270270270271
BA,2019,O721,W,111,1.875
BA,2019,O722,W,67,1.1317567567567568
BA,2019,O85,W,662,11.182432432432432
BA,2019,O860,W,454,7.668918918918919
BA,2019,O868,W,87,1.4695945945945945
BA,2019,O883,W,2,0.033783783783783786
BA,2019,O900,W,24,0.40540540540540543
BA,2019,O031,hemorrhage,354,27.764705882352942
BA,2019,O036,hemorrhage,71,5.568627450980392
BA,2019,O041,hemorrhage,3,0.23529411764705882
BA,2019,O051,hemorrhage,15,1.1764705882352942
BA,2019,O056,hemorrhage,2,0.1568627450980392
BA,2019,O061,hemorrhage,105,8.235294117647058
BA,2019,O066,hemorrhage,7,0.5490196078431373
BA,2019,O081,hemorrhage,7,0.5490196078431373
BA,2019,O441,hemorrhage,76,5.96078431372549
BA,2019,O450,hemorrhage,15,1.1764705882352942
BA,2019,O458,hemorrhage,56,4.392156862745098
BA,2019,O459,hemorrhage,360,28.235294117647058
BA,2019,O468,hemorrhage,1,0.0784313725490196
BA,2019,O469,hemorrhage,7,0.5490196078431373
BA,2019,O670,hemorrhage,4,0.3137254901960784
BA,2019,O679,hemorrhage,2,0.1568627450980392
BA,2019,O720,hemorrhage,12,0.9411764705882353
BA,2019,O721,hemorrhage,111,8.705882352941176
BA,2019,O722,hemorrhage,67,5.254901960784314
BA,2019,O11,hypertension,44,1.4445173998686802
BA,2019,O140,hypertension,574,18.844386080105057
BA,2019,O141,hypertension,1237,40.61063690085358
BA,2019,O149,hypertension,912,29.94090610636901
BA,2019,O15,hypertension,3,0.0984898227183191
BA,2019,O150,hypertension,194,6.369008535784635
BA,2019,O151,hypertension,28,0.9192383453709784
BA,2019,O152,hypertension,23,0.7550886408404465
BA,2019,O159,hypertension,31,1.0177281680892973
BA,2020,A021,W,1,0.017436791630340016
BA,2020,A418,W,1,0.017436791630340016
BA,2020,K359,W,3,0.05231037489102005
BA,2020,O030,W,122,2.127288578901482
BA,2020,O031,W,446,7.776809067131648
BA,2020,O035,W,38,0.6625980819529207
BA,2020,O036,W,29,0.5056669572798606
BA,2020,O040,W,7,0.12205754141238012
BA,2020,O041,W,1,0.017436791630340016
BA,2020,O045,W,9,0.15693112467306017
BA,2020,O050,W,16,0.27898866608544026
BA,2020,O051,W,10,0.17436791630340018
BA,2020,O055,W,7,0.12205754141238012
BA,2020,O060,W,151,2.632955536181343
BA,2020,O061,W,43,0.7497820401046208
BA,2020,O065,W,11,0.1918047079337402
BA,2020,O066,W,8,0.13949433304272013
BA,2020,O080,W,28,0.4882301656495205
BA,2020,O081,W,5,0.08718395815170009
BA,2020,O082,W,4,0.06974716652136007
BA,2020,O083,W,3,0.05231037489102005
BA,2020,O11,W,53,0.9241499564080209
BA,2020,O140,W,571,9.95640802092415
BA,2020,O141,W,1293,22.545771578029644
BA,2020,O149,W,869,15.152571926765475
BA,2020,O15,W,2,0.03487358326068003
BA,2020,O150,W,169,2.946817785527463
BA,2020,O151,W,70,1.2205754141238012
BA,2020,O152,W,26,0.45335658238884047
BA,2020,O159,W,40,0.6974716652136007
BA,2020,O411,W,8,0.13949433304272013
BA,2020,O441,W,50,0.8718395815170009
BA,2020,O450,W,20,0.34873583260680036
BA,2020,O458,W,68,1.185701830863121
BA,2020,O459,W,382,6.660854402789886
BA,2020,O46,W,1,0.017436791630340016
BA,2020,O468,W,1,0.017436791630340016
BA,2020,O469,W,1,0.017436791630340016
BA,2020,O670,W,8,0.13949433304272013
BA,2020,O694,W,2,0.03487358326068003
BA,2020,O710,W,4,0.06974716652136007
BA,2020,O711,W,10,0.17436791630340018
BA,2020,O72,W,2,0.03487358326068003
BA,2020,O720,W,18,0.31386224934612034
BA,2020,O721,W,116,2.022667829119442
BA,2020,O722,W,48,0.8369659982563208
BA,2020,O85,W,574,10.00871839581517
BA,2020,O86,W,2,0.03487358326068003
BA,2020,O860,W,294,5.126416739319965
BA,2020,O868,W,67,1.1682650392327811
BA,2020,O900,W,23,0.4010462074978204
BA,2020,O031,hemorrhage,446,35.42494042891183
BA,2020,O036,hemorrhage,29,2.3034154090548054
BA,2020,O041,hemorrhage,1,0.07942811755361398
BA,2020,O051,hemorrhage,10,0.7942811755361397
BA,2020,O061,hemorrhage,43,3.415409054805401
BA,2020,O066,hemorrhage,8,0.6354249404289118
BA,2020,O081,hemorrhage,5,0.3971405877680699
BA,2020,O441,hemorrhage,50,3.971405877680699
BA,2020,O450,hemorrhage,20,1.5885623510722795
BA,2020,O458,hemorrhage,68,5.401111993645751
BA,2020,O459,hemorrhage,382,30.34154090548054
BA,2020,O46,hemorrhage,1,0.07942811755361398
BA,2020,O468,hemorrhage,1,0.07942811755361398
BA,2020,O469,hemorrhage,1,0.07942811755361398
BA,2020,O670,hemorrhage,8,0.6354249404289118
BA,2020,O694,hemorrhage,2,0.15885623510722796
BA,2020,O72,hemorrhage,2,0.15885623510722796
BA,2020,O720,hemorrhage,18,1.4297061159650517
BA,2020,O721,hemorrhage,116,9.213661636219221
BA,2020,O722,hemorrhage,48,3.812549642573471
BA,2020,O11,hypertension,53,1.7135467183963788
BA,2020,O140,hypertension,571,18.461041060459102
BA,2020,O141,hypertension,1293,41.80407371483996
BA,2020,O149,hypertension,869,28.09569996766893
BA,2020,O15,hypertension,2,0.06466214031684449
BA,2020,O150,hypertension,169,5.4639508567733595
BA,2020,O151,hypertension,70,2.263174911089557
BA,2020,O152,hypertension,26,0.8406078241189784
BA,2020,O159,hypertension,40,1.2932428063368897
BA,2021,K359,W,1,0.018037518037518036
BA,2021,N709,W,1,0.018037518037518036
BA,2021,O030,W,117,2.1103896103896105
BA,2021,O031,W,422,7.611832611832612
BA,2021,O035,W,58,1.046176046176046
BA,2021,O036,W,33,0.5952380952380952
BA,2021,O040,W,4,0.07215007215007214
BA,2021,O041,W,3,0.05411255411255411
BA,2021,O045,W,13,0.2344877344877345
BA,2021,O050,W,15,0.27056277056277056
BA,2021,O051,W,7,0.12626262626262627
BA,2021,O055,W,7,0.12626262626262627
BA,2021,O056,W,2,0.03607503607503607
BA,2021,O060,W,108,1.948051948051948
BA,2021,O061,W,39,0.7034632034632035
BA,2021,O065,W,12,0.21645021645021645
BA,2021,O066,W,7,0.12626262626262627
BA,2021,O080,W,20,0.36075036075036077
BA,2021,O081,W,3,0.05411255411255411
BA,2021,O082,W,1,0.018037518037518036
BA,2021,O083,W,1,0.018037518037518036
BA,2021,O11,W,40,0.7215007215007215
BA,2021,O140,W,474,8.54978354978355
BA,2021,O141,W,1312,23.665223665223664
BA,2021,O149,W,1007,18.163780663780663
BA,2021,O15,W,5,0.09018759018759019
BA,2021,O150,W,160,2.886002886002886
BA,2021,O151,W,36,0.6493506493506493
BA,2021,O152,W,15,0.27056277056277056
BA,2021,O159,W,28,0.5050505050505051
BA,2021,O411,W,10,0.18037518037518038
BA,2021,O441,W,63,1.1363636363636365
BA,2021,O450,W,15,0.27056277056277056
BA,2021,O458,W,76,1.3708513708513708
BA,2021,O459,W,379,6.836219336219337
BA,2021,O468,W,3,0.05411255411255411
BA,2021,O469,W,8,0.1443001443001443
BA,2021,O670,W,5,0.09018759018759019
BA,2021,O678,W,1,0.018037518037518036
BA,2021,O679,W,8,0.1443001443001443
BA,2021,O694,W,3,0.05411255411255411
BA,2021,O710,W,4,0.07215007215007214
BA,2021,O711,W,17,0.30663780663780665
BA,2021,O72,W,1,0.018037518037518036
BA,2021,O720,W,10,0.18037518037518038
BA,2021,O721,W,71,1.2806637806637806
BA,2021,O722,W,62,1.1183261183261184
BA,2021,O85,W,520,9.37950937950938
BA,2021,O86,W,4,0.07215007215007214
BA,2021,O860,W,262,4.725829725829726
BA,2021,O868,W,57,1.0281385281385282
BA,2021,O900,W,14,0.25252525252525254
BA,2021,O031,hemorrhage,422,34.56183456183456
BA,2021,O036,hemorrhage,33,2.7027027027027026
BA,2021,O041,hemorrhage,3,0.2457002457002457
BA,2021,O051,hemorrhage,7,0.5733005733005733
BA,2021,O056,hemorrhage,2,0.1638001638001638
BA,2021,O061,hemorrhage,39,3.194103194103194
BA,2021,O066,hemorrhage,7,0.5733005733005733
BA,2021,O081,hemorrhage,3,0.2457002457002457
BA,2021,O441,hemorrhage,63,5.15970515970516
BA,2021,O450,hemorrhage,15,1.2285012285012284
BA,2021,O458,hemorrhage,76,6.224406224406224
BA,2021,O459,hemorrhage,379,31.04013104013104
BA,2021,O468,hemorrhage,3,0.2457002457002457
BA,2021,O469,hemorrhage,8,0.6552006552006552
BA,2021,O670,hemorrhage,5,0.4095004095004095
BA,2021,O678,hemorrhage,1,0.0819000819000819
BA,2021,O679,hemorrhage,8,0.6552006552006552
BA,2021,O694,hemorrhage,3,0.2457002457002457
BA,2021,O72,hemorrhage,1,0.0819000819000819
BA,2021,O720,hemorrhage,10,0.819000819000819
BA,2021,O721,hemorrhage,71,5.814905814905815
BA,2021,O722,hemorrhage,62,5.077805077805078
BA,2021,O11,hypertension,40,1.2999675008124796
BA,2021,O140,hypertension,474,15.404614884627884
BA,2021,O141,hypertension,1312,42.63893402664933
BA,2021,O149,hypertension,1007,32.72668183295418
BA,2021,O15,hypertension,5,0.16249593760155995
BA,2021,O150,hypertension,160,5.199870003249918
BA,2021,O151,hypertension,36,1.1699707507312318
BA,2021,O152,hypertension,15,0.4874878128046799
BA,2021,O159,hypertension,28,0.9099772505687358
BA,2022,A419,W,4,0.06838775859121217
BA,2022,O030,W,141,2.410668490340229
BA,2022,O031,W,391,6.68490340229099
BA,2022,O035,W,48,0.8206531030945461
BA,2022,O036,W,64,1.0942041374593947
BA,2022,O040,W,6,0.10258163788681826
BA,2022,O041,W,4,0.06838775859121217
BA,2022,O045,W,2,0.034193879295606085
BA,2022,O050,W,11,0.18806633612583348
BA,2022,O051,W,7,0.1196785775346213
BA,2022,O055,W,6,0.10258163788681826
BA,2022,O056,W,2,0.034193879295606085
BA,2022,O060,W,84,1.4361429304154556
BA,2022,O061,W,55,0.9403316806291674
BA,2022,O065,W,9,0.15387245683022738
BA,2022,O066,W,6,0.10258163788681826
BA,2022,O080,W,14,0.2393571550692426
BA,2022,O081,W,8,0.13677551718242434
BA,2022,O083,W,1,0.017096939647803042
BA,2022,O11,W,75,1.2822704735852282
BA,2022,O140,W,385,6.582321764404171
BA,2022,O141,W,1642,28.073174901692596
BA,2022,O149,W,925,15.814669174217816
BA,2022,O15,W,2,0.034193879295606085
BA,2022,O150,W,181,3.094546076252351
BA,2022,O151,W,32,0.5471020687296974
BA,2022,O152,W,33,0.5641990083775005
BA,2022,O159,W,41,0.7009745255599248
BA,2022,O411,W,4,0.06838775859121217
BA,2022,O441,W,61,1.0429133185159856
BA,2022,O450,W,15,0.25645409471704567
BA,2022,O458,W,71,1.2138827149940161
BA,2022,O459,W,381,6.51393400581296
BA,2022,O469,W,4,0.06838775859121217
BA,2022,O670,W,5,0.08548469823901522
BA,2022,O678,W,1,0.017096939647803042
BA,2022,O679,W,2,0.034193879295606085
BA,2022,O694,W,1,0.017096939647803042
BA,2022,O710,W,2,0.034193879295606085
BA,2022,O711,W,12,0.20516327577363652
BA,2022,O72,W,1,0.017096939647803042
BA,2022,O720,W,14,0.2393571550692426
BA,2022,O721,W,63,1.0771071978115918
BA,2022,O722,W,68,1.162591896050607
BA,2022,O753,W,1,0.017096939647803042
BA,2022,O85,W,601,10.275260728329629
BA,2022,O86,W,3,0.05129081894340913
BA,2022,O860,W,293,5.009403316806291
BA,2022,O868,W,51,0.8719439220379552
BA,2022,O883,W,1,0.017096939647803042
BA,2022,O900,W,15,0.25645409471704567
BA,2022,O031,hemorrhage,391,31.944444444444443
BA,2022,O036,hemorrhage,64,5.228758169934641
BA,2022,O041,hemorrhage,4,0.32679738562091504
BA,2022,O051,hemorrhage,7,0.5718954248366013
BA,2022,O056,hemorrhage,2,0.16339869281045752
BA,2022,O061,hemorrhage,55,4.493464052287582
BA,2022,O066,hemorrhage,6,0.49019607843137253
BA,2022,O081,hemorrhage,8,0.6535947712418301
BA,2022,O441,hemorrhage,61,4.983660130718954
BA,2022,O450,hemorrhage,15,1.2254901960784315
BA,2022,O458,hemorrhage,71,5.800653594771242
BA,2022,O459,hemorrhage,381,31.127450980392158
BA,2022,O469,hemorrhage,4,0.32679738562091504
BA,2022,O670,hemorrhage,5,0.4084967320261438
BA,2022,O678,hemorrhage,1,0.08169934640522876
BA,2022,O679,hemorrhage,2,0.16339869281045752
BA,2022,O694,hemorrhage,1,0.08169934640522876
BA,2022,O72,hemorrhage,1,0.08169934640522876
BA,2022,O720,hemorrhage,14,1.1437908496732025
BA,2022,O721,hemorrhage,63,5.147058823529412
BA,2022,O722,hemorrhage,68,5.555555555555555
BA,2022,O11,hypertension,75,2.261761158021713
BA,2022,O140,hypertension,385,11.61037394451146
BA,2022,O141,hypertension,1642,49.51749095295537
BA,2022,O149,hypertension,925,27.895054282267793
BA,2022,O15,hypertension,2,0.06031363088057901
BA,2022,O150,hypertension,181,5.458383594692401
BA,2022,O151,hypertension,32,0.9650180940892642
BA,2022,O152,hypertension,33,0.9951749095295537
BA,2022,O159,hypertension,41,1.2364294330518697
BA,2023,A412,W,1,0.017806267806267807
BA,2023,O030,W,140,2.492877492877493
BA,2023,O031,W,376,6.695156695156695
BA,2023,O035,W,35,0.6232193732193733
BA,2023,O036,W,35,0.6232193732193733
BA,2023,O040,W,10,0.17806267806267806
BA,2023,O041,W,2,0.03561253561253561
BA,2023,O045,W,3,0.053418803418803416
BA,2023,O050,W,8,0.14245014245014245
BA,2023,O051,W,6,0.10683760683760683
BA,2023,O055,W,1,0.017806267806267807
BA,2023,O056,W,8,0.14245014245014245
BA,2023,O060,W,66,1.1752136752136753
BA,2023,O061,W,45,0.8012820512820513
BA,2023,O065,W,16,0.2849002849002849
BA,2023,O066,W,10,0.17806267806267806
BA,2023,O080,W,21,0.37393162393162394
BA,2023,O081,W,6,0.10683760683760683
BA,2023,O083,W,6,0.10683760683760683
BA,2023,O11,W,126,2.2435897435897436
BA,2023,O140,W,360,6.410256410256411
BA,2023,O141,W,1479,26.335470085470085
BA,2023,O149,W,996,17.735042735042736
BA,2023,O150,W,150,2.6709401709401708
BA,2023,O151,W,16,0.2849002849002849
BA,2023,O152,W,38,0.6766381766381766
BA,2023,O159,W,44,0.7834757834757835
BA,2023,O411,W,10,0.17806267806267806
BA,2023,O441,W,33,0.5876068376068376
BA,2023,O450,W,20,0.3561253561253561
BA,2023,O458,W,47,0.8368945868945868
BA,2023,O459,W,379,6.748575498575499
BA,2023,O468,W,1,0.017806267806267807
BA,2023,O469,W,2,0.03561253561253561
BA,2023,O670,W,5,0.08903133903133903
BA,2023,O678,W,1,0.017806267806267807
BA,2023,O679,W,2,0.03561253561253561
BA,2023,O694,W,2,0.03561253561253561
BA,2023,O710,W,9,0.16025641025641027
BA,2023,O711,W,9,0.16025641025641027
BA,2023,O72,W,2,0.03561253561253561
BA,2023,O720,W,13,0.23148148148148148
BA,2023,O721,W,77,1.371082621082621
BA,2023,O722,W,58,1.0327635327635327
BA,2023,O85,W,603,10.737179487179487
BA,2023,O86,W,2,0.03561253561253561
BA,2023,O860,W,274,4.878917378917379
BA,2023,O868,W,43,0.7656695156695157
BA,2023,O900,W,20,0.3561253561253561
BA,2023,O031,hemorrhage,376,33.27433628318584
BA,2023,O036,hemorrhage,35,3.0973451327433628
BA,2023,O041,hemorrhage,2,0.17699115044247787
BA,2023,O051,hemorrhage,6,0.5309734513274337
BA,2023,O056,hemorrhage,8,0.7079646017699115
BA,2023,O061,hemorrhage,45,3.982300884955752
BA,2023,O066,hemorrhage,10,0.8849557522123894
BA,2023,O081,hemorrhage,6,0.5309734513274337
BA,2023,O441,hemorrhage,33,2.920353982300885
BA,2023,O450,hemorrhage,20,1.7699115044247788
BA,2023,O458,hemorrhage,47,4.15929203539823
BA,2023,O459,hemorrhage,379,33.53982300884956
BA,2023,O468,hemorrhage,1,0.08849557522123894
BA,2023,O469,hemorrhage,2,0.17699115044247787
BA,2023,O670,hemorrhage,5,0.4424778761061947
BA,2023,O678,hemorrhage,1,0.08849557522123894
BA,2023,O679,hemorrhage,2,0.17699115044247787
BA,2023,O694,hemorrhage,2,0.17699115044247787
BA,2023,O72,hemorrhage,2,0.17699115044247787
BA,2023,O720,hemorrhage,13,1.1504424778761062
BA,2023,O721,hemorrhage,77,6.814159292035399
BA,2023,O722,hemorrhage,58,5.132743362831858
BA,2023,O11,hypertension,126,3.9264568401371145
BA,2023,O140,hypertension,360,11.21844811467747
BA,2023,O141,hypertension,1479,46.08912433779994
BA,2023,O149,hypertension,996,31.037706450607665
BA,2023,O150,hypertension,150,4.674353381115612
BA,2023,O151,hypertension,16,0.49859769398566534
BA,2023,O152,hypertension,38,1.184169523215955
BA,2023,O159,hypertension,44,1.3711436584605796
BA,2024,A021,W,1,0.01839926402943882
BA,2024,A419,W,1,0.01839926402943882
BA,2024,O030,W,136,2.50229990800368
BA,2024,O031,W,359,6.605335786568538
BA,2024,O035,W,38,0.6991720331186753
BA,2024,O036,W,24,0.44158233670653174
BA,2024,O040,W,6,0.11039558417663294
BA,2024,O041,W,6,0.11039558417663294
BA,2024,O046,W,1,0.01839926402943882
BA,2024,O050,W,17,0.31278748850046
BA,2024,O051,W,18,0.3311867525298988
BA,2024,O055,W,3,0.05519779208831647
BA,2024,O056,W,7,0.12879484820607176
BA,2024,O060,W,50,0.9199632014719411
BA,2024,O061,W,32,0.5887764489420423
BA,2024,O065,W,8,0.14719411223551057
BA,2024,O066,W,6,0.11039558417663294
BA,2024,O071,W,1,0.01839926402943882
BA,2024,O075,W,1,0.01839926402943882
BA,2024,O080,W,13,0.23919043238270468
BA,2024,O081,W,6,0.11039558417663294
BA,2024,O082,W,2,0.03679852805887764
BA,2024,O083,W,1,0.01839926402943882
BA,2024,O11,W,89,1.6375344986200553
BA,2024,O140,W,392,7.212511499540018
BA,2024,O141,W,1244,22.888684452621895
BA,2024,O149,W,1061,19.52161913523459
BA,2024,O15,W,2,0.03679852805887764
BA,2024,O150,W,139,2.5574977000919965
BA,2024,O151,W,22,0.4047838086476541
BA,2024,O152,W,53,0.9751609935602575
BA,2024,O159,W,50,0.9199632014719411
BA,2024,O411,W,6,0.11039558417663294
BA,2024,O441,W,32,0.5887764489420423
BA,2024,O450,W,7,0.12879484820607176
BA,2024,O458,W,40,0.7359705611775529
BA,2024,O459,W,269,4.949402023919043
BA,2024,O46,W,1,0.01839926402943882
BA,2024,O468,W,2,0.03679852805887764
BA,2024,O469,W,2,0.03679852805887764
BA,2024,O670,W,8,0.14719411223551057
BA,2024,O678,W,6,0.11039558417663294
BA,2024,O679,W,6,0.11039558417663294
BA,2024,O694,W,4,0.07359705611775529
BA,2024,O710,W,5,0.09199632014719411
BA,2024,O711,W,9,0.1655933762649494
BA,2024,O72,W,1,0.01839926402943882
BA,2024,O720,W,19,0.34958601655933763
BA,2024,O721,W,86,1.5823367065317386
BA,2024,O722,W,94,1.7295308187672493
BA,2024,O85,W,625,11.499540018399264
BA,2024,O86,W,4,0.07359705611775529
BA,2024,O860,W,338,6.218951241950322
BA,2024,O868,W,57,1.048758049678013
BA,2024,O900,W,25,0.45998160073597055
BA,2024,O031,hemorrhage,359,34.619093539054965
BA,2024,O036,hemorrhage,24,2.314368370298939
BA,2024,O041,hemorrhage,6,0.5785920925747348
BA,2024,O046,hemorrhage,1,0.09643201542912247
BA,2024,O051,hemorrhage,18,1.7357762777242045
BA,2024,O056,hemorrhage,7,0.6750241080038573
BA,2024,O061,hemorrhage,32,3.085824493731919
BA,2024,O066,hemorrhage,6,0.5785920925747348
BA,2024,O071,hemorrhage,1,0.09643201542912247
BA,2024,O081,hemorrhage,6,0.5785920925747348
BA,2024,O441,hemorrhage,32,3.085824493731919
BA,2024,O450,hemorrhage,7,0.6750241080038573
BA,2024,O458,hemorrhage,40,3.8572806171648986
BA,2024,O459,hemorrhage,269,25.940212150433943
BA,2024,O46,hemorrhage,1,0.09643201542912247
BA,2024,O468,hemorrhage,2,0.19286403085824494
BA,2024,O469,hemorrhage,2,0.19286403085824494
BA,2024,O670,hemorrhage,8,0.7714561234329798
BA,2024,O678,hemorrhage,6,0.5785920925747348
BA,2024,O679,hemorrhage,6,0.5785920925747348
BA,2024,O694,hemorrhage,4,0.3857280617164899
BA,2024,O72,hemorrhage,1,0.09643201542912247
BA,2024,O720,hemorrhage,19,1.832208293153327
BA,2024,O721,hemorrhage,86,8.293153326904532
BA,2024,O722,hemorrhage,94,9.064609450337512
BA,2024,O11,hypertension,89,2.916120576671035
BA,2024,O140,hypertension,392,12.844036697247706
BA,2024,O141,hypertension,1244,40.76015727391874
BA,2024,O149,hypertension,1061,34.76408912188729
BA,2024,O15,hypertension,2,0.0655307994757536
BA,2024,O150,hypertension,139,4.554390563564875
BA,2024,O151,hypertension,22,0.7208387942332897
BA,2024,O152,hypertension,53,1.7365661861074706
BA,2024,O159,hypertension,50,1.6382699868938402
BA,2025,A418,W,1,0.016608536787908985
BA,2025,A419,W,1,0.016608536787908985
BA,2025,D62,W,1,0.016608536787908985
BA,2025,O030,W,162,2.690582959641256
BA,2025,O031,W,311,5.165254941039694
BA,2025,O035,W,44,0.7307756186679953
BA,2025,O036,W,35,0.5812987875768145
BA,2025,O040,W,3,0.04982561036372696
BA,2025,O041,W,2,0.03321707357581797
BA,2025,O045,W,1,0.016608536787908985
BA,2025,O046,W,2,0.03321707357581797
BA,2025,O050,W,33,0.5480817140009965
BA,2025,O051,W,9,0.14947683109118087
BA,2025,O055,W,3,0.04982561036372696
BA,2025,O056,W,1,0.016608536787908985
BA,2025,O060,W,58,0.9632951336987211
BA,2025,O061,W,40,0.6643414715163594
BA,2025,O065,W,11,0.18269390466699884
BA,2025,O066,W,7,0.1162597575153629
BA,2025,O080,W,10,0.16608536787908984
BA,2025,O081,W,5,0.08304268393954492
BA,2025,O082,W,2,0.03321707357581797
BA,2025,O11,W,202,3.354924431157615
BA,2025,O140,W,549,9.118086696562033
BA,2025,O141,W,1576,26.17505397774456
BA,2025,O149,W,1028,17.073575817970436
BA,2025,O150,W,174,2.8898854010961634
BA,2025,O151,W,18,0.29895366218236175
BA,2025,O152,W,55,0.9134695233349942
BA,2025,O159,W,37,0.6145158611526325
BA,2025,O411,W,6,0.09965122072745392
BA,2025,O441,W,39,0.6477329347284504
BA,2025,O450,W,17,0.2823451253944527
BA,2025,O458,W,46,0.7639926922438133
BA,2025,O459,W,251,4.168742733765155
BA,2025,O46,W,1,0.016608536787908985
BA,2025,O469,W,1,0.016608536787908985
BA,2025,O670,W,9,0.14947683109118087
BA,2025,O678,W,2,0.03321707357581797
BA,2025,O679,W,5,0.08304268393954492
BA,2025,O694,W,5,0.08304268393954492
BA,2025,O710,W,9,0.14947683109118087
BA,2025,O711,W,10,0.16608536787908984
BA,2025,O72,W,1,0.016608536787908985
BA,2025,O720,W,8,0.13286829430327188
BA,2025,O721,W,93,1.5445939212755355
BA,2025,O722,W,80,1.3286829430327187
BA,2025,O85,W,598,9.931904999169573
BA,2025,O86,W,2,0.03321707357581797
BA,2025,O860,W,344,5.713336655040691
BA,2025,O868,W,87,1.4449427005480817
BA,2025,O883,W,1,0.016608536787908985
BA,2025,O900,W,25,0.41521341969772463
BA,2025,D62,hemorrhage,1,0.10298661174047374
BA,2025,O031,hemorrhage,311,32.02883625128733
BA,2025,O036,hemorrhage,35,3.604531410916581
BA,2025,O041,hemorrhage,2,0.2059732234809475
BA,2025,O046,hemorrhage,2,0.2059732234809475
BA,2025,O051,hemorrhage,9,0.9268795056642637
BA,2025,O056,hemorrhage,1,0.10298661174047374
BA,2025,O061,hemorrhage,40,4.11946446961895
BA,2025,O066,hemorrhage,7,0.7209062821833162
BA,2025,O081,hemorrhage,5,0.5149330587023687
BA,2025,O441,hemorrhage,39,4.016477857878476
BA,2025,O450,hemorrhage,17,1.7507723995880535
BA,2025,O458,hemorrhage,46,4.737384140061792
BA,2025,O459,hemorrhage,251,25.84963954685891
BA,2025,O46,hemorrhage,1,0.10298661174047374
BA,2025,O469,hemorrhage,1,0.10298661174047374
BA,2025,O670,hemorrhage,9,0.9268795056642637
BA,2025,O678,hemorrhage,2,0.2059732234809475
BA,2025,O679,hemorrhage,5,0.5149330587023687
BA,2025,O694,hemorrhage,5,0.5149330587023687
BA,2025,O72,hemorrhage,1,0.10298661174047374
BA,2025,O720,hemorrhage,8,0.82389289392379
BA,2025,O721,hemorrhage,93,9.577754891864057
BA,2025,O722,hemorrhage,80,8.2389289392379
BA,2025,O11,hypertension,202,5.5509755427315195
BA,2025,O140,hypertension,549,15.086562242374278
BA,2025,O141,hypertension,1576,43.30860126408354
BA,2025,O149,hypertension,1028,28.249519098653476
BA,2025,O150,hypertension,174,4.781533388293488
BA,2025,O151,hypertension,18,0.494641384995878
BA,2025,O152,hypertension,55,1.5114042319318495
BA,2025,O159,hypertension,37,1.0167628469359715
CE,2008,O030,W,31,0.6493506493506493
CE,2008,O031,W,33,0.6912442396313364
CE,2008,O035,W,17,0.35609551738583994
CE,2008,O036,W,1,0.02094679514034353
CE,2008,O040,W,1,0.02094679514034353
CE,2008,O041,W,4,0.08378718056137412
CE,2008,O045,W,1,0.02094679514034353
CE,2008,O046,W,1,0.02094679514034353
CE,2008,O051,W,1,0.02094679514034353
CE,2008,O056,W,2,0.04189359028068706
CE,2008,O060,W,40,0.8378718056137411
CE,2008,O061,W,50,1.0473397570171763
CE,2008,O066,W,3,0.06284038542103058
CE,2008,O080,W,6,0.12568077084206117
CE,2008,O11,W,2,0.04189359028068706
CE,2008,O140,W,259,5.425219941348973
CE,2008,O141,W,2848,59.656472559698365
CE,2008,O149,W,372,7.792207792207792
CE,2008,O150,W,98,2.0527859237536656
CE,2008,O151,W,61,1.2777545035609552
CE,2008,O152,W,8,0.16757436112274823
CE,2008,O159,W,5,0.10473397570171764
CE,2008,O411,W,1,0.02094679514034353
CE,2008,O441,W,89,1.864264767490574
CE,2008,O450,W,38,0.795978215333054
CE,2008,O458,W,65,1.3615416841223293
CE,2008,O459,W,257,5.383326351068287
CE,2008,O460,W,1,0.02094679514034353
CE,2008,O468,W,1,0.02094679514034353
CE,2008,O469,W,2,0.04189359028068706
CE,2008,O710,W,1,0.02094679514034353
CE,2008,O711,W,6,0.12568077084206117
CE,2008,O721,W,20,0.41893590280687054
CE,2008,O722,W,6,0.12568077084206117
CE,2008,O753,W,2,0.04189359028068706
CE,2008,O85,W,182,3.812316715542522
CE,2008,O860,W,185,3.8751571009635524
CE,2008,O868,W,66,1.3824884792626728
CE,2008,O883,W,1,0.02094679514034353
CE,2008,O900,W,7,0.1466275659824047
CE,2008,O031,hemorrhage,33,5.7491289198606275
CE,2008,O036,hemorrhage,1,0.17421602787456447
CE,2008,O041,hemorrhage,4,0.6968641114982579
CE,2008,O046,hemorrhage,1,0.17421602787456447
CE,2008,O051,hemorrhage,1,0.17421602787456447
CE,2008,O056,hemorrhage,2,0.34843205574912894
CE,2008,O061,hemorrhage,50,8.710801393728223
CE,2008,O066,hemorrhage,3,0.5226480836236934
CE,2008,O441,hemorrhage,89,15.505226480836237
CE,2008,O450,hemorrhage,38,6.620209059233449
CE,2008,O458,hemorrhage,65,11.32404181184669
CE,2008,O459,hemorrhage,257,44.77351916376307
CE,2008,O460,hemorrhage,1,0.17421602787456447
CE,2008,O468,hemorrhage,1,0.17421602787456447
CE,2008,O469,hemorrhage,2,0.34843205574912894
CE,2008,O721,hemorrhage,20,3.484320557491289
CE,2008,O722,hemorrhage,6,1.0452961672473868
CE,2008,O11,hypertension,2,0.05474952094169176
CE,2008,O140,hypertension,259,7.090062961949083
CE,2008,O141,hypertension,2848,77.96331782096907
CE,2008,O149,hypertension,372,10.183410895154667
CE,2008,O150,hypertension,98,2.682726526142896
CE,2008,O151,hypertension,61,1.6698603887215986
CE,2008,O152,hypertension,8,0.21899808376676705
CE,2008,O159,hypertension,5,0.1368738023542294
CE,2009,O030,W,33,0.7186411149825784
CE,2009,O031,W,21,0.4573170731707317
CE,2009,O035,W,5,0.10888501742160278
CE,2009,O036,W,3,0.06533101045296168
CE,2009,O041,W,3,0.06533101045296168
CE,2009,O046,W,1,0.02177700348432056
CE,2009,O050,W,3,0.06533101045296168
CE,2009,O055,W,1,0.02177700348432056
CE,2009,O060,W,47,1.0235191637630663
CE,2009,O061,W,3,0.06533101045296168
CE,2009,O066,W,1,0.02177700348432056
CE,2009,O080,W,1,0.02177700348432056
CE,2009,O081,W,1,0.02177700348432056
CE,2009,O11,W,1,0.02177700348432056
CE,2009,O140,W,314,6.837979094076655
CE,2009,O141,W,2526,55.008710801393725
CE,2009,O149,W,506,11.019163763066203
CE,2009,O150,W,101,2.1994773519163764
CE,2009,O151,W,61,1.328397212543554
CE,2009,O152,W,11,0.23954703832752614
CE,2009,O159,W,10,0.21777003484320556
CE,2009,O411,W,4,0.08710801393728224
CE,2009,O441,W,100,2.177700348432056
CE,2009,O450,W,23,0.5008710801393729
CE,2009,O458,W,61,1.328397212543554
CE,2009,O459,W,230,5.008710801393728
CE,2009,O469,W,3,0.06533101045296168
CE,2009,O670,W,1,0.02177700348432056
CE,2009,O694,W,3,0.06533101045296168
CE,2009,O710,W,1,0.02177700348432056
CE,2009,O711,W,2,0.04355400696864112
CE,2009,O720,W,2,0.04355400696864112
CE,2009,O721,W,23,0.5008710801393729
CE,2009,O722,W,9,0.19599303135888502
CE,2009,O85,W,170,3.702090592334495
CE,2009,O860,W,221,4.812717770034843
CE,2009,O868,W,77,1.6768292682926829
CE,2009,O900,W,9,0.19599303135888502
CE,2009,O031,hemorrhage,21,4.30327868852459
CE,2009,O036,hemorrhage,3,0.6147540983606558
CE,2009,O041,hemorrhage,3,0.6147540983606558
CE,2009,O046,hemorrhage,1,0.20491803278688525
CE,2009,O061,hemorrhage,3,0.6147540983606558
CE,2009,O066,hemorrhage,1,0.20491803278688525
CE,2009,O081,hemorrhage,1,0.20491803278688525
CE,2009,O441,hemorrhage,100,20.491803278688526
CE,2009,O450,hemorrhage,23,4.713114754098361
CE,2009,O458,hemorrhage,61,12.5
CE,2009,O459,hemorrhage,230,47.131147540983605
CE,2009,O469,hemorrhage,3,0.6147540983606558
CE,2009,O670,hemorrhage,1,0.20491803278688525
CE,2009,O694,hemorrhage,3,0.6147540983606558
CE,2009,O720,hemorrhage,2,0.4098360655737705
CE,2009,O721,hemorrhage,23,4.713114754098361
CE,2009,O722,hemorrhage,9,1.8442622950819672
CE,2009,O11,hypertension,1,0.028328611898016998
CE,2009,O140,hypertension,314,8.895184135977336
CE,2009,O141,hypertension,2526,71.55807365439094
CE,2009,O149,hypertension,506,14.3342776203966
CE,2009,O150,hypertension,101,2.861189801699717
CE,2009,O151,hypertension,61,1.728045325779037
CE,2009,O152,hypertension,11,0.311614730878187
CE,2009,O159,hypertension,10,0.28328611898017
CE,2010,O030,W,21,0.40991606480577786
CE,2010,O031,W,30,0.5855943782939684
CE,2010,O035,W,2,0.03903962521959789
CE,2010,O036,W,1,0.019519812609798945
CE,2010,O050,W,1,0.019519812609798945
CE,2010,O060,W,40,0.7807925043919578
CE,2010,O061,W,6,0.11711887565879367
CE,2010,O065,W,2,0.03903962521959789
CE,2010,O066,W,1,0.019519812609798945
CE,2010,O080,W,1,0.019519812609798945
CE,2010,O11,W,5,0.09759906304899472
CE,2010,O140,W,240,4.6847550263517475
CE,2010,O141,W,3195,62.36580128830763
CE,2010,O149,W,421,8.217841108725356
CE,2010,O150,W,91,1.776302947491704
CE,2010,O151,W,52,1.0150302557095452
CE,2010,O152,W,10,0.19519812609798945
CE,2010,O159,W,18,0.35135662697638104
CE,2010,O411,W,3,0.058559437829396835
CE,2010,O441,W,107,2.0886199492484874
CE,2010,O450,W,11,0.2147179387077884
CE,2010,O458,W,64,1.2492680070271325
CE,2010,O459,W,222,4.333398399375366
CE,2010,O469,W,3,0.058559437829396835
CE,2010,O694,W,1,0.019519812609798945
CE,2010,O711,W,2,0.03903962521959789
CE,2010,O720,W,2,0.03903962521959789
CE,2010,O721,W,39,0.7612726917821588
CE,2010,O722,W,8,0.15615850087839156
CE,2010,O85,W,192,3.7478040210813974
CE,2010,O860,W,257,5.016591840718329
CE,2010,O868,W,60,1.1711887565879369
CE,2010,O900,W,15,0.2927971891469842
CE,2010,O031,hemorrhage,30,6.0606060606060606
CE,2010,O036,hemorrhage,1,0.20202020202020202
CE,2010,O061,hemorrhage,6,1.2121212121212122
CE,2010,O066,hemorrhage,1,0.20202020202020202
CE,2010,O441,hemorrhage,107,21.616161616161616
CE,2010,O450,hemorrhage,11,2.2222222222222223
CE,2010,O458,hemorrhage,64,12.929292929292929
CE,2010,O459,hemorrhage,222,44.84848484848485
CE,2010,O469,hemorrhage,3,0.6060606060606061
CE,2010,O694,hemorrhage,1,0.20202020202020202
CE,2010,O720,hemorrhage,2,0.40404040404040403
CE,2010,O721,hemorrhage,39,7.878787878787879
CE,2010,O722,hemorrhage,8,1.6161616161616161
CE,2010,O11,hypertension,5,0.12400793650793651
CE,2010,O140,hypertension,240,5.9523809523809526
CE,2010,O141,hypertension,3195,79.24107142857143
CE,2010,O149,hypertension,421,10.441468253968255
CE,2010,O150,hypertension,91,2.2569444444444446
CE,2010,O151,hypertension,52,1.2896825396825398
CE,2010,O152,hypertension,10,0.24801587301587302
CE,2010,O159,hypertension,18,0.44642857142857145
CE,2011,O030,W,22,0.4856512141280353
CE,2011,O031,W,42,0.9271523178807947
CE,2011,O035,W,2,0.04415011037527594
CE,2011,O036,W,6,0.13245033112582782
CE,2011,O040,W,1,0.02207505518763797
CE,2011,O041,W,5,0.11037527593818984
CE,2011,O046,W,1,0.02207505518763797
CE,2011,O050,W,4,0.08830022075055188
CE,2011,O051,W,2,0.04415011037527594
CE,2011,O055,W,2,0.04415011037527594
CE,2011,O060,W,28,0.6181015452538632
CE,2011,O061,W,17,0.37527593818984545
CE,2011,O065,W,3,0.06622516556291391
CE,2011,O066,W,2,0.04415011037527594
CE,2011,O081,W,1,0.02207505518763797
CE,2011,O083,W,1,0.02207505518763797
CE,2011,O11,W,2,0.04415011037527594
CE,2011,O140,W,262,5.783664459161148
CE,2011,O141,W,2624,57.92494481236203
CE,2011,O149,W,441,9.735099337748345
CE,2011,O150,W,83,1.8322295805739515
CE,2011,O151,W,75,1.6556291390728477
CE,2011,O152,W,11,0.24282560706401765
CE,2011,O159,W,6,0.13245033112582782
CE,2011,O411,W,1,0.02207505518763797
CE,2011,O441,W,113,2.4944812362030904
CE,2011,O450,W,13,0.2869757174392936
CE,2011,O458,W,39,0.8609271523178808
CE,2011,O459,W,194,4.282560706401766
CE,2011,O469,W,4,0.08830022075055188
CE,2011,O694,W,1,0.02207505518763797
CE,2011,O710,W,6,0.13245033112582782
CE,2011,O711,W,2,0.04415011037527594
CE,2011,O720,W,3,0.06622516556291391
CE,2011,O721,W,21,0.46357615894039733
CE,2011,O722,W,11,0.24282560706401765
CE,2011,O85,W,189,4.172185430463577
CE,2011,O860,W,223,4.922737306843267
CE,2011,O868,W,52,1.1479028697571745
CE,2011,O900,W,15,0.33112582781456956
CE,2011,O031,hemorrhage,42,8.842105263157896
CE,2011,O036,hemorrhage,6,1.263157894736842
CE,2011,O041,hemorrhage,5,1.0526315789473684
CE,2011,O046,hemorrhage,1,0.21052631578947367
CE,2011,O051,hemorrhage,2,0.42105263157894735
CE,2011,O061,hemorrhage,17,3.5789473684210527
CE,2011,O066,hemorrhage,2,0.42105263157894735
CE,2011,O081,hemorrhage,1,0.21052631578947367
CE,2011,O441,hemorrhage,113,23.789473684210527
CE,2011,O450,hemorrhage,13,2.736842105263158
CE,2011,O458,hemorrhage,39,8.210526315789474
CE,2011,O459,hemorrhage,194,40.8421052631579
CE,2011,O469,hemorrhage,4,0.8421052631578947
CE,2011,O694,hemorrhage,1,0.21052631578947367
CE,2011,O720,hemorrhage,3,0.631578947368421
CE,2011,O721,hemorrhage,21,4.421052631578948
CE,2011,O722,hemorrhage,11,2.3157894736842106
CE,2011,O11,hypertension,2,0.05707762557077625
CE,2011,O140,hypertension,262,7.4771689497716896
CE,2011,O141,hypertension,2624,74.88584474885845
CE,2011,O149,hypertension,441,12.585616438356164
CE,2011,O150,hypertension,83,2.3687214611872145
CE,2011,O151,hypertension,75,2.1404109589041096
CE,2011,O152,hypertension,11,0.3139269406392694
CE,2011,O159,hypertension,6,0.17123287671232876
CE,2012,O030,W,12,0.25806451612903225
CE,2012,O031,W,14,0.3010752688172043
CE,2012,O035,W,1,0.021505376344086023
CE,2012,O036,W,10,0.21505376344086022
CE,2012,O040,W,3,0.06451612903225806
CE,2012,O050,W,4,0.08602150537634409
CE,2012,O051,W,1,0.021505376344086023
CE,2012,O055,W,1,0.021505376344086023
CE,2012,O060,W,27,0.5806451612903226
CE,2012,O061,W,8,0.17204301075268819
CE,2012,O11,W,6,0.12903225806451613
CE,2012,O140,W,348,7.483870967741935
CE,2012,O141,W,2608,56.086021505376344
CE,2012,O149,W,553,11.89247311827957
CE,2012,O150,W,86,1.8494623655913978
CE,2012,O151,W,49,1.053763440860215
CE,2012,O152,W,16,0.34408602150537637
CE,2012,O159,W,8,0.17204301075268819
CE,2012,O411,W,2,0.043010752688172046
CE,2012,O441,W,96,2.064516129032258
CE,2012,O450,W,15,0.3225806451612903
CE,2012,O458,W,40,0.8602150537634409
CE,2012,O459,W,234,5.032258064516129
CE,2012,O469,W,8,0.17204301075268819
CE,2012,O710,W,2,0.043010752688172046
CE,2012,O720,W,2,0.043010752688172046
CE,2012,O721,W,16,0.34408602150537637
CE,2012,O722,W,7,0.15053763440860216
CE,2012,O85,W,174,3.7419354838709675
CE,2012,O860,W,219,4.709677419354839
CE,2012,O868,W,71,1.5268817204301075
CE,2012,O900,W,9,0.1935483870967742
CE,2012,O031,hemorrhage,14,3.104212860310421
CE,2012,O036,hemorrhage,10,2.2172949002217295
CE,2012,O051,hemorrhage,1,0.22172949002217296
CE,2012,O061,hemorrhage,8,1.7738359201773837
CE,2012,O441,hemorrhage,96,21.286031042128602
CE,2012,O450,hemorrhage,15,3.3259423503325944
CE,2012,O458,hemorrhage,40,8.869179600886918
CE,2012,O459,hemorrhage,234,51.88470066518847
CE,2012,O469,hemorrhage,8,1.7738359201773837
CE,2012,O720,hemorrhage,2,0.4434589800443459
CE,2012,O721,hemorrhage,16,3.5476718403547673
CE,2012,O722,hemorrhage,7,1.5521064301552105
CE,2012,O11,hypertension,6,0.1633097441480675
CE,2012,O140,hypertension,348,9.471965160587915
CE,2012,O141,hypertension,2608,70.98530212302667
CE,2012,O149,hypertension,553,15.051714752313554
CE,2012,O150,hypertension,86,2.340772999455634
CE,2012,O151,hypertension,49,1.3336962438758846
CE,2012,O152,hypertension,16,0.43549265106151336
CE,2012,O159,hypertension,8,0.21774632553075668
CE,2013,O030,W,51,0.9347507331378299
CE,2013,O031,W,15,0.2749266862170088
CE,2013,O035,W,3,0.05498533724340176
CE,2013,O036,W,2,0.036656891495601175
CE,2013,O041,W,1,0.018328445747800588
CE,2013,O050,W,2,0.036656891495601175
CE,2013,O051,W,6,0.10997067448680352
CE,2013,O055,W,1,0.018328445747800588
CE,2013,O060,W,11,0.20161290322580644
CE,2013,O061,W,3,0.05498533724340176
CE,2013,O065,W,1,0.018328445747800588
CE,2013,O066,W,2,0.036656891495601175
CE,2013,O081,W,2,0.036656891495601175
CE,2013,O11,W,10,0.18328445747800587
CE,2013,O140,W,371,6.7998533724340176
CE,2013,O141,W,2913,53.39076246334311
CE,2013,O149,W,810,14.846041055718475
CE,2013,O150,W,118,2.162756598240469
CE,2013,O151,W,33,0.6048387096774194
CE,2013,O152,W,26,0.47653958944281527
CE,2013,O159,W,18,0.32991202346041054
CE,2013,O441,W,92,1.686217008797654
CE,2013,O450,W,13,0.23826979472140764
CE,2013,O458,W,43,0.7881231671554252
CE,2013,O459,W,381,6.983137829912024
CE,2013,O468,W,3,0.05498533724340176
CE,2013,O469,W,4,0.07331378299120235
CE,2013,O670,W,2,0.036656891495601175
CE,2013,O694,W,2,0.036656891495601175
CE,2013,O710,W,1,0.018328445747800588
CE,2013,O721,W,18,0.32991202346041054
CE,2013,O722,W,10,0.18328445747800587
CE,2013,O85,W,182,3.335777126099707
CE,2013,O860,W,248,4.545454545454546
CE,2013,O868,W,48,0.8797653958944281
CE,2013,O900,W,10,0.18328445747800587
CE,2013,O031,hemorrhage,15,2.5041736227045077
CE,2013,O036,hemorrhage,2,0.333889816360601
CE,2013,O041,hemorrhage,1,0.1669449081803005
CE,2013,O051,hemorrhage,6,1.001669449081803
CE,2013,O061,hemorrhage,3,0.5008347245409015
CE,2013,O066,hemorrhage,2,0.333889816360601
CE,2013,O081,hemorrhage,2,0.333889816360601
CE,2013,O441,hemorrhage,92,15.358931552587647
CE,2013,O450,hemorrhage,13,2.1702838063439067
CE,2013,O458,hemorrhage,43,7.178631051752921
CE,2013,O459,hemorrhage,381,63.60601001669449
CE,2013,O468,hemorrhage,3,0.5008347245409015
CE,2013,O469,hemorrhage,4,0.667779632721202
CE,2013,O670,hemorrhage,2,0.333889816360601
CE,2013,O694,hemorrhage,2,0.333889816360601
CE,2013,O721,hemorrhage,18,3.005008347245409
CE,2013,O722,hemorrhage,10,1.669449081803005
CE,2013,O11,hypertension,10,0.23261223540358222
CE,2013,O140,hypertension,371,8.629913933472901
CE,2013,O141,hypertension,2913,67.7599441730635
CE,2013,O149,hypertension,810,18.84159106769016
CE,2013,O150,hypertension,118,2.7448243777622703
CE,2013,O151,hypertension,33,0.7676203768318214
CE,2013,O152,hypertension,26,0.6047918120493138
CE,2013,O159,hypertension,18,0.418702023726448
CE,2014,O030,W,24,0.4166666666666667
CE,2014,O031,W,23,0.3993055555555556
CE,2014,O035,W,4,0.06944444444444445
CE,2014,O036,W,4,0.06944444444444445
CE,2014,O040,W,1,0.017361111111111112
CE,2014,O041,W,2,0.034722222222222224
CE,2014,O046,W,1,0.017361111111111112
CE,2014,O050,W,7,0.12152777777777778
CE,2014,O051,W,3,0.052083333333333336
CE,2014,O056,W,2,0.034722222222222224
CE,2014,O060,W,7,0.12152777777777778
CE,2014,O061,W,4,0.06944444444444445
CE,2014,O065,W,2,0.034722222222222224
CE,2014,O066,W,5,0.08680555555555555
CE,2014,O080,W,1,0.017361111111111112
CE,2014,O11,W,3,0.052083333333333336
CE,2014,O140,W,478,8.29861111111111
CE,2014,O141,W,3100,53.81944444444444
CE,2014,O149,W,849,14.739583333333334
CE,2014,O150,W,113,1.9618055555555556
CE,2014,O151,W,12,0.20833333333333334
CE,2014,O152,W,16,0.2777777777777778
CE,2014,O159,W,20,0.3472222222222222
CE,2014,O441,W,92,1.5972222222222223
CE,2014,O450,W,34,0.5902777777777778
CE,2014,O458,W,51,0.8854166666666666
CE,2014,O459,W,313,5.434027777777778
CE,2014,O468,W,2,0.034722222222222224
CE,2014,O469,W,5,0.08680555555555555
CE,2014,O670,W,1,0.017361111111111112
CE,2014,O694,W,1,0.017361111111111112
CE,2014,O710,W,4,0.06944444444444445
CE,2014,O711,W,1,0.017361111111111112
CE,2014,O720,W,3,0.052083333333333336
CE,2014,O721,W,13,0.22569444444444445
CE,2014,O722,W,23,0.3993055555555556
CE,2014,O85,W,188,3.263888888888889
CE,2014,O860,W,300,5.208333333333333
CE,2014,O868,W,38,0.6597222222222222
CE,2014,O900,W,10,0.1736111111111111
CE,2014,O031,hemorrhage,23,3.9518900343642613
CE,2014,O036,hemorrhage,4,0.6872852233676976
CE,2014,O041,hemorrhage,2,0.3436426116838488
CE,2014,O046,hemorrhage,1,0.1718213058419244
CE,2014,O051,hemorrhage,3,0.5154639175257731
CE,2014,O056,hemorrhage,2,0.3436426116838488
CE,2014,O061,hemorrhage,4,0.6872852233676976
CE,2014,O066,hemorrhage,5,0.8591065292096219
CE,2014,O441,hemorrhage,92,15.807560137457045
CE,2014,O450,hemorrhage,34,5.841924398625429
CE,2014,O458,hemorrhage,51,8.762886597938145
CE,2014,O459,hemorrhage,313,53.78006872852234
CE,2014,O468,hemorrhage,2,0.3436426116838488
CE,2014,O469,hemorrhage,5,0.8591065292096219
CE,2014,O670,hemorrhage,1,0.1718213058419244
CE,2014,O694,hemorrhage,1,0.1718213058419244
CE,2014,O720,hemorrhage,3,0.5154639175257731
CE,2014,O721,hemorrhage,13,2.2336769759450172
CE,2014,O722,hemorrhage,23,3.9518900343642613
CE,2014,O11,hypertension,3,0.0653452406883032
CE,2014,O140,hypertension,478,10.41167501633631
CE,2014,O141,hypertension,3100,67.52341537791331
CE,2014,O149,hypertension,849,18.492703114789805
CE,2014,O150,hypertension,113,2.4613373992594205
CE,2014,O151,hypertension,12,0.2613809627532128
CE,2014,O152,hypertension,16,0.34850795033761706
CE,2014,O159,hypertension,20,0.43563493792202135
CE,2015,O030,W,15,0.25290844714213456
CE,2015,O031,W,20,0.3372112628561794
CE,2015,O035,W,8,0.13488450514247177
CE,2015,O036,W,6,0.10116337885685382
CE,2015,O050,W,4,0.06744225257123589
CE,2015,O051,W,4,0.06744225257123589
CE,2015,O055,W,2,0.03372112628561794
CE,2015,O056,W,1,0.01686056314280897
CE,2015,O060,W,6,0.10116337885685382
CE,2015,O061,W,3,0.05058168942842691
CE,2015,O065,W,5,0.08430281571404485
CE,2015,O066,W,2,0.03372112628561794
CE,2015,O080,W,17,0.28662957342775247
CE,2015,O081,W,1,0.01686056314280897
CE,2015,O082,W,1,0.01686056314280897
CE,2015,O11,W,9,0.15174506828528073
CE,2015,O140,W,406,6.8453886359804414
CE,2015,O141,W,3194,53.85263867813185
CE,2015,O149,W,890,15.005901197099982
CE,2015,O150,W,117,1.9726858877086495
CE,2015,O151,W,23,0.3877929522846063
CE,2015,O152,W,20,0.3372112628561794
CE,2015,O159,W,45,0.7587253414264037
CE,2015,O411,W,1,0.01686056314280897
CE,2015,O441,W,80,1.3488450514247177
CE,2015,O450,W,26,0.4383746417130332
CE,2015,O458,W,47,0.7924464677120215
CE,2015,O459,W,385,6.491316809981454
CE,2015,O468,W,5,0.08430281571404485
CE,2015,O469,W,8,0.13488450514247177
CE,2015,O710,W,2,0.03372112628561794
CE,2015,O711,W,3,0.05058168942842691
CE,2015,O720,W,3,0.05058168942842691
CE,2015,O721,W,11,0.18546619457089866
CE,2015,O722,W,22,0.3709323891417973
CE,2015,O85,W,178,3.0011802394199965
CE,2015,O860,W,316,5.327937953127634
CE,2015,O868,W,34,0.5732591468555049
CE,2015,O900,W,11,0.18546619457089866
CE,2015,O031,hemorrhage,20,3.2051282051282053
CE,2015,O036,hemorrhage,6,0.9615384615384616
CE,2015,O051,hemorrhage,4,0.6410256410256411
CE,2015,O056,hemorrhage,1,0.16025641025641027
CE,2015,O061,hemorrhage,3,0.4807692307692308
CE,2015,O066,hemorrhage,2,0.32051282051282054
CE,2015,O081,hemorrhage,1,0.16025641025641027
CE,2015,O441,hemorrhage,80,12.820512820512821
CE,2015,O450,hemorrhage,26,4.166666666666667
CE,2015,O458,hemorrhage,47,7.532051282051282
CE,2015,O459,hemorrhage,385,61.69871794871795
CE,2015,O468,hemorrhage,5,0.8012820512820513
CE,2015,O469,hemorrhage,8,1.2820512820512822
CE,2015,O720,hemorrhage,3,0.4807692307692308
CE,2015,O721,hemorrhage,11,1.7628205128205128
CE,2015,O722,hemorrhage,22,3.5256410256410255
CE,2015,O11,hypertension,9,0.1913265306122449
CE,2015,O140,hypertension,406,8.630952380952381
CE,2015,O141,hypertension,3194,67.89965986394557
CE,2015,O149,hypertension,890,18.920068027210885
CE,2015,O150,hypertension,117,2.4872448979591835
CE,2015,O151,hypertension,23,0.48894557823129253
CE,2015,O152,hypertension,20,0.42517006802721086
CE,2015,O159,hypertension,45,0.9566326530612245
CE,2016,A021,W,1,0.017067759003242873
CE,2016,O030,W,11,0.1877453490356716
CE,2016,O031,W,19,0.3242874210616146
CE,2016,O035,W,6,0.10240655401945725
CE,2016,O036,W,6,0.10240655401945725
CE,2016,O041,W,3,0.051203277009728626
CE,2016,O050,W,6,0.10240655401945725
CE,2016,O051,W,5,0.08533879501621437
CE,2016,O060,W,8,0.13654207202594298
CE,2016,O061,W,5,0.08533879501621437
CE,2016,O065,W,3,0.051203277009728626
CE,2016,O066,W,12,0.2048131080389145
CE,2016,O080,W,7,0.11947431302270012
CE,2016,O081,W,3,0.051203277009728626
CE,2016,O082,W,5,0.08533879501621437
CE,2016,O083,W,1,0.017067759003242873
CE,2016,O11,W,3,0.051203277009728626
CE,2016,O140,W,368,6.280935313193377
CE,2016,O141,W,3009,51.35688684075781
CE,2016,O149,W,1070,18.262502133469876
CE,2016,O150,W,139,2.3724185014507597
CE,2016,O151,W,35,0.5973715651135006
CE,2016,O152,W,25,0.4266939750810719
CE,2016,O159,W,36,0.6144393241167435
CE,2016,O411,W,1,0.017067759003242873
CE,2016,O441,W,94,1.60436934630483
CE,2016,O450,W,14,0.23894862604540024
CE,2016,O458,W,43,0.7339136371394436
CE,2016,O459,W,328,5.598224953063663
CE,2016,O468,W,2,0.034135518006485746
CE,2016,O469,W,5,0.08533879501621437
CE,2016,O670,W,2,0.034135518006485746
CE,2016,O710,W,3,0.051203277009728626
CE,2016,O711,W,3,0.051203277009728626
CE,2016,O720,W,1,0.017067759003242873
CE,2016,O721,W,20,0.3413551800648575
CE,2016,O722,W,31,0.5291005291005291
CE,2016,O85,W,200,3.413551800648575
CE,2016,O860,W,280,4.778972520908005
CE,2016,O868,W,40,0.682710360129715
CE,2016,O900,W,6,0.10240655401945725
CE,2016,O031,hemorrhage,19,3.204047217537943
CE,2016,O036,hemorrhage,6,1.0118043844856661
CE,2016,O041,hemorrhage,3,0.5059021922428331
CE,2016,O051,hemorrhage,5,0.8431703204047217
CE,2016,O061,hemorrhage,5,0.8431703204047217
CE,2016,O066,hemorrhage,12,2.0236087689713322
CE,2016,O081,hemorrhage,3,0.5059021922428331
CE,2016,O441,hemorrhage,94,15.85160202360877
CE,2016,O450,hemorrhage,14,2.360876897133221
CE,2016,O458,hemorrhage,43,7.251264755480607
CE,2016,O459,hemorrhage,328,55.31197301854975
CE,2016,O468,hemorrhage,2,0.3372681281618887
CE,2016,O469,hemorrhage,5,0.8431703204047217
CE,2016,O670,hemorrhage,2,0.3372681281618887
CE,2016,O720,hemorrhage,1,0.16863406408094436
CE,2016,O721,hemorrhage,20,3.372681281618887
CE,2016,O722,hemorrhage,31,5.227655986509275
CE,2016,O11,hypertension,3,0.064034151547492
CE,2016,O140,hypertension,368,7.854855923159018
CE,2016,O141,hypertension,3009,64.22625400213447
CE,2016,O149,hypertension,1070,22.838847385272146
CE,2016,O150,hypertension,139,2.9669156883671293
CE,2016,O151,hypertension,35,0.7470651013874067
CE,2016,O152,hypertension,25,0.5336179295624333
CE,2016,O159,hypertension,36,0.768409818569904
CE,2017,O030,W,14,0.19813189923577695
CE,2017,O031,W,35,0.4953297480894424
CE,2017,O035,W,6,0.08491367110104726
CE,2017,O036,W,6,0.08491367110104726
CE,2017,O040,W,1,0.014152278516841211
CE,2017,O050,W,20,0.2830455703368242
CE,2017,O051,W,2,0.028304557033682422
CE,2017,O055,W,1,0.014152278516841211
CE,2017,O056,W,1,0.014152278516841211
CE,2017,O060,W,4,0.056609114067364845
CE,2017,O061,W,7,0.09906594961788848
CE,2017,O065,W,3,0.04245683555052363
CE,2017,O066,W,4,0.056609114067364845
CE,2017,O080,W,5,0.07076139258420605
CE,2017,O081,W,2,0.028304557033682422
CE,2017,O082,W,2,0.028304557033682422
CE,2017,O11,W,12,0.16982734220209453
CE,2017,O140,W,329,4.656099632040759
CE,2017,O141,W,3696,52.30682139824512
CE,2017,O149,W,1376,19.473535239173508
CE,2017,O150,W,191,2.7030851967166716
CE,2017,O151,W,37,0.5236343051231248
CE,2017,O152,W,24,0.33965468440418906
CE,2017,O159,W,24,0.33965468440418906
CE,2017,O411,W,5,0.07076139258420605
CE,2017,O441,W,80,1.1321822813472968
CE,2017,O450,W,29,0.4104160769883951
CE,2017,O458,W,132,1.8681007642230398
CE,2017,O459,W,419,5.929804698556468
CE,2017,O469,W,6,0.08491367110104726
CE,2017,O670,W,1,0.014152278516841211
CE,2017,O694,W,1,0.014152278516841211
CE,2017,O720,W,2,0.028304557033682422
CE,2017,O721,W,16,0.22643645626945938
CE,2017,O722,W,18,0.2547410133031418
CE,2017,O85,W,216,3.0568921596377017
CE,2017,O860,W,287,4.061703934333428
CE,2017,O868,W,41,0.5802434191904897
CE,2017,O900,W,11,0.15567506368525333
CE,2017,O031,hemorrhage,35,4.599211563731932
CE,2017,O036,hemorrhage,6,0.7884362680683311
CE,2017,O051,hemorrhage,2,0.2628120893561104
CE,2017,O056,hemorrhage,1,0.1314060446780552
CE,2017,O061,hemorrhage,7,0.9198423127463863
CE,2017,O066,hemorrhage,4,0.5256241787122208
CE,2017,O081,hemorrhage,2,0.2628120893561104
CE,2017,O441,hemorrhage,80,10.512483574244415
CE,2017,O450,hemorrhage,29,3.8107752956636007
CE,2017,O458,hemorrhage,132,17.345597897503286
CE,2017,O459,hemorrhage,419,55.059132720105126
CE,2017,O469,hemorrhage,6,0.7884362680683311
CE,2017,O670,hemorrhage,1,0.1314060446780552
CE,2017,O694,hemorrhage,1,0.1314060446780552
CE,2017,O720,hemorrhage,2,0.2628120893561104
CE,2017,O721,hemorrhage,16,2.102496714848883
CE,2017,O722,hemorrhage,18,2.3653088042049935
CE,2017,O11,hypertension,12,0.21093338020741784
CE,2017,O140,hypertension,329,5.783090174020039
CE,2017,O141,hypertension,3696,64.9674811038847
CE,2017,O149,hypertension,1376,24.187027597117243
CE,2017,O150,hypertension,191,3.357356301634734
CE,2017,O151,hypertension,37,0.650377922306205
CE,2017,O152,hypertension,24,0.4218667604148357
CE,2017,O159,hypertension,24,0.4218667604148357
CE,2018,O030,W,28,0.35787321063394684
CE,2018,O031,W,40,0.5112474437627812
CE,2018,O035,W,9,0.11503067484662577
CE,2018,O036,W,8,0.10224948875255624
CE,2018,O040,W,1,0.01278118609406953
CE,2018,O041,W,1,0.01278118609406953
CE,2018,O050,W,37,0.4729038854805726
CE,2018,O051,W,3,0.03834355828220859
CE,2018,O055,W,2,0.02556237218813906
CE,2018,O060,W,14,0.17893660531697342
CE,2018,O061,W,8,0.10224948875255624
CE,2018,O065,W,4,0.05112474437627812
CE,2018,O066,W,4,0.05112474437627812
CE,2018,O080,W,11,0.14059304703476483
CE,2018,O081,W,3,0.03834355828220859
CE,2018,O082,W,3,0.03834355828220859
CE,2018,O11,W,4,0.05112474437627812
CE,2018,O140,W,453,5.789877300613497
CE,2018,O141,W,4251,54.33282208588957
CE,2018,O149,W,1377,17.599693251533743
CE,2018,O150,W,281,3.591513292433538
CE,2018,O151,W,21,0.2684049079754601
CE,2018,O152,W,48,0.6134969325153374
CE,2018,O159,W,29,0.37065439672801637
CE,2018,O411,W,1,0.01278118609406953
CE,2018,O441,W,72,0.9202453987730062
CE,2018,O450,W,23,0.2939672801635992
CE,2018,O458,W,138,1.7638036809815951
CE,2018,O459,W,357,4.5628834355828225
CE,2018,O469,W,3,0.03834355828220859
CE,2018,O679,W,1,0.01278118609406953
CE,2018,O710,W,2,0.02556237218813906
CE,2018,O711,W,1,0.01278118609406953
CE,2018,O720,W,4,0.05112474437627812
CE,2018,O721,W,32,0.40899795501022496
CE,2018,O722,W,27,0.3450920245398773
CE,2018,O85,W,200,2.556237218813906
CE,2018,O860,W,269,3.4381390593047034
CE,2018,O868,W,45,0.5751533742331288
CE,2018,O900,W,9,0.11503067484662577
CE,2018,O031,hemorrhage,40,5.524861878453039
CE,2018,O036,hemorrhage,8,1.1049723756906078
CE,2018,O041,hemorrhage,1,0.13812154696132597
CE,2018,O051,hemorrhage,3,0.4143646408839779
CE,2018,O061,hemorrhage,8,1.1049723756906078
CE,2018,O066,hemorrhage,4,0.5524861878453039
CE,2018,O081,hemorrhage,3,0.4143646408839779
CE,2018,O441,hemorrhage,72,9.94475138121547
CE,2018,O450,hemorrhage,23,3.1767955801104972
CE,2018,O458,hemorrhage,138,19.060773480662984
CE,2018,O459,hemorrhage,357,49.30939226519337
CE,2018,O469,hemorrhage,3,0.4143646408839779
CE,2018,O679,hemorrhage,1,0.13812154696132597
CE,2018,O720,hemorrhage,4,0.5524861878453039
CE,2018,O721,hemorrhage,32,4.419889502762431
CE,2018,O722,hemorrhage,27,3.729281767955801
CE,2018,O11,hypertension,4,0.06188118811881188
CE,2018,O140,hypertension,453,7.008044554455446
CE,2018,O141,hypertension,4251,65.76423267326733
CE,2018,O149,hypertension,1377,21.30259900990099
CE,2018,O150,hypertension,281,4.347153465346534
CE,2018,O151,hypertension,21,0.3248762376237624
CE,2018,O152,hypertension,48,0.7425742574257426
CE,2018,O159,hypertension,29,0.44863861386138615
CE,2019,A41,W,1,0.011680878402055835
CE,2019,A419,W,2,0.02336175680411167
CE,2019,D62,W,1,0.011680878402055835
CE,2019,N709,W,1,0.011680878402055835
CE,2019,O030,W,20,0.2336175680411167
CE,2019,O031,W,87,1.0162364209788577
CE,2019,O035,W,7,0.08176614881439084
CE,2019,O036,W,13,0.15185141922672585
CE,2019,O041,W,2,0.02336175680411167
CE,2019,O050,W,24,0.28034108164934
CE,2019,O051,W,1,0.011680878402055835
CE,2019,O056,W,1,0.011680878402055835
CE,2019,O060,W,13,0.15185141922672585
CE,2019,O061,W,5,0.05840439201027917
CE,2019,O065,W,4,0.04672351360822334
CE,2019,O066,W,3,0.0350426352061675
CE,2019,O080,W,11,0.12848966242261417
CE,2019,O081,W,6,0.070085270412335
CE,2019,O082,W,2,0.02336175680411167
CE,2019,O11,W,9,0.1051279056185025
CE,2019,O140,W,589,6.880037378810886
CE,2019,O141,W,4609,53.837168555075344
CE,2019,O149,W,1470,17.170891251022077
CE,2019,O15,W,2,0.02336175680411167
CE,2019,O150,W,258,3.013666627730405
CE,2019,O151,W,13,0.15185141922672585
CE,2019,O152,W,30,0.35042635206167505
CE,2019,O159,W,33,0.38546898726784257
CE,2019,O441,W,70,0.8176614881439084
CE,2019,O450,W,20,0.2336175680411167
CE,2019,O458,W,125,1.4601098002569792
CE,2019,O459,W,380,4.438733792781217
CE,2019,O469,W,12,0.14017054082467
CE,2019,O694,W,2,0.02336175680411167
CE,2019,O710,W,3,0.0350426352061675
CE,2019,O711,W,3,0.0350426352061675
CE,2019,O72,W,6,0.070085270412335
CE,2019,O720,W,11,0.12848966242261417
CE,2019,O721,W,47,0.5490012848966243
CE,2019,O722,W,34,0.39714986566989835
CE,2019,O85,W,251,2.9319004789160146
CE,2019,O860,W,317,3.7028384534516996
CE,2019,O868,W,55,0.6424483121130709
CE,2019,O900,W,8,0.09344702721644668
CE,2019,D62,hemorrhage,1,0.12106537530266344
CE,2019,O031,hemorrhage,87,10.532687651331718
CE,2019,O036,hemorrhage,13,1.5738498789346247
CE,2019,O041,hemorrhage,2,0.24213075060532688
CE,2019,O051,hemorrhage,1,0.12106537530266344
CE,2019,O056,hemorrhage,1,0.12106537530266344
CE,2019,O061,hemorrhage,5,0.6053268765133172
CE,2019,O066,hemorrhage,3,0.36319612590799033
CE,2019,O081,hemorrhage,6,0.7263922518159807
CE,2019,O441,hemorrhage,70,8.474576271186441
CE,2019,O450,hemorrhage,20,2.4213075060532687
CE,2019,O458,hemorrhage,125,15.13317191283293
CE,2019,O459,hemorrhage,380,46.00484261501211
CE,2019,O469,hemorrhage,12,1.4527845036319613
CE,2019,O694,hemorrhage,2,0.24213075060532688
CE,2019,O72,hemorrhage,6,0.7263922518159807
CE,2019,O720,hemorrhage,11,1.3317191283292977
CE,2019,O721,hemorrhage,47,5.690072639225182
CE,2019,O722,hemorrhage,34,4.116222760290557
CE,2019,O11,hypertension,9,0.12833309567945245
CE,2019,O140,hypertension,589,8.398688150577499
CE,2019,O141,hypertension,4609,65.72080422073293
CE,2019,O149,hypertension,1470,20.961072294310565
CE,2019,O15,hypertension,2,0.02851846570654499
CE,2019,O150,hypertension,258,3.6788820761443035
CE,2019,O151,hypertension,13,0.1853700270925424
CE,2019,O152,hypertension,30,0.42777698559817484
CE,2019,O159,hypertension,33,0.4705546841579923
CE,2020,A415,W,1,0.011457378551787351
CE,2020,A419,W,1,0.011457378551787351
CE,2020,K359,W,1,0.011457378551787351
CE,2020,O030,W,32,0.36663611365719523
CE,2020,O031,W,101,1.1571952337305225
CE,2020,O035,W,6,0.06874427131072411
CE,2020,O036,W,12,0.13748854262144822
CE,2020,O040,W,1,0.011457378551787351
CE,2020,O050,W,3,0.034372135655362054
CE,2020,O051,W,1,0.011457378551787351
CE,2020,O060,W,23,0.2635197066911091
CE,2020,O061,W,28,0.3208065994500458
CE,2020,O065,W,2,0.022914757103574702
CE,2020,O066,W,4,0.045829514207149404
CE,2020,O080,W,7,0.08020164986251145
CE,2020,O081,W,5,0.05728689275893675
CE,2020,O082,W,2,0.022914757103574702
CE,2020,O11,W,7,0.08020164986251145
CE,2020,O140,W,586,6.7140238313473874
CE,2020,O141,W,4789,54.869385884509626
CE,2020,O149,W,1536,17.598533455545372
CE,2020,O15,W,4,0.045829514207149404
CE,2020,O150,W,236,2.703941338221815
CE,2020,O151,W,10,0.1145737855178735
CE,2020,O152,W,31,0.3551787351054079
CE,2020,O159,W,18,0.20623281393217233
CE,2020,O411,W,14,0.1604032997250229
CE,2020,O441,W,63,0.7218148487626032
CE,2020,O450,W,29,0.33226397800183316
CE,2020,O458,W,125,1.4321723189734188
CE,2020,O459,W,328,3.758020164986251
CE,2020,O46,W,3,0.034372135655362054
CE,2020,O468,W,1,0.011457378551787351
CE,2020,O469,W,9,0.10311640696608616
CE,2020,O670,W,2,0.022914757103574702
CE,2020,O679,W,1,0.011457378551787351
CE,2020,O694,W,2,0.022914757103574702
CE,2020,O710,W,3,0.034372135655362054
CE,2020,O711,W,13,0.14894592117323557
CE,2020,O72,W,5,0.05728689275893675
CE,2020,O720,W,12,0.13748854262144822
CE,2020,O721,W,40,0.458295142071494
CE,2020,O722,W,35,0.4010082493125573
CE,2020,O85,W,196,2.2456461961503207
CE,2020,O86,W,3,0.034372135655362054
CE,2020,O860,W,337,3.861136571952337
CE,2020,O868,W,46,0.5270394133822182
CE,2020,O900,W,14,0.1604032997250229
CE,2020,O031,hemorrhage,101,12.531017369727047
CE,2020,O036,hemorrhage,12,1.488833746898263
CE,2020,O051,hemorrhage,1,0.12406947890818859
CE,2020,O061,hemorrhage,28,3.4739454094292803
CE,2020,O066,hemorrhage,4,0.49627791563275436
CE,2020,O081,hemorrhage,5,0.6203473945409429
CE,2020,O441,hemorrhage,63,7.816377171215881
CE,2020,O450,hemorrhage,29,3.598014888337469
CE,2020,O458,hemorrhage,125,15.508684863523573
CE,2020,O459,hemorrhage,328,40.69478908188586
CE,2020,O46,hemorrhage,3,0.37220843672456577
CE,2020,O468,hemorrhage,1,0.12406947890818859
CE,2020,O469,hemorrhage,9,1.1166253101736974
CE,2020,O670,hemorrhage,2,0.24813895781637718
CE,2020,O679,hemorrhage,1,0.12406947890818859
CE,2020,O694,hemorrhage,2,0.24813895781637718
CE,2020,O72,hemorrhage,5,0.6203473945409429
CE,2020,O720,hemorrhage,12,1.488833746898263
CE,2020,O721,hemorrhage,40,4.962779156327543
CE,2020,O722,hemorrhage,35,4.3424317617866
CE,2020,O11,hypertension,7,0.09699321047526673
CE,2020,O140,hypertension,586,8.119717334072329
CE,2020,O141,hypertension,4789,66.35721213800748
CE,2020,O149,hypertension,1536,21.283081612858528
CE,2020,O15,hypertension,4,0.05542469170015242
CE,2020,O150,hypertension,236,3.2700568103089926
CE,2020,O151,hypertension,10,0.13856172925038104
CE,2020,O152,hypertension,31,0.42954136067618126
CE,2020,O159,hypertension,18,0.24941111265068588
CE,2021,A419,W,2,0.02123818625889349
CE,2021,K359,W,1,0.010619093129446745
CE,2021,O030,W,55,0.584050122119571
CE,2021,O031,W,98,1.040671126685781
CE,2021,O035,W,15,0.15928639694170119
CE,2021,O036,W,9,0.09557183816502071
CE,2021,O050,W,6,0.06371455877668047
CE,2021,O051,W,1,0.010619093129446745
CE,2021,O055,W,1,0.010619093129446745
CE,2021,O056,W,1,0.010619093129446745
CE,2021,O060,W,15,0.15928639694170119
CE,2021,O061,W,22,0.2336200488478284
CE,2021,O066,W,2,0.02123818625889349
CE,2021,O080,W,10,0.10619093129446745
CE,2021,O081,W,3,0.03185727938834024
CE,2021,O082,W,2,0.02123818625889349
CE,2021,O083,W,1,0.010619093129446745
CE,2021,O11,W,14,0.14866730381225443
CE,2021,O140,W,709,7.528937028777742
CE,2021,O141,W,4985,52.93617925029203
CE,2021,O149,W,1868,19.83646596580652
CE,2021,O15,W,1,0.010619093129446745
CE,2021,O150,W,237,2.5167250716788785
CE,2021,O151,W,17,0.18052458320059467
CE,2021,O152,W,37,0.3929064457895296
CE,2021,O159,W,35,0.3716682595306361
CE,2021,O411,W,9,0.09557183816502071
CE,2021,O441,W,82,0.8707656366146331
CE,2021,O450,W,38,0.4035255389189763
CE,2021,O458,W,157,1.667197621323139
CE,2021,O459,W,298,3.16448975257513
CE,2021,O469,W,10,0.10619093129446745
CE,2021,O670,W,2,0.02123818625889349
CE,2021,O678,W,2,0.02123818625889349
CE,2021,O710,W,7,0.07433365190612722
CE,2021,O711,W,9,0.09557183816502071
CE,2021,O72,W,1,0.010619093129446745
CE,2021,O720,W,9,0.09557183816502071
CE,2021,O721,W,55,0.584050122119571
CE,2021,O722,W,30,0.31857279388340237
CE,2021,O85,W,210,2.2300095571838163
CE,2021,O86,W,3,0.03185727938834024
CE,2021,O860,W,277,2.9414887968567482
CE,2021,O868,W,51,0.5415737496017841
CE,2021,O883,W,2,0.02123818625889349
CE,2021,O900,W,18,0.19114367633004142
CE,2021,O031,hemorrhage,98,11.951219512195122
CE,2021,O036,hemorrhage,9,1.0975609756097562
CE,2021,O051,hemorrhage,1,0.12195121951219512
CE,2021,O056,hemorrhage,1,0.12195121951219512
CE,2021,O061,hemorrhage,22,2.682926829268293
CE,2021,O066,hemorrhage,2,0.24390243902439024
CE,2021,O081,hemorrhage,3,0.36585365853658536
CE,2021,O441,hemorrhage,82,10.0
CE,2021,O450,hemorrhage,38,4.634146341463414
CE,2021,O458,hemorrhage,157,19.146341463414632
CE,2021,O459,hemorrhage,298,36.34146341463415
CE,2021,O469,hemorrhage,10,1.2195121951219512
CE,2021,O670,hemorrhage,2,0.24390243902439024
CE,2021,O678,hemorrhage,2,0.24390243902439024
CE,2021,O72,hemorrhage,1,0.12195121951219512
CE,2021,O720,hemorrhage,9,1.0975609756097562
CE,2021,O721,hemorrhage,55,6.7073170731707314
CE,2021,O722,hemorrhage,30,3.658536585365854
CE,2021,O11,hypertension,14,0.1771479185119575
CE,2021,O140,hypertension,709,8.97127673035556
CE,2021,O141,hypertension,4985,63.07731241300772
CE,2021,O149,hypertension,1868,23.63659369859547
CE,2021,O15,hypertension,1,0.012653422750854106
CE,2021,O150,hypertension,237,2.998861191952423
CE,2021,O151,hypertension,17,0.21510818676451982
CE,2021,O152,hypertension,37,0.4681766417816019
CE,2021,O159,hypertension,35,0.4428697962798937
CE,2022,A41,W,1,0.0112145340361108
CE,2022,A410,W,1,0.0112145340361108
CE,2022,A419,W,4,0.0448581361444432
CE,2022,D62,W,1,0.0112145340361108
CE,2022,K359,W,1,0.0112145340361108
CE,2022,O030,W,54,0.6055848379499832
CE,2022,O031,W,91,1.0205225972860827
CE,2022,O035,W,20,0.224290680722216
CE,2022,O036,W,5,0.056072670180554
CE,2022,O041,W,1,0.0112145340361108
CE,2022,O046,W,1,0.0112145340361108
CE,2022,O050,W,7,0.0785017382527756
CE,2022,O051,W,2,0.0224290680722216
CE,2022,O056,W,1,0.0112145340361108
CE,2022,O060,W,40,0.448581361444432
CE,2022,O061,W,33,0.3700796231916564
CE,2022,O065,W,4,0.0448581361444432
CE,2022,O066,W,2,0.0224290680722216
CE,2022,O080,W,6,0.0672872042166648
CE,2022,O081,W,1,0.0112145340361108
CE,2022,O082,W,1,0.0112145340361108
CE,2022,O11,W,17,0.19064707861388358
CE,2022,O140,W,470,5.270830996972076
CE,2022,O141,W,4555,51.08220253448469
CE,2022,O149,W,2362,26.48872939329371
CE,2022,O15,W,1,0.0112145340361108
CE,2022,O150,W,120,1.345744084333296
CE,2022,O151,W,15,0.168218010541662
CE,2022,O152,W,40,0.448581361444432
CE,2022,O159,W,43,0.4822249635527644
CE,2022,O411,W,10,0.112145340361108
CE,2022,O441,W,55,0.616799371986094
CE,2022,O450,W,14,0.1570034765055512
CE,2022,O458,W,48,0.5382976337333184
CE,2022,O459,W,290,3.252214870472132
CE,2022,O468,W,1,0.0112145340361108
CE,2022,O469,W,4,0.0448581361444432
CE,2022,O670,W,2,0.0224290680722216
CE,2022,O710,W,3,0.0336436021083324
CE,2022,O711,W,9,0.1009308063249972
CE,2022,O72,W,2,0.0224290680722216
CE,2022,O720,W,11,0.1233598743972188
CE,2022,O721,W,60,0.672872042166648
CE,2022,O722,W,38,0.4261522933722104
CE,2022,O85,W,173,1.9401143882471683
CE,2022,O86,W,3,0.0336436021083324
CE,2022,O860,W,232,2.6017718963777057
CE,2022,O868,W,45,0.504654031624986
CE,2022,O883,W,1,0.0112145340361108
CE,2022,O900,W,16,0.1794325445777728
CE,2022,D62,hemorrhage,1,0.15082956259426847
CE,2022,O031,hemorrhage,91,13.72549019607843
CE,2022,O036,hemorrhage,5,0.7541478129713424
CE,2022,O041,hemorrhage,1,0.15082956259426847
CE,2022,O046,hemorrhage,1,0.15082956259426847
CE,2022,O051,hemorrhage,2,0.30165912518853694
CE,2022,O056,hemorrhage,1,0.15082956259426847
CE,2022,O061,hemorrhage,33,4.97737556561086
CE,2022,O066,hemorrhage,2,0.30165912518853694
CE,2022,O081,hemorrhage,1,0.15082956259426847
CE,2022,O441,hemorrhage,55,8.295625942684767
CE,2022,O450,hemorrhage,14,2.1116138763197587
CE,2022,O458,hemorrhage,48,7.239819004524887
CE,2022,O459,hemorrhage,290,43.74057315233786
CE,2022,O468,hemorrhage,1,0.15082956259426847
CE,2022,O469,hemorrhage,4,0.6033182503770739
CE,2022,O670,hemorrhage,2,0.30165912518853694
CE,2022,O72,hemorrhage,2,0.30165912518853694
CE,2022,O720,hemorrhage,11,1.6591251885369533
CE,2022,O721,hemorrhage,60,9.049773755656108
CE,2022,O722,hemorrhage,38,5.731523378582202
CE,2022,O11,hypertension,17,0.22300931391840484
CE,2022,O140,hypertension,470,6.165551620097075
CE,2022,O141,hypertension,4555,59.75337793519612
CE,2022,O149,hypertension,2362,30.985176439721894
CE,2022,O15,hypertension,1,0.013118194936376755
CE,2022,O150,hypertension,120,1.5741833923652107
CE,2022,O151,hypertension,15,0.19677292404565133
CE,2022,O152,hypertension,40,0.5247277974550701
CE,2022,O159,hypertension,43,0.5640823822642005
CE,2023,A410,W,1,0.011215791834903545
CE,2023,A412,W,1,0.011215791834903545
CE,2023,A418,W,1,0.011215791834903545
CE,2023,A419,W,3,0.033647375504710635
CE,2023,N710,W,1,0.011215791834903545
CE,2023,O030,W,42,0.47106325706594887
CE,2023,O031,W,49,0.5495737999102737
CE,2023,O035,W,8,0.08972633467922836
CE,2023,O036,W,6,0.06729475100942127
CE,2023,O040,W,3,0.033647375504710635
CE,2023,O041,W,1,0.011215791834903545
CE,2023,O046,W,1,0.011215791834903545
CE,2023,O050,W,4,0.04486316733961418
CE,2023,O051,W,6,0.06729475100942127
CE,2023,O055,W,2,0.02243158366980709
CE,2023,O060,W,60,0.6729475100942126
CE,2023,O061,W,16,0.17945266935845672
CE,2023,O065,W,1,0.011215791834903545
CE,2023,O066,W,5,0.056078959174517724
CE,2023,O080,W,8,0.08972633467922836
CE,2023,O081,W,3,0.033647375504710635
CE,2023,O082,W,2,0.02243158366980709
CE,2023,O083,W,2,0.02243158366980709
CE,2023,O11,W,31,0.34768954688200987
CE,2023,O140,W,500,5.607895917451772
CE,2023,O141,W,4413,49.49528936742934
CE,2023,O149,W,2347,26.32346343651862
CE,2023,O15,W,4,0.04486316733961418
CE,2023,O150,W,125,1.401973979362943
CE,2023,O151,W,13,0.14580529385374608
CE,2023,O152,W,115,1.2898160610139076
CE,2023,O159,W,42,0.47106325706594887
CE,2023,O411,W,9,0.1009421265141319
CE,2023,O441,W,81,0.9084791386271871
CE,2023,O450,W,18,0.2018842530282638
CE,2023,O458,W,21,0.23553162853297444
CE,2023,O459,W,265,2.9721848362494394
CE,2023,O46,W,1,0.011215791834903545
CE,2023,O469,W,7,0.07851054284432481
CE,2023,O670,W,3,0.033647375504710635
CE,2023,O678,W,1,0.011215791834903545
CE,2023,O710,W,2,0.02243158366980709
CE,2023,O711,W,15,0.16823687752355315
CE,2023,O72,W,3,0.033647375504710635
CE,2023,O720,W,12,0.13458950201884254
CE,2023,O721,W,66,0.7402422611036339
CE,2023,O722,W,40,0.4486316733961418
CE,2023,O85,W,221,2.478689995513683
CE,2023,O86,W,1,0.011215791834903545
CE,2023,O860,W,281,3.151637505607896
CE,2023,O868,W,35,0.392552714221624
CE,2023,O900,W,18,0.2018842530282638
CE,2023,O031,hemorrhage,49,8.099173553719009
CE,2023,O036,hemorrhage,6,0.9917355371900827
CE,2023,O041,hemorrhage,1,0.1652892561983471
CE,2023,O046,hemorrhage,1,0.1652892561983471
CE,2023,O051,hemorrhage,6,0.9917355371900827
CE,2023,O061,hemorrhage,16,2.644628099173554
CE,2023,O066,hemorrhage,5,0.8264462809917356
CE,2023,O081,hemorrhage,3,0.49586776859504134
CE,2023,O441,hemorrhage,81,13.388429752066116
CE,2023,O450,hemorrhage,18,2.975206611570248
CE,2023,O458,hemorrhage,21,3.4710743801652892
CE,2023,O459,hemorrhage,265,43.80165289256198
CE,2023,O46,hemorrhage,1,0.1652892561983471
CE,2023,O469,hemorrhage,7,1.1570247933884297
CE,2023,O670,hemorrhage,3,0.49586776859504134
CE,2023,O678,hemorrhage,1,0.1652892561983471
CE,2023,O72,hemorrhage,3,0.49586776859504134
CE,2023,O720,hemorrhage,12,1.9834710743801653
CE,2023,O721,hemorrhage,66,10.909090909090908
CE,2023,O722,hemorrhage,40,6.6115702479338845
CE,2023,O11,hypertension,31,0.40843214756258234
CE,2023,O140,hypertension,500,6.587615283267457
CE,2023,O141,hypertension,4413,58.14229249011858
CE,2023,O149,hypertension,2347,30.922266139657445
CE,2023,O15,hypertension,4,0.052700922266139656
CE,2023,O150,hypertension,125,1.6469038208168643
CE,2023,O151,hypertension,13,0.1712779973649539
CE,2023,O152,hypertension,115,1.5151515151515151
CE,2023,O159,hypertension,42,0.5533596837944664
CE,2024,A419,W,1,0.011968880909634948
CE,2024,K350,W,1,0.011968880909634948
CE,2024,K359,W,1,0.011968880909634948
CE,2024,N710,W,1,0.011968880909634948
CE,2024,O030,W,49,0.5864751645721125
CE,2024,O031,W,52,0.6223818073010173
CE,2024,O035,W,3,0.03590664272890485
CE,2024,O036,W,5,0.059844404548174746
CE,2024,O040,W,2,0.023937761819269897
CE,2024,O041,W,11,0.13165769000598443
CE,2024,O046,W,1,0.011968880909634948
CE,2024,O050,W,5,0.059844404548174746
CE,2024,O051,W,2,0.023937761819269897
CE,2024,O055,W,2,0.023937761819269897
CE,2024,O060,W,75,0.8976660682226212
CE,2024,O061,W,9,0.10771992818671454
CE,2024,O065,W,2,0.023937761819269897
CE,2024,O066,W,7,0.08378216636744465
CE,2024,O070,W,2,0.023937761819269897
CE,2024,O080,W,6,0.0718132854578097
CE,2024,O081,W,1,0.011968880909634948
CE,2024,O083,W,2,0.023937761819269897
CE,2024,O11,W,15,0.17953321364452424
CE,2024,O140,W,514,6.152004787552364
CE,2024,O141,W,3815,45.661280670257334
CE,2024,O149,W,2405,28.785158587672054
CE,2024,O15,W,3,0.03590664272890485
CE,2024,O150,W,128,1.5320167564332734
CE,2024,O151,W,12,0.1436265709156194
CE,2024,O152,W,108,1.2926391382405744
CE,2024,O159,W,46,0.5505685218432077
CE,2024,O411,W,7,0.08378216636744465
CE,2024,O441,W,70,0.8378216636744464
CE,2024,O450,W,8,0.09575104727707959
CE,2024,O458,W,28,0.3351286654697786
CE,2024,O459,W,246,2.9443447037701973
CE,2024,O46,W,2,0.023937761819269897
CE,2024,O468,W,1,0.011968880909634948
CE,2024,O469,W,9,0.10771992818671454
CE,2024,O670,W,2,0.023937761819269897
CE,2024,O678,W,2,0.023937761819269897
CE,2024,O679,W,1,0.011968880909634948
CE,2024,O710,W,3,0.03590664272890485
CE,2024,O711,W,24,0.2872531418312388
CE,2024,O72,W,7,0.08378216636744465
CE,2024,O720,W,12,0.1436265709156194
CE,2024,O721,W,50,0.5984440454817475
CE,2024,O722,W,28,0.3351286654697786
CE,2024,O85,W,210,2.5134649910233393
CE,2024,O86,W,1,0.011968880909634948
CE,2024,O860,W,302,3.6146020347097547
CE,2024,O868,W,46,0.5505685218432077
CE,2024,O900,W,10,0.11968880909634949
CE,2024,O031,hemorrhage,52,9.386281588447654
CE,2024,O036,hemorrhage,5,0.9025270758122743
CE,2024,O041,hemorrhage,11,1.9855595667870036
CE,2024,O046,hemorrhage,1,0.18050541516245489
CE,2024,O051,hemorrhage,2,0.36101083032490977
CE,2024,O061,hemorrhage,9,1.6245487364620939
CE,2024,O066,hemorrhage,7,1.263537906137184
CE,2024,O081,hemorrhage,1,0.18050541516245489
CE,2024,O441,hemorrhage,70,12.635379061371841
CE,2024,O450,hemorrhage,8,1.444043321299639
CE,2024,O458,hemorrhage,28,5.054151624548736
CE,2024,O459,hemorrhage,246,44.4043321299639
CE,2024,O46,hemorrhage,2,0.36101083032490977
CE,2024,O468,hemorrhage,1,0.18050541516245489
CE,2024,O469,hemorrhage,9,1.6245487364620939
CE,2024,O670,hemorrhage,2,0.36101083032490977
CE,2024,O678,hemorrhage,2,0.36101083032490977
CE,2024,O679,hemorrhage,1,0.18050541516245489
CE,2024,O72,hemorrhage,7,1.263537906137184
CE,2024,O720,hemorrhage,12,2.1660649819494586
CE,2024,O721,hemorrhage,50,9.025270758122744
CE,2024,O722,hemorrhage,28,5.054151624548736
CE,2024,O11,hypertension,15,0.21288674425205792
CE,2024,O140,hypertension,514,7.294919103037184
CE,2024,O141,hypertension,3815,54.14419528810673
CE,2024,O149,hypertension,2405,34.132841328413285
CE,2024,O15,hypertension,3,0.04257734885041158
CE,2024,O150,hypertension,128,1.8166335509508942
CE,2024,O151,hypertension,12,0.17030939540164633
CE,2024,O152,hypertension,108,1.532784558614817
CE,2024,O159,hypertension,46,0.6528526823729776
CE,2025,A419,W,3,0.03358710255261979
CE,2025,O030,W,76,0.8508732646663681
CE,2025,O031,W,40,0.4478280340349306
CE,2025,O035,W,6,0.06717420510523958
CE,2025,O036,W,10,0.11195700850873265
CE,2025,O040,W,4,0.04478280340349306
CE,2025,O041,W,2,0.02239140170174653
CE,2025,O046,W,1,0.011195700850873265
CE,2025,O050,W,5,0.055978504254366325
CE,2025,O051,W,6,0.06717420510523958
CE,2025,O055,W,1,0.011195700850873265
CE,2025,O056,W,1,0.011195700850873265
CE,2025,O060,W,96,1.0747872816838333
CE,2025,O061,W,6,0.06717420510523958
CE,2025,O065,W,2,0.02239140170174653
CE,2025,O066,W,5,0.055978504254366325
CE,2025,O070,W,1,0.011195700850873265
CE,2025,O080,W,4,0.04478280340349306
CE,2025,O081,W,3,0.03358710255261979
CE,2025,O082,W,4,0.04478280340349306
CE,2025,O11,W,44,0.49261083743842365
CE,2025,O140,W,701,7.848186296462159
CE,2025,O141,W,4099,45.89117778772951
CE,2025,O149,W,2359,26.41065830721003
CE,2025,O15,W,1,0.011195700850873265
CE,2025,O150,W,135,1.5114196148678907
CE,2025,O151,W,8,0.08956560680698612
CE,2025,O152,W,111,1.2427227944469323
CE,2025,O159,W,35,0.39184952978056425
CE,2025,O411,W,13,0.14554411106135243
CE,2025,O441,W,39,0.4366323331840573
CE,2025,O450,W,9,0.10076130765785939
CE,2025,O458,W,26,0.29108822212270485
CE,2025,O459,W,229,2.5638154948499774
CE,2025,O46,W,5,0.055978504254366325
CE,2025,O460,W,1,0.011195700850873265
CE,2025,O468,W,2,0.02239140170174653
CE,2025,O469,W,11,0.12315270935960591
CE,2025,O670,W,4,0.04478280340349306
CE,2025,O679,W,1,0.011195700850873265
CE,2025,O694,W,1,0.011195700850873265
CE,2025,O710,W,41,0.45902373488580384
CE,2025,O711,W,82,0.9180474697716077
CE,2025,O72,W,6,0.06717420510523958
CE,2025,O720,W,5,0.055978504254366325
CE,2025,O721,W,50,0.5597850425436632
CE,2025,O722,W,34,0.380653828929691
CE,2025,O85,W,209,2.3399014778325125
CE,2025,O86,W,2,0.02239140170174653
CE,2025,O860,W,316,3.5378414688759516
CE,2025,O868,W,65,0.7277205553067622
CE,2025,O900,W,12,0.13434841021047916
CE,2025,O031,hemorrhage,40,8.048289738430583
CE,2025,O036,hemorrhage,10,2.0120724346076457
CE,2025,O041,hemorrhage,2,0.4024144869215292
CE,2025,O046,hemorrhage,1,0.2012072434607646
CE,2025,O051,hemorrhage,6,1.2072434607645874
CE,2025,O056,hemorrhage,1,0.2012072434607646
CE,2025,O061,hemorrhage,6,1.2072434607645874
CE,2025,O066,hemorrhage,5,1.0060362173038229
CE,2025,O081,hemorrhage,3,0.6036217303822937
CE,2025,O441,hemorrhage,39,7.847082494969819
CE,2025,O450,hemorrhage,9,1.8108651911468814
CE,2025,O458,hemorrhage,26,5.231388329979879
CE,2025,O459,hemorrhage,229,46.07645875251509
CE,2025,O46,hemorrhage,5,1.0060362173038229
CE,2025,O460,hemorrhage,1,0.2012072434607646
CE,2025,O468,hemorrhage,2,0.4024144869215292
CE,2025,O469,hemorrhage,11,2.2132796780684103
CE,2025,O670,hemorrhage,4,0.8048289738430584
CE,2025,O679,hemorrhage,1,0.2012072434607646
CE,2025,O694,hemorrhage,1,0.2012072434607646
CE,2025,O72,hemorrhage,6,1.2072434607645874
CE,2025,O720,hemorrhage,5,1.0060362173038229
CE,2025,O721,hemorrhage,50,10.060362173038229
CE,2025,O722,hemorrhage,34,6.841046277665996
CE,2025,O11,hypertension,44,0.5872147337515013
CE,2025,O140,hypertension,701,9.355398371813692
CE,2025,O141,hypertension,4099,54.704390764713736
CE,2025,O149,hypertension,2359,31.48271720272254
CE,2025,O15,hypertension,1,0.013345789403443213
CE,2025,O150,hypertension,135,1.8016815694648338
CE,2025,O151,hypertension,8,0.1067663152275457
CE,2025,O152,hypertension,111,1.4813826237821968
CE,2025,O159,hypertension,35,0.4671026291205125
MA,2008,O030,W,89,3.2588795313072136
MA,2008,O031,W,32,1.171731966312706
MA,2008,O035,W,26,0.9520322226290736
MA,2008,O036,W,3,0.10984987184181619
MA,2008,O040,W,1,0.03661662394727206
MA,2008,O041,W,18,0.6590992310508971
MA,2008,O045,W,1,0.03661662394727206
MA,2008,O055,W,2,0.07323324789454412
MA,2008,O060,W,9,0.32954961552544854
MA,2008,O061,W,198,7.250091541559868
MA,2008,O065,W,2,0.07323324789454412
MA,2008,O080,W,1,0.03661662394727206
MA,2008,O081,W,1,0.03661662394727206
MA,2008,O083,W,4,0.14646649578908824
MA,2008,O11,W,14,0.5126327352618089
MA,2008,O140,W,445,16.294397656536066
MA,2008,O141,W,592,21.67704137678506
MA,2008,O149,W,77,2.8194800439399486
MA,2008,O150,W,89,3.2588795313072136
MA,2008,O151,W,45,1.6477480776272428
MA,2008,O152,W,4,0.14646649578908824
MA,2008,O159,W,8,0.2929329915781765
MA,2008,O441,W,52,1.9040644452581472
MA,2008,O450,W,131,4.79677773709264
MA,2008,O458,W,437,16.00146466495789
MA,2008,O459,W,120,4.393994873672647
MA,2008,O468,W,5,0.1830831197363603
MA,2008,O710,W,5,0.1830831197363603
MA,2008,O711,W,6,0.21969974368363238
MA,2008,O721,W,5,0.1830831197363603
MA,2008,O722,W,1,0.03661662394727206
MA,2008,O85,W,237,8.67813987550348
MA,2008,O860,W,53,1.9406810692054193
MA,2008,O868,W,18,0.6590992310508971
MA,2008,O031,hemorrhage,32,3.1904287138584246
MA,2008,O036,hemorrhage,3,0.29910269192422734
MA,2008,O041,hemorrhage,18,1.7946161515453638
MA,2008,O061,hemorrhage,198,19.740777666999
MA,2008,O081,hemorrhage,1,0.09970089730807577
MA,2008,O441,hemorrhage,52,5.18444666001994
MA,2008,O450,hemorrhage,131,13.060817547357926
MA,2008,O458,hemorrhage,437,43.56929212362911
MA,2008,O459,hemorrhage,120,11.964107676969093
MA,2008,O468,hemorrhage,5,0.4985044865403789
MA,2008,O721,hemorrhage,5,0.4985044865403789
MA,2008,O722,hemorrhage,1,0.09970089730807577
MA,2008,O11,hypertension,14,1.098901098901099
MA,2008,O140,hypertension,445,34.92935635792779
MA,2008,O141,hypertension,592,46.46781789638933
MA,2008,O149,hypertension,77,6.043956043956044
MA,2008,O150,hypertension,89,6.985871271585557
MA,2008,O151,hypertension,45,3.532182103610675
MA,2008,O152,hypertension,4,0.3139717425431711
MA,2008,O159,hypertension,8,0.6279434850863422
MA,2009,O030,W,8,0.34647033347769596
MA,2009,O031,W,22,0.9527934170636639
MA,2009,O035,W,4,0.17323516673884798
MA,2009,O036,W,2,0.08661758336942399
MA,2009,O040,W,3,0.12992637505413598
MA,2009,O041,W,15,0.6496318752706799
MA,2009,O051,W,2,0.08661758336942399
MA,2009,O055,W,1,0.043308791684711995
MA,2009,O060,W,9,0.389779125162408
MA,2009,O061,W,164,7.102641836292768
MA,2009,O066,W,7,0.303161541792984
MA,2009,O080,W,8,0.34647033347769596
MA,2009,O083,W,1,0.043308791684711995
MA,2009,O11,W,1,0.043308791684711995
MA,2009,O140,W,121,5.240363793850151
MA,2009,O141,W,490,21.221307925508878
MA,2009,O149,W,81,3.5080121264616717
MA,2009,O150,W,117,5.067128627111304
MA,2009,O151,W,69,2.988306626245128
MA,2009,O152,W,2,0.08661758336942399
MA,2009,O159,W,11,0.47639670853183197
MA,2009,O411,W,2,0.08661758336942399
MA,2009,O441,W,33,1.429190125595496
MA,2009,O450,W,39,1.6890428757037679
MA,2009,O458,W,560,24.252923343438717
MA,2009,O459,W,142,6.149848419229103
MA,2009,O469,W,1,0.043308791684711995
MA,2009,O710,W,1,0.043308791684711995
MA,2009,O720,W,2,0.08661758336942399
MA,2009,O721,W,13,0.563014291901256
MA,2009,O85,W,235,10.17756604590732
MA,2009,O860,W,90,3.8977912516240796
MA,2009,O868,W,49,2.122130792550888
MA,2009,O900,W,4,0.17323516673884798
MA,2009,O031,hemorrhage,22,2.1956087824351296
MA,2009,O036,hemorrhage,2,0.1996007984031936
MA,2009,O041,hemorrhage,15,1.4970059880239521
MA,2009,O051,hemorrhage,2,0.1996007984031936
MA,2009,O061,hemorrhage,164,16.367265469061877
MA,2009,O066,hemorrhage,7,0.6986027944111777
MA,2009,O441,hemorrhage,33,3.2934131736526946
MA,2009,O450,hemorrhage,39,3.8922155688622753
MA,2009,O458,hemorrhage,560,55.88822355289421
MA,2009,O459,hemorrhage,142,14.171656686626747
MA,2009,O469,hemorrhage,1,0.0998003992015968
MA,2009,O720,hemorrhage,2,0.1996007984031936
MA,2009,O721,hemorrhage,13,1.2974051896207586
MA,2009,O11,hypertension,1,0.11210762331838565
MA,2009,O140,hypertension,121,13.565022421524663
MA,2009,O141,hypertension,490,54.93273542600897
MA,2009,O149,hypertension,81,9.080717488789238
MA,2009,O150,hypertension,117,13.116591928251122
MA,2009,O151,hypertension,69,7.73542600896861
MA,2009,O152,hypertension,2,0.2242152466367713
MA,2009,O159,hypertension,11,1.2331838565022422
MA,2010,O030,W,8,0.3976143141153082
MA,2010,O031,W,112,5.566600397614314
MA,2010,O035,W,10,0.4970178926441352
MA,2010,O036,W,4,0.1988071570576541
MA,2010,O046,W,2,0.09940357852882704
MA,2010,O051,W,2,0.09940357852882704
MA,2010,O055,W,3,0.14910536779324055
MA,2010,O060,W,10,0.4970178926441352
MA,2010,O061,W,169,8.399602385685885
MA,2010,O065,W,1,0.04970178926441352
MA,2010,O066,W,13,0.6461232604373758
MA,2010,O080,W,1,0.04970178926441352
MA,2010,O081,W,9,0.44731610337972166
MA,2010,O083,W,1,0.04970178926441352
MA,2010,O11,W,5,0.2485089463220676
MA,2010,O140,W,132,6.560636182902584
MA,2010,O141,W,344,17.09741550695825
MA,2010,O149,W,110,5.467196819085487
MA,2010,O150,W,95,4.721669980119285
MA,2010,O151,W,50,2.485089463220676
MA,2010,O152,W,4,0.1988071570576541
MA,2010,O159,W,9,0.44731610337972166
MA,2010,O411,W,1,0.04970178926441352
MA,2010,O441,W,40,1.9880715705765408
MA,2010,O450,W,12,0.5964214711729622
MA,2010,O458,W,361,17.94234592445328
MA,2010,O459,W,187,9.294234592445328
MA,2010,O711,W,1,0.04970178926441352
MA,2010,O721,W,12,0.5964214711729622
MA,2010,O722,W,1,0.04970178926441352
MA,2010,O85,W,189,9.393638170974155
MA,2010,O860,W,77,3.827037773359841
MA,2010,O868,W,31,1.540755467196819
MA,2010,O900,W,6,0.2982107355864811
MA,2010,O031,hemorrhage,112,12.121212121212121
MA,2010,O036,hemorrhage,4,0.4329004329004329
MA,2010,O046,hemorrhage,2,0.21645021645021645
MA,2010,O051,hemorrhage,2,0.21645021645021645
MA,2010,O061,hemorrhage,169,18.29004329004329
MA,2010,O066,hemorrhage,13,1.406926406926407
MA,2010,O081,hemorrhage,9,0.974025974025974
MA,2010,O441,hemorrhage,40,4.329004329004329
MA,2010,O450,hemorrhage,12,1.2987012987012987
MA,2010,O458,hemorrhage,361,39.06926406926407
MA,2010,O459,hemorrhage,187,20.238095238095237
MA,2010,O721,hemorrhage,12,1.2987012987012987
MA,2010,O722,hemorrhage,1,0.10822510822510822
MA,2010,O11,hypertension,5,0.6675567423230975
MA,2010,O140,hypertension,132,17.623497997329775
MA,2010,O141,hypertension,344,45.9279038718291
MA,2010,O149,hypertension,110,14.686248331108144
MA,2010,O150,hypertension,95,12.683578104138851
MA,2010,O151,hypertension,50,6.675567423230975
MA,2010,O152,hypertension,4,0.5340453938584779
MA,2010,O159,hypertension,9,1.2016021361815754
MA,2011,O030,W,13,0.5861136158701533
MA,2011,O031,W,114,5.139765554553652
MA,2011,O035,W,14,0.6311992786293958
MA,2011,O036,W,22,0.9918845807033363
MA,2011,O041,W,20,0.9017132551848512
MA,2011,O046,W,3,0.13525698827772767
MA,2011,O050,W,6,0.27051397655545534
MA,2011,O051,W,13,0.5861136158701533
MA,2011,O055,W,6,0.27051397655545534
MA,2011,O056,W,1,0.04508566275924256
MA,2011,O060,W,14,0.6311992786293958
MA,2011,O061,W,157,7.078449053201082
MA,2011,O065,W,4,0.18034265103697025
MA,2011,O066,W,1,0.04508566275924256
MA,2011,O080,W,1,0.04508566275924256
MA,2011,O081,W,6,0.27051397655545534
MA,2011,O11,W,3,0.13525698827772767
MA,2011,O140,W,121,5.45536519386835
MA,2011,O141,W,329,14.833183047790802
MA,2011,O149,W,99,4.4634806131650135
MA,2011,O150,W,114,5.139765554553652
MA,2011,O151,W,35,1.5779981965734897
MA,2011,O152,W,5,0.2254283137962128
MA,2011,O159,W,10,0.4508566275924256
MA,2011,O411,W,2,0.09017132551848513
MA,2011,O441,W,37,1.6681695220919748
MA,2011,O450,W,45,2.0288548241659154
MA,2011,O458,W,443,19.972948602344456
MA,2011,O459,W,151,6.807935076645626
MA,2011,O460,W,1,0.04508566275924256
MA,2011,O468,W,1,0.04508566275924256
MA,2011,O710,W,2,0.09017132551848513
MA,2011,O711,W,1,0.04508566275924256
MA,2011,O721,W,4,0.18034265103697025
MA,2011,O85,W,237,10.685302073940488
MA,2011,O860,W,143,6.447249774571686
MA,2011,O868,W,36,1.6230838593327321
MA,2011,O900,W,4,0.18034265103697025
MA,2011,O031,hemorrhage,114,11.187438665358194
MA,2011,O036,hemorrhage,22,2.1589793915603535
MA,2011,O041,hemorrhage,20,1.9627085377821394
MA,2011,O046,hemorrhage,3,0.2944062806673209
MA,2011,O051,hemorrhage,13,1.2757605495583906
MA,2011,O056,hemorrhage,1,0.09813542688910697
MA,2011,O061,hemorrhage,157,15.407262021589794
MA,2011,O066,hemorrhage,1,0.09813542688910697
MA,2011,O081,hemorrhage,6,0.5888125613346418
MA,2011,O441,hemorrhage,37,3.631010794896958
MA,2011,O450,hemorrhage,45,4.416094210009813
MA,2011,O458,hemorrhage,443,43.47399411187439
MA,2011,O459,hemorrhage,151,14.818449460255152
MA,2011,O460,hemorrhage,1,0.09813542688910697
MA,2011,O468,hemorrhage,1,0.09813542688910697
MA,2011,O721,hemorrhage,4,0.39254170755642787
MA,2011,O11,hypertension,3,0.41899441340782123
MA,2011,O140,hypertension,121,16.899441340782122
MA,2011,O141,hypertension,329,45.94972067039106
MA,2011,O149,hypertension,99,13.8268156424581
MA,2011,O150,hypertension,114,15.921787709497206
MA,2011,O151,hypertension,35,4.888268156424581
MA,2011,O152,hypertension,5,0.6983240223463687
MA,2011,O159,hypertension,10,1.3966480446927374
MA,2012,O030,W,9,0.3643724696356275
MA,2012,O031,W,193,7.813765182186235
MA,2012,O035,W,12,0.48582995951417
MA,2012,O036,W,8,0.32388663967611336
MA,2012,O040,W,1,0.04048582995951417
MA,2012,O041,W,30,1.214574898785425
MA,2012,O051,W,7,0.2834008097165992
MA,2012,O055,W,5,0.20242914979757085
MA,2012,O060,W,20,0.8097165991902834
MA,2012,O061,W,129,5.222672064777328
MA,2012,O066,W,1,0.04048582995951417
MA,2012,O080,W,4,0.16194331983805668
MA,2012,O081,W,2,0.08097165991902834
MA,2012,O11,W,13,0.5263157894736842
MA,2012,O140,W,149,6.032388663967612
MA,2012,O141,W,356,14.412955465587045
MA,2012,O149,W,57,2.3076923076923075
MA,2012,O150,W,195,7.894736842105263
MA,2012,O151,W,34,1.3765182186234817
MA,2012,O152,W,25,1.0121457489878543
MA,2012,O159,W,11,0.44534412955465585
MA,2012,O411,W,2,0.08097165991902834
MA,2012,O441,W,20,0.8097165991902834
MA,2012,O450,W,27,1.0931174089068827
MA,2012,O458,W,511,20.68825910931174
MA,2012,O459,W,154,6.234817813765182
MA,2012,O710,W,1,0.04048582995951417
MA,2012,O711,W,3,0.1214574898785425
MA,2012,O720,W,1,0.04048582995951417
MA,2012,O721,W,6,0.242914979757085
MA,2012,O722,W,3,0.1214574898785425
MA,2012,O85,W,262,10.607287449392713
MA,2012,O860,W,153,6.194331983805668
MA,2012,O868,W,56,2.2672064777327936
MA,2012,O900,W,10,0.4048582995951417
MA,2012,O031,hemorrhage,193,17.673992673992675
MA,2012,O036,hemorrhage,8,0.7326007326007326
MA,2012,O041,hemorrhage,30,2.7472527472527473
MA,2012,O051,hemorrhage,7,0.6410256410256411
MA,2012,O061,hemorrhage,129,11.813186813186814
MA,2012,O066,hemorrhage,1,0.09157509157509157
MA,2012,O081,hemorrhage,2,0.18315018315018314
MA,2012,O441,hemorrhage,20,1.8315018315018314
MA,2012,O450,hemorrhage,27,2.4725274725274726
MA,2012,O458,hemorrhage,511,46.794871794871796
MA,2012,O459,hemorrhage,154,14.102564102564102
MA,2012,O720,hemorrhage,1,0.09157509157509157
MA,2012,O721,hemorrhage,6,0.5494505494505495
MA,2012,O722,hemorrhage,3,0.27472527472527475
MA,2012,O11,hypertension,13,1.5476190476190477
MA,2012,O140,hypertension,149,17.738095238095237
MA,2012,O141,hypertension,356,42.38095238095238
MA,2012,O149,hypertension,57,6.785714285714286
MA,2012,O150,hypertension,195,23.214285714285715
MA,2012,O151,hypertension,34,4.0476190476190474
MA,2012,O152,hypertension,25,2.9761904761904763
MA,2012,O159,hypertension,11,1.3095238095238095
MA,2013,O030,W,17,0.8095238095238095
MA,2013,O031,W,160,7.619047619047619
MA,2013,O035,W,11,0.5238095238095238
MA,2013,O036,W,16,0.7619047619047619
MA,2013,O040,W,2,0.09523809523809523
MA,2013,O041,W,25,1.1904761904761905
MA,2013,O050,W,1,0.047619047619047616
MA,2013,O051,W,4,0.19047619047619047
MA,2013,O060,W,11,0.5238095238095238
MA,2013,O061,W,69,3.2857142857142856
MA,2013,O065,W,1,0.047619047619047616
MA,2013,O066,W,2,0.09523809523809523
MA,2013,O081,W,2,0.09523809523809523
MA,2013,O083,W,1,0.047619047619047616
MA,2013,O11,W,5,0.23809523809523808
MA,2013,O140,W,114,5.428571428571429
MA,2013,O141,W,411,19.571428571428573
MA,2013,O149,W,173,8.238095238095237
MA,2013,O150,W,385,18.333333333333332
MA,2013,O151,W,38,1.8095238095238095
MA,2013,O152,W,15,0.7142857142857143
MA,2013,O159,W,11,0.5238095238095238
MA,2013,O441,W,22,1.0476190476190477
MA,2013,O450,W,29,1.380952380952381
MA,2013,O458,W,20,0.9523809523809523
MA,2013,O459,W,45,2.142857142857143
MA,2013,O469,W,1,0.047619047619047616
MA,2013,O710,W,1,0.047619047619047616
MA,2013,O711,W,1,0.047619047619047616
MA,2013,O720,W,2,0.09523809523809523
MA,2013,O721,W,15,0.7142857142857143
MA,2013,O722,W,4,0.19047619047619047
MA,2013,O85,W,286,13.619047619047619
MA,2013,O860,W,157,7.476190476190476
MA,2013,O868,W,38,1.8095238095238095
MA,2013,O900,W,5,0.23809523809523808
MA,2013,O031,hemorrhage,160,38.46153846153846
MA,2013,O036,hemorrhage,16,3.8461538461538463
MA,2013,O041,hemorrhage,25,6.009615384615385
MA,2013,O051,hemorrhage,4,0.9615384615384616
MA,2013,O061,hemorrhage,69,16.58653846153846
MA,2013,O066,hemorrhage,2,0.4807692307692308
MA,2013,O081,hemorrhage,2,0.4807692307692308
MA,2013,O441,hemorrhage,22,5.288461538461538
MA,2013,O450,hemorrhage,29,6.971153846153846
MA,2013,O458,hemorrhage,20,4.8076923076923075
MA,2013,O459,hemorrhage,45,10.817307692307692
MA,2013,O469,hemorrhage,1,0.2403846153846154
MA,2013,O720,hemorrhage,2,0.4807692307692308
MA,2013,O721,hemorrhage,15,3.605769230769231
MA,2013,O722,hemorrhage,4,0.9615384615384616
MA,2013,O11,hypertension,5,0.4340277777777778
MA,2013,O140,hypertension,114,9.895833333333334
MA,2013,O141,hypertension,411,35.677083333333336
MA,2013,O149,hypertension,173,15.01736111111111
MA,2013,O150,hypertension,385,33.420138888888886
MA,2013,O151,hypertension,38,3.298611111111111
MA,2013,O152,hypertension,15,1.3020833333333333
MA,2013,O159,hypertension,11,0.9548611111111112
MA,2014,O030,W,295,12.001627339300244
MA,2014,O031,W,110,4.475183075671278
MA,2014,O035,W,9,0.3661513425549227
MA,2014,O036,W,6,0.24410089503661514
MA,2014,O041,W,4,0.16273393002441008
MA,2014,O045,W,1,0.04068348250610252
MA,2014,O050,W,1,0.04068348250610252
MA,2014,O055,W,2,0.08136696501220504
MA,2014,O060,W,23,0.935720097640358
MA,2014,O061,W,29,1.1798209926769732
MA,2014,O065,W,2,0.08136696501220504
MA,2014,O066,W,2,0.08136696501220504
MA,2014,O081,W,3,0.12205044751830757
MA,2014,O11,W,12,0.4882017900732303
MA,2014,O140,W,116,4.719283970707893
MA,2014,O141,W,353,14.36126932465419
MA,2014,O149,W,225,9.153783563873068
MA,2014,O150,W,469,19.080553295362083
MA,2014,O151,W,28,1.1391375101708707
MA,2014,O152,W,24,0.9764035801464606
MA,2014,O159,W,9,0.3661513425549227
MA,2014,O411,W,3,0.12205044751830757
MA,2014,O441,W,23,0.935720097640358
MA,2014,O450,W,68,2.7664768104149715
MA,2014,O458,W,23,0.935720097640358
MA,2014,O459,W,91,3.7021969080553294
MA,2014,O469,W,1,0.04068348250610252
MA,2014,O710,W,2,0.08136696501220504
MA,2014,O720,W,1,0.04068348250610252
MA,2014,O721,W,9,0.3661513425549227
MA,2014,O722,W,3,0.12205044751830757
MA,2014,O85,W,245,9.967453213995118
MA,2014,O860,W,212,8.624898291293734
MA,2014,O868,W,40,1.627339300244101
MA,2014,O900,W,14,0.5695687550854354
MA,2014,O031,hemorrhage,110,29.490616621983914
MA,2014,O036,hemorrhage,6,1.6085790884718498
MA,2014,O041,hemorrhage,4,1.0723860589812333
MA,2014,O061,hemorrhage,29,7.774798927613941
MA,2014,O066,hemorrhage,2,0.5361930294906166
MA,2014,O081,hemorrhage,3,0.8042895442359249
MA,2014,O441,hemorrhage,23,6.166219839142091
MA,2014,O450,hemorrhage,68,18.230563002680967
MA,2014,O458,hemorrhage,23,6.166219839142091
MA,2014,O459,hemorrhage,91,24.396782841823057
MA,2014,O469,hemorrhage,1,0.2680965147453083
MA,2014,O720,hemorrhage,1,0.2680965147453083
MA,2014,O721,hemorrhage,9,2.4128686327077746
MA,2014,O722,hemorrhage,3,0.8042895442359249
MA,2014,O11,hypertension,12,0.970873786407767
MA,2014,O140,hypertension,116,9.385113268608414
MA,2014,O141,hypertension,353,28.55987055016181
MA,2014,O149,hypertension,225,18.203883495145632
MA,2014,O150,hypertension,469,37.944983818770226
MA,2014,O151,hypertension,28,2.26537216828479
MA,2014,O152,hypertension,24,1.941747572815534
MA,2014,O159,hypertension,9,0.7281553398058253
MA,2015,A021,W,1,0.042265426880811495
MA,2015,O030,W,190,8.030431107354184
MA,2015,O031,W,76,3.212172442941674
MA,2015,O035,W,13,0.5494505494505495
MA,2015,O036,W,12,0.5071851225697379
MA,2015,O041,W,41,1.7328825021132714
MA,2015,O045,W,1,0.042265426880811495
MA,2015,O050,W,7,0.2958579881656805
MA,2015,O051,W,1,0.042265426880811495
MA,2015,O056,W,3,0.12679628064243448
MA,2015,O060,W,51,2.1555367709213864
MA,2015,O061,W,26,1.098901098901099
MA,2015,O065,W,3,0.12679628064243448
MA,2015,O066,W,2,0.08453085376162299
MA,2015,O070,W,1,0.042265426880811495
MA,2015,O080,W,13,0.5494505494505495
MA,2015,O082,W,9,0.3803888419273035
MA,2015,O11,W,4,0.16906170752324598
MA,2015,O140,W,145,6.128486897717667
MA,2015,O141,W,334,14.11665257819104
MA,2015,O149,W,214,9.04480135249366
MA,2015,O150,W,456,19.273034657650044
MA,2015,O151,W,25,1.0566356720202874
MA,2015,O152,W,17,0.7185122569737954
MA,2015,O159,W,17,0.7185122569737954
MA,2015,O441,W,24,1.0143702451394758
MA,2015,O450,W,88,3.7193575655114115
MA,2015,O458,W,10,0.42265426880811496
MA,2015,O459,W,56,2.366863905325444
MA,2015,O460,W,2,0.08453085376162299
MA,2015,O469,W,5,0.21132713440405748
MA,2015,O670,W,1,0.042265426880811495
MA,2015,O710,W,1,0.042265426880811495
MA,2015,O711,W,1,0.042265426880811495
MA,2015,O720,W,1,0.042265426880811495
MA,2015,O721,W,5,0.21132713440405748
MA,2015,O722,W,5,0.21132713440405748
MA,2015,O85,W,284,12.003381234150465
MA,2015,O860,W,194,8.19949281487743
MA,2015,O868,W,15,0.6339814032121724
MA,2015,O900,W,12,0.5071851225697379
MA,2015,O031,hemorrhage,76,21.22905027932961
MA,2015,O036,hemorrhage,12,3.35195530726257
MA,2015,O041,hemorrhage,41,11.452513966480447
MA,2015,O051,hemorrhage,1,0.27932960893854747
MA,2015,O056,hemorrhage,3,0.8379888268156425
MA,2015,O061,hemorrhage,26,7.262569832402234
MA,2015,O066,hemorrhage,2,0.5586592178770949
MA,2015,O441,hemorrhage,24,6.70391061452514
MA,2015,O450,hemorrhage,88,24.58100558659218
MA,2015,O458,hemorrhage,10,2.793296089385475
MA,2015,O459,hemorrhage,56,15.64245810055866
MA,2015,O460,hemorrhage,2,0.5586592178770949
MA,2015,O469,hemorrhage,5,1.3966480446927374
MA,2015,O670,hemorrhage,1,0.27932960893854747
MA,2015,O720,hemorrhage,1,0.27932960893854747
MA,2015,O721,hemorrhage,5,1.3966480446927374
MA,2015,O722,hemorrhage,5,1.3966480446927374
MA,2015,O11,hypertension,4,0.33003300330033003
MA,2015,O140,hypertension,145,11.963696369636963
MA,2015,O141,hypertension,334,27.557755775577558
MA,2015,O149,hypertension,214,17.656765676567655
MA,2015,O150,hypertension,456,37.62376237623762
MA,2015,O151,hypertension,25,2.062706270627063
MA,2015,O152,hypertension,17,1.4026402640264026
MA,2015,O159,hypertension,17,1.4026402640264026
MA,2016,N700,W,1,0.03944773175542406
MA,2016,N709,W,2,0.07889546351084813
MA,2016,O030,W,280,11.045364891518737
MA,2016,O031,W,76,2.998027613412229
MA,2016,O035,W,7,0.27613412228796846
MA,2016,O036,W,6,0.23668639053254437
MA,2016,O040,W,2,0.07889546351084813
MA,2016,O041,W,50,1.9723865877712032
MA,2016,O045,W,1,0.03944773175542406
MA,2016,O046,W,2,0.07889546351084813
MA,2016,O050,W,5,0.19723865877712032
MA,2016,O056,W,1,0.03944773175542406
MA,2016,O060,W,83,3.274161735700197
MA,2016,O061,W,15,0.591715976331361
MA,2016,O066,W,1,0.03944773175542406
MA,2016,O080,W,16,0.631163708086785
MA,2016,O081,W,4,0.15779092702169625
MA,2016,O082,W,2,0.07889546351084813
MA,2016,O083,W,1,0.03944773175542406
MA,2016,O11,W,1,0.03944773175542406
MA,2016,O140,W,128,5.04930966469428
MA,2016,O141,W,349,13.767258382642998
MA,2016,O149,W,172,6.785009861932939
MA,2016,O150,W,639,25.207100591715978
MA,2016,O151,W,21,0.8284023668639053
MA,2016,O152,W,27,1.0650887573964498
MA,2016,O159,W,10,0.39447731755424065
MA,2016,O411,W,1,0.03944773175542406
MA,2016,O441,W,24,0.9467455621301775
MA,2016,O450,W,49,1.9329388560157792
MA,2016,O458,W,30,1.183431952662722
MA,2016,O459,W,40,1.5779092702169626
MA,2016,O460,W,4,0.15779092702169625
MA,2016,O469,W,5,0.19723865877712032
MA,2016,O710,W,2,0.07889546351084813
MA,2016,O720,W,2,0.07889546351084813
MA,2016,O721,W,4,0.15779092702169625
MA,2016,O722,W,10,0.39447731755424065
MA,2016,O753,W,1,0.03944773175542406
MA,2016,O85,W,210,8.284023668639053
MA,2016,O860,W,229,9.033530571992111
MA,2016,O868,W,20,0.7889546351084813
MA,2016,O900,W,2,0.07889546351084813
MA,2016,O031,hemorrhage,76,23.529411764705884
MA,2016,O036,hemorrhage,6,1.8575851393188854
MA,2016,O041,hemorrhage,50,15.479876160990711
MA,2016,O046,hemorrhage,2,0.6191950464396285
MA,2016,O056,hemorrhage,1,0.30959752321981426
MA,2016,O061,hemorrhage,15,4.643962848297214
MA,2016,O066,hemorrhage,1,0.30959752321981426
MA,2016,O081,hemorrhage,4,1.238390092879257
MA,2016,O441,hemorrhage,24,7.430340557275541
MA,2016,O450,hemorrhage,49,15.170278637770897
MA,2016,O458,hemorrhage,30,9.287925696594428
MA,2016,O459,hemorrhage,40,12.38390092879257
MA,2016,O460,hemorrhage,4,1.238390092879257
MA,2016,O469,hemorrhage,5,1.5479876160990713
MA,2016,O720,hemorrhage,2,0.6191950464396285
MA,2016,O721,hemorrhage,4,1.238390092879257
MA,2016,O722,hemorrhage,10,3.0959752321981426
MA,2016,O11,hypertension,1,0.07423904974016332
MA,2016,O140,hypertension,128,9.502598366740905
MA,2016,O141,hypertension,349,25.909428359317
MA,2016,O149,hypertension,172,12.769116555308091
MA,2016,O150,hypertension,639,47.43875278396437
MA,2016,O151,hypertension,21,1.55902004454343
MA,2016,O152,hypertension,27,2.0044543429844097
MA,2016,O159,hypertension,10,0.7423904974016332
MA,2017,O030,W,388,13.27857631759069
MA,2017,O031,W,134,4.58590006844627
MA,2017,O035,W,5,0.17111567419575632
MA,2017,O036,W,7,0.23956194387405885
MA,2017,O041,W,52,1.7796030116358659
MA,2017,O046,W,1,0.034223134839151265
MA,2017,O050,W,5,0.17111567419575632
MA,2017,O051,W,1,0.034223134839151265
MA,2017,O060,W,17,0.5817932922655715
MA,2017,O061,W,13,0.44490075290896647
MA,2017,O065,W,1,0.034223134839151265
MA,2017,O066,W,1,0.034223134839151265
MA,2017,O070,W,1,0.034223134839151265
MA,2017,O080,W,13,0.44490075290896647
MA,2017,O081,W,4,0.13689253935660506
MA,2017,O082,W,6,0.2053388090349076
MA,2017,O11,W,2,0.06844626967830253
MA,2017,O140,W,123,4.209445585215605
MA,2017,O141,W,458,15.67419575633128
MA,2017,O149,W,327,11.190965092402465
MA,2017,O150,W,513,17.5564681724846
MA,2017,O151,W,87,2.97741273100616
MA,2017,O152,W,26,0.8898015058179329
MA,2017,O159,W,10,0.34223134839151265
MA,2017,O411,W,3,0.1026694045174538
MA,2017,O441,W,42,1.4373716632443532
MA,2017,O450,W,41,1.4031485284052019
MA,2017,O458,W,13,0.44490075290896647
MA,2017,O459,W,62,2.1218343600273784
MA,2017,O468,W,1,0.034223134839151265
MA,2017,O469,W,4,0.13689253935660506
MA,2017,O670,W,1,0.034223134839151265
MA,2017,O710,W,1,0.034223134839151265
MA,2017,O711,W,2,0.06844626967830253
MA,2017,O721,W,5,0.17111567419575632
MA,2017,O722,W,7,0.23956194387405885
MA,2017,O85,W,270,9.240246406570842
MA,2017,O860,W,235,8.042436687200547
MA,2017,O868,W,36,1.2320328542094456
MA,2017,O883,W,1,0.034223134839151265
MA,2017,O900,W,3,0.1026694045174538
MA,2017,O031,hemorrhage,134,34.447300771208226
MA,2017,O036,hemorrhage,7,1.7994858611825193
MA,2017,O041,hemorrhage,52,13.367609254498715
MA,2017,O046,hemorrhage,1,0.2570694087403599
MA,2017,O051,hemorrhage,1,0.2570694087403599
MA,2017,O061,hemorrhage,13,3.341902313624679
MA,2017,O066,hemorrhage,1,0.2570694087403599
MA,2017,O081,hemorrhage,4,1.0282776349614395
MA,2017,O441,hemorrhage,42,10.796915167095115
MA,2017,O450,hemorrhage,41,10.539845758354756
MA,2017,O458,hemorrhage,13,3.341902313624679
MA,2017,O459,hemorrhage,62,15.938303341902314
MA,2017,O468,hemorrhage,1,0.2570694087403599
MA,2017,O469,hemorrhage,4,1.0282776349614395
MA,2017,O670,hemorrhage,1,0.2570694087403599
MA,2017,O721,hemorrhage,5,1.2853470437017995
MA,2017,O722,hemorrhage,7,1.7994858611825193
MA,2017,O11,hypertension,2,0.129366106080207
MA,2017,O140,hypertension,123,7.95601552393273
MA,2017,O141,hypertension,458,29.6248382923674
MA,2017,O149,hypertension,327,21.15135834411384
MA,2017,O150,hypertension,513,33.182406209573095
MA,2017,O151,hypertension,87,5.627425614489004
MA,2017,O152,hypertension,26,1.6817593790426908
MA,2017,O159,hypertension,10,0.6468305304010349
MA,2018,A021,W,3,0.09752925877763328
MA,2018,A419,W,1,0.032509752925877766
MA,2018,D62,W,1,0.032509752925877766
MA,2018,K359,W,1,0.032509752925877766
MA,2018,N700,W,1,0.032509752925877766
MA,2018,N709,W,3,0.09752925877763328
MA,2018,O030,W,491,15.962288686605982
MA,2018,O031,W,110,3.576072821846554
MA,2018,O035,W,10,0.3250975292587776
MA,2018,O036,W,20,0.6501950585175552
MA,2018,O040,W,1,0.032509752925877766
MA,2018,O041,W,2,0.06501950585175553
MA,2018,O050,W,5,0.1625487646293888
MA,2018,O051,W,2,0.06501950585175553
MA,2018,O055,W,1,0.032509752925877766
MA,2018,O060,W,9,0.2925877763328999
MA,2018,O061,W,8,0.26007802340702213
MA,2018,O065,W,3,0.09752925877763328
MA,2018,O066,W,3,0.09752925877763328
MA,2018,O080,W,13,0.4226267880364109
MA,2018,O081,W,4,0.13003901170351106
MA,2018,O083,W,1,0.032509752925877766
MA,2018,O11,W,7,0.22756827048114434
MA,2018,O140,W,172,5.591677503250975
MA,2018,O141,W,434,14.10923276983095
MA,2018,O149,W,344,11.18335500650195
MA,2018,O150,W,391,12.711313394018205
MA,2018,O151,W,178,5.7867360208062415
MA,2018,O152,W,29,0.9427828348504551
MA,2018,O159,W,10,0.3250975292587776
MA,2018,O411,W,3,0.09752925877763328
MA,2018,O441,W,23,0.7477243172951885
MA,2018,O450,W,47,1.5279583875162548
MA,2018,O458,W,25,0.812743823146944
MA,2018,O459,W,91,2.9583875162548763
MA,2018,O469,W,5,0.1625487646293888
MA,2018,O670,W,2,0.06501950585175553
MA,2018,O694,W,1,0.032509752925877766
MA,2018,O710,W,1,0.032509752925877766
MA,2018,O711,W,3,0.09752925877763328
MA,2018,O720,W,2,0.06501950585175553
MA,2018,O721,W,14,0.45513654096228867
MA,2018,O722,W,12,0.39011703511053314
MA,2018,O85,W,270,8.777633289986996
MA,2018,O860,W,287,9.330299089726918
MA,2018,O868,W,26,0.8452535760728218
MA,2018,O900,W,6,0.19505851755526657
MA,2018,D62,hemorrhage,1,0.26881720430107525
MA,2018,O031,hemorrhage,110,29.56989247311828
MA,2018,O036,hemorrhage,20,5.376344086021505
MA,2018,O041,hemorrhage,2,0.5376344086021505
MA,2018,O051,hemorrhage,2,0.5376344086021505
MA,2018,O061,hemorrhage,8,2.150537634408602
MA,2018,O066,hemorrhage,3,0.8064516129032258
MA,2018,O081,hemorrhage,4,1.075268817204301
MA,2018,O441,hemorrhage,23,6.182795698924731
MA,2018,O450,hemorrhage,47,12.634408602150538
MA,2018,O458,hemorrhage,25,6.720430107526882
MA,2018,O459,hemorrhage,91,24.462365591397848
MA,2018,O469,hemorrhage,5,1.3440860215053763
MA,2018,O670,hemorrhage,2,0.5376344086021505
MA,2018,O694,hemorrhage,1,0.26881720430107525
MA,2018,O720,hemorrhage,2,0.5376344086021505
MA,2018,O721,hemorrhage,14,3.763440860215054
MA,2018,O722,hemorrhage,12,3.225806451612903
MA,2018,O11,hypertension,7,0.4472843450479233
MA,2018,O140,hypertension,172,10.99041533546326
MA,2018,O141,hypertension,434,27.731629392971247
MA,2018,O149,hypertension,344,21.98083067092652
MA,2018,O150,hypertension,391,24.984025559105433
MA,2018,O151,hypertension,178,11.373801916932907
MA,2018,O152,hypertension,29,1.8530351437699681
MA,2018,O159,hypertension,10,0.6389776357827476
MA,2019,D62,W,2,0.0572573718866304
MA,2019,N710,W,1,0.0286286859433152
MA,2019,O030,W,522,14.944174062410536
MA,2019,O031,W,70,2.004008016032064
MA,2019,O035,W,6,0.1717721156598912
MA,2019,O036,W,1,0.0286286859433152
MA,2019,O041,W,2,0.0572573718866304
MA,2019,O050,W,2,0.0572573718866304
MA,2019,O055,W,1,0.0286286859433152
MA,2019,O060,W,16,0.4580589750930432
MA,2019,O061,W,10,0.286286859433152
MA,2019,O065,W,5,0.143143429716576
MA,2019,O080,W,18,0.5153163469796737
MA,2019,O081,W,3,0.0858860578299456
MA,2019,O082,W,2,0.0572573718866304
MA,2019,O083,W,1,0.0286286859433152
MA,2019,O11,W,5,0.143143429716576
MA,2019,O140,W,190,5.439450329229889
MA,2019,O141,W,424,12.138562839965646
MA,2019,O149,W,458,13.111938162038362
MA,2019,O15,W,4,0.1145147437732608
MA,2019,O150,W,541,15.488119095333523
MA,2019,O151,W,251,7.185800171772116
MA,2019,O152,W,25,0.71571714858288
MA,2019,O159,W,12,0.3435442313197824
MA,2019,O411,W,4,0.1145147437732608
MA,2019,O441,W,28,0.8016032064128257
MA,2019,O450,W,16,0.4580589750930432
MA,2019,O458,W,7,0.20040080160320642
MA,2019,O459,W,120,3.4354423131978242
MA,2019,O469,W,4,0.1145147437732608
MA,2019,O711,W,4,0.1145147437732608
MA,2019,O72,W,1,0.0286286859433152
MA,2019,O720,W,2,0.0572573718866304
MA,2019,O721,W,8,0.2290294875465216
MA,2019,O722,W,5,0.143143429716576
MA,2019,O85,W,372,10.649871170913254
MA,2019,O86,W,7,0.20040080160320642
MA,2019,O860,W,306,8.760377898654452
MA,2019,O868,W,29,0.8302318923561408
MA,2019,O900,W,8,0.2290294875465216
MA,2019,D62,hemorrhage,2,0.7168458781362007
MA,2019,O031,hemorrhage,70,25.089605734767026
MA,2019,O036,hemorrhage,1,0.35842293906810035
MA,2019,O041,hemorrhage,2,0.7168458781362007
MA,2019,O061,hemorrhage,10,3.5842293906810037
MA,2019,O081,hemorrhage,3,1.075268817204301
MA,2019,O441,hemorrhage,28,10.03584229390681
MA,2019,O450,hemorrhage,16,5.734767025089606
MA,2019,O458,hemorrhage,7,2.5089605734767026
MA,2019,O459,hemorrhage,120,43.01075268817204
MA,2019,O469,hemorrhage,4,1.4336917562724014
MA,2019,O72,hemorrhage,1,0.35842293906810035
MA,2019,O720,hemorrhage,2,0.7168458781362007
MA,2019,O721,hemorrhage,8,2.867383512544803
MA,2019,O722,hemorrhage,5,1.7921146953405018
MA,2019,O11,hypertension,5,0.2617801047120419
MA,2019,O140,hypertension,190,9.947643979057592
MA,2019,O141,hypertension,424,22.198952879581153
MA,2019,O149,hypertension,458,23.979057591623036
MA,2019,O15,hypertension,4,0.2094240837696335
MA,2019,O150,hypertension,541,28.32460732984293
MA,2019,O151,hypertension,251,13.141361256544503
MA,2019,O152,hypertension,25,1.3089005235602094
MA,2019,O159,hypertension,12,0.6282722513089005
MA,2020,D62,W,1,0.03506311360448808
MA,2020,N710,W,1,0.03506311360448808
MA,2020,O030,W,413,14.481065918653577
MA,2020,O031,W,90,3.1556802244039273
MA,2020,O035,W,12,0.42075736325385693
MA,2020,O036,W,16,0.5610098176718092
MA,2020,O040,W,1,0.03506311360448808
MA,2020,O041,W,4,0.1402524544179523
MA,2020,O051,W,1,0.03506311360448808
MA,2020,O055,W,1,0.03506311360448808
MA,2020,O060,W,16,0.5610098176718092
MA,2020,O061,W,19,0.6661991584852734
MA,2020,O065,W,7,0.24544179523141654
MA,2020,O066,W,2,0.07012622720897616
MA,2020,O080,W,8,0.2805049088359046
MA,2020,O081,W,5,0.1753155680224404
MA,2020,O082,W,5,0.1753155680224404
MA,2020,O11,W,4,0.1402524544179523
MA,2020,O140,W,190,6.661991584852735
MA,2020,O141,W,373,13.078541374474053
MA,2020,O149,W,446,15.638148667601683
MA,2020,O15,W,18,0.6311360448807855
MA,2020,O150,W,341,11.956521739130435
MA,2020,O151,W,159,5.575035063113605
MA,2020,O152,W,17,0.5960729312762973
MA,2020,O159,W,9,0.3155680224403927
MA,2020,O411,W,3,0.10518934081346423
MA,2020,O441,W,29,1.0168302945301544
MA,2020,O450,W,19,0.6661991584852734
MA,2020,O458,W,10,0.3506311360448808
MA,2020,O459,W,99,3.4712482468443198
MA,2020,O46,W,2,0.07012622720897616
MA,2020,O468,W,1,0.03506311360448808
MA,2020,O469,W,6,0.21037868162692847
MA,2020,O694,W,1,0.03506311360448808
MA,2020,O710,W,1,0.03506311360448808
MA,2020,O72,W,4,0.1402524544179523
MA,2020,O720,W,2,0.07012622720897616
MA,2020,O721,W,13,0.45582047685834504
MA,2020,O722,W,13,0.45582047685834504
MA,2020,O85,W,187,6.556802244039271
MA,2020,O86,W,5,0.1753155680224404
MA,2020,O860,W,266,9.326788218793828
MA,2020,O868,W,22,0.7713884992987378
MA,2020,O900,W,10,0.3506311360448808
MA,2020,D62,hemorrhage,1,0.29673590504451036
MA,2020,O031,hemorrhage,90,26.706231454005934
MA,2020,O036,hemorrhage,16,4.747774480712166
MA,2020,O041,hemorrhage,4,1.1869436201780414
MA,2020,O051,hemorrhage,1,0.29673590504451036
MA,2020,O061,hemorrhage,19,5.637982195845697
MA,2020,O066,hemorrhage,2,0.5934718100890207
MA,2020,O081,hemorrhage,5,1.4836795252225519
MA,2020,O441,hemorrhage,29,8.6053412462908
MA,2020,O450,hemorrhage,19,5.637982195845697
MA,2020,O458,hemorrhage,10,2.9673590504451037
MA,2020,O459,hemorrhage,99,29.376854599406528
MA,2020,O46,hemorrhage,2,0.5934718100890207
MA,2020,O468,hemorrhage,1,0.29673590504451036
MA,2020,O469,hemorrhage,6,1.7804154302670623
MA,2020,O694,hemorrhage,1,0.29673590504451036
MA,2020,O72,hemorrhage,4,1.1869436201780414
MA,2020,O720,hemorrhage,2,0.5934718100890207
MA,2020,O721,hemorrhage,13,3.857566765578635
MA,2020,O722,hemorrhage,13,3.857566765578635
MA,2020,O11,hypertension,4,0.25690430314707774
MA,2020,O140,hypertension,190,12.202954399486192
MA,2020,O141,hypertension,373,23.956326268465
MA,2020,O149,hypertension,446,28.644829800899164
MA,2020,O15,hypertension,18,1.1560693641618498
MA,2020,O150,hypertension,341,21.901091843288373
MA,2020,O151,hypertension,159,10.211946050096339
MA,2020,O152,hypertension,17,1.0918432883750804
MA,2020,O159,hypertension,9,0.5780346820809249
MA,2021,A410,W,1,0.029832935560859187
MA,2021,D62,W,2,0.059665871121718374
MA,2021,K359,W,1,0.029832935560859187
MA,2021,N709,W,1,0.029832935560859187
MA,2021,N710,W,1,0.029832935560859187
MA,2021,O030,W,636,18.973747016706444
MA,2021,O031,W,117,3.490453460620525
MA,2021,O035,W,6,0.17899761336515513
MA,2021,O036,W,5,0.14916467780429593
MA,2021,O041,W,1,0.029832935560859187
MA,2021,O050,W,2,0.059665871121718374
MA,2021,O051,W,1,0.029832935560859187
MA,2021,O055,W,1,0.029832935560859187
MA,2021,O060,W,31,0.9248210023866349
MA,2021,O061,W,7,0.20883054892601433
MA,2021,O065,W,5,0.14916467780429593
MA,2021,O066,W,3,0.08949880668257756
MA,2021,O071,W,1,0.029832935560859187
MA,2021,O080,W,19,0.5668257756563246
MA,2021,O081,W,2,0.059665871121718374
MA,2021,O082,W,4,0.11933174224343675
MA,2021,O083,W,4,0.11933174224343675
MA,2021,O11,W,4,0.11933174224343675
MA,2021,O140,W,247,7.368735083532219
MA,2021,O141,W,446,13.305489260143197
MA,2021,O149,W,571,17.034606205250597
MA,2021,O15,W,18,0.5369928400954654
MA,2021,O150,W,222,6.62291169451074
MA,2021,O151,W,191,5.698090692124105
MA,2021,O152,W,24,0.7159904534606205
MA,2021,O159,W,23,0.6861575178997613
MA,2021,O411,W,4,0.11933174224343675
MA,2021,O441,W,22,0.6563245823389021
MA,2021,O450,W,31,0.9248210023866349
MA,2021,O458,W,17,0.5071599045346062
MA,2021,O459,W,139,4.146778042959427
MA,2021,O460,W,2,0.059665871121718374
MA,2021,O468,W,1,0.029832935560859187
MA,2021,O469,W,4,0.11933174224343675
MA,2021,O694,W,2,0.059665871121718374
MA,2021,O710,W,1,0.029832935560859187
MA,2021,O711,W,2,0.059665871121718374
MA,2021,O72,W,5,0.14916467780429593
MA,2021,O720,W,2,0.059665871121718374
MA,2021,O721,W,7,0.20883054892601433
MA,2021,O722,W,13,0.38782816229116945
MA,2021,O85,W,203,6.056085918854415
MA,2021,O86,W,11,0.32816229116945106
MA,2021,O860,W,256,7.637231503579952
MA,2021,O868,W,27,0.8054892601431981
MA,2021,O883,W,1,0.029832935560859187
MA,2021,O900,W,5,0.14916467780429593
MA,2021,D62,hemorrhage,2,0.5208333333333334
MA,2021,O031,hemorrhage,117,30.46875
MA,2021,O036,hemorrhage,5,1.3020833333333333
MA,2021,O041,hemorrhage,1,0.2604166666666667
MA,2021,O051,hemorrhage,1,0.2604166666666667
MA,2021,O061,hemorrhage,7,1.8229166666666667
MA,2021,O066,hemorrhage,3,0.78125
MA,2021,O071,hemorrhage,1,0.2604166666666667
MA,2021,O081,hemorrhage,2,0.5208333333333334
MA,2021,O441,hemorrhage,22,5.729166666666667
MA,2021,O450,hemorrhage,31,8.072916666666666
MA,2021,O458,hemorrhage,17,4.427083333333333
MA,2021,O459,hemorrhage,139,36.197916666666664
MA,2021,O460,hemorrhage,2,0.5208333333333334
MA,2021,O468,hemorrhage,1,0.2604166666666667
MA,2021,O469,hemorrhage,4,1.0416666666666667
MA,2021,O694,hemorrhage,2,0.5208333333333334
MA,2021,O72,hemorrhage,5,1.3020833333333333
MA,2021,O720,hemorrhage,2,0.5208333333333334
MA,2021,O721,hemorrhage,7,1.8229166666666667
MA,2021,O722,hemorrhage,13,3.3854166666666665
MA,2021,O11,hypertension,4,0.2290950744558992
MA,2021,O140,hypertension,247,14.146620847651775
MA,2021,O141,hypertension,446,25.544100801832762
MA,2021,O149,hypertension,571,32.70332187857961
MA,2021,O15,hypertension,18,1.0309278350515463
MA,2021,O150,hypertension,222,12.714776632302405
MA,2021,O151,hypertension,191,10.939289805269187
MA,2021,O152,hypertension,24,1.3745704467353952
MA,2021,O159,hypertension,23,1.3172966781214204
MA,2022,D62,W,2,0.061124694376528114
MA,2022,N709,W,1,0.030562347188264057
MA,2022,N710,W,1,0.030562347188264057
MA,2022,O030,W,489,14.944987775061124
MA,2022,O031,W,110,3.3618581907090466
MA,2022,O035,W,6,0.18337408312958436
MA,2022,O036,W,16,0.4889975550122249
MA,2022,O040,W,1,0.030562347188264057
MA,2022,O041,W,2,0.061124694376528114
MA,2022,O045,W,1,0.030562347188264057
MA,2022,O050,W,5,0.1528117359413203
MA,2022,O051,W,2,0.061124694376528114
MA,2022,O055,W,1,0.030562347188264057
MA,2022,O056,W,2,0.061124694376528114
MA,2022,O060,W,67,2.047677261613692
MA,2022,O061,W,18,0.5501222493887531
MA,2022,O065,W,9,0.27506112469437655
MA,2022,O080,W,21,0.6418092909535452
MA,2022,O081,W,1,0.030562347188264057
MA,2022,O082,W,2,0.061124694376528114
MA,2022,O083,W,1,0.030562347188264057
MA,2022,O11,W,4,0.12224938875305623
MA,2022,O140,W,233,7.121026894865525
MA,2022,O141,W,317,9.688264058679707
MA,2022,O149,W,610,18.643031784841074
MA,2022,O15,W,9,0.27506112469437655
MA,2022,O150,W,156,4.767726161369193
MA,2022,O151,W,260,7.946210268948655
MA,2022,O152,W,47,1.4364303178484108
MA,2022,O159,W,41,1.2530562347188263
MA,2022,O411,W,7,0.2139364303178484
MA,2022,O441,W,22,0.6723716381418093
MA,2022,O450,W,12,0.36674816625916873
MA,2022,O458,W,33,1.0085574572127138
MA,2022,O459,W,190,5.806845965770171
MA,2022,O46,W,1,0.030562347188264057
MA,2022,O468,W,1,0.030562347188264057
MA,2022,O469,W,7,0.2139364303178484
MA,2022,O670,W,2,0.061124694376528114
MA,2022,O710,W,1,0.030562347188264057
MA,2022,O72,W,9,0.27506112469437655
MA,2022,O720,W,4,0.12224938875305623
MA,2022,O721,W,9,0.27506112469437655
MA,2022,O722,W,17,0.519559902200489
MA,2022,O753,W,1,0.030562347188264057
MA,2022,O85,W,204,6.234718826405868
MA,2022,O86,W,7,0.2139364303178484
MA,2022,O860,W,266,8.12958435207824
MA,2022,O868,W,34,1.039119804400978
MA,2022,O883,W,2,0.061124694376528114
MA,2022,O900,W,8,0.24449877750611246
MA,2022,D62,hemorrhage,2,0.43478260869565216
MA,2022,O031,hemorrhage,110,23.91304347826087
MA,2022,O036,hemorrhage,16,3.4782608695652173
MA,2022,O041,hemorrhage,2,0.43478260869565216
MA,2022,O051,hemorrhage,2,0.43478260869565216
MA,2022,O056,hemorrhage,2,0.43478260869565216
MA,2022,O061,hemorrhage,18,3.9130434782608696
MA,2022,O081,hemorrhage,1,0.21739130434782608
MA,2022,O441,hemorrhage,22,4.782608695652174
MA,2022,O450,hemorrhage,12,2.608695652173913
MA,2022,O458,hemorrhage,33,7.173913043478261
MA,2022,O459,hemorrhage,190,41.30434782608695
MA,2022,O46,hemorrhage,1,0.21739130434782608
MA,2022,O468,hemorrhage,1,0.21739130434782608
MA,2022,O469,hemorrhage,7,1.5217391304347827
MA,2022,O670,hemorrhage,2,0.43478260869565216
MA,2022,O72,hemorrhage,9,1.9565217391304348
MA,2022,O720,hemorrhage,4,0.8695652173913043
MA,2022,O721,hemorrhage,9,1.9565217391304348
MA,2022,O722,hemorrhage,17,3.6956521739130435
MA,2022,O11,hypertension,4,0.2385211687537269
MA,2022,O140,hypertension,233,13.893858079904591
MA,2022,O141,hypertension,317,18.902802623732857
MA,2022,O149,hypertension,610,36.37447823494335
MA,2022,O15,hypertension,9,0.5366726296958855
MA,2022,O150,hypertension,156,9.30232558139535
MA,2022,O151,hypertension,260,15.503875968992247
MA,2022,O152,hypertension,47,2.802623732856291
MA,2022,O159,hypertension,41,2.444841979725701
MA,2023,D62,W,1,0.03164556962025317
MA,2023,K359,W,1,0.03164556962025317
MA,2023,K659,W,1,0.03164556962025317
MA,2023,N710,W,1,0.03164556962025317
MA,2023,O030,W,427,13.512658227848101
MA,2023,O031,W,97,3.069620253164557
MA,2023,O035,W,9,0.2848101265822785
MA,2023,O036,W,10,0.31645569620253167
MA,2023,O040,W,1,0.03164556962025317
MA,2023,O041,W,1,0.03164556962025317
MA,2023,O051,W,4,0.12658227848101267
MA,2023,O060,W,19,0.6012658227848101
MA,2023,O061,W,17,0.5379746835443038
MA,2023,O065,W,6,0.189873417721519
MA,2023,O066,W,5,0.15822784810126583
MA,2023,O080,W,20,0.6329113924050633
MA,2023,O081,W,3,0.0949367088607595
MA,2023,O082,W,8,0.25316455696202533
MA,2023,O083,W,1,0.03164556962025317
MA,2023,O11,W,13,0.41139240506329117
MA,2023,O140,W,196,6.2025316455696204
MA,2023,O141,W,440,13.924050632911392
MA,2023,O149,W,652,20.632911392405063
MA,2023,O15,W,25,0.7911392405063291
MA,2023,O150,W,152,4.810126582278481
MA,2023,O151,W,134,4.2405063291139244
MA,2023,O152,W,25,0.7911392405063291
MA,2023,O159,W,29,0.9177215189873418
MA,2023,O411,W,5,0.15822784810126583
MA,2023,O441,W,17,0.5379746835443038
MA,2023,O450,W,10,0.31645569620253167
MA,2023,O458,W,21,0.6645569620253164
MA,2023,O459,W,165,5.2215189873417724
MA,2023,O46,W,8,0.25316455696202533
MA,2023,O469,W,7,0.22151898734177214
MA,2023,O670,W,2,0.06329113924050633
MA,2023,O678,W,1,0.03164556962025317
MA,2023,O694,W,1,0.03164556962025317
MA,2023,O710,W,4,0.12658227848101267
MA,2023,O711,W,2,0.06329113924050633
MA,2023,O72,W,16,0.5063291139240507
MA,2023,O720,W,4,0.12658227848101267
MA,2023,O721,W,18,0.569620253164557
MA,2023,O722,W,8,0.25316455696202533
MA,2023,O85,W,228,7.215189873417722
MA,2023,O86,W,10,0.31645569620253167
MA,2023,O860,W,298,9.430379746835444
MA,2023,O868,W,25,0.7911392405063291
MA,2023,O900,W,12,0.379746835443038
MA,2023,D62,hemorrhage,1,0.2403846153846154
MA,2023,O031,hemorrhage,97,23.317307692307693
MA,2023,O036,hemorrhage,10,2.4038461538461537
MA,2023,O041,hemorrhage,1,0.2403846153846154
MA,2023,O051,hemorrhage,4,0.9615384615384616
MA,2023,O061,hemorrhage,17,4.086538461538462
MA,2023,O066,hemorrhage,5,1.2019230769230769
MA,2023,O081,hemorrhage,3,0.7211538461538461
MA,2023,O441,hemorrhage,17,4.086538461538462
MA,2023,O450,hemorrhage,10,2.4038461538461537
MA,2023,O458,hemorrhage,21,5.048076923076923
MA,2023,O459,hemorrhage,165,39.66346153846154
MA,2023,O46,hemorrhage,8,1.9230769230769231
MA,2023,O469,hemorrhage,7,1.6826923076923077
MA,2023,O670,hemorrhage,2,0.4807692307692308
MA,2023,O678,hemorrhage,1,0.2403846153846154
MA,2023,O694,hemorrhage,1,0.2403846153846154
MA,2023,O72,hemorrhage,16,3.8461538461538463
MA,2023,O720,hemorrhage,4,0.9615384615384616
MA,2023,O721,hemorrhage,18,4.326923076923077
MA,2023,O722,hemorrhage,8,1.9230769230769231
MA,2023,O11,hypertension,13,0.78031212484994
MA,2023,O140,hypertension,196,11.764705882352942
MA,2023,O141,hypertension,440,26.410564225690276
MA,2023,O149,hypertension,652,39.13565426170468
MA,2023,O15,hypertension,25,1.5006002400960383
MA,2023,O150,hypertension,152,9.123649459783914
MA,2023,O151,hypertension,134,8.043217286914766
MA,2023,O152,hypertension,25,1.5006002400960383
MA,2023,O159,hypertension,29,1.7406962785114046
MA,2024,A419,W,2,0.06013229104028864
MA,2024,D62,W,3,0.09019843656043296
MA,2024,K359,W,1,0.03006614552014432
MA,2024,N709,W,2,0.06013229104028864
MA,2024,O030,W,409,12.297053517739025
MA,2024,O031,W,111,3.3373421527360194
MA,2024,O035,W,12,0.3607937462417318
MA,2024,O036,W,15,0.45099218280216474
MA,2024,O040,W,1,0.03006614552014432
MA,2024,O041,W,2,0.06013229104028864
MA,2024,O050,W,2,0.06013229104028864
MA,2024,O051,W,1,0.03006614552014432
MA,2024,O056,W,1,0.03006614552014432
MA,2024,O060,W,15,0.45099218280216474
MA,2024,O061,W,10,0.30066145520144316
MA,2024,O065,W,3,0.09019843656043296
MA,2024,O066,W,1,0.03006614552014432
MA,2024,O070,W,1,0.03006614552014432
MA,2024,O080,W,11,0.33072760072158747
MA,2024,O081,W,1,0.03006614552014432
MA,2024,O082,W,23,0.6915213469633193
MA,2024,O083,W,4,0.12026458208057728
MA,2024,O11,W,19,0.571256764882742
MA,2024,O140,W,255,7.666867107636801
MA,2024,O141,W,494,14.852675886951292
MA,2024,O149,W,939,28.232110643415513
MA,2024,O15,W,39,1.1725796752856283
MA,2024,O150,W,127,3.8184004810583283
MA,2024,O151,W,15,0.45099218280216474
MA,2024,O152,W,34,1.0222489476849068
MA,2024,O159,W,19,0.571256764882742
MA,2024,O411,W,6,0.1803968731208659
MA,2024,O441,W,16,0.4810583283223091
MA,2024,O450,W,3,0.09019843656043296
MA,2024,O458,W,40,1.2026458208057726
MA,2024,O459,W,150,4.509921828021648
MA,2024,O46,W,5,0.15033072760072158
MA,2024,O468,W,1,0.03006614552014432
MA,2024,O469,W,10,0.30066145520144316
MA,2024,O678,W,1,0.03006614552014432
MA,2024,O694,W,1,0.03006614552014432
MA,2024,O711,W,2,0.06013229104028864
MA,2024,O72,W,31,0.9320505111244738
MA,2024,O720,W,2,0.06013229104028864
MA,2024,O721,W,11,0.33072760072158747
MA,2024,O722,W,13,0.39085989176187613
MA,2024,O85,W,183,5.50210463018641
MA,2024,O86,W,26,0.7817197835237523
MA,2024,O860,W,226,6.794948887552616
MA,2024,O868,W,19,0.571256764882742
MA,2024,O900,W,8,0.24052916416115455
MA,2024,D62,hemorrhage,3,0.6993006993006993
MA,2024,O031,hemorrhage,111,25.874125874125873
MA,2024,O036,hemorrhage,15,3.4965034965034967
MA,2024,O041,hemorrhage,2,0.4662004662004662
MA,2024,O051,hemorrhage,1,0.2331002331002331
MA,2024,O056,hemorrhage,1,0.2331002331002331
MA,2024,O061,hemorrhage,10,2.331002331002331
MA,2024,O066,hemorrhage,1,0.2331002331002331
MA,2024,O081,hemorrhage,1,0.2331002331002331
MA,2024,O441,hemorrhage,16,3.7296037296037294
MA,2024,O450,hemorrhage,3,0.6993006993006993
MA,2024,O458,hemorrhage,40,9.324009324009324
MA,2024,O459,hemorrhage,150,34.96503496503497
MA,2024,O46,hemorrhage,5,1.1655011655011656
MA,2024,O468,hemorrhage,1,0.2331002331002331
MA,2024,O469,hemorrhage,10,2.331002331002331
MA,2024,O678,hemorrhage,1,0.2331002331002331
MA,2024,O694,hemorrhage,1,0.2331002331002331
MA,2024,O72,hemorrhage,31,7.226107226107226
MA,2024,O720,hemorrhage,2,0.4662004662004662
MA,2024,O721,hemorrhage,11,2.5641025641025643
MA,2024,O722,hemorrhage,13,3.0303030303030303
MA,2024,O11,hypertension,19,0.9788768675940237
MA,2024,O140,hypertension,255,13.13755795981453
MA,2024,O141,hypertension,494,25.450798557444617
MA,2024,O149,hypertension,939,48.37712519319938
MA,2024,O15,hypertension,39,2.009273570324575
MA,2024,O150,hypertension,127,6.543019062339001
MA,2024,O151,hypertension,15,0.7727975270479135
MA,2024,O152,hypertension,34,1.751674394641937
MA,2024,O159,hypertension,19,0.9788768675940237
MA,2025,A41,W,1,0.023618327822390175
MA,2025,D62,W,3,0.07085498346717052
MA,2025,K359,W,1,0.023618327822390175
MA,2025,N700,W,1,0.023618327822390175
MA,2025,N709,W,4,0.0944733112895607
MA,2025,N710,W,2,0.04723665564478035
MA,2025,O030,W,366,8.644307982994803
MA,2025,O031,W,96,2.2673594709494567
MA,2025,O035,W,12,0.2834199338686821
MA,2025,O036,W,7,0.16532829475673122
MA,2025,O040,W,2,0.04723665564478035
MA,2025,O041,W,1,0.023618327822390175
MA,2025,O045,W,1,0.023618327822390175
MA,2025,O050,W,2,0.04723665564478035
MA,2025,O051,W,5,0.11809163911195088
MA,2025,O055,W,1,0.023618327822390175
MA,2025,O060,W,9,0.21256495040151158
MA,2025,O061,W,5,0.11809163911195088
MA,2025,O065,W,7,0.16532829475673122
MA,2025,O066,W,2,0.04723665564478035
MA,2025,O070,W,1,0.023618327822390175
MA,2025,O080,W,18,0.42512990080302315
MA,2025,O081,W,3,0.07085498346717052
MA,2025,O082,W,28,0.6613131790269249
MA,2025,O083,W,4,0.0944733112895607
MA,2025,O11,W,19,0.4487482286254133
MA,2025,O140,W,307,7.250826641473783
MA,2025,O141,W,533,12.588568729333963
MA,2025,O149,W,1647,38.899385923476615
MA,2025,O15,W,49,1.1572980632971186
MA,2025,O150,W,129,3.0467642890883324
MA,2025,O151,W,12,0.2834199338686821
MA,2025,O152,W,32,0.7557864903164856
MA,2025,O159,W,21,0.49598488427019366
MA,2025,O411,W,2,0.04723665564478035
MA,2025,O441,W,27,0.6376948512045347
MA,2025,O450,W,4,0.0944733112895607
MA,2025,O458,W,42,0.9919697685403873
MA,2025,O459,W,141,3.3301842229570147
MA,2025,O46,W,7,0.16532829475673122
MA,2025,O469,W,9,0.21256495040151158
MA,2025,O678,W,1,0.023618327822390175
MA,2025,O679,W,1,0.023618327822390175
MA,2025,O694,W,4,0.0944733112895607
MA,2025,O710,W,1,0.023618327822390175
MA,2025,O711,W,3,0.07085498346717052
MA,2025,O72,W,36,0.8502598016060463
MA,2025,O720,W,4,0.0944733112895607
MA,2025,O721,W,11,0.25980160604629193
MA,2025,O722,W,11,0.25980160604629193
MA,2025,O85,W,263,6.211620217288616
MA,2025,O86,W,19,0.4487482286254133
MA,2025,O860,W,283,6.68398677373642
MA,2025,O868,W,29,0.684931506849315
MA,2025,O883,W,1,0.023618327822390175
MA,2025,O900,W,4,0.0944733112895607
MA,2025,D62,hemorrhage,3,0.7142857142857143
MA,2025,O031,hemorrhage,96,22.857142857142858
MA,2025,O036,hemorrhage,7,1.6666666666666667
MA,2025,O041,hemorrhage,1,0.23809523809523808
MA,2025,O051,hemorrhage,5,1.1904761904761905
MA,2025,O061,hemorrhage,5,1.1904761904761905
MA,2025,O066,hemorrhage,2,0.47619047619047616
MA,2025,O081,hemorrhage,3,0.7142857142857143
MA,2025,O441,hemorrhage,27,6.428571428571429
MA,2025,O450,hemorrhage,4,0.9523809523809523
MA,2025,O458,hemorrhage,42,10.0
MA,2025,O459,hemorrhage,141,33.57142857142857
MA,2025,O46,hemorrhage,7,1.6666666666666667
MA,2025,O469,hemorrhage,9,2.142857142857143
MA,2025,O678,hemorrhage,1,0.23809523809523808
MA,2025,O679,hemorrhage,1,0.23809523809523808
MA,2025,O694,hemorrhage,4,0.9523809523809523
MA,2025,O72,hemorrhage,36,8.571428571428571
MA,2025,O720,hemorrhage,4,0.9523809523809523
MA,2025,O721,hemorrhage,11,2.619047619047619
MA,2025,O722,hemorrhage,11,2.619047619047619
MA,2025,O11,hypertension,19,0.6911604219716261
MA,2025,O140,hypertension,307,11.167697344488905
MA,2025,O141,hypertension,533,19.388868679519824
MA,2025,O149,hypertension,1647,59.91269552564569
MA,2025,O15,hypertension,49,1.7824663514005092
MA,2025,O150,hypertension,129,4.692615496544198
MA,2025,O151,hypertension,12,0.4365223717715533
MA,2025,O152,hypertension,32,1.1640596580574754
MA,2025,O159,hypertension,21,0.7639141506002183
NE,2008,O030,W,814,2.9989315845706077
NE,2008,O031,W,2725,10.039420845153446
NE,2008,O035,W,145,0.5342077146962384
NE,2008,O036,W,41,0.15105183656928123
NE,2008,O040,W,55,0.20263051247098698
NE,2008,O041,W,308,1.1347308698375271
NE,2008,O045,W,7,0.025789337950852892
NE,2008,O046,W,13,0.047894484765869653
NE,2008,O050,W,23,0.08473639612423092
NE,2008,O051,W,42,0.15473602770511735
NE,2008,O055,W,289,1.0647312382566407
NE,2008,O056,W,13,0.047894484765869653
NE,2008,O060,W,327,1.2047305014184135
NE,2008,O061,W,1920,7.073646980805364
NE,2008,O065,W,7,0.025789337950852892
NE,2008,O066,W,34,0.12526249861842834
NE,2008,O075,W,1,0.0036841911358361274
NE,2008,O076,W,1,0.0036841911358361274
NE,2008,O080,W,62,0.22841985042183988
NE,2008,O081,W,25,0.09210477839590318
NE,2008,O082,W,1,0.0036841911358361274
NE,2008,O083,W,15,0.05526286703754191
NE,2008,O11,W,46,0.16947279224846185
NE,2008,O140,W,1689,6.222598828427219
NE,2008,O141,W,7771,28.629849316582543
NE,2008,O149,W,1880,6.926279335371919
NE,2008,O150,W,1273,4.68997531591939
NE,2008,O151,W,393,1.447887116383598
NE,2008,O152,W,44,0.1621044099767896
NE,2008,O159,W,125,0.4605238919795159
NE,2008,O411,W,186,0.6852595512655196
NE,2008,O441,W,731,2.693143720296209
NE,2008,O450,W,357,1.3152562354934973
NE,2008,O458,W,661,2.43525034078768
NE,2008,O459,W,1528,5.629444055557602
NE,2008,O460,W,3,0.01105257340750838
NE,2008,O468,W,12,0.04421029363003352
NE,2008,O469,W,9,0.033157720222525146
NE,2008,O670,W,7,0.025789337950852892
NE,2008,O694,W,235,0.8657849169214898
NE,2008,O710,W,38,0.13999926316177283
NE,2008,O711,W,66,0.2431566149651844
NE,2008,O720,W,8,0.02947352908668902
NE,2008,O721,W,114,0.4199977894853185
NE,2008,O722,W,55,0.20263051247098698
NE,2008,O753,W,3,0.01105257340750838
NE,2008,O85,W,1513,5.57418118852006
NE,2008,O860,W,944,3.477876432229304
NE,2008,O868,W,491,1.8089378476955384
NE,2008,O883,W,1,0.0036841911358361274
NE,2008,O900,W,92,0.3389455844969237
NE,2008,O031,hemorrhage,2725,30.818819271657997
NE,2008,O036,hemorrhage,41,0.4636959963809093
NE,2008,O041,hemorrhage,308,3.483374802080977
NE,2008,O046,hemorrhage,13,0.1470255598280932
NE,2008,O051,hemorrhage,42,0.47500565482922413
NE,2008,O056,hemorrhage,13,0.1470255598280932
NE,2008,O061,hemorrhage,1920,21.714544220764534
NE,2008,O066,hemorrhage,34,0.38452838724270527
NE,2008,O076,hemorrhage,1,0.011309658448314861
NE,2008,O081,hemorrhage,25,0.2827414612078715
NE,2008,O441,hemorrhage,731,8.267360325718164
NE,2008,O450,hemorrhage,357,4.037548066048405
NE,2008,O458,hemorrhage,661,7.475684234336123
NE,2008,O459,hemorrhage,1528,17.281158109025107
NE,2008,O460,hemorrhage,3,0.03392897534494458
NE,2008,O468,hemorrhage,12,0.13571590137977832
NE,2008,O469,hemorrhage,9,0.10178692603483375
NE,2008,O670,hemorrhage,7,0.07916760913820403
NE,2008,O694,hemorrhage,235,2.6577697353539924
NE,2008,O720,hemorrhage,8,0.09047726758651889
NE,2008,O721,hemorrhage,114,1.289301063107894
NE,2008,O722,hemorrhage,55,0.6220312146573174
NE,2008,O11,hypertension,46,0.3479313213826488
NE,2008,O140,hypertension,1689,12.775130474245518
NE,2008,O141,hypertension,7771,58.777702140534
NE,2008,O149,hypertension,1880,14.2198018304213
NE,2008,O150,hypertension,1273,9.628621133045911
NE,2008,O151,hypertension,393,2.972543680508282
NE,2008,O152,hypertension,44,0.3328038726268815
NE,2008,O159,hypertension,125,0.9454655472354587
NE,2009,O030,W,723,2.6327288616998032
NE,2009,O031,W,2846,10.363411259194523
NE,2009,O035,W,87,0.316801398295827
NE,2009,O036,W,43,0.15658000145655815
NE,2009,O040,W,35,0.12744883839487292
NE,2009,O041,W,104,0.3787051198019081
NE,2009,O045,W,15,0.05462093074065982
NE,2009,O046,W,5,0.018206976913553274
NE,2009,O050,W,32,0.11652465224674095
NE,2009,O051,W,53,0.1929939552836647
NE,2009,O055,W,311,1.1324739640230137
NE,2009,O056,W,8,0.02913116306168524
NE,2009,O060,W,244,0.8885004733813997
NE,2009,O061,W,1597,5.815308426188915
NE,2009,O065,W,7,0.02548976767897458
NE,2009,O066,W,19,0.06918651227150244
NE,2009,O080,W,104,0.3787051198019081
NE,2009,O081,W,30,0.10924186148131965
NE,2009,O083,W,6,0.021848372296263928
NE,2009,O11,W,32,0.11652465224674095
NE,2009,O140,W,1667,6.070206102978662
NE,2009,O141,W,7888,28.723326778821644
NE,2009,O149,W,2325,8.466244264802272
NE,2009,O150,W,1185,4.315053528512125
NE,2009,O151,W,370,1.3473162916029422
NE,2009,O152,W,52,0.18935255990095404
NE,2009,O159,W,156,0.5680576797028621
NE,2009,O411,W,207,0.7537688442211056
NE,2009,O441,W,1144,4.165756317820989
NE,2009,O450,W,250,0.9103488456776637
NE,2009,O458,W,799,2.9094749107858133
NE,2009,O459,W,1425,5.188988420362683
NE,2009,O460,W,2,0.00728279076542131
NE,2009,O468,W,16,0.05826232612337048
NE,2009,O469,W,9,0.032772558444395895
NE,2009,O670,W,7,0.02548976767897458
NE,2009,O694,W,151,0.5498507027893088
NE,2009,O710,W,14,0.05097953535794916
NE,2009,O711,W,36,0.13109023377758358
NE,2009,O720,W,21,0.07646930303692374
NE,2009,O721,W,124,0.45153302745612117
NE,2009,O722,W,107,0.38962930595004003
NE,2009,O85,W,1626,5.920908892287525
NE,2009,O860,W,1013,3.6887335226858933
NE,2009,O868,W,472,1.718738620639429
NE,2009,O900,W,95,0.3459325613575122
NE,2009,O031,hemorrhage,2846,32.48858447488585
NE,2009,O036,hemorrhage,43,0.4908675799086758
NE,2009,O041,hemorrhage,104,1.187214611872146
NE,2009,O046,hemorrhage,5,0.05707762557077625
NE,2009,O051,hemorrhage,53,0.6050228310502284
NE,2009,O056,hemorrhage,8,0.091324200913242
NE,2009,O061,hemorrhage,1597,18.230593607305938
NE,2009,O066,hemorrhage,19,0.21689497716894976
NE,2009,O081,hemorrhage,30,0.3424657534246575
NE,2009,O441,hemorrhage,1144,13.059360730593607
NE,2009,O450,hemorrhage,250,2.853881278538813
NE,2009,O458,hemorrhage,799,9.121004566210045
NE,2009,O459,hemorrhage,1425,16.267123287671232
NE,2009,O460,hemorrhage,2,0.0228310502283105
NE,2009,O468,hemorrhage,16,0.182648401826484
NE,2009,O469,hemorrhage,9,0.10273972602739725
NE,2009,O670,hemorrhage,7,0.07990867579908675
NE,2009,O694,hemorrhage,151,1.7237442922374429
NE,2009,O720,hemorrhage,21,0.23972602739726026
NE,2009,O721,hemorrhage,124,1.4155251141552512
NE,2009,O722,hemorrhage,107,1.221461187214612
NE,2009,O11,hypertension,32,0.2340036563071298
NE,2009,O140,hypertension,1667,12.190127970749543
NE,2009,O141,hypertension,7888,57.681901279707496
NE,2009,O149,hypertension,2325,17.0018281535649
NE,2009,O150,hypertension,1185,8.6654478976234
NE,2009,O151,hypertension,370,2.705667276051188
NE,2009,O152,hypertension,52,0.3802559414990859
NE,2009,O159,hypertension,156,1.1407678244972577
NE,2010,O030,W,709,2.3970518628710527
NE,2010,O031,W,3232,10.927040367840963
NE,2010,O035,W,97,0.3279464466833457
NE,2010,O036,W,44,0.14875921292852795
NE,2010,O040,W,43,0.14537832172560686
NE,2010,O041,W,70,0.2366623842044763
NE,2010,O045,W,2,0.00676178240584218
NE,2010,O046,W,3,0.01014267360876327
NE,2010,O050,W,29,0.09804584488471162
NE,2010,O051,W,56,0.18932990736358105
NE,2010,O055,W,225,0.7607005206572452
NE,2010,O056,W,6,0.02028534721752654
NE,2010,O060,W,206,0.6964635878017446
NE,2010,O061,W,1797,6.0754614916491985
NE,2010,O065,W,13,0.04395158563797417
NE,2010,O066,W,19,0.06423693285550071
NE,2010,O080,W,73,0.24680505781323958
NE,2010,O081,W,61,0.20623436337818649
NE,2010,O083,W,3,0.01014267360876327
NE,2010,O11,W,51,0.17242545134897558
NE,2010,O140,W,1742,5.889512475488539
NE,2010,O141,W,9176,31.023057678003923
NE,2010,O149,W,2600,8.790317127594834
NE,2010,O150,W,1322,4.469538170261681
NE,2010,O151,W,329,1.1123132057610385
NE,2010,O152,W,59,0.1994725809723443
NE,2010,O159,W,159,0.5375617012644534
NE,2010,O411,W,173,0.5848941781053486
NE,2010,O441,W,1368,4.625059165596051
NE,2010,O450,W,205,0.6930826965988235
NE,2010,O458,W,603,2.0386773953614172
NE,2010,O459,W,1220,4.12468726756373
NE,2010,O460,W,1,0.00338089120292109
NE,2010,O468,W,14,0.04733247684089526
NE,2010,O469,W,21,0.0709987152613429
NE,2010,O670,W,3,0.01014267360876327
NE,2010,O694,W,209,0.7066062614105079
NE,2010,O710,W,14,0.04733247684089526
NE,2010,O711,W,29,0.09804584488471162
NE,2010,O720,W,46,0.15552099533437014
NE,2010,O721,W,162,0.5477043748732165
NE,2010,O722,W,112,0.3786598147271621
NE,2010,O85,W,1555,5.257285820542295
NE,2010,O860,W,1136,3.8406924065183583
NE,2010,O868,W,472,1.5957806477787544
NE,2010,O900,W,109,0.3685171411183988
NE,2010,O031,hemorrhage,3232,34.93298746217034
NE,2010,O036,hemorrhage,44,0.4755728491137051
NE,2010,O041,hemorrhage,70,0.7565931690445309
NE,2010,O046,hemorrhage,3,0.0324254215304799
NE,2010,O051,hemorrhage,56,0.6052745352356247
NE,2010,O056,hemorrhage,6,0.0648508430609598
NE,2010,O061,hemorrhage,1797,19.422827496757456
NE,2010,O066,hemorrhage,19,0.20536100302637267
NE,2010,O081,hemorrhage,61,0.6593169044530912
NE,2010,O441,hemorrhage,1368,14.785992217898833
NE,2010,O450,hemorrhage,205,2.2157371379161264
NE,2010,O458,hemorrhage,603,6.517509727626459
NE,2010,O459,hemorrhage,1220,13.186338089061824
NE,2010,O460,hemorrhage,1,0.010808473843493299
NE,2010,O468,hemorrhage,14,0.15131863380890617
NE,2010,O469,hemorrhage,21,0.22697795071335927
NE,2010,O670,hemorrhage,3,0.0324254215304799
NE,2010,O694,hemorrhage,209,2.2589710332900994
NE,2010,O720,hemorrhage,46,0.49718979680069175
NE,2010,O721,hemorrhage,162,1.7509727626459144
NE,2010,O722,hemorrhage,112,1.2105490704712494
NE,2010,O11,hypertension,51,0.3303536727555383
NE,2010,O140,hypertension,1742,11.283845057649955
NE,2010,O141,hypertension,9176,59.437751004016064
NE,2010,O149,hypertension,2600,16.841559787537246
NE,2010,O150,hypertension,1322,8.563285399663169
NE,2010,O151,hypertension,329,2.1311050654229824
NE,2010,O152,hypertension,59,0.38217385671719134
NE,2010,O159,hypertension,159,1.0299261562378546
NE,2011,O030,W,484,1.708255391239897
NE,2011,O031,W,2785,9.829527406204779
NE,2011,O035,W,104,0.3670631419193167
NE,2011,O036,W,98,0.34588642219320226
NE,2011,O040,W,29,0.1023541453428864
NE,2011,O041,W,114,0.40235767479617407
NE,2011,O046,W,5,0.017647266438428687
NE,2011,O050,W,46,0.16235485123354393
NE,2011,O051,W,52,0.18353157095965836
NE,2011,O055,W,207,0.7305968305509477
NE,2011,O056,W,5,0.017647266438428687
NE,2011,O060,W,159,0.5611830727420323
NE,2011,O061,W,1785,6.300074118519041
NE,2011,O065,W,15,0.05294179931528606
NE,2011,O066,W,11,0.03882398616454311
NE,2011,O080,W,82,0.28941516959023045
NE,2011,O081,W,73,0.2576500900010588
NE,2011,O083,W,5,0.017647266438428687
NE,2011,O11,W,71,0.25059118342568737
NE,2011,O140,W,1809,6.3847809974234995
NE,2011,O141,W,8744,30.86153954752409
NE,2011,O149,W,2913,10.281297427028553
NE,2011,O150,W,1406,4.962411322486147
NE,2011,O151,W,267,0.9423640278120919
NE,2011,O152,W,81,0.2858857163025447
NE,2011,O159,W,150,0.5294179931528606
NE,2011,O411,W,158,0.5576536194543465
NE,2011,O441,W,391,1.3800162354851233
NE,2011,O450,W,245,0.8647160554830057
NE,2011,O458,W,637,2.2482617442558146
NE,2011,O459,W,1210,4.270638478099742
NE,2011,O460,W,1,0.0035294532876857373
NE,2011,O468,W,15,0.05294179931528606
NE,2011,O469,W,13,0.04588289273991459
NE,2011,O670,W,8,0.0282356263014859
NE,2011,O694,W,68,0.24000282356263014
NE,2011,O710,W,16,0.0564712526029718
NE,2011,O711,W,43,0.1517664913704867
NE,2011,O720,W,41,0.14470758479511522
NE,2011,O721,W,236,0.832950975893834
NE,2011,O722,W,93,0.3282391557547736
NE,2011,O85,W,1716,6.056541841668725
NE,2011,O860,W,1317,4.648289979882116
NE,2011,O868,W,519,1.8317862563088978
NE,2011,O900,W,106,0.37412204849468816
NE,2011,O031,hemorrhage,2785,35.3157494293685
NE,2011,O036,hemorrhage,98,1.2427085975145828
NE,2011,O041,hemorrhage,114,1.4455997971088004
NE,2011,O046,hemorrhage,5,0.063403499873193
NE,2011,O051,hemorrhage,52,0.6593963986812073
NE,2011,O056,hemorrhage,5,0.063403499873193
NE,2011,O061,hemorrhage,1785,22.635049454729902
NE,2011,O066,hemorrhage,11,0.1394876997210246
NE,2011,O081,hemorrhage,73,0.9256910981486178
NE,2011,O441,hemorrhage,391,4.958153690083693
NE,2011,O450,hemorrhage,245,3.1067714937864572
NE,2011,O458,hemorrhage,637,8.077605883844788
NE,2011,O459,hemorrhage,1210,15.343646969312706
NE,2011,O460,hemorrhage,1,0.0126806999746386
NE,2011,O468,hemorrhage,15,0.190210499619579
NE,2011,O469,hemorrhage,13,0.1648490996703018
NE,2011,O670,hemorrhage,8,0.1014455997971088
NE,2011,O694,hemorrhage,68,0.8622875982754248
NE,2011,O720,hemorrhage,41,0.5199086989601825
NE,2011,O721,hemorrhage,236,2.9926451940147096
NE,2011,O722,hemorrhage,93,1.17930509764139
NE,2011,O11,hypertension,71,0.45981477883556765
NE,2011,O140,hypertension,1809,11.715562463571013
NE,2011,O141,hypertension,8744,56.62845670617188
NE,2011,O149,hypertension,2913,18.865358461239556
NE,2011,O150,hypertension,1406,9.105627873842367
NE,2011,O151,hypertension,267,1.72916261900136
NE,2011,O152,hypertension,81,0.5245774237419856
NE,2011,O159,hypertension,150,0.9714396735962697
NE,2012,O030,W,419,1.4962682569724672
NE,2012,O031,W,2754,9.834660572081562
NE,2012,O035,W,123,0.43923865300146414
NE,2012,O036,W,80,0.28568367674891976
NE,2012,O040,W,19,0.06784987322786844
NE,2012,O041,W,132,0.4713780666357176
NE,2012,O045,W,1,0.003571045959361497
NE,2012,O050,W,28,0.09998928686212191
NE,2012,O051,W,36,0.1285576545370139
NE,2012,O055,W,191,0.6820697782380459
NE,2012,O056,W,3,0.010713137878084492
NE,2012,O060,W,151,0.5392279398635861
NE,2012,O061,W,874,3.121094168481948
NE,2012,O065,W,5,0.017855229796807485
NE,2012,O066,W,8,0.028568367674891976
NE,2012,O080,W,55,0.19640752776488232
NE,2012,O081,W,71,0.25354426311466627
NE,2012,O083,W,3,0.010713137878084492
NE,2012,O11,W,72,0.2571153090740278
NE,2012,O140,W,1984,7.08495518337321
NE,2012,O141,W,8248,29.45398707281363
NE,2012,O149,W,3515,12.552226547155662
NE,2012,O150,W,1863,6.652858622290469
NE,2012,O151,W,233,0.8320537085312288
NE,2012,O152,W,111,0.3963861014891262
NE,2012,O159,W,213,0.7606327893439988
NE,2012,O411,W,162,0.5785094454165625
NE,2012,O441,W,275,0.9820376388244116
NE,2012,O450,W,272,0.9713245009463272
NE,2012,O458,W,688,2.45687962004071
NE,2012,O459,W,1147,4.0959897153876375
NE,2012,O460,W,2,0.007142091918722994
NE,2012,O468,W,10,0.03571045959361497
NE,2012,O469,W,21,0.07499196514659144
NE,2012,O670,W,4,0.014284183837445988
NE,2012,O694,W,8,0.028568367674891976
NE,2012,O710,W,20,0.07142091918722994
NE,2012,O711,W,49,0.17498125200871334
NE,2012,O720,W,48,0.17141020604935187
NE,2012,O721,W,173,0.617790950969539
NE,2012,O722,W,110,0.39281505552976465
NE,2012,O85,W,1852,6.613577116737493
NE,2012,O860,W,1307,4.667357068885477
NE,2012,O868,W,531,1.896225404420955
NE,2012,O883,W,1,0.003571045959361497
NE,2012,O900,W,131,0.4678070206763561
NE,2012,O031,hemorrhage,2754,41.00655151876117
NE,2012,O036,hemorrhage,80,1.1911852293031566
NE,2012,O041,hemorrhage,132,1.9654556283502085
NE,2012,O051,hemorrhage,36,0.5360333531864205
NE,2012,O056,hemorrhage,3,0.04466944609886837
NE,2012,O061,hemorrhage,874,13.013698630136986
NE,2012,O066,hemorrhage,8,0.11911852293031566
NE,2012,O081,hemorrhage,71,1.0571768910065515
NE,2012,O441,hemorrhage,275,4.094699225729601
NE,2012,O450,hemorrhage,272,4.050029779630733
NE,2012,O458,hemorrhage,688,10.244192972007147
NE,2012,O459,hemorrhage,1147,17.078618225134008
NE,2012,O460,hemorrhage,2,0.029779630732578916
NE,2012,O468,hemorrhage,10,0.14889815366289458
NE,2012,O469,hemorrhage,21,0.3126861226920786
NE,2012,O670,hemorrhage,4,0.05955926146515783
NE,2012,O694,hemorrhage,8,0.11911852293031566
NE,2012,O720,hemorrhage,48,0.714711137581894
NE,2012,O721,hemorrhage,173,2.5759380583680764
NE,2012,O722,hemorrhage,110,1.6378796902918404
NE,2012,O11,hypertension,72,0.44337705523739146
NE,2012,O140,hypertension,1984,12.217501077652566
NE,2012,O141,hypertension,8248,50.79130488330562
NE,2012,O149,hypertension,3515,21.64542151610321
NE,2012,O150,hypertension,1863,11.472381304267504
NE,2012,O151,hypertension,233,1.4348174148654473
NE,2012,O152,hypertension,111,0.6835396268243118
NE,2012,O159,hypertension,213,1.3116571217439497
NE,2013,O030,W,546,1.927353595255745
NE,2013,O031,W,2542,8.973137068022169
NE,2013,O035,W,99,0.3494652123265911
NE,2013,O036,W,89,0.31416569592996574
NE,2013,O040,W,34,0.12001835574852625
NE,2013,O041,W,152,0.5365526492287056
NE,2013,O045,W,1,0.003529951639662537
NE,2013,O046,W,10,0.03529951639662537
NE,2013,O050,W,41,0.144728017226164
NE,2013,O051,W,37,0.13060821066751385
NE,2013,O055,W,79,0.2788661795333404
NE,2013,O056,W,2,0.007059903279325074
NE,2013,O060,W,135,0.47654347135444247
NE,2013,O061,W,850,3.000458893713156
NE,2013,O065,W,17,0.060009177874263124
NE,2013,O066,W,10,0.03529951639662537
NE,2013,O080,W,37,0.13060821066751385
NE,2013,O081,W,76,0.2682763246143528
NE,2013,O083,W,20,0.07059903279325073
NE,2013,O11,W,54,0.19061738854177698
NE,2013,O140,W,1888,6.6645486956828695
NE,2013,O141,W,8713,30.756468636379683
NE,2013,O149,W,4057,14.321013802110912
NE,2013,O150,W,2442,8.620141904055915
NE,2013,O151,W,212,0.7483497476084577
NE,2013,O152,W,114,0.4024144869215292
NE,2013,O159,W,167,0.5895019238236436
NE,2013,O411,W,42,0.14825796886582654
NE,2013,O441,W,254,0.8966077164742843
NE,2013,O450,W,262,0.9248473295915846
NE,2013,O458,W,203,0.7165801828514949
NE,2013,O459,W,1154,4.073564192170568
NE,2013,O460,W,4,0.014119806558650147
NE,2013,O468,W,19,0.0670690811535882
NE,2013,O469,W,17,0.060009177874263124
NE,2013,O670,W,11,0.0388294680362879
NE,2013,O694,W,4,0.014119806558650147
NE,2013,O710,W,8,0.028239613117300295
NE,2013,O711,W,19,0.0670690811535882
NE,2013,O720,W,53,0.18708743690211443
NE,2013,O721,W,121,0.42712414839916696
NE,2013,O722,W,153,0.5400826008683681
NE,2013,O85,W,1796,6.339793144833916
NE,2013,O860,W,1283,4.528927953687035
NE,2013,O868,W,389,1.3731511878287268
NE,2013,O900,W,113,0.3988845352818666
NE,2013,O031,hemorrhage,2542,42.20488128839449
NE,2013,O036,hemorrhage,89,1.4776689357463058
NE,2013,O041,hemorrhage,152,2.5236593059936907
NE,2013,O046,hemorrhage,10,0.16603021749958494
NE,2013,O051,hemorrhage,37,0.6143118047484643
NE,2013,O056,hemorrhage,2,0.03320604349991699
NE,2013,O061,hemorrhage,850,14.112568487464719
NE,2013,O066,hemorrhage,10,0.16603021749958494
NE,2013,O081,hemorrhage,76,1.2618296529968454
NE,2013,O441,hemorrhage,254,4.217167524489457
NE,2013,O450,hemorrhage,262,4.349991698489125
NE,2013,O458,hemorrhage,203,3.370413415241574
NE,2013,O459,hemorrhage,1154,19.1598870994521
NE,2013,O460,hemorrhage,4,0.06641208699983397
NE,2013,O468,hemorrhage,19,0.31545741324921134
NE,2013,O469,hemorrhage,17,0.2822513697492944
NE,2013,O670,hemorrhage,11,0.18263323924954342
NE,2013,O694,hemorrhage,4,0.06641208699983397
NE,2013,O720,hemorrhage,53,0.8799601527478002
NE,2013,O721,hemorrhage,121,2.0089656317449776
NE,2013,O722,hemorrhage,153,2.5402623277436494
NE,2013,O11,hypertension,54,0.3060010200034
NE,2013,O140,hypertension,1888,10.698702329007764
NE,2013,O141,hypertension,8713,49.37383124610415
NE,2013,O149,hypertension,4057,22.98974329914433
NE,2013,O150,hypertension,2442,13.838046126820423
NE,2013,O151,hypertension,212,1.201337337791126
NE,2013,O152,hypertension,114,0.6460021533405111
NE,2013,O159,hypertension,167,0.9463364877882926
NE,2014,O030,W,834,2.8810280502970844
NE,2014,O031,W,2296,7.931463313527705
NE,2014,O035,W,113,0.3903551195246649
NE,2014,O036,W,97,0.3350835981760398
NE,2014,O040,W,14,0.04836258118004698
NE,2014,O041,W,205,0.7081663672792594
NE,2014,O045,W,13,0.04490811109575791
NE,2014,O046,W,8,0.02763576067431256
NE,2014,O050,W,44,0.15199668370871908
NE,2014,O051,W,37,0.12781539311869558
NE,2014,O055,W,133,0.4594445212104463
NE,2014,O056,W,7,0.02418129059002349
NE,2014,O060,W,152,0.5250794528119387
NE,2014,O061,W,655,2.262677905209341
NE,2014,O065,W,20,0.0690894016857814
NE,2014,O066,W,12,0.04145364101146884
NE,2014,O080,W,53,0.1830869144673207
NE,2014,O081,W,72,0.24872184606881304
NE,2014,O083,W,8,0.02763576067431256
NE,2014,O11,W,86,0.29708442724886003
NE,2014,O140,W,1870,6.459859057620561
NE,2014,O141,W,9910,34.233798535304686
NE,2014,O149,W,3696,12.767721431532403
NE,2014,O150,W,2041,7.050573442033992
NE,2014,O151,W,213,0.7358021279535719
NE,2014,O152,W,90,0.3109023075860163
NE,2014,O159,W,166,0.5734420339919857
NE,2014,O411,W,15,0.05181705126433605
NE,2014,O441,W,266,0.9188890424208926
NE,2014,O450,W,290,1.0017963244438304
NE,2014,O458,W,191,0.6598037860992124
NE,2014,O459,W,1143,3.948459306342407
NE,2014,O468,W,50,0.1727235042144535
NE,2014,O469,W,22,0.07599834185435954
NE,2014,O670,W,6,0.02072682050573442
NE,2014,O694,W,7,0.02418129059002349
NE,2014,O710,W,15,0.05181705126433605
NE,2014,O711,W,26,0.08981622219151582
NE,2014,O720,W,60,0.2072682050573442
NE,2014,O721,W,193,0.6667127262677905
NE,2014,O722,W,149,0.5147160425590714
NE,2014,O85,W,1765,6.097139698770208
NE,2014,O860,W,1450,5.008981622219151
NE,2014,O868,W,339,1.1710653585739947
NE,2014,O900,W,116,0.40071852977753214
NE,2014,O031,hemorrhage,2296,39.8196323274367
NE,2014,O036,hemorrhage,97,1.6822754075615678
NE,2014,O041,hemorrhage,205,3.555324314949705
NE,2014,O046,hemorrhage,8,0.1387443635102324
NE,2014,O051,hemorrhage,37,0.6416926812348248
NE,2014,O056,hemorrhage,7,0.12140131807145335
NE,2014,O061,hemorrhage,655,11.359694762400277
NE,2014,O066,hemorrhage,12,0.2081165452653486
NE,2014,O081,hemorrhage,72,1.2486992715920915
NE,2014,O441,hemorrhage,266,4.613250086715227
NE,2014,O450,hemorrhage,290,5.0294831772459245
NE,2014,O458,hemorrhage,191,3.3125216788067986
NE,2014,O459,hemorrhage,1143,19.823100936524455
NE,2014,O468,hemorrhage,50,0.8671522719389525
NE,2014,O469,hemorrhage,22,0.3815469996531391
NE,2014,O670,hemorrhage,6,0.1040582726326743
NE,2014,O694,hemorrhage,7,0.12140131807145335
NE,2014,O720,hemorrhage,60,1.0405827263267429
NE,2014,O721,hemorrhage,193,3.3472077696843567
NE,2014,O722,hemorrhage,149,2.5841137703780785
NE,2014,O11,hypertension,86,0.47587428065515713
NE,2014,O140,hypertension,1870,10.347498893315626
NE,2014,O141,hypertension,9910,54.836210712704734
NE,2014,O149,hypertension,3696,20.45152722443559
NE,2014,O150,hypertension,2041,11.293714032757858
NE,2014,O151,hypertension,213,1.1786188579017265
NE,2014,O152,hypertension,90,0.49800796812749004
NE,2014,O159,hypertension,166,0.918548030101815
NE,2015,A021,W,1,0.0033500837520938024
NE,2015,D62,W,2,0.006700167504187605
NE,2015,K359,W,1,0.0033500837520938024
NE,2015,K650,W,2,0.006700167504187605
NE,2015,K659,W,1,0.0033500837520938024
NE,2015,N709,W,2,0.006700167504187605
NE,2015,O030,W,627,2.100502512562814
NE,2015,O031,W,1911,6.402010050251256
NE,2015,O035,W,173,0.5795644891122278
NE,2015,O036,W,77,0.25795644891122277
NE,2015,O040,W,20,0.06700167504187604
NE,2015,O041,W,261,0.8743718592964824
NE,2015,O045,W,3,0.010050251256281407
NE,2015,O046,W,3,0.010050251256281407
NE,2015,O050,W,48,0.16080402010050251
NE,2015,O051,W,33,0.11055276381909548
NE,2015,O055,W,130,0.4355108877721943
NE,2015,O056,W,12,0.04020100502512563
NE,2015,O060,W,159,0.5326633165829145
NE,2015,O061,W,584,1.9564489112227805
NE,2015,O065,W,37,0.12395309882747069
NE,2015,O066,W,11,0.03685092127303183
NE,2015,O070,W,1,0.0033500837520938024
NE,2015,O071,W,1,0.0033500837520938024
NE,2015,O075,W,4,0.01340033500837521
NE,2015,O080,W,90,0.3015075376884422
NE,2015,O081,W,113,0.3785594639865997
NE,2015,O082,W,20,0.06700167504187604
NE,2015,O083,W,6,0.020100502512562814
NE,2015,O11,W,103,0.34505862646566166
NE,2015,O140,W,1886,6.318257956448911
NE,2015,O141,W,11142,37.32663316582914
NE,2015,O149,W,3656,12.247906197654942
NE,2015,O150,W,1898,6.358458961474037
NE,2015,O151,W,243,0.8140703517587939
NE,2015,O152,W,86,0.288107202680067
NE,2015,O159,W,181,0.6063651591289783
NE,2015,O411,W,48,0.16080402010050251
NE,2015,O441,W,293,0.981574539363484
NE,2015,O450,W,301,1.0083752093802345
NE,2015,O458,W,207,0.6934673366834171
NE,2015,O459,W,1190,3.986599664991625
NE,2015,O460,W,7,0.023450586264656615
NE,2015,O468,W,58,0.19430485762144054
NE,2015,O469,W,27,0.09045226130653267
NE,2015,O670,W,7,0.023450586264656615
NE,2015,O678,W,1,0.0033500837520938024
NE,2015,O679,W,2,0.006700167504187605
NE,2015,O694,W,7,0.023450586264656615
NE,2015,O710,W,12,0.04020100502512563
NE,2015,O711,W,24,0.08040201005025126
NE,2015,O720,W,46,0.1541038525963149
NE,2015,O721,W,147,0.49246231155778897
NE,2015,O722,W,124,0.4154103852596315
NE,2015,O85,W,1993,6.676716917922948
NE,2015,O860,W,1451,4.860971524288107
NE,2015,O868,W,263,0.88107202680067
NE,2015,O900,W,114,0.38190954773869346
NE,2015,D62,hemorrhage,2,0.03686635944700461
NE,2015,O031,hemorrhage,1911,35.225806451612904
NE,2015,O036,hemorrhage,77,1.4193548387096775
NE,2015,O041,hemorrhage,261,4.811059907834101
NE,2015,O046,hemorrhage,3,0.055299539170506916
NE,2015,O051,hemorrhage,33,0.6082949308755761
NE,2015,O056,hemorrhage,12,0.22119815668202766
NE,2015,O061,hemorrhage,584,10.764976958525345
NE,2015,O066,hemorrhage,11,0.20276497695852536
NE,2015,O071,hemorrhage,1,0.018433179723502304
NE,2015,O081,hemorrhage,113,2.0829493087557602
NE,2015,O441,hemorrhage,293,5.400921658986175
NE,2015,O450,hemorrhage,301,5.548387096774194
NE,2015,O458,hemorrhage,207,3.815668202764977
NE,2015,O459,hemorrhage,1190,21.93548387096774
NE,2015,O460,hemorrhage,7,0.12903225806451613
NE,2015,O468,hemorrhage,58,1.0691244239631337
NE,2015,O469,hemorrhage,27,0.4976958525345622
NE,2015,O670,hemorrhage,7,0.12903225806451613
NE,2015,O678,hemorrhage,1,0.018433179723502304
NE,2015,O679,hemorrhage,2,0.03686635944700461
NE,2015,O694,hemorrhage,7,0.12903225806451613
NE,2015,O720,hemorrhage,46,0.847926267281106
NE,2015,O721,hemorrhage,147,2.7096774193548385
NE,2015,O722,hemorrhage,124,2.2857142857142856
NE,2015,O11,hypertension,103,0.5365980724146914
NE,2015,O140,hypertension,1886,9.82547538421464
NE,2015,O141,hypertension,11142,58.046366241208645
NE,2015,O149,hypertension,3656,19.04662672570982
NE,2015,O150,hypertension,1898,9.887991664495962
NE,2015,O151,hypertension,243,1.265954675696796
NE,2015,O152,hypertension,86,0.44803334201615
NE,2015,O159,hypertension,181,0.9429538942432926
NE,2016,A021,W,1,0.0032212343770132716
NE,2016,A400,W,1,0.0032212343770132716
NE,2016,A408,W,1,0.0032212343770132716
NE,2016,A418,W,1,0.0032212343770132716
NE,2016,A419,W,2,0.006442468754026543
NE,2016,K359,W,3,0.009663703131039814
NE,2016,N700,W,2,0.006442468754026543
NE,2016,N709,W,2,0.006442468754026543
NE,2016,O030,W,705,2.270970235794356
NE,2016,O031,W,2077,6.690503801056565
NE,2016,O035,W,125,0.40265429712665896
NE,2016,O036,W,82,0.26414121891508824
NE,2016,O040,W,31,0.09985826568741142
NE,2016,O041,W,245,0.7892024223682516
NE,2016,O045,W,4,0.012884937508053087
NE,2016,O046,W,6,0.019327406262079627
NE,2016,O050,W,67,0.2158227032598892
NE,2016,O051,W,32,0.10307950006442469
NE,2016,O055,W,161,0.5186187346991367
NE,2016,O056,W,8,0.025769875016106173
NE,2016,O060,W,199,0.6410256410256411
NE,2016,O061,W,536,1.7265816260791136
NE,2016,O065,W,32,0.10307950006442469
NE,2016,O066,W,23,0.07408839067130524
NE,2016,O071,W,1,0.0032212343770132716
NE,2016,O075,W,1,0.0032212343770132716
NE,2016,O080,W,181,0.5830434222394021
NE,2016,O081,W,92,0.29635356268522095
NE,2016,O082,W,22,0.07086715629429197
NE,2016,O083,W,5,0.016106171885066356
NE,2016,O11,W,104,0.33500837520938026
NE,2016,O140,W,1972,6.352274191470172
NE,2016,O141,W,11171,35.98440922561526
NE,2016,O149,W,3970,12.788300476742688
NE,2016,O150,W,1921,6.187991238242494
NE,2016,O151,W,249,0.8020873598763046
NE,2016,O152,W,124,0.3994330627496457
NE,2016,O159,W,147,0.4735214534209509
NE,2016,O411,W,74,0.2383713438989821
NE,2016,O441,W,302,0.972812781858008
NE,2016,O450,W,180,0.5798221878623888
NE,2016,O458,W,202,0.6506893441566809
NE,2016,O459,W,1135,3.6561010179100633
NE,2016,O460,W,10,0.03221234377013271
NE,2016,O468,W,46,0.14817678134261048
NE,2016,O469,W,19,0.06120345316325216
NE,2016,O670,W,5,0.016106171885066356
NE,2016,O678,W,1,0.0032212343770132716
NE,2016,O679,W,2,0.006442468754026543
NE,2016,O694,W,5,0.016106171885066356
NE,2016,O710,W,38,0.12240690632650432
NE,2016,O711,W,50,0.1610617188506636
NE,2016,O720,W,70,0.225486406390929
NE,2016,O721,W,152,0.4896276253060173
NE,2016,O722,W,189,0.6088132972555083
NE,2016,O753,W,1,0.0032212343770132716
NE,2016,O85,W,2343,7.547352145342095
NE,2016,O860,W,1552,4.999355753124597
NE,2016,O868,W,256,0.8246360005153975
NE,2016,O883,W,1,0.0032212343770132716
NE,2016,O900,W,105,0.33822960958639353
NE,2016,O031,hemorrhage,2077,38.321033210332104
NE,2016,O036,hemorrhage,82,1.5129151291512914
NE,2016,O041,hemorrhage,245,4.520295202952029
NE,2016,O046,hemorrhage,6,0.11070110701107011
NE,2016,O051,hemorrhage,32,0.5904059040590406
NE,2016,O056,hemorrhage,8,0.14760147601476015
NE,2016,O061,hemorrhage,536,9.88929889298893
NE,2016,O066,hemorrhage,23,0.42435424354243545
NE,2016,O071,hemorrhage,1,0.01845018450184502
NE,2016,O081,hemorrhage,92,1.6974169741697418
NE,2016,O441,hemorrhage,302,5.571955719557195
NE,2016,O450,hemorrhage,180,3.321033210332103
NE,2016,O458,hemorrhage,202,3.726937269372694
NE,2016,O459,hemorrhage,1135,20.940959409594097
NE,2016,O460,hemorrhage,10,0.18450184501845018
NE,2016,O468,hemorrhage,46,0.8487084870848709
NE,2016,O469,hemorrhage,19,0.3505535055350554
NE,2016,O670,hemorrhage,5,0.09225092250922509
NE,2016,O678,hemorrhage,1,0.01845018450184502
NE,2016,O679,hemorrhage,2,0.03690036900369004
NE,2016,O694,hemorrhage,5,0.09225092250922509
NE,2016,O720,hemorrhage,70,1.2915129151291513
NE,2016,O721,hemorrhage,152,2.804428044280443
NE,2016,O722,hemorrhage,189,3.4870848708487086
NE,2016,O11,hypertension,104,0.5290466985451215
NE,2016,O140,hypertension,1972,10.031539322413266
NE,2016,O141,hypertension,11171,56.826737206226476
NE,2016,O149,hypertension,3970,20.195340319462815
NE,2016,O150,hypertension,1921,9.772102960626716
NE,2016,O151,hypertension,249,1.2666598840166854
NE,2016,O152,hypertension,124,0.6307864482653373
NE,2016,O159,hypertension,147,0.7477871604435853
NE,2017,A410,W,1,0.0029619975711619915
NE,2017,D62,W,1,0.0029619975711619915
NE,2017,K650,W,1,0.0029619975711619915
NE,2017,N700,W,1,0.0029619975711619915
NE,2017,N709,W,1,0.0029619975711619915
NE,2017,O030,W,837,2.479191967062587
NE,2017,O031,W,2088,6.1846509285862385
NE,2017,O035,W,119,0.352477710968277
NE,2017,O036,W,74,0.21918782026598738
NE,2017,O040,W,39,0.11551790527531768
NE,2017,O041,W,226,0.6694114510826101
NE,2017,O045,W,1,0.0029619975711619915
NE,2017,O046,W,3,0.008885992713485976
NE,2017,O050,W,92,0.2725037765469032
NE,2017,O051,W,20,0.05923995142323983
NE,2017,O055,W,70,0.2073398299813394
NE,2017,O056,W,5,0.014809987855809958
NE,2017,O060,W,128,0.3791356891087349
NE,2017,O061,W,398,1.1788750333224727
NE,2017,O065,W,29,0.08589792956369775
NE,2017,O066,W,18,0.05331595628091585
NE,2017,O070,W,3,0.008885992713485976
NE,2017,O071,W,2,0.005923995142323983
NE,2017,O075,W,2,0.005923995142323983
NE,2017,O080,W,98,0.29027576197387517
NE,2017,O081,W,131,0.3880216818222209
NE,2017,O082,W,18,0.05331595628091585
NE,2017,O083,W,5,0.014809987855809958
NE,2017,O11,W,241,0.71384141465004
NE,2017,O140,W,2009,5.950653120464441
NE,2017,O141,W,12869,38.11794674328367
NE,2017,O149,W,4974,14.732975918959747
NE,2017,O150,W,1506,4.46076834216996
NE,2017,O151,W,294,0.8708272859216255
NE,2017,O152,W,128,0.3791356891087349
NE,2017,O159,W,113,0.33470572554130507
NE,2017,O411,W,66,0.19549183969669146
NE,2017,O441,W,295,0.8737892834927875
NE,2017,O450,W,237,0.701993424365392
NE,2017,O458,W,277,0.8204733272118717
NE,2017,O459,W,1413,4.1853025680518945
NE,2017,O460,W,1,0.0029619975711619915
NE,2017,O468,W,64,0.18956784455436745
NE,2017,O469,W,28,0.08293593199253577
NE,2017,O670,W,7,0.02073398299813394
NE,2017,O679,W,2,0.005923995142323983
NE,2017,O694,W,1,0.0029619975711619915
NE,2017,O710,W,12,0.0355439708539439
NE,2017,O711,W,18,0.05331595628091585
NE,2017,O720,W,73,0.2162258226948254
NE,2017,O721,W,217,0.6427534729421522
NE,2017,O722,W,182,0.5390835579514824
NE,2017,O85,W,2433,7.206540090637126
NE,2017,O860,W,1531,4.5348182814490094
NE,2017,O868,W,267,0.7908533515002518
NE,2017,O883,W,1,0.0029619975711619915
NE,2017,O900,W,91,0.2695417789757412
NE,2017,D62,hemorrhage,1,0.01735207357279195
NE,2017,O031,hemorrhage,2088,36.23112961998959
NE,2017,O036,hemorrhage,74,1.2840534443866043
NE,2017,O041,hemorrhage,226,3.9215686274509802
NE,2017,O046,hemorrhage,3,0.052056220718375845
NE,2017,O051,hemorrhage,20,0.34704147145583897
NE,2017,O056,hemorrhage,5,0.08676036786395974
NE,2017,O061,hemorrhage,398,6.906125281971195
NE,2017,O066,hemorrhage,18,0.31233732431025507
NE,2017,O071,hemorrhage,2,0.0347041471455839
NE,2017,O081,hemorrhage,131,2.2731216380357453
NE,2017,O441,hemorrhage,295,5.118861703973625
NE,2017,O450,hemorrhage,237,4.112441436751692
NE,2017,O458,hemorrhage,277,4.80652437966337
NE,2017,O459,hemorrhage,1413,24.518479958355023
NE,2017,O460,hemorrhage,1,0.01735207357279195
NE,2017,O468,hemorrhage,64,1.1105327086586847
NE,2017,O469,hemorrhage,28,0.48585806003817456
NE,2017,O670,hemorrhage,7,0.12146451500954364
NE,2017,O679,hemorrhage,2,0.0347041471455839
NE,2017,O694,hemorrhage,1,0.01735207357279195
NE,2017,O720,hemorrhage,73,1.2667013708138122
NE,2017,O721,hemorrhage,217,3.765399965295853
NE,2017,O722,hemorrhage,182,3.1580773902481347
NE,2017,O11,hypertension,241,1.0888226258245233
NE,2017,O140,hypertension,2009,9.076533839342188
NE,2017,O141,hypertension,12869,58.14132104454685
NE,2017,O149,hypertension,4974,22.472214692328546
NE,2017,O150,hypertension,1506,6.804011927351586
NE,2017,O151,hypertension,294,1.3282732447817838
NE,2017,O152,hypertension,128,0.5782958344628174
NE,2017,O159,hypertension,113,0.510526791361706
NE,2018,A021,W,3,0.008360271987515327
NE,2018,A410,W,1,0.0027867573291717757
NE,2018,A418,W,1,0.0027867573291717757
NE,2018,A419,W,2,0.0055735146583435514
NE,2018,D62,W,2,0.0055735146583435514
NE,2018,K359,W,2,0.0055735146583435514
NE,2018,N700,W,2,0.0055735146583435514
NE,2018,N709,W,5,0.013933786645858879
NE,2018,N710,W,2,0.0055735146583435514
NE,2018,O030,W,963,2.68364730799242
NE,2018,O031,W,1669,4.651097982387694
NE,2018,O035,W,92,0.2563816742838034
NE,2018,O036,W,127,0.3539181808048155
NE,2018,O040,W,61,0.16999219707947832
NE,2018,O041,W,251,0.6994760896221157
NE,2018,O045,W,3,0.008360271987515327
NE,2018,O046,W,3,0.008360271987515327
NE,2018,O050,W,82,0.2285141009920856
NE,2018,O051,W,55,0.15327165310444765
NE,2018,O055,W,24,0.06688217590012262
NE,2018,O056,W,6,0.016720543975030654
NE,2018,O060,W,169,0.4709619886300301
NE,2018,O061,W,509,1.4184594805484338
NE,2018,O065,W,31,0.08638947720432505
NE,2018,O066,W,27,0.07524244788763794
NE,2018,O070,W,4,0.011147029316687103
NE,2018,O071,W,1,0.0027867573291717757
NE,2018,O080,W,127,0.3539181808048155
NE,2018,O081,W,96,0.26752870360049047
NE,2018,O082,W,19,0.05294838925426374
NE,2018,O083,W,8,0.022294058633374206
NE,2018,O11,W,258,0.7189833909263181
NE,2018,O140,W,2780,7.747185375097536
NE,2018,O141,W,13278,37.002563816742835
NE,2018,O149,W,5954,16.592353137888754
NE,2018,O150,W,1428,3.979489466057296
NE,2018,O151,W,373,1.0394604837810724
NE,2018,O152,W,127,0.3539181808048155
NE,2018,O159,W,121,0.3371976368297849
NE,2018,O411,W,49,0.136551109129417
NE,2018,O441,W,312,0.869468286701594
NE,2018,O450,W,252,0.7022628469512875
NE,2018,O458,W,290,0.808159625459815
NE,2018,O459,W,1366,3.8067105116486455
NE,2018,O460,W,3,0.008360271987515327
NE,2018,O468,W,46,0.1281908371419017
NE,2018,O469,W,18,0.05016163192509196
NE,2018,O670,W,8,0.022294058633374206
NE,2018,O679,W,5,0.013933786645858879
NE,2018,O694,W,5,0.013933786645858879
NE,2018,O710,W,15,0.04180135993757664
NE,2018,O711,W,32,0.08917623453349682
NE,2018,O720,W,82,0.2285141009920856
NE,2018,O721,W,273,0.7607847508638947
NE,2018,O722,W,182,0.5071898339092632
NE,2018,O753,W,1,0.0027867573291717757
NE,2018,O85,W,2313,6.445769702374317
NE,2018,O860,W,1605,4.4727455133207
NE,2018,O868,W,211,0.5880057964552446
NE,2018,O883,W,3,0.008360271987515327
NE,2018,O900,W,147,0.40965332738825105
NE,2018,D62,hemorrhage,2,0.03579098067287044
NE,2018,O031,hemorrhage,1669,29.867573371510378
NE,2018,O036,hemorrhage,127,2.272727272727273
NE,2018,O041,hemorrhage,251,4.49176807444524
NE,2018,O046,hemorrhage,3,0.05368647100930565
NE,2018,O051,hemorrhage,55,0.984251968503937
NE,2018,O056,hemorrhage,6,0.1073729420186113
NE,2018,O061,hemorrhage,509,9.108804581245526
NE,2018,O066,hemorrhage,27,0.4831782390837509
NE,2018,O071,hemorrhage,1,0.01789549033643522
NE,2018,O081,hemorrhage,96,1.717967072297781
NE,2018,O441,hemorrhage,312,5.583392984967788
NE,2018,O450,hemorrhage,252,4.509663564781675
NE,2018,O458,hemorrhage,290,5.189692197566213
NE,2018,O459,hemorrhage,1366,24.44523979957051
NE,2018,O460,hemorrhage,3,0.05368647100930565
NE,2018,O468,hemorrhage,46,0.82319255547602
NE,2018,O469,hemorrhage,18,0.3221188260558339
NE,2018,O670,hemorrhage,8,0.14316392269148176
NE,2018,O679,hemorrhage,5,0.08947745168217609
NE,2018,O694,hemorrhage,5,0.08947745168217609
NE,2018,O720,hemorrhage,82,1.467430207587688
NE,2018,O721,hemorrhage,273,4.885468861846815
NE,2018,O722,hemorrhage,182,3.2569792412312095
NE,2018,O11,hypertension,258,1.060898885644969
NE,2018,O140,hypertension,2780,11.431391093383773
NE,2018,O141,hypertension,13278,54.59928451005387
NE,2018,O149,hypertension,5954,24.482914593527696
NE,2018,O150,hypertension,1428,5.871951971709363
NE,2018,O151,hypertension,373,1.5337801718820676
NE,2018,O152,hypertension,127,0.5222254204531437
NE,2018,O159,hypertension,121,0.4975533533451211
NE,2019,A41,W,1,0.002636296530633766
NE,2019,A419,W,5,0.013181482653168828
NE,2019,D62,W,3,0.007908889591901298
NE,2019,K350,W,3,0.007908889591901298
NE,2019,K359,W,2,0.005272593061267532
NE,2019,N700,W,1,0.002636296530633766
NE,2019,N709,W,1,0.002636296530633766
NE,2019,N710,W,1,0.002636296530633766
NE,2019,O030,W,852,2.2461246440999685
NE,2019,O031,W,1763,4.647790783507329
NE,2019,O035,W,256,0.6748919118422441
NE,2019,O036,W,110,0.28999261836971424
NE,2019,O040,W,49,0.12917853000105453
NE,2019,O041,W,174,0.45871559633027525
NE,2019,O045,W,2,0.005272593061267532
NE,2019,O046,W,1,0.002636296530633766
NE,2019,O050,W,74,0.19508594326689865
NE,2019,O051,W,26,0.0685437097964779
NE,2019,O055,W,11,0.02899926183697142
NE,2019,O056,W,7,0.01845407571443636
NE,2019,O060,W,165,0.43498892755457136
NE,2019,O061,W,590,1.5554149530739219
NE,2019,O065,W,35,0.0922703785721818
NE,2019,O066,W,13,0.03427185489823895
NE,2019,O070,W,1,0.002636296530633766
NE,2019,O075,W,1,0.002636296530633766
NE,2019,O080,W,103,0.2715385426552779
NE,2019,O081,W,92,0.24253928081830645
NE,2019,O082,W,26,0.0685437097964779
NE,2019,O083,W,4,0.010545186122535063
NE,2019,O11,W,284,0.7487082146999895
NE,2019,O140,W,2846,7.502899926183697
NE,2019,O141,W,13874,36.575978066012865
NE,2019,O149,W,6231,16.426763682378994
NE,2019,O15,W,19,0.05008963408204155
NE,2019,O150,W,1423,3.7514499630918485
NE,2019,O151,W,421,1.1098808393968154
NE,2019,O152,W,116,0.3058103975535168
NE,2019,O159,W,124,0.32690076979858695
NE,2019,O411,W,38,0.1001792681640831
NE,2019,O441,W,297,0.7829800695982284
NE,2019,O450,W,145,0.382262996941896
NE,2019,O458,W,247,0.6511652430665401
NE,2019,O459,W,1427,3.7619951492143837
NE,2019,O468,W,2,0.005272593061267532
NE,2019,O469,W,41,0.10808815775598439
NE,2019,O670,W,7,0.01845407571443636
NE,2019,O679,W,6,0.015817779183802595
NE,2019,O694,W,8,0.021090372245070127
NE,2019,O710,W,6,0.015817779183802595
NE,2019,O711,W,26,0.0685437097964779
NE,2019,O72,W,9,0.023726668775703893
NE,2019,O720,W,105,0.2768111357165454
NE,2019,O721,W,459,1.2100601075608985
NE,2019,O722,W,199,0.5246230095961194
NE,2019,O85,W,2753,7.257724348834757
NE,2019,O86,W,15,0.039544447959506485
NE,2019,O860,W,2017,5.317410102288306
NE,2019,O868,W,283,0.7460719181693557
NE,2019,O883,W,3,0.007908889591901298
NE,2019,O900,W,129,0.3400822524517558
NE,2019,D62,hemorrhage,3,0.05234688536032106
NE,2019,O031,hemorrhage,1763,30.76251963008201
NE,2019,O036,hemorrhage,110,1.9193857965451055
NE,2019,O041,hemorrhage,174,3.0361193508986215
NE,2019,O046,hemorrhage,1,0.017448961786773687
NE,2019,O051,hemorrhage,26,0.45367300645611586
NE,2019,O056,hemorrhage,7,0.12214273250741581
NE,2019,O061,hemorrhage,590,10.294887454196475
NE,2019,O066,hemorrhage,13,0.22683650322805793
NE,2019,O081,hemorrhage,92,1.6053044843831792
NE,2019,O441,hemorrhage,297,5.182341650671785
NE,2019,O450,hemorrhage,145,2.5300994590821846
NE,2019,O458,hemorrhage,247,4.309893561333101
NE,2019,O459,hemorrhage,1427,24.899668469726052
NE,2019,O468,hemorrhage,2,0.034897923573547374
NE,2019,O469,hemorrhage,41,0.7154074332577212
NE,2019,O670,hemorrhage,7,0.12214273250741581
NE,2019,O679,hemorrhage,6,0.10469377072064212
NE,2019,O694,hemorrhage,8,0.1395916942941895
NE,2019,O72,hemorrhage,9,0.15704065608096318
NE,2019,O720,hemorrhage,105,1.8321409876112371
NE,2019,O721,hemorrhage,459,8.009073460129123
NE,2019,O722,hemorrhage,199,3.4723433955679637
NE,2019,O11,hypertension,284,1.1208461599179098
NE,2019,O140,hypertension,2846,11.232141447628068
NE,2019,O141,hypertension,13874,54.75570289683479
NE,2019,O149,hypertension,6231,24.59152261425527
NE,2019,O15,hypertension,19,0.07498618675507143
NE,2019,O150,hypertension,1423,5.616070723814034
NE,2019,O151,hypertension,421,1.6615360328360564
NE,2019,O152,hypertension,116,0.45781040334675194
NE,2019,O159,hypertension,124,0.48938353461204515
NE,2020,A021,W,1,0.002861230329041488
NE,2020,A415,W,1,0.002861230329041488
NE,2020,A418,W,1,0.002861230329041488
NE,2020,A419,W,4,0.011444921316165951
NE,2020,D62,W,3,0.008583690987124463
NE,2020,K359,W,4,0.011444921316165951
NE,2020,N710,W,1,0.002861230329041488
NE,2020,N735,W,2,0.005722460658082976
NE,2020,O030,W,735,2.1030042918454934
NE,2020,O031,W,1652,4.726752503576538
NE,2020,O035,W,367,1.050071530758226
NE,2020,O036,W,75,0.2145922746781116
NE,2020,O040,W,18,0.05150214592274678
NE,2020,O041,W,128,0.36623748211731044
NE,2020,O045,W,11,0.031473533619456366
NE,2020,O046,W,2,0.005722460658082976
NE,2020,O050,W,43,0.12303290414878398
NE,2020,O051,W,18,0.05150214592274678
NE,2020,O055,W,10,0.02861230329041488
NE,2020,O056,W,3,0.008583690987124463
NE,2020,O060,W,289,0.82689556509299
NE,2020,O061,W,422,1.2074391988555078
NE,2020,O065,W,26,0.07439198855507868
NE,2020,O066,W,19,0.05436337625178827
NE,2020,O070,W,1,0.002861230329041488
NE,2020,O071,W,1,0.002861230329041488
NE,2020,O080,W,99,0.2832618025751073
NE,2020,O081,W,121,0.34620886981402005
NE,2020,O082,W,17,0.04864091559370529
NE,2020,O083,W,4,0.011444921316165951
NE,2020,O11,W,282,0.8068669527896996
NE,2020,O140,W,2863,8.19170243204578
NE,2020,O141,W,13294,38.03719599427754
NE,2020,O149,W,5422,15.513590844062946
NE,2020,O15,W,39,0.11158798283261803
NE,2020,O150,W,1129,3.2303290414878396
NE,2020,O151,W,370,1.0586552217453504
NE,2020,O152,W,116,0.3319027181688126
NE,2020,O159,W,113,0.32331902718168815
NE,2020,O411,W,49,0.1402002861230329
NE,2020,O441,W,275,0.7868383404864091
NE,2020,O450,W,147,0.4206008583690987
NE,2020,O458,W,318,0.9098712446351931
NE,2020,O459,W,1373,3.928469241773963
NE,2020,O46,W,8,0.022889842632331903
NE,2020,O460,W,2,0.005722460658082976
NE,2020,O468,W,3,0.008583690987124463
NE,2020,O469,W,32,0.09155937052932761
NE,2020,O670,W,12,0.034334763948497854
NE,2020,O679,W,3,0.008583690987124463
NE,2020,O694,W,7,0.020028612303290415
NE,2020,O710,W,13,0.03719599427753934
NE,2020,O711,W,46,0.13161659513590845
NE,2020,O72,W,16,0.045779685264663805
NE,2020,O720,W,79,0.22603719599427755
NE,2020,O721,W,584,1.6709585121602288
NE,2020,O722,W,176,0.5035765379113019
NE,2020,O85,W,2024,5.791130185979972
NE,2020,O86,W,27,0.07725321888412018
NE,2020,O860,W,1728,4.944206008583691
NE,2020,O868,W,198,0.5665236051502146
NE,2020,O883,W,1,0.002861230329041488
NE,2020,O900,W,123,0.351931330472103
NE,2020,D62,hemorrhage,3,0.05475451724767293
NE,2020,O031,hemorrhage,1652,30.151487497718563
NE,2020,O036,hemorrhage,75,1.3688629311918232
NE,2020,O041,hemorrhage,128,2.336192735900712
NE,2020,O046,hemorrhage,2,0.036503011498448625
NE,2020,O051,hemorrhage,18,0.3285271034860376
NE,2020,O056,hemorrhage,3,0.05475451724767293
NE,2020,O061,hemorrhage,422,7.702135426172659
NE,2020,O066,hemorrhage,19,0.34677860923526194
NE,2020,O071,hemorrhage,1,0.018251505749224312
NE,2020,O081,hemorrhage,121,2.2084321956561417
NE,2020,O441,hemorrhage,275,5.019164081036686
NE,2020,O450,hemorrhage,147,2.682971345135974
NE,2020,O458,hemorrhage,318,5.803978828253331
NE,2020,O459,hemorrhage,1373,25.059317393684978
NE,2020,O46,hemorrhage,8,0.1460120459937945
NE,2020,O460,hemorrhage,2,0.036503011498448625
NE,2020,O468,hemorrhage,3,0.05475451724767293
NE,2020,O469,hemorrhage,32,0.584048183975178
NE,2020,O670,hemorrhage,12,0.21901806899069173
NE,2020,O679,hemorrhage,3,0.05475451724767293
NE,2020,O694,hemorrhage,7,0.12776054024457018
NE,2020,O72,hemorrhage,16,0.292024091987589
NE,2020,O720,hemorrhage,79,1.4418689541887206
NE,2020,O721,hemorrhage,584,10.658879357546997
NE,2020,O722,hemorrhage,176,3.2122650118634786
NE,2020,O11,hypertension,282,1.1934992381919756
NE,2020,O140,hypertension,2863,12.116979854410022
NE,2020,O141,hypertension,13294,56.263754867106826
NE,2020,O149,hypertension,5422,22.947350600981885
NE,2020,O15,hypertension,39,0.16505840528186896
NE,2020,O150,hypertension,1129,4.778229219570002
NE,2020,O151,hypertension,370,1.5659387167767056
NE,2020,O152,hypertension,116,0.4909429490435077
NE,2020,O159,hypertension,113,0.4782461486372101
NE,2021,A410,W,1,0.002699055330634278
NE,2021,A419,W,2,0.005398110661268556
NE,2021,D62,W,3,0.008097165991902834
NE,2021,K359,W,4,0.010796221322537112
NE,2021,K650,W,1,0.002699055330634278
NE,2021,N709,W,2,0.005398110661268556
NE,2021,N710,W,1,0.002699055330634278
NE,2021,N733,W,1,0.002699055330634278
NE,2021,N735,W,1,0.002699055330634278
NE,2021,O030,W,1031,2.7827260458839405
NE,2021,O031,W,1658,4.475033738191633
NE,2021,O035,W,202,0.5452091767881242
NE,2021,O036,W,67,0.18083670715249664
NE,2021,O040,W,21,0.05668016194331984
NE,2021,O041,W,43,0.11605937921727395
NE,2021,O045,W,16,0.043184885290148446
NE,2021,O046,W,1,0.002699055330634278
NE,2021,O050,W,54,0.145748987854251
NE,2021,O051,W,18,0.048582995951417005
NE,2021,O055,W,9,0.024291497975708502
NE,2021,O056,W,17,0.04588394062078273
NE,2021,O060,W,278,0.7503373819163293
NE,2021,O061,W,454,1.2253711201079622
NE,2021,O065,W,27,0.0728744939271255
NE,2021,O066,W,21,0.05668016194331984
NE,2021,O071,W,3,0.008097165991902834
NE,2021,O080,W,128,0.34547908232118757
NE,2021,O081,W,60,0.16194331983805668
NE,2021,O082,W,14,0.037786774628879895
NE,2021,O083,W,10,0.02699055330634278
NE,2021,O11,W,329,0.8879892037786775
NE,2021,O140,W,2792,7.535762483130904
NE,2021,O141,W,14335,38.690958164642375
NE,2021,O149,W,6651,17.951417004048583
NE,2021,O15,W,43,0.11605937921727395
NE,2021,O150,W,956,2.5802968960863697
NE,2021,O151,W,472,1.2739541160593792
NE,2021,O152,W,125,0.33738191632928477
NE,2021,O159,W,152,0.41025641025641024
NE,2021,O411,W,39,0.10526315789473684
NE,2021,O441,W,293,0.7908232118758435
NE,2021,O450,W,208,0.5614035087719298
NE,2021,O458,W,342,0.9230769230769231
NE,2021,O459,W,1344,3.6275303643724697
NE,2021,O46,W,2,0.005398110661268556
NE,2021,O460,W,4,0.010796221322537112
NE,2021,O468,W,4,0.010796221322537112
NE,2021,O469,W,29,0.07827260458839407
NE,2021,O670,W,18,0.048582995951417005
NE,2021,O678,W,3,0.008097165991902834
NE,2021,O679,W,9,0.024291497975708502
NE,2021,O694,W,5,0.01349527665317139
NE,2021,O710,W,21,0.05668016194331984
NE,2021,O711,W,39,0.10526315789473684
NE,2021,O72,W,23,0.0620782726045884
NE,2021,O720,W,41,0.1106612685560054
NE,2021,O721,W,432,1.165991902834008
NE,2021,O722,W,270,0.728744939271255
NE,2021,O753,W,1,0.002699055330634278
NE,2021,O85,W,1968,5.3117408906882595
NE,2021,O86,W,35,0.09446693657219973
NE,2021,O860,W,1566,4.22672064777328
NE,2021,O868,W,227,0.6126855600539811
NE,2021,O883,W,4,0.010796221322537112
NE,2021,O900,W,120,0.32388663967611336
NE,2021,D62,hemorrhage,3,0.05584512285927029
NE,2021,O031,hemorrhage,1658,30.86373790022338
NE,2021,O036,hemorrhage,67,1.2472077438570366
NE,2021,O041,hemorrhage,43,0.8004467609828742
NE,2021,O046,hemorrhage,1,0.018615040953090096
NE,2021,O051,hemorrhage,18,0.33507073715562175
NE,2021,O056,hemorrhage,17,0.31645569620253167
NE,2021,O061,hemorrhage,454,8.451228592702904
NE,2021,O066,hemorrhage,21,0.39091586001489204
NE,2021,O071,hemorrhage,3,0.05584512285927029
NE,2021,O081,hemorrhage,60,1.1169024571854058
NE,2021,O441,hemorrhage,293,5.4542069992553985
NE,2021,O450,hemorrhage,208,3.8719285182427403
NE,2021,O458,hemorrhage,342,6.3663440059568135
NE,2021,O459,hemorrhage,1344,25.01861504095309
NE,2021,O46,hemorrhage,2,0.03723008190618019
NE,2021,O460,hemorrhage,4,0.07446016381236038
NE,2021,O468,hemorrhage,4,0.07446016381236038
NE,2021,O469,hemorrhage,29,0.5398361876396128
NE,2021,O670,hemorrhage,18,0.33507073715562175
NE,2021,O678,hemorrhage,3,0.05584512285927029
NE,2021,O679,hemorrhage,9,0.16753536857781087
NE,2021,O694,hemorrhage,5,0.09307520476545049
NE,2021,O72,hemorrhage,23,0.42814594192107225
NE,2021,O720,hemorrhage,41,0.763216679076694
NE,2021,O721,hemorrhage,432,8.041697691734921
NE,2021,O722,hemorrhage,270,5.026061057334326
NE,2021,O11,hypertension,329,1.272481144846258
NE,2021,O140,hypertension,2792,10.798684973892865
NE,2021,O141,hypertension,14335,55.44382131115838
NE,2021,O149,hypertension,6651,25.724231289885903
NE,2021,O15,hypertension,43,0.16631212531425257
NE,2021,O150,hypertension,956,3.6975439953587315
NE,2021,O151,hypertension,472,1.8255656546122607
NE,2021,O152,hypertension,125,0.4834654805646877
NE,2021,O159,hypertension,152,0.5878940243666603
NE,2022,A41,W,1,0.002575859048992839
NE,2022,A410,W,1,0.002575859048992839
NE,2022,A419,W,8,0.020606872391942713
NE,2022,D62,W,5,0.012879295244964195
NE,2022,K359,W,1,0.002575859048992839
NE,2022,N709,W,1,0.002575859048992839
NE,2022,N710,W,1,0.002575859048992839
NE,2022,O030,W,863,2.22296635928082
NE,2022,O031,W,1312,3.379527072278605
NE,2022,O035,W,380,0.9788264386172789
NE,2022,O036,W,121,0.31167894492813353
NE,2022,O040,W,27,0.06954819432280665
NE,2022,O041,W,46,0.1184895162536706
NE,2022,O045,W,4,0.010303436195971356
NE,2022,O046,W,3,0.007727577146978517
NE,2022,O050,W,51,0.1313688114986348
NE,2022,O051,W,24,0.06182061717582814
NE,2022,O055,W,10,0.02575859048992839
NE,2022,O056,W,65,0.16743083818453455
NE,2022,O060,W,287,0.7392715470609448
NE,2022,O061,W,476,1.2261089073205915
NE,2022,O065,W,27,0.06954819432280665
NE,2022,O066,W,14,0.03606202668589975
NE,2022,O071,W,1,0.002575859048992839
NE,2022,O080,W,80,0.20606872391942713
NE,2022,O081,W,70,0.18031013342949873
NE,2022,O082,W,8,0.020606872391942713
NE,2022,O083,W,8,0.020606872391942713
NE,2022,O11,W,725,1.8674978105198083
NE,2022,O140,W,2385,6.1434238318479215
NE,2022,O141,W,15623,40.24264592241513
NE,2022,O149,W,7145,18.404512905053835
NE,2022,O15,W,21,0.05409304002884962
NE,2022,O150,W,844,2.1740250373499563
NE,2022,O151,W,859,2.212662923084849
NE,2022,O152,W,197,0.5074442326515893
NE,2022,O159,W,202,0.5203235278965535
NE,2022,O411,W,41,0.1056102210087064
NE,2022,O441,W,286,0.736695688011952
NE,2022,O450,W,133,0.3425892535160476
NE,2022,O458,W,259,0.6671474936891453
NE,2022,O459,W,1457,3.7530266343825667
NE,2022,O46,W,7,0.018031013342949875
NE,2022,O468,W,3,0.007727577146978517
NE,2022,O469,W,25,0.06439647622482098
NE,2022,O670,W,16,0.041213744783885425
NE,2022,O678,W,2,0.005151718097985678
NE,2022,O679,W,2,0.005151718097985678
NE,2022,O694,W,9,0.023182731440935554
NE,2022,O710,W,15,0.03863788573489259
NE,2022,O711,W,33,0.08500334861676369
NE,2022,O72,W,23,0.0592447581268353
NE,2022,O720,W,53,0.13652052959662048
NE,2022,O721,W,373,0.960795425274329
NE,2022,O722,W,301,0.7753335737468445
NE,2022,O753,W,2,0.005151718097985678
NE,2022,O85,W,1979,5.0976250579568285
NE,2022,O86,W,25,0.06439647622482098
NE,2022,O860,W,1539,3.9642470763999795
NE,2022,O868,W,234,0.6027510174643244
NE,2022,O883,W,7,0.018031013342949875
NE,2022,O900,W,102,0.2627376229972696
NE,2022,D62,hemorrhage,5,0.09830908375933936
NE,2022,O031,hemorrhage,1312,25.796303578450647
NE,2022,O036,hemorrhage,121,2.3790798269760125
NE,2022,O041,hemorrhage,46,0.9044435705859222
NE,2022,O046,hemorrhage,3,0.058985450255603616
NE,2022,O051,hemorrhage,24,0.47188360204482893
NE,2022,O056,hemorrhage,65,1.2780180888714117
NE,2022,O061,hemorrhage,476,9.359024773889107
NE,2022,O066,hemorrhage,14,0.2752654345261502
NE,2022,O071,hemorrhage,1,0.019661816751867872
NE,2022,O081,hemorrhage,70,1.376327172630751
NE,2022,O441,hemorrhage,286,5.623279591034212
NE,2022,O450,hemorrhage,133,2.615021627998427
NE,2022,O458,hemorrhage,259,5.092410538733779
NE,2022,O459,hemorrhage,1457,28.64726700747149
NE,2022,O46,hemorrhage,7,0.1376327172630751
NE,2022,O468,hemorrhage,3,0.058985450255603616
NE,2022,O469,hemorrhage,25,0.49154541879669683
NE,2022,O670,hemorrhage,16,0.31458906802988595
NE,2022,O678,hemorrhage,2,0.039323633503735744
NE,2022,O679,hemorrhage,2,0.039323633503735744
NE,2022,O694,hemorrhage,9,0.17695635076681085
NE,2022,O72,hemorrhage,23,0.4522217852929611
NE,2022,O720,hemorrhage,53,1.0420762878489973
NE,2022,O721,hemorrhage,373,7.333857648446717
NE,2022,O722,hemorrhage,301,5.918206842312229
NE,2022,O11,hypertension,725,2.5891932430984608
NE,2022,O140,hypertension,2385,8.517552944537695
NE,2022,O141,hypertension,15623,55.794435913003106
NE,2022,O149,hypertension,7145,25.51694582336345
NE,2022,O15,hypertension,21,0.07499732152423128
NE,2022,O150,hypertension,844,3.0141780650691046
NE,2022,O151,hypertension,859,3.0677475804435557
NE,2022,O152,hypertension,197,0.7035463019177887
NE,2022,O159,hypertension,202,0.7214028070426056
NE,2023,A41,W,1,0.0025921509668723106
NE,2023,A410,W,1,0.0025921509668723106
NE,2023,A412,W,2,0.005184301933744621
NE,2023,A418,W,1,0.0025921509668723106
NE,2023,A419,W,4,0.010368603867489242
NE,2023,D62,W,4,0.010368603867489242
NE,2023,K359,W,1,0.0025921509668723106
NE,2023,K659,W,1,0.0025921509668723106
NE,2023,N709,W,1,0.0025921509668723106
NE,2023,N710,W,2,0.005184301933744621
NE,2023,O030,W,839,2.1748146612058687
NE,2023,O031,W,939,2.4340297578930996
NE,2023,O035,W,327,0.8476333661672456
NE,2023,O036,W,88,0.22810928508476333
NE,2023,O040,W,34,0.08813313287365857
NE,2023,O041,W,34,0.08813313287365857
NE,2023,O045,W,13,0.03369796256934004
NE,2023,O046,W,2,0.005184301933744621
NE,2023,O050,W,41,0.10627818964176473
NE,2023,O051,W,33,0.08554098190678625
NE,2023,O055,W,6,0.015552905801233865
NE,2023,O056,W,43,0.11146249157550936
NE,2023,O060,W,292,0.7569080823267147
NE,2023,O061,W,427,1.1068484628544766
NE,2023,O065,W,36,0.09331743480740318
NE,2023,O066,W,28,0.0725802270724247
NE,2023,O071,W,2,0.005184301933744621
NE,2023,O080,W,84,0.2177406812172741
NE,2023,O081,W,54,0.13997615221110477
NE,2023,O082,W,16,0.04147441546995697
NE,2023,O083,W,12,0.03110581160246773
NE,2023,O11,W,607,1.5734356368914926
NE,2023,O140,W,2738,7.097309347296386
NE,2023,O141,W,15504,40.1887085903883
NE,2023,O149,W,7487,19.40743428897299
NE,2023,O15,W,35,0.09072528384053087
NE,2023,O150,W,814,2.110010887034061
NE,2023,O151,W,523,1.3556949556742184
NE,2023,O152,W,304,0.7880138939291824
NE,2023,O159,W,186,0.4821400798382498
NE,2023,O411,W,38,0.0985017367411478
NE,2023,O441,W,234,0.6065633262481207
NE,2023,O450,W,126,0.3266110218259111
NE,2023,O458,W,176,0.45621857016952666
NE,2023,O459,W,1341,3.4760744465757685
NE,2023,O46,W,12,0.03110581160246773
NE,2023,O468,W,1,0.0025921509668723106
NE,2023,O469,W,23,0.059619472238063145
NE,2023,O670,W,19,0.0492508683705739
NE,2023,O678,W,3,0.007776452900616932
NE,2023,O679,W,6,0.015552905801233865
NE,2023,O694,W,25,0.06480377417180777
NE,2023,O710,W,27,0.06998807610555238
NE,2023,O711,W,48,0.12442324640987092
NE,2023,O72,W,40,0.10368603867489243
NE,2023,O720,W,62,0.16071335994608327
NE,2023,O721,W,377,0.9772409145108611
NE,2023,O722,W,249,0.6454455907512053
NE,2023,O85,W,2209,5.726061485820934
NE,2023,O86,W,30,0.07776452900616931
NE,2023,O860,W,1615,4.186323811498782
NE,2023,O868,W,211,0.5469438540100575
NE,2023,O883,W,1,0.0025921509668723106
NE,2023,O900,W,139,0.36030898439525116
NE,2023,D62,hemorrhage,4,0.09199632014719411
NE,2023,O031,hemorrhage,939,21.596136154553818
NE,2023,O036,hemorrhage,88,2.0239190432382705
NE,2023,O041,hemorrhage,34,0.7819687212511499
NE,2023,O046,hemorrhage,2,0.045998160073597055
NE,2023,O051,hemorrhage,33,0.7589696412143514
NE,2023,O056,hemorrhage,43,0.9889604415823368
NE,2023,O061,hemorrhage,427,9.820607175712972
NE,2023,O066,hemorrhage,28,0.6439742410303588
NE,2023,O071,hemorrhage,2,0.045998160073597055
NE,2023,O081,hemorrhage,54,1.2419503219871204
NE,2023,O441,hemorrhage,234,5.381784728610856
NE,2023,O450,hemorrhage,126,2.8978840846366145
NE,2023,O458,hemorrhage,176,4.047838086476541
NE,2023,O459,hemorrhage,1341,30.841766329346825
NE,2023,O46,hemorrhage,12,0.27598896044158233
NE,2023,O468,hemorrhage,1,0.022999080036798528
NE,2023,O469,hemorrhage,23,0.5289788408463661
NE,2023,O670,hemorrhage,19,0.43698252069917204
NE,2023,O678,hemorrhage,3,0.06899724011039558
NE,2023,O679,hemorrhage,6,0.13799448022079117
NE,2023,O694,hemorrhage,25,0.5749770009199632
NE,2023,O72,hemorrhage,40,0.9199632014719411
NE,2023,O720,hemorrhage,62,1.4259429622815087
NE,2023,O721,hemorrhage,377,8.670653173873045
NE,2023,O722,hemorrhage,249,5.726770929162834
NE,2023,O11,hypertension,607,2.152634938648131
NE,2023,O140,hypertension,2738,9.709908504149231
NE,2023,O141,hypertension,15504,54.98262288105539
NE,2023,O149,hypertension,7487,26.551528477196964
NE,2023,O15,hypertension,35,0.12412227817575715
NE,2023,O150,hypertension,814,2.886729555287609
NE,2023,O151,hypertension,523,1.854741471026314
NE,2023,O152,hypertension,304,1.0780906447265763
NE,2023,O159,hypertension,186,0.6596212497340237
NE,2024,A021,W,1,0.0026784518548279095
NE,2024,A410,W,1,0.0026784518548279095
NE,2024,A419,W,4,0.010713807419311638
NE,2024,D62,W,5,0.013392259274139548
NE,2024,K350,W,1,0.0026784518548279095
NE,2024,K359,W,2,0.005356903709655819
NE,2024,N709,W,3,0.008035355564483728
NE,2024,N710,W,2,0.005356903709655819
NE,2024,N733,W,1,0.0026784518548279095
NE,2024,O030,W,841,2.252578009910272
NE,2024,O031,W,992,2.657024239989286
NE,2024,O035,W,110,0.29462970403107
NE,2024,O036,W,116,0.3107004151600375
NE,2024,O040,W,43,0.1151734297576001
NE,2024,O041,W,31,0.08303200749966519
NE,2024,O045,W,3,0.008035355564483728
NE,2024,O046,W,6,0.016070711128967456
NE,2024,O050,W,55,0.147314852015535
NE,2024,O051,W,38,0.10178117048346055
NE,2024,O055,W,14,0.037498325967590736
NE,2024,O056,W,26,0.06963974822552564
NE,2024,O060,W,258,0.6910405785456006
NE,2024,O061,W,380,1.0178117048346056
NE,2024,O065,W,23,0.061604392661041917
NE,2024,O066,W,20,0.05356903709655819
NE,2024,O070,W,4,0.010713807419311638
NE,2024,O071,W,3,0.008035355564483728
NE,2024,O075,W,1,0.0026784518548279095
NE,2024,O080,W,54,0.1446364001607071
NE,2024,O081,W,79,0.21159769653140484
NE,2024,O082,W,34,0.09106736306414892
NE,2024,O083,W,11,0.029462970403107004
NE,2024,O11,W,355,0.9508504084639079
NE,2024,O140,W,2564,6.8675505557787595
NE,2024,O141,W,14575,39.03843578411678
NE,2024,O149,W,7865,21.066023838221508
NE,2024,O15,W,52,0.13927949645105128
NE,2024,O150,W,811,2.1722244542654345
NE,2024,O151,W,252,0.6749698674166332
NE,2024,O152,W,315,0.8437123342707915
NE,2024,O159,W,176,0.47140752644971207
NE,2024,O411,W,40,0.10713807419311638
NE,2024,O441,W,230,0.6160439266104192
NE,2024,O450,W,154,0.41248158564349807
NE,2024,O458,W,205,0.5490826302397215
NE,2024,O459,W,1203,3.222177581357975
NE,2024,O46,W,11,0.029462970403107004
NE,2024,O460,W,1,0.0026784518548279095
NE,2024,O468,W,4,0.010713807419311638
NE,2024,O469,W,32,0.0857104593544931
NE,2024,O670,W,19,0.05089058524173028
NE,2024,O678,W,16,0.04285522967724655
NE,2024,O679,W,12,0.03214142225793491
NE,2024,O694,W,15,0.040176777822418644
NE,2024,O710,W,20,0.05356903709655819
NE,2024,O711,W,56,0.14999330387036294
NE,2024,O72,W,62,0.16606401499933038
NE,2024,O720,W,56,0.14999330387036294
NE,2024,O721,W,449,1.2026248828177313
NE,2024,O722,W,271,0.7258604526583635
NE,2024,O85,W,2239,5.997053702959689
NE,2024,O86,W,42,0.1124949779027722
NE,2024,O860,W,1726,4.623007901432972
NE,2024,O868,W,233,0.6240792821749029
NE,2024,O883,W,1,0.0026784518548279095
NE,2024,O900,W,111,0.29730815588589793
NE,2024,D62,hemorrhage,5,0.1127141568981064
NE,2024,O031,hemorrhage,992,22.36248872858431
NE,2024,O036,hemorrhage,116,2.6149684400360687
NE,2024,O041,hemorrhage,31,0.6988277727682597
NE,2024,O046,hemorrhage,6,0.13525698827772767
NE,2024,O051,hemorrhage,38,0.8566275924256087
NE,2024,O056,hemorrhage,26,0.5861136158701533
NE,2024,O061,hemorrhage,380,8.566275924256086
NE,2024,O066,hemorrhage,20,0.4508566275924256
NE,2024,O071,hemorrhage,3,0.06762849413886383
NE,2024,O081,hemorrhage,79,1.7808836789900813
NE,2024,O441,hemorrhage,230,5.184851217312895
NE,2024,O450,hemorrhage,154,3.4715960324616773
NE,2024,O458,hemorrhage,205,4.6212804328223624
NE,2024,O459,hemorrhage,1203,27.1190261496844
NE,2024,O46,hemorrhage,11,0.24797114517583407
NE,2024,O460,hemorrhage,1,0.02254283137962128
NE,2024,O468,hemorrhage,4,0.09017132551848513
NE,2024,O469,hemorrhage,32,0.721370604147881
NE,2024,O670,hemorrhage,19,0.42831379621280435
NE,2024,O678,hemorrhage,16,0.3606853020739405
NE,2024,O679,hemorrhage,12,0.27051397655545534
NE,2024,O694,hemorrhage,15,0.3381424706943192
NE,2024,O72,hemorrhage,62,1.3976555455365194
NE,2024,O720,hemorrhage,56,1.2623985572587917
NE,2024,O721,hemorrhage,449,10.121731289449954
NE,2024,O722,hemorrhage,271,6.109107303877367
NE,2024,O11,hypertension,355,1.3165214166512145
NE,2024,O140,hypertension,2564,9.508622288151308
NE,2024,O141,hypertension,14575,54.0515483033562
NE,2024,O149,hypertension,7865,29.167439273131837
NE,2024,O15,hypertension,52,0.19284257370665678
NE,2024,O150,hypertension,811,3.007602447617282
NE,2024,O151,hypertension,252,0.9345447802707213
NE,2024,O152,hypertension,315,1.1681809753384016
NE,2024,O159,hypertension,176,0.6526979417763767
NE,2025,A41,W,2,0.004995753609431983
NE,2025,A418,W,1,0.0024978768047159913
NE,2025,A419,W,7,0.01748513763301194
NE,2025,D62,W,7,0.01748513763301194
NE,2025,K359,W,1,0.0024978768047159913
NE,2025,N700,W,1,0.0024978768047159913
NE,2025,N709,W,4,0.009991507218863965
NE,2025,N710,W,3,0.007493630414147974
NE,2025,O030,W,905,2.2605785082679724
NE,2025,O031,W,819,2.045761103062397
NE,2025,O035,W,164,0.4096517959734226
NE,2025,O036,W,105,0.2622770644951791
NE,2025,O040,W,43,0.10740870260278763
NE,2025,O041,W,16,0.03996602887545586
NE,2025,O045,W,4,0.009991507218863965
NE,2025,O046,W,3,0.007493630414147974
NE,2025,O050,W,69,0.1723534995254034
NE,2025,O051,W,34,0.0849278113603437
NE,2025,O055,W,10,0.024978768047159913
NE,2025,O056,W,5,0.012489384023579957
NE,2025,O060,W,337,0.8417844831892891
NE,2025,O061,W,189,0.47209871609132237
NE,2025,O065,W,25,0.06244692011789978
NE,2025,O066,W,16,0.03996602887545586
NE,2025,O070,W,4,0.009991507218863965
NE,2025,O080,W,66,0.16485986911125544
NE,2025,O081,W,78,0.19483439076784734
NE,2025,O082,W,86,0.21481740520557527
NE,2025,O083,W,9,0.022480891242443922
NE,2025,O11,W,616,1.5386921117050507
NE,2025,O140,W,3824,9.55188090123395
NE,2025,O141,W,14938,37.31328370884748
NE,2025,O149,W,8686,21.696557925763102
NE,2025,O15,W,65,0.16236199230653944
NE,2025,O150,W,839,2.0957186391567166
NE,2025,O151,W,295,0.7368736573912175
NE,2025,O152,W,298,0.7443672878053654
NE,2025,O159,W,141,0.3522006294649548
NE,2025,O411,W,37,0.09242144177449169
NE,2025,O441,W,207,0.5170604985762102
NE,2025,O450,W,133,0.33221761502722685
NE,2025,O458,W,221,0.5520307738422341
NE,2025,O459,W,1083,2.7052005795074185
NE,2025,O46,W,13,0.03247239846130789
NE,2025,O460,W,1,0.0024978768047159913
NE,2025,O468,W,2,0.004995753609431983
NE,2025,O469,W,31,0.07743418094619574
NE,2025,O670,W,27,0.06744267372733177
NE,2025,O678,W,5,0.012489384023579957
NE,2025,O679,W,12,0.029974521656591896
NE,2025,O694,W,12,0.029974521656591896
NE,2025,O710,W,62,0.15486836189239148
NE,2025,O711,W,115,0.287255832542339
NE,2025,O72,W,71,0.17734925313483538
NE,2025,O720,W,46,0.1149023330169356
NE,2025,O721,W,474,1.18399360543538
NE,2025,O722,W,238,0.594494679522406
NE,2025,O753,W,1,0.0024978768047159913
NE,2025,O85,W,2340,5.84503172303542
NE,2025,O86,W,39,0.09741719538392367
NE,2025,O860,W,1732,4.326322625768097
NE,2025,O868,W,315,0.7868311934855373
NE,2025,O883,W,5,0.012489384023579957
NE,2025,O900,W,97,0.24229405005745117
NE,2025,D62,hemorrhage,7,0.18191268191268192
NE,2025,O031,hemorrhage,819,21.283783783783782
NE,2025,O036,hemorrhage,105,2.728690228690229
NE,2025,O041,hemorrhage,16,0.4158004158004158
NE,2025,O046,hemorrhage,3,0.07796257796257797
NE,2025,O051,hemorrhage,34,0.8835758835758836
NE,2025,O056,hemorrhage,5,0.12993762993762994
NE,2025,O061,hemorrhage,189,4.911642411642411
NE,2025,O066,hemorrhage,16,0.4158004158004158
NE,2025,O081,hemorrhage,78,2.027027027027027
NE,2025,O441,hemorrhage,207,5.379417879417879
NE,2025,O450,hemorrhage,133,3.456340956340956
NE,2025,O458,hemorrhage,221,5.743243243243243
NE,2025,O459,hemorrhage,1083,28.144490644490645
NE,2025,O46,hemorrhage,13,0.33783783783783783
NE,2025,O460,hemorrhage,1,0.02598752598752599
NE,2025,O468,hemorrhage,2,0.05197505197505198
NE,2025,O469,hemorrhage,31,0.8056133056133056
NE,2025,O670,hemorrhage,27,0.7016632016632016
NE,2025,O678,hemorrhage,5,0.12993762993762994
NE,2025,O679,hemorrhage,12,0.31185031185031187
NE,2025,O694,hemorrhage,12,0.31185031185031187
NE,2025,O72,hemorrhage,71,1.845114345114345
NE,2025,O720,hemorrhage,46,1.1954261954261953
NE,2025,O721,hemorrhage,474,12.318087318087318
NE,2025,O722,hemorrhage,238,6.185031185031185
NE,2025,O11,hypertension,616,2.0739344151908963
NE,2025,O140,hypertension,3824,12.874553902094135
NE,2025,O141,hypertension,14938,50.29290956837924
NE,2025,O149,hypertension,8686,29.243821964850852
NE,2025,O15,hypertension,65,0.218840482122416
NE,2025,O150,hypertension,839,2.824725607703185
NE,2025,O151,hypertension,295,0.9931991111709649
NE,2025,O152,hypertension,298,1.0032994411150764
NE,2025,O159,hypertension,141,0.47471550737324086
PB,2008,O030,W,26,1.354872329338197
PB,2008,O031,W,172,8.963001563314226
PB,2008,O035,W,1,0.05211047420531527
PB,2008,O040,W,1,0.05211047420531527
PB,2008,O041,W,2,0.10422094841063054
PB,2008,O045,W,1,0.05211047420531527
PB,2008,O050,W,1,0.05211047420531527
PB,2008,O051,W,2,0.10422094841063054
PB,2008,O060,W,62,3.2308494007295465
PB,2008,O081,W,11,0.5732152162584679
PB,2008,O083,W,1,0.05211047420531527
PB,2008,O11,W,2,0.10422094841063054
PB,2008,O140,W,23,1.1985409067222512
PB,2008,O141,W,427,22.25117248566962
PB,2008,O149,W,53,2.7618551328817094
PB,2008,O150,W,496,25.846795205836372
PB,2008,O151,W,31,1.6154247003647733
PB,2008,O152,W,1,0.05211047420531527
PB,2008,O159,W,4,0.20844189682126107
PB,2008,O411,W,3,0.1563314226159458
PB,2008,O441,W,351,18.29077644606566
PB,2008,O450,W,58,3.0224075039082856
PB,2008,O458,W,11,0.5732152162584679
PB,2008,O459,W,32,1.6675351745700886
PB,2008,O694,W,2,0.10422094841063054
PB,2008,O710,W,1,0.05211047420531527
PB,2008,O711,W,4,0.20844189682126107
PB,2008,O720,W,1,0.05211047420531527
PB,2008,O722,W,2,0.10422094841063054
PB,2008,O85,W,57,2.9702970297029703
PB,2008,O860,W,35,1.8238665971860344
PB,2008,O868,W,12,0.6253256904637832
PB,2008,O900,W,33,1.719645648775404
PB,2008,O031,hemorrhage,172,26.70807453416149
PB,2008,O041,hemorrhage,2,0.3105590062111801
PB,2008,O051,hemorrhage,2,0.3105590062111801
PB,2008,O081,hemorrhage,11,1.7080745341614907
PB,2008,O441,hemorrhage,351,54.50310559006211
PB,2008,O450,hemorrhage,58,9.006211180124224
PB,2008,O458,hemorrhage,11,1.7080745341614907
PB,2008,O459,hemorrhage,32,4.968944099378882
PB,2008,O694,hemorrhage,2,0.3105590062111801
PB,2008,O720,hemorrhage,1,0.15527950310559005
PB,2008,O722,hemorrhage,2,0.3105590062111801
PB,2008,O11,hypertension,2,0.19286403085824494
PB,2008,O140,hypertension,23,2.217936354869817
PB,2008,O141,hypertension,427,41.1764705882353
PB,2008,O149,hypertension,53,5.110896817743491
PB,2008,O150,hypertension,496,47.830279652844744
PB,2008,O151,hypertension,31,2.9893924783027965
PB,2008,O152,hypertension,1,0.09643201542912247
PB,2008,O159,hypertension,4,0.3857280617164899
PB,2009,O030,W,10,0.41050903119868637
PB,2009,O031,W,272,11.16584564860427
PB,2009,O036,W,2,0.08210180623973727
PB,2009,O060,W,42,1.7241379310344827
PB,2009,O080,W,1,0.041050903119868636
PB,2009,O081,W,18,0.7389162561576355
PB,2009,O083,W,1,0.041050903119868636
PB,2009,O11,W,4,0.16420361247947454
PB,2009,O140,W,34,1.3957307060755337
PB,2009,O141,W,363,14.901477832512315
PB,2009,O149,W,41,1.6830870279146142
PB,2009,O150,W,479,19.663382594417076
PB,2009,O151,W,22,0.90311986863711
PB,2009,O159,W,4,0.16420361247947454
PB,2009,O411,W,10,0.41050903119868637
PB,2009,O441,W,792,32.51231527093596
PB,2009,O450,W,55,2.257799671592775
PB,2009,O458,W,24,0.9852216748768473
PB,2009,O459,W,36,1.477832512315271
PB,2009,O694,W,5,0.20525451559934318
PB,2009,O710,W,1,0.041050903119868636
PB,2009,O721,W,3,0.12315270935960591
PB,2009,O722,W,3,0.12315270935960591
PB,2009,O85,W,117,4.802955665024631
PB,2009,O860,W,40,1.6420361247947455
PB,2009,O868,W,23,0.9441707717569786
PB,2009,O900,W,34,1.3957307060755337
PB,2009,O031,hemorrhage,272,22.479338842975206
PB,2009,O036,hemorrhage,2,0.1652892561983471
PB,2009,O081,hemorrhage,18,1.487603305785124
PB,2009,O441,hemorrhage,792,65.45454545454545
PB,2009,O450,hemorrhage,55,4.545454545454546
PB,2009,O458,hemorrhage,24,1.9834710743801653
PB,2009,O459,hemorrhage,36,2.975206611570248
PB,2009,O694,hemorrhage,5,0.4132231404958678
PB,2009,O721,hemorrhage,3,0.24793388429752067
PB,2009,O722,hemorrhage,3,0.24793388429752067
PB,2009,O11,hypertension,4,0.42238648363252373
PB,2009,O140,hypertension,34,3.5902851108764517
PB,2009,O141,hypertension,363,38.33157338965153
PB,2009,O149,hypertension,41,4.329461457233369
PB,2009,O150,hypertension,479,50.58078141499472
PB,2009,O151,hypertension,22,2.3231256599788805
PB,2009,O159,hypertension,4,0.42238648363252373
PB,2010,O030,W,3,0.11001100110011001
PB,2010,O031,W,351,12.871287128712872
PB,2010,O035,W,1,0.03667033370003667
PB,2010,O036,W,3,0.11001100110011001
PB,2010,O060,W,1,0.03667033370003667
PB,2010,O061,W,1,0.03667033370003667
PB,2010,O080,W,1,0.03667033370003667
PB,2010,O081,W,31,1.1367803447011369
PB,2010,O11,W,3,0.11001100110011001
PB,2010,O140,W,39,1.4301430143014302
PB,2010,O141,W,390,14.3014301430143
PB,2010,O149,W,40,1.466813348001467
PB,2010,O150,W,530,19.435276861019435
PB,2010,O151,W,16,0.5867253392005867
PB,2010,O159,W,1,0.03667033370003667
PB,2010,O411,W,18,0.6600660066006601
PB,2010,O441,W,1005,36.85368536853685
PB,2010,O450,W,73,2.6769343601026767
PB,2010,O458,W,22,0.8067473414008067
PB,2010,O459,W,27,0.9900990099009901
PB,2010,O694,W,2,0.07334066740007333
PB,2010,O721,W,6,0.22002200220022003
PB,2010,O722,W,2,0.07334066740007333
PB,2010,O85,W,106,3.887055372203887
PB,2010,O860,W,21,0.77007700770077
PB,2010,O868,W,14,0.5133846718005134
PB,2010,O900,W,20,0.7334066740007334
PB,2010,O031,hemorrhage,351,23.04661851608667
PB,2010,O036,hemorrhage,3,0.1969796454366382
PB,2010,O061,hemorrhage,1,0.06565988181221274
PB,2010,O081,hemorrhage,31,2.0354563361785947
PB,2010,O441,hemorrhage,1005,65.9881812212738
PB,2010,O450,hemorrhage,73,4.79317137229153
PB,2010,O458,hemorrhage,22,1.4445173998686802
PB,2010,O459,hemorrhage,27,1.772816808929744
PB,2010,O694,hemorrhage,2,0.1313197636244255
PB,2010,O721,hemorrhage,6,0.3939592908732764
PB,2010,O722,hemorrhage,2,0.1313197636244255
PB,2010,O11,hypertension,3,0.2944062806673209
PB,2010,O140,hypertension,39,3.827281648675172
PB,2010,O141,hypertension,390,38.272816486751715
PB,2010,O149,hypertension,40,3.9254170755642788
PB,2010,O150,hypertension,530,52.01177625122669
PB,2010,O151,hypertension,16,1.5701668302257115
PB,2010,O159,hypertension,1,0.09813542688910697
PB,2011,O030,W,4,0.3137254901960784
PB,2011,O031,W,73,5.7254901960784315
PB,2011,O035,W,1,0.0784313725490196
PB,2011,O060,W,1,0.0784313725490196
PB,2011,O080,W,3,0.23529411764705882
PB,2011,O081,W,51,4.0
PB,2011,O11,W,2,0.1568627450980392
PB,2011,O140,W,64,5.019607843137255
PB,2011,O141,W,331,25.96078431372549
PB,2011,O149,W,21,1.6470588235294117
PB,2011,O150,W,405,31.764705882352942
PB,2011,O151,W,13,1.0196078431372548
PB,2011,O152,W,1,0.0784313725490196
PB,2011,O159,W,2,0.1568627450980392
PB,2011,O411,W,4,0.3137254901960784
PB,2011,O441,W,53,4.1568627450980395
PB,2011,O450,W,55,4.313725490196078
PB,2011,O458,W,7,0.5490196078431373
PB,2011,O459,W,28,2.196078431372549
PB,2011,O468,W,2,0.1568627450980392
PB,2011,O711,W,1,0.0784313725490196
PB,2011,O721,W,2,0.1568627450980392
PB,2011,O722,W,7,0.5490196078431373
PB,2011,O85,W,80,6.2745098039215685
PB,2011,O860,W,25,1.9607843137254901
PB,2011,O868,W,8,0.6274509803921569
PB,2011,O900,W,31,2.4313725490196076
PB,2011,O031,hemorrhage,73,26.258992805755394
PB,2011,O081,hemorrhage,51,18.345323741007196
PB,2011,O441,hemorrhage,53,19.06474820143885
PB,2011,O450,hemorrhage,55,19.784172661870503
PB,2011,O458,hemorrhage,7,2.5179856115107913
PB,2011,O459,hemorrhage,28,10.071942446043165
PB,2011,O468,hemorrhage,2,0.7194244604316546
PB,2011,O721,hemorrhage,2,0.7194244604316546
PB,2011,O722,hemorrhage,7,2.5179856115107913
PB,2011,O11,hypertension,2,0.23837902264600716
PB,2011,O140,hypertension,64,7.628128724672229
PB,2011,O141,hypertension,331,39.45172824791418
PB,2011,O149,hypertension,21,2.502979737783075
PB,2011,O150,hypertension,405,48.271752085816445
PB,2011,O151,hypertension,13,1.5494636471990464
PB,2011,O152,hypertension,1,0.11918951132300358
PB,2011,O159,hypertension,2,0.23837902264600716
PB,2012,O030,W,2,0.16863406408094436
PB,2012,O031,W,7,0.5902192242833052
PB,2012,O035,W,2,0.16863406408094436
PB,2012,O056,W,1,0.08431703204047218
PB,2012,O060,W,2,0.16863406408094436
PB,2012,O080,W,6,0.5059021922428331
PB,2012,O081,W,58,4.8903878583473865
PB,2012,O11,W,2,0.16863406408094436
PB,2012,O140,W,101,8.516020236087689
PB,2012,O141,W,163,13.743676222596964
PB,2012,O149,W,7,0.5902192242833052
PB,2012,O150,W,543,45.78414839797639
PB,2012,O151,W,20,1.6863406408094435
PB,2012,O152,W,1,0.08431703204047218
PB,2012,O159,W,2,0.16863406408094436
PB,2012,O441,W,14,1.1804384485666104
PB,2012,O450,W,73,6.155143338954469
PB,2012,O458,W,6,0.5059021922428331
PB,2012,O459,W,23,1.93929173693086
PB,2012,O720,W,1,0.08431703204047218
PB,2012,O721,W,4,0.3372681281618887
PB,2012,O722,W,2,0.16863406408094436
PB,2012,O85,W,72,6.070826306913997
PB,2012,O860,W,43,3.6256323777403034
PB,2012,O868,W,2,0.16863406408094436
PB,2012,O900,W,29,2.4451939291736933
PB,2012,O031,hemorrhage,7,3.7037037037037037
PB,2012,O056,hemorrhage,1,0.5291005291005291
PB,2012,O081,hemorrhage,58,30.687830687830687
PB,2012,O441,hemorrhage,14,7.407407407407407
PB,2012,O450,hemorrhage,73,38.62433862433863
PB,2012,O458,hemorrhage,6,3.1746031746031744
PB,2012,O459,hemorrhage,23,12.16931216931217
PB,2012,O720,hemorrhage,1,0.5291005291005291
PB,2012,O721,hemorrhage,4,2.1164021164021163
PB,2012,O722,hemorrhage,2,1.0582010582010581
PB,2012,O11,hypertension,2,0.23837902264600716
PB,2012,O140,hypertension,101,12.038140643623361
PB,2012,O141,hypertension,163,19.427890345649583
PB,2012,O149,hypertension,7,0.834326579261025
PB,2012,O150,hypertension,543,64.71990464839094
PB,2012,O151,hypertension,20,2.3837902264600714
PB,2012,O152,hypertension,1,0.11918951132300358
PB,2012,O159,hypertension,2,0.23837902264600716
PB,2013,O030,W,5,0.3711952487008166
PB,2013,O031,W,1,0.07423904974016332
PB,2013,O035,W,3,0.22271714922049
PB,2013,O036,W,2,0.14847809948032664
PB,2013,O060,W,4,0.2969561989606533
PB,2013,O080,W,3,0.22271714922049
PB,2013,O081,W,60,4.4543429844097995
PB,2013,O11,W,1,0.07423904974016332
PB,2013,O140,W,65,4.825538233110616
PB,2013,O141,W,158,11.729769858945806
PB,2013,O149,W,22,1.6332590942835932
PB,2013,O150,W,731,54.26874536005939
PB,2013,O151,W,15,1.1135857461024499
PB,2013,O159,W,2,0.14847809948032664
PB,2013,O411,W,1,0.07423904974016332
PB,2013,O441,W,5,0.3711952487008166
PB,2013,O450,W,70,5.196733481811433
PB,2013,O458,W,3,0.22271714922049
PB,2013,O459,W,26,1.9302152932442465
PB,2013,O694,W,1,0.07423904974016332
PB,2013,O720,W,1,0.07423904974016332
PB,2013,O721,W,2,0.14847809948032664
PB,2013,O722,W,1,0.07423904974016332
PB,2013,O85,W,71,5.270972531551596
PB,2013,O860,W,42,3.11804008908686
PB,2013,O868,W,3,0.22271714922049
PB,2013,O900,W,49,3.637713437268003
PB,2013,O031,hemorrhage,1,0.5813953488372093
PB,2013,O036,hemorrhage,2,1.1627906976744187
PB,2013,O081,hemorrhage,60,34.883720930232556
PB,2013,O441,hemorrhage,5,2.9069767441860463
PB,2013,O450,hemorrhage,70,40.69767441860465
PB,2013,O458,hemorrhage,3,1.744186046511628
PB,2013,O459,hemorrhage,26,15.116279069767442
PB,2013,O694,hemorrhage,1,0.5813953488372093
PB,2013,O720,hemorrhage,1,0.5813953488372093
PB,2013,O721,hemorrhage,2,1.1627906976744187
PB,2013,O722,hemorrhage,1,0.5813953488372093
PB,2013,O11,hypertension,1,0.1006036217303823
PB,2013,O140,hypertension,65,6.5392354124748495
PB,2013,O141,hypertension,158,15.895372233400403
PB,2013,O149,hypertension,22,2.2132796780684103
PB,2013,O150,hypertension,731,73.54124748490946
PB,2013,O151,hypertension,15,1.5090543259557343
PB,2013,O159,hypertension,2,0.2012072434607646
PB,2014,O030,W,1,0.07535795026375283
PB,2014,O031,W,2,0.15071590052750566
PB,2014,O060,W,3,0.22607385079125847
PB,2014,O065,W,1,0.07535795026375283
PB,2014,O080,W,7,0.5275056518462697
PB,2014,O081,W,56,4.220045214770158
PB,2014,O140,W,40,3.014318010550113
PB,2014,O141,W,167,12.584777694046721
PB,2014,O149,W,25,1.8839487565938207
PB,2014,O150,W,704,53.05199698568199
PB,2014,O151,W,10,0.7535795026375283
PB,2014,O159,W,1,0.07535795026375283
PB,2014,O411,W,1,0.07535795026375283
PB,2014,O441,W,9,0.6782215523737755
PB,2014,O450,W,69,5.199698568198945
PB,2014,O458,W,4,0.30143180105501133
PB,2014,O459,W,28,2.110022607385079
PB,2014,O720,W,1,0.07535795026375283
PB,2014,O721,W,2,0.15071590052750566
PB,2014,O722,W,3,0.22607385079125847
PB,2014,O85,W,102,7.6865109269027885
PB,2014,O860,W,53,3.9939713639788996
PB,2014,O868,W,5,0.37678975131876413
PB,2014,O900,W,33,2.486812358703843
PB,2014,O031,hemorrhage,2,1.1494252873563218
PB,2014,O081,hemorrhage,56,32.18390804597701
PB,2014,O441,hemorrhage,9,5.172413793103448
PB,2014,O450,hemorrhage,69,39.6551724137931
PB,2014,O458,hemorrhage,4,2.2988505747126435
PB,2014,O459,hemorrhage,28,16.091954022988507
PB,2014,O720,hemorrhage,1,0.5747126436781609
PB,2014,O721,hemorrhage,2,1.1494252873563218
PB,2014,O722,hemorrhage,3,1.7241379310344827
PB,2014,O140,hypertension,40,4.223864836325237
PB,2014,O141,hypertension,167,17.634635691657866
PB,2014,O149,hypertension,25,2.6399155227032733
PB,2014,O150,hypertension,704,74.34002111932418
PB,2014,O151,hypertension,10,1.0559662090813093
PB,2014,O159,hypertension,1,0.10559662090813093
PB,2015,K659,W,1,0.0758150113722517
PB,2015,O030,W,8,0.6065200909780136
PB,2015,O031,W,1,0.0758150113722517
PB,2015,O035,W,4,0.3032600454890068
PB,2015,O045,W,1,0.0758150113722517
PB,2015,O046,W,1,0.0758150113722517
PB,2015,O050,W,1,0.0758150113722517
PB,2015,O056,W,1,0.0758150113722517
PB,2015,O060,W,4,0.3032600454890068
PB,2015,O080,W,13,0.9855951478392722
PB,2015,O081,W,98,7.429871114480667
PB,2015,O082,W,1,0.0758150113722517
PB,2015,O140,W,35,2.6535253980288096
PB,2015,O141,W,217,16.45185746777862
PB,2015,O149,W,39,2.9567854435178167
PB,2015,O150,W,574,43.51781652767248
PB,2015,O151,W,11,0.8339651250947687
PB,2015,O159,W,11,0.8339651250947687
PB,2015,O441,W,12,0.9097801364670205
PB,2015,O450,W,59,4.473085670962851
PB,2015,O458,W,3,0.22744503411675512
PB,2015,O459,W,37,2.805155420773313
PB,2015,O460,W,1,0.0758150113722517
PB,2015,O469,W,1,0.0758150113722517
PB,2015,O710,W,1,0.0758150113722517
PB,2015,O711,W,1,0.0758150113722517
PB,2015,O720,W,1,0.0758150113722517
PB,2015,O721,W,3,0.22744503411675512
PB,2015,O722,W,8,0.6065200909780136
PB,2015,O85,W,102,7.733131159969674
PB,2015,O860,W,37,2.805155420773313
PB,2015,O868,W,10,0.7581501137225171
PB,2015,O900,W,22,1.6679302501895374
PB,2015,O031,hemorrhage,1,0.4424778761061947
PB,2015,O046,hemorrhage,1,0.4424778761061947
PB,2015,O056,hemorrhage,1,0.4424778761061947
PB,2015,O081,hemorrhage,98,43.36283185840708
PB,2015,O441,hemorrhage,12,5.3097345132743365
PB,2015,O450,hemorrhage,59,26.106194690265486
PB,2015,O458,hemorrhage,3,1.3274336283185841
PB,2015,O459,hemorrhage,37,16.371681415929203
PB,2015,O460,hemorrhage,1,0.4424778761061947
PB,2015,O469,hemorrhage,1,0.4424778761061947
PB,2015,O720,hemorrhage,1,0.4424778761061947
PB,2015,O721,hemorrhage,3,1.3274336283185841
PB,2015,O722,hemorrhage,8,3.5398230088495577
PB,2015,O140,hypertension,35,3.9458850056369785
PB,2015,O141,hypertension,217,24.46448703494927
PB,2015,O149,hypertension,39,4.3968432919954905
PB,2015,O150,hypertension,574,64.71251409244645
PB,2015,O151,hypertension,11,1.2401352874859075
PB,2015,O159,hypertension,11,1.2401352874859075
PB,2016,A400,W,1,0.07358351729212656
PB,2016,O030,W,12,0.8830022075055187
PB,2016,O035,W,1,0.07358351729212656
PB,2016,O036,W,1,0.07358351729212656
PB,2016,O040,W,1,0.07358351729212656
PB,2016,O051,W,1,0.07358351729212656
PB,2016,O056,W,1,0.07358351729212656
PB,2016,O060,W,5,0.36791758646063283
PB,2016,O061,W,2,0.14716703458425312
PB,2016,O065,W,3,0.22075055187637968
PB,2016,O080,W,7,0.515084621044886
PB,2016,O081,W,65,4.7829286239882265
PB,2016,O082,W,1,0.07358351729212656
PB,2016,O11,W,3,0.22075055187637968
PB,2016,O140,W,46,3.384841795437822
PB,2016,O141,W,283,20.824135393671817
PB,2016,O149,W,78,5.739514348785872
PB,2016,O150,W,524,38.55776306107432
PB,2016,O151,W,16,1.177336276674025
PB,2016,O152,W,5,0.36791758646063283
PB,2016,O159,W,3,0.22075055187637968
PB,2016,O411,W,5,0.36791758646063283
PB,2016,O441,W,14,1.030169242089772
PB,2016,O450,W,47,3.4584253127299487
PB,2016,O458,W,1,0.07358351729212656
PB,2016,O459,W,52,3.8263428991905815
PB,2016,O460,W,1,0.07358351729212656
PB,2016,O469,W,1,0.07358351729212656
PB,2016,O694,W,3,0.22075055187637968
PB,2016,O711,W,1,0.07358351729212656
PB,2016,O720,W,1,0.07358351729212656
PB,2016,O721,W,9,0.6622516556291391
PB,2016,O722,W,2,0.14716703458425312
PB,2016,O85,W,75,5.518763796909492
PB,2016,O860,W,60,4.415011037527594
PB,2016,O868,W,6,0.44150110375275936
PB,2016,O900,W,22,1.6188373804267844
PB,2016,O036,hemorrhage,1,0.4975124378109453
PB,2016,O051,hemorrhage,1,0.4975124378109453
PB,2016,O056,hemorrhage,1,0.4975124378109453
PB,2016,O061,hemorrhage,2,0.9950248756218906
PB,2016,O081,hemorrhage,65,32.33830845771144
PB,2016,O441,hemorrhage,14,6.965174129353234
PB,2016,O450,hemorrhage,47,23.383084577114428
PB,2016,O458,hemorrhage,1,0.4975124378109453
PB,2016,O459,hemorrhage,52,25.870646766169155
PB,2016,O460,hemorrhage,1,0.4975124378109453
PB,2016,O469,hemorrhage,1,0.4975124378109453
PB,2016,O694,hemorrhage,3,1.492537313432836
PB,2016,O720,hemorrhage,1,0.4975124378109453
PB,2016,O721,hemorrhage,9,4.477611940298507
PB,2016,O722,hemorrhage,2,0.9950248756218906
PB,2016,O11,hypertension,3,0.31315240083507306
PB,2016,O140,hypertension,46,4.801670146137787
PB,2016,O141,hypertension,283,29.54070981210856
PB,2016,O149,hypertension,78,8.1419624217119
PB,2016,O150,hypertension,524,54.6972860125261
PB,2016,O151,hypertension,16,1.6701461377870563
PB,2016,O152,hypertension,5,0.5219206680584552
PB,2016,O159,hypertension,3,0.31315240083507306
PB,2017,O030,W,16,1.0062893081761006
PB,2017,O031,W,4,0.25157232704402516
PB,2017,O035,W,1,0.06289308176100629
PB,2017,O060,W,8,0.5031446540880503
PB,2017,O061,W,2,0.12578616352201258
PB,2017,O080,W,13,0.8176100628930818
PB,2017,O081,W,84,5.283018867924528
PB,2017,O082,W,1,0.06289308176100629
PB,2017,O11,W,7,0.44025157232704404
PB,2017,O140,W,88,5.534591194968553
PB,2017,O141,W,443,27.861635220125788
PB,2017,O149,W,293,18.427672955974842
PB,2017,O150,W,333,20.943396226415093
PB,2017,O151,W,7,0.44025157232704404
PB,2017,O152,W,11,0.6918238993710691
PB,2017,O159,W,6,0.37735849056603776
PB,2017,O411,W,1,0.06289308176100629
PB,2017,O441,W,10,0.6289308176100629
PB,2017,O450,W,29,1.8238993710691824
PB,2017,O458,W,3,0.18867924528301888
PB,2017,O459,W,32,2.0125786163522013
PB,2017,O670,W,1,0.06289308176100629
PB,2017,O710,W,2,0.12578616352201258
PB,2017,O721,W,10,0.6289308176100629
PB,2017,O722,W,18,1.1320754716981132
PB,2017,O85,W,75,4.716981132075472
PB,2017,O860,W,62,3.89937106918239
PB,2017,O868,W,7,0.44025157232704404
PB,2017,O900,W,23,1.4465408805031446
PB,2017,O031,hemorrhage,4,2.0725388601036268
PB,2017,O061,hemorrhage,2,1.0362694300518134
PB,2017,O081,hemorrhage,84,43.523316062176164
PB,2017,O441,hemorrhage,10,5.181347150259067
PB,2017,O450,hemorrhage,29,15.025906735751295
PB,2017,O458,hemorrhage,3,1.5544041450777202
PB,2017,O459,hemorrhage,32,16.580310880829014
PB,2017,O670,hemorrhage,1,0.5181347150259067
PB,2017,O721,hemorrhage,10,5.181347150259067
PB,2017,O722,hemorrhage,18,9.32642487046632
PB,2017,O11,hypertension,7,0.5892255892255892
PB,2017,O140,hypertension,88,7.407407407407407
PB,2017,O141,hypertension,443,37.28956228956229
PB,2017,O149,hypertension,293,24.663299663299664
PB,2017,O150,hypertension,333,28.03030303030303
PB,2017,O151,hypertension,7,0.5892255892255892
PB,2017,O152,hypertension,11,0.9259259259259259
PB,2017,O159,hypertension,6,0.5050505050505051
PB,2018,O030,W,6,0.32930845225027444
PB,2018,O031,W,3,0.16465422612513722
PB,2018,O035,W,1,0.054884742041712405
PB,2018,O050,W,1,0.054884742041712405
PB,2018,O060,W,2,0.10976948408342481
PB,2018,O061,W,7,0.38419319429198684
PB,2018,O066,W,1,0.054884742041712405
PB,2018,O080,W,5,0.27442371020856204
PB,2018,O081,W,58,3.1833150384193196
PB,2018,O11,W,6,0.32930845225027444
PB,2018,O140,W,78,4.281009879253568
PB,2018,O141,W,491,26.94840834248079
PB,2018,O149,W,543,29.802414928649835
PB,2018,O150,W,340,18.660812294182218
PB,2018,O151,W,9,0.49396267837541163
PB,2018,O152,W,1,0.054884742041712405
PB,2018,O159,W,6,0.32930845225027444
PB,2018,O411,W,1,0.054884742041712405
PB,2018,O441,W,16,0.8781558726673985
PB,2018,O450,W,31,1.7014270032930845
PB,2018,O458,W,2,0.10976948408342481
PB,2018,O459,W,16,0.8781558726673985
PB,2018,O468,W,1,0.054884742041712405
PB,2018,O469,W,1,0.054884742041712405
PB,2018,O670,W,1,0.054884742041712405
PB,2018,O721,W,5,0.27442371020856204
PB,2018,O722,W,17,0.9330406147091108
PB,2018,O85,W,102,5.598243688254665
PB,2018,O860,W,50,2.74423710208562
PB,2018,O868,W,4,0.21953896816684962
PB,2018,O900,W,17,0.9330406147091108
PB,2018,O031,hemorrhage,3,1.8867924528301887
PB,2018,O061,hemorrhage,7,4.40251572327044
PB,2018,O066,hemorrhage,1,0.6289308176100629
PB,2018,O081,hemorrhage,58,36.477987421383645
PB,2018,O441,hemorrhage,16,10.062893081761006
PB,2018,O450,hemorrhage,31,19.49685534591195
PB,2018,O458,hemorrhage,2,1.2578616352201257
PB,2018,O459,hemorrhage,16,10.062893081761006
PB,2018,O468,hemorrhage,1,0.6289308176100629
PB,2018,O469,hemorrhage,1,0.6289308176100629
PB,2018,O670,hemorrhage,1,0.6289308176100629
PB,2018,O721,hemorrhage,5,3.1446540880503147
PB,2018,O722,hemorrhage,17,10.69182389937107
PB,2018,O11,hypertension,6,0.40705563093622793
PB,2018,O140,hypertension,78,5.291723202170964
PB,2018,O141,hypertension,491,33.310719131614654
PB,2018,O149,hypertension,543,36.83853459972863
PB,2018,O150,hypertension,340,23.066485753052916
PB,2018,O151,hypertension,9,0.6105834464043419
PB,2018,O152,hypertension,1,0.06784260515603799
PB,2018,O159,hypertension,6,0.40705563093622793
PB,2019,K359,W,1,0.05030181086519115
PB,2019,O030,W,28,1.408450704225352
PB,2019,O031,W,5,0.2515090543259557
PB,2019,O035,W,1,0.05030181086519115
PB,2019,O040,W,2,0.1006036217303823
PB,2019,O041,W,1,0.05030181086519115
PB,2019,O050,W,1,0.05030181086519115
PB,2019,O051,W,1,0.05030181086519115
PB,2019,O060,W,3,0.15090543259557343
PB,2019,O080,W,6,0.30181086519114686
PB,2019,O081,W,61,3.0684104627766597
PB,2019,O082,W,1,0.05030181086519115
PB,2019,O11,W,5,0.2515090543259557
PB,2019,O140,W,126,6.338028169014085
PB,2019,O141,W,650,32.69617706237425
PB,2019,O149,W,588,29.577464788732396
PB,2019,O150,W,173,8.702213279678068
PB,2019,O151,W,9,0.45271629778672035
PB,2019,O152,W,1,0.05030181086519115
PB,2019,O159,W,3,0.15090543259557343
PB,2019,O411,W,3,0.15090543259557343
PB,2019,O441,W,11,0.5533199195171026
PB,2019,O450,W,28,1.408450704225352
PB,2019,O458,W,3,0.15090543259557343
PB,2019,O459,W,40,2.0120724346076457
PB,2019,O711,W,1,0.05030181086519115
PB,2019,O721,W,8,0.4024144869215292
PB,2019,O722,W,18,0.9054325955734407
PB,2019,O85,W,129,6.488933601609658
PB,2019,O86,W,1,0.05030181086519115
PB,2019,O860,W,57,2.867203219315895
PB,2019,O868,W,2,0.1006036217303823
PB,2019,O900,W,21,1.056338028169014
PB,2019,O031,hemorrhage,5,2.840909090909091
PB,2019,O041,hemorrhage,1,0.5681818181818182
PB,2019,O051,hemorrhage,1,0.5681818181818182
PB,2019,O081,hemorrhage,61,34.65909090909091
PB,2019,O441,hemorrhage,11,6.25
PB,2019,O450,hemorrhage,28,15.909090909090908
PB,2019,O458,hemorrhage,3,1.7045454545454546
PB,2019,O459,hemorrhage,40,22.727272727272727
PB,2019,O721,hemorrhage,8,4.545454545454546
PB,2019,O722,hemorrhage,18,10.227272727272727
PB,2019,O11,hypertension,5,0.3215434083601286
PB,2019,O140,hypertension,126,8.102893890675242
PB,2019,O141,hypertension,650,41.80064308681672
PB,2019,O149,hypertension,588,37.81350482315113
PB,2019,O150,hypertension,173,11.12540192926045
PB,2019,O151,hypertension,9,0.5787781350482315
PB,2019,O152,hypertension,1,0.06430868167202572
PB,2019,O159,hypertension,3,0.19292604501607716
PB,2020,O030,W,37,1.801363193768257
PB,2020,O031,W,8,0.3894839337877313
PB,2020,O035,W,3,0.1460564751703992
PB,2020,O036,W,3,0.1460564751703992
PB,2020,O045,W,1,0.04868549172346641
PB,2020,O046,W,2,0.09737098344693282
PB,2020,O050,W,2,0.09737098344693282
PB,2020,O060,W,52,2.5316455696202533
PB,2020,O061,W,9,0.43816942551119764
PB,2020,O065,W,1,0.04868549172346641
PB,2020,O080,W,4,0.19474196689386564
PB,2020,O081,W,90,4.381694255111976
PB,2020,O082,W,1,0.04868549172346641
PB,2020,O11,W,8,0.3894839337877313
PB,2020,O140,W,178,8.66601752677702
PB,2020,O141,W,972,47.32229795520935
PB,2020,O149,W,199,9.688412852969815
PB,2020,O150,W,44,2.142161635832522
PB,2020,O151,W,56,2.726387536514119
PB,2020,O152,W,2,0.09737098344693282
PB,2020,O159,W,8,0.3894839337877313
PB,2020,O411,W,5,0.24342745861733203
PB,2020,O441,W,20,0.9737098344693281
PB,2020,O450,W,15,0.7302823758519961
PB,2020,O458,W,12,0.5842259006815969
PB,2020,O459,W,75,3.6514118792599803
PB,2020,O460,W,1,0.04868549172346641
PB,2020,O469,W,1,0.04868549172346641
PB,2020,O670,W,2,0.09737098344693282
PB,2020,O711,W,2,0.09737098344693282
PB,2020,O720,W,1,0.04868549172346641
PB,2020,O721,W,5,0.24342745861733203
PB,2020,O722,W,10,0.48685491723466406
PB,2020,O85,W,96,4.673807205452775
PB,2020,O86,W,4,0.19474196689386564
PB,2020,O860,W,80,3.8948393378773125
PB,2020,O868,W,12,0.5842259006815969
PB,2020,O900,W,33,1.6066212268743914
PB,2020,O031,hemorrhage,8,3.1496062992125986
PB,2020,O036,hemorrhage,3,1.1811023622047243
PB,2020,O046,hemorrhage,2,0.7874015748031497
PB,2020,O061,hemorrhage,9,3.543307086614173
PB,2020,O081,hemorrhage,90,35.43307086614173
PB,2020,O441,hemorrhage,20,7.874015748031496
PB,2020,O450,hemorrhage,15,5.905511811023622
PB,2020,O458,hemorrhage,12,4.724409448818897
PB,2020,O459,hemorrhage,75,29.52755905511811
PB,2020,O460,hemorrhage,1,0.3937007874015748
PB,2020,O469,hemorrhage,1,0.3937007874015748
PB,2020,O670,hemorrhage,2,0.7874015748031497
PB,2020,O720,hemorrhage,1,0.3937007874015748
PB,2020,O721,hemorrhage,5,1.968503937007874
PB,2020,O722,hemorrhage,10,3.937007874015748
PB,2020,O11,hypertension,8,0.5453306066803
PB,2020,O140,hypertension,178,12.133605998636673
PB,2020,O141,hypertension,972,66.25766871165644
PB,2020,O149,hypertension,199,13.56509884117246
PB,2020,O150,hypertension,44,2.99931833674165
PB,2020,O151,hypertension,56,3.8173142467620997
PB,2020,O152,hypertension,2,0.136332651670075
PB,2020,O159,hypertension,8,0.5453306066803
PB,2021,O030,W,31,1.3870246085011186
PB,2021,O031,W,11,0.49217002237136465
PB,2021,O035,W,2,0.0894854586129754
PB,2021,O036,W,3,0.1342281879194631
PB,2021,O040,W,1,0.0447427293064877
PB,2021,O045,W,2,0.0894854586129754
PB,2021,O050,W,2,0.0894854586129754
PB,2021,O051,W,1,0.0447427293064877
PB,2021,O060,W,95,4.250559284116331
PB,2021,O061,W,5,0.22371364653243847
PB,2021,O080,W,4,0.1789709172259508
PB,2021,O081,W,45,2.0134228187919465
PB,2021,O082,W,2,0.0894854586129754
PB,2021,O083,W,1,0.0447427293064877
PB,2021,O11,W,3,0.1342281879194631
PB,2021,O140,W,110,4.921700223713646
PB,2021,O141,W,1196,53.51230425055928
PB,2021,O149,W,207,9.261744966442953
PB,2021,O15,W,1,0.0447427293064877
PB,2021,O150,W,21,0.9395973154362416
PB,2021,O151,W,125,5.592841163310962
PB,2021,O152,W,3,0.1342281879194631
PB,2021,O159,W,12,0.5369127516778524
PB,2021,O411,W,5,0.22371364653243847
PB,2021,O441,W,9,0.40268456375838924
PB,2021,O450,W,35,1.5659955257270695
PB,2021,O458,W,15,0.6711409395973155
PB,2021,O459,W,60,2.684563758389262
PB,2021,O46,W,1,0.0447427293064877
PB,2021,O460,W,1,0.0447427293064877
PB,2021,O670,W,1,0.0447427293064877
PB,2021,O710,W,1,0.0447427293064877
PB,2021,O72,W,3,0.1342281879194631
PB,2021,O721,W,7,0.3131991051454139
PB,2021,O722,W,23,1.029082774049217
PB,2021,O85,W,66,2.953020134228188
PB,2021,O86,W,7,0.3131991051454139
PB,2021,O860,W,71,3.1767337807606264
PB,2021,O868,W,9,0.40268456375838924
PB,2021,O900,W,38,1.7002237136465324
PB,2021,O031,hemorrhage,11,5.0
PB,2021,O036,hemorrhage,3,1.3636363636363635
PB,2021,O051,hemorrhage,1,0.45454545454545453
PB,2021,O061,hemorrhage,5,2.272727272727273
PB,2021,O081,hemorrhage,45,20.454545454545453
PB,2021,O441,hemorrhage,9,4.090909090909091
PB,2021,O450,hemorrhage,35,15.909090909090908
PB,2021,O458,hemorrhage,15,6.818181818181818
PB,2021,O459,hemorrhage,60,27.272727272727273
PB,2021,O46,hemorrhage,1,0.45454545454545453
PB,2021,O460,hemorrhage,1,0.45454545454545453
PB,2021,O670,hemorrhage,1,0.45454545454545453
PB,2021,O72,hemorrhage,3,1.3636363636363635
PB,2021,O721,hemorrhage,7,3.1818181818181817
PB,2021,O722,hemorrhage,23,10.454545454545455
PB,2021,O11,hypertension,3,0.17878426698450536
PB,2021,O140,hypertension,110,6.5554231227651965
PB,2021,O141,hypertension,1196,71.27532777115614
PB,2021,O149,hypertension,207,12.336114421930871
PB,2021,O15,hypertension,1,0.05959475566150179
PB,2021,O150,hypertension,21,1.2514898688915375
PB,2021,O151,hypertension,125,7.449344457687723
PB,2021,O152,hypertension,3,0.17878426698450536
PB,2021,O159,hypertension,12,0.7151370679380215
PB,2022,O030,W,6,0.21269053527118043
PB,2022,O031,W,34,1.205246366536689
PB,2022,O036,W,1,0.03544842254519674
PB,2022,O050,W,2,0.07089684509039348
PB,2022,O051,W,1,0.03544842254519674
PB,2022,O055,W,1,0.03544842254519674
PB,2022,O060,W,12,0.42538107054236085
PB,2022,O061,W,5,0.1772421127259837
PB,2022,O080,W,6,0.21269053527118043
PB,2022,O081,W,47,1.6660758596242466
PB,2022,O082,W,4,0.14179369018078697
PB,2022,O11,W,1,0.03544842254519674
PB,2022,O140,W,174,6.168025522864233
PB,2022,O141,W,1376,48.777029422190715
PB,2022,O149,W,310,10.989010989010989
PB,2022,O15,W,2,0.07089684509039348
PB,2022,O150,W,53,1.8787663948954272
PB,2022,O151,W,426,15.101028004253811
PB,2022,O152,W,7,0.24813895781637718
PB,2022,O159,W,6,0.21269053527118043
PB,2022,O411,W,4,0.14179369018078697
PB,2022,O441,W,13,0.4608294930875576
PB,2022,O450,W,36,1.2761432116270826
PB,2022,O458,W,14,0.49627791563275436
PB,2022,O459,W,63,2.2332506203473947
PB,2022,O72,W,3,0.10634526763559021
PB,2022,O721,W,11,0.38993264799716415
PB,2022,O722,W,30,1.0634526763559022
PB,2022,O85,W,70,2.4813895781637716
PB,2022,O86,W,4,0.14179369018078697
PB,2022,O860,W,50,1.772421127259837
PB,2022,O868,W,18,0.6380716058135413
PB,2022,O883,W,1,0.03544842254519674
PB,2022,O900,W,30,1.0634526763559022
PB,2022,O031,hemorrhage,34,13.178294573643411
PB,2022,O036,hemorrhage,1,0.3875968992248062
PB,2022,O051,hemorrhage,1,0.3875968992248062
PB,2022,O061,hemorrhage,5,1.937984496124031
PB,2022,O081,hemorrhage,47,18.217054263565892
PB,2022,O441,hemorrhage,13,5.038759689922481
PB,2022,O450,hemorrhage,36,13.953488372093023
PB,2022,O458,hemorrhage,14,5.426356589147287
PB,2022,O459,hemorrhage,63,24.41860465116279
PB,2022,O72,hemorrhage,3,1.1627906976744187
PB,2022,O721,hemorrhage,11,4.263565891472868
PB,2022,O722,hemorrhage,30,11.627906976744185
PB,2022,O11,hypertension,1,0.04246284501061571
PB,2022,O140,hypertension,174,7.388535031847134
PB,2022,O141,hypertension,1376,58.42887473460722
PB,2022,O149,hypertension,310,13.163481953290871
PB,2022,O15,hypertension,2,0.08492569002123142
PB,2022,O150,hypertension,53,2.2505307855626326
PB,2022,O151,hypertension,426,18.089171974522294
PB,2022,O152,hypertension,7,0.29723991507430997
PB,2022,O159,hypertension,6,0.25477707006369427
PB,2023,D62,W,1,0.02911208151382824
PB,2023,O030,W,17,0.4949053857350801
PB,2023,O031,W,26,0.7569141193595342
PB,2023,O035,W,2,0.05822416302765648
PB,2023,O036,W,1,0.02911208151382824
PB,2023,O041,W,1,0.02911208151382824
PB,2023,O050,W,3,0.08733624454148471
PB,2023,O060,W,3,0.08733624454148471
PB,2023,O061,W,4,0.11644832605531295
PB,2023,O065,W,1,0.02911208151382824
PB,2023,O071,W,1,0.02911208151382824
PB,2023,O080,W,5,0.14556040756914118
PB,2023,O081,W,34,0.9898107714701602
PB,2023,O082,W,1,0.02911208151382824
PB,2023,O11,W,10,0.29112081513828236
PB,2023,O140,W,198,5.764192139737991
PB,2023,O141,W,2111,61.45560407569141
PB,2023,O149,W,319,9.286754002911207
PB,2023,O15,W,1,0.02911208151382824
PB,2023,O150,W,60,1.7467248908296944
PB,2023,O151,W,250,7.27802037845706
PB,2023,O152,W,9,0.26200873362445415
PB,2023,O159,W,7,0.20378457059679767
PB,2023,O411,W,1,0.02911208151382824
PB,2023,O441,W,12,0.34934497816593885
PB,2023,O450,W,16,0.4657933042212518
PB,2023,O458,W,23,0.6695778748180495
PB,2023,O459,W,57,1.6593886462882097
PB,2023,O469,W,1,0.02911208151382824
PB,2023,O694,W,20,0.5822416302765647
PB,2023,O711,W,1,0.02911208151382824
PB,2023,O72,W,2,0.05822416302765648
PB,2023,O720,W,2,0.05822416302765648
PB,2023,O721,W,9,0.26200873362445415
PB,2023,O722,W,12,0.34934497816593885
PB,2023,O85,W,98,2.8529839883551675
PB,2023,O86,W,3,0.08733624454148471
PB,2023,O860,W,63,1.834061135371179
PB,2023,O868,W,18,0.5240174672489083
PB,2023,O900,W,32,0.9315866084425036
PB,2023,D62,hemorrhage,1,0.45045045045045046
PB,2023,O031,hemorrhage,26,11.711711711711711
PB,2023,O036,hemorrhage,1,0.45045045045045046
PB,2023,O041,hemorrhage,1,0.45045045045045046
PB,2023,O061,hemorrhage,4,1.8018018018018018
PB,2023,O071,hemorrhage,1,0.45045045045045046
PB,2023,O081,hemorrhage,34,15.315315315315315
PB,2023,O441,hemorrhage,12,5.405405405405405
PB,2023,O450,hemorrhage,16,7.207207207207207
PB,2023,O458,hemorrhage,23,10.36036036036036
PB,2023,O459,hemorrhage,57,25.675675675675677
PB,2023,O469,hemorrhage,1,0.45045045045045046
PB,2023,O694,hemorrhage,20,9.00900900900901
PB,2023,O72,hemorrhage,2,0.9009009009009009
PB,2023,O720,hemorrhage,2,0.9009009009009009
PB,2023,O721,hemorrhage,9,4.054054054054054
PB,2023,O722,hemorrhage,12,5.405405405405405
PB,2023,O11,hypertension,10,0.3372681281618887
PB,2023,O140,hypertension,198,6.677908937605396
PB,2023,O141,hypertension,2111,71.19730185497471
PB,2023,O149,hypertension,319,10.75885328836425
PB,2023,O15,hypertension,1,0.03372681281618887
PB,2023,O150,hypertension,60,2.0236087689713322
PB,2023,O151,hypertension,250,8.431703204047217
PB,2023,O152,hypertension,9,0.30354131534569984
PB,2023,O159,hypertension,7,0.23608768971332209
PB,2024,O030,W,14,0.4097161252560726
PB,2024,O031,W,16,0.46824700029265437
PB,2024,O035,W,4,0.11706175007316359
PB,2024,O040,W,1,0.029265437518290898
PB,2024,O051,W,1,0.029265437518290898
PB,2024,O055,W,1,0.029265437518290898
PB,2024,O060,W,1,0.029265437518290898
PB,2024,O061,W,1,0.029265437518290898
PB,2024,O065,W,1,0.029265437518290898
PB,2024,O071,W,1,0.029265437518290898
PB,2024,O080,W,5,0.1463271875914545
PB,2024,O081,W,53,1.5510681884694175
PB,2024,O11,W,12,0.35118525021949076
PB,2024,O140,W,235,6.8773778167983615
PB,2024,O141,W,1665,48.726953467954345
PB,2024,O149,W,727,21.275973075797484
PB,2024,O150,W,165,4.8287971905179985
PB,2024,O151,W,126,3.6874451273046533
PB,2024,O152,W,10,0.292654375182909
PB,2024,O159,W,3,0.08779631255487269
PB,2024,O411,W,2,0.058530875036581796
PB,2024,O441,W,17,0.4975124378109453
PB,2024,O450,W,40,1.170617500731636
PB,2024,O458,W,17,0.4975124378109453
PB,2024,O459,W,53,1.5510681884694175
PB,2024,O469,W,6,0.17559262510974538
PB,2024,O678,W,2,0.058530875036581796
PB,2024,O694,W,7,0.2048580626280363
PB,2024,O710,W,3,0.08779631255487269
PB,2024,O711,W,1,0.029265437518290898
PB,2024,O72,W,3,0.08779631255487269
PB,2024,O721,W,21,0.6145741878841089
PB,2024,O722,W,13,0.3804506877377817
PB,2024,O85,W,61,1.7851916886157448
PB,2024,O86,W,1,0.029265437518290898
PB,2024,O860,W,75,2.194907813871817
PB,2024,O868,W,22,0.6438396254023998
PB,2024,O900,W,31,0.9072285630670178
PB,2024,O031,hemorrhage,16,6.374501992031872
PB,2024,O051,hemorrhage,1,0.398406374501992
PB,2024,O061,hemorrhage,1,0.398406374501992
PB,2024,O071,hemorrhage,1,0.398406374501992
PB,2024,O081,hemorrhage,53,21.115537848605577
PB,2024,O441,hemorrhage,17,6.772908366533865
PB,2024,O450,hemorrhage,40,15.936254980079681
PB,2024,O458,hemorrhage,17,6.772908366533865
PB,2024,O459,hemorrhage,53,21.115537848605577
PB,2024,O469,hemorrhage,6,2.3904382470119523
PB,2024,O678,hemorrhage,2,0.796812749003984
PB,2024,O694,hemorrhage,7,2.7888446215139444
PB,2024,O72,hemorrhage,3,1.1952191235059761
PB,2024,O721,hemorrhage,21,8.366533864541832
PB,2024,O722,hemorrhage,13,5.179282868525896
PB,2024,O11,hypertension,12,0.4077471967380224
PB,2024,O140,hypertension,235,7.985049269452939
PB,2024,O141,hypertension,1665,56.57492354740061
PB,2024,O149,hypertension,727,24.702684335711858
PB,2024,O150,hypertension,165,5.606523955147808
PB,2024,O151,hypertension,126,4.281345565749236
PB,2024,O152,hypertension,10,0.3397893306150187
PB,2024,O159,hypertension,3,0.1019367991845056
PB,2025,D62,W,1,0.0281214848143982
PB,2025,N710,W,1,0.0281214848143982
PB,2025,O030,W,19,0.5343082114735658
PB,2025,O031,W,21,0.5905511811023622
PB,2025,O035,W,1,0.0281214848143982
PB,2025,O040,W,1,0.0281214848143982
PB,2025,O045,W,1,0.0281214848143982
PB,2025,O050,W,2,0.0562429696287964
PB,2025,O051,W,2,0.0562429696287964
PB,2025,O055,W,1,0.0281214848143982
PB,2025,O060,W,3,0.0843644544431946
PB,2025,O061,W,2,0.0562429696287964
PB,2025,O080,W,5,0.140607424071991
PB,2025,O081,W,27,0.7592800899887514
PB,2025,O082,W,13,0.3655793025871766
PB,2025,O11,W,19,0.5343082114735658
PB,2025,O140,W,238,6.692913385826771
PB,2025,O141,W,1663,46.76602924634421
PB,2025,O149,W,728,20.47244094488189
PB,2025,O15,W,2,0.0562429696287964
PB,2025,O150,W,137,3.8526434195725536
PB,2025,O151,W,183,5.14623172103487
PB,2025,O152,W,5,0.140607424071991
PB,2025,O159,W,6,0.1687289088863892
PB,2025,O411,W,1,0.0281214848143982
PB,2025,O441,W,13,0.3655793025871766
PB,2025,O450,W,27,0.7592800899887514
PB,2025,O458,W,17,0.4780652418447694
PB,2025,O459,W,65,1.827896512935883
PB,2025,O469,W,1,0.0281214848143982
PB,2025,O710,W,1,0.0281214848143982
PB,2025,O711,W,2,0.0562429696287964
PB,2025,O72,W,4,0.1124859392575928
PB,2025,O720,W,1,0.0281214848143982
PB,2025,O721,W,17,0.4780652418447694
PB,2025,O722,W,13,0.3655793025871766
PB,2025,O85,W,124,3.4870641169853767
PB,2025,O86,W,6,0.1687289088863892
PB,2025,O860,W,118,3.3183352080989876
PB,2025,O868,W,34,0.9561304836895388
PB,2025,O883,W,1,0.0281214848143982
PB,2025,O900,W,30,0.843644544431946
PB,2025,D62,hemorrhage,1,0.47393364928909953
PB,2025,O031,hemorrhage,21,9.95260663507109
PB,2025,O051,hemorrhage,2,0.9478672985781991
PB,2025,O061,hemorrhage,2,0.9478672985781991
PB,2025,O081,hemorrhage,27,12.796208530805687
PB,2025,O441,hemorrhage,13,6.161137440758294
PB,2025,O450,hemorrhage,27,12.796208530805687
PB,2025,O458,hemorrhage,17,8.056872037914692
PB,2025,O459,hemorrhage,65,30.805687203791468
PB,2025,O469,hemorrhage,1,0.47393364928909953
PB,2025,O72,hemorrhage,4,1.8957345971563981
PB,2025,O720,hemorrhage,1,0.47393364928909953
PB,2025,O721,hemorrhage,17,8.056872037914692
PB,2025,O722,hemorrhage,13,6.161137440758294
PB,2025,O11,hypertension,19,0.637370010063737
PB,2025,O140,hypertension,238,7.98389802079839
PB,2025,O141,hypertension,1663,55.78664877557866
PB,2025,O149,hypertension,728,24.421335122442134
PB,2025,O15,hypertension,2,0.06709158000670916
PB,2025,O150,hypertension,137,4.595773230459577
PB,2025,O151,hypertension,183,6.138879570613888
PB,2025,O152,hypertension,5,0.1677289500167729
PB,2025,O159,hypertension,6,0.20127474002012746
PE,2008,O030,W,26,0.9980806142034548
PE,2008,O031,W,77,2.9558541266794625
PE,2008,O035,W,9,0.345489443378119
PE,2008,O036,W,5,0.19193857965451055
PE,2008,O040,W,3,0.11516314779270634
PE,2008,O041,W,47,1.8042226487523991
PE,2008,O050,W,1,0.03838771593090211
PE,2008,O051,W,2,0.07677543186180422
PE,2008,O060,W,6,0.23032629558541268
PE,2008,O061,W,67,2.5719769673704413
PE,2008,O065,W,1,0.03838771593090211
PE,2008,O066,W,1,0.03838771593090211
PE,2008,O076,W,1,0.03838771593090211
PE,2008,O080,W,41,1.5738963531669865
PE,2008,O081,W,1,0.03838771593090211
PE,2008,O083,W,7,0.2687140115163148
PE,2008,O11,W,9,0.345489443378119
PE,2008,O140,W,150,5.758157389635317
PE,2008,O141,W,841,32.284069097888676
PE,2008,O149,W,133,5.10556621880998
PE,2008,O150,W,113,4.337811900191938
PE,2008,O151,W,27,1.036468330134357
PE,2008,O152,W,4,0.15355086372360843
PE,2008,O159,W,5,0.19193857965451055
PE,2008,O411,W,140,5.3742802303262955
PE,2008,O441,W,27,1.036468330134357
PE,2008,O450,W,8,0.30710172744721687
PE,2008,O458,W,21,0.8061420345489443
PE,2008,O459,W,59,2.2648752399232244
PE,2008,O469,W,3,0.11516314779270634
PE,2008,O694,W,1,0.03838771593090211
PE,2008,O711,W,26,0.9980806142034548
PE,2008,O721,W,12,0.46065259117082535
PE,2008,O722,W,2,0.07677543186180422
PE,2008,O85,W,249,9.558541266794625
PE,2008,O860,W,165,6.333973128598848
PE,2008,O868,W,311,11.938579654510557
PE,2008,O900,W,4,0.15355086372360843
PE,2008,O031,hemorrhage,77,23.05389221556886
PE,2008,O036,hemorrhage,5,1.4970059880239521
PE,2008,O041,hemorrhage,47,14.071856287425149
PE,2008,O051,hemorrhage,2,0.5988023952095808
PE,2008,O061,hemorrhage,67,20.059880239520957
PE,2008,O066,hemorrhage,1,0.2994011976047904
PE,2008,O076,hemorrhage,1,0.2994011976047904
PE,2008,O081,hemorrhage,1,0.2994011976047904
PE,2008,O441,hemorrhage,27,8.083832335329342
PE,2008,O450,hemorrhage,8,2.395209580838323
PE,2008,O458,hemorrhage,21,6.287425149700598
PE,2008,O459,hemorrhage,59,17.664670658682635
PE,2008,O469,hemorrhage,3,0.8982035928143712
PE,2008,O694,hemorrhage,1,0.2994011976047904
PE,2008,O721,hemorrhage,12,3.592814371257485
PE,2008,O722,hemorrhage,2,0.5988023952095808
PE,2008,O11,hypertension,9,0.7020280811232449
PE,2008,O140,hypertension,150,11.700468018720748
PE,2008,O141,hypertension,841,65.600624024961
PE,2008,O149,hypertension,133,10.374414976599065
PE,2008,O150,hypertension,113,8.814352574102964
PE,2008,O151,hypertension,27,2.1060842433697347
PE,2008,O152,hypertension,4,0.31201248049922
PE,2008,O159,hypertension,5,0.39001560062402496
PE,2009,O030,W,26,1.0124610591900312
PE,2009,O031,W,60,2.336448598130841
PE,2009,O035,W,22,0.8566978193146417
PE,2009,O036,W,6,0.2336448598130841
PE,2009,O045,W,1,0.03894080996884735
PE,2009,O050,W,4,0.1557632398753894
PE,2009,O055,W,6,0.2336448598130841
PE,2009,O056,W,2,0.0778816199376947
PE,2009,O060,W,17,0.661993769470405
PE,2009,O061,W,78,3.0373831775700935
PE,2009,O065,W,2,0.0778816199376947
PE,2009,O066,W,1,0.03894080996884735
PE,2009,O080,W,82,3.1931464174454827
PE,2009,O081,W,1,0.03894080996884735
PE,2009,O083,W,1,0.03894080996884735
PE,2009,O140,W,98,3.8161993769470404
PE,2009,O141,W,1032,40.18691588785047
PE,2009,O149,W,93,3.621495327102804
PE,2009,O150,W,92,3.5825545171339566
PE,2009,O151,W,28,1.0903426791277258
PE,2009,O152,W,3,0.11682242990654206
PE,2009,O159,W,4,0.1557632398753894
PE,2009,O411,W,108,4.205607476635514
PE,2009,O441,W,33,1.2850467289719627
PE,2009,O450,W,3,0.11682242990654206
PE,2009,O458,W,20,0.778816199376947
PE,2009,O459,W,30,1.1682242990654206
PE,2009,O468,W,2,0.0778816199376947
PE,2009,O469,W,2,0.0778816199376947
PE,2009,O670,W,2,0.0778816199376947
PE,2009,O710,W,5,0.19470404984423675
PE,2009,O711,W,12,0.4672897196261682
PE,2009,O720,W,1,0.03894080996884735
PE,2009,O721,W,21,0.8177570093457944
PE,2009,O722,W,7,0.27258566978193144
PE,2009,O85,W,279,10.86448598130841
PE,2009,O860,W,160,6.230529595015576
PE,2009,O868,W,221,8.605919003115265
PE,2009,O900,W,3,0.11682242990654206
PE,2009,O031,hemorrhage,60,22.304832713754646
PE,2009,O036,hemorrhage,6,2.2304832713754648
PE,2009,O056,hemorrhage,2,0.7434944237918215
PE,2009,O061,hemorrhage,78,28.99628252788104
PE,2009,O066,hemorrhage,1,0.37174721189591076
PE,2009,O081,hemorrhage,1,0.37174721189591076
PE,2009,O441,hemorrhage,33,12.267657992565056
PE,2009,O450,hemorrhage,3,1.1152416356877324
PE,2009,O458,hemorrhage,20,7.434944237918216
PE,2009,O459,hemorrhage,30,11.152416356877323
PE,2009,O468,hemorrhage,2,0.7434944237918215
PE,2009,O469,hemorrhage,2,0.7434944237918215
PE,2009,O670,hemorrhage,2,0.7434944237918215
PE,2009,O720,hemorrhage,1,0.37174721189591076
PE,2009,O721,hemorrhage,21,7.806691449814126
PE,2009,O722,hemorrhage,7,2.6022304832713754
PE,2009,O140,hypertension,98,7.2592592592592595
PE,2009,O141,hypertension,1032,76.44444444444444
PE,2009,O149,hypertension,93,6.888888888888889
PE,2009,O150,hypertension,92,6.814814814814815
PE,2009,O151,hypertension,28,2.074074074074074
PE,2009,O152,hypertension,3,0.2222222222222222
PE,2009,O159,hypertension,4,0.2962962962962963
PE,2010,O030,W,39,1.164179104477612
PE,2010,O031,W,61,1.8208955223880596
PE,2010,O035,W,39,1.164179104477612
PE,2010,O036,W,3,0.08955223880597014
PE,2010,O041,W,1,0.029850746268656716
PE,2010,O046,W,1,0.029850746268656716
PE,2010,O050,W,3,0.08955223880597014
PE,2010,O060,W,5,0.14925373134328357
PE,2010,O061,W,128,3.8208955223880596
PE,2010,O080,W,63,1.8805970149253732
PE,2010,O081,W,4,0.11940298507462686
PE,2010,O11,W,3,0.08955223880597014
PE,2010,O140,W,157,4.686567164179104
PE,2010,O141,W,1567,46.776119402985074
PE,2010,O149,W,52,1.5522388059701493
PE,2010,O150,W,234,6.985074626865671
PE,2010,O151,W,18,0.5373134328358209
PE,2010,O152,W,3,0.08955223880597014
PE,2010,O159,W,2,0.05970149253731343
PE,2010,O411,W,80,2.388059701492537
PE,2010,O441,W,17,0.5074626865671642
PE,2010,O450,W,8,0.23880597014925373
PE,2010,O458,W,23,0.6865671641791045
PE,2010,O459,W,40,1.1940298507462686
PE,2010,O469,W,10,0.29850746268656714
PE,2010,O710,W,2,0.05970149253731343
PE,2010,O711,W,13,0.3880597014925373
PE,2010,O720,W,1,0.029850746268656716
PE,2010,O721,W,19,0.5671641791044776
PE,2010,O722,W,37,1.1044776119402986
PE,2010,O85,W,295,8.805970149253731
PE,2010,O860,W,183,5.462686567164179
PE,2010,O868,W,233,6.955223880597015
PE,2010,O900,W,6,0.1791044776119403
PE,2010,O031,hemorrhage,61,17.28045325779037
PE,2010,O036,hemorrhage,3,0.8498583569405099
PE,2010,O041,hemorrhage,1,0.28328611898017
PE,2010,O046,hemorrhage,1,0.28328611898017
PE,2010,O061,hemorrhage,128,36.26062322946176
PE,2010,O081,hemorrhage,4,1.13314447592068
PE,2010,O441,hemorrhage,17,4.81586402266289
PE,2010,O450,hemorrhage,8,2.26628895184136
PE,2010,O458,hemorrhage,23,6.515580736543909
PE,2010,O459,hemorrhage,40,11.331444759206798
PE,2010,O469,hemorrhage,10,2.8328611898016995
PE,2010,O720,hemorrhage,1,0.28328611898017
PE,2010,O721,hemorrhage,19,5.38243626062323
PE,2010,O722,hemorrhage,37,10.48158640226629
PE,2010,O11,hypertension,3,0.14734774066797643
PE,2010,O140,hypertension,157,7.711198428290766
PE,2010,O141,hypertension,1567,76.96463654223969
PE,2010,O149,hypertension,52,2.5540275049115913
PE,2010,O150,hypertension,234,11.49312377210216
PE,2010,O151,hypertension,18,0.8840864440078585
PE,2010,O152,hypertension,3,0.14734774066797643
PE,2010,O159,hypertension,2,0.09823182711198428
PE,2011,O030,W,13,0.3592152528322741
PE,2011,O031,W,67,1.8513401492124897
PE,2011,O035,W,46,1.2710693561757391
PE,2011,O036,W,2,0.055263885051119094
PE,2011,O050,W,19,0.5250069079856314
PE,2011,O051,W,13,0.3592152528322741
PE,2011,O055,W,2,0.055263885051119094
PE,2011,O056,W,2,0.055263885051119094
PE,2011,O060,W,5,0.13815971262779772
PE,2011,O061,W,122,3.3710969881182646
PE,2011,O065,W,1,0.027631942525559547
PE,2011,O066,W,1,0.027631942525559547
PE,2011,O080,W,65,1.7960762641613706
PE,2011,O081,W,1,0.027631942525559547
PE,2011,O11,W,11,0.303951367781155
PE,2011,O140,W,59,1.6302846090080132
PE,2011,O141,W,1408,38.90577507598784
PE,2011,O149,W,132,3.6474164133738602
PE,2011,O150,W,469,12.959381044487428
PE,2011,O151,W,26,0.7184305056645482
PE,2011,O152,W,7,0.19342359767891681
PE,2011,O159,W,4,0.11052777010223819
PE,2011,O411,W,120,3.3158331030671455
PE,2011,O441,W,30,0.8289582757667864
PE,2011,O450,W,18,0.4973749654600718
PE,2011,O458,W,13,0.3592152528322741
PE,2011,O459,W,75,2.072395689416966
PE,2011,O468,W,2,0.055263885051119094
PE,2011,O469,W,1,0.027631942525559547
PE,2011,O670,W,2,0.055263885051119094
PE,2011,O694,W,1,0.027631942525559547
PE,2011,O710,W,5,0.13815971262779772
PE,2011,O711,W,20,0.5526388505111909
PE,2011,O720,W,1,0.027631942525559547
PE,2011,O721,W,35,0.9671179883945842
PE,2011,O722,W,19,0.5250069079856314
PE,2011,O85,W,332,9.17380491848577
PE,2011,O860,W,170,4.697430229345123
PE,2011,O868,W,291,8.040895274937828
PE,2011,O900,W,9,0.2486874827300359
PE,2011,O031,hemorrhage,67,16.54320987654321
PE,2011,O036,hemorrhage,2,0.49382716049382713
PE,2011,O051,hemorrhage,13,3.2098765432098766
PE,2011,O056,hemorrhage,2,0.49382716049382713
PE,2011,O061,hemorrhage,122,30.123456790123456
PE,2011,O066,hemorrhage,1,0.24691358024691357
PE,2011,O081,hemorrhage,1,0.24691358024691357
PE,2011,O441,hemorrhage,30,7.407407407407407
PE,2011,O450,hemorrhage,18,4.444444444444445
PE,2011,O458,hemorrhage,13,3.2098765432098766
PE,2011,O459,hemorrhage,75,18.51851851851852
PE,2011,O468,hemorrhage,2,0.49382716049382713
PE,2011,O469,hemorrhage,1,0.24691358024691357
PE,2011,O670,hemorrhage,2,0.49382716049382713
PE,2011,O694,hemorrhage,1,0.24691358024691357
PE,2011,O720,hemorrhage,1,0.24691358024691357
PE,2011,O721,hemorrhage,35,8.641975308641975
PE,2011,O722,hemorrhage,19,4.691358024691358
PE,2011,O11,hypertension,11,0.5198487712665406
PE,2011,O140,hypertension,59,2.7882797731569
PE,2011,O141,hypertension,1408,66.5406427221172
PE,2011,O149,hypertension,132,6.238185255198488
PE,2011,O150,hypertension,469,22.16446124763705
PE,2011,O151,hypertension,26,1.2287334593572778
PE,2011,O152,hypertension,7,0.33081285444234404
PE,2011,O159,hypertension,4,0.1890359168241966
PE,2012,O030,W,31,0.801862390067253
PE,2012,O031,W,100,2.586652871184687
PE,2012,O035,W,32,0.8277289187790998
PE,2012,O036,W,1,0.02586652871184687
PE,2012,O040,W,1,0.02586652871184687
PE,2012,O041,W,1,0.02586652871184687
PE,2012,O045,W,1,0.02586652871184687
PE,2012,O050,W,5,0.12933264355923435
PE,2012,O051,W,4,0.10346611484738748
PE,2012,O055,W,1,0.02586652871184687
PE,2012,O060,W,5,0.12933264355923435
PE,2012,O061,W,13,0.33626487325400933
PE,2012,O065,W,1,0.02586652871184687
PE,2012,O066,W,1,0.02586652871184687
PE,2012,O080,W,40,1.0346611484738748
PE,2012,O081,W,2,0.05173305742369374
PE,2012,O083,W,1,0.02586652871184687
PE,2012,O11,W,9,0.23279875840662184
PE,2012,O140,W,37,0.9570615623383342
PE,2012,O141,W,1256,32.48836006207967
PE,2012,O149,W,363,9.389549922400414
PE,2012,O150,W,519,13.424728401448526
PE,2012,O151,W,20,0.5173305742369374
PE,2012,O152,W,16,0.4138644593895499
PE,2012,O159,W,17,0.43973098810139677
PE,2012,O411,W,145,3.7506466632177964
PE,2012,O441,W,32,0.8277289187790998
PE,2012,O450,W,30,0.7759958613554061
PE,2012,O458,W,12,0.3103983445421624
PE,2012,O459,W,83,2.1469218830832903
PE,2012,O469,W,6,0.1551991722710812
PE,2012,O694,W,1,0.02586652871184687
PE,2012,O710,W,1,0.02586652871184687
PE,2012,O711,W,18,0.4655975168132437
PE,2012,O720,W,9,0.23279875840662184
PE,2012,O721,W,16,0.4138644593895499
PE,2012,O722,W,31,0.801862390067253
PE,2012,O85,W,513,13.269529229177444
PE,2012,O860,W,230,5.949301603724781
PE,2012,O868,W,256,6.621831350232799
PE,2012,O900,W,6,0.1551991722710812
PE,2012,O031,hemorrhage,100,29.239766081871345
PE,2012,O036,hemorrhage,1,0.29239766081871343
PE,2012,O041,hemorrhage,1,0.29239766081871343
PE,2012,O051,hemorrhage,4,1.1695906432748537
PE,2012,O061,hemorrhage,13,3.801169590643275
PE,2012,O066,hemorrhage,1,0.29239766081871343
PE,2012,O081,hemorrhage,2,0.5847953216374269
PE,2012,O441,hemorrhage,32,9.35672514619883
PE,2012,O450,hemorrhage,30,8.771929824561404
PE,2012,O458,hemorrhage,12,3.508771929824561
PE,2012,O459,hemorrhage,83,24.269005847953217
PE,2012,O469,hemorrhage,6,1.7543859649122806
PE,2012,O694,hemorrhage,1,0.29239766081871343
PE,2012,O720,hemorrhage,9,2.6315789473684212
PE,2012,O721,hemorrhage,16,4.678362573099415
PE,2012,O722,hemorrhage,31,9.064327485380117
PE,2012,O11,hypertension,9,0.40232454179704963
PE,2012,O140,hypertension,37,1.6540008940545374
PE,2012,O141,hypertension,1256,56.14662494412159
PE,2012,O149,hypertension,363,16.227089852481
PE,2012,O150,hypertension,519,23.200715243629862
PE,2012,O151,hypertension,20,0.894054537326777
PE,2012,O152,hypertension,16,0.7152436298614215
PE,2012,O159,hypertension,17,0.7599463567277603
PE,2013,O030,W,85,2.2582359192348567
PE,2013,O031,W,269,7.1466524973432515
PE,2013,O035,W,8,0.21253985122210414
PE,2013,O036,W,4,0.10626992561105207
PE,2013,O040,W,2,0.053134962805526036
PE,2013,O050,W,11,0.2922422954303932
PE,2013,O051,W,3,0.07970244420828905
PE,2013,O056,W,1,0.026567481402763018
PE,2013,O060,W,5,0.13283740701381508
PE,2013,O061,W,5,0.13283740701381508
PE,2013,O065,W,1,0.026567481402763018
PE,2013,O080,W,25,0.6641870350690755
PE,2013,O081,W,5,0.13283740701381508
PE,2013,O083,W,18,0.4782146652497343
PE,2013,O11,W,10,0.26567481402763016
PE,2013,O140,W,47,1.2486716259298618
PE,2013,O141,W,1099,29.197662061636557
PE,2013,O149,W,641,17.029755579171095
PE,2013,O150,W,534,14.187035069075451
PE,2013,O151,W,16,0.4250797024442083
PE,2013,O152,W,14,0.37194473963868224
PE,2013,O159,W,12,0.3188097768331562
PE,2013,O411,W,33,0.8767268862911796
PE,2013,O441,W,20,0.5313496280552603
PE,2013,O450,W,29,0.7704569606801275
PE,2013,O458,W,12,0.3188097768331562
PE,2013,O459,W,51,1.354941551540914
PE,2013,O468,W,2,0.053134962805526036
PE,2013,O469,W,2,0.053134962805526036
PE,2013,O710,W,3,0.07970244420828905
PE,2013,O711,W,7,0.18597236981934112
PE,2013,O720,W,2,0.053134962805526036
PE,2013,O721,W,14,0.37194473963868224
PE,2013,O722,W,63,1.6737513283740701
PE,2013,O85,W,377,10.015940488841657
PE,2013,O860,W,165,4.383634431455898
PE,2013,O868,W,159,4.2242295430393195
PE,2013,O900,W,10,0.26567481402763016
PE,2013,O031,hemorrhage,269,55.809128630705395
PE,2013,O036,hemorrhage,4,0.8298755186721992
PE,2013,O051,hemorrhage,3,0.6224066390041494
PE,2013,O056,hemorrhage,1,0.2074688796680498
PE,2013,O061,hemorrhage,5,1.037344398340249
PE,2013,O081,hemorrhage,5,1.037344398340249
PE,2013,O441,hemorrhage,20,4.149377593360996
PE,2013,O450,hemorrhage,29,6.016597510373444
PE,2013,O458,hemorrhage,12,2.4896265560165975
PE,2013,O459,hemorrhage,51,10.58091286307054
PE,2013,O468,hemorrhage,2,0.4149377593360996
PE,2013,O469,hemorrhage,2,0.4149377593360996
PE,2013,O720,hemorrhage,2,0.4149377593360996
PE,2013,O721,hemorrhage,14,2.904564315352697
PE,2013,O722,hemorrhage,63,13.070539419087137
PE,2013,O11,hypertension,10,0.42140750105351876
PE,2013,O140,hypertension,47,1.9806152549515381
PE,2013,O141,hypertension,1099,46.31268436578171
PE,2013,O149,hypertension,641,27.01222081753055
PE,2013,O150,hypertension,534,22.503160556257903
PE,2013,O151,hypertension,16,0.67425200168563
PE,2013,O152,hypertension,14,0.5899705014749262
PE,2013,O159,hypertension,12,0.5056890012642224
PE,2014,O030,W,137,2.9411764705882355
PE,2014,O031,W,136,2.9197080291970803
PE,2014,O035,W,20,0.42936882782310004
PE,2014,O036,W,11,0.23615285530270502
PE,2014,O041,W,1,0.021468441391155002
PE,2014,O050,W,16,0.34349506225848003
PE,2014,O051,W,7,0.15027908973808501
PE,2014,O055,W,2,0.042936882782310004
PE,2014,O060,W,1,0.021468441391155002
PE,2014,O061,W,8,0.17174753112924002
PE,2014,O065,W,1,0.021468441391155002
PE,2014,O080,W,32,0.6869901245169601
PE,2014,O081,W,4,0.08587376556462001
PE,2014,O083,W,1,0.021468441391155002
PE,2014,O11,W,7,0.15027908973808501
PE,2014,O140,W,90,1.9321597252039502
PE,2014,O141,W,1850,39.716616573636756
PE,2014,O149,W,887,19.042507513954487
PE,2014,O150,W,372,7.986260197509661
PE,2014,O151,W,62,1.3310433662516101
PE,2014,O152,W,4,0.08587376556462001
PE,2014,O159,W,13,0.279089738085015
PE,2014,O411,W,5,0.10734220695577501
PE,2014,O441,W,29,0.6225848003434951
PE,2014,O450,W,21,0.45083726921425504
PE,2014,O458,W,9,0.19321597252039502
PE,2014,O459,W,66,1.4169171318162301
PE,2014,O468,W,38,0.8158007728638901
PE,2014,O469,W,3,0.064405324173465
PE,2014,O670,W,1,0.021468441391155002
PE,2014,O710,W,3,0.064405324173465
PE,2014,O711,W,4,0.08587376556462001
PE,2014,O720,W,22,0.47230571060541005
PE,2014,O721,W,19,0.40790038643194504
PE,2014,O722,W,43,0.9231429798196651
PE,2014,O85,W,428,9.188492915414342
PE,2014,O860,W,185,3.9716616573636756
PE,2014,O868,W,113,2.4259338772005155
PE,2014,O900,W,7,0.15027908973808501
PE,2014,O031,hemorrhage,136,32.535885167464116
PE,2014,O036,hemorrhage,11,2.6315789473684212
PE,2014,O041,hemorrhage,1,0.23923444976076555
PE,2014,O051,hemorrhage,7,1.674641148325359
PE,2014,O061,hemorrhage,8,1.9138755980861244
PE,2014,O081,hemorrhage,4,0.9569377990430622
PE,2014,O441,hemorrhage,29,6.937799043062201
PE,2014,O450,hemorrhage,21,5.023923444976076
PE,2014,O458,hemorrhage,9,2.15311004784689
PE,2014,O459,hemorrhage,66,15.789473684210526
PE,2014,O468,hemorrhage,38,9.090909090909092
PE,2014,O469,hemorrhage,3,0.7177033492822966
PE,2014,O670,hemorrhage,1,0.23923444976076555
PE,2014,O720,hemorrhage,22,5.2631578947368425
PE,2014,O721,hemorrhage,19,4.545454545454546
PE,2014,O722,hemorrhage,43,10.287081339712918
PE,2014,O11,hypertension,7,0.213089802130898
PE,2014,O140,hypertension,90,2.73972602739726
PE,2014,O141,hypertension,1850,56.3165905631659
PE,2014,O149,hypertension,887,27.00152207001522
PE,2014,O150,hypertension,372,11.32420091324201
PE,2014,O151,hypertension,62,1.887366818873668
PE,2014,O152,hypertension,4,0.121765601217656
PE,2014,O159,hypertension,13,0.395738203957382
PE,2015,D62,W,2,0.04109307581672488
PE,2015,K650,W,2,0.04109307581672488
PE,2015,N709,W,1,0.02054653790836244
PE,2015,O030,W,60,1.2327922745017466
PE,2015,O031,W,36,0.7396753647010479
PE,2015,O035,W,19,0.39038422025888636
PE,2015,O036,W,5,0.10273268954181221
PE,2015,O041,W,1,0.02054653790836244
PE,2015,O046,W,1,0.02054653790836244
PE,2015,O050,W,18,0.36983768235052394
PE,2015,O051,W,3,0.06163961372508732
PE,2015,O055,W,2,0.04109307581672488
PE,2015,O060,W,5,0.10273268954181221
PE,2015,O061,W,3,0.06163961372508732
PE,2015,O065,W,4,0.08218615163344976
PE,2015,O066,W,1,0.02054653790836244
PE,2015,O075,W,1,0.02054653790836244
PE,2015,O080,W,14,0.28765153071707417
PE,2015,O081,W,4,0.08218615163344976
PE,2015,O082,W,3,0.06163961372508732
PE,2015,O11,W,9,0.18491884117526197
PE,2015,O140,W,113,2.321758783644956
PE,2015,O141,W,2445,50.236285185946166
PE,2015,O149,W,645,13.252516950893774
PE,2015,O150,W,378,7.7665913293610025
PE,2015,O151,W,77,1.582083418943908
PE,2015,O152,W,7,0.14382576535853708
PE,2015,O159,W,11,0.22601191699198686
PE,2015,O411,W,25,0.513663447709061
PE,2015,O441,W,20,0.41093075816724883
PE,2015,O450,W,21,0.43147729607561125
PE,2015,O458,W,22,0.4520238339839737
PE,2015,O459,W,59,1.212245736593384
PE,2015,O460,W,1,0.02054653790836244
PE,2015,O468,W,50,1.027326895418122
PE,2015,O469,W,4,0.08218615163344976
PE,2015,O670,W,3,0.06163961372508732
PE,2015,O694,W,1,0.02054653790836244
PE,2015,O710,W,2,0.04109307581672488
PE,2015,O711,W,7,0.14382576535853708
PE,2015,O720,W,25,0.513663447709061
PE,2015,O721,W,13,0.26710499280871175
PE,2015,O722,W,38,0.7807684405177727
PE,2015,O85,W,446,9.163755907129648
PE,2015,O860,W,159,3.266899527429628
PE,2015,O868,W,90,1.8491884117526196
PE,2015,O900,W,11,0.22601191699198686
PE,2015,D62,hemorrhage,2,0.6389776357827476
PE,2015,O031,hemorrhage,36,11.501597444089457
PE,2015,O036,hemorrhage,5,1.597444089456869
PE,2015,O041,hemorrhage,1,0.3194888178913738
PE,2015,O046,hemorrhage,1,0.3194888178913738
PE,2015,O051,hemorrhage,3,0.9584664536741214
PE,2015,O061,hemorrhage,3,0.9584664536741214
PE,2015,O066,hemorrhage,1,0.3194888178913738
PE,2015,O081,hemorrhage,4,1.2779552715654952
PE,2015,O441,hemorrhage,20,6.389776357827476
PE,2015,O450,hemorrhage,21,6.7092651757188495
PE,2015,O458,hemorrhage,22,7.0287539936102235
PE,2015,O459,hemorrhage,59,18.849840255591054
PE,2015,O460,hemorrhage,1,0.3194888178913738
PE,2015,O468,hemorrhage,50,15.97444089456869
PE,2015,O469,hemorrhage,4,1.2779552715654952
PE,2015,O670,hemorrhage,3,0.9584664536741214
PE,2015,O694,hemorrhage,1,0.3194888178913738
PE,2015,O720,hemorrhage,25,7.987220447284345
PE,2015,O721,hemorrhage,13,4.15335463258786
PE,2015,O722,hemorrhage,38,12.140575079872205
PE,2015,O11,hypertension,9,0.24423337856173677
PE,2015,O140,hypertension,113,3.066485753052917
PE,2015,O141,hypertension,2445,66.35006784260516
PE,2015,O149,hypertension,645,17.5033921302578
PE,2015,O150,hypertension,378,10.257801899592945
PE,2015,O151,hypertension,77,2.08955223880597
PE,2015,O152,hypertension,7,0.18995929443690637
PE,2015,O159,hypertension,11,0.29850746268656714
PE,2016,A408,W,1,0.018511662347278787
PE,2016,A419,W,1,0.018511662347278787
PE,2016,O030,W,35,0.6479081821547575
PE,2016,O031,W,39,0.7219548315438726
PE,2016,O035,W,11,0.20362828582006665
PE,2016,O036,W,3,0.055534987041836355
PE,2016,O041,W,2,0.037023324694557574
PE,2016,O045,W,3,0.055534987041836355
PE,2016,O046,W,1,0.018511662347278787
PE,2016,O050,W,25,0.46279155868196964
PE,2016,O051,W,6,0.11106997408367271
PE,2016,O055,W,1,0.018511662347278787
PE,2016,O060,W,5,0.09255831173639392
PE,2016,O061,W,11,0.20362828582006665
PE,2016,O080,W,47,0.8700481303221029
PE,2016,O081,W,7,0.1295816364309515
PE,2016,O082,W,1,0.018511662347278787
PE,2016,O083,W,2,0.037023324694557574
PE,2016,O11,W,17,0.31469825990373934
PE,2016,O140,W,121,2.239911144020733
PE,2016,O141,W,2768,51.24028137726768
PE,2016,O149,W,721,13.346908552388005
PE,2016,O150,W,287,5.312847093669012
PE,2016,O151,W,64,1.1847463902258424
PE,2016,O152,W,14,0.259163272861903
PE,2016,O159,W,8,0.1480932987782303
PE,2016,O411,W,60,1.1106997408367272
PE,2016,O441,W,21,0.3887449092928545
PE,2016,O450,W,5,0.09255831173639392
PE,2016,O458,W,17,0.31469825990373934
PE,2016,O459,W,57,1.0551647537948907
PE,2016,O460,W,1,0.018511662347278787
PE,2016,O468,W,37,0.684931506849315
PE,2016,O670,W,1,0.018511662347278787
PE,2016,O694,W,1,0.018511662347278787
PE,2016,O710,W,28,0.518326545723806
PE,2016,O711,W,8,0.1480932987782303
PE,2016,O720,W,49,0.9070714550166605
PE,2016,O721,W,14,0.259163272861903
PE,2016,O722,W,53,0.9811181044057756
PE,2016,O85,W,640,11.847463902258422
PE,2016,O860,W,144,2.665679378008145
PE,2016,O868,W,54,0.9996297667530544
PE,2016,O900,W,11,0.20362828582006665
PE,2016,O031,hemorrhage,39,12.0
PE,2016,O036,hemorrhage,3,0.9230769230769231
PE,2016,O041,hemorrhage,2,0.6153846153846154
PE,2016,O046,hemorrhage,1,0.3076923076923077
PE,2016,O051,hemorrhage,6,1.8461538461538463
PE,2016,O061,hemorrhage,11,3.3846153846153846
PE,2016,O081,hemorrhage,7,2.1538461538461537
PE,2016,O441,hemorrhage,21,6.461538461538462
PE,2016,O450,hemorrhage,5,1.5384615384615385
PE,2016,O458,hemorrhage,17,5.230769230769231
PE,2016,O459,hemorrhage,57,17.53846153846154
PE,2016,O460,hemorrhage,1,0.3076923076923077
PE,2016,O468,hemorrhage,37,11.384615384615385
PE,2016,O670,hemorrhage,1,0.3076923076923077
PE,2016,O694,hemorrhage,1,0.3076923076923077
PE,2016,O720,hemorrhage,49,15.076923076923077
PE,2016,O721,hemorrhage,14,4.3076923076923075
PE,2016,O722,hemorrhage,53,16.307692307692307
PE,2016,O11,hypertension,17,0.425
PE,2016,O140,hypertension,121,3.025
PE,2016,O141,hypertension,2768,69.2
PE,2016,O149,hypertension,721,18.025
PE,2016,O150,hypertension,287,7.175
PE,2016,O151,hypertension,64,1.6
PE,2016,O152,hypertension,14,0.35
PE,2016,O159,hypertension,8,0.2
PE,2017,D62,W,1,0.01562988433885589
PE,2017,O030,W,31,0.48452641450453265
PE,2017,O031,W,34,0.5314160675211004
PE,2017,O035,W,14,0.2188183807439825
PE,2017,O036,W,3,0.046889653016567674
PE,2017,O040,W,15,0.2344482650828384
PE,2017,O041,W,2,0.03125976867771178
PE,2017,O046,W,2,0.03125976867771178
PE,2017,O050,W,17,0.2657080337605502
PE,2017,O051,W,4,0.06251953735542357
PE,2017,O055,W,2,0.03125976867771178
PE,2017,O056,W,2,0.03125976867771178
PE,2017,O060,W,10,0.15629884338855893
PE,2017,O061,W,7,0.10940919037199125
PE,2017,O065,W,4,0.06251953735542357
PE,2017,O071,W,2,0.03125976867771178
PE,2017,O080,W,19,0.29696780243826193
PE,2017,O081,W,29,0.45326664582682086
PE,2017,O082,W,1,0.01562988433885589
PE,2017,O083,W,2,0.03125976867771178
PE,2017,O11,W,95,1.4848390121913098
PE,2017,O140,W,111,1.7349171616130041
PE,2017,O141,W,3663,57.25226633322914
PE,2017,O149,W,776,12.128790246952173
PE,2017,O150,W,115,1.7974366989684276
PE,2017,O151,W,67,1.0472022507033447
PE,2017,O152,W,9,0.14066895904970303
PE,2017,O159,W,16,0.25007814942169426
PE,2017,O411,W,30,0.4688965301656768
PE,2017,O441,W,28,0.437636761487965
PE,2017,O450,W,3,0.046889653016567674
PE,2017,O458,W,20,0.31259768677711786
PE,2017,O459,W,82,1.2816505157861833
PE,2017,O460,W,1,0.01562988433885589
PE,2017,O468,W,53,0.8283838699593623
PE,2017,O469,W,5,0.07814942169427946
PE,2017,O670,W,1,0.01562988433885589
PE,2017,O710,W,3,0.046889653016567674
PE,2017,O711,W,5,0.07814942169427946
PE,2017,O720,W,54,0.8440137542982182
PE,2017,O721,W,38,0.5939356048765239
PE,2017,O722,W,38,0.5939356048765239
PE,2017,O85,W,810,12.660206314473273
PE,2017,O860,W,115,1.7974366989684276
PE,2017,O868,W,51,0.7971241012816506
PE,2017,O900,W,8,0.12503907471084713
PE,2017,D62,hemorrhage,1,0.24449877750611246
PE,2017,O031,hemorrhage,34,8.312958435207824
PE,2017,O036,hemorrhage,3,0.7334963325183375
PE,2017,O041,hemorrhage,2,0.4889975550122249
PE,2017,O046,hemorrhage,2,0.4889975550122249
PE,2017,O051,hemorrhage,4,0.9779951100244498
PE,2017,O056,hemorrhage,2,0.4889975550122249
PE,2017,O061,hemorrhage,7,1.7114914425427872
PE,2017,O071,hemorrhage,2,0.4889975550122249
PE,2017,O081,hemorrhage,29,7.090464547677262
PE,2017,O441,hemorrhage,28,6.845965770171149
PE,2017,O450,hemorrhage,3,0.7334963325183375
PE,2017,O458,hemorrhage,20,4.88997555012225
PE,2017,O459,hemorrhage,82,20.04889975550122
PE,2017,O460,hemorrhage,1,0.24449877750611246
PE,2017,O468,hemorrhage,53,12.95843520782396
PE,2017,O469,hemorrhage,5,1.2224938875305624
PE,2017,O670,hemorrhage,1,0.24449877750611246
PE,2017,O720,hemorrhage,54,13.202933985330073
PE,2017,O721,hemorrhage,38,9.290953545232274
PE,2017,O722,hemorrhage,38,9.290953545232274
PE,2017,O11,hypertension,95,1.9579554822753504
PE,2017,O140,hypertension,111,2.2877164056059356
PE,2017,O141,hypertension,3663,75.49464138499587
PE,2017,O149,hypertension,776,15.993404781533389
PE,2017,O150,hypertension,115,2.370156636438582
PE,2017,O151,hypertension,67,1.380873866446826
PE,2017,O152,hypertension,9,0.18549051937345423
PE,2017,O159,hypertension,16,0.3297609233305853
PE,2018,D62,W,1,0.014929829799940281
PE,2018,N700,W,1,0.014929829799940281
PE,2018,N710,W,1,0.014929829799940281
PE,2018,O030,W,42,0.6270528515974918
PE,2018,O031,W,38,0.5673335323977307
PE,2018,O035,W,11,0.1642281277993431
PE,2018,O036,W,3,0.044789489399820845
PE,2018,O040,W,22,0.3284562555986862
PE,2018,O045,W,2,0.029859659599880562
PE,2018,O046,W,1,0.014929829799940281
PE,2018,O050,W,8,0.11943863839952225
PE,2018,O051,W,3,0.044789489399820845
PE,2018,O055,W,4,0.059719319199761124
PE,2018,O056,W,2,0.029859659599880562
PE,2018,O060,W,4,0.059719319199761124
PE,2018,O061,W,5,0.0746491489997014
PE,2018,O065,W,5,0.0746491489997014
PE,2018,O066,W,1,0.014929829799940281
PE,2018,O070,W,1,0.014929829799940281
PE,2018,O080,W,62,0.9256494475962974
PE,2018,O081,W,14,0.20901761719916392
PE,2018,O082,W,2,0.029859659599880562
PE,2018,O083,W,3,0.044789489399820845
PE,2018,O11,W,81,1.2093162137951627
PE,2018,O140,W,80,1.1943863839952225
PE,2018,O141,W,4120,61.51089877575396
PE,2018,O149,W,747,11.15258286055539
PE,2018,O150,W,49,0.7315616601970738
PE,2018,O151,W,75,1.119737234995521
PE,2018,O152,W,11,0.1642281277993431
PE,2018,O159,W,17,0.25380710659898476
PE,2018,O411,W,18,0.26873693639892504
PE,2018,O441,W,31,0.4628247237981487
PE,2018,O450,W,4,0.059719319199761124
PE,2018,O458,W,4,0.059719319199761124
PE,2018,O459,W,98,1.4631233203941476
PE,2018,O468,W,33,0.4926843833980293
PE,2018,O469,W,3,0.044789489399820845
PE,2018,O710,W,4,0.059719319199761124
PE,2018,O711,W,10,0.1492982979994028
PE,2018,O720,W,59,0.8808599581964766
PE,2018,O721,W,36,0.5374738727978501
PE,2018,O722,W,24,0.35831591519856676
PE,2018,O753,W,1,0.014929829799940281
PE,2018,O85,W,701,10.465810689758136
PE,2018,O860,W,154,2.299193789190803
PE,2018,O868,W,45,0.6718423409973127
PE,2018,O900,W,57,0.851000298596596
PE,2018,D62,hemorrhage,1,0.2777777777777778
PE,2018,O031,hemorrhage,38,10.555555555555555
PE,2018,O036,hemorrhage,3,0.8333333333333334
PE,2018,O046,hemorrhage,1,0.2777777777777778
PE,2018,O051,hemorrhage,3,0.8333333333333334
PE,2018,O056,hemorrhage,2,0.5555555555555556
PE,2018,O061,hemorrhage,5,1.3888888888888888
PE,2018,O066,hemorrhage,1,0.2777777777777778
PE,2018,O081,hemorrhage,14,3.888888888888889
PE,2018,O441,hemorrhage,31,8.61111111111111
PE,2018,O450,hemorrhage,4,1.1111111111111112
PE,2018,O458,hemorrhage,4,1.1111111111111112
PE,2018,O459,hemorrhage,98,27.22222222222222
PE,2018,O468,hemorrhage,33,9.166666666666666
PE,2018,O469,hemorrhage,3,0.8333333333333334
PE,2018,O720,hemorrhage,59,16.38888888888889
PE,2018,O721,hemorrhage,36,10.0
PE,2018,O722,hemorrhage,24,6.666666666666667
PE,2018,O11,hypertension,81,1.5637065637065637
PE,2018,O140,hypertension,80,1.5444015444015444
PE,2018,O141,hypertension,4120,79.53667953667954
PE,2018,O149,hypertension,747,14.420849420849422
PE,2018,O150,hypertension,49,0.9459459459459459
PE,2018,O151,hypertension,75,1.4478764478764479
PE,2018,O152,hypertension,11,0.21235521235521235
PE,2018,O159,hypertension,17,0.3281853281853282
PE,2019,K359,W,1,0.014039028499227854
PE,2019,N700,W,1,0.014039028499227854
PE,2019,O030,W,42,0.5896391969675698
PE,2019,O031,W,59,0.8283026814544433
PE,2019,O035,W,177,2.4849080443633302
PE,2019,O036,W,10,0.14039028499227854
PE,2019,O040,W,15,0.2105854274884178
PE,2019,O041,W,2,0.028078056998455708
PE,2019,O050,W,10,0.14039028499227854
PE,2019,O051,W,3,0.04211708549768356
PE,2019,O055,W,3,0.04211708549768356
PE,2019,O056,W,2,0.028078056998455708
PE,2019,O060,W,12,0.16846834199073424
PE,2019,O061,W,7,0.09827319949459497
PE,2019,O065,W,6,0.08423417099536712
PE,2019,O066,W,1,0.014039028499227854
PE,2019,O080,W,36,0.5054050259722027
PE,2019,O081,W,8,0.11231222799382283
PE,2019,O082,W,10,0.14039028499227854
PE,2019,O083,W,2,0.028078056998455708
PE,2019,O11,W,83,1.165239365435912
PE,2019,O140,W,108,1.5162150779166081
PE,2019,O141,W,4121,57.854836445317986
PE,2019,O149,W,854,11.989330338340586
PE,2019,O15,W,2,0.028078056998455708
PE,2019,O150,W,58,0.8142636529552155
PE,2019,O151,W,61,0.8563807384528991
PE,2019,O152,W,10,0.14039028499227854
PE,2019,O159,W,21,0.2948195984837849
PE,2019,O411,W,12,0.16846834199073424
PE,2019,O441,W,34,0.477326968973747
PE,2019,O450,W,8,0.11231222799382283
PE,2019,O458,W,5,0.07019514249613927
PE,2019,O459,W,88,1.235434507932051
PE,2019,O468,W,1,0.014039028499227854
PE,2019,O469,W,11,0.15442931349150638
PE,2019,O670,W,2,0.028078056998455708
PE,2019,O679,W,1,0.014039028499227854
PE,2019,O694,W,3,0.04211708549768356
PE,2019,O711,W,4,0.056156113996911415
PE,2019,O72,W,2,0.028078056998455708
PE,2019,O720,W,68,0.954653937947494
PE,2019,O721,W,82,1.1512003369366839
PE,2019,O722,W,46,0.6457953109644813
PE,2019,O85,W,779,10.936403200898498
PE,2019,O86,W,7,0.09827319949459497
PE,2019,O860,W,180,2.5270251298610136
PE,2019,O868,W,52,0.7300294819598484
PE,2019,O900,W,13,0.1825073704899621
PE,2019,O031,hemorrhage,59,13.318284424379232
PE,2019,O036,hemorrhage,10,2.2573363431151243
PE,2019,O041,hemorrhage,2,0.45146726862302483
PE,2019,O051,hemorrhage,3,0.6772009029345373
PE,2019,O056,hemorrhage,2,0.45146726862302483
PE,2019,O061,hemorrhage,7,1.580135440180587
PE,2019,O066,hemorrhage,1,0.22573363431151242
PE,2019,O081,hemorrhage,8,1.8058690744920993
PE,2019,O441,hemorrhage,34,7.6749435665914225
PE,2019,O450,hemorrhage,8,1.8058690744920993
PE,2019,O458,hemorrhage,5,1.1286681715575622
PE,2019,O459,hemorrhage,88,19.864559819413092
PE,2019,O468,hemorrhage,1,0.22573363431151242
PE,2019,O469,hemorrhage,11,2.4830699774266365
PE,2019,O670,hemorrhage,2,0.45146726862302483
PE,2019,O679,hemorrhage,1,0.22573363431151242
PE,2019,O694,hemorrhage,3,0.6772009029345373
PE,2019,O72,hemorrhage,2,0.45146726862302483
PE,2019,O720,hemorrhage,68,15.349887133182845
PE,2019,O721,hemorrhage,82,18.510158013544018
PE,2019,O722,hemorrhage,46,10.383747178329571
PE,2019,O11,hypertension,83,1.560737119217751
PE,2019,O140,hypertension,108,2.0308386611508085
PE,2019,O141,hypertension,4121,77.4915381722452
PE,2019,O149,hypertension,854,16.058668672433246
PE,2019,O15,hypertension,2,0.037608123354644606
PE,2019,O150,hypertension,58,1.0906355772846934
PE,2019,O151,hypertension,61,1.1470477623166604
PE,2019,O152,hypertension,10,0.188040616773223
PE,2019,O159,hypertension,21,0.3948852952237683
PE,2020,D62,W,1,0.01554001554001554
PE,2020,N735,W,2,0.03108003108003108
PE,2020,O030,W,63,0.9790209790209791
PE,2020,O031,W,50,0.777000777000777
PE,2020,O035,W,289,4.491064491064491
PE,2020,O036,W,5,0.0777000777000777
PE,2020,O040,W,2,0.03108003108003108
PE,2020,O041,W,3,0.046620046620046623
PE,2020,O050,W,9,0.13986013986013987
PE,2020,O051,W,1,0.01554001554001554
PE,2020,O055,W,1,0.01554001554001554
PE,2020,O056,W,3,0.046620046620046623
PE,2020,O060,W,14,0.21756021756021757
PE,2020,O061,W,18,0.27972027972027974
PE,2020,O065,W,1,0.01554001554001554
PE,2020,O066,W,2,0.03108003108003108
PE,2020,O070,W,1,0.01554001554001554
PE,2020,O071,W,1,0.01554001554001554
PE,2020,O080,W,7,0.10878010878010878
PE,2020,O081,W,8,0.12432012432012432
PE,2020,O082,W,2,0.03108003108003108
PE,2020,O083,W,1,0.01554001554001554
PE,2020,O11,W,57,0.8857808857808858
PE,2020,O140,W,130,2.0202020202020203
PE,2020,O141,W,3525,54.77855477855478
PE,2020,O149,W,993,15.43123543123543
PE,2020,O150,W,57,0.8857808857808858
PE,2020,O151,W,20,0.3108003108003108
PE,2020,O152,W,17,0.2641802641802642
PE,2020,O159,W,19,0.29526029526029524
PE,2020,O411,W,12,0.1864801864801865
PE,2020,O441,W,37,0.574980574980575
PE,2020,O450,W,2,0.03108003108003108
PE,2020,O458,W,10,0.1554001554001554
PE,2020,O459,W,91,1.4141414141414141
PE,2020,O469,W,14,0.21756021756021757
PE,2020,O679,W,1,0.01554001554001554
PE,2020,O694,W,2,0.03108003108003108
PE,2020,O710,W,1,0.01554001554001554
PE,2020,O711,W,5,0.0777000777000777
PE,2020,O72,W,2,0.03108003108003108
PE,2020,O720,W,34,0.5283605283605284
PE,2020,O721,W,98,1.522921522921523
PE,2020,O722,W,34,0.5283605283605284
PE,2020,O85,W,552,8.578088578088579
PE,2020,O86,W,8,0.12432012432012432
PE,2020,O860,W,196,3.045843045843046
PE,2020,O868,W,27,0.4195804195804196
PE,2020,O883,W,1,0.01554001554001554
PE,2020,O900,W,6,0.09324009324009325
PE,2020,D62,hemorrhage,1,0.23980815347721823
PE,2020,O031,hemorrhage,50,11.990407673860911
PE,2020,O036,hemorrhage,5,1.1990407673860912
PE,2020,O041,hemorrhage,3,0.7194244604316546
PE,2020,O051,hemorrhage,1,0.23980815347721823
PE,2020,O056,hemorrhage,3,0.7194244604316546
PE,2020,O061,hemorrhage,18,4.316546762589928
PE,2020,O066,hemorrhage,2,0.47961630695443647
PE,2020,O071,hemorrhage,1,0.23980815347721823
PE,2020,O081,hemorrhage,8,1.9184652278177459
PE,2020,O441,hemorrhage,37,8.872901678657074
PE,2020,O450,hemorrhage,2,0.47961630695443647
PE,2020,O458,hemorrhage,10,2.3980815347721824
PE,2020,O459,hemorrhage,91,21.822541966426858
PE,2020,O469,hemorrhage,14,3.357314148681055
PE,2020,O679,hemorrhage,1,0.23980815347721823
PE,2020,O694,hemorrhage,2,0.47961630695443647
PE,2020,O72,hemorrhage,2,0.47961630695443647
PE,2020,O720,hemorrhage,34,8.15347721822542
PE,2020,O721,hemorrhage,98,23.501199040767386
PE,2020,O722,hemorrhage,34,8.15347721822542
PE,2020,O11,hypertension,57,1.1830635118306352
PE,2020,O140,hypertension,130,2.69821502698215
PE,2020,O141,hypertension,3525,73.16313823163138
PE,2020,O149,hypertension,993,20.610211706102117
PE,2020,O150,hypertension,57,1.1830635118306352
PE,2020,O151,hypertension,20,0.41511000415110005
PE,2020,O152,hypertension,17,0.352843503528435
PE,2020,O159,hypertension,19,0.39435450394354504
PE,2021,D62,W,1,0.014486455164421265
PE,2021,K359,W,1,0.014486455164421265
PE,2021,K650,W,1,0.014486455164421265
PE,2021,N733,W,1,0.014486455164421265
PE,2021,N735,W,1,0.014486455164421265
PE,2021,O030,W,85,1.2313486889758076
PE,2021,O031,W,28,0.40562074460379544
PE,2021,O035,W,107,1.5500507025930754
PE,2021,O036,W,4,0.05794582065768506
PE,2021,O040,W,5,0.07243227582210633
PE,2021,O041,W,6,0.0869187309865276
PE,2021,O050,W,13,0.18832391713747645
PE,2021,O051,W,3,0.0434593654932638
PE,2021,O056,W,13,0.18832391713747645
PE,2021,O060,W,12,0.1738374619730552
PE,2021,O061,W,7,0.10140518615094886
PE,2021,O065,W,5,0.07243227582210633
PE,2021,O066,W,3,0.0434593654932638
PE,2021,O071,W,2,0.02897291032884253
PE,2021,O080,W,10,0.14486455164421266
PE,2021,O081,W,7,0.10140518615094886
PE,2021,O082,W,1,0.014486455164421265
PE,2021,O083,W,3,0.0434593654932638
PE,2021,O11,W,89,1.2892945096334927
PE,2021,O140,W,140,2.0281037230189773
PE,2021,O141,W,3931,56.94625525134
PE,2021,O149,W,1021,14.790670722874113
PE,2021,O150,W,87,1.2603215993046502
PE,2021,O151,W,36,0.5215123859191656
PE,2021,O152,W,25,0.36216137911053164
PE,2021,O159,W,27,0.39113428943937417
PE,2021,O411,W,3,0.0434593654932638
PE,2021,O441,W,36,0.5215123859191656
PE,2021,O450,W,11,0.15935100680863393
PE,2021,O458,W,11,0.15935100680863393
PE,2021,O459,W,92,1.3327538751267565
PE,2021,O469,W,3,0.0434593654932638
PE,2021,O670,W,7,0.10140518615094886
PE,2021,O710,W,1,0.014486455164421265
PE,2021,O711,W,5,0.07243227582210633
PE,2021,O72,W,3,0.0434593654932638
PE,2021,O720,W,13,0.18832391713747645
PE,2021,O721,W,83,1.202375778646965
PE,2021,O722,W,99,1.4341590612777053
PE,2021,O85,W,591,8.561495002172968
PE,2021,O86,W,2,0.02897291032884253
PE,2021,O860,W,209,3.0276691293640448
PE,2021,O868,W,49,0.709836303056642
PE,2021,O900,W,10,0.14486455164421266
PE,2021,D62,hemorrhage,1,0.23148148148148148
PE,2021,O031,hemorrhage,28,6.481481481481482
PE,2021,O036,hemorrhage,4,0.9259259259259259
PE,2021,O041,hemorrhage,6,1.3888888888888888
PE,2021,O051,hemorrhage,3,0.6944444444444444
PE,2021,O056,hemorrhage,13,3.009259259259259
PE,2021,O061,hemorrhage,7,1.6203703703703705
PE,2021,O066,hemorrhage,3,0.6944444444444444
PE,2021,O071,hemorrhage,2,0.46296296296296297
PE,2021,O081,hemorrhage,7,1.6203703703703705
PE,2021,O441,hemorrhage,36,8.333333333333334
PE,2021,O450,hemorrhage,11,2.5462962962962963
PE,2021,O458,hemorrhage,11,2.5462962962962963
PE,2021,O459,hemorrhage,92,21.296296296296298
PE,2021,O469,hemorrhage,3,0.6944444444444444
PE,2021,O670,hemorrhage,7,1.6203703703703705
PE,2021,O72,hemorrhage,3,0.6944444444444444
PE,2021,O720,hemorrhage,13,3.009259259259259
PE,2021,O721,hemorrhage,83,19.212962962962962
PE,2021,O722,hemorrhage,99,22.916666666666668
PE,2021,O11,hypertension,89,1.6616878267363704
PE,2021,O140,hypertension,140,2.6138909634055265
PE,2021,O141,hypertension,3931,73.39432412247946
PE,2021,O149,hypertension,1021,19.06273338312173
PE,2021,O150,hypertension,87,1.6243465272591486
PE,2021,O151,hypertension,36,0.6721433905899925
PE,2021,O152,hypertension,25,0.46676624346527257
PE,2021,O159,hypertension,27,0.5041075429424944
PE,2022,D62,W,1,0.012402331638348009
PE,2022,O030,W,89,1.1038075158129728
PE,2022,O031,W,37,0.4588862706188763
PE,2022,O035,W,294,3.6462855016743148
PE,2022,O036,W,12,0.1488279796601761
PE,2022,O040,W,5,0.062011658191740045
PE,2022,O041,W,3,0.03720699491504403
PE,2022,O045,W,1,0.012402331638348009
PE,2022,O046,W,1,0.012402331638348009
PE,2022,O050,W,14,0.17363264293687214
PE,2022,O051,W,7,0.08681632146843607
PE,2022,O055,W,1,0.012402331638348009
PE,2022,O056,W,54,0.6697259084707925
PE,2022,O060,W,4,0.049609326553392036
PE,2022,O061,W,9,0.11162098474513209
PE,2022,O065,W,1,0.012402331638348009
PE,2022,O066,W,3,0.03720699491504403
PE,2022,O080,W,11,0.1364256480218281
PE,2022,O081,W,6,0.07441398983008805
PE,2022,O082,W,1,0.012402331638348009
PE,2022,O083,W,3,0.03720699491504403
PE,2022,O11,W,445,5.5190375790648645
PE,2022,O140,W,141,1.7487287610070694
PE,2022,O141,W,4792,59.43197321096366
PE,2022,O149,W,810,10.045888627061888
PE,2022,O150,W,91,1.1286121790896688
PE,2022,O151,W,50,0.6201165819174005
PE,2022,O152,W,22,0.2728512960436562
PE,2022,O159,W,14,0.17363264293687214
PE,2022,O411,W,4,0.049609326553392036
PE,2022,O441,W,32,0.3968746124271363
PE,2022,O450,W,5,0.062011658191740045
PE,2022,O458,W,11,0.1364256480218281
PE,2022,O459,W,105,1.302244822026541
PE,2022,O46,W,1,0.012402331638348009
PE,2022,O468,W,1,0.012402331638348009
PE,2022,O469,W,5,0.062011658191740045
PE,2022,O670,W,6,0.07441398983008805
PE,2022,O694,W,4,0.049609326553392036
PE,2022,O710,W,2,0.024804663276696018
PE,2022,O711,W,4,0.049609326553392036
PE,2022,O720,W,13,0.1612303112985241
PE,2022,O721,W,40,0.49609326553392036
PE,2022,O722,W,110,1.364256480218281
PE,2022,O85,W,514,6.374798462110877
PE,2022,O86,W,3,0.03720699491504403
PE,2022,O860,W,229,2.840133945181694
PE,2022,O868,W,44,0.5457025920873124
PE,2022,O883,W,2,0.024804663276696018
PE,2022,O900,W,6,0.07441398983008805
PE,2022,D62,hemorrhage,1,0.2145922746781116
PE,2022,O031,hemorrhage,37,7.939914163090129
PE,2022,O036,hemorrhage,12,2.575107296137339
PE,2022,O041,hemorrhage,3,0.6437768240343348
PE,2022,O046,hemorrhage,1,0.2145922746781116
PE,2022,O051,hemorrhage,7,1.502145922746781
PE,2022,O056,hemorrhage,54,11.587982832618026
PE,2022,O061,hemorrhage,9,1.9313304721030042
PE,2022,O066,hemorrhage,3,0.6437768240343348
PE,2022,O081,hemorrhage,6,1.2875536480686696
PE,2022,O441,hemorrhage,32,6.866952789699571
PE,2022,O450,hemorrhage,5,1.0729613733905579
PE,2022,O458,hemorrhage,11,2.3605150214592276
PE,2022,O459,hemorrhage,105,22.532188841201716
PE,2022,O46,hemorrhage,1,0.2145922746781116
PE,2022,O468,hemorrhage,1,0.2145922746781116
PE,2022,O469,hemorrhage,5,1.0729613733905579
PE,2022,O670,hemorrhage,6,1.2875536480686696
PE,2022,O694,hemorrhage,4,0.8583690987124464
PE,2022,O720,hemorrhage,13,2.7896995708154506
PE,2022,O721,hemorrhage,40,8.583690987124463
PE,2022,O722,hemorrhage,110,23.605150214592275
PE,2022,O11,hypertension,445,6.991358994501178
PE,2022,O140,hypertension,141,2.2152395915161036
PE,2022,O141,hypertension,4792,75.28672427337
PE,2022,O149,hypertension,810,12.725844461901021
PE,2022,O150,hypertension,91,1.429693637077769
PE,2022,O151,hypertension,50,0.7855459544383346
PE,2022,O152,hypertension,22,0.34564021995286726
PE,2022,O159,hypertension,14,0.2199528672427337
PE,2023,O030,W,120,1.762632197414806
PE,2023,O031,W,53,0.7784958871915394
PE,2023,O035,W,241,3.5399529964747356
PE,2023,O036,W,10,0.14688601645123384
PE,2023,O040,W,5,0.07344300822561692
PE,2023,O041,W,3,0.04406580493537015
PE,2023,O045,W,4,0.05875440658049354
PE,2023,O050,W,13,0.190951821386604
PE,2023,O051,W,9,0.13219741480611047
PE,2023,O055,W,2,0.02937720329024677
PE,2023,O056,W,33,0.48472385428907167
PE,2023,O060,W,90,1.3219741480611047
PE,2023,O061,W,6,0.0881316098707403
PE,2023,O065,W,4,0.05875440658049354
PE,2023,O066,W,1,0.014688601645123384
PE,2023,O071,W,1,0.014688601645123384
PE,2023,O080,W,8,0.11750881316098707
PE,2023,O081,W,5,0.07344300822561692
PE,2023,O083,W,2,0.02937720329024677
PE,2023,O11,W,229,3.363689776733255
PE,2023,O140,W,91,1.336662749706228
PE,2023,O141,W,3785,55.59635722679201
PE,2023,O149,W,760,11.163337250293772
PE,2023,O15,W,2,0.02937720329024677
PE,2023,O150,W,84,1.2338425381903644
PE,2023,O151,W,32,0.4700352526439483
PE,2023,O152,W,34,0.4994124559341951
PE,2023,O159,W,12,0.1762632197414806
PE,2023,O411,W,2,0.02937720329024677
PE,2023,O441,W,15,0.22032902467685075
PE,2023,O450,W,5,0.07344300822561692
PE,2023,O458,W,14,0.2056404230317274
PE,2023,O459,W,113,1.6598119858989424
PE,2023,O46,W,2,0.02937720329024677
PE,2023,O469,W,3,0.04406580493537015
PE,2023,O670,W,8,0.11750881316098707
PE,2023,O679,W,1,0.014688601645123384
PE,2023,O694,W,1,0.014688601645123384
PE,2023,O710,W,1,0.014688601645123384
PE,2023,O711,W,6,0.0881316098707403
PE,2023,O72,W,4,0.05875440658049354
PE,2023,O720,W,19,0.2790834312573443
PE,2023,O721,W,51,0.7491186839012925
PE,2023,O722,W,83,1.2191539365452408
PE,2023,O85,W,563,8.269682726204465
PE,2023,O86,W,9,0.13219741480611047
PE,2023,O860,W,219,3.216803760282021
PE,2023,O868,W,38,0.5581668625146886
PE,2023,O900,W,12,0.1762632197414806
PE,2023,O031,hemorrhage,53,12.045454545454545
PE,2023,O036,hemorrhage,10,2.272727272727273
PE,2023,O041,hemorrhage,3,0.6818181818181818
PE,2023,O051,hemorrhage,9,2.0454545454545454
PE,2023,O056,hemorrhage,33,7.5
PE,2023,O061,hemorrhage,6,1.3636363636363635
PE,2023,O066,hemorrhage,1,0.22727272727272727
PE,2023,O071,hemorrhage,1,0.22727272727272727
PE,2023,O081,hemorrhage,5,1.1363636363636365
PE,2023,O441,hemorrhage,15,3.409090909090909
PE,2023,O450,hemorrhage,5,1.1363636363636365
PE,2023,O458,hemorrhage,14,3.1818181818181817
PE,2023,O459,hemorrhage,113,25.681818181818183
PE,2023,O46,hemorrhage,2,0.45454545454545453
PE,2023,O469,hemorrhage,3,0.6818181818181818
PE,2023,O670,hemorrhage,8,1.8181818181818181
PE,2023,O679,hemorrhage,1,0.22727272727272727
PE,2023,O694,hemorrhage,1,0.22727272727272727
PE,2023,O72,hemorrhage,4,0.9090909090909091
PE,2023,O720,hemorrhage,19,4.318181818181818
PE,2023,O721,hemorrhage,51,11.590909090909092
PE,2023,O722,hemorrhage,83,18.863636363636363
PE,2023,O11,hypertension,229,4.553589182740107
PE,2023,O140,hypertension,91,1.8095048717438855
PE,2023,O141,hypertension,3785,75.26347186319347
PE,2023,O149,hypertension,760,15.112348379399483
PE,2023,O15,hypertension,2,0.03976933784052496
PE,2023,O150,hypertension,84,1.670312189302048
PE,2023,O151,hypertension,32,0.6363094054483993
PE,2023,O152,hypertension,34,0.6760787432889243
PE,2023,O159,hypertension,12,0.23861602704314974
PE,2024,D62,W,1,0.014889815366289458
PE,2024,N733,W,1,0.014889815366289458
PE,2024,O030,W,135,2.0101250744490766
PE,2024,O031,W,92,1.36986301369863
PE,2024,O035,W,22,0.3275759380583681
PE,2024,O036,W,27,0.40202501488981535
PE,2024,O040,W,5,0.07444907683144729
PE,2024,O041,W,1,0.014889815366289458
PE,2024,O045,W,2,0.029779630732578916
PE,2024,O046,W,2,0.029779630732578916
PE,2024,O050,W,15,0.22334723049434188
PE,2024,O051,W,4,0.05955926146515783
PE,2024,O055,W,6,0.08933889219773675
PE,2024,O056,W,17,0.2531268612269208
PE,2024,O060,W,54,0.8040500297796307
PE,2024,O061,W,14,0.2084574151280524
PE,2024,O065,W,2,0.029779630732578916
PE,2024,O066,W,5,0.07444907683144729
PE,2024,O071,W,1,0.014889815366289458
PE,2024,O080,W,13,0.19356759976176297
PE,2024,O081,W,7,0.1042287075640262
PE,2024,O082,W,2,0.029779630732578916
PE,2024,O11,W,119,1.7718880285884455
PE,2024,O140,W,168,2.501488981536629
PE,2024,O141,W,3966,59.05300774270399
PE,2024,O149,W,492,7.325789160214414
PE,2024,O150,W,66,0.9827278141751042
PE,2024,O151,W,29,0.4318046456223943
PE,2024,O152,W,25,0.37224538415723646
PE,2024,O159,W,19,0.2829064919594997
PE,2024,O411,W,5,0.07444907683144729
PE,2024,O441,W,34,0.5062537224538416
PE,2024,O450,W,8,0.11911852293031566
PE,2024,O458,W,13,0.19356759976176297
PE,2024,O459,W,170,2.531268612269208
PE,2024,O46,W,3,0.04466944609886837
PE,2024,O469,W,3,0.04466944609886837
PE,2024,O670,W,6,0.08933889219773675
PE,2024,O694,W,2,0.029779630732578916
PE,2024,O710,W,7,0.1042287075640262
PE,2024,O711,W,9,0.13400833829660513
PE,2024,O72,W,5,0.07444907683144729
PE,2024,O720,W,7,0.1042287075640262
PE,2024,O721,W,84,1.2507444907683145
PE,2024,O722,W,80,1.1911852293031566
PE,2024,O85,W,612,9.112567004169149
PE,2024,O86,W,6,0.08933889219773675
PE,2024,O860,W,295,4.39249553305539
PE,2024,O868,W,47,0.6998213222156046
PE,2024,O900,W,8,0.11911852293031566
PE,2024,D62,hemorrhage,1,0.17064846416382254
PE,2024,O031,hemorrhage,92,15.699658703071673
PE,2024,O036,hemorrhage,27,4.607508532423208
PE,2024,O041,hemorrhage,1,0.17064846416382254
PE,2024,O046,hemorrhage,2,0.3412969283276451
PE,2024,O051,hemorrhage,4,0.6825938566552902
PE,2024,O056,hemorrhage,17,2.901023890784983
PE,2024,O061,hemorrhage,14,2.3890784982935154
PE,2024,O066,hemorrhage,5,0.8532423208191127
PE,2024,O071,hemorrhage,1,0.17064846416382254
PE,2024,O081,hemorrhage,7,1.1945392491467577
PE,2024,O441,hemorrhage,34,5.802047781569966
PE,2024,O450,hemorrhage,8,1.3651877133105803
PE,2024,O458,hemorrhage,13,2.218430034129693
PE,2024,O459,hemorrhage,170,29.01023890784983
PE,2024,O46,hemorrhage,3,0.5119453924914675
PE,2024,O469,hemorrhage,3,0.5119453924914675
PE,2024,O670,hemorrhage,6,1.023890784982935
PE,2024,O694,hemorrhage,2,0.3412969283276451
PE,2024,O72,hemorrhage,5,0.8532423208191127
PE,2024,O720,hemorrhage,7,1.1945392491467577
PE,2024,O721,hemorrhage,84,14.334470989761092
PE,2024,O722,hemorrhage,80,13.651877133105803
PE,2024,O11,hypertension,119,2.4365274365274363
PE,2024,O140,hypertension,168,3.43980343980344
PE,2024,O141,hypertension,3966,81.2039312039312
PE,2024,O149,hypertension,492,10.073710073710073
PE,2024,O150,hypertension,66,1.3513513513513513
PE,2024,O151,hypertension,29,0.5937755937755937
PE,2024,O152,hypertension,25,0.5118755118755118
PE,2024,O159,hypertension,19,0.389025389025389
PE,2025,A41,W,1,0.014122299110295156
PE,2025,A419,W,2,0.028244598220590313
PE,2025,D62,W,1,0.014122299110295156
PE,2025,O030,W,175,2.4714023443016524
PE,2025,O031,W,93,1.3133738172574496
PE,2025,O035,W,70,0.9885609377206609
PE,2025,O036,W,10,0.14122299110295156
PE,2025,O040,W,5,0.07061149555147578
PE,2025,O041,W,4,0.056489196441180625
PE,2025,O050,W,12,0.16946758932354186
PE,2025,O051,W,6,0.08473379466177093
PE,2025,O055,W,2,0.028244598220590313
PE,2025,O056,W,3,0.042366897330885465
PE,2025,O060,W,127,1.7935319870074848
PE,2025,O061,W,10,0.14122299110295156
PE,2025,O065,W,2,0.028244598220590313
PE,2025,O070,W,2,0.028244598220590313
PE,2025,O080,W,8,0.11297839288236125
PE,2025,O081,W,25,0.3530574777573789
PE,2025,O082,W,3,0.042366897330885465
PE,2025,O083,W,4,0.056489196441180625
PE,2025,O11,W,201,2.8385821211693263
PE,2025,O140,W,232,3.276373393588476
PE,2025,O141,W,4341,61.304900437791275
PE,2025,O149,W,422,5.959610224544556
PE,2025,O15,W,2,0.028244598220590313
PE,2025,O150,W,45,0.6355034599632821
PE,2025,O151,W,33,0.46603587063974017
PE,2025,O152,W,11,0.15534529021324672
PE,2025,O159,W,5,0.07061149555147578
PE,2025,O411,W,5,0.07061149555147578
PE,2025,O441,W,26,0.36717977686767406
PE,2025,O450,W,19,0.26832368309560795
PE,2025,O458,W,21,0.2965682813161983
PE,2025,O459,W,99,1.3981076119192204
PE,2025,O469,W,1,0.014122299110295156
PE,2025,O670,W,12,0.16946758932354186
PE,2025,O679,W,1,0.014122299110295156
PE,2025,O710,W,3,0.042366897330885465
PE,2025,O711,W,6,0.08473379466177093
PE,2025,O72,W,5,0.07061149555147578
PE,2025,O720,W,9,0.12710069199265642
PE,2025,O721,W,114,1.609942098573648
PE,2025,O722,W,71,1.0026832368309562
PE,2025,O753,W,1,0.014122299110295156
PE,2025,O85,W,565,7.979098997316763
PE,2025,O86,W,3,0.042366897330885465
PE,2025,O860,W,213,3.0080497104928683
PE,2025,O868,W,41,0.5790142635221014
PE,2025,O883,W,1,0.014122299110295156
PE,2025,O900,W,8,0.11297839288236125
PE,2025,D62,hemorrhage,1,0.18867924528301888
PE,2025,O031,hemorrhage,93,17.547169811320753
PE,2025,O036,hemorrhage,10,1.8867924528301887
PE,2025,O041,hemorrhage,4,0.7547169811320755
PE,2025,O051,hemorrhage,6,1.1320754716981132
PE,2025,O056,hemorrhage,3,0.5660377358490566
PE,2025,O061,hemorrhage,10,1.8867924528301887
PE,2025,O081,hemorrhage,25,4.716981132075472
PE,2025,O441,hemorrhage,26,4.90566037735849
PE,2025,O450,hemorrhage,19,3.5849056603773586
PE,2025,O458,hemorrhage,21,3.9622641509433962
PE,2025,O459,hemorrhage,99,18.67924528301887
PE,2025,O469,hemorrhage,1,0.18867924528301888
PE,2025,O670,hemorrhage,12,2.2641509433962264
PE,2025,O679,hemorrhage,1,0.18867924528301888
PE,2025,O72,hemorrhage,5,0.9433962264150944
PE,2025,O720,hemorrhage,9,1.6981132075471699
PE,2025,O721,hemorrhage,114,21.50943396226415
PE,2025,O722,hemorrhage,71,13.39622641509434
PE,2025,O11,hypertension,201,3.798185941043084
PE,2025,O140,hypertension,232,4.3839758125472414
PE,2025,O141,hypertension,4341,82.02947845804988
PE,2025,O149,hypertension,422,7.9743008314436885
PE,2025,O15,hypertension,2,0.03779289493575208
PE,2025,O150,hypertension,45,0.8503401360544217
PE,2025,O151,hypertension,33,0.6235827664399093
PE,2025,O152,hypertension,11,0.20786092214663643
PE,2025,O159,hypertension,5,0.0944822373393802
PI,2008,O030,W,1,0.031113876789047916
PI,2008,O031,W,68,2.115743621655258
PI,2008,O035,W,1,0.031113876789047916
PI,2008,O036,W,2,0.06222775357809583
PI,2008,O040,W,5,0.1555693839452396
PI,2008,O041,W,189,5.880522713130056
PI,2008,O045,W,1,0.031113876789047916
PI,2008,O046,W,3,0.09334163036714374
PI,2008,O050,W,1,0.031113876789047916
PI,2008,O051,W,1,0.031113876789047916
PI,2008,O056,W,9,0.28002489110143125
PI,2008,O060,W,12,0.37336652146857496
PI,2008,O061,W,1438,44.741754822650904
PI,2008,O080,W,1,0.031113876789047916
PI,2008,O081,W,4,0.12445550715619166
PI,2008,O083,W,2,0.06222775357809583
PI,2008,O11,W,1,0.031113876789047916
PI,2008,O140,W,134,4.16925948973242
PI,2008,O141,W,552,17.17485998755445
PI,2008,O149,W,290,9.023024268823896
PI,2008,O150,W,37,1.151213441194773
PI,2008,O151,W,38,1.1823273179838207
PI,2008,O152,W,1,0.031113876789047916
PI,2008,O159,W,24,0.7467330429371499
PI,2008,O441,W,18,0.5600497822028625
PI,2008,O450,W,23,0.7156191661481021
PI,2008,O458,W,12,0.37336652146857496
PI,2008,O459,W,63,1.9601742377100186
PI,2008,O710,W,17,0.5289359054138145
PI,2008,O711,W,10,0.3111387678904792
PI,2008,O721,W,2,0.06222775357809583
PI,2008,O722,W,1,0.031113876789047916
PI,2008,O85,W,167,5.196017423771002
PI,2008,O860,W,75,2.3335407591785935
PI,2008,O868,W,7,0.2177971375233354
PI,2008,O900,W,4,0.12445550715619166
PI,2008,O031,hemorrhage,68,3.7097654118930716
PI,2008,O036,hemorrhage,2,0.10911074740861974
PI,2008,O041,hemorrhage,189,10.310965630114566
PI,2008,O046,hemorrhage,3,0.16366612111292964
PI,2008,O051,hemorrhage,1,0.05455537370430987
PI,2008,O056,hemorrhage,9,0.4909983633387889
PI,2008,O061,hemorrhage,1438,78.4506273867976
PI,2008,O081,hemorrhage,4,0.2182214948172395
PI,2008,O441,hemorrhage,18,0.9819967266775778
PI,2008,O450,hemorrhage,23,1.254773595199127
PI,2008,O458,hemorrhage,12,0.6546644844517185
PI,2008,O459,hemorrhage,63,3.436988543371522
PI,2008,O721,hemorrhage,2,0.10911074740861974
PI,2008,O722,hemorrhage,1,0.05455537370430987
PI,2008,O11,hypertension,1,0.09285051067780872
PI,2008,O140,hypertension,134,12.44196843082637
PI,2008,O141,hypertension,552,51.25348189415042
PI,2008,O149,hypertension,290,26.92664809656453
PI,2008,O150,hypertension,37,3.4354688950789227
PI,2008,O151,hypertension,38,3.5283194057567315
PI,2008,O152,hypertension,1,0.09285051067780872
PI,2008,O159,hypertension,24,2.2284122562674096
PI,2009,O030,W,2,0.0652954619653934
PI,2009,O031,W,127,4.146261834802481
PI,2009,O040,W,7,0.22853411687887693
PI,2009,O041,W,57,1.860920666013712
PI,2009,O050,W,2,0.0652954619653934
PI,2009,O051,W,1,0.0326477309826967
PI,2009,O060,W,30,0.9794319294809011
PI,2009,O061,W,1205,39.34051583414953
PI,2009,O066,W,1,0.0326477309826967
PI,2009,O080,W,4,0.1305909239307868
PI,2009,O081,W,1,0.0326477309826967
PI,2009,O083,W,1,0.0326477309826967
PI,2009,O140,W,208,6.790728044400914
PI,2009,O141,W,758,24.7469800848841
PI,2009,O149,W,174,5.680705190989226
PI,2009,O150,W,64,2.089454782892589
PI,2009,O151,W,12,0.3917727717923604
PI,2009,O152,W,5,0.16323865491348352
PI,2009,O159,W,26,0.8488410055501142
PI,2009,O411,W,2,0.0652954619653934
PI,2009,O441,W,10,0.32647730982696704
PI,2009,O450,W,25,0.8161932745674175
PI,2009,O458,W,6,0.1958863858961802
PI,2009,O459,W,118,3.852432255958211
PI,2009,O721,W,2,0.0652954619653934
PI,2009,O722,W,4,0.1305909239307868
PI,2009,O85,W,137,4.472739144629449
PI,2009,O860,W,58,1.8935683969964088
PI,2009,O868,W,7,0.22853411687887693
PI,2009,O900,W,9,0.2938295788442703
PI,2009,O031,hemorrhage,127,8.156711624919717
PI,2009,O041,hemorrhage,57,3.6608863198458574
PI,2009,O051,hemorrhage,1,0.06422607578676943
PI,2009,O061,hemorrhage,1205,77.39242132305716
PI,2009,O066,hemorrhage,1,0.06422607578676943
PI,2009,O081,hemorrhage,1,0.06422607578676943
PI,2009,O441,hemorrhage,10,0.6422607578676943
PI,2009,O450,hemorrhage,25,1.6056518946692357
PI,2009,O458,hemorrhage,6,0.3853564547206166
PI,2009,O459,hemorrhage,118,7.578676942838793
PI,2009,O721,hemorrhage,2,0.12845215157353887
PI,2009,O722,hemorrhage,4,0.25690430314707774
PI,2009,O140,hypertension,208,16.680032076984762
PI,2009,O141,hypertension,758,60.78588612670409
PI,2009,O149,hypertension,174,13.953488372093023
PI,2009,O150,hypertension,64,5.132317562149158
PI,2009,O151,hypertension,12,0.9623095429029671
PI,2009,O152,hypertension,5,0.40096230954290296
PI,2009,O159,hypertension,26,2.0850040096230953
PI,2010,O030,W,11,0.31135012737050666
PI,2010,O031,W,62,1.7548825360883102
PI,2010,O035,W,1,0.028304557033682422
PI,2010,O036,W,2,0.056609114067364845
PI,2010,O040,W,6,0.16982734220209453
PI,2010,O041,W,50,1.4152278516841212
PI,2010,O051,W,1,0.028304557033682422
PI,2010,O060,W,25,0.7076139258420606
PI,2010,O061,W,1383,39.14520237758279
PI,2010,O065,W,2,0.056609114067364845
PI,2010,O066,W,2,0.056609114067364845
PI,2010,O081,W,3,0.08491367110104726
PI,2010,O140,W,268,7.585621285026889
PI,2010,O141,W,1072,30.342485140107556
PI,2010,O149,W,135,3.821115199547127
PI,2010,O150,W,50,1.4152278516841212
PI,2010,O151,W,29,0.8208321539767902
PI,2010,O152,W,14,0.3962637984715539
PI,2010,O159,W,21,0.5943956977073309
PI,2010,O441,W,11,0.31135012737050666
PI,2010,O450,W,20,0.5660911406736484
PI,2010,O458,W,7,0.19813189923577695
PI,2010,O459,W,141,3.9909425417492215
PI,2010,O710,W,1,0.028304557033682422
PI,2010,O711,W,1,0.028304557033682422
PI,2010,O721,W,6,0.16982734220209453
PI,2010,O722,W,1,0.028304557033682422
PI,2010,O85,W,149,4.217378998018681
PI,2010,O860,W,54,1.5284460798188508
PI,2010,O868,W,3,0.08491367110104726
PI,2010,O900,W,2,0.056609114067364845
PI,2010,O031,hemorrhage,62,3.670811130846655
PI,2010,O036,hemorrhage,2,0.11841326228537596
PI,2010,O041,hemorrhage,50,2.960331557134399
PI,2010,O051,hemorrhage,1,0.05920663114268798
PI,2010,O061,hemorrhage,1383,81.88277087033748
PI,2010,O066,hemorrhage,2,0.11841326228537596
PI,2010,O081,hemorrhage,3,0.17761989342806395
PI,2010,O441,hemorrhage,11,0.6512729425695678
PI,2010,O450,hemorrhage,20,1.1841326228537596
PI,2010,O458,hemorrhage,7,0.4144464179988159
PI,2010,O459,hemorrhage,141,8.348134991119005
PI,2010,O721,hemorrhage,6,0.3552397868561279
PI,2010,O722,hemorrhage,1,0.05920663114268798
PI,2010,O140,hypertension,268,16.865953429830082
PI,2010,O141,hypertension,1072,67.46381371932033
PI,2010,O149,hypertension,135,8.495909376966646
PI,2010,O150,hypertension,50,3.146633102580239
PI,2010,O151,hypertension,29,1.8250471994965387
PI,2010,O152,hypertension,14,0.8810572687224669
PI,2010,O159,hypertension,21,1.3215859030837005
PI,2011,O030,W,3,0.07911392405063292
PI,2011,O031,W,48,1.2658227848101267
PI,2011,O035,W,1,0.026371308016877638
PI,2011,O040,W,10,0.26371308016877637
PI,2011,O041,W,79,2.0833333333333335
PI,2011,O051,W,2,0.052742616033755275
PI,2011,O060,W,23,0.6065400843881856
PI,2011,O061,W,1424,37.552742616033754
PI,2011,O065,W,3,0.07911392405063292
PI,2011,O066,W,1,0.026371308016877638
PI,2011,O080,W,1,0.026371308016877638
PI,2011,O081,W,1,0.026371308016877638
PI,2011,O083,W,1,0.026371308016877638
PI,2011,O11,W,2,0.052742616033755275
PI,2011,O140,W,250,6.5928270042194095
PI,2011,O141,W,1212,31.962025316455698
PI,2011,O149,W,168,4.430379746835443
PI,2011,O150,W,42,1.1075949367088607
PI,2011,O151,W,27,0.7120253164556962
PI,2011,O152,W,20,0.5274261603375527
PI,2011,O159,W,29,0.7647679324894515
PI,2011,O441,W,9,0.23734177215189872
PI,2011,O450,W,19,0.5010548523206751
PI,2011,O458,W,16,0.4219409282700422
PI,2011,O459,W,151,3.9820675105485233
PI,2011,O710,W,1,0.026371308016877638
PI,2011,O711,W,3,0.07911392405063292
PI,2011,O720,W,1,0.026371308016877638
PI,2011,O721,W,20,0.5274261603375527
PI,2011,O722,W,4,0.10548523206751055
PI,2011,O85,W,145,3.8238396624472575
PI,2011,O860,W,63,1.6613924050632911
PI,2011,O868,W,9,0.23734177215189872
PI,2011,O900,W,4,0.10548523206751055
PI,2011,O031,hemorrhage,48,2.704225352112676
PI,2011,O041,hemorrhage,79,4.450704225352113
PI,2011,O051,hemorrhage,2,0.11267605633802817
PI,2011,O061,hemorrhage,1424,80.22535211267606
PI,2011,O066,hemorrhage,1,0.056338028169014086
PI,2011,O081,hemorrhage,1,0.056338028169014086
PI,2011,O441,hemorrhage,9,0.5070422535211268
PI,2011,O450,hemorrhage,19,1.0704225352112675
PI,2011,O458,hemorrhage,16,0.9014084507042254
PI,2011,O459,hemorrhage,151,8.507042253521126
PI,2011,O720,hemorrhage,1,0.056338028169014086
PI,2011,O721,hemorrhage,20,1.1267605633802817
PI,2011,O722,hemorrhage,4,0.22535211267605634
PI,2011,O11,hypertension,2,0.11428571428571428
PI,2011,O140,hypertension,250,14.285714285714286
PI,2011,O141,hypertension,1212,69.25714285714285
PI,2011,O149,hypertension,168,9.6
PI,2011,O150,hypertension,42,2.4
PI,2011,O151,hypertension,27,1.542857142857143
PI,2011,O152,hypertension,20,1.1428571428571428
PI,2011,O159,hypertension,29,1.6571428571428573
PI,2012,O030,W,4,0.12422360248447205
PI,2012,O031,W,42,1.3043478260869565
PI,2012,O035,W,3,0.09316770186335403
PI,2012,O036,W,5,0.15527950310559005
PI,2012,O040,W,9,0.2795031055900621
PI,2012,O041,W,98,3.0434782608695654
PI,2012,O051,W,3,0.09316770186335403
PI,2012,O060,W,31,0.9627329192546584
PI,2012,O061,W,692,21.490683229813666
PI,2012,O066,W,1,0.031055900621118012
PI,2012,O081,W,1,0.031055900621118012
PI,2012,O11,W,1,0.031055900621118012
PI,2012,O140,W,214,6.645962732919255
PI,2012,O141,W,1452,45.09316770186335
PI,2012,O149,W,165,5.124223602484472
PI,2012,O150,W,61,1.8944099378881987
PI,2012,O151,W,26,0.8074534161490683
PI,2012,O152,W,10,0.3105590062111801
PI,2012,O159,W,17,0.5279503105590062
PI,2012,O411,W,2,0.062111801242236024
PI,2012,O441,W,13,0.40372670807453415
PI,2012,O450,W,16,0.4968944099378882
PI,2012,O458,W,15,0.4658385093167702
PI,2012,O459,W,136,4.22360248447205
PI,2012,O694,W,1,0.031055900621118012
PI,2012,O710,W,2,0.062111801242236024
PI,2012,O711,W,2,0.062111801242236024
PI,2012,O721,W,9,0.2795031055900621
PI,2012,O722,W,5,0.15527950310559005
PI,2012,O85,W,106,3.2919254658385095
PI,2012,O860,W,57,1.7701863354037266
PI,2012,O868,W,19,0.5900621118012422
PI,2012,O900,W,2,0.062111801242236024
PI,2012,O031,hemorrhage,42,4.050144648023144
PI,2012,O036,hemorrhage,5,0.4821600771456123
PI,2012,O041,hemorrhage,98,9.450337512054002
PI,2012,O051,hemorrhage,3,0.2892960462873674
PI,2012,O061,hemorrhage,692,66.73095467695275
PI,2012,O066,hemorrhage,1,0.09643201542912247
PI,2012,O081,hemorrhage,1,0.09643201542912247
PI,2012,O441,hemorrhage,13,1.253616200578592
PI,2012,O450,hemorrhage,16,1.5429122468659595
PI,2012,O458,hemorrhage,15,1.446480231436837
PI,2012,O459,hemorrhage,136,13.114754098360656
PI,2012,O694,hemorrhage,1,0.09643201542912247
PI,2012,O721,hemorrhage,9,0.8678881388621023
PI,2012,O722,hemorrhage,5,0.4821600771456123
PI,2012,O11,hypertension,1,0.051387461459403906
PI,2012,O140,hypertension,214,10.996916752312435
PI,2012,O141,hypertension,1452,74.61459403905447
PI,2012,O149,hypertension,165,8.478931140801645
PI,2012,O150,hypertension,61,3.134635149023638
PI,2012,O151,hypertension,26,1.3360739979445015
PI,2012,O152,hypertension,10,0.513874614594039
PI,2012,O159,hypertension,17,0.8735868448098664
PI,2013,O030,W,4,0.12044564890093346
PI,2013,O031,W,52,1.5657934357121348
PI,2013,O035,W,2,0.06022282445046673
PI,2013,O036,W,4,0.12044564890093346
PI,2013,O040,W,11,0.331225534477567
PI,2013,O041,W,123,3.7037037037037037
PI,2013,O050,W,4,0.12044564890093346
PI,2013,O051,W,6,0.18066847335140018
PI,2013,O055,W,1,0.030111412225233364
PI,2013,O060,W,7,0.21077988557663355
PI,2013,O061,W,710,21.37910267991569
PI,2013,O065,W,2,0.06022282445046673
PI,2013,O066,W,2,0.06022282445046673
PI,2013,O080,W,1,0.030111412225233364
PI,2013,O081,W,1,0.030111412225233364
PI,2013,O140,W,225,6.775067750677507
PI,2013,O141,W,1431,43.08943089430894
PI,2013,O149,W,187,5.630834086118639
PI,2013,O150,W,75,2.2583559168925023
PI,2013,O151,W,20,0.6022282445046673
PI,2013,O152,W,12,0.36133694670280037
PI,2013,O159,W,6,0.18066847335140018
PI,2013,O411,W,3,0.09033423667570009
PI,2013,O441,W,25,0.7527853056308341
PI,2013,O450,W,24,0.7226738934056007
PI,2013,O458,W,18,0.5420054200542005
PI,2013,O459,W,141,4.245709123757904
PI,2013,O469,W,1,0.030111412225233364
PI,2013,O710,W,1,0.030111412225233364
PI,2013,O711,W,1,0.030111412225233364
PI,2013,O721,W,6,0.18066847335140018
PI,2013,O722,W,11,0.331225534477567
PI,2013,O85,W,111,3.3423667570009035
PI,2013,O860,W,79,2.378801565793436
PI,2013,O868,W,12,0.36133694670280037
PI,2013,O900,W,2,0.06022282445046673
PI,2013,O031,hemorrhage,52,4.6263345195729535
PI,2013,O036,hemorrhage,4,0.35587188612099646
PI,2013,O041,hemorrhage,123,10.94306049822064
PI,2013,O051,hemorrhage,6,0.5338078291814946
PI,2013,O061,hemorrhage,710,63.16725978647687
PI,2013,O066,hemorrhage,2,0.17793594306049823
PI,2013,O081,hemorrhage,1,0.08896797153024912
PI,2013,O441,hemorrhage,25,2.224199288256228
PI,2013,O450,hemorrhage,24,2.1352313167259784
PI,2013,O458,hemorrhage,18,1.601423487544484
PI,2013,O459,hemorrhage,141,12.544483985765124
PI,2013,O469,hemorrhage,1,0.08896797153024912
PI,2013,O721,hemorrhage,6,0.5338078291814946
PI,2013,O722,hemorrhage,11,0.9786476868327402
PI,2013,O140,hypertension,225,11.503067484662576
PI,2013,O141,hypertension,1431,73.15950920245399
PI,2013,O149,hypertension,187,9.560327198364009
PI,2013,O150,hypertension,75,3.834355828220859
PI,2013,O151,hypertension,20,1.0224948875255624
PI,2013,O152,hypertension,12,0.6134969325153374
PI,2013,O159,hypertension,6,0.3067484662576687
PI,2014,O030,W,8,0.2494543186778921
PI,2014,O031,W,84,2.619270346117867
PI,2014,O035,W,1,0.031181789834736514
PI,2014,O036,W,2,0.06236357966947303
PI,2014,O040,W,11,0.34299968818210164
PI,2014,O041,W,194,6.049267227938883
PI,2014,O045,W,1,0.031181789834736514
PI,2014,O046,W,3,0.09354536950420954
PI,2014,O051,W,3,0.09354536950420954
PI,2014,O056,W,1,0.031181789834736514
PI,2014,O060,W,12,0.37418147801683815
PI,2014,O061,W,517,16.12098534455878
PI,2014,O065,W,1,0.031181789834736514
PI,2014,O066,W,1,0.031181789834736514
PI,2014,O080,W,1,0.031181789834736514
PI,2014,O081,W,1,0.031181789834736514
PI,2014,O083,W,1,0.031181789834736514
PI,2014,O11,W,1,0.031181789834736514
PI,2014,O140,W,192,5.9869036482694105
PI,2014,O141,W,1389,43.31150608044902
PI,2014,O149,W,202,6.298721546616775
PI,2014,O150,W,65,2.0268163392578735
PI,2014,O151,W,19,0.5924540068599937
PI,2014,O152,W,10,0.3118178983473651
PI,2014,O159,W,11,0.34299968818210164
PI,2014,O411,W,3,0.09354536950420954
PI,2014,O441,W,13,0.40536326785157467
PI,2014,O450,W,15,0.4677268475210477
PI,2014,O458,W,20,0.6236357966947302
PI,2014,O459,W,171,5.332086061739944
PI,2014,O670,W,1,0.031181789834736514
PI,2014,O694,W,1,0.031181789834736514
PI,2014,O710,W,1,0.031181789834736514
PI,2014,O711,W,4,0.12472715933894606
PI,2014,O720,W,1,0.031181789834736514
PI,2014,O721,W,5,0.15590894917368256
PI,2014,O722,W,13,0.40536326785157467
PI,2014,O85,W,123,3.8353601496725913
PI,2014,O860,W,93,2.899906454630496
PI,2014,O868,W,8,0.2494543186778921
PI,2014,O900,W,4,0.12472715933894606
PI,2014,O031,hemorrhage,84,8.030592734225621
PI,2014,O036,hemorrhage,2,0.19120458891013384
PI,2014,O041,hemorrhage,194,18.54684512428298
PI,2014,O046,hemorrhage,3,0.28680688336520077
PI,2014,O051,hemorrhage,3,0.28680688336520077
PI,2014,O056,hemorrhage,1,0.09560229445506692
PI,2014,O061,hemorrhage,517,49.4263862332696
PI,2014,O066,hemorrhage,1,0.09560229445506692
PI,2014,O081,hemorrhage,1,0.09560229445506692
PI,2014,O441,hemorrhage,13,1.24282982791587
PI,2014,O450,hemorrhage,15,1.4340344168260037
PI,2014,O458,hemorrhage,20,1.9120458891013383
PI,2014,O459,hemorrhage,171,16.347992351816444
PI,2014,O670,hemorrhage,1,0.09560229445506692
PI,2014,O694,hemorrhage,1,0.09560229445506692
PI,2014,O720,hemorrhage,1,0.09560229445506692
PI,2014,O721,hemorrhage,5,0.4780114722753346
PI,2014,O722,hemorrhage,13,1.24282982791587
PI,2014,O11,hypertension,1,0.05293806246691371
PI,2014,O140,hypertension,192,10.164107993647432
PI,2014,O141,hypertension,1389,73.53096876654314
PI,2014,O149,hypertension,202,10.69348861831657
PI,2014,O150,hypertension,65,3.440974060349391
PI,2014,O151,hypertension,19,1.0058231868713605
PI,2014,O152,hypertension,10,0.5293806246691372
PI,2014,O159,hypertension,11,0.5823186871360508
PI,2015,O030,W,7,0.21380574221136225
PI,2015,O031,W,60,1.832620647525962
PI,2015,O035,W,3,0.0916310323762981
PI,2015,O036,W,4,0.12217470983506414
PI,2015,O040,W,9,0.2748930971288943
PI,2015,O041,W,207,6.32254123396457
PI,2015,O045,W,1,0.030543677458766034
PI,2015,O046,W,1,0.030543677458766034
PI,2015,O051,W,5,0.15271838729383017
PI,2015,O055,W,1,0.030543677458766034
PI,2015,O056,W,1,0.030543677458766034
PI,2015,O060,W,12,0.3665241295051924
PI,2015,O061,W,510,15.577275503970679
PI,2015,O065,W,3,0.0916310323762981
PI,2015,O080,W,2,0.06108735491753207
PI,2015,O083,W,1,0.030543677458766034
PI,2015,O11,W,2,0.06108735491753207
PI,2015,O140,W,187,5.711667684789249
PI,2015,O141,W,1481,45.2351863164325
PI,2015,O149,W,188,5.742211362248015
PI,2015,O150,W,72,2.1991447770311545
PI,2015,O151,W,21,0.6414172266340867
PI,2015,O152,W,15,0.4581551618814905
PI,2015,O159,W,11,0.3359804520464264
PI,2015,O411,W,6,0.1832620647525962
PI,2015,O441,W,26,0.7941356139279169
PI,2015,O450,W,11,0.3359804520464264
PI,2015,O458,W,21,0.6414172266340867
PI,2015,O459,W,159,4.8564447159438
PI,2015,O678,W,1,0.030543677458766034
PI,2015,O710,W,2,0.06108735491753207
PI,2015,O711,W,1,0.030543677458766034
PI,2015,O721,W,9,0.2748930971288943
PI,2015,O722,W,8,0.24434941967012827
PI,2015,O85,W,134,4.092852779474649
PI,2015,O860,W,77,2.3518631643249845
PI,2015,O868,W,6,0.1832620647525962
PI,2015,O900,W,9,0.2748930971288943
PI,2015,O031,hemorrhage,60,5.865102639296188
PI,2015,O036,hemorrhage,4,0.39100684261974583
PI,2015,O041,hemorrhage,207,20.234604105571847
PI,2015,O046,hemorrhage,1,0.09775171065493646
PI,2015,O051,hemorrhage,5,0.4887585532746823
PI,2015,O056,hemorrhage,1,0.09775171065493646
PI,2015,O061,hemorrhage,510,49.853372434017594
PI,2015,O441,hemorrhage,26,2.541544477028348
PI,2015,O450,hemorrhage,11,1.075268817204301
PI,2015,O458,hemorrhage,21,2.0527859237536656
PI,2015,O459,hemorrhage,159,15.542521994134898
PI,2015,O678,hemorrhage,1,0.09775171065493646
PI,2015,O721,hemorrhage,9,0.8797653958944281
PI,2015,O722,hemorrhage,8,0.7820136852394917
PI,2015,O11,hypertension,2,0.10116337885685382
PI,2015,O140,hypertension,187,9.458775923115832
PI,2015,O141,hypertension,1481,74.91148204350026
PI,2015,O149,hypertension,188,9.509357612544258
PI,2015,O150,hypertension,72,3.6418816388467374
PI,2015,O151,hypertension,21,1.062215477996965
PI,2015,O152,hypertension,15,0.7587253414264037
PI,2015,O159,hypertension,11,0.556398583712696
PI,2016,O030,W,7,0.207284572105419
PI,2016,O031,W,318,9.416641989931891
PI,2016,O036,W,2,0.059224163458691144
PI,2016,O040,W,9,0.26650873556411014
PI,2016,O041,W,184,5.448623038199585
PI,2016,O046,W,2,0.059224163458691144
PI,2016,O050,W,2,0.059224163458691144
PI,2016,O051,W,4,0.11844832691738229
PI,2016,O056,W,1,0.029612081729345572
PI,2016,O060,W,15,0.4441812259401836
PI,2016,O061,W,449,13.295824696476162
PI,2016,O065,W,1,0.029612081729345572
PI,2016,O066,W,1,0.029612081729345572
PI,2016,O080,W,5,0.14806040864672787
PI,2016,O081,W,2,0.059224163458691144
PI,2016,O082,W,3,0.08883624518803672
PI,2016,O11,W,3,0.08883624518803672
PI,2016,O140,W,186,5.507847201658277
PI,2016,O141,W,1432,42.40450103642286
PI,2016,O149,W,163,4.8267693218833285
PI,2016,O150,W,50,1.4806040864672787
PI,2016,O151,W,17,0.5034053893988747
PI,2016,O152,W,16,0.47379330766952915
PI,2016,O159,W,12,0.3553449807521469
PI,2016,O441,W,20,0.5922416345869115
PI,2016,O450,W,10,0.29612081729345574
PI,2016,O458,W,28,0.829138288421676
PI,2016,O459,W,170,5.034053893988747
PI,2016,O678,W,1,0.029612081729345572
PI,2016,O694,W,1,0.029612081729345572
PI,2016,O710,W,1,0.029612081729345572
PI,2016,O711,W,1,0.029612081729345572
PI,2016,O720,W,1,0.029612081729345572
PI,2016,O721,W,2,0.059224163458691144
PI,2016,O722,W,13,0.3849570624814925
PI,2016,O85,W,148,4.382588095943145
PI,2016,O860,W,80,2.368966538347646
PI,2016,O868,W,16,0.47379330766952915
PI,2016,O900,W,1,0.029612081729345572
PI,2016,O031,hemorrhage,318,26.30272952853598
PI,2016,O036,hemorrhage,2,0.1654259718775848
PI,2016,O041,hemorrhage,184,15.2191894127378
PI,2016,O046,hemorrhage,2,0.1654259718775848
PI,2016,O051,hemorrhage,4,0.3308519437551696
PI,2016,O056,hemorrhage,1,0.0827129859387924
PI,2016,O061,hemorrhage,449,37.13813068651778
PI,2016,O066,hemorrhage,1,0.0827129859387924
PI,2016,O081,hemorrhage,2,0.1654259718775848
PI,2016,O441,hemorrhage,20,1.6542597187758479
PI,2016,O450,hemorrhage,10,0.8271298593879239
PI,2016,O458,hemorrhage,28,2.315963606286187
PI,2016,O459,hemorrhage,170,14.061207609594707
PI,2016,O678,hemorrhage,1,0.0827129859387924
PI,2016,O694,hemorrhage,1,0.0827129859387924
PI,2016,O720,hemorrhage,1,0.0827129859387924
PI,2016,O721,hemorrhage,2,0.1654259718775848
PI,2016,O722,hemorrhage,13,1.075268817204301
PI,2016,O11,hypertension,3,0.15965939329430548
PI,2016,O140,hypertension,186,9.89888238424694
PI,2016,O141,hypertension,1432,76.21075039914848
PI,2016,O149,hypertension,163,8.674827035657264
PI,2016,O150,hypertension,50,2.660989888238425
PI,2016,O151,hypertension,17,0.9047365620010644
PI,2016,O152,hypertension,16,0.8515167642362959
PI,2016,O159,hypertension,12,0.6386375731772219
PI,2017,A410,W,1,0.030102347983142687
PI,2017,O030,W,24,0.7224563515954244
PI,2017,O031,W,347,10.445514750150512
PI,2017,O035,W,3,0.09030704394942805
PI,2017,O036,W,5,0.15051173991571343
PI,2017,O040,W,5,0.15051173991571343
PI,2017,O041,W,167,5.027092113184828
PI,2017,O045,W,1,0.030102347983142687
PI,2017,O050,W,2,0.060204695966285374
PI,2017,O051,W,1,0.030102347983142687
PI,2017,O055,W,2,0.060204695966285374
PI,2017,O060,W,17,0.5117399157134257
PI,2017,O061,W,294,8.85009030704395
PI,2017,O080,W,1,0.030102347983142687
PI,2017,O081,W,1,0.030102347983142687
PI,2017,O11,W,1,0.030102347983142687
PI,2017,O140,W,216,6.50210716435882
PI,2017,O141,W,1442,43.40758579169175
PI,2017,O149,W,240,7.2245635159542445
PI,2017,O150,W,50,1.5051173991571343
PI,2017,O151,W,11,0.33112582781456956
PI,2017,O152,W,16,0.481637567730283
PI,2017,O411,W,1,0.030102347983142687
PI,2017,O441,W,15,0.4515352197471403
PI,2017,O450,W,32,0.963275135460566
PI,2017,O458,W,13,0.3913305237808549
PI,2017,O459,W,157,4.726068633353401
PI,2017,O711,W,2,0.060204695966285374
PI,2017,O720,W,2,0.060204695966285374
PI,2017,O721,W,4,0.12040939193257075
PI,2017,O722,W,15,0.4515352197471403
PI,2017,O85,W,172,5.177603853100542
PI,2017,O860,W,54,1.625526791089705
PI,2017,O868,W,6,0.1806140878988561
PI,2017,O900,W,2,0.060204695966285374
PI,2017,O031,hemorrhage,347,32.95346628679962
PI,2017,O036,hemorrhage,5,0.4748338081671415
PI,2017,O041,hemorrhage,167,15.859449192782526
PI,2017,O051,hemorrhage,1,0.0949667616334283
PI,2017,O061,hemorrhage,294,27.92022792022792
PI,2017,O081,hemorrhage,1,0.0949667616334283
PI,2017,O441,hemorrhage,15,1.4245014245014245
PI,2017,O450,hemorrhage,32,3.038936372269706
PI,2017,O458,hemorrhage,13,1.2345679012345678
PI,2017,O459,hemorrhage,157,14.909781576448243
PI,2017,O720,hemorrhage,2,0.1899335232668566
PI,2017,O721,hemorrhage,4,0.3798670465337132
PI,2017,O722,hemorrhage,15,1.4245014245014245
PI,2017,O11,hypertension,1,0.05060728744939271
PI,2017,O140,hypertension,216,10.931174089068826
PI,2017,O141,hypertension,1442,72.97570850202429
PI,2017,O149,hypertension,240,12.145748987854251
PI,2017,O150,hypertension,50,2.5303643724696356
PI,2017,O151,hypertension,11,0.5566801619433198
PI,2017,O152,hypertension,16,0.8097165991902834
PI,2018,A418,W,1,0.024582104228121928
PI,2018,O030,W,49,1.2045231071779745
PI,2018,O031,W,327,8.03834808259587
PI,2018,O035,W,4,0.09832841691248771
PI,2018,O036,W,13,0.319567354965585
PI,2018,O040,W,10,0.24582104228121926
PI,2018,O041,W,242,5.948869223205507
PI,2018,O050,W,3,0.07374631268436578
PI,2018,O051,W,14,0.344149459193707
PI,2018,O056,W,1,0.024582104228121928
PI,2018,O060,W,30,0.7374631268436578
PI,2018,O061,W,416,10.22615535889872
PI,2018,O065,W,2,0.049164208456243856
PI,2018,O080,W,2,0.049164208456243856
PI,2018,O081,W,1,0.024582104228121928
PI,2018,O082,W,1,0.024582104228121928
PI,2018,O11,W,1,0.024582104228121928
PI,2018,O140,W,351,8.628318584070797
PI,2018,O141,W,1631,40.09341199606686
PI,2018,O149,W,300,7.374631268436578
PI,2018,O150,W,56,1.376597836774828
PI,2018,O151,W,20,0.4916420845624385
PI,2018,O152,W,7,0.1720747295968535
PI,2018,O159,W,11,0.2704031465093412
PI,2018,O411,W,4,0.09832841691248771
PI,2018,O441,W,16,0.39331366764995085
PI,2018,O450,W,40,0.983284169124877
PI,2018,O458,W,9,0.22123893805309736
PI,2018,O459,W,179,4.400196656833825
PI,2018,O468,W,1,0.024582104228121928
PI,2018,O694,W,1,0.024582104228121928
PI,2018,O711,W,2,0.049164208456243856
PI,2018,O720,W,1,0.024582104228121928
PI,2018,O721,W,8,0.19665683382497542
PI,2018,O722,W,23,0.5653883972468043
PI,2018,O85,W,199,4.891838741396263
PI,2018,O860,W,81,1.991150442477876
PI,2018,O868,W,7,0.1720747295968535
PI,2018,O900,W,4,0.09832841691248771
PI,2018,O031,hemorrhage,327,25.309597523219814
PI,2018,O036,hemorrhage,13,1.0061919504643964
PI,2018,O041,hemorrhage,242,18.730650154798763
PI,2018,O051,hemorrhage,14,1.08359133126935
PI,2018,O056,hemorrhage,1,0.07739938080495357
PI,2018,O061,hemorrhage,416,32.19814241486068
PI,2018,O081,hemorrhage,1,0.07739938080495357
PI,2018,O441,hemorrhage,16,1.238390092879257
PI,2018,O450,hemorrhage,40,3.0959752321981426
PI,2018,O458,hemorrhage,9,0.6965944272445821
PI,2018,O459,hemorrhage,179,13.854489164086687
PI,2018,O468,hemorrhage,1,0.07739938080495357
PI,2018,O694,hemorrhage,1,0.07739938080495357
PI,2018,O720,hemorrhage,1,0.07739938080495357
PI,2018,O721,hemorrhage,8,0.6191950464396285
PI,2018,O722,hemorrhage,23,1.7801857585139318
PI,2018,O11,hypertension,1,0.04206983592763988
PI,2018,O140,hypertension,351,14.7665124106016
PI,2018,O141,hypertension,1631,68.61590239798065
PI,2018,O149,hypertension,300,12.620950778291965
PI,2018,O150,hypertension,56,2.3559108119478336
PI,2018,O151,hypertension,20,0.8413967185527976
PI,2018,O152,hypertension,7,0.2944888514934792
PI,2018,O159,hypertension,11,0.4627681952040387
PI,2019,O030,W,60,1.4031805425631432
PI,2019,O031,W,348,8.13844714686623
PI,2019,O035,W,3,0.07015902712815715
PI,2019,O036,W,10,0.23386342376052385
PI,2019,O040,W,17,0.39756782039289057
PI,2019,O041,W,163,3.811973807296539
PI,2019,O050,W,5,0.11693171188026193
PI,2019,O051,W,4,0.09354536950420954
PI,2019,O055,W,2,0.04677268475210477
PI,2019,O056,W,1,0.023386342376052385
PI,2019,O060,W,22,0.5144995322731525
PI,2019,O061,W,443,10.360149672591207
PI,2019,O065,W,1,0.023386342376052385
PI,2019,O066,W,2,0.04677268475210477
PI,2019,O080,W,3,0.07015902712815715
PI,2019,O11,W,1,0.023386342376052385
PI,2019,O140,W,385,9.003741814780168
PI,2019,O141,W,1768,41.34705332086062
PI,2019,O149,W,330,7.717492984097287
PI,2019,O150,W,49,1.145930776426567
PI,2019,O151,W,19,0.44434050514499535
PI,2019,O152,W,7,0.1637043966323667
PI,2019,O159,W,11,0.25724976613657624
PI,2019,O411,W,2,0.04677268475210477
PI,2019,O441,W,11,0.25724976613657624
PI,2019,O450,W,34,0.7951356407857811
PI,2019,O458,W,17,0.39756782039289057
PI,2019,O459,W,201,4.700654817586529
PI,2019,O711,W,1,0.023386342376052385
PI,2019,O720,W,5,0.11693171188026193
PI,2019,O721,W,32,0.7483629560336763
PI,2019,O722,W,8,0.18709073900841908
PI,2019,O85,W,183,4.279700654817587
PI,2019,O860,W,105,2.4555659494855004
PI,2019,O868,W,10,0.23386342376052385
PI,2019,O900,W,13,0.304022450888681
PI,2019,O031,hemorrhage,348,27.208756841282252
PI,2019,O036,hemorrhage,10,0.7818608287724785
PI,2019,O041,hemorrhage,163,12.744331508991399
PI,2019,O051,hemorrhage,4,0.3127443315089914
PI,2019,O056,hemorrhage,1,0.07818608287724785
PI,2019,O061,hemorrhage,443,34.6364347146208
PI,2019,O066,hemorrhage,2,0.1563721657544957
PI,2019,O441,hemorrhage,11,0.8600469116497264
PI,2019,O450,hemorrhage,34,2.6583268178264268
PI,2019,O458,hemorrhage,17,1.3291634089132134
PI,2019,O459,hemorrhage,201,15.715402658326818
PI,2019,O720,hemorrhage,5,0.39093041438623927
PI,2019,O721,hemorrhage,32,2.501954652071931
PI,2019,O722,hemorrhage,8,0.6254886630179828
PI,2019,O11,hypertension,1,0.038910505836575876
PI,2019,O140,hypertension,385,14.980544747081712
PI,2019,O141,hypertension,1768,68.79377431906615
PI,2019,O149,hypertension,330,12.84046692607004
PI,2019,O150,hypertension,49,1.906614785992218
PI,2019,O151,hypertension,19,0.7392996108949417
PI,2019,O152,hypertension,7,0.2723735408560311
PI,2019,O159,hypertension,11,0.4280155642023346
PI,2020,D62,W,1,0.031036623215394164
PI,2020,O030,W,25,0.7759155803848541
PI,2020,O031,W,254,7.883302296710118
PI,2020,O035,W,4,0.12414649286157665
PI,2020,O036,W,4,0.12414649286157665
PI,2020,O040,W,5,0.15518311607697083
PI,2020,O041,W,118,3.6623215394165114
PI,2020,O045,W,1,0.031036623215394164
PI,2020,O050,W,1,0.031036623215394164
PI,2020,O051,W,1,0.031036623215394164
PI,2020,O060,W,10,0.31036623215394166
PI,2020,O061,W,280,8.690254500310367
PI,2020,O066,W,1,0.031036623215394164
PI,2020,O080,W,2,0.06207324643078833
PI,2020,O081,W,1,0.031036623215394164
PI,2020,O082,W,1,0.031036623215394164
PI,2020,O140,W,346,10.738671632526382
PI,2020,O141,W,1267,39.32340161390441
PI,2020,O149,W,293,9.09373060211049
PI,2020,O150,W,46,1.4276846679081316
PI,2020,O151,W,20,0.6207324643078833
PI,2020,O152,W,3,0.0931098696461825
PI,2020,O159,W,9,0.27932960893854747
PI,2020,O411,W,1,0.031036623215394164
PI,2020,O441,W,15,0.4655493482309125
PI,2020,O450,W,39,1.2104283054003724
PI,2020,O458,W,28,0.8690254500310366
PI,2020,O459,W,176,5.462445685909373
PI,2020,O46,W,2,0.06207324643078833
PI,2020,O679,W,1,0.031036623215394164
PI,2020,O710,W,1,0.031036623215394164
PI,2020,O711,W,4,0.12414649286157665
PI,2020,O720,W,4,0.12414649286157665
PI,2020,O721,W,14,0.4345127250155183
PI,2020,O722,W,12,0.37243947858473
PI,2020,O85,W,121,3.755431409062694
PI,2020,O860,W,102,3.165735567970205
PI,2020,O868,W,5,0.15518311607697083
PI,2020,O900,W,4,0.12414649286157665
PI,2020,D62,hemorrhage,1,0.10515247108307045
PI,2020,O031,hemorrhage,254,26.708727655099896
PI,2020,O036,hemorrhage,4,0.4206098843322818
PI,2020,O041,hemorrhage,118,12.407991587802313
PI,2020,O051,hemorrhage,1,0.10515247108307045
PI,2020,O061,hemorrhage,280,29.44269190325973
PI,2020,O066,hemorrhage,1,0.10515247108307045
PI,2020,O081,hemorrhage,1,0.10515247108307045
PI,2020,O441,hemorrhage,15,1.5772870662460567
PI,2020,O450,hemorrhage,39,4.100946372239748
PI,2020,O458,hemorrhage,28,2.9442691903259726
PI,2020,O459,hemorrhage,176,18.506834910620398
PI,2020,O46,hemorrhage,2,0.2103049421661409
PI,2020,O679,hemorrhage,1,0.10515247108307045
PI,2020,O720,hemorrhage,4,0.4206098843322818
PI,2020,O721,hemorrhage,14,1.4721345951629863
PI,2020,O722,hemorrhage,12,1.2618296529968454
PI,2020,O140,hypertension,346,17.43951612903226
PI,2020,O141,hypertension,1267,63.86088709677419
PI,2020,O149,hypertension,293,14.768145161290322
PI,2020,O150,hypertension,46,2.318548387096774
PI,2020,O151,hypertension,20,1.0080645161290323
PI,2020,O152,hypertension,3,0.15120967741935484
PI,2020,O159,hypertension,9,0.4536290322580645
PI,2021,O030,W,34,1.0131108462455305
PI,2021,O031,W,351,10.458879618593564
PI,2021,O035,W,2,0.05959475566150179
PI,2021,O036,W,7,0.20858164481525626
PI,2021,O040,W,9,0.26817640047675806
PI,2021,O041,W,32,0.9535160905840286
PI,2021,O050,W,3,0.08939213349225268
PI,2021,O051,W,2,0.05959475566150179
PI,2021,O060,W,6,0.17878426698450536
PI,2021,O061,W,340,10.131108462455304
PI,2021,O065,W,3,0.08939213349225268
PI,2021,O066,W,2,0.05959475566150179
PI,2021,O080,W,2,0.05959475566150179
PI,2021,O11,W,2,0.05959475566150179
PI,2021,O140,W,286,8.522050059594756
PI,2021,O141,W,1533,45.67938021454112
PI,2021,O149,W,218,6.4958283671036945
PI,2021,O150,W,38,1.132300357568534
PI,2021,O151,W,20,0.5959475566150179
PI,2021,O152,W,7,0.20858164481525626
PI,2021,O159,W,15,0.4469606674612634
PI,2021,O411,W,1,0.029797377830750895
PI,2021,O441,W,15,0.4469606674612634
PI,2021,O450,W,57,1.6984505363528009
PI,2021,O458,W,26,0.7747318235995232
PI,2021,O459,W,103,3.0691299165673422
PI,2021,O679,W,1,0.029797377830750895
PI,2021,O710,W,4,0.11918951132300358
PI,2021,O711,W,2,0.05959475566150179
PI,2021,O720,W,4,0.11918951132300358
PI,2021,O721,W,3,0.08939213349225268
PI,2021,O722,W,19,0.566150178784267
PI,2021,O753,W,1,0.029797377830750895
PI,2021,O85,W,108,3.2181168057210967
PI,2021,O86,W,1,0.029797377830750895
PI,2021,O860,W,88,2.622169249106079
PI,2021,O868,W,7,0.20858164481525626
PI,2021,O900,W,4,0.11918951132300358
PI,2021,O031,hemorrhage,351,36.486486486486484
PI,2021,O036,hemorrhage,7,0.7276507276507277
PI,2021,O041,hemorrhage,32,3.3264033264033266
PI,2021,O051,hemorrhage,2,0.2079002079002079
PI,2021,O061,hemorrhage,340,35.343035343035346
PI,2021,O066,hemorrhage,2,0.2079002079002079
PI,2021,O441,hemorrhage,15,1.5592515592515592
PI,2021,O450,hemorrhage,57,5.925155925155925
PI,2021,O458,hemorrhage,26,2.7027027027027026
PI,2021,O459,hemorrhage,103,10.706860706860708
PI,2021,O679,hemorrhage,1,0.10395010395010396
PI,2021,O720,hemorrhage,4,0.4158004158004158
PI,2021,O721,hemorrhage,3,0.31185031185031187
PI,2021,O722,hemorrhage,19,1.975051975051975
PI,2021,O11,hypertension,2,0.09438414346389806
PI,2021,O140,hypertension,286,13.496932515337424
PI,2021,O141,hypertension,1533,72.34544596507787
PI,2021,O149,hypertension,218,10.287871637564889
PI,2021,O150,hypertension,38,1.7932987258140631
PI,2021,O151,hypertension,20,0.9438414346389806
PI,2021,O152,hypertension,7,0.33034450212364325
PI,2021,O159,hypertension,15,0.7078810759792354
PI,2022,O030,W,20,0.5588153115395362
PI,2022,O031,W,292,8.158703548477229
PI,2022,O035,W,4,0.11176306230790724
PI,2022,O036,W,18,0.5029337803855826
PI,2022,O040,W,12,0.3352891869237217
PI,2022,O041,W,35,0.9779267951941883
PI,2022,O050,W,1,0.02794076557697681
PI,2022,O051,W,1,0.02794076557697681
PI,2022,O060,W,5,0.13970382788488406
PI,2022,O061,W,289,8.074881251746298
PI,2022,O080,W,6,0.16764459346186086
PI,2022,O081,W,2,0.05588153115395362
PI,2022,O083,W,1,0.02794076557697681
PI,2022,O140,W,211,5.895501536742107
PI,2022,O141,W,1838,51.355127130483375
PI,2022,O149,W,243,6.789606035205365
PI,2022,O150,W,34,0.9499860296172115
PI,2022,O151,W,37,1.033808326348142
PI,2022,O152,W,8,0.22352612461581448
PI,2022,O159,W,23,0.6426376082704666
PI,2022,O411,W,2,0.05588153115395362
PI,2022,O441,W,27,0.7544006705783739
PI,2022,O450,W,33,0.9220452640402347
PI,2022,O458,W,25,0.6985191394244202
PI,2022,O459,W,155,4.330818664431406
PI,2022,O46,W,1,0.02794076557697681
PI,2022,O678,W,1,0.02794076557697681
PI,2022,O694,W,1,0.02794076557697681
PI,2022,O710,W,1,0.02794076557697681
PI,2022,O711,W,1,0.02794076557697681
PI,2022,O720,W,4,0.11176306230790724
PI,2022,O721,W,22,0.6146968426934898
PI,2022,O722,W,10,0.2794076557697681
PI,2022,O85,W,142,3.967588711930707
PI,2022,O86,W,1,0.02794076557697681
PI,2022,O860,W,61,1.7043867001955855
PI,2022,O868,W,11,0.3073484213467449
PI,2022,O900,W,1,0.02794076557697681
PI,2022,O031,hemorrhage,292,31.87772925764192
PI,2022,O036,hemorrhage,18,1.965065502183406
PI,2022,O041,hemorrhage,35,3.8209606986899565
PI,2022,O051,hemorrhage,1,0.1091703056768559
PI,2022,O061,hemorrhage,289,31.550218340611355
PI,2022,O081,hemorrhage,2,0.2183406113537118
PI,2022,O441,hemorrhage,27,2.947598253275109
PI,2022,O450,hemorrhage,33,3.6026200873362444
PI,2022,O458,hemorrhage,25,2.7292576419213974
PI,2022,O459,hemorrhage,155,16.921397379912662
PI,2022,O46,hemorrhage,1,0.1091703056768559
PI,2022,O678,hemorrhage,1,0.1091703056768559
PI,2022,O694,hemorrhage,1,0.1091703056768559
PI,2022,O720,hemorrhage,4,0.4366812227074236
PI,2022,O721,hemorrhage,22,2.4017467248908297
PI,2022,O722,hemorrhage,10,1.091703056768559
PI,2022,O140,hypertension,211,8.813700918964077
PI,2022,O141,hypertension,1838,76.77527151211362
PI,2022,O149,hypertension,243,10.150375939849624
PI,2022,O150,hypertension,34,1.4202172096908938
PI,2022,O151,hypertension,37,1.545530492898914
PI,2022,O152,hypertension,8,0.3341687552213868
PI,2022,O159,hypertension,23,0.960735171261487
PI,2023,O030,W,25,0.6881365262868153
PI,2023,O031,W,161,4.431599229287091
PI,2023,O035,W,13,0.35783099366914395
PI,2023,O036,W,21,0.5780346820809249
PI,2023,O040,W,7,0.1926782273603083
PI,2023,O041,W,21,0.5780346820809249
PI,2023,O045,W,1,0.027525461051472612
PI,2023,O046,W,1,0.027525461051472612
PI,2023,O050,W,1,0.027525461051472612
PI,2023,O051,W,4,0.11010184420589045
PI,2023,O056,W,1,0.027525461051472612
PI,2023,O060,W,9,0.2477291494632535
PI,2023,O061,W,286,7.872281860721167
PI,2023,O065,W,4,0.11010184420589045
PI,2023,O066,W,1,0.027525461051472612
PI,2023,O080,W,5,0.13762730525736305
PI,2023,O081,W,3,0.08257638315441784
PI,2023,O083,W,1,0.027525461051472612
PI,2023,O11,W,3,0.08257638315441784
PI,2023,O140,W,314,8.6429947701624
PI,2023,O141,W,1728,47.56399669694467
PI,2023,O149,W,415,11.423066336361135
PI,2023,O150,W,41,1.128543903110377
PI,2023,O151,W,48,1.3212221304706855
PI,2023,O152,W,9,0.2477291494632535
PI,2023,O159,W,17,0.4679328378750344
PI,2023,O441,W,18,0.495458298926507
PI,2023,O450,W,33,0.9083402146985962
PI,2023,O458,W,26,0.7156619873382879
PI,2023,O459,W,130,3.5783099366914395
PI,2023,O46,W,1,0.027525461051472612
PI,2023,O679,W,2,0.055050922102945224
PI,2023,O710,W,3,0.08257638315441784
PI,2023,O711,W,6,0.16515276630883569
PI,2023,O72,W,1,0.027525461051472612
PI,2023,O720,W,4,0.11010184420589045
PI,2023,O721,W,15,0.41288191577208916
PI,2023,O722,W,8,0.2202036884117809
PI,2023,O85,W,138,3.7985136251032205
PI,2023,O860,W,82,2.257087806220754
PI,2023,O868,W,16,0.4404073768235618
PI,2023,O900,W,10,0.2752546105147261
PI,2023,O031,hemorrhage,161,21.845318860244234
PI,2023,O036,hemorrhage,21,2.8493894165535956
PI,2023,O041,hemorrhage,21,2.8493894165535956
PI,2023,O046,hemorrhage,1,0.13568521031207598
PI,2023,O051,hemorrhage,4,0.5427408412483039
PI,2023,O056,hemorrhage,1,0.13568521031207598
PI,2023,O061,hemorrhage,286,38.80597014925373
PI,2023,O066,hemorrhage,1,0.13568521031207598
PI,2023,O081,hemorrhage,3,0.40705563093622793
PI,2023,O441,hemorrhage,18,2.4423337856173677
PI,2023,O450,hemorrhage,33,4.477611940298507
PI,2023,O458,hemorrhage,26,3.5278154681139755
PI,2023,O459,hemorrhage,130,17.639077340569877
PI,2023,O46,hemorrhage,1,0.13568521031207598
PI,2023,O679,hemorrhage,2,0.27137042062415195
PI,2023,O72,hemorrhage,1,0.13568521031207598
PI,2023,O720,hemorrhage,4,0.5427408412483039
PI,2023,O721,hemorrhage,15,2.03527815468114
PI,2023,O722,hemorrhage,8,1.0854816824966078
PI,2023,O11,hypertension,3,0.11650485436893204
PI,2023,O140,hypertension,314,12.194174757281553
PI,2023,O141,hypertension,1728,67.10679611650485
PI,2023,O149,hypertension,415,16.116504854368934
PI,2023,O150,hypertension,41,1.5922330097087378
PI,2023,O151,hypertension,48,1.8640776699029127
PI,2023,O152,hypertension,9,0.34951456310679613
PI,2023,O159,hypertension,17,0.6601941747572816
PI,2024,O030,W,19,0.5488157134604275
PI,2024,O031,W,237,6.845753899480069
PI,2024,O035,W,17,0.49104563835932985
PI,2024,O036,W,28,0.8087810514153668
PI,2024,O040,W,19,0.5488157134604275
PI,2024,O041,W,9,0.25996533795493937
PI,2024,O045,W,1,0.028885037550548817
PI,2024,O046,W,2,0.057770075101097634
PI,2024,O050,W,3,0.08665511265164645
PI,2024,O051,W,7,0.2021952628538417
PI,2024,O056,W,1,0.028885037550548817
PI,2024,O060,W,4,0.11554015020219527
PI,2024,O061,W,216,6.239168110918544
PI,2024,O065,W,2,0.057770075101097634
PI,2024,O081,W,7,0.2021952628538417
PI,2024,O11,W,13,0.3755054881571346
PI,2024,O140,W,241,6.961294049682264
PI,2024,O141,W,1597,46.12940496822646
PI,2024,O149,W,522,15.077989601386482
PI,2024,O15,W,2,0.057770075101097634
PI,2024,O150,W,32,0.9243212016175621
PI,2024,O151,W,22,0.635470826112074
PI,2024,O152,W,10,0.28885037550548814
PI,2024,O159,W,11,0.317735413056037
PI,2024,O411,W,3,0.08665511265164645
PI,2024,O441,W,16,0.4621606008087811
PI,2024,O450,W,21,0.6065857885615251
PI,2024,O458,W,22,0.635470826112074
PI,2024,O459,W,102,2.946273830155979
PI,2024,O694,W,1,0.028885037550548817
PI,2024,O711,W,7,0.2021952628538417
PI,2024,O72,W,1,0.028885037550548817
PI,2024,O720,W,5,0.14442518775274407
PI,2024,O721,W,25,0.7221259387637204
PI,2024,O722,W,11,0.317735413056037
PI,2024,O85,W,152,4.39052570768342
PI,2024,O86,W,2,0.057770075101097634
PI,2024,O860,W,55,1.588677065280185
PI,2024,O868,W,11,0.317735413056037
PI,2024,O900,W,6,0.1733102253032929
PI,2024,O031,hemorrhage,237,33.333333333333336
PI,2024,O036,hemorrhage,28,3.938115330520394
PI,2024,O041,hemorrhage,9,1.2658227848101267
PI,2024,O046,hemorrhage,2,0.2812939521800281
PI,2024,O051,hemorrhage,7,0.9845288326300985
PI,2024,O056,hemorrhage,1,0.14064697609001406
PI,2024,O061,hemorrhage,216,30.379746835443036
PI,2024,O081,hemorrhage,7,0.9845288326300985
PI,2024,O441,hemorrhage,16,2.250351617440225
PI,2024,O450,hemorrhage,21,2.9535864978902953
PI,2024,O458,hemorrhage,22,3.0942334739803092
PI,2024,O459,hemorrhage,102,14.345991561181435
PI,2024,O694,hemorrhage,1,0.14064697609001406
PI,2024,O72,hemorrhage,1,0.14064697609001406
PI,2024,O720,hemorrhage,5,0.7032348804500703
PI,2024,O721,hemorrhage,25,3.5161744022503516
PI,2024,O722,hemorrhage,11,1.5471167369901546
PI,2024,O11,hypertension,13,0.5306122448979592
PI,2024,O140,hypertension,241,9.83673469387755
PI,2024,O141,hypertension,1597,65.18367346938776
PI,2024,O149,hypertension,522,21.306122448979593
PI,2024,O15,hypertension,2,0.08163265306122448
PI,2024,O150,hypertension,32,1.3061224489795917
PI,2024,O151,hypertension,22,0.8979591836734694
PI,2024,O152,hypertension,10,0.40816326530612246
PI,2024,O159,hypertension,11,0.4489795918367347
PI,2025,O030,W,34,0.9574767671078569
PI,2025,O031,W,138,3.886229231202478
PI,2025,O035,W,17,0.47873838355392845
PI,2025,O036,W,33,0.9293156857223317
PI,2025,O040,W,13,0.36609405801182765
PI,2025,O041,W,2,0.056322162771050406
PI,2025,O050,W,13,0.36609405801182765
PI,2025,O051,W,5,0.14080540692762603
PI,2025,O055,W,2,0.056322162771050406
PI,2025,O060,W,29,0.8166713601802309
PI,2025,O061,W,57,1.6051816389749367
PI,2025,O066,W,1,0.028161081385525203
PI,2025,O081,W,8,0.22528865108420162
PI,2025,O11,W,11,0.30977189524077725
PI,2025,O140,W,362,10.194311461560124
PI,2025,O141,W,1622,45.677274007321884
PI,2025,O149,W,683,19.234018586313713
PI,2025,O15,W,3,0.08448324415657561
PI,2025,O150,W,23,0.6477048718670797
PI,2025,O151,W,16,0.45057730216840325
PI,2025,O152,W,10,0.28161081385525205
PI,2025,O159,W,4,0.11264432554210081
PI,2025,O411,W,4,0.11264432554210081
PI,2025,O441,W,19,0.5350605463249789
PI,2025,O450,W,16,0.45057730216840325
PI,2025,O458,W,24,0.6758659532526049
PI,2025,O459,W,92,2.590819487468319
PI,2025,O469,W,1,0.028161081385525203
PI,2025,O670,W,1,0.028161081385525203
PI,2025,O678,W,1,0.028161081385525203
PI,2025,O679,W,2,0.056322162771050406
PI,2025,O694,W,2,0.056322162771050406
PI,2025,O710,W,1,0.028161081385525203
PI,2025,O711,W,3,0.08448324415657561
PI,2025,O72,W,1,0.028161081385525203
PI,2025,O720,W,10,0.28161081385525205
PI,2025,O721,W,12,0.33793297662630245
PI,2025,O722,W,7,0.19712756969867642
PI,2025,O85,W,194,5.46324978879189
PI,2025,O86,W,1,0.028161081385525203
PI,2025,O860,W,50,1.4080540692762602
PI,2025,O868,W,18,0.5068994649394537
PI,2025,O883,W,1,0.028161081385525203
PI,2025,O900,W,5,0.14080540692762603
PI,2025,O031,hemorrhage,138,31.944444444444443
PI,2025,O036,hemorrhage,33,7.638888888888889
PI,2025,O041,hemorrhage,2,0.46296296296296297
PI,2025,O051,hemorrhage,5,1.1574074074074074
PI,2025,O061,hemorrhage,57,13.194444444444445
PI,2025,O066,hemorrhage,1,0.23148148148148148
PI,2025,O081,hemorrhage,8,1.8518518518518519
PI,2025,O441,hemorrhage,19,4.398148148148148
PI,2025,O450,hemorrhage,16,3.7037037037037037
PI,2025,O458,hemorrhage,24,5.555555555555555
PI,2025,O459,hemorrhage,92,21.296296296296298
PI,2025,O469,hemorrhage,1,0.23148148148148148
PI,2025,O670,hemorrhage,1,0.23148148148148148
PI,2025,O678,hemorrhage,1,0.23148148148148148
PI,2025,O679,hemorrhage,2,0.46296296296296297
PI,2025,O694,hemorrhage,2,0.46296296296296297
PI,2025,O72,hemorrhage,1,0.23148148148148148
PI,2025,O720,hemorrhage,10,2.314814814814815
PI,2025,O721,hemorrhage,12,2.7777777777777777
PI,2025,O722,hemorrhage,7,1.6203703703703705
PI,2025,O11,hypertension,11,0.4023408924652524
PI,2025,O140,hypertension,362,13.24067300658376
PI,2025,O141,hypertension,1622,59.326993416239944
PI,2025,O149,hypertension,683,24.981711777615217
PI,2025,O15,hypertension,3,0.1097293343087052
PI,2025,O150,hypertension,23,0.8412582297000731
PI,2025,O151,hypertension,16,0.5852231163130943
PI,2025,O152,hypertension,10,0.365764447695684
PI,2025,O159,hypertension,4,0.14630577907827358
RN,2008,O030,W,4,0.2822865208186309
RN,2008,O031,W,32,2.2582921665490474
RN,2008,O035,W,9,0.6351446718419196
RN,2008,O036,W,3,0.2117148906139732
RN,2008,O040,W,4,0.2822865208186309
RN,2008,O046,W,1,0.07057163020465773
RN,2008,O050,W,3,0.2117148906139732
RN,2008,O051,W,2,0.14114326040931546
RN,2008,O081,W,4,0.2822865208186309
RN,2008,O11,W,9,0.6351446718419196
RN,2008,O140,W,28,1.9760056457304165
RN,2008,O141,W,509,35.92095977417078
RN,2008,O149,W,43,3.0345800988002822
RN,2008,O150,W,174,12.279463655610444
RN,2008,O151,W,20,1.4114326040931546
RN,2008,O152,W,4,0.2822865208186309
RN,2008,O159,W,2,0.14114326040931546
RN,2008,O411,W,1,0.07057163020465773
RN,2008,O441,W,11,0.776287932251235
RN,2008,O450,W,7,0.4940014114326041
RN,2008,O458,W,25,1.7642907551164433
RN,2008,O459,W,104,7.339449541284404
RN,2008,O694,W,231,16.302046577275934
RN,2008,O711,W,1,0.07057163020465773
RN,2008,O720,W,1,0.07057163020465773
RN,2008,O721,W,5,0.35285815102328866
RN,2008,O722,W,4,0.2822865208186309
RN,2008,O85,W,80,5.6457304163726185
RN,2008,O860,W,83,5.857445306986591
RN,2008,O868,W,4,0.2822865208186309
RN,2008,O900,W,9,0.6351446718419196
RN,2008,O031,hemorrhage,32,7.441860465116279
RN,2008,O036,hemorrhage,3,0.6976744186046512
RN,2008,O046,hemorrhage,1,0.23255813953488372
RN,2008,O051,hemorrhage,2,0.46511627906976744
RN,2008,O081,hemorrhage,4,0.9302325581395349
RN,2008,O441,hemorrhage,11,2.558139534883721
RN,2008,O450,hemorrhage,7,1.627906976744186
RN,2008,O458,hemorrhage,25,5.813953488372093
RN,2008,O459,hemorrhage,104,24.186046511627907
RN,2008,O694,hemorrhage,231,53.72093023255814
RN,2008,O720,hemorrhage,1,0.23255813953488372
RN,2008,O721,hemorrhage,5,1.1627906976744187
RN,2008,O722,hemorrhage,4,0.9302325581395349
RN,2008,O11,hypertension,9,1.1406844106463878
RN,2008,O140,hypertension,28,3.5487959442332064
RN,2008,O141,hypertension,509,64.51204055766793
RN,2008,O149,hypertension,43,5.449936628643853
RN,2008,O150,hypertension,174,22.0532319391635
RN,2008,O151,hypertension,20,2.534854245880862
RN,2008,O152,hypertension,4,0.5069708491761724
RN,2008,O159,hypertension,2,0.2534854245880862
RN,2009,O030,W,8,0.4990642545227698
RN,2009,O031,W,8,0.4990642545227698
RN,2009,O035,W,1,0.06238303181534623
RN,2009,O036,W,1,0.06238303181534623
RN,2009,O041,W,13,0.810979413599501
RN,2009,O050,W,1,0.06238303181534623
RN,2009,O051,W,2,0.12476606363069245
RN,2009,O055,W,1,0.06238303181534623
RN,2009,O061,W,8,0.4990642545227698
RN,2009,O066,W,1,0.06238303181534623
RN,2009,O080,W,5,0.3119151590767311
RN,2009,O081,W,2,0.12476606363069245
RN,2009,O11,W,6,0.37429819089207733
RN,2009,O140,W,43,2.682470368059888
RN,2009,O141,W,625,38.98939488459139
RN,2009,O149,W,300,18.714909544603866
RN,2009,O150,W,82,5.115408608858391
RN,2009,O151,W,18,1.122894572676232
RN,2009,O152,W,10,0.6238303181534622
RN,2009,O159,W,6,0.37429819089207733
RN,2009,O441,W,10,0.6238303181534622
RN,2009,O458,W,31,1.933873986275733
RN,2009,O459,W,71,4.429195258889582
RN,2009,O694,W,139,8.671241422333125
RN,2009,O710,W,1,0.06238303181534623
RN,2009,O720,W,1,0.06238303181534623
RN,2009,O721,W,11,0.6862133499688085
RN,2009,O722,W,1,0.06238303181534623
RN,2009,O85,W,72,4.491578290704928
RN,2009,O860,W,113,7.049282595134123
RN,2009,O868,W,11,0.6862133499688085
RN,2009,O900,W,1,0.06238303181534623
RN,2009,O031,hemorrhage,8,2.6755852842809364
RN,2009,O036,hemorrhage,1,0.33444816053511706
RN,2009,O041,hemorrhage,13,4.3478260869565215
RN,2009,O051,hemorrhage,2,0.6688963210702341
RN,2009,O061,hemorrhage,8,2.6755852842809364
RN,2009,O066,hemorrhage,1,0.33444816053511706
RN,2009,O081,hemorrhage,2,0.6688963210702341
RN,2009,O441,hemorrhage,10,3.3444816053511706
RN,2009,O458,hemorrhage,31,10.367892976588628
RN,2009,O459,hemorrhage,71,23.745819397993312
RN,2009,O694,hemorrhage,139,46.48829431438127
RN,2009,O720,hemorrhage,1,0.33444816053511706
RN,2009,O721,hemorrhage,11,3.678929765886288
RN,2009,O722,hemorrhage,1,0.33444816053511706
RN,2009,O11,hypertension,6,0.5504587155963303
RN,2009,O140,hypertension,43,3.944954128440367
RN,2009,O141,hypertension,625,57.3394495412844
RN,2009,O149,hypertension,300,27.522935779816514
RN,2009,O150,hypertension,82,7.522935779816514
RN,2009,O151,hypertension,18,1.651376146788991
RN,2009,O152,hypertension,10,0.9174311926605505
RN,2009,O159,hypertension,6,0.5504587155963303
RN,2010,O030,W,5,0.23277467411545624
RN,2010,O031,W,8,0.37243947858473
RN,2010,O035,W,1,0.04655493482309125
RN,2010,O036,W,2,0.0931098696461825
RN,2010,O060,W,1,0.04655493482309125
RN,2010,O065,W,2,0.0931098696461825
RN,2010,O066,W,1,0.04655493482309125
RN,2010,O11,W,10,0.4655493482309125
RN,2010,O140,W,59,2.7467411545623834
RN,2010,O141,W,724,33.70577281191807
RN,2010,O149,W,726,33.798882681564244
RN,2010,O150,W,49,2.281191806331471
RN,2010,O151,W,19,0.8845437616387337
RN,2010,O152,W,5,0.23277467411545624
RN,2010,O441,W,18,0.8379888268156425
RN,2010,O458,W,30,1.3966480446927374
RN,2010,O459,W,32,1.48975791433892
RN,2010,O694,W,204,9.497206703910615
RN,2010,O720,W,2,0.0931098696461825
RN,2010,O721,W,30,1.3966480446927374
RN,2010,O722,W,4,0.186219739292365
RN,2010,O85,W,65,3.026070763500931
RN,2010,O860,W,135,6.284916201117318
RN,2010,O868,W,10,0.4655493482309125
RN,2010,O900,W,6,0.27932960893854747
RN,2010,O031,hemorrhage,8,2.416918429003021
RN,2010,O036,hemorrhage,2,0.6042296072507553
RN,2010,O066,hemorrhage,1,0.3021148036253776
RN,2010,O441,hemorrhage,18,5.438066465256798
RN,2010,O458,hemorrhage,30,9.06344410876133
RN,2010,O459,hemorrhage,32,9.667673716012084
RN,2010,O694,hemorrhage,204,61.631419939577036
RN,2010,O720,hemorrhage,2,0.6042296072507553
RN,2010,O721,hemorrhage,30,9.06344410876133
RN,2010,O722,hemorrhage,4,1.2084592145015105
RN,2010,O11,hypertension,10,0.628140703517588
RN,2010,O140,hypertension,59,3.7060301507537687
RN,2010,O141,hypertension,724,45.47738693467337
RN,2010,O149,hypertension,726,45.60301507537689
RN,2010,O150,hypertension,49,3.077889447236181
RN,2010,O151,hypertension,19,1.193467336683417
RN,2010,O152,hypertension,5,0.314070351758794
RN,2011,O030,W,24,0.9905076351630211
RN,2011,O031,W,1,0.041271151465125874
RN,2011,O035,W,9,0.3714403631861329
RN,2011,O036,W,7,0.28889806025588116
RN,2011,O041,W,1,0.041271151465125874
RN,2011,O050,W,1,0.041271151465125874
RN,2011,O051,W,1,0.041271151465125874
RN,2011,O061,W,1,0.041271151465125874
RN,2011,O080,W,1,0.041271151465125874
RN,2011,O081,W,1,0.041271151465125874
RN,2011,O11,W,3,0.12381345439537764
RN,2011,O140,W,23,0.9492364836978952
RN,2011,O141,W,803,33.14073462649608
RN,2011,O149,W,940,38.79488237721832
RN,2011,O150,W,78,3.2191498142798185
RN,2011,O151,W,18,0.7428807263722658
RN,2011,O152,W,4,0.1650846058605035
RN,2011,O159,W,7,0.28889806025588116
RN,2011,O441,W,14,0.5777961205117623
RN,2011,O450,W,1,0.041271151465125874
RN,2011,O458,W,47,1.9397441188609161
RN,2011,O459,W,69,2.8477094510936856
RN,2011,O694,W,59,2.434997936442427
RN,2011,O721,W,75,3.0953363598844406
RN,2011,O722,W,2,0.08254230293025175
RN,2011,O85,W,55,2.269913330581923
RN,2011,O860,W,167,6.892282294676021
RN,2011,O868,W,8,0.330169211721007
RN,2011,O900,W,3,0.12381345439537764
RN,2011,O031,hemorrhage,1,0.35842293906810035
RN,2011,O036,hemorrhage,7,2.5089605734767026
RN,2011,O041,hemorrhage,1,0.35842293906810035
RN,2011,O051,hemorrhage,1,0.35842293906810035
RN,2011,O061,hemorrhage,1,0.35842293906810035
RN,2011,O081,hemorrhage,1,0.35842293906810035
RN,2011,O441,hemorrhage,14,5.017921146953405
RN,2011,O450,hemorrhage,1,0.35842293906810035
RN,2011,O458,hemorrhage,47,16.845878136200717
RN,2011,O459,hemorrhage,69,24.731182795698924
RN,2011,O694,hemorrhage,59,21.14695340501792
RN,2011,O721,hemorrhage,75,26.881720430107528
RN,2011,O722,hemorrhage,2,0.7168458781362007
RN,2011,O11,hypertension,3,0.15991471215351813
RN,2011,O140,hypertension,23,1.2260127931769722
RN,2011,O141,hypertension,803,42.80383795309169
RN,2011,O149,hypertension,940,50.10660980810235
RN,2011,O150,hypertension,78,4.157782515991471
RN,2011,O151,hypertension,18,0.9594882729211087
RN,2011,O152,hypertension,4,0.21321961620469082
RN,2011,O159,hypertension,7,0.373134328358209
RN,2012,O030,W,14,0.5113221329437546
RN,2012,O031,W,2,0.07304601899196493
RN,2012,O035,W,7,0.2556610664718773
RN,2012,O041,W,1,0.036523009495982466
RN,2012,O060,W,2,0.07304601899196493
RN,2012,O061,W,1,0.036523009495982466
RN,2012,O065,W,1,0.036523009495982466
RN,2012,O080,W,1,0.036523009495982466
RN,2012,O081,W,1,0.036523009495982466
RN,2012,O11,W,8,0.2921840759678597
RN,2012,O140,W,38,1.3878743608473338
RN,2012,O141,W,894,32.65157048940833
RN,2012,O149,W,1023,37.363038714390065
RN,2012,O150,W,231,8.43681519357195
RN,2012,O151,W,19,0.6939371804236669
RN,2012,O152,W,11,0.40175310445580714
RN,2012,O159,W,2,0.07304601899196493
RN,2012,O411,W,2,0.07304601899196493
RN,2012,O441,W,10,0.36523009495982467
RN,2012,O458,W,29,1.0591672753834915
RN,2012,O459,W,96,3.506208911614317
RN,2012,O469,W,1,0.036523009495982466
RN,2012,O670,W,1,0.036523009495982466
RN,2012,O711,W,1,0.036523009495982466
RN,2012,O720,W,2,0.07304601899196493
RN,2012,O721,W,48,1.7531044558071585
RN,2012,O722,W,5,0.18261504747991233
RN,2012,O85,W,79,2.885317750182615
RN,2012,O860,W,167,6.099342585829072
RN,2012,O868,W,6,0.2191380569758948
RN,2012,O900,W,35,1.2783053323593865
RN,2012,O031,hemorrhage,2,1.015228426395939
RN,2012,O041,hemorrhage,1,0.5076142131979695
RN,2012,O061,hemorrhage,1,0.5076142131979695
RN,2012,O081,hemorrhage,1,0.5076142131979695
RN,2012,O441,hemorrhage,10,5.0761421319796955
RN,2012,O458,hemorrhage,29,14.720812182741117
RN,2012,O459,hemorrhage,96,48.73096446700507
RN,2012,O469,hemorrhage,1,0.5076142131979695
RN,2012,O670,hemorrhage,1,0.5076142131979695
RN,2012,O720,hemorrhage,2,1.015228426395939
RN,2012,O721,hemorrhage,48,24.365482233502537
RN,2012,O722,hemorrhage,5,2.5380710659898478
RN,2012,O11,hypertension,8,0.35938903863432164
RN,2012,O140,hypertension,38,1.7070979335130279
RN,2012,O141,hypertension,894,40.16172506738545
RN,2012,O149,hypertension,1023,45.95687331536388
RN,2012,O150,hypertension,231,10.377358490566039
RN,2012,O151,hypertension,19,0.8535489667565139
RN,2012,O152,hypertension,11,0.4941599281221923
RN,2012,O159,hypertension,2,0.08984725965858041
RN,2013,O030,W,24,0.9921455146754857
RN,2013,O036,W,2,0.0826787928896238
RN,2013,O050,W,4,0.1653575857792476
RN,2013,O060,W,1,0.0413393964448119
RN,2013,O061,W,1,0.0413393964448119
RN,2013,O065,W,3,0.12401818933443572
RN,2013,O066,W,1,0.0413393964448119
RN,2013,O080,W,1,0.0413393964448119
RN,2013,O11,W,8,0.3307151715584952
RN,2013,O140,W,33,1.3642000826787928
RN,2013,O141,W,824,34.06366267052501
RN,2013,O149,W,758,31.335262505167425
RN,2013,O150,W,339,14.014055394791235
RN,2013,O151,W,16,0.6614303431169904
RN,2013,O152,W,9,0.37205456800330716
RN,2013,O159,W,2,0.0826787928896238
RN,2013,O441,W,9,0.37205456800330716
RN,2013,O450,W,9,0.37205456800330716
RN,2013,O458,W,27,1.1161637040099215
RN,2013,O459,W,73,3.017775940471269
RN,2013,O469,W,1,0.0413393964448119
RN,2013,O711,W,3,0.12401818933443572
RN,2013,O721,W,8,0.3307151715584952
RN,2013,O722,W,8,0.3307151715584952
RN,2013,O85,W,53,2.190988011575031
RN,2013,O860,W,184,7.606448945845391
RN,2013,O868,W,11,0.454733360892931
RN,2013,O900,W,7,0.28937577511368334
RN,2013,O036,hemorrhage,2,1.4388489208633093
RN,2013,O061,hemorrhage,1,0.7194244604316546
RN,2013,O066,hemorrhage,1,0.7194244604316546
RN,2013,O441,hemorrhage,9,6.474820143884892
RN,2013,O450,hemorrhage,9,6.474820143884892
RN,2013,O458,hemorrhage,27,19.424460431654676
RN,2013,O459,hemorrhage,73,52.51798561151079
RN,2013,O469,hemorrhage,1,0.7194244604316546
RN,2013,O721,hemorrhage,8,5.755395683453237
RN,2013,O722,hemorrhage,8,5.755395683453237
RN,2013,O11,hypertension,8,0.4022121669180493
RN,2013,O140,hypertension,33,1.6591251885369533
RN,2013,O141,hypertension,824,41.42785319255908
RN,2013,O149,hypertension,758,38.10960281548517
RN,2013,O150,hypertension,339,17.043740573152338
RN,2013,O151,hypertension,16,0.8044243338360986
RN,2013,O152,hypertension,9,0.45248868778280543
RN,2013,O159,hypertension,2,0.10055304172951232
RN,2014,O030,W,9,0.40431266846361186
RN,2014,O031,W,6,0.2695417789757412
RN,2014,O035,W,3,0.1347708894878706
RN,2014,O045,W,6,0.2695417789757412
RN,2014,O050,W,5,0.22461814914645103
RN,2014,O055,W,3,0.1347708894878706
RN,2014,O056,W,1,0.044923629829290206
RN,2014,O060,W,1,0.044923629829290206
RN,2014,O061,W,3,0.1347708894878706
RN,2014,O065,W,1,0.044923629829290206
RN,2014,O080,W,1,0.044923629829290206
RN,2014,O11,W,8,0.35938903863432164
RN,2014,O140,W,35,1.5723270440251573
RN,2014,O141,W,1219,54.76190476190476
RN,2014,O149,W,383,17.20575022461815
RN,2014,O150,W,112,5.031446540880503
RN,2014,O151,W,22,0.9883198562443846
RN,2014,O152,W,5,0.22461814914645103
RN,2014,O159,W,1,0.044923629829290206
RN,2014,O411,W,1,0.044923629829290206
RN,2014,O441,W,11,0.4941599281221923
RN,2014,O458,W,16,0.7187780772686433
RN,2014,O459,W,97,4.35759209344115
RN,2014,O469,W,5,0.22461814914645103
RN,2014,O670,W,1,0.044923629829290206
RN,2014,O694,W,1,0.044923629829290206
RN,2014,O711,W,4,0.17969451931716082
RN,2014,O720,W,3,0.1347708894878706
RN,2014,O721,W,4,0.17969451931716082
RN,2014,O722,W,4,0.17969451931716082
RN,2014,O85,W,43,1.9317160826594788
RN,2014,O860,W,179,8.041329739442947
RN,2014,O868,W,21,0.9433962264150944
RN,2014,O900,W,12,0.5390835579514824
RN,2014,O031,hemorrhage,6,3.9473684210526314
RN,2014,O056,hemorrhage,1,0.6578947368421053
RN,2014,O061,hemorrhage,3,1.9736842105263157
RN,2014,O441,hemorrhage,11,7.2368421052631575
RN,2014,O458,hemorrhage,16,10.526315789473685
RN,2014,O459,hemorrhage,97,63.81578947368421
RN,2014,O469,hemorrhage,5,3.289473684210526
RN,2014,O670,hemorrhage,1,0.6578947368421053
RN,2014,O694,hemorrhage,1,0.6578947368421053
RN,2014,O720,hemorrhage,3,1.9736842105263157
RN,2014,O721,hemorrhage,4,2.6315789473684212
RN,2014,O722,hemorrhage,4,2.6315789473684212
RN,2014,O11,hypertension,8,0.4481792717086835
RN,2014,O140,hypertension,35,1.9607843137254901
RN,2014,O141,hypertension,1219,68.29131652661064
RN,2014,O149,hypertension,383,21.45658263305322
RN,2014,O150,hypertension,112,6.2745098039215685
RN,2014,O151,hypertension,22,1.2324929971988796
RN,2014,O152,hypertension,5,0.2801120448179272
RN,2014,O159,hypertension,1,0.056022408963585436
RN,2015,O030,W,6,0.2677376171352075
RN,2015,O031,W,10,0.4462293618920125
RN,2015,O035,W,1,0.04462293618920125
RN,2015,O036,W,4,0.178491744756805
RN,2015,O050,W,1,0.04462293618920125
RN,2015,O051,W,1,0.04462293618920125
RN,2015,O056,W,1,0.04462293618920125
RN,2015,O060,W,2,0.0892458723784025
RN,2015,O061,W,1,0.04462293618920125
RN,2015,O065,W,2,0.0892458723784025
RN,2015,O066,W,1,0.04462293618920125
RN,2015,O080,W,3,0.13386880856760375
RN,2015,O081,W,1,0.04462293618920125
RN,2015,O082,W,2,0.0892458723784025
RN,2015,O11,W,6,0.2677376171352075
RN,2015,O140,W,16,0.71396697902722
RN,2015,O141,W,1276,56.9388665774208
RN,2015,O149,W,423,18.87550200803213
RN,2015,O150,W,71,3.1682284694332887
RN,2015,O151,W,11,0.4908522980812137
RN,2015,O152,W,6,0.2677376171352075
RN,2015,O159,W,3,0.13386880856760375
RN,2015,O411,W,2,0.0892458723784025
RN,2015,O441,W,14,0.6247211066488175
RN,2015,O450,W,2,0.0892458723784025
RN,2015,O458,W,9,0.40160642570281124
RN,2015,O459,W,67,2.989736724676484
RN,2015,O469,W,1,0.04462293618920125
RN,2015,O694,W,3,0.13386880856760375
RN,2015,O721,W,12,0.535475234270415
RN,2015,O722,W,2,0.0892458723784025
RN,2015,O85,W,54,2.4096385542168677
RN,2015,O860,W,198,8.835341365461847
RN,2015,O868,W,22,0.9817045961624274
RN,2015,O900,W,7,0.31236055332440876
RN,2015,O031,hemorrhage,10,7.751937984496124
RN,2015,O036,hemorrhage,4,3.10077519379845
RN,2015,O051,hemorrhage,1,0.7751937984496124
RN,2015,O056,hemorrhage,1,0.7751937984496124
RN,2015,O061,hemorrhage,1,0.7751937984496124
RN,2015,O066,hemorrhage,1,0.7751937984496124
RN,2015,O081,hemorrhage,1,0.7751937984496124
RN,2015,O441,hemorrhage,14,10.852713178294573
RN,2015,O450,hemorrhage,2,1.550387596899225
RN,2015,O458,hemorrhage,9,6.976744186046512
RN,2015,O459,hemorrhage,67,51.93798449612403
RN,2015,O469,hemorrhage,1,0.7751937984496124
RN,2015,O694,hemorrhage,3,2.3255813953488373
RN,2015,O721,hemorrhage,12,9.30232558139535
RN,2015,O722,hemorrhage,2,1.550387596899225
RN,2015,O11,hypertension,6,0.33112582781456956
RN,2015,O140,hypertension,16,0.8830022075055187
RN,2015,O141,hypertension,1276,70.41942604856513
RN,2015,O149,hypertension,423,23.344370860927153
RN,2015,O150,hypertension,71,3.9183222958057393
RN,2015,O151,hypertension,11,0.6070640176600441
RN,2015,O152,hypertension,6,0.33112582781456956
RN,2015,O159,hypertension,3,0.16556291390728478
RN,2016,O030,W,9,0.37735849056603776
RN,2016,O031,W,8,0.33542976939203356
RN,2016,O035,W,1,0.041928721174004195
RN,2016,O036,W,3,0.12578616352201258
RN,2016,O041,W,1,0.041928721174004195
RN,2016,O050,W,1,0.041928721174004195
RN,2016,O060,W,4,0.16771488469601678
RN,2016,O061,W,5,0.20964360587002095
RN,2016,O065,W,4,0.16771488469601678
RN,2016,O066,W,2,0.08385744234800839
RN,2016,O071,W,1,0.041928721174004195
RN,2016,O080,W,5,0.20964360587002095
RN,2016,O081,W,4,0.16771488469601678
RN,2016,O082,W,5,0.20964360587002095
RN,2016,O11,W,15,0.6289308176100629
RN,2016,O140,W,27,1.1320754716981132
RN,2016,O141,W,1410,59.119496855345915
RN,2016,O149,W,375,15.723270440251572
RN,2016,O150,W,53,2.2222222222222223
RN,2016,O151,W,21,0.8805031446540881
RN,2016,O152,W,6,0.25157232704402516
RN,2016,O159,W,1,0.041928721174004195
RN,2016,O441,W,6,0.25157232704402516
RN,2016,O458,W,8,0.33542976939203356
RN,2016,O459,W,81,3.3962264150943398
RN,2016,O469,W,2,0.08385744234800839
RN,2016,O679,W,1,0.041928721174004195
RN,2016,O711,W,1,0.041928721174004195
RN,2016,O720,W,2,0.08385744234800839
RN,2016,O721,W,10,0.4192872117400419
RN,2016,O722,W,7,0.29350104821802936
RN,2016,O85,W,67,2.809224318658281
RN,2016,O860,W,211,8.846960167714885
RN,2016,O868,W,18,0.7547169811320755
RN,2016,O900,W,10,0.4192872117400419
RN,2016,O031,hemorrhage,8,5.673758865248227
RN,2016,O036,hemorrhage,3,2.127659574468085
RN,2016,O041,hemorrhage,1,0.7092198581560284
RN,2016,O061,hemorrhage,5,3.5460992907801416
RN,2016,O066,hemorrhage,2,1.4184397163120568
RN,2016,O071,hemorrhage,1,0.7092198581560284
RN,2016,O081,hemorrhage,4,2.8368794326241136
RN,2016,O441,hemorrhage,6,4.25531914893617
RN,2016,O458,hemorrhage,8,5.673758865248227
RN,2016,O459,hemorrhage,81,57.4468085106383
RN,2016,O469,hemorrhage,2,1.4184397163120568
RN,2016,O679,hemorrhage,1,0.7092198581560284
RN,2016,O720,hemorrhage,2,1.4184397163120568
RN,2016,O721,hemorrhage,10,7.092198581560283
RN,2016,O722,hemorrhage,7,4.964539007092198
RN,2016,O11,hypertension,15,0.7861635220125787
RN,2016,O140,hypertension,27,1.4150943396226414
RN,2016,O141,hypertension,1410,73.8993710691824
RN,2016,O149,hypertension,375,19.654088050314467
RN,2016,O150,hypertension,53,2.7777777777777777
RN,2016,O151,hypertension,21,1.10062893081761
RN,2016,O152,hypertension,6,0.31446540880503143
RN,2016,O159,hypertension,1,0.05241090146750524
RN,2017,O030,W,9,0.4044943820224719
RN,2017,O031,W,8,0.3595505617977528
RN,2017,O035,W,10,0.449438202247191
RN,2017,O036,W,3,0.1348314606741573
RN,2017,O041,W,2,0.0898876404494382
RN,2017,O050,W,1,0.0449438202247191
RN,2017,O051,W,1,0.0449438202247191
RN,2017,O055,W,1,0.0449438202247191
RN,2017,O060,W,3,0.1348314606741573
RN,2017,O061,W,24,1.0786516853932584
RN,2017,O065,W,3,0.1348314606741573
RN,2017,O080,W,4,0.1797752808988764
RN,2017,O081,W,1,0.0449438202247191
RN,2017,O082,W,1,0.0449438202247191
RN,2017,O11,W,11,0.4943820224719101
RN,2017,O140,W,164,7.370786516853933
RN,2017,O141,W,1185,53.258426966292134
RN,2017,O149,W,220,9.887640449438202
RN,2017,O150,W,71,3.191011235955056
RN,2017,O151,W,14,0.6292134831460674
RN,2017,O152,W,13,0.5842696629213483
RN,2017,O159,W,3,0.1348314606741573
RN,2017,O411,W,4,0.1797752808988764
RN,2017,O441,W,7,0.3146067415730337
RN,2017,O450,W,5,0.2247191011235955
RN,2017,O458,W,13,0.5842696629213483
RN,2017,O459,W,70,3.146067415730337
RN,2017,O469,W,1,0.0449438202247191
RN,2017,O670,W,1,0.0449438202247191
RN,2017,O710,W,1,0.0449438202247191
RN,2017,O711,W,3,0.1348314606741573
RN,2017,O720,W,1,0.0449438202247191
RN,2017,O721,W,35,1.5730337078651686
RN,2017,O722,W,12,0.5393258426966292
RN,2017,O85,W,102,4.584269662921348
RN,2017,O860,W,189,8.49438202247191
RN,2017,O868,W,22,0.9887640449438202
RN,2017,O900,W,7,0.3146067415730337
RN,2017,O031,hemorrhage,8,4.3478260869565215
RN,2017,O036,hemorrhage,3,1.6304347826086956
RN,2017,O041,hemorrhage,2,1.0869565217391304
RN,2017,O051,hemorrhage,1,0.5434782608695652
RN,2017,O061,hemorrhage,24,13.043478260869565
RN,2017,O081,hemorrhage,1,0.5434782608695652
RN,2017,O441,hemorrhage,7,3.8043478260869565
RN,2017,O450,hemorrhage,5,2.717391304347826
RN,2017,O458,hemorrhage,13,7.065217391304348
RN,2017,O459,hemorrhage,70,38.04347826086956
RN,2017,O469,hemorrhage,1,0.5434782608695652
RN,2017,O670,hemorrhage,1,0.5434782608695652
RN,2017,O720,hemorrhage,1,0.5434782608695652
RN,2017,O721,hemorrhage,35,19.02173913043478
RN,2017,O722,hemorrhage,12,6.521739130434782
RN,2017,O11,hypertension,11,0.6543723973825104
RN,2017,O140,hypertension,164,9.75609756097561
RN,2017,O141,hypertension,1185,70.49375371802499
RN,2017,O149,hypertension,220,13.087447947650208
RN,2017,O150,hypertension,71,4.223676383105294
RN,2017,O151,hypertension,14,0.8328375966686496
RN,2017,O152,hypertension,13,0.7733491969066032
RN,2017,O159,hypertension,3,0.17846519928613921
RN,2018,A410,W,1,0.039936102236421724
RN,2018,A419,W,1,0.039936102236421724
RN,2018,N709,W,1,0.039936102236421724
RN,2018,N710,W,1,0.039936102236421724
RN,2018,O030,W,17,0.6789137380191693
RN,2018,O031,W,21,0.8386581469648562
RN,2018,O035,W,3,0.11980830670926518
RN,2018,O036,W,2,0.07987220447284345
RN,2018,O040,W,4,0.1597444089456869
RN,2018,O050,W,3,0.11980830670926518
RN,2018,O051,W,5,0.19968051118210864
RN,2018,O056,W,1,0.039936102236421724
RN,2018,O060,W,3,0.11980830670926518
RN,2018,O061,W,5,0.19968051118210864
RN,2018,O065,W,1,0.039936102236421724
RN,2018,O080,W,3,0.11980830670926518
RN,2018,O081,W,1,0.039936102236421724
RN,2018,O082,W,2,0.07987220447284345
RN,2018,O083,W,1,0.039936102236421724
RN,2018,O11,W,14,0.5591054313099042
RN,2018,O140,W,578,23.083067092651756
RN,2018,O141,W,582,23.242811501597444
RN,2018,O149,W,573,22.883386581469647
RN,2018,O150,W,103,4.113418530351438
RN,2018,O151,W,14,0.5591054313099042
RN,2018,O152,W,10,0.3993610223642173
RN,2018,O159,W,5,0.19968051118210864
RN,2018,O411,W,4,0.1597444089456869
RN,2018,O441,W,18,0.7188498402555911
RN,2018,O450,W,7,0.2795527156549521
RN,2018,O458,W,23,0.9185303514376997
RN,2018,O459,W,50,1.9968051118210863
RN,2018,O469,W,2,0.07987220447284345
RN,2018,O679,W,1,0.039936102236421724
RN,2018,O710,W,1,0.039936102236421724
RN,2018,O711,W,2,0.07987220447284345
RN,2018,O720,W,7,0.2795527156549521
RN,2018,O721,W,74,2.9552715654952078
RN,2018,O722,W,15,0.5990415335463258
RN,2018,O85,W,131,5.231629392971246
RN,2018,O860,W,193,7.707667731629393
RN,2018,O868,W,15,0.5990415335463258
RN,2018,O900,W,6,0.23961661341853036
RN,2018,O031,hemorrhage,21,9.051724137931034
RN,2018,O036,hemorrhage,2,0.8620689655172413
RN,2018,O051,hemorrhage,5,2.1551724137931036
RN,2018,O056,hemorrhage,1,0.43103448275862066
RN,2018,O061,hemorrhage,5,2.1551724137931036
RN,2018,O081,hemorrhage,1,0.43103448275862066
RN,2018,O441,hemorrhage,18,7.758620689655173
RN,2018,O450,hemorrhage,7,3.0172413793103448
RN,2018,O458,hemorrhage,23,9.913793103448276
RN,2018,O459,hemorrhage,50,21.551724137931036
RN,2018,O469,hemorrhage,2,0.8620689655172413
RN,2018,O679,hemorrhage,1,0.43103448275862066
RN,2018,O720,hemorrhage,7,3.0172413793103448
RN,2018,O721,hemorrhage,74,31.896551724137932
RN,2018,O722,hemorrhage,15,6.4655172413793105
RN,2018,O11,hypertension,14,0.7450771687067589
RN,2018,O140,hypertension,578,30.76104310803619
RN,2018,O141,hypertension,582,30.973922299095264
RN,2018,O149,hypertension,573,30.49494411921235
RN,2018,O150,hypertension,103,5.481639169771155
RN,2018,O151,hypertension,14,0.7450771687067589
RN,2018,O152,hypertension,10,0.532197977647685
RN,2018,O159,hypertension,5,0.2660989888238425
RN,2019,A419,W,3,0.10913059294288832
RN,2019,K350,W,1,0.036376864314296105
RN,2019,O030,W,26,0.9457984721716988
RN,2019,O031,W,20,0.7275372862859222
RN,2019,O035,W,7,0.25463805020007274
RN,2019,O036,W,4,0.14550745725718442
RN,2019,O040,W,1,0.036376864314296105
RN,2019,O050,W,2,0.07275372862859221
RN,2019,O055,W,1,0.036376864314296105
RN,2019,O060,W,5,0.18188432157148055
RN,2019,O061,W,2,0.07275372862859221
RN,2019,O065,W,2,0.07275372862859221
RN,2019,O080,W,3,0.10913059294288832
RN,2019,O081,W,5,0.18188432157148055
RN,2019,O082,W,1,0.036376864314296105
RN,2019,O11,W,13,0.4728992360858494
RN,2019,O140,W,609,22.15351036740633
RN,2019,O141,W,460,16.73335758457621
RN,2019,O149,W,719,26.154965441978902
RN,2019,O15,W,1,0.036376864314296105
RN,2019,O150,W,107,3.8923244816296836
RN,2019,O151,W,19,0.6911604219716261
RN,2019,O152,W,15,0.5456529647144416
RN,2019,O159,W,4,0.14550745725718442
RN,2019,O411,W,4,0.14550745725718442
RN,2019,O441,W,19,0.6911604219716261
RN,2019,O450,W,3,0.10913059294288832
RN,2019,O458,W,11,0.4001455074572572
RN,2019,O459,W,37,1.345943979628956
RN,2019,O469,W,4,0.14550745725718442
RN,2019,O670,W,1,0.036376864314296105
RN,2019,O679,W,3,0.10913059294288832
RN,2019,O694,W,1,0.036376864314296105
RN,2019,O710,W,2,0.07275372862859221
RN,2019,O720,W,2,0.07275372862859221
RN,2019,O721,W,141,5.129137868315751
RN,2019,O722,W,11,0.4001455074572572
RN,2019,O85,W,152,5.529283375773009
RN,2019,O860,W,293,10.658421244088759
RN,2019,O868,W,19,0.6911604219716261
RN,2019,O883,W,1,0.036376864314296105
RN,2019,O900,W,15,0.5456529647144416
RN,2019,O031,hemorrhage,20,7.575757575757576
RN,2019,O036,hemorrhage,4,1.5151515151515151
RN,2019,O061,hemorrhage,2,0.7575757575757576
RN,2019,O081,hemorrhage,5,1.893939393939394
RN,2019,O441,hemorrhage,19,7.196969696969697
RN,2019,O450,hemorrhage,3,1.1363636363636365
RN,2019,O458,hemorrhage,11,4.166666666666667
RN,2019,O459,hemorrhage,37,14.015151515151516
RN,2019,O469,hemorrhage,4,1.5151515151515151
RN,2019,O670,hemorrhage,1,0.3787878787878788
RN,2019,O679,hemorrhage,3,1.1363636363636365
RN,2019,O694,hemorrhage,1,0.3787878787878788
RN,2019,O720,hemorrhage,2,0.7575757575757576
RN,2019,O721,hemorrhage,141,53.40909090909091
RN,2019,O722,hemorrhage,11,4.166666666666667
RN,2019,O11,hypertension,13,0.6676938880328711
RN,2019,O140,hypertension,609,31.2788906009245
RN,2019,O141,hypertension,460,23.62609142270159
RN,2019,O149,hypertension,719,36.928608115048796
RN,2019,O15,hypertension,1,0.05136106831022085
RN,2019,O150,hypertension,107,5.4956343091936315
RN,2019,O151,hypertension,19,0.9758602978941961
RN,2019,O152,hypertension,15,0.7704160246533128
RN,2019,O159,hypertension,4,0.2054442732408834
RN,2020,A419,W,3,0.11737089201877934
RN,2020,O030,W,6,0.2347417840375587
RN,2020,O031,W,15,0.5868544600938967
RN,2020,O035,W,6,0.2347417840375587
RN,2020,O036,W,4,0.1564945226917058
RN,2020,O040,W,1,0.03912363067292645
RN,2020,O041,W,1,0.03912363067292645
RN,2020,O050,W,1,0.03912363067292645
RN,2020,O051,W,1,0.03912363067292645
RN,2020,O055,W,1,0.03912363067292645
RN,2020,O060,W,8,0.3129890453834116
RN,2020,O061,W,8,0.3129890453834116
RN,2020,O065,W,1,0.03912363067292645
RN,2020,O080,W,5,0.19561815336463223
RN,2020,O081,W,3,0.11737089201877934
RN,2020,O082,W,2,0.0782472613458529
RN,2020,O11,W,27,1.056338028169014
RN,2020,O140,W,666,26.056338028169016
RN,2020,O141,W,374,14.63223787167449
RN,2020,O149,W,509,19.913928012519563
RN,2020,O15,W,4,0.1564945226917058
RN,2020,O150,W,170,6.651017214397496
RN,2020,O151,W,14,0.5477308294209703
RN,2020,O152,W,9,0.352112676056338
RN,2020,O159,W,4,0.1564945226917058
RN,2020,O411,W,3,0.11737089201877934
RN,2020,O441,W,18,0.704225352112676
RN,2020,O450,W,2,0.0782472613458529
RN,2020,O458,W,22,0.8607198748043818
RN,2020,O459,W,39,1.5258215962441315
RN,2020,O460,W,1,0.03912363067292645
RN,2020,O710,W,2,0.0782472613458529
RN,2020,O711,W,3,0.11737089201877934
RN,2020,O720,W,2,0.0782472613458529
RN,2020,O721,W,277,10.837245696400625
RN,2020,O722,W,7,0.27386541471048514
RN,2020,O85,W,87,3.403755868544601
RN,2020,O86,W,2,0.0782472613458529
RN,2020,O860,W,230,8.998435054773083
RN,2020,O868,W,7,0.27386541471048514
RN,2020,O900,W,11,0.4303599374021909
RN,2020,O031,hemorrhage,15,3.75
RN,2020,O036,hemorrhage,4,1.0
RN,2020,O041,hemorrhage,1,0.25
RN,2020,O051,hemorrhage,1,0.25
RN,2020,O061,hemorrhage,8,2.0
RN,2020,O081,hemorrhage,3,0.75
RN,2020,O441,hemorrhage,18,4.5
RN,2020,O450,hemorrhage,2,0.5
RN,2020,O458,hemorrhage,22,5.5
RN,2020,O459,hemorrhage,39,9.75
RN,2020,O460,hemorrhage,1,0.25
RN,2020,O720,hemorrhage,2,0.5
RN,2020,O721,hemorrhage,277,69.25
RN,2020,O722,hemorrhage,7,1.75
RN,2020,O11,hypertension,27,1.5194147439504784
RN,2020,O140,hypertension,666,37.478897017445135
RN,2020,O141,hypertension,374,21.04670793472144
RN,2020,O149,hypertension,509,28.643781654473834
RN,2020,O15,hypertension,4,0.22509848058525606
RN,2020,O150,hypertension,170,9.566685424873382
RN,2020,O151,hypertension,14,0.7878446820483962
RN,2020,O152,hypertension,9,0.5064715813168261
RN,2020,O159,hypertension,4,0.22509848058525606
RN,2021,O030,W,7,0.27068832173240526
RN,2021,O031,W,12,0.46403712296983757
RN,2021,O036,W,5,0.19334880123743234
RN,2021,O040,W,2,0.07733952049497293
RN,2021,O041,W,1,0.038669760247486466
RN,2021,O045,W,1,0.038669760247486466
RN,2021,O046,W,1,0.038669760247486466
RN,2021,O050,W,1,0.038669760247486466
RN,2021,O051,W,1,0.038669760247486466
RN,2021,O056,W,1,0.038669760247486466
RN,2021,O060,W,3,0.11600928074245939
RN,2021,O061,W,6,0.23201856148491878
RN,2021,O066,W,3,0.11600928074245939
RN,2021,O080,W,4,0.15467904098994587
RN,2021,O082,W,4,0.15467904098994587
RN,2021,O11,W,22,0.8507347254447022
RN,2021,O140,W,587,22.699149265274556
RN,2021,O141,W,317,12.25831399845321
RN,2021,O149,W,826,31.94122196442382
RN,2021,O15,W,2,0.07733952049497293
RN,2021,O150,W,124,4.795050270688321
RN,2021,O151,W,17,0.6573859242072699
RN,2021,O152,W,7,0.27068832173240526
RN,2021,O159,W,2,0.07733952049497293
RN,2021,O411,W,3,0.11600928074245939
RN,2021,O441,W,24,0.9280742459396751
RN,2021,O450,W,10,0.3866976024748647
RN,2021,O458,W,12,0.46403712296983757
RN,2021,O459,W,42,1.6241299303944317
RN,2021,O460,W,1,0.038669760247486466
RN,2021,O710,W,1,0.038669760247486466
RN,2021,O711,W,1,0.038669760247486466
RN,2021,O72,W,4,0.15467904098994587
RN,2021,O720,W,1,0.038669760247486466
RN,2021,O721,W,185,7.153905645784996
RN,2021,O722,W,16,0.6187161639597835
RN,2021,O85,W,65,2.51353441608662
RN,2021,O860,W,227,8.778035576179427
RN,2021,O868,W,21,0.8120649651972158
RN,2021,O900,W,17,0.6573859242072699
RN,2021,O031,hemorrhage,12,3.6923076923076925
RN,2021,O036,hemorrhage,5,1.5384615384615385
RN,2021,O041,hemorrhage,1,0.3076923076923077
RN,2021,O046,hemorrhage,1,0.3076923076923077
RN,2021,O051,hemorrhage,1,0.3076923076923077
RN,2021,O056,hemorrhage,1,0.3076923076923077
RN,2021,O061,hemorrhage,6,1.8461538461538463
RN,2021,O066,hemorrhage,3,0.9230769230769231
RN,2021,O441,hemorrhage,24,7.384615384615385
RN,2021,O450,hemorrhage,10,3.076923076923077
RN,2021,O458,hemorrhage,12,3.6923076923076925
RN,2021,O459,hemorrhage,42,12.923076923076923
RN,2021,O460,hemorrhage,1,0.3076923076923077
RN,2021,O72,hemorrhage,4,1.2307692307692308
RN,2021,O720,hemorrhage,1,0.3076923076923077
RN,2021,O721,hemorrhage,185,56.92307692307692
RN,2021,O722,hemorrhage,16,4.923076923076923
RN,2021,O11,hypertension,22,1.1554621848739495
RN,2021,O140,hypertension,587,30.82983193277311
RN,2021,O141,hypertension,317,16.649159663865547
RN,2021,O149,hypertension,826,43.38235294117647
RN,2021,O15,hypertension,2,0.10504201680672269
RN,2021,O150,hypertension,124,6.512605042016807
RN,2021,O151,hypertension,17,0.8928571428571429
RN,2021,O152,hypertension,7,0.36764705882352944
RN,2021,O159,hypertension,2,0.10504201680672269
RN,2022,D62,W,1,0.03773584905660377
RN,2022,O030,W,6,0.22641509433962265
RN,2022,O031,W,18,0.6792452830188679
RN,2022,O035,W,3,0.11320754716981132
RN,2022,O040,W,2,0.07547169811320754
RN,2022,O046,W,1,0.03773584905660377
RN,2022,O050,W,1,0.03773584905660377
RN,2022,O051,W,1,0.03773584905660377
RN,2022,O056,W,1,0.03773584905660377
RN,2022,O060,W,3,0.11320754716981132
RN,2022,O061,W,4,0.1509433962264151
RN,2022,O065,W,1,0.03773584905660377
RN,2022,O066,W,1,0.03773584905660377
RN,2022,O080,W,5,0.18867924528301888
RN,2022,O083,W,1,0.03773584905660377
RN,2022,O11,W,12,0.4528301886792453
RN,2022,O140,W,580,21.88679245283019
RN,2022,O141,W,311,11.735849056603774
RN,2022,O149,W,969,36.56603773584906
RN,2022,O15,W,2,0.07547169811320754
RN,2022,O150,W,109,4.113207547169812
RN,2022,O151,W,13,0.49056603773584906
RN,2022,O152,W,30,1.1320754716981132
RN,2022,O159,W,24,0.9056603773584906
RN,2022,O411,W,1,0.03773584905660377
RN,2022,O441,W,14,0.5283018867924528
RN,2022,O450,W,5,0.18867924528301888
RN,2022,O458,W,14,0.5283018867924528
RN,2022,O459,W,35,1.320754716981132
RN,2022,O46,W,1,0.03773584905660377
RN,2022,O469,W,1,0.03773584905660377
RN,2022,O711,W,2,0.07547169811320754
RN,2022,O72,W,3,0.11320754716981132
RN,2022,O721,W,138,5.2075471698113205
RN,2022,O722,W,6,0.22641509433962265
RN,2022,O85,W,74,2.792452830188679
RN,2022,O86,W,2,0.07547169811320754
RN,2022,O860,W,235,8.867924528301886
RN,2022,O868,W,9,0.33962264150943394
RN,2022,O900,W,11,0.41509433962264153
RN,2022,D62,hemorrhage,1,0.4098360655737705
RN,2022,O031,hemorrhage,18,7.377049180327869
RN,2022,O046,hemorrhage,1,0.4098360655737705
RN,2022,O051,hemorrhage,1,0.4098360655737705
RN,2022,O056,hemorrhage,1,0.4098360655737705
RN,2022,O061,hemorrhage,4,1.639344262295082
RN,2022,O066,hemorrhage,1,0.4098360655737705
RN,2022,O441,hemorrhage,14,5.737704918032787
RN,2022,O450,hemorrhage,5,2.0491803278688523
RN,2022,O458,hemorrhage,14,5.737704918032787
RN,2022,O459,hemorrhage,35,14.344262295081966
RN,2022,O46,hemorrhage,1,0.4098360655737705
RN,2022,O469,hemorrhage,1,0.4098360655737705
RN,2022,O72,hemorrhage,3,1.2295081967213115
RN,2022,O721,hemorrhage,138,56.557377049180324
RN,2022,O722,hemorrhage,6,2.459016393442623
RN,2022,O11,hypertension,12,0.5853658536585366
RN,2022,O140,hypertension,580,28.29268292682927
RN,2022,O141,hypertension,311,15.170731707317072
RN,2022,O149,hypertension,969,47.26829268292683
RN,2022,O15,hypertension,2,0.0975609756097561
RN,2022,O150,hypertension,109,5.317073170731708
RN,2022,O151,hypertension,13,0.6341463414634146
RN,2022,O152,hypertension,30,1.4634146341463414
RN,2022,O159,hypertension,24,1.170731707317073
RN,2023,A41,W,1,0.03129890453834116
RN,2023,A419,W,1,0.03129890453834116
RN,2023,D62,W,1,0.03129890453834116
RN,2023,O030,W,18,0.5633802816901409
RN,2023,O031,W,14,0.4381846635367762
RN,2023,O035,W,4,0.12519561815336464
RN,2023,O040,W,8,0.25039123630672927
RN,2023,O041,W,1,0.03129890453834116
RN,2023,O045,W,3,0.09389671361502347
RN,2023,O050,W,1,0.03129890453834116
RN,2023,O051,W,1,0.03129890453834116
RN,2023,O055,W,1,0.03129890453834116
RN,2023,O060,W,3,0.09389671361502347
RN,2023,O061,W,7,0.2190923317683881
RN,2023,O065,W,3,0.09389671361502347
RN,2023,O066,W,1,0.03129890453834116
RN,2023,O080,W,6,0.18779342723004694
RN,2023,O082,W,2,0.06259780907668232
RN,2023,O11,W,23,0.7198748043818466
RN,2023,O140,W,767,24.00625978090767
RN,2023,O141,W,833,26.071987480438185
RN,2023,O149,W,851,26.635367762128325
RN,2023,O15,W,2,0.06259780907668232
RN,2023,O150,W,85,2.6604068857589986
RN,2023,O151,W,5,0.1564945226917058
RN,2023,O152,W,65,2.0344287949921753
RN,2023,O159,W,21,0.6572769953051644
RN,2023,O411,W,3,0.09389671361502347
RN,2023,O441,W,17,0.5320813771517997
RN,2023,O450,W,9,0.28169014084507044
RN,2023,O458,W,4,0.12519561815336464
RN,2023,O459,W,27,0.8450704225352113
RN,2023,O469,W,3,0.09389671361502347
RN,2023,O670,W,1,0.03129890453834116
RN,2023,O711,W,1,0.03129890453834116
RN,2023,O72,W,5,0.1564945226917058
RN,2023,O720,W,1,0.03129890453834116
RN,2023,O721,W,122,3.8184663536776213
RN,2023,O722,W,16,0.5007824726134585
RN,2023,O85,W,67,2.0970266040688577
RN,2023,O860,W,165,5.164319248826291
RN,2023,O868,W,12,0.3755868544600939
RN,2023,O883,W,1,0.03129890453834116
RN,2023,O900,W,13,0.40688575899843504
RN,2023,D62,hemorrhage,1,0.43478260869565216
RN,2023,O031,hemorrhage,14,6.086956521739131
RN,2023,O041,hemorrhage,1,0.43478260869565216
RN,2023,O051,hemorrhage,1,0.43478260869565216
RN,2023,O061,hemorrhage,7,3.0434782608695654
RN,2023,O066,hemorrhage,1,0.43478260869565216
RN,2023,O441,hemorrhage,17,7.391304347826087
RN,2023,O450,hemorrhage,9,3.9130434782608696
RN,2023,O458,hemorrhage,4,1.7391304347826086
RN,2023,O459,hemorrhage,27,11.73913043478261
RN,2023,O469,hemorrhage,3,1.3043478260869565
RN,2023,O670,hemorrhage,1,0.43478260869565216
RN,2023,O72,hemorrhage,5,2.1739130434782608
RN,2023,O720,hemorrhage,1,0.43478260869565216
RN,2023,O721,hemorrhage,122,53.04347826086956
RN,2023,O722,hemorrhage,16,6.956521739130435
RN,2023,O11,hypertension,23,0.8672699849170438
RN,2023,O140,hypertension,767,28.92156862745098
RN,2023,O141,hypertension,833,31.41025641025641
RN,2023,O149,hypertension,851,32.08898944193062
RN,2023,O15,hypertension,2,0.07541478129713423
RN,2023,O150,hypertension,85,3.2051282051282053
RN,2023,O151,hypertension,5,0.1885369532428356
RN,2023,O152,hypertension,65,2.450980392156863
RN,2023,O159,hypertension,21,0.7918552036199095
RN,2024,A410,W,1,0.030562347188264057
RN,2024,D62,W,1,0.030562347188264057
RN,2024,N709,W,1,0.030562347188264057
RN,2024,N710,W,1,0.030562347188264057
RN,2024,O030,W,15,0.45843520782396086
RN,2024,O031,W,19,0.5806845965770171
RN,2024,O035,W,3,0.09168704156479218
RN,2024,O036,W,6,0.18337408312958436
RN,2024,O040,W,6,0.18337408312958436
RN,2024,O041,W,1,0.030562347188264057
RN,2024,O050,W,3,0.09168704156479218
RN,2024,O051,W,3,0.09168704156479218
RN,2024,O061,W,5,0.1528117359413203
RN,2024,O065,W,1,0.030562347188264057
RN,2024,O066,W,1,0.030562347188264057
RN,2024,O080,W,2,0.061124694376528114
RN,2024,O081,W,1,0.030562347188264057
RN,2024,O082,W,6,0.18337408312958436
RN,2024,O083,W,4,0.12224938875305623
RN,2024,O11,W,10,0.3056234718826406
RN,2024,O140,W,475,14.517114914425427
RN,2024,O141,W,1223,37.377750611246945
RN,2024,O149,W,816,24.938875305623473
RN,2024,O15,W,2,0.061124694376528114
RN,2024,O150,W,52,1.5892420537897312
RN,2024,O151,W,4,0.12224938875305623
RN,2024,O152,W,72,2.2004889975550124
RN,2024,O159,W,6,0.18337408312958436
RN,2024,O411,W,4,0.12224938875305623
RN,2024,O441,W,8,0.24449877750611246
RN,2024,O450,W,8,0.24449877750611246
RN,2024,O458,W,6,0.18337408312958436
RN,2024,O459,W,25,0.7640586797066015
RN,2024,O469,W,2,0.061124694376528114
RN,2024,O670,W,2,0.061124694376528114
RN,2024,O710,W,1,0.030562347188264057
RN,2024,O711,W,3,0.09168704156479218
RN,2024,O72,W,7,0.2139364303178484
RN,2024,O720,W,5,0.1528117359413203
RN,2024,O721,W,145,4.431540342298288
RN,2024,O722,W,10,0.3056234718826406
RN,2024,O85,W,77,2.3533007334963325
RN,2024,O860,W,208,6.356968215158925
RN,2024,O868,W,12,0.36674816625916873
RN,2024,O900,W,9,0.27506112469437655
RN,2024,D62,hemorrhage,1,0.39215686274509803
RN,2024,O031,hemorrhage,19,7.450980392156863
RN,2024,O036,hemorrhage,6,2.3529411764705883
RN,2024,O041,hemorrhage,1,0.39215686274509803
RN,2024,O051,hemorrhage,3,1.1764705882352942
RN,2024,O061,hemorrhage,5,1.9607843137254901
RN,2024,O066,hemorrhage,1,0.39215686274509803
RN,2024,O081,hemorrhage,1,0.39215686274509803
RN,2024,O441,hemorrhage,8,3.1372549019607843
RN,2024,O450,hemorrhage,8,3.1372549019607843
RN,2024,O458,hemorrhage,6,2.3529411764705883
RN,2024,O459,hemorrhage,25,9.803921568627452
RN,2024,O469,hemorrhage,2,0.7843137254901961
RN,2024,O670,hemorrhage,2,0.7843137254901961
RN,2024,O72,hemorrhage,7,2.7450980392156863
RN,2024,O720,hemorrhage,5,1.9607843137254901
RN,2024,O721,hemorrhage,145,56.86274509803921
RN,2024,O722,hemorrhage,10,3.9215686274509802
RN,2024,O11,hypertension,10,0.37593984962406013
RN,2024,O140,hypertension,475,17.857142857142858
RN,2024,O141,hypertension,1223,45.97744360902256
RN,2024,O149,hypertension,816,30.67669172932331
RN,2024,O15,hypertension,2,0.07518796992481203
RN,2024,O150,hypertension,52,1.9548872180451127
RN,2024,O151,hypertension,4,0.15037593984962405
RN,2024,O152,hypertension,72,2.706766917293233
RN,2024,O159,hypertension,6,0.22556390977443608
RN,2025,A419,W,1,0.027995520716685332
RN,2025,O030,W,20,0.5599104143337066
RN,2025,O031,W,32,0.8958566629339306
RN,2025,O035,W,3,0.083986562150056
RN,2025,O036,W,1,0.027995520716685332
RN,2025,O040,W,13,0.3639417693169093
RN,2025,O041,W,5,0.13997760358342665
RN,2025,O045,W,1,0.027995520716685332
RN,2025,O050,W,1,0.027995520716685332
RN,2025,O061,W,1,0.027995520716685332
RN,2025,O065,W,1,0.027995520716685332
RN,2025,O080,W,12,0.335946248600224
RN,2025,O081,W,3,0.083986562150056
RN,2025,O082,W,35,0.9798432250839866
RN,2025,O11,W,52,1.4557670772676372
RN,2025,O140,W,1160,32.474804031354985
RN,2025,O141,W,502,14.053751399776036
RN,2025,O149,W,1005,28.135498320268756
RN,2025,O15,W,3,0.083986562150056
RN,2025,O150,W,102,2.855543113101904
RN,2025,O151,W,6,0.167973124300112
RN,2025,O152,W,57,1.5957446808510638
RN,2025,O159,W,4,0.11198208286674133
RN,2025,O411,W,2,0.055991041433370664
RN,2025,O441,W,8,0.22396416573348266
RN,2025,O450,W,5,0.13997760358342665
RN,2025,O458,W,6,0.167973124300112
RN,2025,O459,W,35,0.9798432250839866
RN,2025,O469,W,6,0.167973124300112
RN,2025,O678,W,1,0.027995520716685332
RN,2025,O710,W,4,0.11198208286674133
RN,2025,O711,W,2,0.055991041433370664
RN,2025,O72,W,11,0.3079507278835386
RN,2025,O720,W,4,0.11198208286674133
RN,2025,O721,W,145,4.059350503919373
RN,2025,O722,W,11,0.3079507278835386
RN,2025,O85,W,84,2.3516237402015676
RN,2025,O86,W,2,0.055991041433370664
RN,2025,O860,W,206,5.767077267637178
RN,2025,O868,W,16,0.4479283314669653
RN,2025,O900,W,4,0.11198208286674133
RN,2025,O031,hemorrhage,32,11.678832116788321
RN,2025,O036,hemorrhage,1,0.36496350364963503
RN,2025,O041,hemorrhage,5,1.8248175182481752
RN,2025,O061,hemorrhage,1,0.36496350364963503
RN,2025,O081,hemorrhage,3,1.094890510948905
RN,2025,O441,hemorrhage,8,2.9197080291970803
RN,2025,O450,hemorrhage,5,1.8248175182481752
RN,2025,O458,hemorrhage,6,2.18978102189781
RN,2025,O459,hemorrhage,35,12.773722627737227
RN,2025,O469,hemorrhage,6,2.18978102189781
RN,2025,O678,hemorrhage,1,0.36496350364963503
RN,2025,O72,hemorrhage,11,4.014598540145985
RN,2025,O720,hemorrhage,4,1.4598540145985401
RN,2025,O721,hemorrhage,145,52.91970802919708
RN,2025,O722,hemorrhage,11,4.014598540145985
RN,2025,O11,hypertension,52,1.7986855759252853
RN,2025,O140,hypertension,1160,40.1245243860256
RN,2025,O141,hypertension,502,17.36423382912487
RN,2025,O149,hypertension,1005,34.763057765479076
RN,2025,O15,hypertension,3,0.10377032168799723
RN,2025,O150,hypertension,102,3.528190937391906
RN,2025,O151,hypertension,6,0.20754064337599445
RN,2025,O152,hypertension,57,1.9716361120719474
RN,2025,O159,hypertension,4,0.13836042891732964
SE,2008,O030,W,24,1.1594202898550725
SE,2008,O031,W,1697,81.98067632850241
SE,2008,O036,W,2,0.0966183574879227
SE,2008,O060,W,1,0.04830917874396135
SE,2008,O080,W,1,0.04830917874396135
SE,2008,O081,W,1,0.04830917874396135
SE,2008,O082,W,1,0.04830917874396135
SE,2008,O140,W,42,2.028985507246377
SE,2008,O141,W,149,7.1980676328502415
SE,2008,O149,W,4,0.1932367149758454
SE,2008,O150,W,5,0.24154589371980675
SE,2008,O151,W,5,0.24154589371980675
SE,2008,O152,W,3,0.14492753623188406
SE,2008,O159,W,2,0.0966183574879227
SE,2008,O441,W,17,0.821256038647343
SE,2008,O450,W,3,0.14492753623188406
SE,2008,O459,W,56,2.7053140096618358
SE,2008,O670,W,1,0.04830917874396135
SE,2008,O711,W,2,0.0966183574879227
SE,2008,O721,W,7,0.33816425120772947
SE,2008,O722,W,1,0.04830917874396135
SE,2008,O85,W,24,1.1594202898550725
SE,2008,O860,W,10,0.4830917874396135
SE,2008,O868,W,4,0.1932367149758454
SE,2008,O900,W,8,0.3864734299516908
SE,2008,O031,hemorrhage,1697,95.07002801120449
SE,2008,O036,hemorrhage,2,0.11204481792717087
SE,2008,O081,hemorrhage,1,0.056022408963585436
SE,2008,O441,hemorrhage,17,0.9523809523809523
SE,2008,O450,hemorrhage,3,0.16806722689075632
SE,2008,O459,hemorrhage,56,3.1372549019607843
SE,2008,O670,hemorrhage,1,0.056022408963585436
SE,2008,O721,hemorrhage,7,0.39215686274509803
SE,2008,O722,hemorrhage,1,0.056022408963585436
SE,2008,O140,hypertension,42,20.0
SE,2008,O141,hypertension,149,70.95238095238095
SE,2008,O149,hypertension,4,1.9047619047619047
SE,2008,O150,hypertension,5,2.380952380952381
SE,2008,O151,hypertension,5,2.380952380952381
SE,2008,O152,hypertension,3,1.4285714285714286
SE,2008,O159,hypertension,2,0.9523809523809523
SE,2009,O030,W,33,1.5054744525547445
SE,2009,O031,W,1731,78.96897810218978
SE,2009,O036,W,7,0.3193430656934307
SE,2009,O050,W,2,0.09124087591240876
SE,2009,O060,W,1,0.04562043795620438
SE,2009,O140,W,64,2.9197080291970803
SE,2009,O141,W,200,9.124087591240876
SE,2009,O149,W,3,0.13686131386861314
SE,2009,O150,W,11,0.5018248175182481
SE,2009,O151,W,5,0.2281021897810219
SE,2009,O152,W,1,0.04562043795620438
SE,2009,O159,W,1,0.04562043795620438
SE,2009,O411,W,2,0.09124087591240876
SE,2009,O441,W,16,0.7299270072992701
SE,2009,O450,W,4,0.18248175182481752
SE,2009,O458,W,1,0.04562043795620438
SE,2009,O459,W,39,1.7791970802919708
SE,2009,O711,W,6,0.2737226277372263
SE,2009,O721,W,5,0.2281021897810219
SE,2009,O722,W,5,0.2281021897810219
SE,2009,O85,W,27,1.2317518248175183
SE,2009,O860,W,13,0.593065693430657
SE,2009,O868,W,9,0.41058394160583944
SE,2009,O900,W,6,0.2737226277372263
SE,2009,O031,hemorrhage,1731,95.74115044247787
SE,2009,O036,hemorrhage,7,0.38716814159292035
SE,2009,O441,hemorrhage,16,0.8849557522123894
SE,2009,O450,hemorrhage,4,0.22123893805309736
SE,2009,O458,hemorrhage,1,0.05530973451327434
SE,2009,O459,hemorrhage,39,2.1570796460176993
SE,2009,O721,hemorrhage,5,0.27654867256637167
SE,2009,O722,hemorrhage,5,0.27654867256637167
SE,2009,O140,hypertension,64,22.45614035087719
SE,2009,O141,hypertension,200,70.17543859649123
SE,2009,O149,hypertension,3,1.0526315789473684
SE,2009,O150,hypertension,11,3.8596491228070176
SE,2009,O151,hypertension,5,1.7543859649122806
SE,2009,O152,hypertension,1,0.3508771929824561
SE,2009,O159,hypertension,1,0.3508771929824561
SE,2010,O030,W,11,0.4743423889607589
SE,2010,O031,W,1869,80.59508408796896
SE,2010,O036,W,1,0.043122035360069
SE,2010,O050,W,2,0.086244070720138
SE,2010,O051,W,1,0.043122035360069
SE,2010,O060,W,1,0.043122035360069
SE,2010,O140,W,81,3.4928848641655885
SE,2010,O141,W,203,8.753773178094006
SE,2010,O149,W,5,0.21561017680034497
SE,2010,O150,W,8,0.344976282880552
SE,2010,O151,W,9,0.38809831824062097
SE,2010,O159,W,1,0.043122035360069
SE,2010,O441,W,14,0.6037084950409659
SE,2010,O450,W,3,0.129366106080207
SE,2010,O459,W,39,1.6817593790426908
SE,2010,O670,W,1,0.043122035360069
SE,2010,O710,W,1,0.043122035360069
SE,2010,O711,W,4,0.172488141440276
SE,2010,O720,W,1,0.043122035360069
SE,2010,O721,W,5,0.21561017680034497
SE,2010,O722,W,2,0.086244070720138
SE,2010,O85,W,17,0.733074601121173
SE,2010,O860,W,22,0.9486847779215178
SE,2010,O868,W,11,0.4743423889607589
SE,2010,O900,W,7,0.30185424752048295
SE,2010,O031,hemorrhage,1869,96.5392561983471
SE,2010,O036,hemorrhage,1,0.05165289256198347
SE,2010,O051,hemorrhage,1,0.05165289256198347
SE,2010,O441,hemorrhage,14,0.7231404958677686
SE,2010,O450,hemorrhage,3,0.15495867768595042
SE,2010,O459,hemorrhage,39,2.0144628099173554
SE,2010,O670,hemorrhage,1,0.05165289256198347
SE,2010,O720,hemorrhage,1,0.05165289256198347
SE,2010,O721,hemorrhage,5,0.25826446280991733
SE,2010,O722,hemorrhage,2,0.10330578512396695
SE,2010,O140,hypertension,81,26.384364820846905
SE,2010,O141,hypertension,203,66.12377850162866
SE,2010,O149,hypertension,5,1.6286644951140066
SE,2010,O150,hypertension,8,2.6058631921824102
SE,2010,O151,hypertension,9,2.9315960912052117
SE,2010,O159,hypertension,1,0.3257328990228013
SE,2011,O030,W,32,1.3050570962479608
SE,2011,O031,W,1736,70.79934747145188
SE,2011,O036,W,1,0.040783034257748776
SE,2011,O050,W,3,0.12234910277324633
SE,2011,O060,W,2,0.08156606851549755
SE,2011,O080,W,1,0.040783034257748776
SE,2011,O081,W,2,0.08156606851549755
SE,2011,O11,W,1,0.040783034257748776
SE,2011,O140,W,175,7.137030995106036
SE,2011,O141,W,308,12.561174551386623
SE,2011,O149,W,5,0.2039151712887439
SE,2011,O150,W,8,0.3262642740619902
SE,2011,O151,W,10,0.4078303425774878
SE,2011,O152,W,2,0.08156606851549755
SE,2011,O159,W,2,0.08156606851549755
SE,2011,O441,W,14,0.5709624796084829
SE,2011,O450,W,2,0.08156606851549755
SE,2011,O458,W,2,0.08156606851549755
SE,2011,O459,W,43,1.7536704730831973
SE,2011,O670,W,2,0.08156606851549755
SE,2011,O711,W,7,0.28548123980424145
SE,2011,O721,W,16,0.6525285481239804
SE,2011,O722,W,5,0.2039151712887439
SE,2011,O85,W,36,1.468189233278956
SE,2011,O860,W,27,1.101141924959217
SE,2011,O868,W,3,0.12234910277324633
SE,2011,O900,W,7,0.28548123980424145
SE,2011,O031,hemorrhage,1736,95.22764673614921
SE,2011,O036,hemorrhage,1,0.05485463521667581
SE,2011,O081,hemorrhage,2,0.10970927043335162
SE,2011,O441,hemorrhage,14,0.7679648930334614
SE,2011,O450,hemorrhage,2,0.10970927043335162
SE,2011,O458,hemorrhage,2,0.10970927043335162
SE,2011,O459,hemorrhage,43,2.35874931431706
SE,2011,O670,hemorrhage,2,0.10970927043335162
SE,2011,O721,hemorrhage,16,0.8776741634668129
SE,2011,O722,hemorrhage,5,0.27427317608337903
SE,2011,O11,hypertension,1,0.19569471624266144
SE,2011,O140,hypertension,175,34.24657534246575
SE,2011,O141,hypertension,308,60.273972602739725
SE,2011,O149,hypertension,5,0.9784735812133072
SE,2011,O150,hypertension,8,1.5655577299412915
SE,2011,O151,hypertension,10,1.9569471624266144
SE,2011,O152,hypertension,2,0.3913894324853229
SE,2011,O159,hypertension,2,0.3913894324853229
SE,2012,O030,W,38,1.6956715751896474
SE,2012,O031,W,1635,72.95850066934405
SE,2012,O035,W,3,0.13386880856760375
SE,2012,O036,W,3,0.13386880856760375
SE,2012,O050,W,4,0.178491744756805
SE,2012,O060,W,4,0.178491744756805
SE,2012,O061,W,1,0.04462293618920125
SE,2012,O065,W,1,0.04462293618920125
SE,2012,O080,W,1,0.04462293618920125
SE,2012,O081,W,1,0.04462293618920125
SE,2012,O11,W,2,0.0892458723784025
SE,2012,O140,W,168,7.49665327978581
SE,2012,O141,W,169,7.541276215975011
SE,2012,O149,W,7,0.31236055332440876
SE,2012,O150,W,19,0.8478357875948237
SE,2012,O151,W,5,0.22311468094600626
SE,2012,O441,W,9,0.40160642570281124
SE,2012,O450,W,6,0.2677376171352075
SE,2012,O458,W,7,0.31236055332440876
SE,2012,O459,W,56,2.49888442659527
SE,2012,O670,W,1,0.04462293618920125
SE,2012,O710,W,2,0.0892458723784025
SE,2012,O711,W,5,0.22311468094600626
SE,2012,O720,W,1,0.04462293618920125
SE,2012,O721,W,4,0.178491744756805
SE,2012,O722,W,7,0.31236055332440876
SE,2012,O85,W,28,1.249442213297635
SE,2012,O860,W,40,1.78491744756805
SE,2012,O868,W,10,0.4462293618920125
SE,2012,O900,W,4,0.178491744756805
SE,2012,O031,hemorrhage,1635,94.45407279029463
SE,2012,O036,hemorrhage,3,0.1733102253032929
SE,2012,O061,hemorrhage,1,0.057770075101097634
SE,2012,O081,hemorrhage,1,0.057770075101097634
SE,2012,O441,hemorrhage,9,0.5199306759098787
SE,2012,O450,hemorrhage,6,0.3466204506065858
SE,2012,O458,hemorrhage,7,0.4043905257076834
SE,2012,O459,hemorrhage,56,3.2351242056614673
SE,2012,O670,hemorrhage,1,0.057770075101097634
SE,2012,O720,hemorrhage,1,0.057770075101097634
SE,2012,O721,hemorrhage,4,0.23108030040439054
SE,2012,O722,hemorrhage,7,0.4043905257076834
SE,2012,O11,hypertension,2,0.5405405405405406
SE,2012,O140,hypertension,168,45.4054054054054
SE,2012,O141,hypertension,169,45.67567567567568
SE,2012,O149,hypertension,7,1.8918918918918919
SE,2012,O150,hypertension,19,5.135135135135135
SE,2012,O151,hypertension,5,1.3513513513513513
SE,2013,O030,W,24,1.2207527975584944
SE,2013,O031,W,1336,67.95523906408953
SE,2013,O035,W,1,0.0508646998982706
SE,2013,O036,W,1,0.0508646998982706
SE,2013,O040,W,1,0.0508646998982706
SE,2013,O050,W,3,0.1525940996948118
SE,2013,O060,W,2,0.1017293997965412
SE,2013,O081,W,1,0.0508646998982706
SE,2013,O11,W,3,0.1525940996948118
SE,2013,O140,W,178,9.053916581892167
SE,2013,O141,W,214,10.885045778229909
SE,2013,O149,W,10,0.508646998982706
SE,2013,O150,W,14,0.7121057985757884
SE,2013,O151,W,17,0.8646998982706002
SE,2013,O159,W,1,0.0508646998982706
SE,2013,O411,W,1,0.0508646998982706
SE,2013,O441,W,7,0.3560528992878942
SE,2013,O450,W,7,0.3560528992878942
SE,2013,O458,W,2,0.1017293997965412
SE,2013,O459,W,44,2.2380467955239065
SE,2013,O670,W,1,0.0508646998982706
SE,2013,O711,W,1,0.0508646998982706
SE,2013,O720,W,1,0.0508646998982706
SE,2013,O721,W,21,1.0681586978636826
SE,2013,O722,W,4,0.2034587995930824
SE,2013,O85,W,21,1.0681586978636826
SE,2013,O860,W,39,1.9837232960325535
SE,2013,O868,W,3,0.1525940996948118
SE,2013,O900,W,8,0.4069175991861648
SE,2013,O031,hemorrhage,1336,93.75438596491227
SE,2013,O036,hemorrhage,1,0.07017543859649122
SE,2013,O081,hemorrhage,1,0.07017543859649122
SE,2013,O441,hemorrhage,7,0.49122807017543857
SE,2013,O450,hemorrhage,7,0.49122807017543857
SE,2013,O458,hemorrhage,2,0.14035087719298245
SE,2013,O459,hemorrhage,44,3.087719298245614
SE,2013,O670,hemorrhage,1,0.07017543859649122
SE,2013,O720,hemorrhage,1,0.07017543859649122
SE,2013,O721,hemorrhage,21,1.4736842105263157
SE,2013,O722,hemorrhage,4,0.2807017543859649
SE,2013,O11,hypertension,3,0.6864988558352403
SE,2013,O140,hypertension,178,40.732265446224254
SE,2013,O141,hypertension,214,48.97025171624714
SE,2013,O149,hypertension,10,2.288329519450801
SE,2013,O150,hypertension,14,3.203661327231121
SE,2013,O151,hypertension,17,3.8901601830663615
SE,2013,O159,hypertension,1,0.2288329519450801
SE,2014,O030,W,11,0.6107717934480844
SE,2014,O031,W,1196,66.40755136035536
SE,2014,O036,W,4,0.2220988339811216
SE,2014,O050,W,3,0.1665741254858412
SE,2014,O060,W,8,0.4441976679622432
SE,2014,O061,W,2,0.1110494169905608
SE,2014,O081,W,1,0.0555247084952804
SE,2014,O083,W,1,0.0555247084952804
SE,2014,O140,W,136,7.551360355358135
SE,2014,O141,W,227,12.60410882842865
SE,2014,O149,W,10,0.555247084952804
SE,2014,O150,W,18,0.9994447529150472
SE,2014,O151,W,6,0.3331482509716824
SE,2014,O441,W,14,0.7773459189339256
SE,2014,O450,W,1,0.0555247084952804
SE,2014,O459,W,44,2.4430871737923376
SE,2014,O711,W,1,0.0555247084952804
SE,2014,O720,W,7,0.3886729594669628
SE,2014,O721,W,7,0.3886729594669628
SE,2014,O722,W,4,0.2220988339811216
SE,2014,O85,W,42,2.332037756801777
SE,2014,O860,W,36,1.9988895058300944
SE,2014,O868,W,12,0.6662965019433648
SE,2014,O900,W,10,0.555247084952804
SE,2014,O031,hemorrhage,1196,93.4375
SE,2014,O036,hemorrhage,4,0.3125
SE,2014,O061,hemorrhage,2,0.15625
SE,2014,O081,hemorrhage,1,0.078125
SE,2014,O441,hemorrhage,14,1.09375
SE,2014,O450,hemorrhage,1,0.078125
SE,2014,O459,hemorrhage,44,3.4375
SE,2014,O720,hemorrhage,7,0.546875
SE,2014,O721,hemorrhage,7,0.546875
SE,2014,O722,hemorrhage,4,0.3125
SE,2014,O140,hypertension,136,34.25692695214106
SE,2014,O141,hypertension,227,57.178841309823675
SE,2014,O149,hypertension,10,2.5188916876574305
SE,2014,O150,hypertension,18,4.534005037783375
SE,2014,O151,hypertension,6,1.5113350125944585
SE,2015,O030,W,26,1.3851891315929674
SE,2015,O031,W,892,47.52264251465104
SE,2015,O035,W,2,0.10655301012253596
SE,2015,O036,W,3,0.15982951518380395
SE,2015,O041,W,2,0.10655301012253596
SE,2015,O050,W,2,0.10655301012253596
SE,2015,O060,W,8,0.42621204049014383
SE,2015,O061,W,3,0.15982951518380395
SE,2015,O071,W,1,0.05327650506126798
SE,2015,O080,W,1,0.05327650506126798
SE,2015,O081,W,1,0.05327650506126798
SE,2015,O140,W,185,9.856153436334576
SE,2015,O141,W,536,28.55620671283964
SE,2015,O149,W,5,0.2663825253063399
SE,2015,O150,W,12,0.6393180607352158
SE,2015,O151,W,4,0.21310602024507191
SE,2015,O152,W,1,0.05327650506126798
SE,2015,O411,W,1,0.05327650506126798
SE,2015,O441,W,18,0.9589770911028237
SE,2015,O450,W,5,0.2663825253063399
SE,2015,O458,W,5,0.2663825253063399
SE,2015,O459,W,56,2.983484283431007
SE,2015,O711,W,2,0.10655301012253596
SE,2015,O720,W,2,0.10655301012253596
SE,2015,O721,W,11,0.5860415556739478
SE,2015,O722,W,6,0.3196590303676079
SE,2015,O85,W,37,1.9712306872669152
SE,2015,O860,W,40,2.131060202450719
SE,2015,O868,W,4,0.21310602024507191
SE,2015,O900,W,6,0.3196590303676079
SE,2015,O031,hemorrhage,892,88.75621890547264
SE,2015,O036,hemorrhage,3,0.29850746268656714
SE,2015,O041,hemorrhage,2,0.19900497512437812
SE,2015,O061,hemorrhage,3,0.29850746268656714
SE,2015,O071,hemorrhage,1,0.09950248756218906
SE,2015,O081,hemorrhage,1,0.09950248756218906
SE,2015,O441,hemorrhage,18,1.791044776119403
SE,2015,O450,hemorrhage,5,0.4975124378109453
SE,2015,O458,hemorrhage,5,0.4975124378109453
SE,2015,O459,hemorrhage,56,5.5721393034825875
SE,2015,O720,hemorrhage,2,0.19900497512437812
SE,2015,O721,hemorrhage,11,1.0945273631840795
SE,2015,O722,hemorrhage,6,0.5970149253731343
SE,2015,O140,hypertension,185,24.89905787348587
SE,2015,O141,hypertension,536,72.1399730820996
SE,2015,O149,hypertension,5,0.6729475100942126
SE,2015,O150,hypertension,12,1.6150740242261103
SE,2015,O151,hypertension,4,0.5383580080753702
SE,2015,O152,hypertension,1,0.13458950201884254
SE,2016,O030,W,54,3.2066508313539193
SE,2016,O031,W,617,36.63895486935867
SE,2016,O035,W,4,0.2375296912114014
SE,2016,O036,W,3,0.17814726840855108
SE,2016,O040,W,1,0.05938242280285035
SE,2016,O041,W,2,0.1187648456057007
SE,2016,O050,W,3,0.17814726840855108
SE,2016,O051,W,3,0.17814726840855108
SE,2016,O060,W,31,1.840855106888361
SE,2016,O061,W,2,0.1187648456057007
SE,2016,O080,W,2,0.1187648456057007
SE,2016,O082,W,2,0.1187648456057007
SE,2016,O140,W,274,16.270783847980997
SE,2016,O141,W,363,21.555819477434678
SE,2016,O149,W,35,2.0783847980997625
SE,2016,O150,W,8,0.4750593824228028
SE,2016,O151,W,5,0.29691211401425177
SE,2016,O152,W,2,0.1187648456057007
SE,2016,O159,W,1,0.05938242280285035
SE,2016,O411,W,3,0.17814726840855108
SE,2016,O441,W,18,1.0688836104513064
SE,2016,O450,W,2,0.1187648456057007
SE,2016,O459,W,40,2.375296912114014
SE,2016,O460,W,1,0.05938242280285035
SE,2016,O469,W,1,0.05938242280285035
SE,2016,O720,W,5,0.29691211401425177
SE,2016,O721,W,15,0.8907363420427553
SE,2016,O722,W,5,0.29691211401425177
SE,2016,O85,W,67,3.978622327790974
SE,2016,O860,W,75,4.453681710213777
SE,2016,O868,W,8,0.4750593824228028
SE,2016,O900,W,32,1.9002375296912113
SE,2016,O031,hemorrhage,617,86.41456582633053
SE,2016,O036,hemorrhage,3,0.42016806722689076
SE,2016,O041,hemorrhage,2,0.2801120448179272
SE,2016,O051,hemorrhage,3,0.42016806722689076
SE,2016,O061,hemorrhage,2,0.2801120448179272
SE,2016,O441,hemorrhage,18,2.5210084033613445
SE,2016,O450,hemorrhage,2,0.2801120448179272
SE,2016,O459,hemorrhage,40,5.602240896358543
SE,2016,O460,hemorrhage,1,0.1400560224089636
SE,2016,O469,hemorrhage,1,0.1400560224089636
SE,2016,O720,hemorrhage,5,0.7002801120448179
SE,2016,O721,hemorrhage,15,2.100840336134454
SE,2016,O722,hemorrhage,5,0.7002801120448179
SE,2016,O140,hypertension,274,39.825581395348834
SE,2016,O141,hypertension,363,52.76162790697674
SE,2016,O149,hypertension,35,5.087209302325581
SE,2016,O150,hypertension,8,1.1627906976744187
SE,2016,O151,hypertension,5,0.7267441860465116
SE,2016,O152,hypertension,2,0.29069767441860467
SE,2016,O159,hypertension,1,0.14534883720930233
SE,2017,O030,W,8,0.44918585064570465
SE,2017,O031,W,555,31.162268388545762
SE,2017,O041,W,1,0.05614823133071308
SE,2017,O050,W,3,0.16844469399213924
SE,2017,O051,W,1,0.05614823133071308
SE,2017,O060,W,3,0.16844469399213924
SE,2017,O061,W,13,0.7299270072992701
SE,2017,O065,W,1,0.05614823133071308
SE,2017,O066,W,1,0.05614823133071308
SE,2017,O080,W,1,0.05614823133071308
SE,2017,O081,W,2,0.11229646266142616
SE,2017,O082,W,6,0.3368893879842785
SE,2017,O11,W,36,2.021336327905671
SE,2017,O140,W,246,13.812464907355418
SE,2017,O141,W,392,22.010106681639527
SE,2017,O149,W,163,9.152161706906233
SE,2017,O150,W,14,0.7860752386299832
SE,2017,O151,W,4,0.22459292532285233
SE,2017,O441,W,22,1.235261089275688
SE,2017,O450,W,11,0.617630544637844
SE,2017,O458,W,4,0.22459292532285233
SE,2017,O459,W,75,4.211117349803481
SE,2017,O469,W,2,0.11229646266142616
SE,2017,O720,W,1,0.05614823133071308
SE,2017,O721,W,22,1.235261089275688
SE,2017,O722,W,3,0.16844469399213924
SE,2017,O85,W,25,1.403705783267827
SE,2017,O860,W,151,8.478382930937675
SE,2017,O868,W,5,0.2807411566535654
SE,2017,O900,W,10,0.5614823133071308
SE,2017,O031,hemorrhage,555,77.84011220196354
SE,2017,O041,hemorrhage,1,0.1402524544179523
SE,2017,O051,hemorrhage,1,0.1402524544179523
SE,2017,O061,hemorrhage,13,1.8232819074333801
SE,2017,O066,hemorrhage,1,0.1402524544179523
SE,2017,O081,hemorrhage,2,0.2805049088359046
SE,2017,O441,hemorrhage,22,3.085553997194951
SE,2017,O450,hemorrhage,11,1.5427769985974755
SE,2017,O458,hemorrhage,4,0.5610098176718092
SE,2017,O459,hemorrhage,75,10.518934081346423
SE,2017,O469,hemorrhage,2,0.2805049088359046
SE,2017,O720,hemorrhage,1,0.1402524544179523
SE,2017,O721,hemorrhage,22,3.085553997194951
SE,2017,O722,hemorrhage,3,0.42075736325385693
SE,2017,O11,hypertension,36,4.2105263157894735
SE,2017,O140,hypertension,246,28.771929824561404
SE,2017,O141,hypertension,392,45.84795321637427
SE,2017,O149,hypertension,163,19.064327485380115
SE,2017,O150,hypertension,14,1.6374269005847952
SE,2017,O151,hypertension,4,0.4678362573099415
SE,2018,O030,W,8,0.41109969167523125
SE,2018,O031,W,543,27.90339157245632
SE,2018,O035,W,1,0.051387461459403906
SE,2018,O041,W,2,0.10277492291880781
SE,2018,O050,W,6,0.30832476875642345
SE,2018,O060,W,5,0.2569373072970195
SE,2018,O061,W,12,0.6166495375128469
SE,2018,O065,W,2,0.10277492291880781
SE,2018,O080,W,4,0.20554984583761562
SE,2018,O081,W,2,0.10277492291880781
SE,2018,O082,W,8,0.41109969167523125
SE,2018,O11,W,45,2.3124357656731758
SE,2018,O140,W,266,13.66906474820144
SE,2018,O141,W,295,15.159301130524153
SE,2018,O149,W,355,18.242548818088387
SE,2018,O150,W,20,1.027749229188078
SE,2018,O151,W,6,0.30832476875642345
SE,2018,O152,W,1,0.051387461459403906
SE,2018,O159,W,5,0.2569373072970195
SE,2018,O441,W,21,1.079136690647482
SE,2018,O450,W,9,0.4624871531346352
SE,2018,O458,W,4,0.20554984583761562
SE,2018,O459,W,97,4.984583761562178
SE,2018,O469,W,1,0.051387461459403906
SE,2018,O694,W,3,0.15416238437821173
SE,2018,O711,W,2,0.10277492291880781
SE,2018,O720,W,1,0.051387461459403906
SE,2018,O721,W,10,0.513874614594039
SE,2018,O722,W,3,0.15416238437821173
SE,2018,O85,W,32,1.644398766700925
SE,2018,O860,W,160,8.221993833504625
SE,2018,O868,W,6,0.30832476875642345
SE,2018,O883,W,2,0.10277492291880781
SE,2018,O900,W,9,0.4624871531346352
SE,2018,O031,hemorrhage,543,76.69491525423729
SE,2018,O041,hemorrhage,2,0.2824858757062147
SE,2018,O061,hemorrhage,12,1.694915254237288
SE,2018,O081,hemorrhage,2,0.2824858757062147
SE,2018,O441,hemorrhage,21,2.9661016949152543
SE,2018,O450,hemorrhage,9,1.271186440677966
SE,2018,O458,hemorrhage,4,0.5649717514124294
SE,2018,O459,hemorrhage,97,13.700564971751412
SE,2018,O469,hemorrhage,1,0.14124293785310735
SE,2018,O694,hemorrhage,3,0.423728813559322
SE,2018,O720,hemorrhage,1,0.14124293785310735
SE,2018,O721,hemorrhage,10,1.4124293785310735
SE,2018,O722,hemorrhage,3,0.423728813559322
SE,2018,O11,hypertension,45,4.531722054380665
SE,2018,O140,hypertension,266,26.78751258811682
SE,2018,O141,hypertension,295,29.7079556898288
SE,2018,O149,hypertension,355,35.750251762336354
SE,2018,O150,hypertension,20,2.014098690835851
SE,2018,O151,hypertension,6,0.6042296072507553
SE,2018,O152,hypertension,1,0.10070493454179255
SE,2018,O159,hypertension,5,0.5035246727089627
SE,2019,O030,W,15,0.8103727714748784
SE,2019,O031,W,633,34.19773095623987
SE,2019,O050,W,9,0.4862236628849271
SE,2019,O051,W,1,0.05402485143165856
SE,2019,O060,W,3,0.1620745542949757
SE,2019,O061,W,12,0.6482982171799028
SE,2019,O065,W,1,0.05402485143165856
SE,2019,O080,W,1,0.05402485143165856
SE,2019,O082,W,8,0.4321988114532685
SE,2019,O11,W,57,3.079416531604538
SE,2019,O140,W,99,5.348460291734198
SE,2019,O141,W,329,17.774176121015667
SE,2019,O149,W,191,10.318746623446785
SE,2019,O15,W,6,0.3241491085899514
SE,2019,O150,W,16,0.864397622906537
SE,2019,O151,W,4,0.21609940572663425
SE,2019,O152,W,1,0.05402485143165856
SE,2019,O159,W,5,0.2701242571582928
SE,2019,O411,W,1,0.05402485143165856
SE,2019,O441,W,18,0.9724473257698542
SE,2019,O450,W,11,0.5942733657482442
SE,2019,O458,W,10,0.5402485143165856
SE,2019,O459,W,84,4.538087520259319
SE,2019,O469,W,3,0.1620745542949757
SE,2019,O711,W,2,0.10804970286331712
SE,2019,O720,W,3,0.1620745542949757
SE,2019,O721,W,26,1.4046461372231227
SE,2019,O722,W,6,0.3241491085899514
SE,2019,O85,W,37,1.998919502971367
SE,2019,O860,W,223,12.04754186925986
SE,2019,O868,W,18,0.9724473257698542
SE,2019,O900,W,18,0.9724473257698542
SE,2019,O031,hemorrhage,633,78.43866171003718
SE,2019,O051,hemorrhage,1,0.12391573729863693
SE,2019,O061,hemorrhage,12,1.486988847583643
SE,2019,O441,hemorrhage,18,2.2304832713754648
SE,2019,O450,hemorrhage,11,1.3630731102850062
SE,2019,O458,hemorrhage,10,1.2391573729863692
SE,2019,O459,hemorrhage,84,10.408921933085502
SE,2019,O469,hemorrhage,3,0.37174721189591076
SE,2019,O720,hemorrhage,3,0.37174721189591076
SE,2019,O721,hemorrhage,26,3.22180916976456
SE,2019,O722,hemorrhage,6,0.7434944237918215
SE,2019,O11,hypertension,57,8.05084745762712
SE,2019,O140,hypertension,99,13.983050847457626
SE,2019,O141,hypertension,329,46.46892655367232
SE,2019,O149,hypertension,191,26.9774011299435
SE,2019,O15,hypertension,6,0.847457627118644
SE,2019,O150,hypertension,16,2.2598870056497176
SE,2019,O151,hypertension,4,0.5649717514124294
SE,2019,O152,hypertension,1,0.14124293785310735
SE,2019,O159,hypertension,5,0.7062146892655368
SE,2020,O030,W,8,0.4230565838180857
SE,2020,O031,W,597,31.57059756742464
SE,2020,O035,W,3,0.15864621893178213
SE,2020,O040,W,1,0.05288207297726071
SE,2020,O050,W,9,0.47593865679534636
SE,2020,O051,W,2,0.10576414595452142
SE,2020,O060,W,5,0.26441036488630354
SE,2020,O061,W,12,0.6345848757271285
SE,2020,O065,W,1,0.05288207297726071
SE,2020,O066,W,1,0.05288207297726071
SE,2020,O080,W,30,1.5864621893178212
SE,2020,O081,W,2,0.10576414595452142
SE,2020,O11,W,99,5.23532522474881
SE,2020,O140,W,63,3.3315705975674246
SE,2020,O141,W,488,25.806451612903224
SE,2020,O149,W,61,3.225806451612903
SE,2020,O15,W,9,0.47593865679534636
SE,2020,O150,W,21,1.110523532522475
SE,2020,O151,W,3,0.15864621893178213
SE,2020,O152,W,2,0.10576414595452142
SE,2020,O159,W,1,0.05288207297726071
SE,2020,O411,W,2,0.10576414595452142
SE,2020,O441,W,26,1.3749338974087784
SE,2020,O450,W,8,0.4230565838180857
SE,2020,O458,W,27,1.4278159703860391
SE,2020,O459,W,92,4.865150713907985
SE,2020,O711,W,9,0.47593865679534636
SE,2020,O72,W,3,0.15864621893178213
SE,2020,O720,W,5,0.26441036488630354
SE,2020,O721,W,9,0.47593865679534636
SE,2020,O722,W,8,0.4230565838180857
SE,2020,O85,W,85,4.49497620306716
SE,2020,O86,W,3,0.15864621893178213
SE,2020,O860,W,166,8.778424114225277
SE,2020,O868,W,9,0.47593865679534636
SE,2020,O900,W,21,1.110523532522475
SE,2020,O031,hemorrhage,597,75.37878787878788
SE,2020,O051,hemorrhage,2,0.25252525252525254
SE,2020,O061,hemorrhage,12,1.5151515151515151
SE,2020,O066,hemorrhage,1,0.12626262626262627
SE,2020,O081,hemorrhage,2,0.25252525252525254
SE,2020,O441,hemorrhage,26,3.282828282828283
SE,2020,O450,hemorrhage,8,1.0101010101010102
SE,2020,O458,hemorrhage,27,3.409090909090909
SE,2020,O459,hemorrhage,92,11.616161616161616
SE,2020,O72,hemorrhage,3,0.3787878787878788
SE,2020,O720,hemorrhage,5,0.6313131313131313
SE,2020,O721,hemorrhage,9,1.1363636363636365
SE,2020,O722,hemorrhage,8,1.0101010101010102
SE,2020,O11,hypertension,99,13.25301204819277
SE,2020,O140,hypertension,63,8.433734939759036
SE,2020,O141,hypertension,488,65.32797858099063
SE,2020,O149,hypertension,61,8.165997322623829
SE,2020,O15,hypertension,9,1.2048192771084338
SE,2020,O150,hypertension,21,2.8112449799196786
SE,2020,O151,hypertension,3,0.40160642570281124
SE,2020,O152,hypertension,2,0.2677376171352075
SE,2020,O159,hypertension,1,0.13386880856760375
SE,2021,O030,W,13,0.8227848101265823
SE,2021,O031,W,525,33.22784810126582
SE,2021,O035,W,1,0.06329113924050633
SE,2021,O036,W,1,0.06329113924050633
SE,2021,O050,W,12,0.759493670886076
SE,2021,O051,W,1,0.06329113924050633
SE,2021,O060,W,4,0.25316455696202533
SE,2021,O061,W,15,0.9493670886075949
SE,2021,O065,W,1,0.06329113924050633
SE,2021,O080,W,57,3.607594936708861
SE,2021,O11,W,88,5.569620253164557
SE,2021,O140,W,51,3.2278481012658227
SE,2021,O141,W,373,23.60759493670886
SE,2021,O149,W,38,2.4050632911392404
SE,2021,O15,W,14,0.8860759493670886
SE,2021,O150,W,11,0.6962025316455697
SE,2021,O151,W,6,0.379746835443038
SE,2021,O159,W,5,0.31645569620253167
SE,2021,O441,W,19,1.2025316455696202
SE,2021,O450,W,4,0.25316455696202533
SE,2021,O458,W,14,0.8860759493670886
SE,2021,O459,W,110,6.962025316455696
SE,2021,O46,W,1,0.06329113924050633
SE,2021,O469,W,4,0.25316455696202533
SE,2021,O670,W,1,0.06329113924050633
SE,2021,O710,W,1,0.06329113924050633
SE,2021,O711,W,2,0.12658227848101267
SE,2021,O72,W,2,0.12658227848101267
SE,2021,O720,W,1,0.06329113924050633
SE,2021,O721,W,10,0.6329113924050633
SE,2021,O722,W,6,0.379746835443038
SE,2021,O85,W,45,2.848101265822785
SE,2021,O86,W,7,0.4430379746835443
SE,2021,O860,W,123,7.784810126582278
SE,2021,O868,W,2,0.12658227848101267
SE,2021,O883,W,1,0.06329113924050633
SE,2021,O900,W,11,0.6962025316455697
SE,2021,O031,hemorrhage,525,73.52941176470588
SE,2021,O036,hemorrhage,1,0.1400560224089636
SE,2021,O051,hemorrhage,1,0.1400560224089636
SE,2021,O061,hemorrhage,15,2.100840336134454
SE,2021,O441,hemorrhage,19,2.661064425770308
SE,2021,O450,hemorrhage,4,0.5602240896358543
SE,2021,O458,hemorrhage,14,1.9607843137254901
SE,2021,O459,hemorrhage,110,15.406162464985995
SE,2021,O46,hemorrhage,1,0.1400560224089636
SE,2021,O469,hemorrhage,4,0.5602240896358543
SE,2021,O670,hemorrhage,1,0.1400560224089636
SE,2021,O72,hemorrhage,2,0.2801120448179272
SE,2021,O720,hemorrhage,1,0.1400560224089636
SE,2021,O721,hemorrhage,10,1.4005602240896358
SE,2021,O722,hemorrhage,6,0.8403361344537815
SE,2021,O11,hypertension,88,15.017064846416382
SE,2021,O140,hypertension,51,8.703071672354948
SE,2021,O141,hypertension,373,63.6518771331058
SE,2021,O149,hypertension,38,6.484641638225256
SE,2021,O15,hypertension,14,2.3890784982935154
SE,2021,O150,hypertension,11,1.8771331058020477
SE,2021,O151,hypertension,6,1.023890784982935
SE,2021,O159,hypertension,5,0.8532423208191127
SE,2022,O030,W,34,2.0987654320987654
SE,2022,O031,W,254,15.679012345679013
SE,2022,O036,W,1,0.06172839506172839
SE,2022,O040,W,1,0.06172839506172839
SE,2022,O041,W,1,0.06172839506172839
SE,2022,O050,W,10,0.6172839506172839
SE,2022,O051,W,3,0.18518518518518517
SE,2022,O055,W,1,0.06172839506172839
SE,2022,O056,W,1,0.06172839506172839
SE,2022,O060,W,49,3.0246913580246915
SE,2022,O061,W,46,2.8395061728395063
SE,2022,O065,W,2,0.12345679012345678
SE,2022,O066,W,1,0.06172839506172839
SE,2022,O080,W,3,0.18518518518518517
SE,2022,O081,W,2,0.12345679012345678
SE,2022,O11,W,136,8.395061728395062
SE,2022,O140,W,35,2.1604938271604937
SE,2022,O141,W,516,31.85185185185185
SE,2022,O149,W,60,3.7037037037037037
SE,2022,O15,W,4,0.24691358024691357
SE,2022,O150,W,29,1.7901234567901234
SE,2022,O151,W,7,0.43209876543209874
SE,2022,O152,W,1,0.06172839506172839
SE,2022,O159,W,8,0.49382716049382713
SE,2022,O411,W,1,0.06172839506172839
SE,2022,O441,W,23,1.4197530864197532
SE,2022,O450,W,6,0.37037037037037035
SE,2022,O458,W,19,1.1728395061728396
SE,2022,O459,W,120,7.407407407407407
SE,2022,O46,W,1,0.06172839506172839
SE,2022,O469,W,2,0.12345679012345678
SE,2022,O670,W,1,0.06172839506172839
SE,2022,O694,W,3,0.18518518518518517
SE,2022,O710,W,3,0.18518518518518517
SE,2022,O711,W,3,0.18518518518518517
SE,2022,O72,W,4,0.24691358024691357
SE,2022,O720,W,5,0.30864197530864196
SE,2022,O721,W,22,1.3580246913580247
SE,2022,O722,W,16,0.9876543209876543
SE,2022,O85,W,58,3.580246913580247
SE,2022,O86,W,1,0.06172839506172839
SE,2022,O860,W,101,6.234567901234568
SE,2022,O868,W,14,0.8641975308641975
SE,2022,O900,W,12,0.7407407407407407
SE,2022,O031,hemorrhage,254,47.83427495291902
SE,2022,O036,hemorrhage,1,0.18832391713747645
SE,2022,O041,hemorrhage,1,0.18832391713747645
SE,2022,O051,hemorrhage,3,0.5649717514124294
SE,2022,O056,hemorrhage,1,0.18832391713747645
SE,2022,O061,hemorrhage,46,8.662900188323917
SE,2022,O066,hemorrhage,1,0.18832391713747645
SE,2022,O081,hemorrhage,2,0.3766478342749529
SE,2022,O441,hemorrhage,23,4.3314500941619585
SE,2022,O450,hemorrhage,6,1.1299435028248588
SE,2022,O458,hemorrhage,19,3.5781544256120528
SE,2022,O459,hemorrhage,120,22.598870056497177
SE,2022,O46,hemorrhage,1,0.18832391713747645
SE,2022,O469,hemorrhage,2,0.3766478342749529
SE,2022,O670,hemorrhage,1,0.18832391713747645
SE,2022,O694,hemorrhage,3,0.5649717514124294
SE,2022,O72,hemorrhage,4,0.7532956685499058
SE,2022,O720,hemorrhage,5,0.9416195856873822
SE,2022,O721,hemorrhage,22,4.143126177024482
SE,2022,O722,hemorrhage,16,3.0131826741996233
SE,2022,O11,hypertension,136,17.08542713567839
SE,2022,O140,hypertension,35,4.396984924623116
SE,2022,O141,hypertension,516,64.82412060301507
SE,2022,O149,hypertension,60,7.5376884422110555
SE,2022,O15,hypertension,4,0.5025125628140703
SE,2022,O150,hypertension,29,3.64321608040201
SE,2022,O151,hypertension,7,0.8793969849246231
SE,2022,O152,hypertension,1,0.12562814070351758
SE,2022,O159,hypertension,8,1.0050251256281406
SE,2023,D62,W,1,0.07347538574577517
SE,2023,O030,W,18,1.322556943423953
SE,2023,O031,W,93,6.83321087435709
SE,2023,O035,W,5,0.36737692872887584
SE,2023,O036,W,1,0.07347538574577517
SE,2023,O041,W,3,0.2204261572373255
SE,2023,O045,W,1,0.07347538574577517
SE,2023,O050,W,4,0.29390154298310067
SE,2023,O051,W,1,0.07347538574577517
SE,2023,O060,W,29,2.1307861866274798
SE,2023,O061,W,15,1.1021307861866274
SE,2023,O065,W,1,0.07347538574577517
SE,2023,O066,W,2,0.14695077149155034
SE,2023,O080,W,5,0.36737692872887584
SE,2023,O082,W,2,0.14695077149155034
SE,2023,O11,W,126,9.257898603967671
SE,2023,O140,W,52,3.8207200587803087
SE,2023,O141,W,490,36.00293901542983
SE,2023,O149,W,44,3.2329169728141074
SE,2023,O15,W,1,0.07347538574577517
SE,2023,O150,W,22,1.6164584864070537
SE,2023,O152,W,1,0.07347538574577517
SE,2023,O159,W,4,0.29390154298310067
SE,2023,O411,W,2,0.14695077149155034
SE,2023,O441,W,14,1.0286554004408524
SE,2023,O450,W,3,0.2204261572373255
SE,2023,O458,W,14,1.0286554004408524
SE,2023,O459,W,121,8.890521675238794
SE,2023,O679,W,1,0.07347538574577517
SE,2023,O710,W,7,0.5143277002204262
SE,2023,O711,W,4,0.29390154298310067
SE,2023,O72,W,2,0.14695077149155034
SE,2023,O720,W,1,0.07347538574577517
SE,2023,O721,W,10,0.7347538574577517
SE,2023,O722,W,18,1.322556943423953
SE,2023,O85,W,65,4.775900073475386
SE,2023,O860,W,151,11.09478324761205
SE,2023,O868,W,7,0.5143277002204262
SE,2023,O900,W,20,1.4695077149155034
SE,2023,D62,hemorrhage,1,0.3333333333333333
SE,2023,O031,hemorrhage,93,31.0
SE,2023,O036,hemorrhage,1,0.3333333333333333
SE,2023,O041,hemorrhage,3,1.0
SE,2023,O051,hemorrhage,1,0.3333333333333333
SE,2023,O061,hemorrhage,15,5.0
SE,2023,O066,hemorrhage,2,0.6666666666666666
SE,2023,O441,hemorrhage,14,4.666666666666667
SE,2023,O450,hemorrhage,3,1.0
SE,2023,O458,hemorrhage,14,4.666666666666667
SE,2023,O459,hemorrhage,121,40.333333333333336
SE,2023,O679,hemorrhage,1,0.3333333333333333
SE,2023,O72,hemorrhage,2,0.6666666666666666
SE,2023,O720,hemorrhage,1,0.3333333333333333
SE,2023,O721,hemorrhage,10,3.3333333333333335
SE,2023,O722,hemorrhage,18,6.0
SE,2023,O11,hypertension,126,17.027027027027028
SE,2023,O140,hypertension,52,7.027027027027027
SE,2023,O141,hypertension,490,66.21621621621621
SE,2023,O149,hypertension,44,5.945945945945946
SE,2023,O15,hypertension,1,0.13513513513513514
SE,2023,O150,hypertension,22,2.972972972972973
SE,2023,O152,hypertension,1,0.13513513513513514
SE,2023,O159,hypertension,4,0.5405405405405406
SE,2024,O030,W,26,2.179379715004191
SE,2024,O031,W,75,6.286672254819782
SE,2024,O035,W,2,0.16764459346186086
SE,2024,O036,W,6,0.5029337803855826
SE,2024,O040,W,2,0.16764459346186086
SE,2024,O050,W,5,0.4191114836546521
SE,2024,O055,W,2,0.16764459346186086
SE,2024,O060,W,47,3.93964794635373
SE,2024,O061,W,76,6.3704945515507125
SE,2024,O065,W,3,0.2514668901927913
SE,2024,O080,W,1,0.08382229673093043
SE,2024,O081,W,3,0.2514668901927913
SE,2024,O11,W,62,5.1969823973176865
SE,2024,O140,W,43,3.604358759430008
SE,2024,O141,W,368,30.8466051969824
SE,2024,O149,W,29,2.4308466051969826
SE,2024,O15,W,3,0.2514668901927913
SE,2024,O150,W,15,1.2573344509639564
SE,2024,O151,W,1,0.08382229673093043
SE,2024,O159,W,13,1.0896898575020955
SE,2024,O411,W,1,0.08382229673093043
SE,2024,O441,W,12,1.0058675607711651
SE,2024,O450,W,8,0.6705783738474435
SE,2024,O458,W,18,1.5088013411567478
SE,2024,O459,W,86,7.208717518860016
SE,2024,O460,W,1,0.08382229673093043
SE,2024,O670,W,1,0.08382229673093043
SE,2024,O678,W,5,0.4191114836546521
SE,2024,O679,W,4,0.3352891869237217
SE,2024,O72,W,1,0.08382229673093043
SE,2024,O720,W,4,0.3352891869237217
SE,2024,O721,W,22,1.8440905280804694
SE,2024,O722,W,16,1.341156747694887
SE,2024,O85,W,65,5.448449287510478
SE,2024,O86,W,1,0.08382229673093043
SE,2024,O860,W,145,12.154233025984912
SE,2024,O868,W,13,1.0896898575020955
SE,2024,O900,W,8,0.6705783738474435
SE,2024,O031,hemorrhage,75,22.189349112426036
SE,2024,O036,hemorrhage,6,1.7751479289940828
SE,2024,O061,hemorrhage,76,22.485207100591715
SE,2024,O081,hemorrhage,3,0.8875739644970414
SE,2024,O441,hemorrhage,12,3.5502958579881656
SE,2024,O450,hemorrhage,8,2.366863905325444
SE,2024,O458,hemorrhage,18,5.325443786982248
SE,2024,O459,hemorrhage,86,25.443786982248522
SE,2024,O460,hemorrhage,1,0.2958579881656805
SE,2024,O670,hemorrhage,1,0.2958579881656805
SE,2024,O678,hemorrhage,5,1.4792899408284024
SE,2024,O679,hemorrhage,4,1.183431952662722
SE,2024,O72,hemorrhage,1,0.2958579881656805
SE,2024,O720,hemorrhage,4,1.183431952662722
SE,2024,O721,hemorrhage,22,6.508875739644971
SE,2024,O722,hemorrhage,16,4.733727810650888
SE,2024,O11,hypertension,62,11.610486891385769
SE,2024,O140,hypertension,43,8.05243445692884
SE,2024,O141,hypertension,368,68.91385767790263
SE,2024,O149,hypertension,29,5.430711610486892
SE,2024,O15,hypertension,3,0.5617977528089888
SE,2024,O150,hypertension,15,2.808988764044944
SE,2024,O151,hypertension,1,0.18726591760299627
SE,2024,O159,hypertension,13,2.4344569288389515
SE,2025,O030,W,19,1.6129032258064515
SE,2025,O031,W,59,5.00848896434635
SE,2025,O035,W,3,0.2546689303904924
SE,2025,O036,W,3,0.2546689303904924
SE,2025,O040,W,1,0.08488964346349745
SE,2025,O051,W,1,0.08488964346349745
SE,2025,O060,W,7,0.5942275042444821
SE,2025,O061,W,62,5.2631578947368425
SE,2025,O065,W,1,0.08488964346349745
SE,2025,O080,W,2,0.1697792869269949
SE,2025,O081,W,2,0.1697792869269949
SE,2025,O11,W,52,4.4142614601018675
SE,2025,O140,W,57,4.838709677419355
SE,2025,O141,W,412,34.97453310696095
SE,2025,O149,W,65,5.517826825127335
SE,2025,O150,W,15,1.2733446519524618
SE,2025,O151,W,4,0.3395585738539898
SE,2025,O152,W,7,0.5942275042444821
SE,2025,O159,W,8,0.6791171477079796
SE,2025,O441,W,17,1.4431239388794568
SE,2025,O450,W,4,0.3395585738539898
SE,2025,O458,W,15,1.2733446519524618
SE,2025,O459,W,105,8.913412563667233
SE,2025,O469,W,1,0.08488964346349745
SE,2025,O670,W,1,0.08488964346349745
SE,2025,O679,W,2,0.1697792869269949
SE,2025,O711,W,1,0.08488964346349745
SE,2025,O720,W,1,0.08488964346349745
SE,2025,O721,W,20,1.697792869269949
SE,2025,O722,W,7,0.5942275042444821
SE,2025,O85,W,79,6.706281833616298
SE,2025,O86,W,1,0.08488964346349745
SE,2025,O860,W,125,10.611205432937181
SE,2025,O868,W,13,1.1035653650254669
SE,2025,O900,W,6,0.5093378607809848
SE,2025,O031,hemorrhage,59,19.666666666666668
SE,2025,O036,hemorrhage,3,1.0
SE,2025,O051,hemorrhage,1,0.3333333333333333
SE,2025,O061,hemorrhage,62,20.666666666666668
SE,2025,O081,hemorrhage,2,0.6666666666666666
SE,2025,O441,hemorrhage,17,5.666666666666667
SE,2025,O450,hemorrhage,4,1.3333333333333333
SE,2025,O458,hemorrhage,15,5.0
SE,2025,O459,hemorrhage,105,35.0
SE,2025,O469,hemorrhage,1,0.3333333333333333
SE,2025,O670,hemorrhage,1,0.3333333333333333
SE,2025,O679,hemorrhage,2,0.6666666666666666
SE,2025,O720,hemorrhage,1,0.3333333333333333
SE,2025,O721,hemorrhage,20,6.666666666666667
SE,2025,O722,hemorrhage,7,2.3333333333333335
SE,2025,O11,hypertension,52,8.387096774193548
SE,2025,O140,hypertension,57,9.193548387096774
SE,2025,O141,hypertension,412,66.45161290322581
SE,2025,O149,hypertension,65,10.483870967741936
SE,2025,O150,hypertension,15,2.4193548387096775
SE,2025,O151,hypertension,4,0.6451612903225806
SE,2025,O152,hypertension,7,1.1290322580645162
SE,2025,O159,hypertension,8,1.2903225806451613
