care,minimum_admissions,territory,indicator,outcome,n,status,pearson_r,pearson_p,pearson_ci_low,pearson_ci_high,spearman_rho,spearman_p,blocks,bootstrap_repetitions,bootstrap_seed,bootstrap_valid,block_status,block_ci_low,block_ci_high,pearson_q_bh,spearman_q_bh,period,census_year
any_uf,1,NE,income_pc,hypertension,1794,ok,0.08166881838120925,0.0005351641087089521,0.035523445051414845,0.12746668274280423,0.10124248178974615,1.737165466474921e-05,188,2000,20260919,2000,ok,0.019652133455836406,0.14183941521357235,0.006557996238306773,0.0002716147845707994,2008-2012,2010
any_uf,1,NE,income_pc,hemorrhage,1794,ok,0.06643459460665743,0.0048772899050485465,0.020217115662001857,0.11236874700414491,0.04923202157916493,0.03706343386904284,188,2000,20260919,2000,ok,0.007462565261800975,0.13656110866318372,0.0315092231270639,0.0926585846726071,2008-2012,2010
any_uf,1,NE,income_pc,W,1794,ok,0.10954224945833313,3.3113343368782143e-06,0.06358496036283726,0.15503592099198524,0.10718423163422579,5.369580084882294e-06,188,2000,20260919,2000,ok,0.05636027003233892,0.1712153557432006,9.934003010634643e-05,0.0001610874025464688,2008-2012,2010
any_uf,1,NE,illiteracy_15plus,hypertension,1794,ok,0.03916777445297135,0.09722543471501384,-0.007124778283186169,0.08529280457063126,0.04974336464571291,0.03513945989286167,188,2000,20260919,2000,ok,-0.025970171247877073,0.10478514947762325,0.2134216859597865,0.09035861115307288,2008-2012,2010
any_uf,1,NE,illiteracy_15plus,hemorrhage,1794,ok,-0.032204913307221375,0.17273678228224995,-0.07836774938863117,0.014095733282184759,-0.013174707187214202,0.5770776820952302,188,2000,20260919,2000,ok,-0.11653717379783077,0.028032168384097056,0.3096512272371012,0.7018512349806855,2008-2012,2010
any_uf,1,NE,illiteracy_15plus,W,1794,ok,-0.031748274609514134,0.17890959795921402,-0.07791343436678577,0.014552745581278469,-0.017773289958701415,0.45185037706293785,188,2000,20260919,2000,ok,-0.09799489895209644,0.030254387647028536,0.3096512272371012,0.5809504847952058,2008-2012,2010
any_uf,1,NE,sewer_septic,hypertension,1794,ok,0.036774323946609025,0.1194607659809194,-0.009521518610048185,0.08291285222617413,0.06078121648295482,0.010023610644848852,188,2000,20260919,2000,ok,-0.030966173989242358,0.10391049991496468,0.2402692830086915,0.03922282426245203,2008-2012,2010
any_uf,1,NE,sewer_septic,hemorrhage,1794,ok,0.035827213437956,0.12928845917449505,-0.010469784063090331,0.08197093770860905,-0.03830958540055473,0.10478378321774139,188,2000,20260919,2000,ok,-0.02923562277385191,0.10288995237150936,0.24290829331512445,0.21931489510690058,2008-2012,2010
any_uf,1,NE,sewer_septic,W,1794,ok,0.06271186324282578,0.007884762461259045,0.016480055154208275,0.1086760924025185,0.05702373767869404,0.015711079178831446,188,2000,20260919,2000,ok,-0.005120891683019963,0.13530609738971783,0.03734887481649021,0.0565598850437932,2008-2012,2010
any_uf,1,AL,income_pc,hypertension,102,ok,0.24305517914163122,0.01383515981258793,0.05099050827208353,0.41778228814631296,0.2257663230629174,0.02251483192795672,13,2000,20260919,2000,ok,-0.19472204453891948,0.4625211350041787,0.059293542053948274,0.07236910262557518,2008-2012,2010
any_uf,1,AL,income_pc,hemorrhage,102,ok,-0.06357130268912674,0.525579491999982,-0.25489492784132867,0.1325422166110636,0.009217736556211454,0.9267384259749009,13,2000,20260919,2000,ok,-0.238663685893145,0.14723891005246065,0.6392183010810591,0.9616572288103595,2008-2012,2010
any_uf,1,AL,income_pc,W,102,ok,0.12657920017782245,0.20489161917120682,-0.06960923073203332,0.31334075169040515,0.130612775726459,0.19071060275361945,13,2000,20260919,2000,ok,-0.2067340761855124,0.3592107704575025,0.31876773978309025,0.3502847805678725,2008-2012,2010
any_uf,1,AL,illiteracy_15plus,hypertension,102,ok,-0.27059662456947836,0.005946329318865191,-0.4418210212869565,-0.08035009101018105,-0.24183634811225266,0.014333675920165797,13,2000,20260919,2000,ok,-0.46738172631209574,0.04406752682271219,0.0315092231270639,0.05375128470062174,2008-2012,2010
any_uf,1,AL,illiteracy_15plus,hemorrhage,102,ok,0.008316119793007152,0.9338873261697587,-0.18646033502163778,0.20246357708903664,-0.09862412609836058,0.3240419863297107,13,2000,20260919,2000,ok,-0.23288047056532804,0.17840335517849581,0.9660903374169918,0.5028237718909304,2008-2012,2010
any_uf,1,AL,illiteracy_15plus,W,102,ok,-0.1854155206006507,0.062077950770613545,-0.3666688292837008,0.009398265177222968,-0.22323311714381036,0.024114632016428418,13,2000,20260919,2000,ok,-0.4360820921133759,0.032109966522749736,0.15962901626729198,0.07483851315443302,2008-2012,2010
any_uf,1,AL,sewer_septic,hypertension,102,ok,0.2705684019945147,0.005951742146223181,0.08031983541517007,0.44179651326483954,0.29320162170414643,0.002783235802152272,13,2000,20260919,2000,ok,-0.013248425406386407,0.4397170512419765,0.0315092231270639,0.01391617901076136,2008-2012,2010
any_uf,1,AL,sewer_septic,hemorrhage,102,ok,0.20473206332034138,0.03900565424241106,0.010682492507779343,0.38392104885768014,0.2544547693762519,0.009856518326078118,13,2000,20260919,2000,ok,0.02344841718452863,0.47482883463298176,0.11324222199409661,0.03922282426245203,2008-2012,2010
any_uf,1,AL,sewer_septic,W,102,ok,0.3256359874257418,0.0008385484114112381,0.14002884045651387,0.4891349348916728,0.39125026151958425,4.7815533540155763e-05,13,2000,20260919,2000,ok,0.1464135482133708,0.503568959758981,0.007546935702701143,0.0005379247523267524,2008-2012,2010
any_uf,1,BA,income_pc,hypertension,417,ok,0.17027113949933745,0.0004791820384808249,0.07547510450185958,0.26201699787743743,0.18824220798101923,0.00011013654407737399,32,2000,20260919,2000,ok,0.052931947957419886,0.2912101544007012,0.006557996238306773,0.00110136544077374,2008-2012,2010
any_uf,1,BA,income_pc,hemorrhage,417,ok,0.02598421091410108,0.5967297105450919,-0.07022115025297906,0.12171065090935661,0.01021176967761862,0.8352994716408013,32,2000,20260919,2000,ok,-0.051011946620014355,0.10790707892617392,0.6974762850527049,0.9057464150321941,2008-2012,2010
any_uf,1,BA,income_pc,W,417,ok,0.13823894153849253,0.004683466503152658,0.042776665648199506,0.23119987948168108,0.1380189490349356,0.004750375610765674,32,2000,20260919,2000,ok,0.018547053510791014,0.2499872247358691,0.0315092231270639,0.022501779208890033,2008-2012,2010
any_uf,1,BA,illiteracy_15plus,hypertension,417,ok,-0.19035088348417273,9.182902729702628e-05,-0.2812401172847887,-0.09607697443663493,-0.17261461746468149,0.000398728598172428,32,2000,20260919,2000,ok,-0.31100548072245143,-0.06433508197103868,0.002066153114183091,0.003262324894138047,2008-2012,2010
any_uf,1,BA,illiteracy_15plus,hemorrhage,417,ok,-0.01013089980399421,0.836585381714828,-0.10605785972832892,0.08598289113839779,-0.04849730566264542,0.32317631485538234,32,2000,20260919,2000,ok,-0.08920864960724699,0.06837196234293871,0.8963414804087443,0.5028237718909304,2008-2012,2010
any_uf,1,BA,illiteracy_15plus,W,417,ok,-0.1542149800577176,0.0015851717819759612,-0.2465932506469794,-0.059059468005328734,-0.15229335927471624,0.001815925612696115,32,2000,20260919,2000,ok,-0.2608414135329936,-0.04350456016170554,0.012969587307076046,0.010214581571415646,2008-2012,2010
any_uf,1,BA,sewer_septic,hypertension,417,ok,0.16773843633747323,0.000582932998960602,0.07288227951508487,0.25958716107904484,0.18498746274463185,0.00014525183530809005,32,2000,20260919,2000,ok,0.02235445754528112,0.34180150727796504,0.006557996238306773,0.0013072665177728104,2008-2012,2010
any_uf,1,BA,sewer_septic,hemorrhage,417,ok,-0.01669105291714617,0.7339758906323282,-0.11254080815827655,0.07946646005226297,-0.03497053301978326,0.47634542356886195,32,2000,20260919,2000,ok,-0.14123119427913178,0.13700842129132706,0.8055832945964578,0.5954317794610774,2008-2012,2010
any_uf,1,BA,sewer_septic,W,417,ok,0.10287255605068933,0.03573011656838096,0.006910685165466121,0.19695698500160905,0.11192194160326323,0.022263833116697915,32,2000,20260919,2000,ok,-0.026205775821953728,0.26034162895132296,0.10719034970514288,0.07236910262557518,2008-2012,2010
any_uf,1,CE,income_pc,hypertension,184,ok,0.20224710196736237,0.005901074164893041,0.05932167737484205,0.3370470403385589,0.16203614073716627,0.027982649788773708,33,2000,20260919,2000,ok,0.05284274842201561,0.36676283284149475,0.0315092231270639,0.0812399509996656,2008-2012,2010
any_uf,1,CE,income_pc,hemorrhage,184,ok,0.0271034043796508,0.7149545654377231,-0.11802034548406745,0.17109359457621193,0.15557738335397053,0.034959217298103494,33,2000,20260919,2000,ok,-0.03582868094919775,0.20967391898420618,0.8043238861174384,0.09035861115307288,2008-2012,2010
any_uf,1,CE,income_pc,W,184,ok,0.1971922703891089,0.007296197661936046,0.054073765474016024,0.33237202956559686,0.156750089937647,0.03359286728572424,33,2000,20260919,2000,ok,0.0417632250816969,0.3537164776959172,0.03648098830968023,0.09035861115307288,2008-2012,2010
any_uf,1,CE,illiteracy_15plus,hypertension,184,ok,-0.1308703725807894,0.07660428985996226,-0.2704119907726707,0.01405676280311747,-0.10904630475541359,0.1406180463656257,33,2000,20260919,2000,ok,-0.33013367969872803,0.06201031922276104,0.17677913044606675,0.2751222646283981,2008-2012,2010
any_uf,1,CE,illiteracy_15plus,hemorrhage,184,ok,-0.051824203911351875,0.4847665878790919,-0.19502314172765828,0.09353806048369032,-0.08762211887767594,0.23691192890935314,33,2000,20260919,2000,ok,-0.16389868876402097,0.05254140652096147,0.6144928578749053,0.3932866495853103,2008-2012,2010
any_uf,1,CE,illiteracy_15plus,W,184,ok,-0.14844311756602555,0.04432400641522068,-0.28694235198242973,-0.003865101506625261,-0.11868582766658319,0.10857341842869908,33,2000,20260919,2000,ok,-0.33269703575935416,0.028038809465486435,0.12088365385969277,0.22208199224052083,2008-2012,2010
any_uf,1,CE,sewer_septic,hypertension,184,ok,0.16908718337948336,0.02176027639724356,0.025038621168443662,0.3062570517841277,0.12013837151008477,0.10428632067194292,33,2000,20260919,2000,ok,-0.07543432394188375,0.3679761277310472,0.07833699503007682,0.21931489510690058,2008-2012,2010
any_uf,1,CE,sewer_septic,hemorrhage,184,ok,-0.06911700822399335,0.3511944472396774,-0.21166171580615933,0.07630696473946755,-0.09510162116964753,0.19909211289997944,33,2000,20260919,2000,ok,-0.17649656533144767,0.01657371499196869,0.4938671914307964,0.3513390227646696,2008-2012,2010
any_uf,1,CE,sewer_septic,W,184,ok,0.14965790551968436,0.042595162366981694,0.005107465446576991,0.28808204096699896,0.09141800389127544,0.21713230271962,33,2000,20260919,2000,ok,-0.07641652144833452,0.3504950835202391,0.11979889415713602,0.3691387940568231,2008-2012,2010
any_uf,1,MA,income_pc,hypertension,217,ok,0.15843102617982377,0.019537006455029742,0.02579081425753283,0.28558934794939045,0.18739814424523168,0.0056197865952340425,21,2000,20260919,2000,ok,0.023423061963546054,0.2760737364080493,0.07326377420636153,0.024758835851273298,2008-2012,2010
any_uf,1,MA,income_pc,hemorrhage,217,ok,0.12391375141497464,0.06847797114713541,-0.00942622527359274,0.25292406159101916,0.22938786882311102,0.0006614084056964787,21,2000,20260919,2000,ok,-0.02138247715334942,0.23974564681719285,0.16218466850637334,0.004578981270206391,2008-2012,2010
any_uf,1,MA,income_pc,W,217,ok,0.16230576440091002,0.01671157185196515,0.029764765250711263,0.28923783848353923,0.18679956184102323,0.0057770616986304365,21,2000,20260919,2000,ok,0.017769247091882205,0.28258970547183193,0.06720219979224777,0.024758835851273298,2008-2012,2010
any_uf,1,MA,illiteracy_15plus,hypertension,217,ok,-0.0886744073341436,0.1931640127292718,-0.21926923902833795,0.04504195243222104,-0.09097486872549213,0.1818195294982707,21,2000,20260919,2000,ok,-0.2596390660932987,0.08659348196036135,0.31876773978309025,0.34816505648605034,2008-2012,2010
any_uf,1,MA,illiteracy_15plus,hemorrhage,217,ok,0.04406391707499112,0.5184952178483452,-0.08964659746722481,0.17621419382818,-0.02477360606525289,0.7166900889922322,21,2000,20260919,2000,ok,-0.09230573455887144,0.13950987471643977,0.6392183010810591,0.8164823798645684,2008-2012,2010
any_uf,1,MA,illiteracy_15plus,W,217,ok,-0.0032666166543801295,0.9618417912387404,-0.1363916898655403,0.1299743424070404,-0.07646458671118632,0.2620619997444163,21,2000,20260919,2000,ok,-0.15115383271354563,0.12031220094216691,0.9726490023762543,0.4211710710178119,2008-2012,2010
any_uf,1,MA,sewer_septic,hypertension,217,ok,0.08342668484772106,0.22095650631596883,-0.05031680401253507,0.214230750388088,0.004077560027120265,0.9523790139412326,21,2000,20260919,2000,ok,-0.036071273908074894,0.20138343902915265,0.3370522977701219,0.9630799017383251,2008-2012,2010
any_uf,1,MA,sewer_septic,hemorrhage,217,ok,-0.045663444447414596,0.5034134569732425,-0.17776673986302444,0.08805649725156735,0.006032075812508968,0.9296019878500141,21,2000,20260919,2000,ok,-0.13147688311287523,0.053602350106064976,0.6292668212165531,0.9616572288103595,2008-2012,2010
any_uf,1,MA,sewer_septic,W,217,ok,0.000141958293649208,0.9983411208088127,-0.13304496924825218,0.13332384969834543,-0.020479771697878537,0.7641963036622302,21,2000,20260919,2000,ok,-0.09393179633831056,0.12277055904594147,0.9983411208088127,0.8511793343177049,2008-2012,2010
any_uf,1,PB,income_pc,hypertension,223,ok,0.10437961877098349,0.12013464150434575,-0.027372713439099028,0.23256737235053604,0.028862513482719825,0.6681587797155065,23,2000,20260919,2000,ok,-0.10507815471953329,0.2659295534609955,0.2402692830086915,0.7709524381332767,2008-2012,2010
any_uf,1,PB,income_pc,hemorrhage,223,ok,0.09086126919803458,0.17636858284775994,-0.04100518090733694,0.21961665609067677,0.05967079803433586,0.37515544203015366,23,2000,20260919,2000,ok,-0.031175488832418965,0.2609201503926506,0.3096512272371012,0.5359363457573624,2008-2012,2010
any_uf,1,PB,income_pc,W,223,ok,0.11508173499865113,0.08642227560652166,-0.016545384204642292,0.24278797002886893,0.03474145332648756,0.6058259484335077,23,2000,20260919,2000,ok,-0.015612615369147683,0.265157421515494,0.19445012011467372,0.7269911381202092,2008-2012,2010
any_uf,1,PB,illiteracy_15plus,hypertension,223,ok,-0.006652377363397969,0.9213097849308473,-0.13790881736893001,0.12483369149410688,0.031129713285253317,0.6438193491098655,23,2000,20260919,2000,ok,-0.22485002007719362,0.20746207697189623,0.9641614028346077,0.7624176502616827,2008-2012,2010
any_uf,1,PB,illiteracy_15plus,hemorrhage,223,ok,-0.10953256337587765,0.10280808197427288,-0.23749200812039784,0.02216333633689589,0.004787376994577381,0.9433265882144303,23,2000,20260919,2000,ok,-0.26569796807168894,0.06497442743124951,0.2203030328020133,0.9630799017383251,2008-2012,2010
any_uf,1,PB,illiteracy_15plus,W,223,ok,-0.10181868504431207,0.12955108976806637,-0.23011745699491276,0.02995903393169562,0.019709561831529537,0.7697507989851123,23,2000,20260919,2000,ok,-0.26529746616256217,0.12043422320642776,0.24290829331512445,0.8511793343177049,2008-2012,2010
any_uf,1,PB,sewer_septic,hypertension,223,ok,0.10504886157805354,0.11776378902837706,-0.026696545531679883,0.23320733499039975,0.08292631237434,0.21738173427790694,23,2000,20260919,2000,ok,-0.12269427762870719,0.2758300102261769,0.2402692830086915,0.3691387940568231,2008-2012,2010
any_uf,1,PB,sewer_septic,hemorrhage,223,ok,0.06970945284554836,0.30001779657375854,-0.062237499714954264,0.19926154056494413,0.11724746531428754,0.08062536518593295,23,2000,20260919,2000,ok,-0.018346553967718535,0.4416367381334884,0.44195712947320426,0.18605853504446065,2008-2012,2010
any_uf,1,PB,sewer_septic,W,223,ok,0.08511791526647915,0.20542809897132483,-0.046782196276882224,0.21410069510212185,0.1094230763638167,0.10315449650483836,23,2000,20260919,2000,ok,-0.020654922262810262,0.39017308473323237,0.31876773978309025,0.21931489510690058,2008-2012,2010
any_uf,1,PE,income_pc,hypertension,185,ok,0.05207202178410537,0.4814742681001727,-0.09289443448740971,0.19487663882161077,0.11723059238412165,0.11201848185251044,19,2000,20260919,2000,ok,-0.13080098924946507,0.23351916865606695,0.6144928578749053,0.22403696370502088,2008-2012,2010
any_uf,1,PE,income_pc,hemorrhage,185,ok,0.04404752443723635,0.5516165796480474,-0.1008620209468153,0.1871269933223652,0.30715129385876333,2.112559435550662e-05,19,2000,20260919,2000,ok,-0.012055564458379204,0.3501074257760328,0.6532301601095298,0.0002716147845707994,2008-2012,2010
any_uf,1,PE,income_pc,W,185,ok,0.05301948222685856,0.47352252689083435,-0.09195246651586692,0.19579047186068893,0.14939459212557538,0.04239538021181291,19,2000,20260919,2000,ok,-0.14365792259625046,0.25605843494067715,0.6144928578749053,0.10312389781251789,2008-2012,2010
any_uf,1,PE,illiteracy_15plus,hypertension,185,ok,0.013540112140087143,0.8548564163036643,-0.13098435445644527,0.15750104759530417,-0.03186772260651958,0.6667451002024612,19,2000,20260919,2000,ok,-0.26231742689443377,0.263503504040843,0.9051420878509386,0.7709524381332767,2008-2012,2010
any_uf,1,PE,illiteracy_15plus,hemorrhage,185,ok,-0.1345220893147821,0.06790997942517044,-0.2734831167827092,0.009939407943933201,-0.3176925261847393,1.0505535243206607e-05,19,2000,20260919,2000,ok,-0.43713582433058673,-0.08927065086650453,0.16218466850637334,0.00023637454297214866,2008-2012,2010
any_uf,1,PE,illiteracy_15plus,W,185,ok,-0.09809497820839756,0.1840463900326606,-0.2389815059714616,0.046836452499364,-0.16900807826092565,0.021462584243904244,19,2000,20260919,2000,ok,-0.3365603628926782,0.1328491020025152,0.31253160571583877,0.07236910262557518,2008-2012,2010
any_uf,1,PE,sewer_septic,hypertension,185,ok,0.11375333422311132,0.12313812756090867,-0.03102440846036609,0.2538558964569793,0.06922236426536901,0.34913518252987946,19,2000,20260919,2000,ok,-0.10929875824927333,0.2709730863401759,0.24092242348873436,0.5068091359304702,2008-2012,2010
any_uf,1,PE,sewer_septic,hemorrhage,185,ok,0.03126844479049066,0.6726472768327599,-0.11351221507990827,0.17474874369192483,-0.01315409214391858,0.8589507125426126,19,2000,20260919,2000,ok,-0.1650093598708336,0.10215800351849376,0.7663070242398531,0.9203043348670849,2008-2012,2010
any_uf,1,PE,sewer_septic,W,185,ok,0.07590596456522768,0.3044593558593185,-0.06911955315564416,0.2177895841506999,0.05916287250430543,0.42374038366042377,19,2000,20260919,2000,ok,-0.08955535080488632,0.24410594429676544,0.44195712947320426,0.5692035004393753,2008-2012,2010
any_uf,1,PI,income_pc,hypertension,224,ok,0.09340266014593937,0.16357462395958983,-0.038147217181308805,0.2217702421359804,0.08646124230954365,0.19732538089436594,15,2000,20260919,2000,ok,-0.03567397708085262,0.21625900216738253,0.30044318686455274,0.3513390227646696,2008-2012,2010
any_uf,1,PI,income_pc,hemorrhage,224,ok,0.12332336483444081,0.06540965251291364,-0.007886954794658696,0.2503589903364206,0.040723422613585664,0.5442929683940159,15,2000,20260919,2000,ok,-0.055232781865850275,0.25322882685784015,0.16218466850637334,0.6710461254172798,2008-2012,2010
any_uf,1,PI,income_pc,W,224,ok,0.14064389040310726,0.03540848258476588,0.009740646471211936,0.2668078439659272,0.06494680611127801,0.33323492699160356,15,2000,20260919,2000,ok,-0.03197611012128276,0.27280216398367124,0.10719034970514288,0.5047660773367758,2008-2012,2010
any_uf,1,PI,illiteracy_15plus,hypertension,224,ok,0.12753842819402714,0.056659086358448685,-0.0036046572885860876,0.2543686901935666,0.13272729992991297,0.04723872152603482,15,2000,20260919,2000,ok,-0.057941907468600805,0.34977770340435477,0.1499799344782465,0.1118811825616614,2008-2012,2010
any_uf,1,PI,illiteracy_15plus,hemorrhage,224,ok,0.0234207183846769,0.727377670254826,-0.10799365041162602,0.15403065843751548,0.06450902059357046,0.3365107182245172,15,2000,20260919,2000,ok,-0.15856334224870114,0.24625395212995385,0.8055832945964578,0.5047660773367758,2008-2012,2010
any_uf,1,PI,illiteracy_15plus,W,224,ok,0.06436007382124309,0.33762990802937515,-0.06729044449445014,0.19380783645550118,0.1147456311957936,0.08663694342021193,15,2000,20260919,2000,ok,-0.13117028260302013,0.32676557172871634,0.4823284400419645,0.19493312269547683,2008-2012,2010
any_uf,1,PI,sewer_septic,hypertension,224,ok,0.16569205193168396,0.013022056987396072,0.03537760926355226,0.2904661296260301,0.21496889758417637,0.001206703538705202,15,2000,20260919,2000,ok,0.04026598590747877,0.27548529608925826,0.05859925644328232,0.007757379891676298,2008-2012,2010
any_uf,1,PI,sewer_septic,hemorrhage,224,ok,0.1445674122871935,0.030544496685766035,0.013745062942602122,0.270523727759786,0.14977501551360162,0.02497780134320253,15,2000,20260919,2000,ok,0.004520223877170436,0.2595962631338897,0.09817873934710512,0.07493340402960759,2008-2012,2010
any_uf,1,PI,sewer_septic,W,224,ok,0.1854065088342639,0.005376580559659233,0.05567683434585786,0.3089800023012651,0.23063316135515305,0.0005023201358391804,15,2000,20260919,2000,ok,0.05823662127965999,0.2982793338968451,0.0315092231270639,0.003767401018793853,2008-2012,2010
any_uf,1,RN,income_pc,hypertension,167,ok,-0.08840211861089421,0.25593467068903036,-0.23708286081251764,0.06432504385274274,-0.2301003525448051,0.002776432160465571,19,2000,20260919,2000,ok,-0.3350100132496847,0.11770366015901866,0.3839020060335455,0.01391617901076136,2008-2012,2010
any_uf,1,RN,income_pc,hemorrhage,167,ok,0.06172586729903339,0.4281048993817941,-0.09099066586874151,0.211605886981103,-0.06542524093264038,0.4008912399482176,19,2000,20260919,2000,ok,-0.09755962472838547,0.21345154793385573,0.583779408247901,0.5609282308383716,2008-2012,2010
any_uf,1,RN,income_pc,W,167,ok,0.004194575986594157,0.9570953330473274,-0.1477631443016058,0.1559588243519284,-0.1019938457653937,0.18966382057562947,19,2000,20260919,2000,ok,-0.22313293172744975,0.18277683972179812,0.9726490023762543,0.3502847805678725,2008-2012,2010
any_uf,1,RN,illiteracy_15plus,hypertension,167,ok,0.022121244518195457,0.776596562113308,-0.13017967727893265,0.17340230943391452,0.059446196895427954,0.44539221296309,19,2000,20260919,2000,ok,-0.19203985072112298,0.21049239838860082,0.8420926577132255,0.5809463647344653,2008-2012,2010
any_uf,1,RN,illiteracy_15plus,hemorrhage,167,ok,-0.07126473174128563,0.3600916700698574,-0.22073937052129564,0.08148068917601861,0.09135315374766068,0.24034184141324516,19,2000,20260919,2000,ok,-0.28106872693071877,0.1475682806744108,0.49858846625057174,0.3932866495853103,2008-2012,2010
any_uf,1,RN,illiteracy_15plus,W,167,ok,-0.04781842059514909,0.5394400320953197,-0.1982424032630851,0.10480626429518004,-0.0018074900687923506,0.9815046995206912,19,2000,20260919,2000,ok,-0.2803110942521827,0.16755110918096283,0.6473280385143836,0.9815046995206912,2008-2012,2010
any_uf,1,RN,sewer_septic,hypertension,167,ok,-0.05648485913746268,0.4684263825142482,-0.20657644237009162,0.09620397260326176,-0.0648416127244389,0.4051148333832684,19,2000,20260919,2000,ok,-0.2528180414892846,0.17336700676277977,0.6144928578749053,0.5609282308383716,2008-2012,2010
any_uf,1,RN,sewer_septic,hemorrhage,167,ok,0.09960256976894169,0.20031021046800082,-0.053063666137061156,0.24771916330851076,0.022230854372611308,0.77551894904502,19,2000,20260919,2000,ok,-0.14776080670587735,0.3043988751770199,0.31876773978309025,0.8511793343177049,2008-2012,2010
any_uf,1,RN,sewer_septic,W,167,ok,0.03298316362829447,0.6721857191589282,-0.11947889386117391,0.1839254862384037,0.006920767390985393,0.9292684053634336,19,2000,20260919,2000,ok,-0.21881617659660002,0.2919735973368251,0.7663070242398531,0.9616572288103595,2008-2012,2010
any_uf,1,SE,income_pc,hypertension,75,ok,0.26187301213675757,0.02323436938153448,0.037117236665544034,0.46141082117436005,0.47129780440597746,1.9742448442220845e-05,13,2000,20260919,2000,ok,0.1422868275377211,0.4619548479926567,0.0804266632437732,0.0002716147845707994,2008-2012,2010
any_uf,1,SE,income_pc,hemorrhage,75,ok,0.38372628280902416,0.0006777033987922264,0.17171971827424184,0.5617634599978649,0.10983008414277895,0.3482327834299854,13,2000,20260919,2000,ok,-0.22271622775535055,0.6271092740645439,0.006777033987922265,0.5068091359304702,2008-2012,2010
any_uf,1,SE,income_pc,W,75,ok,0.42602751989251275,0.00013850261430826936,0.22037408386048318,0.5954172820039254,0.3584921763869132,0.0015876472114295902,13,2000,20260919,2000,ok,-0.12215568375869787,0.6444425891305439,0.0024930470575488485,0.009525883268577541,2008-2012,2010
any_uf,1,SE,illiteracy_15plus,hypertension,75,ok,-0.14826425952697228,0.2042736700442162,-0.3630106757147127,0.08143800127295915,-0.25058499705468124,0.030127895558310514,13,2000,20260919,2000,ok,-0.4916780233664908,0.13300000059208597,0.31876773978309025,0.08473470625774832,2008-2012,2010
any_uf,1,SE,illiteracy_15plus,hemorrhage,75,ok,-0.7588549642851553,3.0797798233838947e-15,-0.8409747789449574,-0.6425623550567872,-0.6023655929426392,1.0820517760589987e-08,13,2000,20260919,2000,ok,-0.885907010044439,-0.3553661493356273,1.3859009205227525e-13,4.869232992265494e-07,2008-2012,2010
any_uf,1,SE,illiteracy_15plus,W,75,ok,-0.7850542260428182,7.684902908587094e-17,-0.8589675114039101,-0.6790910237573228,-0.7036130867709816,1.9214516108484905e-12,13,2000,20260919,2000,ok,-0.9006261803214687,-0.3976753206510128,6.9164126177283845e-15,1.7293064497636414e-10,2008-2012,2010
any_uf,1,SE,sewer_septic,hypertension,75,ok,0.08857404920114295,0.44984283388704155,-0.1412268698156474,0.30931770238219625,0.09065498332365371,0.43922450068698465,13,2000,20260919,2000,ok,-0.1767230775634565,0.36775024208388835,0.6042664932811006,0.5809463647344653,2008-2012,2010
any_uf,1,SE,sewer_septic,hemorrhage,75,ok,0.257583456772014,0.025676919073384014,0.03252295617887134,0.45778259158775625,0.08510729095016792,0.4678448889718131,13,2000,20260919,2000,ok,-0.2662859614955072,0.5584067768634059,0.08558973024461339,0.5930428170065237,2008-2012,2010
any_uf,1,SE,sewer_septic,W,75,ok,0.2744641210653424,0.01717389550246332,0.050657902700009555,0.47202233405804445,0.09587482219061165,0.4132190463162808,13,2000,20260919,2000,ok,-0.2628892050415205,0.5754294118525703,0.06720219979224777,0.5634805177040193,2008-2012,2010
any_uf,1000,NE,income_pc,hypertension,842,ok,0.1568067525510772,4.8390229738291995e-06,0.09019996389614442,0.22201703963402647,0.14766978279360837,1.6910253860849113e-05,181,2000,20260919,2000,ok,0.06778047086728026,0.24031868571964685,0.00010887801691115699,0.0005073076158254734,2008-2012,2010
any_uf,1000,NE,income_pc,hemorrhage,842,ok,0.08907136049228571,0.009712328110688211,0.021639193823506556,0.15569678548295293,0.05393801976222562,0.11783031603378706,181,2000,20260919,2000,ok,-0.010839753709410972,0.19941254651794835,0.05394890086205667,0.2578947568742814,2008-2012,2010
any_uf,1000,NE,income_pc,W,842,ok,0.17187211731078897,5.242309946656182e-07,0.10553521317888534,0.23668608560611115,0.14057649599209512,4.250482176741004e-05,181,2000,20260919,2000,ok,0.08612033012225571,0.25932585923542795,1.5726929839968546e-05,0.0007650867918133807,2008-2012,2010
any_uf,1000,NE,illiteracy_15plus,hypertension,842,ok,-0.06313215310595001,0.06709667468034688,-0.13013945023050016,0.004449212992895177,-0.04427818574712028,0.19929896199160016,181,2000,20260919,2000,ok,-0.1571257323930856,0.03561495339868081,0.17760884474209468,0.3612247616425829,2008-2012,2010
any_uf,1000,NE,illiteracy_15plus,hemorrhage,842,ok,-0.04233915053029539,0.219713477078222,-0.10958805875462004,0.025295596996429484,-0.030702475297989345,0.37358013680023705,181,2000,20260919,2000,ok,-0.1503957864078996,0.04921849392602062,0.39265408453036327,0.5700902766835777,2008-2012,2010
any_uf,1000,NE,illiteracy_15plus,W,842,ok,-0.09346693970137127,0.006646282369961719,-0.1600188334266655,-0.02606917400920907,-0.07966093502379018,0.02078975815305338,181,2000,20260919,2000,ok,-0.18786114302368687,-0.0033117456579034046,0.0430741959459745,0.07484312935099217,2008-2012,2010
any_uf,1000,NE,sewer_septic,hypertension,842,ok,0.080745110699152,0.019111627713838047,0.013255032702581073,0.14750282235941256,0.10968829424160977,0.0014338645002318082,181,2000,20260919,2000,ok,0.0003282341012280998,0.16368070307880045,0.07478463018458366,0.010753983751738562,2008-2012,2010
any_uf,1000,NE,sewer_septic,hemorrhage,842,ok,0.01773032411727779,0.607419040399763,-0.049891830065924306,0.08519066257079795,-0.09571433283934191,0.005442198109269119,181,2000,20260919,2000,ok,-0.07865219015913812,0.1072563093727625,0.7099703069607619,0.02721099054634559,2008-2012,2010
any_uf,1000,NE,sewer_septic,W,842,ok,0.08284695876925657,0.01619225135185449,0.015370604637294942,0.14957214148256154,0.085343280376824,0.013239242670055102,181,2000,20260919,2000,ok,-0.010502585619979308,0.1712856043769881,0.06624102825758656,0.052639905088431124,2008-2012,2010
any_uf,1000,AL,income_pc,hypertension,63,ok,0.2357536351842624,0.06287449846857353,-0.01275652553487477,0.45683428869448023,0.22561443932411673,0.07542027945176942,13,2000,20260919,2000,ok,-0.22089231262465892,0.45291763537500274,0.17624062713247957,0.2055515471337015,2008-2012,2010
any_uf,1000,AL,income_pc,hemorrhage,63,ok,-0.08264688835808193,0.519603801099029,-0.32378183758965773,0.16856995292286137,-0.07762096774193548,0.5453960255960594,13,2000,20260919,2000,ok,-0.28601640456568145,0.2537656724625216,0.6334100361384154,0.7326215269200799,2008-2012,2010
any_uf,1000,AL,income_pc,W,63,ok,0.09243894994860037,0.47117790657076575,-0.15896692453144767,0.3325867031374651,0.06816436251920123,0.5955423743138322,13,2000,20260919,2000,ok,-0.26725093389072474,0.36155488606090475,0.6058001655909846,0.7549128688485197,2008-2012,2010
any_uf,1000,AL,illiteracy_15plus,hypertension,63,ok,-0.2656066807524132,0.03538520659916242,-0.4816737071583768,-0.019098481717076538,-0.2182699692780338,0.08569448738185512,13,2000,20260919,2000,ok,-0.5010111549202475,0.12218962223978995,0.11614286390284419,0.2142362184546378,2008-2012,2010
any_uf,1000,AL,illiteracy_15plus,hemorrhage,63,ok,0.08241034160089318,0.520803807491586,-0.16880134478146563,0.3235686205934111,0.01828917050691244,0.8868661853331349,13,2000,20260919,2000,ok,-0.29235168572322706,0.29301227779133615,0.6334100361384154,0.9174477779308292,2008-2012,2010
any_uf,1000,AL,illiteracy_15plus,W,63,ok,-0.14077566289799456,0.2711195165159923,-0.37544542702970135,0.11085594627552388,-0.16340245775729645,0.20068042313476825,13,2000,20260919,2000,ok,-0.44973047199682514,0.12939054098520172,0.42808344713051416,0.3612247616425829,2008-2012,2010
any_uf,1000,AL,sewer_septic,hypertension,63,ok,0.23424945400645492,0.06462156328190918,-0.014348339580830857,0.4555735347912776,0.2567204301075269,0.04225213344917279,13,2000,20260919,2000,ok,-0.10415330845891592,0.48716266998117963,0.17624062713247957,0.13331927045462463,2008-2012,2010
any_uf,1000,AL,sewer_septic,hemorrhage,63,ok,0.3153099615050605,0.011830919597815938,0.0732688989601988,0.5222735325122216,0.46673387096774194,0.00011532293746959806,13,2000,20260919,2000,ok,0.052799409800310275,0.7528660364764498,0.05394890086205667,0.001729844062043971,2008-2012,2010
any_uf,1000,AL,sewer_septic,W,63,ok,0.45270757122969824,0.0001950779289111152,0.23083406592393343,0.6298278916764216,0.4949596774193549,3.727282132610028e-05,13,2000,20260919,2000,ok,0.233131378328308,0.6670585945655793,0.002194626700250046,0.0007650867918133807,2008-2012,2010
any_uf,1000,BA,income_pc,hypertension,231,ok,0.2634432890166355,5.0323951233273816e-05,0.13909550583197633,0.37961238060139835,0.1974566768864028,0.0025737171139267093,32,2000,20260919,2000,ok,0.07812484381145618,0.4206129773961928,0.0006470222301420919,0.015442302683560255,2008-2012,2010
any_uf,1000,BA,income_pc,hemorrhage,231,ok,0.028315801252709896,0.6685680091510232,-0.10113150497349703,0.15682030962975108,0.01049312222934707,0.8739675891881765,32,2000,20260919,2000,ok,-0.07466592101931022,0.13979373603079606,0.7521390102949012,0.9174477779308292,2008-2012,2010
any_uf,1000,BA,income_pc,W,231,ok,0.17793497467050104,0.006700430480484922,0.05000580274127541,0.3001196730014206,0.16484164529139622,0.012108299787102789,32,2000,20260919,2000,ok,0.029125619657832107,0.3216839496628888,0.0430741959459745,0.052639905088431124,2008-2012,2010
any_uf,1000,BA,illiteracy_15plus,hypertension,231,ok,-0.28906972355821137,7.994012842305224e-06,-0.40310650959368494,-0.16619311886345853,-0.23332229988901657,0.0003483003918212269,32,2000,20260919,2000,ok,-0.43424689999382415,-0.11705970497063295,0.00014389223116149404,0.003483003918212269,2008-2012,2010
any_uf,1000,BA,illiteracy_15plus,hemorrhage,231,ok,0.01577711433273859,0.8114891203523824,-0.11353176693687146,0.1445603978087711,-0.0026661169262667266,0.9678525821778183,32,2000,20260919,2000,ok,-0.07832112801118048,0.1265430181379209,0.8799279618278845,0.9726635399401915,2008-2012,2010
any_uf,1000,BA,illiteracy_15plus,W,231,ok,-0.16803906108889477,0.010517455603543273,-0.29080906273358603,-0.03982519638614536,-0.1641834926692498,0.01246088606098504,32,2000,20260919,2000,ok,-0.290523061328472,-0.05195777049977893,0.05394890086205667,0.052639905088431124,2008-2012,2010
any_uf,1000,BA,sewer_septic,hypertension,231,ok,0.2687998228688528,3.477824947114077e-05,0.1447441989373625,0.38453562972708116,0.23110555112054365,0.00039784454140806417,32,2000,20260919,2000,ok,0.08017431402291314,0.4550157803453791,0.0005216737420671116,0.0035806008726725776,2008-2012,2010
any_uf,1000,BA,sewer_septic,hemorrhage,231,ok,0.00013279307151111596,0.9983983824829538,-0.12894709402322044,0.1292082552231972,0.010893256267299032,0.8692038068517737,32,2000,20260919,2000,ok,-0.11324883226537072,0.12056585475830789,0.9983983824829538,0.9174477779308292,2008-2012,2010
any_uf,1000,BA,sewer_septic,W,231,ok,0.18138668757439547,0.005694793546907212,0.05356308165718767,0.30336176387776176,0.20230436729687107,0.002000925107903285,32,2000,20260919,2000,ok,0.0346493345498014,0.3376036597829875,0.04271095160180409,0.012863089979378262,2008-2012,2010
any_uf,1000,CE,income_pc,hypertension,128,ok,0.2026564488944846,0.021781111409557366,0.03018754466802458,0.3634069988107703,0.14481420760336822,0.10290665287477979,32,2000,20260919,2000,ok,0.037287860135905404,0.38428493198752683,0.07841200107440652,0.24372628312447844,2008-2012,2010
any_uf,1000,CE,income_pc,hemorrhage,128,ok,0.01971519107488626,0.8251817442124252,-0.15434335839135876,0.1925868274300015,0.1565312930976759,0.0776528066949539,32,2000,20260919,2000,ok,-0.040745598688955414,0.2205893217608006,0.8841232973704555,0.2055515471337015,2008-2012,2010
any_uf,1000,CE,income_pc,W,128,ok,0.19363513129886484,0.028523370321803836,0.020803655538830575,0.3552293669167939,0.1407081760269935,0.11314661536277068,32,2000,20260919,2000,ok,0.026236914492889642,0.3586041033257809,0.09873474342162866,0.2578947568742814,2008-2012,2010
any_uf,1000,CE,illiteracy_15plus,hypertension,128,ok,-0.1508096838419474,0.08927925814725356,-0.31606865332367085,0.023331413087468424,-0.13258236326688405,0.13573117178446115,32,2000,20260919,2000,ok,-0.3696938638035674,0.059978839597330975,0.2114508745592847,0.2776319422863978,2008-2012,2010
any_uf,1000,CE,illiteracy_15plus,hemorrhage,128,ok,-0.05343137821764737,0.5491694961832065,-0.22487683787419532,0.12122311131313938,-0.1246486076648986,0.16095178837694576,32,2000,20260919,2000,ok,-0.1940557686622747,0.004966866153845687,0.6564595053055731,0.30502123667842534,2008-2012,2010
any_uf,1000,CE,illiteracy_15plus,W,128,ok,-0.15802995051908617,0.07481802341492619,-0.3227107594288125,0.015937619042296763,-0.13798983702618567,0.1203508865413313,32,2000,20260919,2000,ok,-0.3634472005406888,0.031483522107540705,0.18611024423451447,0.2578947568742814,2008-2012,2010
any_uf,1000,CE,sewer_septic,hypertension,128,ok,0.10351945561835058,0.24489973375513502,-0.07129172549269372,0.2721609274138355,0.04119844293409003,0.6442743202651026,32,2000,20260919,2000,ok,-0.1853179092306673,0.357133966936881,0.40816622292522503,0.7886676173783151,2008-2012,2010
any_uf,1000,CE,sewer_septic,hemorrhage,128,ok,-0.01833295586473592,0.8372625168179958,-0.1912550229988129,0.1556928660314743,-0.058374403617106885,0.5127828001358747,32,2000,20260919,2000,ok,-0.17658743120773876,0.053847896648262124,0.8865132531014073,0.710006954034288,2008-2012,2010
any_uf,1000,CE,sewer_septic,W,128,ok,0.10857066946779906,0.22250398123387252,-0.06620720771106844,0.27688458613859507,0.036251373374839774,0.6845606148601332,32,2000,20260919,2000,ok,-0.14483522152551964,0.34148107833056773,0.39265408453036327,0.816137972525859,2008-2012,2010
any_uf,1000,MA,income_pc,hypertension,113,ok,0.23679180303205274,0.011564405985419685,0.054443473715039,0.4038559541438163,0.19078115643090027,0.042958431590934605,21,2000,20260919,2000,ok,0.058163147781330485,0.4849015017393446,0.05394890086205667,0.13331927045462463,2008-2012,2010
any_uf,1000,MA,income_pc,hemorrhage,113,ok,0.07796892973509921,0.4117281124135581,-0.10832106213697223,0.2589687775029907,0.10190802967767594,0.2827996122011058,21,2000,20260919,2000,ok,-0.09903139026544742,0.22245044389708304,0.5570034634481837,0.46276300178362767,2008-2012,2010
any_uf,1000,MA,income_pc,W,113,ok,0.1420744509723202,0.13332824510747623,-0.043805053050945175,0.3184465217745889,0.1726245924545878,0.06749357571784591,21,2000,20260919,2000,ok,-0.017822931772961525,0.29795712008726793,0.2926717575529966,0.18982568170644162,2008-2012,2010
any_uf,1000,MA,illiteracy_15plus,hypertension,113,ok,-0.08923247367462593,0.3472769711826482,-0.26951956377809194,0.09709790173997866,-0.10306740302082641,0.27733047462654853,21,2000,20260919,2000,ok,-0.37440631289709986,0.10509687203703545,0.5123758591219401,0.4622174577109142,2008-2012,2010
any_uf,1000,MA,illiteracy_15plus,hemorrhage,113,ok,0.1173643789585851,0.21571146396501298,-0.06885834155508697,0.2956835751742741,0.020752725240150552,0.8272926388830774,21,2000,20260919,2000,ok,-0.023107802398953426,0.22892650787845195,0.39265408453036327,0.9174477779308292,2008-2012,2010
any_uf,1000,MA,illiteracy_15plus,W,113,ok,0.08050222377569342,0.39665386570021255,-0.1058009831392051,0.261345535488065,-0.03164714884556524,0.7393179390865425,21,2000,20260919,2000,ok,-0.09697529297823486,0.19855434414256698,0.5570034634481837,0.8641378508803743,2008-2012,2010
any_uf,1000,MA,sewer_septic,hypertension,113,ok,0.07672759727516416,0.4192353309174075,-0.10955504570157486,0.2578033481160782,-0.043349524253110665,0.6484600409555036,21,2000,20260919,2000,ok,-0.07469219994913802,0.25974822605231784,0.5570034634481837,0.7886676173783151,2008-2012,2010
any_uf,1000,MA,sewer_septic,hemorrhage,113,ok,-0.06948611950968779,0.4645840744161165,-0.25099414229428435,0.11674222561107812,-0.0541201784129668,0.5691347437424261,21,2000,20260919,2000,ok,-0.1627357109551652,0.0512028637938494,0.6058001655909846,0.7532665726002699,2008-2012,2010
any_uf,1000,MA,sewer_septic,W,113,ok,-0.04291108953577574,0.6517824823844502,-0.225850604679231,0.142951907630029,-0.09763623660922219,0.30356991359083335,21,2000,20260919,2000,ok,-0.13755272535267532,0.06229819059588679,0.7520567104435963,0.4878802182709822,2008-2012,2010
any_uf,1000,PB,income_pc,hypertension,54,ok,0.18986296293359442,0.1691002356585198,-0.08206984202327564,0.43548444052694363,-0.021078711644749375,0.8797480527147241,21,2000,20260919,2000,ok,-0.34530675510012027,0.39330234659644436,0.3299143228313793,0.9174477779308292,2008-2012,2010
any_uf,1000,PB,income_pc,hemorrhage,54,ok,0.13638904091074008,0.32540845996615153,-0.13635099742249873,0.38991022713341345,0.10029683782724938,0.47053723521038565,21,2000,20260919,2000,ok,-0.05916436696968161,0.533985777335924,0.4907753454777348,0.6776845356303295,2008-2012,2010
any_uf,1000,PB,income_pc,W,54,ok,0.1884782171222708,0.1722885908119425,-0.08349613892457748,0.43431993300741084,0.09151896321707641,0.510428019240138,21,2000,20260919,2000,ok,-0.13735268349298013,0.5194741381251105,0.3299143228313793,0.710006954034288,2008-2012,2010
any_uf,1000,PB,illiteracy_15plus,hypertension,54,ok,-0.27328739681152253,0.04555484009866759,-0.5041560377195143,-0.005963204001324413,-0.1934438726891557,0.16105485647762569,21,2000,20260919,2000,ok,-0.5556191843259115,0.21649608982038906,0.14137708996138218,0.30502123667842534,2008-2012,2010
any_uf,1000,PB,illiteracy_15plus,hemorrhage,54,ok,-0.16385586683265585,0.23643774261823794,-0.4134755379215361,0.10867260368879178,-0.16625644333697304,0.2295468662586819,21,2000,20260919,2000,ok,-0.4284651217131957,-0.03679152734659398,0.40664856471533,0.3918258929945393,2008-2012,2010
any_uf,1000,PB,illiteracy_15plus,W,54,ok,-0.22985189449975987,0.0945229772277032,-0.4687623430236329,0.04039476605570897,-0.30771869639794164,0.02359977057482248,21,2000,20260919,2000,ok,-0.5136691496819329,-0.05891205139945216,0.21812994744854583,0.08169151352823166,2008-2012,2010
any_uf,1000,PB,sewer_septic,hypertension,54,ok,-0.14458721957802273,0.29688938676805926,-0.39697883538094303,0.12813401087925239,-0.12346102534781779,0.3737718029031181,21,2000,20260919,2000,ok,-0.5276319149067732,0.22329173962352206,0.46069042774354024,0.5700902766835777,2008-2012,2010
any_uf,1000,PB,sewer_septic,hemorrhage,54,ok,0.15772355667358062,0.25468074544881336,-0.11488900647167094,0.40824312673460417,-0.08507833174442618,0.5407512877513256,21,2000,20260919,2000,ok,-0.12390632444556231,0.4122341511032815,0.41675031073442187,0.7326215269200799,2008-2012,2010
any_uf,1000,PB,sewer_septic,W,54,ok,0.12254219106512074,0.3773657383660234,-0.1501449122818849,0.37790300467570076,-0.05568896512292738,0.6891831767996143,21,2000,20260919,2000,ok,-0.3302572355000626,0.3330732667045018,0.5477889750474533,0.816137972525859,2008-2012,2010
any_uf,1000,PE,income_pc,hypertension,135,ok,0.20755699900766125,0.015712093820733276,0.040002677994618284,0.3637577984479693,0.18313335284362506,0.033499486612295924,18,2000,20260919,2000,ok,0.08068829293054754,0.37467681773060657,0.06624102825758656,0.11166495537431975,2008-2012,2010
any_uf,1000,PE,income_pc,hemorrhage,135,ok,0.03186212672631834,0.7137270895420429,-0.13783704053323262,0.19974398260399465,0.3211762190396225,0.00014577235631723292,18,2000,20260919,2000,ok,-0.03769687160307571,0.3777701432626676,0.7930300994911588,0.0018742160097929947,2008-2012,2010
any_uf,1000,PE,income_pc,W,135,ok,0.1529725453044857,0.07651198929641151,-0.01640869505903069,0.31381879065406837,0.20823334308847918,0.015368217278721261,18,2000,20260919,2000,ok,0.002567409397707432,0.36503178947445325,0.18611024423451447,0.05763081479520473,2008-2012,2010
any_uf,1000,PE,illiteracy_15plus,hypertension,135,ok,-0.12446697226393784,0.15034126777879192,-0.28738062171897366,0.04544588013952093,-0.14448346502780218,0.09454004392604265,18,2000,20260919,2000,ok,-0.40923803886472937,0.13520893955011246,0.30751622954752894,0.22996226900929292,2008-2012,2010
any_uf,1000,PE,illiteracy_15plus,hemorrhage,135,ok,-0.12763767764560052,0.14014094653947656,-0.2903336896823381,0.04223017304114142,-0.38686353681371755,3.5706394715014912e-06,18,2000,20260919,2000,ok,-0.4924371918955221,-0.06729967745245244,0.29331826019890445,0.00016067877621756712,2008-2012,2010
any_uf,1000,PE,illiteracy_15plus,W,135,ok,-0.19734124111445134,0.021779838700660765,-0.35447926262520296,-0.02936312834156858,-0.2829675153643547,0.0008827665318935472,18,2000,20260919,2000,ok,-0.44546400180252826,0.014482812071134225,0.07841200107440652,0.007222635260947205,2008-2012,2010
any_uf,1000,PE,sewer_septic,hypertension,135,ok,0.21569376760849723,0.011988644636012593,0.048504264217206806,0.3711259672911071,0.16253048483074825,0.059643975764893976,18,2000,20260919,2000,ok,-0.01622091634202663,0.389225854083676,0.05394890086205667,0.17893192729468194,2008-2012,2010
any_uf,1000,PE,sewer_septic,hemorrhage,135,ok,0.015068856995955622,0.8622851180711238,-0.15428108570716265,0.18355866272390584,-0.07614605616954705,0.3800601844557185,18,2000,20260919,2000,ok,-0.2600761210546793,0.09800672054388894,0.8920190876597833,0.5700902766835777,2008-2012,2010
any_uf,1000,PE,sewer_septic,W,135,ok,0.1019245804149952,0.23947082144347212,-0.06820715161107686,0.2662958739527248,0.12084186908594285,0.1626779928951602,18,2000,20260919,2000,ok,-0.064262646851288,0.28248689028089136,0.40664856471533,0.30502123667842534,2008-2012,2010
any_uf,1000,PI,income_pc,hypertension,43,ok,0.20167175949704788,0.19468153794574639,-0.10503410926566266,0.4733447167575907,0.033675626698882515,0.8302511552051485,14,2000,20260919,2000,ok,-0.20191220897023257,0.45088958850275906,0.3650278836482745,0.9174477779308292,2008-2012,2010
any_uf,1000,PI,income_pc,hemorrhage,43,ok,0.11056793989403255,0.48028369610550753,-0.1962945492727217,0.39770466441093083,-0.1120507399577167,0.4743791749412306,14,2000,20260919,2000,ok,-0.25253480006605966,0.39680309052263696,0.6088103190069815,0.6776845356303295,2008-2012,2010
any_uf,1000,PI,income_pc,W,43,ok,0.17345130055682711,0.26599302768875016,-0.13386633130031916,0.45033494735849494,-0.02823920265780731,0.8573441675437392,14,2000,20260919,2000,ok,-0.2011407871304959,0.4347422542863608,0.42748879449977706,0.9174477779308292,2008-2012,2010
any_uf,1000,PI,illiteracy_15plus,hypertension,43,ok,-0.12597608026725196,0.4208470612719611,-0.41077769770553607,0.18122462116457147,-0.08396254907882815,0.5924409983478852,14,2000,20260919,2000,ok,-0.4589048684636981,0.2732329291567113,0.5570034634481837,0.7549128688485197,2008-2012,2010
any_uf,1000,PI,illiteracy_15plus,hemorrhage,43,ok,0.011038599308193283,0.9439914658324934,-0.29026760768953397,0.31035352170780334,0.12639685895499847,0.4192846165088885,14,2000,20260919,2000,ok,-0.34241235589293756,0.3597667637917466,0.9654458173286864,0.6186166473081962,2008-2012,2010
any_uf,1000,PI,illiteracy_15plus,W,43,ok,-0.06755763664273777,0.6668731674506044,-0.36058503905641026,0.23760740231631505,0.007399577167019027,0.9624390582088547,14,2000,20260919,2000,ok,-0.4114154929181128,0.3189397696675646,0.7521390102949012,0.9726635399401915,2008-2012,2010
any_uf,1000,PI,sewer_septic,hypertension,43,ok,0.29748345670690723,0.052701375104803584,-0.0031410484587026085,0.5487940357978034,0.23165206886137116,0.1349932016466541,14,2000,20260919,2000,ok,-0.008843179691618634,0.5801016032594117,0.15810412531441076,0.2776319422863978,2008-2012,2010
any_uf,1000,PI,sewer_septic,hemorrhage,43,ok,0.21712029320353277,0.16194891230635536,-0.08902923029334418,0.4857857052871114,0.186650558743582,0.2307419147634509,14,2000,20260919,2000,ok,-0.16593300867645894,0.5071789730599148,0.3238978246127107,0.3918258929945393,2008-2012,2010
any_uf,1000,PI,sewer_septic,W,43,ok,0.28991102067168306,0.05932490403183066,-0.011427901844025654,0.5429763080483819,0.24056176381757777,0.12020738957915807,14,2000,20260919,2000,ok,-0.07091594527278233,0.6146505415126258,0.1722335923504761,0.2578947568742814,2008-2012,2010
any_uf,1000,RN,income_pc,hypertension,36,ok,0.10188261850863668,0.5543435822580395,-0.2345024029414281,0.416477971953245,-0.035263835263835266,0.8382134487393156,17,2000,20260919,2000,ok,-0.4123393202260229,0.2780216291835545,0.6564595053055731,0.9174477779308292,2008-2012,2010
any_uf,1000,RN,income_pc,hemorrhage,36,ok,-0.11313336773289787,0.5112076472631495,-0.4258412858422715,0.22371758471778447,-0.41106821106821106,0.012754146460640771,17,2000,20260919,2000,ok,-0.39805079665881415,-0.06029478517384998,0.6334100361384154,0.052639905088431124,2008-2012,2010
any_uf,1000,RN,income_pc,W,36,ok,-0.03259186338526763,0.8503281096686607,-0.35730175992258395,0.29914701877025357,-0.03346203346203346,0.8463789316546749,17,2000,20260919,2000,ok,-0.3478702774953274,0.2147668609925168,0.8898782543044124,0.9174477779308292,2008-2012,2010
any_uf,1000,RN,illiteracy_15plus,hypertension,36,ok,-0.14866967117637597,0.38684085747786495,-0.4549825594344965,0.18910245474008588,-0.005920205920205921,0.9726635399401915,17,2000,20260919,2000,ok,-0.367997991179613,0.388358267603492,0.55262979639695,0.9726635399401915,2008-2012,2010
any_uf,1000,RN,illiteracy_15plus,hemorrhage,36,ok,0.27581513258546586,0.1034726856825933,-0.057973919523880486,0.5541376191873731,0.46126126126126127,0.004633265121182596,17,2000,20260919,2000,ok,0.10191529847158796,0.5371159586612668,0.2328135427858349,0.02452905064155492,2008-2012,2010
any_uf,1000,RN,illiteracy_15plus,W,36,ok,0.14344975924218578,0.4039134792615023,-0.1942402033837013,0.4507427261024933,0.09498069498069499,0.5816198043342667,17,2000,20260919,2000,ok,-0.29370811493217447,0.4483479756120174,0.5570034634481837,0.7549128688485197,2008-2012,2010
any_uf,1000,RN,sewer_septic,hypertension,36,ok,0.25145488588420795,0.13904092327985718,-0.08402207687867944,0.5357327173377094,0.3127413127413128,0.06329472276439664,17,2000,20260919,2000,ok,-0.10107674458816894,0.552694504363604,0.29331826019890445,0.1837588725417967,2008-2012,2010
any_uf,1000,RN,sewer_septic,hemorrhage,36,ok,-0.16806634683200894,0.3271835636518232,-0.47061661149482875,0.16984766611223107,-0.08597168597168597,0.6180962211308478,17,2000,20260919,2000,ok,-0.35927270900170044,0.12303309942670689,0.4907753454777348,0.7726202764135598,2008-2012,2010
any_uf,1000,RN,sewer_septic,W,36,ok,-0.0033737248842620783,0.9844199108028963,-0.33154198529397705,0.32552281905470404,0.2442728442728443,0.15106865761000113,17,2000,20260919,2000,ok,-0.268381875195398,0.42100761923013175,0.9954808086770861,0.30213731522000226,2008-2012,2010
any_uf,1000,SE,income_pc,hypertension,39,ok,0.336626418148475,0.036133335436440414,0.023617851421231083,0.5895288045268311,0.5576923076923077,0.0002255953624302559,13,2000,20260919,2000,ok,0.18101750524205482,0.5763138543715806,0.11614286390284419,0.002537947827340379,2008-2012,2010
any_uf,1000,SE,income_pc,hemorrhage,39,ok,0.48806738638935077,0.0016215841168336538,0.2039586599241687,0.6963508720890299,0.1653846153846154,0.31433208912658595,13,2000,20260919,2000,ok,-0.1979283888104636,0.6843812946157551,0.014594257051502885,0.49631382493671466,2008-2012,2010
any_uf,1000,SE,income_pc,W,39,ok,0.524712803647315,0.0006053316652413059,0.2507007198434307,0.7208834004418792,0.4649797570850203,0.0028594601961303375,13,2000,20260919,2000,ok,-0.09207568302806834,0.6920397592844504,0.006053316652413059,0.016084463603233148,2008-2012,2010
any_uf,1000,SE,illiteracy_15plus,hypertension,39,ok,-0.28716748180737306,0.07630179577941075,-0.5526142364902401,0.03117414099882145,-0.3925101214574899,0.013452420189265731,13,2000,20260919,2000,ok,-0.7442545525974257,0.08678953522402519,0.18611024423451447,0.052639905088431124,2008-2012,2010
any_uf,1000,SE,illiteracy_15plus,hemorrhage,39,ok,-0.7955411860863745,1.4348874368082741e-09,-0.8881312469013035,-0.6408925217840369,-0.4852226720647773,0.0017426846421706758,13,2000,20260919,2000,ok,-0.9248126529682196,-0.22687640052058639,6.456993465637234e-08,0.01206473983041237,2008-2012,2010
any_uf,1000,SE,illiteracy_15plus,W,39,ok,-0.8231274532960184,1.2621639715835123e-10,-0.9038936179312497,-0.6856919777247448,-0.6732793522267208,2.6450104139498565e-06,13,2000,20260919,2000,ok,-0.9320749083712726,-0.3129543608089386,1.135947574425161e-08,0.00016067877621756712,2008-2012,2010
any_uf,1000,SE,sewer_septic,hypertension,39,ok,0.04951949414074944,0.7646567810072646,-0.27021953318354713,0.3594208657561637,-0.036032388663967616,0.8276070846871587,13,2000,20260919,2000,ok,-0.4044734364603064,0.4149498370899756,0.8392574425689491,0.9174477779308292,2008-2012,2010
any_uf,1000,SE,sewer_septic,hemorrhage,39,ok,0.43711891157174143,0.0053942178210933,0.1410561021707704,0.6614146642399779,0.2805668016194332,0.08361725878039594,13,2000,20260919,2000,ok,-0.08946252632448441,0.7063123412382001,0.04271095160180409,0.2142362184546378,2008-2012,2010
any_uf,1000,SE,sewer_septic,W,39,ok,0.4204242490874727,0.0077014675613372875,0.12095154341328694,0.6497511481724031,0.19898785425101218,0.22458073833425438,13,2000,20260919,2000,ok,-0.17258178423347179,0.7165628390249831,0.04620880536802373,0.3918258929945393,2008-2012,2010
same_uf,1,NE,income_pc,hypertension,1794,ok,0.08095553794952591,0.0005987766233758214,0.03480630514668724,0.12676025672298158,0.10842986470260163,4.164648279621834e-06,188,2000,20260919,2000,ok,0.01838620877864491,0.1415189028328322,0.004899081463983993,9.370458629149128e-05,2008-2012,2010
same_uf,1,NE,income_pc,hemorrhage,1794,ok,0.06781273887361519,0.004058765590059317,0.02160089215050769,0.11373543524576864,0.07427786440063938,0.0016425504993752519,188,2000,20260919,2000,ok,0.009328866800356508,0.13720409038319237,0.02283055644408366,0.00821275249687626,2008-2012,2010
same_uf,1,NE,income_pc,W,1794,ok,0.11015978091406119,2.912789474430537e-06,0.06420748273695913,0.15564591182795237,0.1178094475085568,5.61964569311441e-07,188,2000,20260919,2000,ok,0.05764222072245608,0.1695661502265047,8.738368423291611e-05,1.685893707934323e-05,2008-2012,2010
same_uf,1,NE,illiteracy_15plus,hypertension,1794,ok,0.04455846414175959,0.05917056247441644,-0.0017247303715911511,0.09065116573936079,0.0467335060117731,0.04780146879131908,188,2000,20260919,2000,ok,-0.02013968129139793,0.11063152881654253,0.12988660055359708,0.11321400503207149,2008-2012,2010
same_uf,1,NE,illiteracy_15plus,hemorrhage,1794,ok,-0.03808952293460757,0.10679518490462299,-0.08422069913075257,0.00820457770464933,-0.0333516503940493,0.15793858912964207,188,2000,20260919,2000,ok,-0.12462921859571968,0.021293701382906215,0.2002409716961681,0.27871515728760365,2008-2012,2010
same_uf,1,NE,illiteracy_15plus,W,1794,ok,-0.03468306237073817,0.14198444749421305,-0.0808329536765111,0.011615219306371192,-0.023893260797252364,0.31179951790611443,188,2000,20260919,2000,ok,-0.10292966734990718,0.025294611847373975,0.24110566555621085,0.4317224094084661,2008-2012,2010
same_uf,1,NE,sewer_septic,hypertension,1794,ok,0.041663510815558226,0.07769484453821304,-0.004625044928795103,0.08777390547312339,0.07202050766565596,0.002270854917471839,188,2000,20260919,2000,ok,-0.025972588735568295,0.10975615797839623,0.15538968907642609,0.0107566811880245,2008-2012,2010
same_uf,1,NE,sewer_septic,hemorrhage,1794,ok,0.035831160149696006,0.12924624235568086,-0.01046583271134006,0.08197486293913563,-0.03788641141524352,0.10867866889877524,188,2000,20260919,2000,ok,-0.03224963441755174,0.10534273097667202,0.23264323624022554,0.20810808938063344,2008-2012,2010
same_uf,1,NE,sewer_septic,W,1794,ok,0.06447288781471426,0.006300288805851582,0.018247697101709703,0.11042304738592024,0.05408255535061143,0.021976077663998974,188,2000,20260919,2000,ok,-0.0010487248511901334,0.135811845820967,0.03150144402925791,0.07063739249142528,2008-2012,2010
same_uf,1,AL,income_pc,hypertension,102,ok,0.19611074252297309,0.048218459944642814,0.0017007082949855278,0.3762364998568849,0.20896121593884118,0.035054989439648396,13,2000,20260919,2000,ok,-0.169738989983743,0.44395703839961204,0.11127336910302187,0.09279261910495164,2008-2012,2010
same_uf,1,AL,income_pc,hemorrhage,102,ok,0.05518999495380509,0.5816732946722802,-0.1407960758733629,0.24701367710703168,0.11836535350167923,0.23606931310212764,13,2000,20260919,2000,ok,-0.1539307877375517,0.199351866523021,0.6888236384277002,0.37274102068757,2008-2012,2010
same_uf,1,AL,income_pc,W,102,ok,0.19908857549300715,0.044851501272004345,0.0047995045249425,0.378893573242472,0.21965948736507004,0.026535898339592655,13,2000,20260919,2000,ok,-0.15840424763910302,0.45050169470578816,0.10909824633730787,0.0808737357225844,2008-2012,2010
same_uf,1,AL,illiteracy_15plus,hypertension,102,ok,-0.23062005767102964,0.019702232125973405,-0.4068479026402941,-0.03784238461491403,-0.23636281389418212,0.016769586815521768,13,2000,20260919,2000,ok,-0.46075749057284515,0.02044277905938117,0.066258380386979,0.05804856974603689,2008-2012,2010
same_uf,1,AL,illiteracy_15plus,hemorrhage,102,ok,-0.04942914751803197,0.621758857286561,-0.24158178433612987,0.14645356773629087,-0.11564489597901544,0.24708863324129504,13,2000,20260919,2000,ok,-0.33168527696143557,0.19328755621809174,0.7267311318933829,0.37691486426638227,2008-2012,2010
same_uf,1,AL,illiteracy_15plus,W,102,ok,-0.2492387232896752,0.01153155393893448,-0.423200792119113,-0.05755348254883085,-0.267892180423068,0.0064853138001526025,13,2000,20260919,2000,ok,-0.5219899479538995,0.019776125441576742,0.04361639728301586,0.02431992675057226,2008-2012,2010
same_uf,1,AL,sewer_septic,hypertension,102,ok,0.3095717445386107,0.0015447310491461237,0.12247002483084765,0.475424232727176,0.3116578362576406,0.0014296030265526908,13,2000,20260919,2000,ok,0.014377639800235514,0.458179351267156,0.009930413887367939,0.008041517024358886,2008-2012,2010
same_uf,1,AL,sewer_septic,hemorrhage,102,ok,0.37545464359496256,0.00010089524460519343,0.19523513343099447,0.5311470409242115,0.2187847366927302,0.027159131525338893,13,2000,20260919,2000,ok,-0.027676132088495835,0.5403757846882344,0.0012972245734953441,0.0808737357225844,2008-2012,2010
same_uf,1,AL,sewer_septic,W,102,ok,0.3822471635207171,7.352552842601376e-05,0.20285175440317657,0.536816477479968,0.34492878185591264,0.00038481542662575083,13,2000,20260919,2000,ok,0.061919456724347635,0.5366272861160585,0.0011028829263902064,0.0031484898542106887,2008-2012,2010
same_uf,1,BA,income_pc,hypertension,417,ok,0.17851724793239782,0.0002483496527535643,0.08392585123880524,0.2699201377972893,0.20721040832023013,1.9987352513632746e-05,32,2000,20260919,2000,ok,0.056989975853283734,0.2943385481215357,0.0024834965275356427,0.0002569802466038496,2008-2012,2010
same_uf,1,BA,income_pc,hemorrhage,417,ok,0.014522372695058449,0.7674739737868357,-0.08162159621696281,0.11039855309267796,0.024992505621000107,0.6108160591561738,32,2000,20260919,2000,ok,-0.05265911433688836,0.08175891434137654,0.8291961980957118,0.6907377642137438,2008-2012,2010
same_uf,1,BA,income_pc,W,417,ok,0.12670547802780044,0.009595390172415025,0.031053178350701757,0.22005805241863322,0.14300992705421944,0.003426493635750901,32,2000,20260919,2000,ok,0.019504085331368454,0.23008228514593804,0.03925386888715238,0.014017473964435504,2008-2012,2010
same_uf,1,BA,illiteracy_15plus,hypertension,417,ok,-0.19978778430647595,3.973160393302407e-05,-0.29024930365612034,-0.10578724055656372,-0.17951885191263797,0.00022883503060816378,32,2000,20260919,2000,ok,-0.3274892398107223,-0.05998502348338447,0.0007151688707944333,0.002059515275473474,2008-2012,2010
same_uf,1,BA,illiteracy_15plus,hemorrhage,417,ok,-0.011523944293190393,0.8144982471081743,-0.10743519218657215,0.08459981837475114,-0.0660987447614122,0.1779169388756316,32,2000,20260919,2000,ok,-0.08740883463444929,0.06693350029252737,0.8624099087027728,0.296528231459386,2008-2012,2010
same_uf,1,BA,illiteracy_15plus,W,417,ok,-0.15177021380978722,0.0018838673179664023,-0.24424066519578402,-0.05656447294967499,-0.1562581233083702,0.001369576074389237,32,2000,20260919,2000,ok,-0.2613600426589206,-0.04289834059659283,0.011303203907798414,0.008041517024358886,2008-2012,2010
same_uf,1,BA,sewer_septic,hypertension,417,ok,0.15730914517751626,0.0012694911761809012,0.062218909496644756,0.24956918897464253,0.16518666384920436,0.0007082290279645455,32,2000,20260919,2000,ok,0.007355356613389425,0.3323211493649544,0.008788785065867779,0.0053117177097340915,2008-2012,2010
same_uf,1,BA,sewer_septic,hemorrhage,417,ok,0.00433669009462429,0.929644354639014,-0.09173165244162637,0.10032505004871108,-0.04440444222743497,0.3657363248623256,32,2000,20260919,2000,ok,-0.14470803735242566,0.1587559610313165,0.9666356262713535,0.4840627829060192,2008-2012,2010
same_uf,1,BA,sewer_septic,W,417,ok,0.10640765351156234,0.0298138506197073,0.01048464861805086,0.2003901391683307,0.09366325785775381,0.0559892093559118,32,2000,20260919,2000,ok,-0.029958362318489057,0.25214620128857645,0.08385145486792678,0.12920586774441184,2008-2012,2010
same_uf,1,CE,income_pc,hypertension,184,ok,0.20393983410176403,0.005490264890883647,0.06108083465813943,0.3386110959788031,0.17129999966290427,0.020071779252987906,33,2000,20260919,2000,ok,0.053738269894905,0.3690886752045681,0.0290661082458546,0.06690593084329302,2008-2012,2010
same_uf,1,CE,income_pc,hemorrhage,184,ok,0.026015214870940048,0.7259319563874873,-0.11909399696178964,0.1700363173252998,0.14979135528441584,0.04240873645997721,33,2000,20260919,2000,ok,-0.03649183004787303,0.20655950943859525,0.8065910626527637,0.10315638598372835,2008-2012,2010
same_uf,1,CE,income_pc,W,184,ok,0.19828303940393957,0.006972479365311499,0.05520553022600012,0.33338140039823516,0.16065099913844744,0.029369180691849135,33,2000,20260919,2000,ok,0.045069321308572226,0.35191433083202633,0.033027533835686046,0.0808737357225844,2008-2012,2010
same_uf,1,CE,illiteracy_15plus,hypertension,184,ok,-0.1346934392240458,0.06831314581441181,-0.2740152964031879,0.010165652377079042,-0.11898826838242374,0.10766956910551798,33,2000,20260919,2000,ok,-0.33392586834885685,0.05983088753605433,0.14298100286737356,0.20810808938063344,2008-2012,2010
same_uf,1,CE,illiteracy_15plus,hemorrhage,184,ok,-0.05026380533077023,0.49802947523561597,-0.19351771179693758,0.09508861926950381,-0.08228876943892723,0.2667849881316703,33,2000,20260919,2000,ok,-0.1625475371485186,0.057100668137907436,0.6140089420713074,0.3872685311588762,2008-2012,2010
same_uf,1,CE,illiteracy_15plus,W,184,ok,-0.15113904036127435,0.040564120466069414,-0.2894710807741484,-0.006622826366839678,-0.12329178786769661,0.09543854223848232,33,2000,20260919,2000,ok,-0.3374326482773494,0.02510456173493545,0.10141030116517354,0.19087708447696464,2008-2012,2010
same_uf,1,CE,sewer_septic,hypertension,184,ok,0.16656105769447818,0.023836403372060957,0.0224407501516879,0.30389964368979144,0.11506424457244128,0.11986482848892853,33,2000,20260919,2000,ok,-0.07917788556441271,0.36360845831929706,0.07397504494777539,0.2201598890612973,2008-2012,2010
same_uf,1,CE,sewer_septic,hemorrhage,184,ok,-0.07204827089798428,0.33109339440510654,-0.21447391520412104,0.07337752693948914,-0.10145463935894149,0.1705752723776973,33,2000,20260919,2000,ok,-0.18264913572197336,0.010575649673071216,0.4656000858821811,0.2896561229055237,2008-2012,2010
same_uf,1,CE,sewer_septic,W,184,ok,0.1462009818944286,0.04766922101598512,0.0015732402829406486,0.28483779642546797,0.08141241740671533,0.2719291709894034,33,2000,20260919,2000,ok,-0.07673745045001738,0.3465419495573861,0.11127336910302187,0.3884702442705763,2008-2012,2010
same_uf,1,MA,income_pc,hypertension,217,ok,0.1579975309703775,0.0198775141160937,0.02534647997943952,0.2851809353335239,0.16675947897986873,0.013909996033719946,21,2000,20260919,2000,ok,0.014451088044429499,0.28766841491514833,0.066258380386979,0.050075985721391804,2008-2012,2010
same_uf,1,MA,income_pc,hemorrhage,217,ok,0.12975763304558627,0.056328484692223346,-0.0034870410405433852,0.25847515657361747,0.2679267836981677,6.405815166821857e-05,21,2000,20260919,2000,ok,-0.008134885504038191,0.24508347919951493,0.12673909055750254,0.0007206542062674589,2008-2012,2010
same_uf,1,MA,income_pc,W,217,ok,0.17100638293340792,0.011631039275470897,0.03870345694007163,0.2974170082990088,0.19137282327586247,0.0046692247280535094,21,2000,20260919,2000,ok,0.023833726388462716,0.2836582039792703,0.04361639728301586,0.01827087937064417,2008-2012,2010
same_uf,1,MA,illiteracy_15plus,hypertension,217,ok,-0.17766667204052863,0.008716484925036457,-0.30366561735138503,-0.045560328062166686,-0.1988069118970767,0.00327039597089685,21,2000,20260919,2000,ok,-0.3364404787196835,-0.008939369868358743,0.03735636396444196,0.014015982732415071,2008-2012,2010
same_uf,1,MA,illiteracy_15plus,hemorrhage,217,ok,0.02706314828896192,0.6917840551553036,-0.10650514986398324,0.15967204017440353,-0.1175840513262279,0.08396727687269558,21,2000,20260919,2000,ok,-0.1244633265784463,0.11597439123789524,0.7790698602973021,0.175745463221921,2008-2012,2010
same_uf,1,MA,illiteracy_15plus,W,217,ok,-0.042274308527936344,0.5356399148230329,-0.17447637000797953,0.0914248509938115,-0.13806939629522613,0.04216542333843329,21,2000,20260919,2000,ok,-0.20638170813396098,0.07635976188697395,0.6514539504604454,0.10315638598372835,2008-2012,2010
same_uf,1,MA,sewer_septic,hypertension,217,ok,0.12603944840274467,0.06383203402435601,-0.007266950294166456,0.2549442415916176,0.0555856769626348,0.4152274575471272,21,2000,20260919,2000,ok,0.009003258331779788,0.24941800243297158,0.13678293005219144,0.5263446644963584,2008-2012,2010
same_uf,1,MA,sewer_septic,hemorrhage,217,ok,-0.050812589828317004,0.456468698870969,-0.18276018247242404,0.08293306724462894,0.02312953552078282,0.734762829870597,21,2000,20260919,2000,ok,-0.1375508422681514,0.043143370486020516,0.5705858735887113,0.7967307793777558,2008-2012,2010
same_uf,1,MA,sewer_septic,W,217,ok,0.0005625266305718177,0.9934265629505733,-0.13263182222582698,0.13373691919984002,-0.0020276775364699152,0.9763086502218974,21,2000,20260919,2000,ok,-0.09929387894800398,0.1305479936421564,0.9934265629505733,0.9872784103367502,2008-2012,2010
same_uf,1,PB,income_pc,hypertension,223,ok,0.06775067663274247,0.3138361223072438,-0.06419770741965801,0.19737087055836872,-0.002053600552175983,0.9756726926551674,23,2000,20260919,2000,ok,-0.13694333126181676,0.21929739980764293,0.4555685646395474,0.9872784103367502,2008-2012,2010
same_uf,1,PB,income_pc,hemorrhage,223,ok,0.08348733863030827,0.21427545224051328,-0.04842072309663205,0.21253317620140819,0.07843353708598344,0.24342123788218345,23,2000,20260919,2000,ok,-0.05695669224266568,0.25431546195078875,0.3383296614323894,0.37691486426638227,2008-2012,2010
same_uf,1,PB,income_pc,W,223,ok,0.10023835335771847,0.13563981518595639,-0.03155415167103742,0.22860482201393692,0.03473789403119973,0.6058628957133284,23,2000,20260919,2000,ok,-0.055145241720432975,0.24547651111311677,0.23476121859107837,0.6907377642137438,2008-2012,2010
same_uf,1,PB,illiteracy_15plus,hypertension,223,ok,-0.002199682286981749,0.9739427740246716,-0.1335380595050132,0.1292146271966297,0.023804973777509807,0.72368635038756,23,2000,20260919,2000,ok,-0.20312063791288965,0.18935126974090027,0.9848859512609038,0.7942898967668343,2008-2012,2010
same_uf,1,PB,illiteracy_15plus,hemorrhage,223,ok,-0.11510326140608977,0.08636305444850255,-0.2428084993709108,0.016523574788586626,-0.024517428953417613,0.7157680572586408,23,2000,20260919,2000,ok,-0.2739257736047595,0.039531958983654684,0.16537606170989852,0.7942898967668343,2008-2012,2010
same_uf,1,PB,illiteracy_15plus,W,223,ok,-0.10540208804499814,0.11652723997054712,-0.23354506262724606,0.026339615382929643,0.007403519441038101,0.9124583050586885,23,2000,20260919,2000,ok,-0.26852682657823895,0.10185936074345259,0.21402962443569878,0.9510204007880422,2008-2012,2010
same_uf,1,PB,sewer_septic,hypertension,223,ok,0.0848843219463239,0.2066791138781958,-0.04701697209187093,0.21387617607293916,0.07697981181775458,0.25229494988808626,23,2000,20260919,2000,ok,-0.1244925771069252,0.24780369476308675,0.33216286158995756,0.3784424248321294,2008-2012,2010
same_uf,1,PB,sewer_septic,hemorrhage,223,ok,0.06579623001325818,0.32803192328169767,-0.06615256806954753,0.19548341805898597,0.11465185212798701,0.08761175852491032,23,2000,20260919,2000,ok,-0.02225309134529801,0.406317691147013,0.4656000858821811,0.17920586971004385,2008-2012,2010
same_uf,1,PB,sewer_septic,W,223,ok,0.07766254197799831,0.24809997677784,-0.05426812754794855,0.2069282072004116,0.10243825941988913,0.12722233610570738,23,2000,20260919,2000,ok,-0.02507895780581163,0.34867653354854083,0.38498272258630345,0.2290002049902733,2008-2012,2010
same_uf,1,PE,income_pc,hypertension,185,ok,0.05561296440791288,0.4521272396212663,-0.08937269102338964,0.1982906381166462,0.11521771886336282,0.1183553405792332,19,2000,20260919,2000,ok,-0.12725254690219137,0.23263658717842475,0.5705858735887113,0.2201598890612973,2008-2012,2010
same_uf,1,PE,income_pc,hemorrhage,185,ok,0.25293323077920277,0.0005135224568252024,0.11278000972172017,0.38321807929630475,0.31416323209166097,1.3313159362483509e-05,19,2000,20260919,2000,ok,0.05753152899428013,0.4029537391043456,0.004621702111426822,0.00023963686852470316,2008-2012,2010
same_uf,1,PE,income_pc,W,185,ok,0.0686528929942011,0.353123706304538,-0.07637213153310532,0.2108333037064114,0.13655667741779587,0.06381433546351148,19,2000,20260919,2000,ok,-0.1503383889912237,0.30436113210907856,0.4815323267789154,0.14008024857843984,2008-2012,2010
same_uf,1,PE,illiteracy_15plus,hypertension,185,ok,0.006091466353931,0.934414438728975,-0.13829867158416606,0.15022804490065678,-0.03732335137834898,0.61398912374555,19,2000,20260919,2000,ok,-0.27100563962414176,0.2590016029722769,0.9666356262713535,0.6907377642137438,2008-2012,2010
same_uf,1,PE,illiteracy_15plus,hemorrhage,185,ok,-0.29962248607475805,3.423787356386507e-05,-0.42549844090348055,-0.16237262400144153,-0.28385156323423005,9.022659513109883e-05,19,2000,20260919,2000,ok,-0.4674965558652631,-0.09005518333346971,0.0007151688707944333,0.0009022659513109883,2008-2012,2010
same_uf,1,PE,illiteracy_15plus,W,185,ok,-0.0761827038301081,0.3026945352030646,-0.21805471422872372,0.06884252876219925,-0.13915507372730374,0.05888022898530485,19,2000,20260919,2000,ok,-0.36644269633822985,0.18421698890487118,0.44659849456189865,0.1324805152169359,2008-2012,2010
same_uf,1,PE,sewer_septic,hypertension,185,ok,0.12800817910116102,0.0824843891437799,-0.016566361234808858,0.2673396675899629,0.07769625321335728,0.2931619025915251,19,2000,20260919,2000,ok,-0.09311903694462513,0.27392720160781103,0.1613825004986998,0.41225892551933213,2008-2012,2010
same_uf,1,PE,sewer_septic,hemorrhage,185,ok,-0.031662712444096165,0.6687619290326443,-0.17513132395781209,0.11312262442645914,-0.01229928940902735,0.8680303689547872,19,2000,20260919,2000,ok,-0.18925816857616656,0.12195966032816886,0.7716483796530511,0.9190909788933042,2008-2012,2010
same_uf,1,PE,sewer_septic,W,185,ok,0.07025732793428151,0.3419593623328644,-0.07476912647726341,0.21237332758110491,0.040942344869413595,0.5800348851705763,19,2000,20260919,2000,ok,-0.12083217946818342,0.25656170738249606,0.4734821939993507,0.6779628527967775,2008-2012,2010
same_uf,1,PI,income_pc,hypertension,224,ok,0.10035672600158588,0.13429404933870281,-0.03113568777871354,0.22843448304951386,0.0936676430718998,0.16237773374685907,15,2000,20260919,2000,ok,-0.019859837833250137,0.2186323310271196,0.23476121859107837,0.28103838533110226,2008-2012,2010
same_uf,1,PI,income_pc,hemorrhage,224,ok,0.11896441934587867,0.07559288650351315,-0.012310373451513562,0.24620782968386468,0.040997198517784224,0.5415877848182534,15,2000,20260919,2000,ok,-0.06246185548544229,0.25015415119238676,0.15462181330264052,0.6499053417819041,2008-2012,2010
same_uf,1,PI,income_pc,W,224,ok,0.1428770545668206,0.03256529668182016,0.012019339021126457,0.2689232860741652,0.07600650225960597,0.2572830163252972,15,2000,20260919,2000,ok,-0.02493627074060156,0.27204432537845885,0.08881444549587317,0.3795978929389631,2008-2012,2010
same_uf,1,PI,illiteracy_15plus,hypertension,224,ok,0.13893515821017832,0.03772360434697705,0.007997995330643213,0.2651883667839482,0.13971500720316798,0.03665160444363951,15,2000,20260919,2000,ok,-0.046254342566459127,0.35465801925969165,0.09700355403508386,0.09424698285507303,2008-2012,2010
same_uf,1,PI,illiteracy_15plus,hemorrhage,224,ok,0.019299273038808434,0.7739164515559976,-0.11206705703051952,0.15000261840941206,0.06498486923535511,0.3329510834825308,15,2000,20260919,2000,ok,-0.16445596673117643,0.2401529953048258,0.8291961980957118,0.4540242047489056,2008-2012,2010
same_uf,1,PI,illiteracy_15plus,W,224,ok,0.07083667454624688,0.29115949484202214,-0.06081080490532217,0.20006182866306696,0.12019137346039246,0.07260443113008598,15,2000,20260919,2000,ok,-0.12039290142285243,0.32835876798904823,0.4367392422630332,0.15558092385018424,2008-2012,2010
same_uf,1,PI,sewer_septic,hypertension,224,ok,0.14764308788897285,0.027141312426889944,0.01688708923725153,0.2734340126672226,0.2102064748904735,0.0015566689784297784,15,2000,20260919,2000,ok,0.03590006913995774,0.2689115004320984,0.08117603929438856,0.00821275249687626,2008-2012,2010
same_uf,1,PI,sewer_septic,hemorrhage,224,ok,0.14012567771055684,0.03609752367605377,0.009212063051504552,0.2663167751906594,0.1461672537547651,0.028731429205393715,15,2000,20260919,2000,ok,-0.0026027409547210523,0.25383866291016066,0.09555226855425997,0.0808737357225844,2008-2012,2010
same_uf,1,PI,sewer_septic,W,224,ok,0.1759645917042607,0.008303089085235835,0.04594145178854235,0.3001247559624857,0.21878116331709785,0.0009803024324607603,15,2000,20260919,2000,ok,0.050021594667447926,0.28958903278327364,0.03735636396444196,0.006786709147805264,2008-2012,2010
same_uf,1,RN,income_pc,hypertension,167,ok,-0.088346064212621,0.25623744173496865,-0.23702953999261395,0.06438130551364195,-0.23095306191333834,0.0026745641731676342,19,2000,20260919,2000,ok,-0.3354998844587618,0.1181251657276051,0.390870673833003,0.012035538779254354,2008-2012,2010
same_uf,1,RN,income_pc,hemorrhage,167,ok,0.06157789881458092,0.4292151016087122,-0.09113796717910316,0.21146400034256554,-0.06726659196633608,0.38773860478105887,19,2000,20260919,2000,ok,-0.0979300354391079,0.21325348830893937,0.5680788109527073,0.5057460062361637,2008-2012,2010
same_uf,1,RN,income_pc,W,167,ok,0.004380738382591215,0.9551930936775265,-0.14758103820983673,0.15614045675523452,-0.1022373354753769,0.18860338998251835,19,2000,20260919,2000,ok,-0.2237495708956516,0.18383232220917564,0.976902027624743,0.3086237290623028,2008-2012,2010
same_uf,1,RN,illiteracy_15plus,hypertension,167,ok,0.0244684497305686,0.7536166728157186,-0.127870293905304,0.17567924373801128,0.061826942277641926,0.42734749039015485,19,2000,20260919,2000,ok,-0.18898166100413208,0.21053751264169546,0.8271402506513986,0.5341843629876936,2008-2012,2010
same_uf,1,RN,illiteracy_15plus,hemorrhage,167,ok,-0.07134974627130641,0.359517442147704,-0.22082065442495963,0.08139580687543481,0.09426793577335386,0.22560399167465572,19,2000,20260919,2000,ok,-0.2814774790689064,0.14748775678496387,0.4829338775118412,0.3625778437628396,2008-2012,2010
same_uf,1,RN,illiteracy_15plus,W,167,ok,-0.04637053531871064,0.5518041971083806,-0.1968479276290447,0.10624120953776005,-0.0004972852220626138,0.9949110679564497,19,2000,20260919,2000,ok,-0.2797760911201454,0.16991812017228292,0.6621650365300566,0.9949110679564497,2008-2012,2010
same_uf,1,RN,sewer_septic,hypertension,167,ok,-0.06054896199903845,0.43698089733729634,-0.21047718046734817,0.09216207985772193,-0.06622520822200378,0.3951448204812853,19,2000,20260919,2000,ok,-0.25350420084392794,0.16962322171584945,0.5699750834834301,0.5080433406187954,2008-2012,2010
same_uf,1,RN,sewer_septic,hemorrhage,167,ok,0.09943477147266058,0.20107319067565452,-0.05323266419993068,0.24756007974879643,0.02183905844036457,0.779372789075469,19,2000,20260919,2000,ok,-0.14777708065961065,0.3045585461110462,0.33216286158995756,0.8350422740094311,2008-2012,2010
same_uf,1,RN,sewer_septic,W,167,ok,0.030825542133681202,0.6925065424864907,-0.12160733020632064,0.1818379030893325,0.00789730158353322,0.919319720761774,19,2000,20260919,2000,ok,-0.21930657529961053,0.2898720873296044,0.7790698602973021,0.9510204007880422,2008-2012,2010
same_uf,1,SE,income_pc,hypertension,75,ok,0.2617582044555505,0.02329707291172252,0.03699414930975266,0.461313800378521,0.4721329200465494,1.8995240412584273e-05,13,2000,20260919,2000,ok,0.14248896767654332,0.4617246558478202,0.07397504494777539,0.0002569802466038496,2008-2012,2010
same_uf,1,SE,income_pc,hemorrhage,75,ok,0.38427795961229994,0.0006646950855278875,0.17234766314508998,0.5622061856760835,0.10870554765291607,0.35322052322911024,13,2000,20260919,2000,ok,-0.22094812651958007,0.6268223894507772,0.0049852131414591565,0.47447532971074513,2008-2012,2010
same_uf,1,SE,income_pc,W,75,ok,0.42624698426259855,0.00013728952846151667,0.22062920605277195,0.5955903460852404,0.3634139402560455,0.0013519178398077403,13,2000,20260919,2000,ok,-0.11918958844098085,0.6442838437077354,0.0015445071951920625,0.008041517024358886,2008-2012,2010
same_uf,1,SE,illiteracy_15plus,hypertension,75,ok,-0.1484153397209215,0.203807786799195,-0.3631447908584592,0.08128454440629353,-0.25128737669847223,0.02965370309828095,13,2000,20260919,2000,ok,-0.49220404121377864,0.1331853701965852,0.33216286158995756,0.0808737357225844,2008-2012,2010
same_uf,1,SE,illiteracy_15plus,hemorrhage,75,ok,-0.7600314279440467,2.6360370703046867e-15,-0.8417866463308782,-0.6441913976113238,-0.6074537695590326,7.53254530428955e-09,13,2000,20260919,2000,ok,-0.8862884781631181,-0.3593115781804377,1.186216681637109e-13,3.389645386930297e-07,2008-2012,2010
same_uf,1,SE,illiteracy_15plus,W,75,ok,-0.7857502233685493,6.918907274137284e-17,-0.8594430217724591,-0.6800686364610213,-0.7066002844950213,1.4095402424707404e-12,13,2000,20260919,2000,ok,-0.9008258431535107,-0.3994199920040664,6.227016546723556e-15,1.2685862182236664e-10,2008-2012,2010
same_uf,1,SE,sewer_septic,hypertension,75,ok,0.08787977347017978,0.4534169374864146,-0.14191256835064142,0.3086847907574813,0.08944777948938543,0.4453672150211866,13,2000,20260919,2000,ok,-0.1783911992998368,0.36851329053324056,0.5705858735887113,0.5490828678343397,2008-2012,2010
same_uf,1,SE,sewer_septic,hemorrhage,75,ok,0.25387495817088424,0.027960635756956058,0.028558660999442567,0.4546404527718871,0.06665718349928876,0.569895831643084,13,2000,20260919,2000,ok,-0.2683118875250823,0.5576061913764132,0.08117603929438856,0.674876642735231,2008-2012,2010
same_uf,1,SE,sewer_septic,W,75,ok,0.27065625679649075,0.01884407677776791,0.046554171190636914,0.4688191759798179,0.08298719772403983,0.47904369661886714,13,2000,20260919,2000,ok,-0.2687240827336421,0.5714383496138069,0.066258380386979,0.5826207121040277,2008-2012,2010
same_uf,1000,NE,income_pc,hypertension,828,ok,0.15935636357788072,4.0650685122851405e-06,0.09222620758322378,0.22504448710467861,0.1531722503814629,9.554373204800226e-06,180,2000,20260919,2000,ok,0.07059542615044119,0.24161814659230704,9.146404152641567e-05,0.00025570851430294956,2008-2012,2010
same_uf,1000,NE,income_pc,hemorrhage,828,ok,0.09974371091029487,0.00406651445518093,0.03182853475811225,0.16674205713605936,0.07379297254043968,0.03374720711235702,180,2000,20260919,2000,ok,-0.000932140734118473,0.20682635910859665,0.022874143810392728,0.10847316571829042,2008-2012,2010
same_uf,1000,NE,income_pc,W,828,ok,0.18326648709839535,1.0928601308768757e-07,0.1165907919971899,0.2482976618145194,0.15188682806060883,1.1364822857908869e-05,180,2000,20260919,2000,ok,0.10122056093729247,0.26996906801296455,3.2785803926306273e-06,0.00025570851430294956,2008-2012,2010
same_uf,1000,NE,illiteracy_15plus,hypertension,828,ok,-0.05847369548156107,0.0926703088020226,-0.12610278759061946,0.009696406902338183,-0.03970755894146771,0.2537415301407239,180,2000,20260919,2000,ok,-0.15123179453837213,0.04057827588347027,0.20850819480455085,0.4308818436351916,2008-2012,2010
same_uf,1000,NE,illiteracy_15plus,hemorrhage,828,ok,-0.0518904742993007,0.13572607357440175,-0.11959911950702598,0.016298620304528506,-0.04314638118003043,0.21488714463267924,180,2000,20260919,2000,ok,-0.1620649841272829,0.045809938691103946,0.2599009919509821,0.38679686033882266,2008-2012,2010
same_uf,1000,NE,illiteracy_15plus,W,828,ok,-0.1000979408675374,0.003936449991335773,-0.16708989074305228,-0.03218597051946124,-0.0801032638550337,0.021155735518105182,180,2000,20260919,2000,ok,-0.1977951986844694,-0.008840207874771713,0.022874143810392728,0.08278331289693332,2008-2012,2010
same_uf,1000,NE,sewer_septic,hypertension,828,ok,0.0901525565916621,0.009445157093840452,0.02215717811932241,0.15731774823331485,0.1252858332524888,0.00030162476592866696,180,2000,20260919,2000,ok,0.004192592600868714,0.16898211621933493,0.04047924468788765,0.003878032704797147,2008-2012,2010
same_uf,1000,NE,sewer_septic,hemorrhage,828,ok,0.008028817659503643,0.817560428303143,-0.060135550277070175,0.07611865247983728,-0.10438717846708469,0.002634738216108935,180,2000,20260919,2000,ok,-0.10048367752440918,0.0977560212807459,0.8798342051024957,0.01580842929665361,2008-2012,2010
same_uf,1000,NE,sewer_septic,W,828,ok,0.07989677365016015,0.021491761168188663,0.011829695540658042,0.14722681956400607,0.07447172961397543,0.03214026376335573,180,2000,20260919,2000,ok,-0.009790088842309355,0.17013145858194179,0.07163920389396221,0.1071342125445191,2008-2012,2010
same_uf,1000,AL,income_pc,hypertension,62,ok,0.2174535991125194,0.08955162408147294,-0.034170506103598376,0.44315284379303554,0.18949409483518423,0.1401818182430357,13,2000,20260919,2000,ok,-0.24348501361767505,0.4416470701320503,0.2066575940341683,0.2970467128259159,2008-2012,2010
same_uf,1000,AL,income_pc,hemorrhage,62,ok,0.0057306897129965504,0.9647405731119926,-0.24438731532344277,0.2551337082945112,0.00936779944925115,0.9423929685894425,13,2000,20260919,2000,ok,-0.19730920050259687,0.185946229844463,0.9866664952281742,0.9724783860741992,2008-2012,2010
same_uf,1000,AL,income_pc,W,62,ok,0.18536608551208547,0.1491884193515095,-0.06752859342019296,0.415879661251611,0.15700939286343835,0.22295464253267497,13,2000,20260919,2000,ok,-0.22349796035940278,0.410470899837104,0.2740195457476705,0.39344936917530876,2008-2012,2010
same_uf,1000,AL,illiteracy_15plus,hypertension,62,ok,-0.2427182420472525,0.0573279413535411,-0.4643368151319695,0.007504934546214527,-0.1930195663670016,0.13281799209399206,13,2000,20260919,2000,ok,-0.4804492699299385,0.14364617339184182,0.15175043299466762,0.2970467128259159,2008-2012,2010
same_uf,1000,AL,illiteracy_15plus,hemorrhage,62,ok,0.07729094343644927,0.5504416973395845,-0.175872445167159,0.3208649068583885,-0.012414852495916173,0.9237041228673853,13,2000,20260919,2000,ok,-0.20817489156267674,0.25051956078687787,0.6561754762088912,0.9724783860741992,2008-2012,2010
same_uf,1000,AL,illiteracy_15plus,W,62,ok,-0.21305555876240378,0.09639054660650238,-0.43943922127158264,0.03877609457910766,-0.20772581904258267,0.10521644924029419,13,2000,20260919,2000,ok,-0.47568638415922454,0.10817063473058776,0.21158900474598086,0.2869539524735296,2008-2012,2010
same_uf,1000,AL,sewer_septic,hypertension,62,ok,0.24805478653705584,0.0519031685973792,-0.0018265843893089985,0.4687792114970786,0.28397673188789,0.025299582765169092,13,2000,20260919,2000,ok,-0.09123551923149982,0.4960306120940796,0.14241516129833592,0.0896255204331553,2008-2012,2010
same_uf,1000,AL,sewer_septic,hemorrhage,62,ok,0.5148481495630791,1.858276972736964e-05,0.3041975273132716,0.677495392545509,0.3673335767909315,0.003314584583999047,13,2000,20260919,2000,ok,-0.08154389119881035,0.7484980730043838,0.00026200138602157553,0.018644538284994638,2008-2012,2010
same_uf,1000,AL,sewer_septic,W,62,ok,0.39496808893878166,0.0014884126948484068,0.1610916535213208,0.5868438683846514,0.3887336002618922,0.001793855306118895,13,2000,20260919,2000,ok,0.005399085173754188,0.639327039829941,0.01084031128663074,0.013453914795891713,2008-2012,2010
same_uf,1000,BA,income_pc,hypertension,226,ok,0.27266510041094333,3.248138826077933e-05,0.1474099654896755,0.389312635037771,0.21036903583695804,0.0014693374108988987,32,2000,20260919,2000,ok,0.07985639586680847,0.4317223404696887,0.0003654156179337675,0.013224036698090089,2008-2012,2010
same_uf,1000,BA,income_pc,hemorrhage,226,ok,0.028204634912678498,0.6732137928395382,-0.1026736878920884,0.1581230389222202,0.03223376679423641,0.6297931508642103,32,2000,20260919,2000,ok,-0.0733275879723634,0.1386983026597224,0.7573655169444805,0.7719785669278583,2008-2012,2010
same_uf,1000,BA,income_pc,W,226,ok,0.17791678489800739,0.007334328186865905,0.048543467407267234,0.3014187892065203,0.16214061161519971,0.014680755274441359,32,2000,20260919,2000,ok,0.029205363555000405,0.32415984239473966,0.03474155456936481,0.06005763521362374,2008-2012,2010
same_uf,1000,BA,illiteracy_15plus,hypertension,226,ok,-0.2869373488986883,1.174890138232723e-05,-0.4023708064024738,-0.1625226720643404,-0.22639591085362237,0.0006052788903453713,32,2000,20260919,2000,ok,-0.44866987083318727,-0.1031737531179497,0.00021148022488189013,0.0068093875163854276,2008-2012,2010
same_uf,1000,BA,illiteracy_15plus,hemorrhage,226,ok,0.016900895523770266,0.8005113745405709,-0.11385062049713422,0.1470769166060554,-0.03176929204282519,0.6347379328073501,32,2000,20260919,2000,ok,-0.08417013871729152,0.13356610254432177,0.8786100452274559,0.7719785669278583,2008-2012,2010
same_uf,1000,BA,illiteracy_15plus,W,226,ok,-0.1602110055899654,0.015920332446802108,-0.2847578126723121,-0.03034503747843732,-0.15095243874896583,0.023222694619636587,32,2000,20260919,2000,ok,-0.290664887770493,-0.03458136312533189,0.059701246675507906,0.0870851048236372,2008-2012,2010
same_uf,1000,BA,sewer_septic,hypertension,226,ok,0.2451143346372902,0.00019814261340356267,0.11840128827889,0.36397217699046724,0.2047769949909741,0.0019730496982495868,32,2000,20260919,2000,ok,0.044204481659068554,0.43293854880588145,0.0018748706220058477,0.013659574834035602,2008-2012,2010
same_uf,1000,BA,sewer_septic,hemorrhage,226,ok,-0.0010669596712584038,0.9872734971125187,-0.13154905303108613,0.12945147505617882,0.003781229326998453,0.9549201268156287,32,2000,20260919,2000,ok,-0.11540225277531252,0.12234442484096243,0.9872734971125187,0.9724783860741992,2008-2012,2010
same_uf,1000,BA,sewer_septic,W,226,ok,0.1675112547929769,0.011664699077417682,0.03783799414563714,0.2916364091361068,0.17501024651677496,0.008369883182734933,32,2000,20260919,2000,ok,0.020885966787973793,0.3193964956012412,0.04564447465076484,0.041849415913674665,2008-2012,2010
same_uf,1000,CE,income_pc,hypertension,127,ok,0.19873622561579712,0.025097989677065002,0.02540104130641589,0.3604703845723657,0.13945933436948776,0.1178787673970968,32,2000,20260919,2000,ok,0.032545710725997545,0.38267270624507493,0.08067210967628037,0.294696918492742,2008-2012,2010
same_uf,1000,CE,income_pc,hemorrhage,127,ok,0.017242266914282645,0.8474261070601341,-0.15744531448609078,0.19088351890349342,0.1404563336901949,0.11524941223701492,32,2000,20260919,2000,ok,-0.04304648653548332,0.21854142143548252,0.8893775022366045,0.294696918492742,2008-2012,2010
same_uf,1000,CE,income_pc,W,127,ok,0.18882092732750877,0.03350093170333912,0.015103111297032389,0.3514737082526726,0.13117227217550184,0.14156719619987054,32,2000,20260919,2000,ok,0.014088476948995298,0.3508156586401106,0.10396840873450072,0.2970467128259159,2008-2012,2010
same_uf,1000,CE,illiteracy_15plus,hypertension,127,ok,-0.14544296179214117,0.10277627011204049,-0.3117581801356893,0.029519654316861835,-0.12624789088863891,0.15726208900791755,32,2000,20260919,2000,ok,-0.36678574063965685,0.06546414521008542,0.2116161802171667,0.3011401704406932,2008-2012,2010
same_uf,1000,CE,illiteracy_15plus,hemorrhage,127,ok,-0.04971145337845421,0.5788783399435852,-0.22200343929228683,0.12559086006138753,-0.10680383802778394,0.23203258230522947,32,2000,20260919,2000,ok,-0.18576048197179185,0.010092096963354374,0.6766110466873073,0.40159485398982026,2008-2012,2010
same_uf,1000,CE,illiteracy_15plus,W,127,ok,-0.15130717318496986,0.08949326003938544,-0.3171614595247942,0.023527652414203525,-0.12695092800899885,0.15494490586859735,32,2000,20260919,2000,ok,-0.35562113304307064,0.03959597186938113,0.2066575940341683,0.3011401704406932,2008-2012,2010
same_uf,1000,CE,sewer_septic,hypertension,127,ok,0.09830441107594558,0.2715297450749445,-0.07723292364100928,0.26793045450289726,0.03443124296962879,0.7007576763647161,32,2000,20260919,2000,ok,-0.18625554886433998,0.3515869198507176,0.4006176566679509,0.8409092116376593,2008-2012,2010
same_uf,1000,CE,sewer_septic,hemorrhage,127,ok,-0.02025507387011204,0.821178591428996,-0.19378589415839634,0.15450477026373524,-0.07321892297050082,0.41331393134001665,32,2000,20260919,2000,ok,-0.18606235153501285,0.05498796462217329,0.8798342051024957,0.5967716520007534,2008-2012,2010
same_uf,1000,CE,sewer_septic,W,127,ok,0.10267685573621134,0.2506766092254581,-0.07284074420969087,0.2720255524437974,0.026592379077615292,0.7666418625894108,32,2000,20260919,2000,ok,-0.15601231211307834,0.3369372729622615,0.39580517246124963,0.8960749043252854,2008-2012,2010
same_uf,1000,MA,income_pc,hypertension,112,ok,0.28865465608569724,0.0020249860824259726,0.10893352818735533,0.45010226172985407,0.137138537300295,0.14933677915126534,21,2000,20260919,2000,ok,0.05421971275856148,0.4935297467652359,0.013017767672738396,0.3011401704406932,2008-2012,2010
same_uf,1000,MA,income_pc,hemorrhage,112,ok,0.08053152966177074,0.39862660899969804,-0.10661743964056987,0.2621696796943846,0.0996724693384281,0.2957425034816116,21,2000,20260919,2000,ok,-0.09617298552332458,0.22624855543624944,0.533227355316854,0.4729621423977845,2008-2012,2010
same_uf,1000,MA,income_pc,W,112,ok,0.14531092582057692,0.126338761660647,-0.04136005217022876,0.3221796796868472,0.1432415348344552,0.13188737103783435,21,2000,20260919,2000,ok,-0.022602636679265545,0.2954352128541286,0.24718453368387458,0.2970467128259159,2008-2012,2010
same_uf,1000,MA,illiteracy_15plus,hypertension,112,ok,-0.17001275920555387,0.07311183672026127,-0.3446945087321983,0.0160493215860174,-0.13179974843656928,0.16597892256190802,21,2000,20260919,2000,ok,-0.3912945330626314,0.04565605182929816,0.18277959180065317,0.3112104798035775,2008-2012,2010
same_uf,1000,MA,illiteracy_15plus,hemorrhage,112,ok,0.11160477494945013,0.24138673354221096,-0.0755148301744814,0.29113153333220715,-0.012908703276976182,0.892543951291323,21,2000,20260919,2000,ok,-0.027021483163766995,0.22114377211213995,0.3879429646214105,0.9562970906692746,2008-2012,2010
same_uf,1000,MA,illiteracy_15plus,W,112,ok,0.0717040200117571,0.452472865994817,-0.11538699011764378,0.25388187283072466,-0.03177640345781939,0.7394353298011612,21,2000,20260919,2000,ok,-0.10262490136455608,0.19032794376375006,0.5735571540779371,0.8756471010803224,2008-2012,2010
same_uf,1000,MA,sewer_septic,hypertension,112,ok,0.11305183667756188,0.23530051733446505,-0.07405747339634808,0.2924722973680128,-0.008170482477045821,0.9318641826334714,21,2000,20260919,2000,ok,-0.10765629460813675,0.3376829213002214,0.3850372101836701,0.9724783860741992,2008-2012,2010
same_uf,1000,MA,sewer_septic,hemorrhage,112,ok,-0.07572233694431053,0.4274749539333474,-0.25765783490119837,0.11139866948927357,-0.05809771922172548,0.5428790437269404,21,2000,20260919,2000,ok,-0.17355624265725242,0.04039006388595976,0.549610655057161,0.7122621424640972,2008-2012,2010
same_uf,1000,MA,sewer_septic,W,112,ok,-0.04765009645041757,0.6178445373636973,-0.23116199500661974,0.13913588359166912,-0.09687532032664777,0.309570902555094,21,2000,20260919,2000,ok,-0.1533116080306712,0.06972091759271394,0.7128975431119583,0.4803686418958355,2008-2012,2010
same_uf,1000,PB,income_pc,hypertension,51,ok,0.18069107621750322,0.20448512978589023,-0.0998654456798793,0.4346320239582085,-0.024072942832922113,0.8668370458526931,20,2000,20260919,2000,ok,-0.3486308455124969,0.4010986867225372,0.3472388996364174,0.9399437846595466,2008-2012,2010
same_uf,1000,PB,income_pc,hemorrhage,51,ok,0.14162724366243876,0.3215122551208426,-0.13939711867510393,0.4015387931202835,0.10732447319710366,0.4534848283477611,20,2000,20260919,2000,ok,-0.13266974228192888,0.54446982007039,0.46671133807864246,0.6183884022924014,2008-2012,2010
same_uf,1000,PB,income_pc,W,51,ok,0.19113152829079583,0.17909804393004455,-0.0891478006727865,0.4433621075789588,0.11104072398190044,0.43790624625141744,20,2000,20260919,2000,ok,-0.21350726732539468,0.5218128692356232,0.3160553716412551,0.6063317255788857,2008-2012,2010
same_uf,1000,PB,illiteracy_15plus,hypertension,51,ok,-0.28790216800615875,0.04049527181035004,-0.5220646374939749,-0.01338008833250188,-0.21529898872000638,0.1291957455025133,20,2000,20260919,2000,ok,-0.5684371146214519,0.2025697888243099,0.11756691815908077,0.2970467128259159,2008-2012,2010
same_uf,1000,PB,illiteracy_15plus,hemorrhage,51,ok,-0.16025375206211062,0.2612899885971434,-0.41740349993942655,0.12065860320267513,-0.12671827347436276,0.37556679096599555,20,2000,20260919,2000,ok,-0.42932264300076384,0.11164760972878032,0.4006176566679509,0.55828590395714,2008-2012,2010
same_uf,1000,PB,illiteracy_15plus,W,51,ok,-0.2289653517158808,0.10606113831931077,-0.4746020545244841,0.04975800533095529,-0.28479638009049774,0.04280664334111152,20,2000,20260919,2000,ok,-0.5315151824004177,-0.010257296852680823,0.21212227663862154,0.12841993002333457,2008-2012,2010
same_uf,1000,PB,sewer_septic,hypertension,51,ok,-0.127732384550088,0.37172653409060835,-0.38960170192531246,0.15324568155924417,-0.1259757008399533,0.37839377934872814,20,2000,20260919,2000,ok,-0.49472440191503775,0.25891769941528464,0.522740438564918,0.55828590395714,2008-2012,2010
same_uf,1000,PB,sewer_septic,hemorrhage,51,ok,0.1571876114462167,0.2706442972031918,-0.1237570076531025,0.41480271778112643,-0.1281262542907446,0.37024140577400605,20,2000,20260919,2000,ok,-0.37093537859888037,0.4331210001291796,0.4006176566679509,0.55828590395714,2008-2012,2010
same_uf,1000,PB,sewer_septic,W,51,ok,0.12584843620053962,0.37887954944271723,-0.15511489461273034,0.38797639753185176,-0.0865158371040724,0.5460676425558079,20,2000,20260919,2000,ok,-0.4082597800582275,0.35360800026990263,0.5246024530745316,0.7122621424640972,2008-2012,2010
same_uf,1000,PE,income_pc,hypertension,132,ok,0.22063378078289209,0.011016079420491265,0.051710850118214254,0.3772825813680921,0.1939077395083823,0.02589181701402264,18,2000,20260919,2000,ok,0.09611113885502698,0.3945185095952578,0.04506577944746427,0.0896255204331553,2008-2012,2010
same_uf,1000,PE,income_pc,hemorrhage,132,ok,0.3174310825572778,0.00020831895800064974,0.15496391847777094,0.46318050964055896,0.34264151087966727,5.7793599121116115e-05,18,2000,20260919,2000,ok,0.20044381797655325,0.43438586341496654,0.0018748706220058477,0.00104028478418009,2008-2012,2010
same_uf,1000,PE,income_pc,W,132,ok,0.20773569387914753,0.016842136884300394,0.03821991799989073,0.36562963451811903,0.21577016795980236,0.012963357089767775,18,2000,20260919,2000,ok,0.022838280218093233,0.4168051668332851,0.06063169278348142,0.05555724467043332,2008-2012,2010
same_uf,1000,PE,illiteracy_15plus,hypertension,132,ok,-0.14313123501058356,0.10157754215320619,-0.30650736974389525,0.028436688045751415,-0.1689407418615936,0.05281101383353669,18,2000,20260919,2000,ok,-0.4381549145722805,0.12396612116032003,0.2116161802171667,0.15332229822639684,2008-2012,2010
same_uf,1000,PE,illiteracy_15plus,hemorrhage,132,ok,-0.3616546575197238,2.0377885579455872e-05,-0.5015339018272256,-0.20334850562558981,-0.37861946985071515,7.5896513285049544e-06,18,2000,20260919,2000,ok,-0.5303404097966703,-0.1642528804052028,0.00026200138602157553,0.00025570851430294956,2008-2012,2010
same_uf,1000,PE,illiteracy_15plus,W,132,ok,-0.20103478650286347,0.02081099823257538,-0.359556010143976,-0.031235318702294505,-0.26277699801203214,0.0023341981177921857,18,2000,20260919,2000,ok,-0.5015929339829371,0.05840636080670259,0.07163920389396221,0.015005559328664052,2008-2012,2010
same_uf,1000,PE,sewer_septic,hypertension,132,ok,0.23422851616716367,0.006867600751258471,0.06599750568132148,0.38951146331362907,0.17735699415088724,0.04190582130543625,18,2000,20260919,2000,ok,0.026241358477548795,0.38815748094396585,0.034338003756292354,0.12841993002333457,2008-2012,2010
same_uf,1000,PE,sewer_septic,hemorrhage,132,ok,-0.06442320674214895,0.463016233927374,-0.23273368107676987,0.10763408725991465,-0.0701131698984538,0.4243709525338691,18,2000,20260919,2000,ok,-0.25098233533167513,0.13606948213643086,0.5787702924092175,0.5967716520007534,2008-2012,2010
same_uf,1000,PE,sewer_septic,W,132,ok,0.10702783956503364,0.2219071116750641,-0.06503395011195826,0.2729092867333367,0.09863138067236096,0.26052284168925294,18,2000,20260919,2000,ok,-0.0673977868829461,0.31209522898840447,0.36984518612510686,0.43420473614875493,2008-2012,2010
same_uf,1000,PI,income_pc,hypertension,43,ok,0.20038319361066487,0.1976086866082553,-0.10636193955675338,0.4723020906277753,0.030504379341588644,0.8460338829185612,14,2000,20260919,2000,ok,-0.2039228057529314,0.45143402236013935,0.34201503451428805,0.9302270578950714,2008-2012,2010
same_uf,1000,PI,income_pc,hemorrhage,43,ok,0.11119787220462926,0.4777705999559174,-0.1956812732176922,0.39824142592424966,-0.11310782241014798,0.4701934283055444,14,2000,20260919,2000,ok,-0.25178870907654044,0.3964675542754323,0.5890322465209941,0.6316031126492387,2008-2012,2010
same_uf,1000,PI,income_pc,W,43,ok,0.17310161185344522,0.26697296576888113,-0.13422036674915772,0.45004750029322643,-0.030202355783751137,0.8475402083043984,14,2000,20260919,2000,ok,-0.1992535848831823,0.4330009295569,0.4006176566679509,0.9302270578950714,2008-2012,2010
same_uf,1000,PI,illiteracy_15plus,hypertension,43,ok,-0.12479146187703019,0.425263443734005,-0.40977674706732414,0.18238837918567155,-0.08154636061612806,0.6031713966905793,14,2000,20260919,2000,ok,-0.4586343940638631,0.27417091872784266,0.549610655057161,0.7555452803955836,2008-2012,2010
same_uf,1000,PI,illiteracy_15plus,hemorrhage,43,ok,0.008756096020581002,0.9555595714670414,-0.29235661588267176,0.3082892057055958,0.126094835397161,0.4204057641061213,14,2000,20260919,2000,ok,-0.3436421151228083,0.35407437376244366,0.9866664952281742,0.5967716520007534,2008-2012,2010
same_uf,1000,PI,illiteracy_15plus,W,43,ok,-0.06810152888101247,0.6643488529552645,-0.36106030696478186,0.23709177784362775,0.007550588945937784,0.9616730706733748,14,2000,20260919,2000,ok,-0.40935357381857856,0.31830519698940424,0.7568531236199216,0.9724783860741992,2008-2012,2010
same_uf,1000,PI,sewer_septic,hypertension,43,ok,0.2980643748239992,0.05221889247605651,-0.0025036141024152346,0.5492393386555048,0.22772576260948355,0.1419223183501598,14,2000,20260919,2000,ok,-0.008637710644858446,0.5824480299767384,0.14241516129833592,0.2970467128259159,2008-2012,2010
same_uf,1000,PI,sewer_septic,hemorrhage,43,ok,0.2142514135309313,0.16770296554152578,-0.09201342834329634,0.48348354499574214,0.19676834793113862,0.2059854090276655,14,2000,20260919,2000,ok,-0.16568067046630322,0.5019345226613848,0.3018653379747464,0.37834054719367133,2008-2012,2010
same_uf,1000,PI,sewer_septic,W,43,ok,0.2886150113227532,0.06052241334431762,-0.012842046234116302,0.5419781734347352,0.245998187858653,0.11180586517584942,14,2000,20260919,2000,ok,-0.0665057419595572,0.6119902086361937,0.15562906288538816,0.294696918492742,2008-2012,2010
same_uf,1000,RN,income_pc,hypertension,36,ok,0.10194399417922657,0.5541037354652859,-0.2344437928163399,0.41652923287643157,-0.035263835263835266,0.8382134487393156,17,2000,20260919,2000,ok,-0.4119979872934205,0.27834307685808396,0.6561754762088912,0.9302270578950714,2008-2012,2010
same_uf,1000,RN,income_pc,hemorrhage,36,ok,-0.11313019627050726,0.5112195661856698,-0.4258386558308681,0.22372063650695945,-0.4133848133848135,0.012210662133878645,17,2000,20260919,2000,ok,-0.398543638078408,-0.06029507357318766,0.6217535264420309,0.05555724467043332,2008-2012,2010
same_uf,1000,RN,income_pc,W,36,ok,-0.032697253778235714,0.8498496132483109,-0.3573937903067024,0.2990509542505271,-0.03346203346203346,0.8463789316546749,17,2000,20260919,2000,ok,-0.34840295029925433,0.21460276465434322,0.8893775022366045,0.9302270578950714,2008-2012,2010
same_uf,1000,RN,illiteracy_15plus,hypertension,36,ok,-0.1483984718184686,0.38771736127218165,-0.4547626213292854,0.18936984154901504,-0.005920205920205921,0.9726635399401915,17,2000,20260919,2000,ok,-0.36724825294548263,0.3889486867020931,0.528705492643884,0.9726635399401915,2008-2012,2010
same_uf,1000,RN,illiteracy_15plus,hemorrhage,36,ok,0.27582733289459876,0.1034567992172815,-0.05796075899195212,0.554146769213793,0.4661518661518662,0.004163716489270821,17,2000,20260919,2000,ok,0.10319519725427896,0.5375490171194565,0.2116161802171667,0.022043204943198464,2008-2012,2010
same_uf,1000,RN,illiteracy_15plus,W,36,ok,0.14376121545934528,0.40288289068384525,-0.19393416845487485,0.4509960935741253,0.09498069498069499,0.5816198043342667,17,2000,20260919,2000,ok,-0.29331653235431693,0.4484138769868365,0.533227355316854,0.7477968912869144,2008-2012,2010
same_uf,1000,RN,sewer_septic,hypertension,36,ok,0.250218452444721,0.14105971818113938,-0.08533206825761434,0.5347912955077221,0.3127413127413128,0.06329472276439664,17,2000,20260919,2000,ok,-0.10524742186535656,0.5527452703189814,0.26448697158963635,0.17801640777486555,2008-2012,2010
same_uf,1000,RN,sewer_septic,hemorrhage,36,ok,-0.16812518363116852,0.32701178696245176,-0.4706637477042971,0.16978886455524908,-0.08931788931788934,0.6044362243164668,17,2000,20260919,2000,ok,-0.35952317658484034,0.12274662523213423,0.46715969566064536,0.7555452803955836,2008-2012,2010
same_uf,1000,RN,sewer_septic,W,36,ok,-0.0040603358642576776,0.9812496053825467,-0.3321529932144188,0.3249088192353559,0.2442728442728443,0.15106865761000113,17,2000,20260919,2000,ok,-0.269193331189834,0.4202304684528687,0.9872734971125187,0.3011401704406932,2008-2012,2010
same_uf,1000,SE,income_pc,hypertension,39,ok,0.33695471139070027,0.035940864466656036,0.02398793664511046,0.589770352921079,0.5631578947368421,0.0001896237857012555,13,2000,20260919,2000,ok,0.18270614404086669,0.5760215055806666,0.10782259339996811,0.0028443567855188324,2008-2012,2010
same_uf,1000,SE,income_pc,hemorrhage,39,ok,0.4894407562153976,0.001565822741402218,0.20568736856637154,0.6972791473654824,0.17044534412955467,0.2995426901852635,13,2000,20260919,2000,ok,-0.1929968752602582,0.6849584201828951,0.01084031128663074,0.4729621423977845,2008-2012,2010
same_uf,1000,SE,income_pc,W,39,ok,0.5256385366734969,0.0005895908994170917,0.2518982938344716,0.7214968373287134,0.48421052631578954,0.001787655140284411,13,2000,20260919,2000,ok,-0.0899184978745826,0.6921810372927019,0.004823925540685296,0.013453914795891713,2008-2012,2010
same_uf,1000,SE,illiteracy_15plus,hypertension,39,ok,-0.2876399570377391,0.0757979975405131,-0.5529718738232413,0.030659617260136697,-0.39574898785425106,0.012638671043372636,13,2000,20260919,2000,ok,-0.7428993979848929,0.08696827091096239,0.1843735075309778,0.05555724467043332,2008-2012,2010
same_uf,1000,SE,illiteracy_15plus,hemorrhage,39,ok,-0.7979727360488825,1.1758243035863089e-09,-0.8895294063798593,-0.6447994159878883,-0.49757085020242914,0.001269060180741234,13,2000,20260919,2000,ok,-0.9256893930800801,-0.23682097083214979,5.2912093661383896e-08,0.012690601807412341,2008-2012,2010
same_uf,1000,SE,illiteracy_15plus,W,39,ok,-0.8248465163379504,1.0699815556190747e-10,-0.9048686576252166,-0.6885185906738233,-0.6890688259109312,1.2326057142956647e-06,13,2000,20260919,2000,ok,-0.9325815282854198,-0.31755636319764496,9.629834000571672e-09,0.00011093451428660983,2008-2012,2010
same_uf,1000,SE,sewer_septic,hypertension,39,ok,0.04841501383784086,0.7697620502436895,-0.2712455194662569,0.3584563706853008,-0.03481781376518219,0.8333348676538049,13,2000,20260919,2000,ok,-0.4026672345017678,0.41332808903756785,0.8552911669374328,0.9302270578950714,2008-2012,2010
same_uf,1000,SE,sewer_septic,hemorrhage,39,ok,0.4312251686162518,0.006129032284295655,0.13393056142698798,0.6573094264895843,0.24655870445344133,0.1302463709321269,13,2000,20260919,2000,ok,-0.10981355624331392,0.7051327146853285,0.03244781797568288,0.2970467128259159,2008-2012,2010
same_uf,1000,SE,sewer_septic,W,39,ok,0.41455551850772115,0.008692798858530675,0.11394200588110454,0.645625220376886,0.1736842105263158,0.29031507485992236,13,2000,20260919,2000,ok,-0.18678225669966086,0.7159680765982875,0.03911759486338804,0.4729621423977845,2008-2012,2010
any_uf,1,NE,income_pc,hypertension,1794,ok,0.05994600465307156,0.011099025160076449,0.013704386588958796,0.10593175822118679,0.01944811704259516,0.41037089645594127,188,2000,20260919,2000,ok,-0.021760684335659225,0.13895216351003195,0.03995649057627522,0.543137951191687,2020-2024,2022
any_uf,1,NE,income_pc,hemorrhage,1794,ok,0.0371266178576024,0.11595809785833078,-0.009168773849909044,0.08326319236647267,0.048343916511220976,0.040618106101764556,188,2000,20260919,2000,ok,-0.018777627566330918,0.0900534882337467,0.24386075938529772,0.13987802220152323,2020-2024,2022
any_uf,1,NE,income_pc,W,1794,ok,0.09385703415112234,6.851201424825732e-05,0.04778495835841946,0.1395305972059032,0.04252157597268459,0.07176791843087672,188,2000,20260919,2000,ok,0.009678749743293288,0.1783859647492059,0.0007707601602928948,0.20503794439474524,2020-2024,2022
any_uf,1,NE,illiteracy_15plus,hypertension,1794,ok,0.03707043226718041,0.1165112517063089,-0.009225032116267518,0.08320731913752182,0.07631413886285589,0.0012172836629926096,188,2000,20260919,2000,ok,-0.04873757884832593,0.1195129665441384,0.24386075938529772,0.012846592584893169,2020-2024,2022
any_uf,1,NE,illiteracy_15plus,hemorrhage,1794,ok,0.03247065478328059,0.1692185238683787,-0.013829765483534963,0.0786321297728776,0.03665010957225166,0.12071532648550062,188,2000,20260919,2000,ok,-0.03438875686719593,0.10689928777251619,0.2896880841966553,0.2526599856673269,2020-2024,2022
any_uf,1,NE,illiteracy_15plus,W,1794,ok,0.011392384159091357,0.6296560510827409,-0.03490565720084025,0.057641631311118276,0.056519039188375,0.016659150972737954,188,2000,20260919,2000,ok,-0.06631511379323961,0.09086427523300607,0.7372998818820947,0.07139636131173409,2020-2024,2022
any_uf,1,NE,sewer_septic,hypertension,1794,ok,0.11320379216104863,1.5326116221148794e-06,0.06727661855665795,0.15865224606543937,0.13225111050836524,1.883357279446967e-08,188,2000,20260919,2000,ok,0.03480997767073194,0.18719282850156405,2.758700919806783e-05,1.6950215515022702e-06,2020-2024,2022
any_uf,1,NE,sewer_septic,hemorrhage,1794,ok,-0.06727998912538832,0.004359138972588497,-0.11320713466373758,-0.021065944158127535,-0.06944626980069993,0.0032510688917203453,188,2000,20260919,2000,ok,-0.12418361459574824,-0.00488475153246257,0.021745162210914624,0.02438301668790259,2020-2024,2022
any_uf,1,NE,sewer_septic,W,1794,ok,0.0789432156705077,0.0008181405422851108,0.032783350581731825,0.1247670217801418,0.10315957191809319,1.1975768635656582e-05,188,2000,20260919,2000,ok,-0.002504990112885193,0.16001974389568818,0.006693877164150906,0.00024733643857767674,2020-2024,2022
any_uf,1,AL,income_pc,hypertension,102,ok,0.32912308263550427,0.0007311329464503895,0.14385584874385512,0.49210050709087055,0.29754426042261567,0.0023885420201759954,13,2000,20260919,2000,ok,0.052130462461747164,0.4470759409806742,0.0065801965180535054,0.01954261652871269,2020-2024,2022
any_uf,1,AL,income_pc,hemorrhage,102,ok,-0.11760985568636484,0.23909455491243506,-0.3051063108268298,0.07866426317510314,-0.03947613964613114,0.6936331549423003,13,2000,20260919,2000,ok,-0.2939877652341221,0.1791412273455068,0.3710087921055027,0.762378989704963,2020-2024,2022
any_uf,1,AL,income_pc,W,102,ok,0.28341189881701073,0.0038958509913530875,0.09412483328245329,0.4529232514106913,0.25977235073593025,0.008372532534144342,13,2000,20260919,2000,ok,-0.0043226030032974365,0.4502652776235586,0.02062509348363399,0.04186266267072171,2020-2024,2022
any_uf,1,AL,illiteracy_15plus,hypertension,102,ok,-0.3028593423809078,0.001974515463369892,-0.46967128650561224,-0.11516765197704029,-0.26846555970872293,0.0063675565079586854,13,2000,20260919,2000,ok,-0.4440825831548017,-0.05287154732501547,0.013669722438714638,0.0352147726249876,2020-2024,2022
any_uf,1,AL,illiteracy_15plus,hemorrhage,102,ok,0.2575815479807012,0.008958237179002456,0.06643456751381815,0.4304917587828284,0.16249197737606172,0.1027370686680852,13,2000,20260919,2000,ok,-0.07810927614650796,0.45454394773836415,0.03359338942125921,0.2422172592918816,2020-2024,2022
any_uf,1,AL,illiteracy_15plus,W,102,ok,-0.2413549849236759,0.014534815752906974,-0.4162902634794317,-0.049188890902973015,-0.22442246091409715,0.02335182604931781,13,2000,20260919,2000,ok,-0.47603805627429735,0.06539247369968833,0.048449385843023246,0.08756934768494179,2020-2024,2022
any_uf,1,AL,sewer_septic,hypertension,102,ok,0.07494977457621985,0.4540498570671764,-0.12129307189659531,0.2655539963323798,-0.02174146597983613,0.8282882513247966,13,2000,20260919,2000,ok,-0.27831507632125,0.3760332122273871,0.6286844174776288,0.8743676255603771,2020-2024,2022
any_uf,1,AL,sewer_septic,hemorrhage,102,ok,-0.2224610020245116,0.024621149145710862,-0.3996459826237992,-0.029251620338636573,-0.155557817723166,0.11847319471172861,13,2000,20260919,2000,ok,-0.3748331638612798,0.019891522245863318,0.07148075558432186,0.2526599856673269,2020-2024,2022
any_uf,1,AL,sewer_septic,W,102,ok,0.04700209885497913,0.6389932309644821,-0.1488332422681405,0.2392897134815737,-0.02081413167016302,0.835506842202138,13,2000,20260919,2000,ok,-0.30067094899945074,0.365668943681065,0.7372998818820947,0.8743676255603771,2020-2024,2022
any_uf,1,BA,income_pc,hypertension,417,ok,0.022214468762781176,0.6510338432222519,-0.07397347640700848,0.11799290001701518,0.08723137092008719,0.07518057961140659,32,2000,20260919,2000,ok,-0.09854458570675148,0.14399408828494703,0.7416841251899072,0.20503794439474524,2020-2024,2022
any_uf,1,BA,income_pc,hemorrhage,417,ok,-0.005470659452455246,0.9113153967348645,-0.10144750480686823,0.09060708143246679,-0.029737880404607567,0.5447964805663706,32,2000,20260919,2000,ok,-0.0657556104218248,0.07634170549155626,0.9599035245074522,0.6716668938489502,2020-2024,2022
any_uf,1,BA,income_pc,W,417,ok,0.02890844507614147,0.5560771742096424,-0.06730854959802254,0.12459270611975766,0.058514612517717786,0.23312902883710954,32,2000,20260919,2000,ok,-0.07205221009566265,0.13524936200648588,0.7149563668409689,0.4020772016678724,2020-2024,2022
any_uf,1,BA,illiteracy_15plus,hypertension,417,ok,-0.0682757648380514,0.16402240285719785,-0.1632356458352516,0.0279375491957477,-0.07145970164128099,0.1451906613543235,32,2000,20260919,2000,ok,-0.18438311512787234,0.048311392709996244,0.2894512991597609,0.29698089822475265,2020-2024,2022
any_uf,1,BA,illiteracy_15plus,hemorrhage,417,ok,0.0015082308898463812,0.9755035968488455,-0.0945356018511812,0.09752424652280554,-0.01928199374156472,0.6946119683978551,32,2000,20260919,2000,ok,-0.07023019106198661,0.06773071951629095,0.9864643114201809,0.762378989704963,2020-2024,2022
any_uf,1,BA,illiteracy_15plus,W,417,ok,-0.07371365372267027,0.1328900966713746,-0.16855066923508957,0.022475585554079518,-0.09489945143977067,0.05281177588704364,32,2000,20260919,2000,ok,-0.17366826969338225,0.010279262673561312,0.2491689312588274,0.16834695850237102,2020-2024,2022
any_uf,1,BA,sewer_septic,hypertension,417,ok,0.22854598224636855,2.4101460324717e-06,0.13548947005552375,0.3176055379480948,0.2409647795826564,6.377200664963702e-07,32,2000,20260919,2000,ok,0.10043798365041767,0.3290326492734452,3.6152190487075504e-05,2.8697402992336658e-05,2020-2024,2022
any_uf,1,BA,sewer_septic,hemorrhage,417,ok,-0.004444084004592185,0.9279067403572038,-0.10043136393004212,0.0916251591172541,-0.002370635528247906,0.9615054453024638,32,2000,20260919,2000,ok,-0.067375509034747,0.08479798779482622,0.9599035245074522,0.9709491007833299,2020-2024,2022
any_uf,1,BA,sewer_septic,W,417,ok,0.1414552315649517,0.0037976957679203022,0.04605064128209673,0.2343026134994989,0.19912513685648342,4.2193842843747046e-05,32,2000,20260919,2000,ok,0.034826150700479126,0.2604474732038355,0.02062509348363399,0.0006329076426562056,2020-2024,2022
any_uf,1,CE,income_pc,hypertension,184,ok,0.11990075656863074,0.10497835805667866,-0.02519730479120577,0.2600511926827253,0.09496065138442442,0.19976186603751478,33,2000,20260919,2000,ok,-0.09490570803760053,0.25316289054723223,0.23044029817319706,0.3745534988203402,2020-2024,2022
any_uf,1,CE,income_pc,hemorrhage,184,ok,-0.023399364369167126,0.7525456158584339,-0.1674934181885314,0.12167351251268954,0.02962776032556722,0.6897168468679556,33,2000,20260919,2000,ok,-0.09531094271476169,0.07415801390632622,0.83616179539826,0.762378989704963,2020-2024,2022
any_uf,1,CE,income_pc,W,184,ok,0.11285695163556786,0.1271815848783964,-0.03233191422042285,0.2533812638121746,0.07659262969312862,0.3014206896975214,33,2000,20260919,2000,ok,-0.07376854004614176,0.25140174097297463,0.2491689312588274,0.44471905037339227,2020-2024,2022
any_uf,1,CE,illiteracy_15plus,hypertension,184,ok,-0.20113227258209065,0.006186426791752636,-0.3360165504540205,-0.05816358519466282,-0.1696381185777303,0.021328812298775243,33,2000,20260919,2000,ok,-0.3844149888311798,0.03691110152491866,0.025308109602624418,0.0834605698647727,2020-2024,2022
any_uf,1,CE,illiteracy_15plus,hemorrhage,184,ok,-0.019150919935575043,0.7963844781287919,-0.16335936552184455,0.12585877312822788,-0.07337828895736923,0.3222212381426018,33,2000,20260919,2000,ok,-0.12161728338253487,0.12676401374252563,0.8740805247755034,0.46031605448943114,2020-2024,2022
any_uf,1,CE,illiteracy_15plus,W,184,ok,-0.2031789597468856,0.0056716443772198534,-0.3379081531092612,-0.060289992720456466,-0.1733583699340525,0.018604152515742226,33,2000,20260919,2000,ok,-0.37183439515546907,-0.007796320575678928,0.024307047330942227,0.0761078966553091,2020-2024,2022
any_uf,1,CE,sewer_septic,hypertension,184,ok,0.09485411771690891,0.2002690934049978,-0.05049984057576066,0.2362730662374626,0.08202408064962168,0.26833166323815927,33,2000,20260919,2000,ok,-0.0908128988355147,0.2537246020984038,0.3218610429723179,0.428871514660178,2020-2024,2022
any_uf,1,CE,sewer_septic,hemorrhage,184,ok,0.011737093755016395,0.8743542448898993,-0.1331499965968423,0.15613301051929582,0.13976481761384127,0.05845893433831084,33,2000,20260919,2000,ok,-0.10023005116930588,0.20042430188690272,0.948094964338445,0.17537680301493253,2020-2024,2022
any_uf,1,CE,sewer_septic,W,184,ok,0.1036622348441556,0.161412758541675,-0.041622953123672084,0.24465444019888385,0.0976517501107665,0.18725610136188117,33,2000,20260919,2000,ok,-0.07076584032521539,0.2587485561203264,0.2894512991597609,0.3589519512032117,2020-2024,2022
any_uf,1,MA,income_pc,hypertension,217,ok,0.10420509782090732,0.12593252917103578,-0.029387163886754837,0.2341399991945204,0.08324650201158365,0.2219588693745252,21,2000,20260919,2000,ok,-0.14591795134204086,0.34194593839832954,0.2491689312588274,0.39670556110181715,2020-2024,2022
any_uf,1,MA,income_pc,hemorrhage,217,ok,0.0852586348744177,0.2109478905349653,-0.048476230708447025,0.2159904492626292,0.07276551868932997,0.2859143431067853,21,2000,20260919,2000,ok,-0.034838259823160016,0.2015075171285247,0.33307561663415575,0.428871514660178,2020-2024,2022
any_uf,1,MA,income_pc,W,217,ok,0.1280662492201382,0.05964614399354452,-0.005206975289214712,0.25686938709425744,0.06444632868550636,0.3447338474543758,21,2000,20260919,2000,ok,-0.11642356289511556,0.31293123918188587,0.15337579884054306,0.4773237887829819,2020-2024,2022
any_uf,1,MA,illiteracy_15plus,hypertension,217,ok,-0.182810605101754,0.006929626412284454,-0.30848419127900273,-0.05086462050818605,-0.19106457515291736,0.004737405939869311,21,2000,20260919,2000,ok,-0.34838196675136796,0.05990119208892736,0.02711592943937395,0.030986597924492047,2020-2024,2022
any_uf,1,MA,illiteracy_15plus,hemorrhage,217,ok,-0.11814456886166066,0.08249087877190683,-0.24743557844584463,0.01528027866112226,-0.11443748900022839,0.09265386213720431,21,2000,20260919,2000,ok,-0.2807960331185524,-0.0001739644078552867,0.19537313393346353,0.22537425925265914,2020-2024,2022
any_uf,1,MA,illiteracy_15plus,W,217,ok,-0.20499118805024755,0.002408874793119606,-0.32918822476132276,-0.07382224358481346,-0.2149993467450434,0.0014416016888481077,21,2000,20260919,2000,ok,-0.3548431784949105,-0.0031867065436673495,0.014539190759515246,0.01297441519963297,2020-2024,2022
any_uf,1,MA,sewer_septic,hypertension,217,ok,0.05325346667066427,0.4350991579804969,-0.08050190776781545,0.18512487474671793,-0.07337222514189339,0.28190542317457057,21,2000,20260919,2000,ok,-0.2621898534792715,0.2914534357961218,0.6118581909100738,0.428871514660178,2020-2024,2022
any_uf,1,MA,sewer_septic,hemorrhage,217,ok,0.05547235358387329,0.4161805512984598,-0.07829047267163736,0.18727318154019798,-0.00852878115076254,0.9005920915447824,21,2000,20260919,2000,ok,-0.07991115159575843,0.14965290597201023,0.5945436447120854,0.9210600936253456,2020-2024,2022
any_uf,1,MA,sewer_septic,W,217,ok,0.10143623114064378,0.13636546556533663,-0.03218296395564586,0.23149323337180627,-0.010802609138094324,0.8742851105467075,21,2000,20260919,2000,ok,-0.13461404338108285,0.2920015947849695,0.2504671816506183,0.9044328729793527,2020-2024,2022
any_uf,1,PB,income_pc,hypertension,223,ok,0.004728154292540118,0.9440265214764506,-0.12672753318213717,0.13602063033927816,-0.07358160825011086,0.2739039289504841,23,2000,20260919,2000,ok,-0.15583485334493194,0.11927452562936768,0.9654816696918245,0.428871514660178,2020-2024,2022
any_uf,1,PB,income_pc,hemorrhage,223,ok,0.08619688915746486,0.1997205399655227,-0.045697571266913824,0.21513757776740083,0.07813501311439744,0.24522545444090216,23,2000,20260919,2000,ok,-0.09958496260815772,0.24388768435672759,0.3218610429723179,0.40870909073483697,2020-2024,2022
any_uf,1,PB,income_pc,W,223,ok,0.03323694259971216,0.6215318467352015,-0.09857044006314204,0.16389823773719203,-0.0531306084398318,0.42981507631404386,23,2000,20260919,2000,ok,-0.1623189919416582,0.17687169032875685,0.7372998818820947,0.5606283604096225,2020-2024,2022
any_uf,1,PB,illiteracy_15plus,hypertension,223,ok,-0.057379596565739335,0.3937993574931403,-0.18734429635816036,0.074559427105168,-0.057834529309081645,0.39005382254064136,23,2000,20260919,2000,ok,-0.20755917442641153,0.10912099749902933,0.5716442286190747,0.5239528959501153,2020-2024,2022
any_uf,1,PB,illiteracy_15plus,hemorrhage,223,ok,-0.08640623446107959,0.19862660092801956,-0.2153387227542014,0.045487093491192884,-0.10707782336516167,0.11079845937189055,23,2000,20260919,2000,ok,-0.24914000963921215,0.04525125284838566,0.3218610429723179,0.24321613032854025,2020-2024,2022
any_uf,1,PB,illiteracy_15plus,W,223,ok,-0.07579806367880347,0.2596716287434666,-0.20513229972511254,0.05613793263919537,-0.06849459599215812,0.3085398803924692,23,2000,20260919,2000,ok,-0.2423994037355243,0.10431047737418514,0.3961092641849491,0.4478804715374553,2020-2024,2022
any_uf,1,PB,sewer_septic,hypertension,223,ok,-0.060103656309188146,0.3716950288304703,-0.18998049353114294,0.07184058194994235,-0.08166174887595348,0.22450098655339815,23,2000,20260919,2000,ok,-0.19986691302787676,0.10673042213729689,0.548402501553153,0.39670556110181715,2020-2024,2022
any_uf,1,PB,sewer_septic,hemorrhage,223,ok,-0.13262985665902072,0.04790578005147499,-0.2594854188476725,-0.0012751067066328159,-0.11975945524163638,0.07429890643288986,23,2000,20260919,2000,ok,-0.2845648332687851,0.027860566925495454,0.12680941778331614,0.20503794439474524,2020-2024,2022
any_uf,1,PB,sewer_septic,W,223,ok,-0.06357502796213545,0.3446596040258561,-0.19333718691503674,0.06837301162113127,-0.07457822267432224,0.2674402637567597,23,2000,20260919,2000,ok,-0.21130470643846483,0.10607511588086617,0.5169894060387842,0.428871514660178,2020-2024,2022
any_uf,1,PE,income_pc,hypertension,185,ok,0.3638015731608671,3.5766971600018463e-07,0.23169343640206272,0.48273381935661885,0.19887333633741303,0.00665167927360877,19,2000,20260919,2000,ok,0.03418708799818184,0.6168988167687418,8.047568610004155e-06,0.0352147726249876,2020-2024,2022
any_uf,1,PE,income_pc,hemorrhage,185,ok,0.2063217008509718,0.004837823546492616,0.06395682315570146,0.3404563642814386,0.1297644600381295,0.07832716354987118,19,2000,20260919,2000,ok,-0.012211674294140181,0.43650503275122465,0.02177020595921677,0.20632981531321645,2020-2024,2022
any_uf,1,PE,income_pc,W,185,ok,0.46281947898726994,3.291843925397833e-11,0.34134242104032514,0.5690897737025552,0.25110318558017375,0.0005655299363675132,19,2000,20260919,2000,ok,0.08495817633913648,0.7077746819856017,2.9626595328580496e-09,0.007271099181868027,2020-2024,2022
any_uf,1,PE,illiteracy_15plus,hypertension,185,ok,-0.23567214180456242,0.001240624818693035,-0.36744749400212345,-0.0946206524480487,-0.12609436679419703,0.08721457671095122,19,2000,20260919,2000,ok,-0.46185726231334284,0.036526000377924514,0.009304686140197763,0.21803644177737805,2020-2024,2022
any_uf,1,PE,illiteracy_15plus,hemorrhage,185,ok,0.05276845340453899,0.47562233223729,-0.09220206538052567,0.19554837673250616,0.11866998644136835,0.10765211524083626,19,2000,20260919,2000,ok,-0.19406546495925373,0.27070977607199825,0.6485759075963045,0.2422172592918816,2020-2024,2022
any_uf,1,PE,illiteracy_15plus,W,185,ok,-0.3077648095584808,2.029859466717144e-05,-0.43281603229469523,-0.17109286948052424,-0.14176483214647567,0.05424513107298622,19,2000,20260919,2000,ok,-0.5394610843108865,0.013728008738563155,0.0002609819314350614,0.16834695850237102,2020-2024,2022
any_uf,1,PE,sewer_septic,hypertension,185,ok,-0.048415423844259536,0.5128273818487478,-0.19134749504970694,0.09652740326844413,-0.06430764565406923,0.38449132953968074,19,2000,20260919,2000,ok,-0.2681792213688424,0.2110442632361398,0.6787421230351073,0.5239528959501153,2020-2024,2022
any_uf,1,PE,sewer_septic,hemorrhage,185,ok,0.13436911098988785,0.06822640044215443,-0.010095186715835092,0.2733389685698724,0.08740737324820312,0.23677879653774708,19,2000,20260919,2000,ok,-0.06671772106620054,0.29413598068337615,0.17056600110538608,0.4020772016678724,2020-2024,2022
any_uf,1,PE,sewer_septic,W,185,ok,-0.006889569904888849,0.9258445790607001,-0.15100807569141692,0.13751571369965526,-0.037849209658466325,0.6090017064690699,19,2000,20260919,2000,ok,-0.24755857854432503,0.24391530630938582,0.9599035245074522,0.729812049266961,2020-2024,2022
any_uf,1,PI,income_pc,hypertension,224,ok,0.044210445435991036,0.5103444811036617,-0.08737875702741991,0.17428325635729625,0.06532580288621935,0.3304155963777641,15,2000,20260919,2000,ok,-0.05428756203998099,0.12800511725867403,0.6787421230351073,0.46464693240623073,2020-2024,2022
any_uf,1,PI,income_pc,hemorrhage,224,ok,0.18873473196132579,0.004590645355637532,0.05911439254796393,0.31209632829702866,0.18771306313019046,0.004820137454920985,15,2000,20260919,2000,ok,0.0024734610451849818,0.3135048924258169,0.021745162210914624,0.030986597924492047,2020-2024,2022
any_uf,1,PI,income_pc,W,224,ok,0.1637214629236871,0.014158156011363403,0.03335446296496206,0.28861039704080876,0.18597174832251454,0.005235135853959444,15,2000,20260919,2000,ok,0.013164113130170688,0.28098076485165446,0.048449385843023246,0.031410815123756666,2020-2024,2022
any_uf,1,PI,illiteracy_15plus,hypertension,224,ok,-0.16106634064147002,0.01582578810997749,-0.28610854467293695,-0.030630214830627223,-0.1500388508062363,0.02472066122410065,15,2000,20260919,2000,ok,-0.3690143423270965,0.11778423070116584,0.05086860463921336,0.08899438040676234,2020-2024,2022
any_uf,1,PI,illiteracy_15plus,hemorrhage,224,ok,-0.032979424800413805,0.6234526821851833,-0.16335605315958468,0.09852934357934441,0.07173862261139717,0.2850442409025702,15,2000,20260919,2000,ok,-0.2305169531179758,0.21536064680225522,0.7372998818820947,0.428871514660178,2020-2024,2022
any_uf,1,PI,illiteracy_15plus,W,224,ok,-0.15455386429726403,0.02066053455223926,-0.279964780403842,-0.0239563827296667,-0.10800319988136853,0.10693596558598505,15,2000,20260919,2000,ok,-0.3653082213815658,0.10690259047302582,0.061981603656717774,0.2422172592918816,2020-2024,2022
any_uf,1,PI,sewer_septic,hypertension,224,ok,0.20167756931808806,0.002423198459919208,0.07251169986282362,0.3241899553763113,0.1707755543940411,0.010453019531696082,15,2000,20260919,2000,ok,-0.01706976054988963,0.43490834429840836,0.014539190759515246,0.049514303044876175,2020-2024,2022
any_uf,1,PI,sewer_septic,hemorrhage,224,ok,0.09187710564957034,0.17059409402691922,-0.039683647237735,0.22030666255541728,0.16021498954046237,0.016395661206118524,15,2000,20260919,2000,ok,-0.033077277412412925,0.2325513479625371,0.2896880841966553,0.07139636131173409,2020-2024,2022
any_uf,1,PI,sewer_septic,W,224,ok,0.22409612607804527,0.0007294417441428854,0.0958282737825698,0.34504325037807737,0.21380755963670076,0.0012846592584893168,15,2000,20260919,2000,ok,0.06350052628490259,0.40737646826251445,0.0065801965180535054,0.012846592584893169,2020-2024,2022
any_uf,1,RN,income_pc,hypertension,167,ok,-0.03865237546281525,0.6199420620769763,-0.1894041886247846,0.11387968024791126,-0.04201805172298911,0.589781487807916,19,2000,20260919,2000,ok,-0.2314795174063096,0.12445601377978621,0.7372998818820947,0.717301809496114,2020-2024,2022
any_uf,1,RN,income_pc,hemorrhage,167,ok,-0.16555752308650373,0.03250188819069768,-0.30963619481979887,-0.014047102939545222,-0.15758542699784683,0.04196340666045697,19,2000,20260919,2000,ok,-0.32721029049292627,0.004418718336286406,0.09141156053633723,0.13987802220152323,2020-2024,2022
any_uf,1,RN,income_pc,W,167,ok,-0.04681596207401491,0.5479858420530819,-0.1972769883146927,0.1057998313340719,-0.05134801916522615,0.5098870363069862,19,2000,20260919,2000,ok,-0.26090298085015523,0.13738865440916792,0.7147641418083677,0.6373587953837327,2020-2024,2022
any_uf,1,RN,illiteracy_15plus,hypertension,167,ok,-0.04099379048214046,0.5988890783387832,-0.19166418658011122,0.11156434403263003,-0.03744808092725914,0.6308934895127889,19,2000,20260919,2000,ok,-0.2536445894148937,0.17847279185976633,0.7372998818820947,0.729812049266961,2020-2024,2022
any_uf,1,RN,illiteracy_15plus,hemorrhage,167,ok,0.11740647149631335,0.13077288020064765,-0.03508263850175266,0.2645531447552002,0.09443079632614486,0.2247998179576964,19,2000,20260919,2000,ok,-0.08041075805921657,0.31537341325667634,0.2491689312588274,0.39670556110181715,2020-2024,2022
any_uf,1,RN,illiteracy_15plus,W,167,ok,-0.0335500960003376,0.6668846647220155,-0.18447378966354444,0.11891939753518606,-0.03571920892262898,0.6467561797857782,19,2000,20260919,2000,ok,-0.27163975362421217,0.20623980695225003,0.7502452478122674,0.7368108377306334,2020-2024,2022
any_uf,1,RN,sewer_septic,hypertension,167,ok,0.037046636537972334,0.6345621636044032,-0.11546657717689647,0.18785336154163337,0.05421958377475761,0.4864783794830898,19,2000,20260919,2000,ok,-0.12684462718984837,0.21467571547677103,0.7372998818820947,0.6254722021925441,2020-2024,2022
any_uf,1,RN,sewer_septic,hemorrhage,167,ok,-0.14048967897659675,0.07015904882026945,-0.286246135718381,0.011621871425757279,-0.1357570799103843,0.08023937262180639,19,2000,20260919,2000,ok,-0.3043342596012504,0.03367301422303608,0.1706571457790338,0.20632981531321645,2020-2024,2022
any_uf,1,RN,sewer_septic,W,167,ok,-0.0010130594701684586,0.9896331492040711,-0.1528531381606739,0.15087374664565964,-0.002839426806838408,0.9709491007833299,19,2000,20260919,2000,ok,-0.17155878477413683,0.18795443720416385,0.9896331492040711,0.9709491007833299,2020-2024,2022
any_uf,1,SE,income_pc,hypertension,75,ok,-0.05932112218648268,0.613170561352117,-0.2824797639697644,0.16992857874280923,-0.15388335704125178,0.18745268562834388,13,2000,20260919,2000,ok,-0.2673492856188753,0.044115192039522556,0.7372998818820947,0.3589519512032117,2020-2024,2022
any_uf,1,SE,income_pc,hemorrhage,75,ok,0.2701788001218792,0.019062999297415156,0.04604014976151949,0.46841717353824014,0.05611744122105768,0.6325037760313662,13,2000,20260919,2000,ok,-0.28555456603180224,0.6306543498683317,0.0591610323023229,0.729812049266961,2020-2024,2022
any_uf,1,SE,income_pc,W,75,ok,0.23139841126402508,0.04576977113025917,0.004682483607014374,0.43548898036257844,0.038620473830804934,0.7421796812796269,13,2000,20260919,2000,ok,-0.28146392828830546,0.5539020928060837,0.12482664853707046,0.8031610473060964,2020-2024,2022
any_uf,1,SE,illiteracy_15plus,hypertension,75,ok,-0.19649620549648245,0.09109668220907147,-0.40537929304447434,0.0318877418228769,-0.1566725225681346,0.17948546261961884,13,2000,20260919,2000,ok,-0.4061911265225922,0.04761969943586903,0.20496753497041081,0.3589519512032117,2020-2024,2022
any_uf,1,SE,illiteracy_15plus,hemorrhage,75,ok,-0.6390905701767705,6.811552329914743e-10,-0.756345172099636,-0.4820496254995769,-0.47905716339398186,1.3740913254315374e-05,13,2000,20260919,2000,ok,-0.8163533423388716,-0.1115834279893192,2.260707133069811e-08,0.00024733643857767674,2020-2024,2022
any_uf,1,SE,illiteracy_15plus,W,75,ok,-0.6378300928362133,7.535690443566037e-10,-0.7554331039874351,-0.48041454378632126,-0.5224825388696851,1.5230453545657152e-06,13,2000,20260919,2000,ok,-0.7912839772467208,-0.22622284980248586,2.260707133069811e-08,4.569136063697145e-05,2020-2024,2022
any_uf,1,SE,sewer_septic,hypertension,75,ok,-0.016235236271925576,0.890043772452349,-0.2423042438279586,0.21150596168165778,-0.037467994310099575,0.74961697748569,13,2000,20260919,2000,ok,-0.28037091488545957,0.23301079880435618,0.9536183276275167,0.8031610473060964,2020-2024,2022
any_uf,1,SE,sewer_septic,hemorrhage,75,ok,0.19724715302173554,0.08984273276587029,-0.03110729020202952,0.4060319320981865,0.058734832649365576,0.6166895118951422,13,2000,20260919,2000,ok,-0.19121347476526512,0.41863017111828926,0.20496753497041081,0.729812049266961,2020-2024,2022
any_uf,1,SE,sewer_septic,W,75,ok,0.17621264474589546,0.13046378025250702,-0.05286339512053483,0.387670184203772,0.07785261630791727,0.5067492236960278,13,2000,20260919,2000,ok,-0.2240995276457724,0.4134206700724256,0.2491689312588274,0.6373587953837327,2020-2024,2022
any_uf,1000,NE,income_pc,hypertension,775,ok,0.06755199773047867,0.06015169391965676,-0.0028856066331942954,0.13732259333129196,0.053998876561858845,0.13311400084307787,179,2000,20260919,2000,ok,-0.050911623437517164,0.1659897134864902,0.1933447304560396,0.3554530389085088,2020-2024,2022
any_uf,1000,NE,income_pc,hemorrhage,775,ok,0.06400929403362045,0.07492982780490363,-0.00644362918966387,0.1338298947019713,0.07148323450057445,0.04666342980621551,179,2000,20260919,2000,ok,-0.009837151682945286,0.17111612268809906,0.2247894834147109,0.1998385713785122,2020-2024,2022
any_uf,1000,NE,income_pc,W,775,ok,0.11842174497298777,0.0009564623160527114,0.04840152330256729,0.1872837281679856,0.08777850843012347,0.014508295885905624,179,2000,20260919,2000,ok,0.007418512202095361,0.21014605175482548,0.008856218325305603,0.1004420484408851,2020-2024,2022
any_uf,1000,NE,illiteracy_15plus,hypertension,775,ok,-0.00817834977579416,0.8201811955264292,-0.07855698153965936,0.06228139800721105,0.033345643126108354,0.353893897745007,179,2000,20260919,2000,ok,-0.13674048631325225,0.12216533951794242,0.9087331795165282,0.5790991054009206,2020-2024,2022
any_uf,1000,NE,illiteracy_15plus,hemorrhage,775,ok,-0.04244584972028675,0.23789399882551407,-0.11253334165388887,0.028061909719945904,-0.004257494820098547,0.9058039164130097,179,2000,20260919,2000,ok,-0.12159613623060689,0.03305582620314429,0.455541699878644,0.9672293808843647,2020-2024,2022
any_uf,1000,NE,illiteracy_15plus,W,775,ok,-0.07206801631727834,0.04489266421213184,-0.14177235453992415,-0.0016525266573307685,-0.02977506186945416,0.40781309492503875,179,2000,20260919,2000,ok,-0.19051771250034788,0.045773232049092026,0.16203937005697996,0.6386336618540559,2020-2024,2022
any_uf,1000,NE,sewer_septic,hypertension,775,ok,0.1798622529893919,4.649716433053975e-07,0.11084237191645628,0.2471555104522412,0.18911684959782454,1.1315041507931687e-07,179,2000,20260919,2000,ok,0.08039740731089993,0.2704216013801356,2.092372394874289e-05,5.091768678569259e-06,2020-2024,2022
any_uf,1000,NE,sewer_septic,hemorrhage,775,ok,0.03486000475829132,0.33245058986783355,-0.03565139532932042,0.1050260450106946,0.04542390453500327,0.20653207379356484,179,2000,20260919,2000,ok,-0.024661631650900195,0.1051901722359217,0.5540843164463892,0.44256872955763893,2020-2024,2022
any_uf,1000,NE,sewer_septic,W,775,ok,0.18459298673639007,2.2779807932962434e-07,0.11567282827550704,0.25174425022017294,0.1988222647990194,2.3795633001827324e-08,179,2000,20260919,2000,ok,0.09078833709109829,0.2706609899989746,2.050182713966619e-05,2.141606970164459e-06,2020-2024,2022
any_uf,1000,AL,income_pc,hypertension,60,ok,0.2597895841405416,0.04501093612693888,0.006279094730742618,0.4819232584099051,0.24167824395665466,0.0628383990194048,13,2000,20260919,2000,ok,-0.09406582069474985,0.4350055475286513,0.16203937005697996,0.21751753506717048,2020-2024,2022
any_uf,1000,AL,income_pc,hemorrhage,60,ok,-0.1096806946283463,0.40415015224665557,-0.3537531463069539,0.14837638471907563,-0.0584051125312587,0.6575733441235071,13,2000,20260919,2000,ok,-0.3137594531519981,0.24679187588949164,0.616500232240661,0.8107068626180225,2020-2024,2022
any_uf,1000,AL,income_pc,W,60,ok,0.22479362760546392,0.08420512198513543,-0.030894556311454473,0.45286831023856283,0.22361767157543766,0.08588394066540316,13,2000,20260919,2000,ok,-0.12958974659490627,0.4640646371849591,0.24446648318265124,0.25765182199620945,2020-2024,2022
any_uf,1000,AL,illiteracy_15plus,hypertension,60,ok,-0.25559900896485416,0.048713741330163096,-0.4784696428919367,-0.0017905162597521198,-0.25868296749096975,0.04596552716499327,13,2000,20260919,2000,ok,-0.46460917388546946,0.08349174529877054,0.16862448921979534,0.1998385713785122,2020-2024,2022
any_uf,1000,AL,illiteracy_15plus,hemorrhage,60,ok,0.27511774449360454,0.03338138386765457,0.02278476752191138,0.49449726763532376,0.24201166990830789,0.062465240599633265,13,2000,20260919,2000,ok,-0.122389647640911,0.47543911114305765,0.13656020673131414,0.21751753506717048,2020-2024,2022
any_uf,1000,AL,illiteracy_15plus,W,60,ok,-0.20973614553977446,0.10775212367154517,-0.44021617234572213,0.046674298788396296,-0.23473186996387888,0.07102899159255893,13,2000,20260919,2000,ok,-0.526582112412026,0.16614571967783717,0.2720665217504833,0.22830747297608228,2020-2024,2022
any_uf,1000,AL,sewer_septic,hypertension,60,ok,-0.1642330483132487,0.20987201591329452,-0.40141750556233013,0.09359482288658895,-0.18905251458738542,0.1479889856038232,13,2000,20260919,2000,ok,-0.49747597992503556,0.16889600454634435,0.42928366891355696,0.369972464009558,2020-2024,2022
any_uf,1000,AL,sewer_septic,hemorrhage,60,ok,-0.3411839760142369,0.007635630012984767,-0.5476619626159914,-0.09553604242352794,-0.25251458738538485,0.05159529754879296,13,2000,20260919,2000,ok,-0.4947839585454928,0.02258958085009719,0.05286205393604839,0.1998385713785122,2020-2024,2022
any_uf,1000,AL,sewer_septic,W,60,ok,-0.17880571422945418,0.17164648759200787,-0.41393638521197973,0.07869184897271891,-0.16621283689913868,0.20435340214554812,13,2000,20260919,2000,ok,-0.5151641715484204,0.16056351209253072,0.3961072790584797,0.44256872955763893,2020-2024,2022
any_uf,1000,BA,income_pc,hypertension,191,ok,-0.012009692989504352,0.8690276657750455,-0.1537269134825506,0.13019164508389608,0.02106556650038449,0.7723878156542502,32,2000,20260919,2000,ok,-0.15303012042819727,0.12344753921702353,0.9087331795165282,0.9076816257528477,2020-2024,2022
any_uf,1000,BA,income_pc,hemorrhage,191,ok,-0.02660713975628003,0.7148360690917233,-0.1679520180294002,0.11580969499979453,-0.03955554158628121,0.5869283142495649,32,2000,20260919,2000,ok,-0.10247132272018328,0.08967349707342663,0.8813047427158233,0.7730632574495032,2020-2024,2022
any_uf,1000,BA,income_pc,W,191,ok,0.005991356957327465,0.9344404393727977,-0.1361037641743847,0.14784493742867486,0.03906211989630757,0.5916058923809504,32,2000,20260919,2000,ok,-0.10462844758417125,0.14289173360508794,0.9449397701522674,0.7730632574495032,2020-2024,2022
any_uf,1000,BA,illiteracy_15plus,hypertension,191,ok,-0.03382242729674647,0.6422897032153939,-0.17496159128785127,0.10867880227453695,-0.01133324262845977,0.8763440920169481,32,2000,20260919,2000,ok,-0.15966227080583653,0.11228861785251384,0.8377691781070356,0.9672293808843647,2020-2024,2022
any_uf,1000,BA,illiteracy_15plus,hemorrhage,191,ok,-0.01424681580234498,0.8449135829203762,-0.15591079130236213,0.12799142391715,-0.0958017211284295,0.18738672473540965,32,2000,20260919,2000,ok,-0.12220319164407617,0.050536457826481695,0.9087331795165282,0.42162013065467174,2020-2024,2022
any_uf,1000,BA,illiteracy_15plus,W,191,ok,-0.07082752668272538,0.33022846221117685,-0.21068818128801178,0.07187459211860983,-0.08912499940864667,0.22016554075879477,32,2000,20260919,2000,ok,-0.2025580238049251,0.03501058077048659,0.5540843164463892,0.46081159693701235,2020-2024,2022
any_uf,1000,BA,sewer_septic,hypertension,191,ok,0.250504898494943,0.00047367531805425167,0.11252777540712405,0.37900437589300373,0.22484509543139633,0.0017650176368776765,32,2000,20260919,2000,ok,0.08014894337338406,0.38353645416552484,0.007105129770813775,0.03422806776987107,2020-2024,2022
any_uf,1000,BA,sewer_septic,hemorrhage,191,ok,0.013622237216579085,0.8516324638033108,-0.12860584090370103,0.15530121742050812,0.020667729288146,0.7765720575885475,32,2000,20260919,2000,ok,-0.05425978576988615,0.10683678481329711,0.9087331795165282,0.9076816257528477,2020-2024,2022
any_uf,1000,BA,sewer_septic,W,191,ok,0.15424350219324465,0.03313359460102333,0.012538748544903392,0.2898747658624235,0.22330551056214412,0.0019015593205483929,32,2000,20260919,2000,ok,0.03474598755633134,0.32538510220386224,0.13656020673131414,0.03422806776987107,2020-2024,2022
any_uf,1000,CE,income_pc,hypertension,121,ok,0.15587992768171818,0.08776000414718409,-0.023263898979224498,0.32532461823898234,0.12640563609267036,0.1671014494382836,33,2000,20260919,2000,ok,-0.09144194697394245,0.2773420090715357,0.24682501166395523,0.3856187294729621,2020-2024,2022
any_uf,1000,CE,income_pc,hemorrhage,121,ok,-0.016188369614518985,0.8601091550935813,-0.1941239665685862,0.16277852128473527,0.0691438645575178,0.45109533596235385,33,2000,20260919,2000,ok,-0.09636857804231425,0.13270569963391013,0.9087331795165282,0.6647312899022165,2020-2024,2022
any_uf,1000,CE,income_pc,W,121,ok,0.14650480734760785,0.10882660870019331,-0.0328507918903356,0.31671894816451757,0.09567809239940386,0.29651703526111284,33,2000,20260919,2000,ok,-0.0614098690545866,0.27488998803218767,0.2720665217504833,0.5446231259897991,2020-2024,2022
any_uf,1000,CE,illiteracy_15plus,hypertension,121,ok,-0.2996640863411535,0.0008402915421231843,-0.45388287649407033,-0.12801494648879086,-0.23723153106602363,0.00879369752965676,33,2000,20260919,2000,ok,-0.4714353850553723,-0.024811488521678568,0.008856218325305603,0.07194843433355531,2020-2024,2022
any_uf,1000,CE,illiteracy_15plus,hemorrhage,121,ok,-0.025158930845447142,0.7841469075295493,-0.20274497868905367,0.15402931252312324,-0.08588649515573465,0.3489246615482237,33,2000,20260919,2000,ok,-0.15153577068102392,0.11748098115473285,0.8918299700524797,0.5790991054009206,2020-2024,2022
any_uf,1000,CE,illiteracy_15plus,W,121,ok,-0.29588504702956675,0.0009840242583672892,-0.45058421860992376,-0.12393402356441474,-0.2489779466819141,0.005890140726527113,33,2000,20260919,2000,ok,-0.45356951347467195,-0.09954090353714228,0.008856218325305603,0.06626408317343002,2020-2024,2022
any_uf,1000,CE,sewer_septic,hypertension,121,ok,0.059524061472955095,0.5166334056658393,-0.12025010782438017,0.23551824942994873,0.04394391003929005,0.6322255000378487,33,2000,20260919,2000,ok,-0.18502026110713987,0.245617487323701,0.7499517179020248,0.7949388152166842,2020-2024,2022
any_uf,1000,CE,sewer_septic,hemorrhage,121,ok,0.025179079476044443,0.7839782726927389,-0.154009629389441,0.2027643112673871,0.17649399894009685,0.05280497355132273,33,2000,20260919,2000,ok,-0.05480431902072226,0.26089340520711635,0.8918299700524797,0.1998385713785122,2020-2024,2022
any_uf,1000,CE,sewer_septic,W,121,ok,0.07685824725331429,0.40208383946569953,-0.10305204795613396,0.25189899377677283,0.06810730253353202,0.4579259997104158,33,2000,20260919,2000,ok,-0.12894243566159244,0.2428016172683664,0.616500232240661,0.6647312899022165,2020-2024,2022
any_uf,1000,MA,income_pc,hypertension,121,ok,0.18495703608616146,0.042258334143835063,0.00668107504114423,0.3518379235664597,0.1450955155128031,0.1123092427405758,21,2000,20260919,2000,ok,-0.12076771448909653,0.4283550841842529,0.16203937005697996,0.3158697452078694,2020-2024,2022
any_uf,1000,MA,income_pc,hemorrhage,121,ok,0.10049135456016059,0.2727683454026812,-0.07942994004936507,0.2740717625007919,0.20141584538871954,0.02673726623882052,21,2000,20260919,2000,ok,-0.031144349538771255,0.2796254378276159,0.4776254284292528,0.16042359743292312,2020-2024,2022
any_uf,1000,MA,income_pc,W,121,ok,0.22825040203687708,0.011801499480729524,0.05186703242472307,0.390824018318339,0.18471074380165284,0.04253830449019311,21,2000,20260919,2000,ok,-0.06021445824774824,0.39913114468570904,0.07586678237611837,0.1998385713785122,2020-2024,2022
any_uf,1000,MA,illiteracy_15plus,hypertension,121,ok,-0.21274266931183136,0.019141499014004956,-0.3769258818261956,-0.0355979275886078,-0.19638665623556706,0.030857968682445048,21,2000,20260919,2000,ok,-0.41238591727899926,0.027021341221257014,0.09570749507002478,0.16336571655412083,2020-2024,2022
any_uf,1000,MA,illiteracy_15plus,hemorrhage,121,ok,-0.12655460234258886,0.166597746925344,-0.29831238879250227,0.05314239210341552,-0.20143007640723812,0.026726306938184178,21,2000,20260919,2000,ok,-0.29521891354847457,-0.04173517014293489,0.3961072790584797,0.16042359743292312,2020-2024,2022
any_uf,1000,MA,illiteracy_15plus,W,121,ok,-0.2670521966770533,0.0030658703857348807,-0.4252766854039577,-0.09298821755434948,-0.2689854660138245,0.002851453412693354,21,2000,20260919,2000,ok,-0.4066707783534222,-0.06520855251740289,0.022994027893011606,0.036661543877485984,2020-2024,2022
any_uf,1000,MA,sewer_septic,hypertension,121,ok,0.030152305631942617,0.7426793749343681,-0.14914694678243712,0.2075318833467965,-0.0491125863704105,0.5926818307112858,21,2000,20260919,2000,ok,-0.2960274992325572,0.3038444602449534,0.8918299700524797,0.7730632574495032,2020-2024,2022
any_uf,1000,MA,sewer_septic,hemorrhage,121,ok,0.06188285873433842,0.5001254834980067,-0.11791615982384065,0.23775319780194473,-0.005683704233860342,0.9506645461657134,21,2000,20260919,2000,ok,-0.15557998901886583,0.21185065080365684,0.7378900576200099,0.9744481326008436,2020-2024,2022
any_uf,1000,MA,sewer_septic,W,121,ok,0.1488582434552324,0.10319950439800363,-0.03044729315324278,0.3188818667022059,0.020342771982116238,0.8247259755145134,21,2000,20260919,2000,ok,-0.16615467627731664,0.3703654821653875,0.2720665217504833,0.9278167224538276,2020-2024,2022
any_uf,1000,PB,income_pc,hypertension,48,ok,0.04500909098758525,0.7613059452850748,-0.24222331497181973,0.3249876377280365,-0.20842379504993486,0.15514081444378872,21,2000,20260919,2000,ok,-0.5606238869156784,0.2696455014762491,0.8918299700524797,0.37736954864705363,2020-2024,2022
any_uf,1000,PB,income_pc,hemorrhage,48,ok,0.19093243229736823,0.19361935010169878,-0.0985485783084608,0.4506207180601229,-0.04906643508467217,0.7405077523884139,21,2000,20260919,2000,ok,-0.46386925094804743,0.44117002997983584,0.41468310093818755,0.9006175366886116,2020-2024,2022
any_uf,1000,PB,income_pc,W,48,ok,0.11540645257661732,0.43474466736269973,-0.17444858516475922,0.3868557717453262,-0.14947894051237515,0.3105669199967052,21,2000,20260919,2000,ok,-0.5477493114366938,0.3609174288122403,0.6521170010440496,0.548059270582421,2020-2024,2022
any_uf,1000,PB,illiteracy_15plus,hypertension,48,ok,-0.16045462757209927,0.27596135864801274,-0.42520396759601586,0.12958808558089466,-0.1442722610241735,0.32791090773384995,21,2000,20260919,2000,ok,-0.4225425650822765,0.2748084666172315,0.4776254284292528,0.5648238889832807,2020-2024,2022
any_uf,1000,PB,illiteracy_15plus,hemorrhage,48,ok,0.006074812836865118,0.9673130612158956,-0.27854066458597265,0.2897094535562207,0.17081444900040404,0.24572431541224188,21,2000,20260919,2000,ok,-0.2936117988225897,0.48792747812782317,0.9673130612158956,0.48817233444017916,2020-2024,2022
any_uf,1000,PB,illiteracy_15plus,W,48,ok,-0.18905226457547666,0.19812637044824516,-0.44906485647851113,0.10047983954497489,-0.1594702418694589,0.2789568092253346,21,2000,20260919,2000,ok,-0.45318255677749336,0.28777918539062225,0.41468310093818755,0.5230440172975024,2020-2024,2022
any_uf,1000,PB,sewer_septic,hypertension,48,ok,-0.20068618814897204,0.17140440585183098,-0.45866682790514157,0.08849464350207192,-0.21244029526704297,0.14715943862721673,21,2000,20260919,2000,ok,-0.5244023442780904,0.12915556486484503,0.3961072790584797,0.369972464009558,2020-2024,2022
any_uf,1000,PB,sewer_septic,hemorrhage,48,ok,-0.0825861997964894,0.5768127219266395,-0.3583128696496766,0.2063916021022763,-0.15979157620495005,0.277976658697139,21,2000,20260919,2000,ok,-0.4351518088594591,0.21656736072573385,0.7839950619757492,0.5230440172975024,2020-2024,2022
any_uf,1000,PB,sewer_septic,W,48,ok,-0.1982976325587551,0.17666560559399616,-0.45670035393948116,0.09096216865479118,-0.1773773339122883,0.22777718568846264,21,2000,20260919,2000,ok,-0.5178401410825282,0.13337004828154594,0.39749761258649136,0.4659078798173099,2020-2024,2022
any_uf,1000,PE,income_pc,hypertension,126,ok,0.20013434521743267,0.02464665480186641,0.026142541919013735,0.36235700108430974,0.19415073115860515,0.02937706226339396,18,2000,20260919,2000,ok,-0.06554670677609718,0.35676431276260395,0.11090994660839884,0.16336571655412083,2020-2024,2022
any_uf,1000,PE,income_pc,hemorrhage,126,ok,0.05145997952429109,0.567146285381426,-0.12456814165047726,0.2243476123979829,0.06200617932724893,0.49035449958466787,18,2000,20260919,2000,ok,-0.13287520853900148,0.23731251540442916,0.7839950619757492,0.7005064279780969,2020-2024,2022
any_uf,1000,PE,income_pc,W,126,ok,0.29819775395513304,0.0006953639854418647,0.13007514392103184,0.44965222965351,0.26775553055868023,0.0024363119697518648,18,2000,20260919,2000,ok,0.0009152624313049354,0.45597805659307045,0.008856218325305603,0.03654467954627797,2020-2024,2022
any_uf,1000,PE,illiteracy_15plus,hypertension,126,ok,-0.22014271038115824,0.013251639731534735,-0.38040243117181716,-0.04704732337291261,-0.16329156830631045,0.06770599287658867,18,2000,20260919,2000,ok,-0.46799059899744255,0.13138866640269858,0.07950983838920841,0.22568664292196225,2020-2024,2022
any_uf,1000,PE,illiteracy_15plus,hemorrhage,126,ok,0.07773763814035195,0.38691993280068726,-0.09850868971125622,0.24925546860155567,0.05639263516822617,0.530530445459018,18,2000,20260919,2000,ok,-0.20838684734742052,0.28392742696038364,0.6109262096852957,0.7273409867606446,2020-2024,2022
any_uf,1000,PE,illiteracy_15plus,W,126,ok,-0.3328436990530575,0.00014004149164096314,-0.479817257805839,-0.1676996964114444,-0.22712097260834732,0.010541750584832877,18,2000,20260919,2000,ok,-0.5881453623175895,0.08634496929389131,0.0025207468495373367,0.07906312938624659,2020-2024,2022
any_uf,1000,PE,sewer_septic,hypertension,126,ok,-0.07864971281580473,0.3813566708897676,-0.25011594299579004,0.09759982729109044,-0.04467341582302213,0.6193947599175021,18,2000,20260919,2000,ok,-0.3224597758152535,0.18146353587974712,0.6109262096852957,0.7949388152166842,2020-2024,2022
any_uf,1000,PE,sewer_septic,hemorrhage,126,ok,0.21051022676244502,0.01798152210380226,0.036964321945478364,0.37173015556574157,0.1725920148977757,0.053290285700936586,18,2000,20260919,2000,ok,-0.03769965406436107,0.3601140460311562,0.09519629349071786,0.1998385713785122,2020-2024,2022
any_uf,1000,PE,sewer_septic,W,126,ok,-0.025659374847570134,0.7754892292140043,-0.19967017455123703,0.1499203880775821,0.02032845894263217,0.8212515273870468,18,2000,20260919,2000,ok,-0.2752093238849149,0.23338507186226107,0.8918299700524797,0.9278167224538276,2020-2024,2022
any_uf,1000,PI,income_pc,hypertension,37,ok,-0.10285785705410536,0.5446502489410615,-0.41310880090593155,0.2287860951888051,-0.10573731626363203,0.5333833902911395,13,2000,20260919,2000,ok,-0.48066774632735965,0.25108087907200216,0.7659144125733678,0.7273409867606446,2020-2024,2022
any_uf,1000,PI,income_pc,hemorrhage,37,ok,0.20386242752605746,0.22618509555693161,-0.12865490278548508,0.495172643176407,-0.12731152204836413,0.4527190668031438,13,2000,20260919,2000,ok,-0.20258895924884793,0.5088489730692266,0.44253605652443145,0.6647312899022165,2020-2024,2022
any_uf,1000,PI,income_pc,W,37,ok,0.06785379897596924,0.6898690553374968,-0.2619238296001378,0.3834424562973846,0.008297771455666191,0.9611250871290133,13,2000,20260919,2000,ok,-0.30579168686120106,0.45972847502843167,0.8650047178470213,0.9744481326008436,2020-2024,2022
any_uf,1000,PI,illiteracy_15plus,hypertension,37,ok,-0.015733826851526272,0.9263596683439121,-0.33802952480947834,0.3098648748011987,-0.005452821242294926,0.9744481326008436,13,2000,20260919,2000,ok,-0.3712297561345461,0.41726917465818825,0.9449397701522674,0.9744481326008436,2020-2024,2022
any_uf,1000,PI,illiteracy_15plus,hemorrhage,37,ok,-0.06736255448854404,0.6920037742776171,-0.3830214348497592,0.26238341424306155,0.2508297771455666,0.13428225914321446,13,2000,20260919,2000,ok,-0.40313104359187724,0.4040436465797552,0.8650047178470213,0.3554530389085088,2020-2024,2022
any_uf,1000,PI,illiteracy_15plus,W,37,ok,-0.06974065899335263,0.6816916916582307,-0.3850583725078638,0.26015718273008814,-0.04006638217164532,0.8138642754850297,13,2000,20260919,2000,ok,-0.4592878521437201,0.374188497520057,0.8650047178470213,0.9278167224538276,2020-2024,2022
any_uf,1000,PI,sewer_septic,hypertension,37,ok,0.39520398568872867,0.015482429798815728,0.08163918462815849,0.6375787283471602,0.3380749170222854,0.04070268189586528,13,2000,20260919,2000,ok,-0.05626802774861905,0.7050928942425135,0.08708866761833847,0.1998385713785122,2020-2024,2022
any_uf,1000,PI,sewer_septic,hemorrhage,37,ok,0.2993677900768418,0.07185788808191204,-0.02729925298317732,0.5682646304116392,0.2323376007586534,0.16642926211839987,13,2000,20260919,2000,ok,0.0032355268304578586,0.5866225695734778,0.22300723887489943,0.3856187294729621,2020-2024,2022
any_uf,1000,PI,sewer_septic,W,37,ok,0.49806921021344025,0.0017067259357675362,0.207544565963949,0.7078522563867774,0.43741109530583216,0.006784509567557364,13,2000,20260919,2000,ok,0.18679263996160533,0.7337540857492558,0.013964121292643478,0.06784509567557365,2020-2024,2022
any_uf,1000,RN,income_pc,hypertension,37,ok,-0.0931023009979311,0.5836407683597243,-0.4049065134538909,0.23809941587029923,-0.1941678520625889,0.2495103042694249,16,2000,20260919,2000,ok,-0.38889183698570284,0.0800105255991825,0.7839950619757492,0.48817233444017916,2020-2024,2022
any_uf,1000,RN,income_pc,hemorrhage,37,ok,-0.27628371984527367,0.09786690929748301,-0.550978473225001,0.052428756208372,-0.2828354670459933,0.08984751865177369,16,2000,20260919,2000,ok,-0.49682798200636147,-0.08896445010273149,0.2669097526294991,0.260847634795472,2020-2024,2022
any_uf,1000,RN,income_pc,W,37,ok,-0.08196901782075494,0.6295943263653448,-0.39548414174457147,0.24865410789715559,-0.16382171645329538,0.3326185124012653,16,2000,20260919,2000,ok,-0.41880032233467474,0.11135456307039263,0.8332866084247211,0.5648238889832807,2020-2024,2022
any_uf,1000,RN,illiteracy_15plus,hypertension,37,ok,-0.1908435430805504,0.2578658331081722,-0.48487909926381556,0.14195341285649238,-0.10644855381697485,0.5306178965060012,16,2000,20260919,2000,ok,-0.43305517172903996,0.23285397138698316,0.46415849959470995,0.7273409867606446,2020-2024,2022
any_uf,1000,RN,illiteracy_15plus,hemorrhage,37,ok,0.04470998136206878,0.7927377511577597,-0.28341480815991715,0.3634635201567532,0.018492176386913226,0.9134944152796778,16,2000,20260919,2000,ok,-0.23315396051653076,0.3495359907024022,0.8918299700524797,0.9672293808843647,2020-2024,2022
any_uf,1000,RN,illiteracy_15plus,W,37,ok,-0.20846223142676928,0.21565615083120324,-0.49879008710948813,0.12392753580009641,-0.17259364627785678,0.30701557262707274,16,2000,20260919,2000,ok,-0.4582344780296529,0.20285699031689872,0.43131230166240647,0.548059270582421,2020-2024,2022
any_uf,1000,RN,sewer_septic,hypertension,37,ok,0.2197591460699892,0.19124457644889184,-0.11225294483058623,0.5076316495773914,0.14082503556187764,0.40577078511355247,16,2000,20260919,2000,ok,-0.11672214001831818,0.4931608284392943,0.41468310093818755,0.6386336618540559,2020-2024,2022
any_uf,1000,RN,sewer_septic,hemorrhage,37,ok,0.030597570423894396,0.8573318371313564,-0.2963595883349039,0.3511353389012717,0.02299668089141773,0.8925328789448258,16,2000,20260919,2000,ok,-0.29235865719558585,0.33559812010962764,0.9087331795165282,0.9672293808843647,2020-2024,2022
any_uf,1000,RN,sewer_septic,W,37,ok,0.1940752992100227,0.2497404539795722,-0.1386634147835237,0.4874419514579508,0.13703176861071595,0.41865984499321446,16,2000,20260919,2000,ok,-0.1489245103955809,0.47992318591905275,0.46415849959470995,0.6386336618540559,2020-2024,2022
any_uf,1000,SE,income_pc,hypertension,34,ok,-0.1078435317174332,0.5437949950312629,-0.4303160409394093,0.2390397007646465,-0.3023682200152788,0.08219436986399607,12,2000,20260919,2000,ok,-0.5601333932214452,0.10731982781750658,0.7659144125733678,0.2550859754399878,2020-2024,2022
any_uf,1000,SE,income_pc,hemorrhage,34,ok,0.3865094517829866,0.023947046211227608,0.05561255012936523,0.6409060166456334,0.08418640183346066,0.6359510521733474,12,2000,20260919,2000,ok,-0.44302539505701516,0.7117863853398412,0.11090994660839884,0.7949388152166842,2020-2024,2022
any_uf,1000,SE,income_pc,W,34,ok,0.3302084942457819,0.05648200582085536,-0.008957437322016013,0.6012369555412153,-0.005958747135217723,0.9733190962814824,12,2000,20260919,2000,ok,-0.47665110362935575,0.6106834726752413,0.18827335273618453,0.9744481326008436,2020-2024,2022
any_uf,1000,SE,illiteracy_15plus,hypertension,34,ok,-0.0272439649665074,0.8784420735326439,-0.3620738851887567,0.3138128827597018,0.05301757066462948,0.7658641377162757,12,2000,20260919,2000,ok,-0.4202982714725794,0.3621798746429279,0.9087331795165282,0.9076816257528477,2020-2024,2022
any_uf,1000,SE,illiteracy_15plus,hemorrhage,34,ok,-0.6671254019134579,1.6406044332810625e-05,-0.8202447615266751,-0.42479241791437033,-0.5312452253628723,0.00122576034849664,12,2000,20260919,2000,ok,-0.8418345547364079,-0.06995846033921715,0.0004921813299843187,0.03422806776987107,2020-2024,2022
any_uf,1000,SE,illiteracy_15plus,W,34,ok,-0.6329162050287633,5.899847433598716e-05,-0.799882591639866,-0.37501522149227345,-0.44598930481283416,0.008201584927920566,12,2000,20260919,2000,ok,-0.8270667822730817,0.007282932467400783,0.0013274656725597112,0.07194843433355531,2020-2024,2022
any_uf,1000,SE,sewer_septic,hypertension,34,ok,-0.0521273067305181,0.7696889593329237,-0.38353222601288267,0.2911710573877616,-0.14469060351413293,0.41425083543811947,12,2000,20260919,2000,ok,-0.4161221102135371,0.22967729246499607,0.8918299700524797,0.6386336618540559,2020-2024,2022
any_uf,1000,SE,sewer_septic,hemorrhage,34,ok,0.200242765182924,0.2561745466544913,-0.1479407768629049,0.5042622278916828,0.026126814362108473,0.8833919356633969,12,2000,20260919,2000,ok,-0.3420232304446473,0.5417326900223026,0.46415849959470995,0.9672293808843647,2020-2024,2022
any_uf,1000,SE,sewer_septic,W,34,ok,0.1600441123432397,0.365915381522802,-0.18831337421644118,0.47263037857428647,0.011153552330022918,0.9500810079018994,12,2000,20260919,2000,ok,-0.4056666034794413,0.5283934542875733,0.5987706243100397,0.9744481326008436,2020-2024,2022
same_uf,1,NE,income_pc,hypertension,1794,ok,0.06315527528368492,0.0074553592234559846,0.016925106178020736,0.10911598857688679,0.027323400593110725,0.24739112330696722,188,2000,20260919,2000,ok,-0.018099273696792338,0.1426021557492576,0.027957597087959942,0.3975928767433402,2020-2024,2022
same_uf,1,NE,income_pc,hemorrhage,1794,ok,0.037627632706006754,0.1111162907378826,-0.008667097980945062,0.08376140901797836,0.061511077232200194,0.009160837958086305,188,2000,20260919,2000,ok,-0.016422222553236752,0.0907610792293667,0.20834304513352986,0.04122377081138837,2020-2024,2022
same_uf,1,NE,income_pc,W,1794,ok,0.09637652018726148,4.3367668444776723e-05,0.050321329063085,0.14202269840330664,0.04900341870633438,0.03795214369625448,188,2000,20260919,2000,ok,0.014589778617848081,0.1789542863371332,0.0005575843085757008,0.10046155684302656,2020-2024,2022
same_uf,1,NE,illiteracy_15plus,hypertension,1794,ok,0.0438105808032916,0.0635644648976767,-0.002474073335282679,0.08990792694296224,0.08575627344755896,0.0002764423308309231,188,2000,20260919,2000,ok,-0.03949311382177012,0.12584646268780894,0.14668722668694623,0.0035542585392547258,2020-2024,2022
same_uf,1,NE,illiteracy_15plus,hemorrhage,1794,ok,0.031353549388498644,0.18437630343215275,-0.014947778161001441,0.07752070231450163,0.02539112201757139,0.2824280743990568,188,2000,20260919,2000,ok,-0.03579369591567464,0.1070036732531734,0.29631905908738837,0.4150405737136717,2020-2024,2022
same_uf,1,NE,illiteracy_15plus,W,1794,ok,0.013120263490240005,0.5786527600462137,-0.03317952101085536,0.059363855556563344,0.06310780667900624,0.007500304725702124,188,2000,20260919,2000,ok,-0.062348299136936645,0.09006835736722085,0.723315950057767,0.03750152362851062,2020-2024,2022
same_uf,1,NE,sewer_septic,hypertension,1794,ok,0.10888107716694355,3.795805491722581e-06,0.06291848408856103,0.15438278375931438,0.12407227974194689,1.3503394637341488e-07,188,2000,20260919,2000,ok,0.03230147231687602,0.1821644668175439,6.832449885100646e-05,1.2153055173607338e-05,2020-2024,2022
same_uf,1,NE,sewer_septic,hemorrhage,1794,ok,-0.06569985245592955,0.005372158625625788,-0.11164004147222847,-0.019479443114938783,-0.0564988644805367,0.016698070682003175,188,2000,20260919,2000,ok,-0.1253795672404906,-0.0035518719844308466,0.022884630122773118,0.0626177650575119,2020-2024,2022
same_uf,1,NE,sewer_septic,W,1794,ok,0.0758899879954636,0.0012964338414848768,0.02971471299504457,0.12174204816348645,0.09808212529596136,3.16202043924609e-05,188,2000,20260919,2000,ok,-0.005232565941557903,0.15440265346255377,0.008975311210279916,0.0007114545988303703,2020-2024,2022
same_uf,1,AL,income_pc,hypertension,102,ok,0.3242953493623978,0.0008835467578278684,0.1385589948077032,0.4879937930484901,0.2872870382412313,0.0034150209804712345,13,2000,20260919,2000,ok,0.050712500353371284,0.4419168829045137,0.0072290189276825595,0.023642452941723933,2020-2024,2022
same_uf,1,AL,income_pc,hemorrhage,102,ok,-0.12152614679729198,0.22370207417313245,-0.30870517206251324,0.07471453739531408,-0.04426009812494893,0.6586972573187925,13,2000,20260919,2000,ok,-0.2972170753515206,0.16934825600465767,0.33555311125969867,0.7410344144836415,2020-2024,2022
same_uf,1,AL,income_pc,W,102,ok,0.27435872855680676,0.005262740366511124,0.08438633953288423,0.44508568464234477,0.24095424962256365,0.01470412996446253,13,2000,20260919,2000,ok,-0.015042120868612908,0.4420820706251537,0.022884630122773118,0.057537899860940336,2020-2024,2022
same_uf,1,AL,illiteracy_15plus,hypertension,102,ok,-0.29830588245933604,0.0023247708351690735,-0.4657606066074386,-0.1102254980184659,-0.26711978264964975,0.006646992777557534,13,2000,20260919,2000,ok,-0.4367658239321633,-0.04529515685054437,0.013948625011014442,0.03518996176353988,2020-2024,2022
same_uf,1,AL,illiteracy_15plus,hemorrhage,102,ok,0.26044843657584693,0.008198727694210284,0.0694934293358508,0.4329919933349936,0.16667656283833024,0.09406415529472713,13,2000,20260919,2000,ok,-0.07065665078412553,0.45800640031259876,0.029515419699157025,0.21164434941313603,2020-2024,2022
same_uf,1,AL,illiteracy_15plus,W,102,ok,-0.23358821729210316,0.01813565141911014,-0.4094624454616346,-0.040974678966444654,-0.21284199277551796,0.03173122152707841,13,2000,20260919,2000,ok,-0.465491182159959,0.07258899469576204,0.05829316527571117,0.08957651382151557,2020-2024,2022
same_uf,1,AL,sewer_septic,hypertension,102,ok,0.0838132725648766,0.40230308150547717,-0.11249524936433121,0.2738249386345258,0.0018716320518402498,0.9851046754857475,13,2000,20260919,2000,ok,-0.2500827334248801,0.36882613679192805,0.5657387083670773,0.9851046754857475,2020-2024,2022
same_uf,1,AL,sewer_septic,hemorrhage,102,ok,-0.2237341205865496,0.023790749717755008,-0.4007711942831982,-0.0305902248781049,-0.16854123222359818,0.09039062289537154,13,2000,20260919,2000,ok,-0.37820141184026024,0.018031258568595717,0.07137224915326502,0.21164434941313603,2020-2024,2022
same_uf,1,AL,sewer_septic,W,102,ok,0.0540049945932884,0.5898211210719362,-0.14196086268909996,0.24589732634876732,-0.009606957269113548,0.9236540688632308,13,2000,20260919,2000,ok,-0.2787655519418118,0.3588282312820687,0.7271767246092364,0.9340322044684356,2020-2024,2022
same_uf,1,BA,income_pc,hypertension,417,ok,0.09611538617317529,0.049834340471595545,8.603969926475715e-05,0.19038824820100025,0.15990015497954535,0.001050805365611414,32,2000,20260919,2000,ok,-0.015453713662945194,0.20110581608647646,0.12894017277732497,0.009457248290502726,2020-2024,2022
same_uf,1,BA,income_pc,hemorrhage,417,ok,-0.0014647676644609898,0.9762093068244049,-0.09748119639764524,0.0945786765647645,0.026440013643438558,0.5903052154617621,32,2000,20260919,2000,ok,-0.06065475049248984,0.0871265840710115,0.9871779507213083,0.6961199563341879,2020-2024,2022
same_uf,1,BA,income_pc,W,417,ok,0.0676769864190156,0.16776015139461548,-0.028538627610998468,0.16265005933701174,0.12832012676649351,0.008706746225270371,32,2000,20260919,2000,ok,-0.029926508255202926,0.18371358731101667,0.2843762406393,0.04122377081138837,2020-2024,2022
same_uf,1,BA,illiteracy_15plus,hypertension,417,ok,-0.0754599663342064,0.12392522358587184,-0.17025635598601974,0.020720322676156606,-0.0598889658071286,0.22231634236398132,32,2000,20260919,2000,ok,-0.2147727883506238,0.06313678304880015,0.22524980960046145,0.3923229571129082,2020-2024,2022
same_uf,1,BA,illiteracy_15plus,hemorrhage,417,ok,-0.011310452773401643,0.817874164337946,-0.10722413250362622,0.0848118057100059,-0.07582841038044248,0.12209527692809037,32,2000,20260919,2000,ok,-0.0914913372861437,0.057063059165421495,0.8868515034989776,0.24974033917109392,2020-2024,2022
same_uf,1,BA,illiteracy_15plus,W,417,ok,-0.08732280668642792,0.07487433302573819,-0.18182820481812614,0.008780967803243889,-0.10566983662126446,0.030974102803100364,32,2000,20260919,2000,ok,-0.19800917929839779,-0.00046575334896773254,0.16435829200771798,0.08957651382151557,2020-2024,2022
same_uf,1,BA,sewer_septic,hypertension,417,ok,0.13781791410871136,0.004812271415874337,0.042348238609166755,0.23079357704907835,0.16473840165975948,0.0007326605944551279,32,2000,20260919,2000,ok,-0.04210600566618575,0.29452180873288264,0.022884630122773118,0.00824243168762019,2020-2024,2022
same_uf,1,BA,sewer_septic,hemorrhage,417,ok,-0.0020815420492391688,0.9661967726990277,-0.098092074966387,0.09396738178169682,0.01481106150716466,0.7629881923366992,32,2000,20260919,2000,ok,-0.062246611534151376,0.08345224217376125,0.9871779507213083,0.8174873489321777,2020-2024,2022
same_uf,1,BA,sewer_septic,W,417,ok,0.0947912672156744,0.05308371437526445,-0.0012502542401295216,0.18910006422914127,0.14148239913180155,0.003790908276710351,32,2000,20260919,2000,ok,-0.007284353248962301,0.2125352690547274,0.13270928593816111,0.024370124635995114,2020-2024,2022
same_uf,1,CE,income_pc,hypertension,184,ok,0.12036990860265893,0.103615446457062,-0.024721579116293114,0.2604949681714157,0.09625127622276589,0.19369073362060946,33,2000,20260919,2000,ok,-0.09339078335865766,0.25362169781485144,0.20272587350294738,0.348643320517097,2020-2024,2022
same_uf,1,CE,income_pc,hemorrhage,184,ok,-0.022701933608673425,0.7596923136462308,-0.16681511362316032,0.12236092502671882,0.035310571210877204,0.6341739744022595,33,2000,20260919,2000,ok,-0.09237712208717758,0.07284974869021218,0.8546538528520097,0.7281754016783017,2020-2024,2022
same_uf,1,CE,income_pc,W,184,ok,0.11346311242307112,0.12513878311136747,-0.03171852049461741,0.25395577627636634,0.07670443326507888,0.30071351848094513,33,2000,20260919,2000,ok,-0.07250192994061455,0.25042291308908876,0.22524980960046145,0.4295907406870645,2020-2024,2022
same_uf,1,CE,illiteracy_15plus,hypertension,184,ok,-0.20032347786965968,0.0064010937809748335,-0.3352687408094408,-0.057323644645695636,-0.17023088218701043,0.020872861650643747,33,2000,20260919,2000,ok,-0.3841632294763152,0.038834056365045805,0.025047758273379784,0.07225221340607452,2020-2024,2022
same_uf,1,CE,illiteracy_15plus,hemorrhage,184,ok,-0.019589963162682772,0.7918218261862531,-0.1637868220265588,0.12542649847390058,-0.08616131907891361,0.24485051025089846,33,2000,20260919,2000,ok,-0.12867060060044755,0.12340658507925278,0.8690727360580827,0.3975928767433402,2020-2024,2022
same_uf,1,CE,illiteracy_15plus,W,184,ok,-0.20350188110400583,0.005594020696677873,-0.33820650622619675,-0.06062561065774194,-0.17222389443635963,0.019401083325981873,33,2000,20260919,2000,ok,-0.3727082989257674,-0.0103273730801666,0.022884630122773118,0.06984389997353474,2020-2024,2022
same_uf,1,CE,sewer_septic,hypertension,184,ok,0.1007160450729731,0.1737254609777325,-0.04459470066860852,0.2418533331060257,0.08743618886170561,0.23791220582918218,33,2000,20260919,2000,ok,-0.08758571470652891,0.25992919645141643,0.2843762406393,0.396520343048637,2020-2024,2022
same_uf,1,CE,sewer_septic,hemorrhage,184,ok,0.010562407152702409,0.8868406494971309,-0.13430381984528264,0.15498660747898318,0.15148389159978967,0.04010310333341738,33,2000,20260919,2000,ok,-0.11245240451769327,0.20896344818900256,0.939007746526374,0.10312226571450184,2020-2024,2022
same_uf,1,CE,sewer_septic,W,184,ok,0.11201579730809261,0.13005884253223715,-0.03318292436803924,0.25258386282407186,0.10206324484530639,0.16801155648187102,33,2000,20260919,2000,ok,-0.06509974624838168,0.26674276505254685,0.22794190079353271,0.32871826268192156,2020-2024,2022
same_uf,1,MA,income_pc,hypertension,217,ok,0.10969224947917851,0.10709230082928334,-0.0238404549353465,0.2393794952648904,0.09214649912108079,0.1762339981218681,21,2000,20260919,2000,ok,-0.1451239074128425,0.34891208120542566,0.20507036329011705,0.3374693581057049,2020-2024,2022
same_uf,1,MA,income_pc,hemorrhage,217,ok,0.08466933213080809,0.21413129859551666,-0.04906840649993676,0.21542448095054825,0.08897806851271009,0.19163763957618596,21,2000,20260919,2000,ok,-0.05742383167276487,0.2598485720972121,0.3266409639592627,0.348643320517097,2020-2024,2022
same_uf,1,MA,income_pc,W,217,ok,0.1331442468833978,0.05014340052451526,-4.089032365214604e-05,0.2616882104547359,0.07438415676265192,0.27530350922561453,21,2000,20260919,2000,ok,-0.08240760965883867,0.29965470231711394,0.12894017277732497,0.4150405737136717,2020-2024,2022
same_uf,1,MA,illiteracy_15plus,hypertension,217,ok,-0.22666018942902916,0.0007695770282556563,-0.34930006934106866,-0.09638542228623033,-0.24701953919316744,0.00023792232330315858,21,2000,20260919,2000,ok,-0.3918167302836964,-0.0033181876380883927,0.0072290189276825595,0.0035542585392547258,2020-2024,2022
same_uf,1,MA,illiteracy_15plus,hemorrhage,217,ok,-0.19545062372195157,0.003846689881741577,-0.32029738222842175,-0.0639303818752233,-0.20169117831479103,0.0028388429328080555,21,2000,20260919,2000,ok,-0.36108311731918125,-0.02310563222211209,0.02163763058479637,0.021291321996060417,2020-2024,2022
same_uf,1,MA,illiteracy_15plus,W,217,ok,-0.21860139854375246,0.0011915815197412714,-0.34183356608708204,-0.08797841633083939,-0.2645240410476491,7.990914073391024e-05,21,2000,20260919,2000,ok,-0.38707899107697846,-0.0667821072855031,0.008936861398059536,0.0014383645332103844,2020-2024,2022
same_uf,1,MA,sewer_septic,hypertension,217,ok,0.06375699778348466,0.3499294777602924,-0.070022001832095,0.19528317486901378,-0.07806639389362216,0.25216929365927315,21,2000,20260919,2000,ok,-0.25151430511386724,0.2828340056569388,0.5079621451359083,0.398162042619905,2020-2024,2022
same_uf,1,MA,sewer_septic,hemorrhage,217,ok,0.029751266285449524,0.662960987952438,-0.10384462025735262,0.16229260936293827,0.024519816592164616,0.7194699473792869,21,2000,20260919,2000,ok,-0.10195971583512568,0.15726890951511038,0.7748894664379145,0.7852736351069932,2020-2024,2022
same_uf,1,MA,sewer_septic,W,217,ok,0.11638559718841511,0.0871952575218519,-0.0170633089622292,0.24576053730328404,-0.012840786113591896,0.8508203399379664,21,2000,20260919,2000,ok,-0.09727986728680323,0.2715330598004683,0.18684698040396833,0.8801589723496204,2020-2024,2022
same_uf,1,PB,income_pc,hypertension,223,ok,0.0008654430209573453,0.9897465144427083,-0.13052636579283242,0.13222737692335093,-0.07177090964625926,0.2859168396694183,23,2000,20260919,2000,ok,-0.15544778694458386,0.11588846073866166,0.9897465144427083,0.4150405737136717,2020-2024,2022
same_uf,1,PB,income_pc,hemorrhage,223,ok,0.09140464660638678,0.17378548039068334,-0.04045816188823897,0.22013809399509288,0.07179025508246731,0.2857866537834834,23,2000,20260919,2000,ok,-0.09500328993462147,0.2516953571342193,0.2843762406393,0.4150405737136717,2020-2024,2022
same_uf,1,PB,income_pc,W,223,ok,0.031600803372254,0.6388081542582617,-0.10019212408700576,0.16230394748532595,-0.04856893273175337,0.47051657004411457,23,2000,20260919,2000,ok,-0.16029880754028983,0.17484104655121138,0.756483340568994,0.5881457125551433,2020-2024,2022
same_uf,1,PB,illiteracy_15plus,hypertension,223,ok,-0.049217326942944194,0.46460552162820423,-0.17943407014431664,0.0826943446673004,-0.053605481854978675,0.42569803909146825,23,2000,20260919,2000,ok,-0.20003792451165886,0.11841781417045585,0.6240969693513192,0.5473260502604592,2020-2024,2022
same_uf,1,PB,illiteracy_15plus,hemorrhage,223,ok,-0.08673638853225084,0.19691022500211391,-0.21565592204771958,0.045155129623738376,-0.10457163932653835,0.11945062559698279,23,2000,20260919,2000,ok,-0.25373587778812423,0.049730551896357014,0.30555034914121126,0.24974033917109392,2020-2024,2022
same_uf,1,PB,illiteracy_15plus,W,223,ok,-0.06902476965632225,0.3048014115996789,-0.19860077328319245,0.0629227990170561,-0.0613596066685108,0.36176632848263424,23,2000,20260919,2000,ok,-0.23609062655733315,0.1093476830102167,0.44970700072083775,0.4851668592501252,2020-2024,2022
same_uf,1,PB,sewer_septic,hypertension,223,ok,-0.054456168570712046,0.4183802309341093,-0.18451307724645657,0.07747507838258474,-0.06545773477242206,0.3305319197648826,23,2000,20260919,2000,ok,-0.1924181874752158,0.11202913562605293,0.5792957043703052,0.4577731120730174,2020-2024,2022
same_uf,1,PB,sewer_septic,hemorrhage,223,ok,-0.12767949599631662,0.05694338665008077,-0.25478270205139936,0.0037605521102769585,-0.12240767182725422,0.06807187067883747,23,2000,20260919,2000,ok,-0.28664448565360007,0.03144752359397671,0.13851094050019647,0.17017967669709366,2020-2024,2022
same_uf,1,PB,sewer_septic,W,223,ok,-0.057351230765857256,0.39403361177028107,-0.1873168356244189,0.0745877282899144,-0.06074926145170107,0.36657051587787237,23,2000,20260919,2000,ok,-0.20237543975524705,0.10758104652229027,0.5629051596718301,0.4851668592501252,2020-2024,2022
same_uf,1,PE,income_pc,hypertension,185,ok,0.3558562793020663,6.658928927305736e-07,0.2230382129110491,0.4757028256323401,0.1865026849355261,0.011026448894594346,19,2000,20260919,2000,ok,0.03480401112460282,0.6089539493417495,1.4982590086437907e-05,0.045108200023340504,2020-2024,2022
same_uf,1,PE,income_pc,hemorrhage,185,ok,0.20567582834502052,0.00497536598425583,0.0632850582212163,0.3398599134267261,0.11747478886225808,0.11126811435257818,19,2000,20260919,2000,ok,-0.015148702119136458,0.43527283040666664,0.022884630122773118,0.24066581085419408,2020-2024,2022
same_uf,1,PE,income_pc,W,185,ok,0.45719577503912556,6.07138948318735e-11,0.3350250932402917,0.564247197353013,0.2428197579791401,0.0008675089003998024,19,2000,20260919,2000,ok,0.08622340618802188,0.7026096351273271,5.464250534868615e-09,0.008675089003998025,2020-2024,2022
same_uf,1,PE,illiteracy_15plus,hypertension,185,ok,-0.24392327532582808,0.0008201217203140414,-0.3749956040304619,-0.10328948058426644,-0.15302205625869855,0.03757316571835692,19,2000,20260919,2000,ok,-0.46406706429745354,0.015886747030279934,0.0072290189276825595,0.10046155684302656,2020-2024,2022
same_uf,1,PE,illiteracy_15plus,hemorrhage,185,ok,0.051213342265320566,0.4887426979322311,-0.09374791209779852,0.1940482214595217,0.1236878686866773,0.0934679111399283,19,2000,20260919,2000,ok,-0.19254895628063465,0.26875338136779936,0.6468653354985411,0.21164434941313603,2020-2024,2022
same_uf,1,PE,illiteracy_15plus,W,185,ok,-0.31304966510758686,1.4337285175721172e-05,-0.43755678443370977,-0.1767643136325786,-0.16428496631625972,0.025445147346825982,19,2000,20260919,2000,ok,-0.5390765129671493,-0.000762014798056477,0.00021505927763581758,0.08178797361479781,2020-2024,2022
same_uf,1,PE,sewer_septic,hypertension,185,ok,-0.04785587831731084,0.5177165312082256,-0.1908071267774591,0.09708299247904376,-0.06938516356468671,0.34800018704573243,19,2000,20260919,2000,ok,-0.26626323673614255,0.20162348228931318,0.675282432010729,0.47454570960781695,2020-2024,2022
same_uf,1,PE,sewer_septic,hemorrhage,185,ok,0.13576454289654033,0.0653841866121178,-0.008673950003046431,0.2746536231321271,0.08724345727418409,0.23766253964013812,19,2000,20260919,2000,ok,-0.06568841013867224,0.29626674107828227,0.14711441987726503,0.396520343048637,2020-2024,2022
same_uf,1,PE,sewer_septic,W,185,ok,-0.007784060057839769,0.9162499198920244,-0.15188209720688148,0.13663798382865108,-0.04037754444486563,0.5852761342648388,19,2000,20260919,2000,ok,-0.2457332501864508,0.24392882191043805,0.9588661952358396,0.6961199563341879,2020-2024,2022
same_uf,1,PI,income_pc,hypertension,224,ok,0.04253511917034136,0.5265165768261019,-0.08904418012256608,0.17265528080549639,0.06529907567103266,0.330613914274957,15,2000,20260919,2000,ok,-0.05753598848227295,0.12656439749119197,0.6769498844907025,0.4577731120730174,2020-2024,2022
same_uf,1,PI,income_pc,hemorrhage,224,ok,0.1866610723287045,0.005067164675198101,0.056972250307423575,0.3101550035015887,0.18537866356253432,0.005383636276019095,15,2000,20260919,2000,ok,0.0018875451488083207,0.3116844288785252,0.022884630122773118,0.030282954052607412,2020-2024,2022
same_uf,1,PI,income_pc,W,224,ok,0.16213113897987338,0.015137447629868912,0.03172250239418467,0.2871120811379485,0.18627769194724686,0.005159977863981925,15,2000,20260919,2000,ok,0.010759978135455185,0.28022221921134405,0.05239885718031547,0.030282954052607412,2020-2024,2022
same_uf,1,PI,illiteracy_15plus,hypertension,224,ok,-0.15265036016655326,0.022295888733309933,-0.27816710338913286,-0.022007912503954015,-0.1456235811322166,0.029336955843578896,15,2000,20260919,2000,ok,-0.36220030272963954,0.13061884006534144,0.06919413744820324,0.08957651382151557,2020-2024,2022
same_uf,1,PI,illiteracy_15plus,hemorrhage,224,ok,-0.03184189248585495,0.6354858043086233,-0.16224750601352175,0.09965689038619303,0.072951477126728,0.2769579566124492,15,2000,20260919,2000,ok,-0.22796954609023604,0.21605155241430368,0.756483340568994,0.4150405737136717,2020-2024,2022
same_uf,1,PI,illiteracy_15plus,W,224,ok,-0.14866790499509572,0.026082048203840774,-0.2744032102274783,-0.017934588348203287,-0.10638940761080465,0.11231071173195724,15,2000,20260919,2000,ok,-0.36156325189261235,0.11611805242266057,0.07572207543050548,0.24066581085419408,2020-2024,2022
same_uf,1,PI,sewer_septic,hypertension,224,ok,0.20555416797264592,0.0019859185935240803,0.07653351193606099,0.32780442462202836,0.1716765966627427,0.010047659921978114,15,2000,20260919,2000,ok,-0.016403400675427834,0.44639023739562744,0.012766619529797659,0.04306139966562049,2020-2024,2022
same_uf,1,PI,sewer_septic,hemorrhage,224,ok,0.08710628519781893,0.19399064528818472,-0.04448446704515032,0.21572591941236127,0.15256411776439996,0.022372557526604397,15,2000,20260919,2000,ok,-0.038178869358539876,0.2280983110797623,0.30555034914121126,0.07457519175534799,2020-2024,2022
same_uf,1,PI,sewer_septic,W,224,ok,0.22252331756208882,0.0007966904823063509,0.09418785930123302,0.3435841395811586,0.20609887475868544,0.0019306059797790326,15,2000,20260919,2000,ok,0.05845658422575421,0.40995508153488897,0.0072290189276825595,0.015795867107282993,2020-2024,2022
same_uf,1,RN,income_pc,hypertension,167,ok,-0.04637886988033013,0.5517326315840952,-0.19685595648764284,0.10623295128233534,-0.05262469668488356,0.49940814960529395,19,2000,20260919,2000,ok,-0.2401341633936816,0.11984882127923906,0.6993793921488531,0.6157086775955679,2020-2024,2022
same_uf,1,RN,income_pc,hemorrhage,167,ok,-0.16863003479839045,0.02937348331103852,-0.3124911183935526,-0.01720709249153305,-0.16617690357734785,0.03184942713653887,19,2000,20260919,2000,ok,-0.3286785601314412,0.0025413115786382034,0.08261292181229583,0.08957651382151557,2020-2024,2022
same_uf,1,RN,income_pc,W,167,ok,-0.05745335427538244,0.4608220764022871,-0.20750644012164096,0.0952412270389148,-0.0661557250966492,0.39564197440360704,19,2000,20260919,2000,ok,-0.2740410552874465,0.13193635060731573,0.6240969693513192,0.5160547492220962,2020-2024,2022
same_uf,1,RN,illiteracy_15plus,hypertension,167,ok,-0.03275139610357976,0.6743575203393123,-0.18370130735665405,0.11970759357535662,-0.028032452662749587,0.7191396205928892,19,2000,20260919,2000,ok,-0.24375465004136784,0.18858956780400205,0.7781048311607449,0.7852736351069932,2020-2024,2022
same_uf,1,RN,illiteracy_15plus,hemorrhage,167,ok,0.12654295902876686,0.10319231220379253,-0.025816763311895974,0.2731572180538645,0.1095827917939771,0.15861807817266216,19,2000,20260919,2000,ok,-0.07366138445966738,0.327462252085603,0.20272587350294738,0.3172361563453243,2020-2024,2022
same_uf,1,RN,illiteracy_15plus,W,167,ok,-0.022242306771841063,0.775406381146386,-0.1735197868800167,0.1300606061740364,-0.02075474615079194,0.7900662392644247,19,2000,20260919,2000,ok,-0.26208935328640676,0.21809136791273656,0.8615626457182067,0.8365407239270379,2020-2024,2022
same_uf,1,RN,sewer_septic,hypertension,167,ok,0.02666288737414225,0.7323258381512243,-0.12570972127868643,0.17780652175399503,0.04441819164466841,0.5686915223602349,19,2000,20260919,2000,ok,-0.1386795546607733,0.20331827021443694,0.8342952586532936,0.6916518515192046,2020-2024,2022
same_uf,1,RN,sewer_septic,hemorrhage,167,ok,-0.14533872985484494,0.06092401059024374,-0.2907842332207122,0.006672129803473221,-0.1405517221452923,0.07003407663362456,19,2000,20260919,2000,ok,-0.3107403922708099,0.030509285030412593,0.14429370929268254,0.17035315937908677,2020-2024,2022
same_uf,1,RN,sewer_septic,W,167,ok,-0.015194799906530977,0.8454739804333813,-0.16667378864803728,0.13698489245696005,-0.015138866343610148,0.8460357439652749,19,2000,20260919,2000,ok,-0.1905292638777875,0.179623337227893,0.9058649790357657,0.8801589723496204,2020-2024,2022
same_uf,1,SE,income_pc,hypertension,75,ok,-0.05988741199332339,0.6097799186403333,-0.28300264070875875,0.16937662699182945,-0.1552204836415363,0.18360186817418872,13,2000,20260919,2000,ok,-0.26182174067369196,0.05242227930162034,0.7416242253733784,0.34425350282660383,2020-2024,2022
same_uf,1,SE,income_pc,hemorrhage,75,ok,0.27444841242111945,0.017180515317213544,0.05064095797146002,0.47200913072418915,0.06227596017069702,0.5955692959748052,13,2000,20260919,2000,ok,-0.28225932168186446,0.6344029105198331,0.057268384390711816,0.6961199563341879,2020-2024,2022
same_uf,1,SE,income_pc,W,75,ok,0.23162073907169323,0.04555606587071053,0.00491739686400162,0.43567932707718837,0.04142247510668563,0.7241967968208938,13,2000,20260919,2000,ok,-0.28190241524247966,0.5573494600312922,0.12424381601102871,0.7852736351069932,2020-2024,2022
same_uf,1,SE,illiteracy_15plus,hypertension,75,ok,-0.19589295194524742,0.09211395629214165,-0.4048548586876286,0.032514495036153265,-0.14042774131038904,0.22948796261368484,13,2000,20260919,2000,ok,-0.40845127269152987,0.06252497761804891,0.19279665270448254,0.396520343048637,2020-2024,2022
same_uf,1,SE,illiteracy_15plus,hemorrhage,75,ok,-0.6443702669204663,4.438719110486981e-10,-0.760160557727453,-0.4889103159342312,-0.48671754423382,9.52453584032281e-06,13,2000,20260919,2000,ok,-0.8187224544838434,-0.11912624431266217,1.9974235997191414e-08,0.0002857360752096843,2020-2024,2022
same_uf,1,SE,illiteracy_15plus,W,75,ok,-0.6393577321445931,6.66684616230973e-10,-0.7565384291503889,-0.4823963265459216,-0.5253949174735838,1.2996280299348708e-06,13,2000,20260919,2000,ok,-0.789500919045016,-0.22638033846228747,2.0000538486929188e-08,5.8483261347069185e-05,2020-2024,2022
same_uf,1,SE,sewer_septic,hypertension,75,ok,-0.009925569339668244,0.9326459703824941,-0.2363549716496904,0.21752630290598995,-0.018890469416785204,0.8722014363923377,13,2000,20260919,2000,ok,-0.2806696500709462,0.25192631063984533,0.9648061762577526,0.8920241963103454,2020-2024,2022
same_uf,1,SE,sewer_septic,hemorrhage,75,ok,0.19067991307022664,0.10128123225707543,-0.03792313405305941,0.40031720461057274,0.05502133712660028,0.6391761859176204,13,2000,20260919,2000,ok,-0.1947991783316441,0.4138581739881807,0.20272587350294738,0.7281754016783017,2020-2024,2022
same_uf,1,SE,sewer_septic,W,75,ok,0.17565717812319376,0.13169976490293,-0.05343498512064206,0.3871830133301094,0.08614509246088192,0.4624152239467209,13,2000,20260919,2000,ok,-0.22430239657140996,0.41439465007849363,0.22794190079353271,0.5861601430310547,2020-2024,2022
same_uf,1000,NE,income_pc,hypertension,759,ok,0.06922807959740801,0.056601623718692574,-0.0019442073102466338,0.13970254975190413,0.06093977783634759,0.09340948934915616,178,2000,20260919,2000,ok,-0.04228042935662578,0.15790428932688494,0.2014771369173553,0.240195829754973,2020-2024,2022
same_uf,1000,NE,income_pc,hemorrhage,759,ok,0.06040234074431827,0.09634094746464086,-0.010806820080946333,0.13100195156965502,0.08056975007514743,0.0264429428077826,178,2000,20260919,2000,ok,-0.013299899532733927,0.1789281305156647,0.27095891474430245,0.1487415532937771,2020-2024,2022
same_uf,1000,NE,income_pc,W,759,ok,0.11802431045518064,0.001123596983572246,0.047258522608946016,0.18761128532226196,0.08841919645312761,0.014821807246042987,178,2000,20260919,2000,ok,0.013241084168482823,0.20497784011739392,0.01026375278320642,0.10261251170337453,2020-2024,2022
same_uf,1000,NE,illiteracy_15plus,hypertension,759,ok,0.002571547724167763,0.9436131415318013,-0.06860371549191137,0.07372076580183773,0.04528855167690438,0.21266138021962455,178,2000,20260919,2000,ok,-0.11120618040535732,0.12905844864142282,0.9556154147760884,0.4253227604392491,2020-2024,2022
same_uf,1000,NE,illiteracy_15plus,hemorrhage,759,ok,-0.04380123934727933,0.2280829584655749,-0.11460671736078547,0.02744702228120237,-0.012424575002123137,0.7325424187472764,178,2000,20260919,2000,ok,-0.12570936453394543,0.029693787371995052,0.4405915877875425,0.8353763665252206,2020-2024,2022
same_uf,1000,NE,illiteracy_15plus,W,759,ok,-0.06331849912974959,0.08128187761037338,-0.1338779651281682,0.00787971505639021,-0.018134545079039867,0.6179037401721087,178,2000,20260919,2000,ok,-0.17311502835227643,0.057462915653229925,0.25225410292874495,0.7617991317190381,2020-2024,2022
same_uf,1000,NE,sewer_septic,hypertension,759,ok,0.16808502306811915,3.2199065502652646e-06,0.09809567439864626,0.23641982326091815,0.17316053142488813,1.594598678065432e-06,178,2000,20260919,2000,ok,0.07524270995528252,0.25852104692012057,0.0001448957947619369,7.175694051294444e-05,2020-2024,2022
same_uf,1000,NE,sewer_septic,hemorrhage,759,ok,0.037738223415582896,0.29911054988972224,-0.03351449041773847,0.10860925622340521,0.06469983173086732,0.07484608479767864,178,2000,20260919,2000,ok,-0.02051981412062485,0.11355281447389068,0.4894536270922728,0.21517413945962047,2020-2024,2022
same_uf,1000,NE,sewer_septic,W,759,ok,0.176903450164185,9.372271638198832e-07,0.10708887553223105,0.24498209686197717,0.18754853017469392,1.9432147447708573e-07,178,2000,20260919,2000,ok,0.08623672608326705,0.26649114594595497,8.435044474378949e-05,1.7488932702937717e-05,2020-2024,2022
same_uf,1000,AL,income_pc,hypertension,58,ok,0.2501895710664224,0.05820450622056931,-0.008666241550540884,0.4776201428553482,0.2185548617305977,0.09930675451231265,13,2000,20260919,2000,ok,-0.13444355160078889,0.4315790471973238,0.2014771369173553,0.2482668862807816,2020-2024,2022
same_uf,1000,AL,income_pc,hemorrhage,58,ok,-0.11727050756450305,0.380652755258696,-0.36452465684514035,0.14543042417585028,-0.05743025008459197,0.6684994301847265,13,2000,20260919,2000,ok,-0.325195234307907,0.2759218042427942,0.58016947228214,0.7916440620608602,2020-2024,2022
same_uf,1000,AL,income_pc,W,58,ok,0.20712329720725123,0.11875132187938002,-0.05406489965863212,0.4417840358973802,0.1873634993386447,0.15902365844825359,13,2000,20260919,2000,ok,-0.1790896262279715,0.4523793518084045,0.3143417343865942,0.3490763234229957,2020-2024,2022
same_uf,1000,AL,illiteracy_15plus,hypertension,58,ok,-0.24751286837876318,0.06103657443373791,-0.4754146576938467,0.011519356566388944,-0.24593189578270636,0.06276080763967035,13,2000,20260919,2000,ok,-0.4565043992039238,0.11042556463786483,0.2034552481124597,0.21517413945962047,2020-2024,2022
same_uf,1000,AL,illiteracy_15plus,hemorrhage,58,ok,0.28278985196659095,0.031484426544486646,0.026424190433966953,0.504253243411266,0.23897997477621583,0.07081298088949914,13,2000,20260919,2000,ok,-0.1247344589267723,0.4833932415606119,0.1416799194501899,0.21517413945962047,2020-2024,2022
same_uf,1000,AL,illiteracy_15plus,W,58,ok,-0.19392952439613692,0.14465853846396579,-0.4306533654169128,0.06776045122115186,-0.2037897197699099,0.12493560713161884,13,2000,20260919,2000,ok,-0.5137220427508712,0.19790898181706693,0.35187212058802486,0.288312939534505,2020-2024,2022
same_uf,1000,AL,sewer_septic,hypertension,58,ok,-0.12925757153853432,0.3335280961672908,-0.3750322625509957,0.13349516428371974,-0.13642375957427175,0.3071885062971888,13,2000,20260919,2000,ok,-0.46969434642651076,0.1761186188196571,0.5266233097378276,0.5249621554882159,2020-2024,2022
same_uf,1000,AL,sewer_septic,hemorrhage,58,ok,-0.3340415058725875,0.010386796439489705,-0.5452889288038157,-0.0828983234898407,-0.24199452459318962,0.06722559927748205,13,2000,20260919,2000,ok,-0.4971022821624562,0.03853828293192314,0.06232077863693823,0.21517413945962047,2020-2024,2022
same_uf,1000,AL,sewer_septic,W,58,ok,-0.1445994697545081,0.2788226065273494,-0.3883891311539302,0.11810755523551397,-0.1326709526592636,0.3208102061316875,13,2000,20260919,2000,ok,-0.5052503414539495,0.16987588063110423,0.4790406712648764,0.5249621554882159,2020-2024,2022
same_uf,1000,BA,income_pc,hypertension,185,ok,0.1098956347370948,0.13645442468229055,-0.034926710475789186,0.25019748147797083,0.15505113059695483,0.035083699157351426,32,2000,20260919,2000,ok,-0.04462555542963877,0.24035882257288835,0.34113606170572636,0.1661859433769278,2020-2024,2022
same_uf,1000,BA,income_pc,hemorrhage,185,ok,-0.03210731357592745,0.6643911001587456,-0.1755626936814086,0.1126832439598329,-0.0062658850420502,0.9325408910859019,32,2000,20260919,2000,ok,-0.10652906235421909,0.09277110061376972,0.830488875198432,0.9559307138608563,2020-2024,2022
same_uf,1000,BA,income_pc,W,185,ok,0.048084662330477534,0.5157145952018225,-0.09685583701932615,0.19102808016666667,0.13673673132972772,0.06346184571032852,32,2000,20260919,2000,ok,-0.06782414120808113,0.2171096828429941,0.7140663625871388,0.21517413945962047,2020-2024,2022
same_uf,1000,BA,illiteracy_15plus,hypertension,185,ok,-0.07894192860992816,0.28546791592468357,-0.22069704499198128,0.06607923740577322,-0.05915086132620887,0.4238346533737091,32,2000,20260919,2000,ok,-0.23909927641278125,0.0884109410246742,0.4790406712648764,0.6152438516715133,2020-2024,2022
same_uf,1000,BA,illiteracy_15plus,hemorrhage,185,ok,-0.009234956053689054,0.9007133322663862,-0.1532993132573622,0.13521379125064395,-0.13176521204416367,0.07379911689837113,32,2000,20260919,2000,ok,-0.12567206811220075,0.050372211981617426,0.9522734572907997,0.21517413945962047,2020-2024,2022
same_uf,1000,BA,illiteracy_15plus,W,185,ok,-0.08866277669328641,0.23008671806682773,-0.22998952219609609,0.0563263075033552,-0.13173280441635313,0.0738707319360325,32,2000,20260919,2000,ok,-0.24941666961460718,0.012355254600015055,0.4405915877875425,0.21517413945962047,2020-2024,2022
same_uf,1000,BA,sewer_septic,hypertension,185,ok,0.16950676328270953,0.021075339962127244,0.025870821318875727,0.3062853082126598,0.1585924332817515,0.031073172108274098,32,2000,20260919,2000,ok,-0.024505276234660662,0.32788947657182443,0.10537669981063622,0.1553658605413705,2020-2024,2022
same_uf,1000,BA,sewer_septic,hemorrhage,185,ok,0.010883156353275279,0.8831099371707635,-0.13359520122179486,0.1549085348668578,0.047002644425928455,0.5252176225932605,32,2000,20260919,2000,ok,-0.05387254240366221,0.11341515781000984,0.9522734572907997,0.6864007912451155,2020-2024,2022
same_uf,1000,BA,sewer_septic,W,185,ok,0.11285477018333938,0.12614617983593762,-0.03193375611676262,0.2530041092074017,0.1638565634358061,0.025835900292423716,32,2000,20260919,2000,ok,-0.0019934332067118973,0.28751047968690147,0.3243758910066968,0.1487415532937771,2020-2024,2022
same_uf,1000,CE,income_pc,hypertension,119,ok,0.15401023462703284,0.0944626650788441,-0.026726194324850207,0.3249965036007732,0.12377866400797607,0.17986294499749558,32,2000,20260919,2000,ok,-0.09597921879958315,0.2742397201047416,0.27095891474430245,0.3854205964232048,2020-2024,2022
same_uf,1000,CE,income_pc,hemorrhage,119,ok,-0.016095765783084533,0.8620682466278954,-0.1955248457468383,0.16437600675926156,0.06744065560588886,0.46615122425979477,32,2000,20260919,2000,ok,-0.09534398452862562,0.13709927368236283,0.9522734572907997,0.6394392919514078,2020-2024,2022
same_uf,1000,CE,income_pc,W,119,ok,0.1449171342833048,0.11583795063807006,-0.036017920911785115,0.31665296721339564,0.09219484403931065,0.3186494576750727,32,2000,20260919,2000,ok,-0.058596147989666905,0.2739511789751807,0.3143417343865942,0.5249621554882159,2020-2024,2022
same_uf,1000,CE,illiteracy_15plus,hypertension,119,ok,-0.29803943307075914,0.000994571029638366,-0.45369610369488084,-0.12473541251956062,-0.2383536474650044,0.009043040139951395,32,2000,20260919,2000,ok,-0.47443430042848583,-0.02515098655518835,0.01026375278320642,0.07398851023596595,2020-2024,2022
same_uf,1000,CE,illiteracy_15plus,hemorrhage,119,ok,-0.026525195373120918,0.7746086349009589,-0.20553941242729484,0.15420659918163346,-0.0888197309131032,0.33676244221071994,32,2000,20260919,2000,ok,-0.159544386905735,0.09774908091933428,0.9190992156335545,0.531730171911663,2020-2024,2022
same_uf,1000,CE,illiteracy_15plus,W,119,ok,-0.2947978313439727,0.0011356714386341069,-0.450869222598443,-0.12123530731526187,-0.2503320407793992,0.006035650399439368,32,2000,20260919,2000,ok,-0.45714931341025733,-0.10391386317608606,0.01026375278320642,0.06790106699369289,2020-2024,2022
same_uf,1000,CE,sewer_septic,hypertension,119,ok,0.06819339011412065,0.4611780722149392,-0.11319152797979835,0.2451794808876023,0.0552129326306794,0.5509082381351156,32,2000,20260919,2000,ok,-0.1888017150409663,0.26000676880344015,0.6588258174499132,0.7083105918880058,2020-2024,2022
same_uf,1000,CE,sewer_septic,hemorrhage,119,ok,0.021268566282363566,0.8184106380741273,-0.15933696294103292,0.20049656379951725,0.16602721483293448,0.07114168897112201,32,2000,20260919,2000,ok,-0.05557999059332619,0.22730202909842964,0.9443199670086083,0.21517413945962047,2020-2024,2022
same_uf,1000,CE,sewer_septic,W,119,ok,0.08506878551863996,0.35764357817323666,-0.09640288362653532,0.26106687674163404,0.07972511038313632,0.388747305613601,32,2000,20260919,2000,ok,-0.13165275752498903,0.24640426251091493,0.5549641730274362,0.5930043644953236,2020-2024,2022
same_uf,1000,MA,income_pc,hypertension,118,ok,0.1956499056357115,0.03373351290741527,0.015436467510705572,0.36355204449924433,0.16062070199657438,0.08229651446621576,21,2000,20260919,2000,ok,-0.10530384654570366,0.43485017714232055,0.14246506262829328,0.2244450394533157,2020-2024,2022
same_uf,1000,MA,income_pc,hemorrhage,118,ok,0.11192158255635484,0.22757367129275047,-0.0702591793077087,0.28687716429093474,0.20839618650127667,0.02353799705634346,21,2000,20260919,2000,ok,-0.05834670603438492,0.38132784476413284,0.4405915877875425,0.1487415532937771,2020-2024,2022
same_uf,1000,MA,income_pc,W,118,ok,0.23733876289650543,0.009659096559920095,0.05911553302765842,0.40089906819888055,0.18993933949068545,0.03938910896957798,21,2000,20260919,2000,ok,-0.09614732388961755,0.4236685737098554,0.0620941921709149,0.16881046701247704,2020-2024,2022
same_uf,1000,MA,illiteracy_15plus,hypertension,118,ok,-0.2516666652524178,0.00597607326891622,-0.4136104273191276,-0.07428669160862329,-0.24717513092803017,0.00696670313427772,21,2000,20260919,2000,ok,-0.44086591021265753,-0.05231735884104136,0.04482054951687165,0.0696670313427772,2020-2024,2022
same_uf,1000,MA,illiteracy_15plus,hemorrhage,118,ok,-0.1927860814760438,0.03647765156302821,-0.36096651792773915,-0.012460962393099089,-0.2399466756252747,0.008868269049607965,21,2000,20260919,2000,ok,-0.3932367015454641,-0.06891931464156706,0.14273863655097993,0.07398851023596595,2020-2024,2022
same_uf,1000,MA,illiteracy_15plus,W,118,ok,-0.3085008765712049,0.0006768267660021161,-0.46341799792416033,-0.1352856448050201,-0.3046037879195532,0.0007974272275173712,21,2000,20260919,2000,ok,-0.4574107154356869,-0.09275544260272778,0.010152401490031741,0.023922816825521137,2020-2024,2022
same_uf,1000,MA,sewer_septic,hypertension,118,ok,0.0046407822305985095,0.9602216657937441,-0.17626643878978795,0.18524474423988888,-0.09769592321935293,0.29258294620662784,21,2000,20260919,2000,ok,-0.338215629656874,0.2826270158759195,0.9602216657937441,0.5249621554882159,2020-2024,2022
same_uf,1000,MA,sewer_septic,hemorrhage,118,ok,-0.012558822255714612,0.8926302293995096,-0.19288031720226506,0.1685832400183554,-0.012611809804036459,0.8921799462628848,21,2000,20260919,2000,ok,-0.19794672097018595,0.24937920092673924,0.9522734572907997,0.9450348130004038,2020-2024,2022
same_uf,1000,MA,sewer_septic,W,118,ok,0.10861356858118024,0.24169814666923736,-0.07359058674369932,0.28380108227008677,-0.020031480649626215,0.8295312445188155,21,2000,20260919,2000,ok,-0.24843698509364878,0.3517007797600411,0.44393537143329315,0.921701382798684,2020-2024,2022
same_uf,1000,PB,income_pc,hypertension,48,ok,0.028227557046349536,0.8489572691548068,-0.25797622086141686,0.309876909580005,-0.22666087711680416,0.1213340142989162,21,2000,20260919,2000,ok,-0.5750046167713289,0.25861841547307585,0.9522734572907997,0.28737003386585414,2020-2024,2022
same_uf,1000,PB,income_pc,hemorrhage,48,ok,0.1918511043410816,0.19144384374905254,-0.0976041476828841,0.45138035700747836,-0.05058619192357794,0.7327634680094327,21,2000,20260919,2000,ok,-0.4778854946572331,0.43997903857902987,0.4275045979716152,0.8353763665252206,2020-2024,2022
same_uf,1000,PB,income_pc,W,48,ok,0.10179520876663782,0.49116369235186813,-0.18777047832226473,0.375081225932252,-0.17385404516946115,0.23729643150738483,21,2000,20260919,2000,ok,-0.5613564008219863,0.34787308319169785,0.6906989423698146,0.4543974220354178,2020-2024,2022
same_uf,1000,PB,illiteracy_15plus,hypertension,48,ok,-0.15672457359061487,0.28742440275892583,-0.4220643699130946,0.13334824024737207,-0.1389529677283236,0.3462448331818408,21,2000,20260919,2000,ok,-0.4101915036618726,0.2613092019190468,0.4790406712648764,0.5372764652821668,2020-2024,2022
same_uf,1000,PB,illiteracy_15plus,hemorrhage,48,ok,0.0102272026293235,0.9449974657230207,-0.2747057638095538,0.2935089920298504,0.16744918181323376,0.2552892939960451,21,2000,20260919,2000,ok,-0.29478970563879286,0.49757997036976814,0.9556154147760884,0.47866742624258457,2020-2024,2022
same_uf,1000,PB,illiteracy_15plus,W,48,ok,-0.18520964790436534,0.20756730615472785,-0.44588013258803383,0.10442010467732961,-0.15122401346143408,0.30488743012381725,21,2000,20260919,2000,ok,-0.44462696253984285,0.28182016818145955,0.4405915877875425,0.5249621554882159,2020-2024,2022
same_uf,1000,PB,sewer_septic,hypertension,48,ok,-0.20942323378819583,0.15312571529831556,-0.46583848871575334,0.07943839917154527,-0.22948328267477205,0.11664371699857441,21,2000,20260919,2000,ok,-0.528534222070612,0.12253166673710121,0.3626661678118,0.28372796026680264,2020-2024,2022
same_uf,1000,PB,sewer_septic,hemorrhage,48,ok,-0.06902960361688928,0.6410713826002982,-0.34637068899964096,0.21940850836837483,-0.14926183239253146,0.3112782087829062,21,2000,20260919,2000,ok,-0.41664068089901035,0.23197429224165278,0.8126256962538991,0.5249621554882159,2020-2024,2022
same_uf,1000,PB,sewer_septic,W,48,ok,-0.20465339929639326,0.16291814690927492,-0.4619274190145214,0.08438841167830358,-0.1872608354151236,0.20248922774883582,21,2000,20260919,2000,ok,-0.5195467896439165,0.12922819734393678,0.375964954406019,0.4222236598627883,2020-2024,2022
same_uf,1000,PE,income_pc,hypertension,124,ok,0.1897152769454568,0.034824793086916134,0.013862367174215313,0.35418442951996876,0.17005192761605034,0.058996816634621425,18,2000,20260919,2000,ok,-0.0674031048374607,0.33553093171887255,0.14246506262829328,0.21517413945962047,2020-2024,2022
same_uf,1000,PE,income_pc,hemorrhage,124,ok,0.04938367343228749,0.5859760591069482,-0.12804786534120866,0.2237520336145459,0.05146265087420581,0.5702819245588928,18,2000,20260919,2000,ok,-0.13277856776317593,0.24422679362140848,0.7677867799486262,0.7207987920165517,2020-2024,2022
same_uf,1000,PE,income_pc,W,124,ok,0.28883424767331345,0.0011404169759118244,0.11855521787861277,0.44261035666387955,0.24682297403619194,0.005717443496831906,18,2000,20260919,2000,ok,-0.000431942064436896,0.4414149185715808,0.01026375278320642,0.06790106699369289,2020-2024,2022
same_uf,1000,PE,illiteracy_15plus,hypertension,124,ok,-0.23184946470999532,0.009569058857599054,-0.39213597843023607,-0.057899737594510135,-0.19458471086626353,0.03034152338128295,18,2000,20260919,2000,ok,-0.4692321967149658,0.1063707837865692,0.0620941921709149,0.1553658605413705,2020-2024,2022
same_uf,1000,PE,illiteracy_15plus,hemorrhage,124,ok,0.07160055117034751,0.42938174719602823,-0.10605493041014934,0.24482637864048307,0.06106655211255983,0.5004698806225781,18,2000,20260919,2000,ok,-0.21241469897574664,0.2830917606329292,0.6335140532400417,0.6722729739706274,2020-2024,2022
same_uf,1000,PE,illiteracy_15plus,W,124,ok,-0.34214851335458846,0.000100459181171153,-0.48896744170638756,-0.17647821478364564,-0.2513969381472771,0.004855510809875305,18,2000,20260919,2000,ok,-0.5859129427034151,0.07509191094778922,0.001808265261080754,0.06790106699369289,2020-2024,2022
same_uf,1000,PE,sewer_septic,hypertension,124,ok,-0.07839596369537538,0.38677964818809335,-0.2512398042513782,0.09929312180251089,-0.05744767899291896,0.5262406066212553,18,2000,20260919,2000,ok,-0.32289427680900684,0.17560607004655499,0.58016947228214,0.6864007912451155,2020-2024,2022
same_uf,1000,PE,sewer_septic,hemorrhage,124,ok,0.2146255061693086,0.016678086174683575,0.03981560458692356,0.37668748823329,0.17137956539596852,0.05701705732340852,18,2000,20260919,2000,ok,-0.03851993587792819,0.36792344319395287,0.0882957503365601,0.21517413945962047,2020-2024,2022
same_uf,1000,PE,sewer_septic,W,124,ok,-0.024764745532191334,0.7848397576000301,-0.2002071591225434,0.15221650337728276,0.015609756097560972,0.8633801886132525,18,2000,20260919,2000,ok,-0.27789704459242986,0.2302835583789117,0.9190992156335545,0.9450348130004038,2020-2024,2022
same_uf,1000,PI,income_pc,hypertension,36,ok,-0.13239841651579132,0.44144639899962257,-0.4417203733009938,0.20505680257680134,-0.13024453024453025,0.4489770058684024,13,2000,20260919,2000,ok,-0.5292554260302352,0.2149543296702592,0.6408092888704199,0.6394392919514078,2020-2024,2022
same_uf,1000,PI,income_pc,hemorrhage,36,ok,0.2107275886516679,0.2173320143390005,-0.12657084426668283,0.5043466307355637,-0.1250965250965251,0.46725473247526456,13,2000,20260919,2000,ok,-0.17066709485738113,0.5187606552052317,0.4405915877875425,0.6394392919514078,2020-2024,2022
same_uf,1000,PI,income_pc,W,36,ok,0.05125425754381838,0.7665676100181837,-0.2820305520839697,0.3735006717321291,-0.006692406692406694,0.9690995196112221,13,2000,20260919,2000,ok,-0.34212051095564655,0.44491218529254445,0.9190992156335545,0.9690995196112221,2020-2024,2022
same_uf,1000,PI,illiteracy_15plus,hypertension,36,ok,0.07072740102057191,0.6818779399422473,-0.26394140584797976,0.3901963497411716,0.07927927927927929,0.6457941256636996,13,2000,20260919,2000,ok,-0.2850037958858213,0.4938336801419707,0.8406714328055104,0.7749529507964396,2020-2024,2022
same_uf,1000,PI,illiteracy_15plus,hemorrhage,36,ok,-0.0932289971086438,0.5886365312939468,-0.4092303938633707,0.2427416900030153,0.21570141570141574,0.20642045593291874,13,2000,20260919,2000,ok,-0.43953038624820745,0.34796161413455917,0.7677867799486262,0.4222236598627883,2020-2024,2022
same_uf,1000,PI,illiteracy_15plus,W,36,ok,-0.013099888967835361,0.939555485287045,-0.34017160261702584,0.3167992839533741,0.01415701415701416,0.9346878091083928,13,2000,20260919,2000,ok,-0.4328855945956101,0.43362543203617615,0.9556154147760884,0.9559307138608563,2020-2024,2022
same_uf,1000,PI,sewer_septic,hypertension,36,ok,0.3977340207975218,0.016295525280765104,0.079599542292007,0.6423358376112216,0.3474903474903475,0.037841481369637345,13,2000,20260919,2000,ok,-0.05990790037378297,0.7056065877420914,0.0882957503365601,0.16881046701247704,2020-2024,2022
same_uf,1000,PI,sewer_septic,hemorrhage,36,ok,0.30178013589033,0.07365615064753474,-0.029700249979288544,0.5734598737370213,0.24015444015444015,0.15829825151296095,13,2000,20260919,2000,ok,0.004697951630350373,0.5878258406444493,0.2367519127956474,0.3490763234229957,2020-2024,2022
same_uf,1000,PI,sewer_septic,W,36,ok,0.4981671190119261,0.001988437125692258,0.20282724440311817,0.7104298558446344,0.4501930501930502,0.005867860419749339,13,2000,20260919,2000,ok,0.18947193609463342,0.7327576463847818,0.0162690310283912,0.06790106699369289,2020-2024,2022
same_uf,1000,RN,income_pc,hypertension,37,ok,-0.09361710634941478,0.5815525126293204,-0.40534060992063276,0.2376094650686652,-0.20436225699383592,0.22502430424792091,16,2000,20260919,2000,ok,-0.39023470421544565,0.07929131578190286,0.7677867799486262,0.4402649430937583,2020-2024,2022
same_uf,1000,RN,income_pc,hemorrhage,37,ok,-0.27760773202428973,0.09620376006681988,-0.551976353339837,0.05099859277821146,-0.2859174964438122,0.08625466518905892,16,2000,20260919,2000,ok,-0.497284289539958,-0.08876720080822051,0.27095891474430245,0.2283211725592736,2020-2024,2022
same_uf,1000,RN,income_pc,W,37,ok,-0.08237314132321669,0.6279006210624893,-0.39582731952068284,0.24827235491763897,-0.16287339971550496,0.3354631442376371,16,2000,20260919,2000,ok,-0.4185713662315957,0.11083493004558656,0.8073007985089149,0.531730171911663,2020-2024,2022
same_uf,1000,RN,illiteracy_15plus,hypertension,37,ok,-0.19005552324474762,0.2598733801912193,-0.484253415839502,0.14275452075093797,-0.0948316737790422,0.5766390336132414,16,2000,20260919,2000,ok,-0.4321406093080252,0.23276094935446537,0.458600082690387,0.7207987920165517,2020-2024,2022
same_uf,1000,RN,illiteracy_15plus,hemorrhage,37,ok,0.04612226499417919,0.7863404400420411,-0.2821127585817091,0.3646911343716536,0.02299668089141773,0.8925328789448258,16,2000,20260919,2000,ok,-0.23199142196862196,0.35018542566875555,0.9190992156335545,0.9450348130004038,2020-2024,2022
same_uf,1000,RN,illiteracy_15plus,W,37,ok,-0.2077242415483679,0.21732225549140136,-0.49821038692957575,0.1246870093703482,-0.17520151730678044,0.29965153420551494,16,2000,20260919,2000,ok,-0.4576218887153428,0.20423143259725343,0.4405915877875425,0.5249621554882159,2020-2024,2022
same_uf,1000,RN,sewer_septic,hypertension,37,ok,0.2180762701690428,0.19475209463151358,-0.11399791188551879,0.5063183741314322,0.14082503556187764,0.40577078511355247,16,2000,20260919,2000,ok,-0.12025371511705875,0.49140913111847595,0.4275045979716152,0.6086561776703288,2020-2024,2022
same_uf,1000,RN,sewer_septic,hemorrhage,37,ok,0.029874178153858427,0.8606714173432518,-0.29701990780213716,0.35050039635612446,0.016832622095779987,0.9212323742863557,16,2000,20260919,2000,ok,-0.292164395567924,0.33522449678287775,0.9522734572907997,0.9559307138608563,2020-2024,2022
same_uf,1000,RN,sewer_septic,W,37,ok,0.1930418500383786,0.25231995078456837,-0.13971628791731253,0.486622953407388,0.13632053105737316,0.4211019255246158,16,2000,20260919,2000,ok,-0.14899471649706528,0.481515860512609,0.4541759114122231,0.6152438516715133,2020-2024,2022
same_uf,1000,SE,income_pc,hypertension,34,ok,-0.11043793791978287,0.5340877821678137,-0.432453102623303,0.23656249908581373,-0.307868601986249,0.07650636069675394,12,2000,20260919,2000,ok,-0.5526219992293718,0.11580375890593202,0.7283015211379278,0.21517413945962047,2020-2024,2022
same_uf,1000,SE,income_pc,hemorrhage,34,ok,0.3865608534545959,0.02392672692608854,0.05567279359784793,0.6409416233428656,0.08479755538579069,0.633492947780826,12,2000,20260919,2000,ok,-0.4448223392944395,0.7121465936788723,0.11333712754462992,0.7704643959496532,2020-2024,2022
same_uf,1000,SE,income_pc,W,34,ok,0.3280839031208219,0.0581857885782048,-0.011339921682108922,0.5997133684243792,-0.008403361344537815,0.9623796880984457,12,2000,20260919,2000,ok,-0.4819630595069172,0.6112471791146921,0.2014771369173553,0.9690995196112221,2020-2024,2022
same_uf,1000,SE,illiteracy_15plus,hypertension,34,ok,-0.02014842171676584,0.9099501925223197,-0.3558892660568501,0.32019895314389524,0.060656990068754774,0.7332748106165825,12,2000,20260919,2000,ok,-0.4347351906372838,0.3652111049058783,0.9522734572907997,0.8353763665252206,2020-2024,2022
same_uf,1000,SE,illiteracy_15plus,hemorrhage,34,ok,-0.6671677485707951,1.637841667520779e-05,-0.8202697291084969,-0.42485495741932305,-0.5300229182582123,0.0012641362266700398,12,2000,20260919,2000,ok,-0.8431252746937575,-0.06565751914833293,0.0004913525002562337,0.028443065100075896,2020-2024,2022
same_uf,1000,SE,illiteracy_15plus,W,34,ok,-0.6303990201658342,6.44353499265201e-05,-0.798368961868369,-0.37141032459672896,-0.43437738731856373,0.010259845936508147,12,2000,20260919,2000,ok,-0.8265485007345645,0.009874718599191295,0.0014497953733467021,0.07694884452381111,2020-2024,2022
same_uf,1000,SE,sewer_septic,hypertension,34,ok,-0.029005531951892382,0.8706461918783224,-0.36360474846546725,0.31222265657493836,-0.1284950343773873,0.4689221474310324,12,2000,20260919,2000,ok,-0.4039675232004567,0.24834262796587883,0.9522734572907997,0.6394392919514078,2020-2024,2022
same_uf,1000,SE,sewer_septic,hemorrhage,34,ok,0.2068410092583393,0.24050997637029795,-0.14120122469902796,0.5093775151388609,0.02857142857142857,0.8725662505924165,12,2000,20260919,2000,ok,-0.3288065671761634,0.5436648308475057,0.44393537143329315,0.9450348130004038,2020-2024,2022
same_uf,1000,SE,sewer_septic,W,34,ok,0.173470209897644,0.32653015006094005,-0.17495886793836707,0.4832855669190218,0.03926661573720397,0.8254954318044286,12,2000,20260919,2000,ok,-0.3853513988428055,0.5408478252036953,0.5247805983122251,0.921701382798684,2020-2024,2022
any_uf,1,NE,income_pc,hypertension,1794,ok,0.04321512828836902,0.06725241805827936,-0.003070650814675908,0.08931613562125618,0.0038703490135757143,0.8698748512835117,188,2000,20260919,2000,ok,-0.03598079807189072,0.11812089296160042,0.17802110662485712,0.916926183636445,2021-2025,2022
any_uf,1,NE,income_pc,hemorrhage,1794,ok,0.03522393667988658,0.13586826383161396,-0.011073753071460858,0.08137092763942276,0.03989855318777761,0.09113830679814627,188,2000,20260919,2000,ok,-0.016289212885310034,0.08482948458522516,0.276939646705385,0.26459508425268274,2021-2025,2022
any_uf,1,NE,income_pc,W,1794,ok,0.07586838868325065,0.001300588726817068,0.029693007769201977,0.12172064569317197,0.022972297128747786,0.3308235306182467,188,2000,20260919,2000,ok,-0.006622384290595689,0.1546322595835919,0.010641180492139647,0.6202941199092126,2021-2025,2022
any_uf,1,NE,illiteracy_15plus,hypertension,1794,ok,0.06346087564473238,0.007171736401591299,0.017231846792824964,0.10941915531797729,0.10907380043304038,3.6479896450353057e-06,188,2000,20260919,2000,ok,-0.018999839673957675,0.14086573841181743,0.030736013149676996,8.207976701329437e-05,2021-2025,2022
any_uf,1,NE,illiteracy_15plus,hemorrhage,1794,ok,0.03659035601704624,0.12132249380364969,-0.009705717393783592,0.08272990002322096,0.03835468131650266,0.10437533410699124,188,2000,20260919,2000,ok,-0.03176533654579741,0.11161279182016369,0.2663176693250847,0.29130324701834454,2021-2025,2022
any_uf,1,NE,illiteracy_15plus,W,1794,ok,0.039220770617093656,0.09677334313791718,-0.007071703255897482,0.085345495900681,0.08738487392402557,0.0002107637690749078,188,2000,20260919,2000,ok,-0.03653769301067626,0.11608001459726139,0.2353946184435823,0.002371092402092713,2021-2025,2022
any_uf,1,NE,sewer_septic,hypertension,1794,ok,0.10285977166472093,1.2698490746317592e-05,0.056850761220126424,0.14843282283239959,0.1160398344159179,8.300269594395569e-07,188,2000,20260919,2000,ok,0.028207558588173927,0.17596515859835965,0.0001904773611947639,7.470242634956013e-05,2021-2025,2022
any_uf,1,NE,sewer_septic,hemorrhage,1794,ok,-0.07059100963852839,0.0027754174568403378,-0.11649008297683278,-0.024391055559609087,-0.07201744820870046,0.002271838694162012,188,2000,20260919,2000,ok,-0.12890107651122698,-0.010976338177084925,0.016652504741042025,0.018587771134052827,2021-2025,2022
any_uf,1,NE,sewer_septic,W,1794,ok,0.07704914977723222,0.0010906008725962305,0.030879622682875776,0.122890583566269,0.09522201056205565,5.355168143630243e-05,188,2000,20260919,2000,ok,-0.0016426629250332412,0.154858273506136,0.010037935323340661,0.0007879472946770627,2021-2025,2022
any_uf,1,AL,income_pc,hypertension,102,ok,0.31824533526681836,0.0011153261470378513,0.13193605710143655,0.48283709262073904,0.267869562513076,0.006489998230715591,13,2000,20260919,2000,ok,0.030845343311918058,0.4442716244096731,0.010037935323340661,0.03435881416261195,2021-2025,2022
any_uf,1,AL,income_pc,hemorrhage,102,ok,-0.14883977845012944,0.13543422687933976,-0.33365677947426786,0.04699542936609274,-0.01721890633292433,0.863616873863882,13,2000,20260919,2000,ok,-0.3175021472509022,0.10929353561668291,0.276939646705385,0.916926183636445,2021-2025,2022
any_uf,1,AL,income_pc,W,102,ok,0.25727578725953415,0.009042783039700958,0.06610854426462519,0.43022494592992705,0.22797414745109207,0.021195489907962203,13,2000,20260919,2000,ok,-0.04868055400586354,0.4438046214062394,0.036993203344231194,0.10039968903771569,2021-2025,2022
any_uf,1,AL,illiteracy_15plus,hypertension,102,ok,-0.2518020694059639,0.010679615167177307,-0.42544335350616785,-0.0602789850765523,-0.20097314383856588,0.04282333902677077,13,2000,20260919,2000,ok,-0.41923763147178533,0.042428872493883406,0.04178979848025903,0.1605875213503904,2021-2025,2022
any_uf,1,AL,illiteracy_15plus,hemorrhage,102,ok,0.2953624905086424,0.0025800466055675786,0.10703579269045496,0.4632292273275285,0.2023705180777276,0.04136929504623572,13,2000,20260919,2000,ok,-0.010372281155835798,0.5045598884390535,0.016586013892934435,0.1605875213503904,2021-2025,2022
any_uf,1,AL,illiteracy_15plus,W,102,ok,-0.16544860962659666,0.09654701141042084,-0.34870375357005684,0.029991274555210105,-0.1368976095228757,0.1700549813482086,13,2000,20260919,2000,ok,-0.4460542508967083,0.1782214695813298,0.2353946184435823,0.3924345723420198,2021-2025,2022
any_uf,1,AL,sewer_septic,hypertension,102,ok,0.09481740308828827,0.3431576663234337,-0.10152966060681134,0.28405444824189324,-0.021266489870003565,0.8319838340826415,13,2000,20260919,2000,ok,-0.2725531395715239,0.38053422411436155,0.5418278941948953,0.916926183636445,2021-2025,2022
any_uf,1,AL,sewer_septic,hemorrhage,102,ok,-0.22067786703251915,0.025825702054655533,-0.398069108477418,-0.027377929738077397,-0.15863447597948313,0.11127563897490424,13,2000,20260919,2000,ok,-0.3548657002311848,0.0007135436142157376,0.08608567351551845,0.29455316199239356,2021-2025,2022
any_uf,1,AL,sewer_septic,W,102,ok,0.041026644051176654,0.6822354404978819,-0.1546824100156455,0.23363742911261157,-0.039191626757534515,0.6957321265338956,13,2000,20260919,2000,ok,-0.3110949793058296,0.34911593408246927,0.8186825285974583,0.8577519368226111,2021-2025,2022
any_uf,1,BA,income_pc,hypertension,417,ok,0.014229936707214745,0.7720259074099637,-0.08191213707743994,0.11010961222936802,0.07366999871622157,0.1331204495475573,32,2000,20260919,2000,ok,-0.11732189831084654,0.13091806889002722,0.8685291458362091,0.3423097274080045,2021-2025,2022
any_uf,1,BA,income_pc,hemorrhage,417,ok,-0.001149146802746976,0.9813345473938778,-0.09716856460456615,0.09489146534752048,-0.05811272011925605,0.23635998857617443,32,2000,20260919,2000,ok,-0.06748035893740931,0.07971424977839073,0.9813345473938778,0.4885413442526112,2021-2025,2022
any_uf,1,BA,income_pc,W,417,ok,0.02666194080444191,0.5871887034719048,-0.0695462625818178,0.12237874900176433,0.05829573054497424,0.23488480964752304,32,2000,20260919,2000,ok,-0.07995969900527625,0.13003339285142207,0.7443237086263582,0.4885413442526112,2021-2025,2022
any_uf,1,BA,illiteracy_15plus,hypertension,417,ok,-0.03165776887245055,0.5191274464935024,-0.12730090201877378,0.0645686669498181,-0.007891151655443445,0.872360666567103,32,2000,20260919,2000,ok,-0.16470429360357464,0.10641007943451226,0.7079010634002305,0.916926183636445,2021-2025,2022
any_uf,1,BA,illiteracy_15plus,hemorrhage,417,ok,0.0013555534946037033,0.9779826919018333,-0.09468691289700674,0.09737301867808291,-0.007019272217375737,0.88636197751523,32,2000,20260919,2000,ok,-0.08565120049367704,0.05741254483180919,0.9813345473938778,0.916926183636445,2021-2025,2022
any_uf,1,BA,illiteracy_15plus,W,417,ok,-0.04707533683019104,0.33758306938045335,-0.14246145888104797,0.049177116378841174,-0.04467705892289052,0.36279759068032635,32,2000,20260919,2000,ok,-0.14854998613893797,0.04114134623745432,0.5418278941948953,0.6530356632245875,2021-2025,2022
any_uf,1,BA,sewer_septic,hypertension,417,ok,0.2335059079419042,1.4297207898885051e-06,0.14062918054438783,0.3223087249669481,0.22664960062127484,2.9337520050616492e-06,32,2000,20260919,2000,ok,0.09849838981708581,0.33516506453204353,3.216871777249137e-05,8.207976701329437e-05,2021-2025,2022
any_uf,1,BA,sewer_septic,hemorrhage,417,ok,-0.011558862044485464,0.8139464213416607,-0.10746971137457775,0.08456514581337905,-0.02789930522177185,0.5699532304528698,32,2000,20260919,2000,ok,-0.07024542697403878,0.08272284005835252,0.9043849126018453,0.7772089506175497,2021-2025,2022
any_uf,1,BA,sewer_septic,W,417,ok,0.14218469000162146,0.003619217466685552,0.04679346813559092,0.23500605424789686,0.19496196528181153,6.128478958599376e-05,32,2000,20260919,2000,ok,0.035616364799597615,0.27529036441293386,0.01916056305892351,0.0007879472946770627,2021-2025,2022
any_uf,1,CE,income_pc,hypertension,184,ok,0.09357295098697514,0.2064421449400986,-0.05178909979830058,0.23505221502692356,0.023353431835256497,0.753015655738096,33,2000,20260919,2000,ok,-0.1417042904809574,0.22879213493438544,0.3723169444767473,0.89172906600564,2021-2025,2022
any_uf,1,CE,income_pc,hemorrhage,184,ok,-0.02280451120270701,0.7586398890293966,-0.16691488670745197,0.12225982963788803,0.008377881161232772,0.9101331193903313,33,2000,20260919,2000,ok,-0.08488981136372074,0.07628801920528468,0.866598272064035,0.9203593342149418,2021-2025,2022
any_uf,1,CE,income_pc,W,184,ok,0.08731673050257345,0.23855643322983824,-0.05807788523570387,0.22908410922707692,0.029947424412663803,0.6865445348845712,33,2000,20260919,2000,ok,-0.11693571186289223,0.22142369630264216,0.4209819409938322,0.8577519368226111,2021-2025,2022
any_uf,1,CE,illiteracy_15plus,hypertension,184,ok,-0.17741369601270598,0.015983128847290133,-0.31401555046297613,-0.03361541546504043,-0.13988837556325975,0.058234297120236624,33,2000,20260919,2000,ok,-0.34270841860521767,0.03961719774573574,0.05753926385024448,0.20158025926235756,2021-2025,2022
any_uf,1,CE,illiteracy_15plus,hemorrhage,184,ok,-0.011419251001588662,0.8777298461230223,-0.1558228590222463,0.1334622329756073,-0.017159448990589257,0.8171649572549713,33,2000,20260919,2000,ok,-0.10601867783776539,0.13205995079370045,0.9462403952786347,0.916926183636445,2021-2025,2022
any_uf,1,CE,illiteracy_15plus,W,184,ok,-0.18478120783009164,0.012036415509960978,-0.3208652892204683,-0.04122208544917524,-0.15671061718810783,0.03363811020377197,33,2000,20260919,2000,ok,-0.3383280391994685,-0.010870635481500376,0.045136558162353665,0.1376104508336126,2021-2025,2022
any_uf,1,CE,sewer_septic,hypertension,184,ok,0.06085675957039957,0.4118532998039257,-0.08454858741170314,0.20372426747190814,0.06189439617807401,0.40391170066920856,33,2000,20260919,2000,ok,-0.11644333543046125,0.21315224373878794,0.6282507963110731,0.6990779434659379,2021-2025,2022
any_uf,1,CE,sewer_septic,hemorrhage,184,ok,-0.01636711358476781,0.8254692217266048,-0.16064776554549415,0.128598381637697,0.06419125225444894,0.3866591562928892,33,2000,20260919,2000,ok,-0.1375414510159554,0.13931640397755074,0.9060028043340784,0.6823396875756869,2021-2025,2022
any_uf,1,CE,sewer_septic,W,184,ok,0.05613394575700271,0.44914221974606827,-0.08925182920941674,0.19917756056178446,0.0676851089774447,0.3612866788132011,33,2000,20260919,2000,ok,-0.11461454336171217,0.2088883940488047,0.6467982855284776,0.6530356632245875,2021-2025,2022
any_uf,1,MA,income_pc,hypertension,217,ok,0.07317927560441463,0.28317624448159096,-0.060595722950938964,0.20437181080478883,0.038807678271502624,0.569637643937288,21,2000,20260919,2000,ok,-0.17843070391635482,0.2989168088603431,0.4757193742122156,0.7772089506175497,2021-2025,2022
any_uf,1,MA,income_pc,hemorrhage,217,ok,0.08654811119600476,0.20410102859918533,-0.04718013974667032,0.2172285602537418,0.0919214363204292,0.17729696670269707,21,2000,20260919,2000,ok,-0.03622331830671675,0.20475969900735058,0.3723169444767473,0.3989181750810684,2021-2025,2022
any_uf,1,MA,income_pc,W,217,ok,0.09854605876485178,0.1479491250063059,-0.03509902093624857,0.2287284558877311,0.030487693884082054,0.6551482319761388,21,2000,20260919,2000,ok,-0.15942174250395472,0.29235346357851577,0.2894656793601637,0.8423334411121786,2021-2025,2022
any_uf,1,MA,illiteracy_15plus,hypertension,217,ok,-0.20370012031550835,0.002569498077487563,-0.3279863669914713,-0.0724821251220203,-0.2348463629343413,0.00048585224611758627,21,2000,20260919,2000,ok,-0.3547526261541624,0.038829582106822726,0.016586013892934435,0.004858522461175863,2021-2025,2022
any_uf,1,MA,illiteracy_15plus,hemorrhage,217,ok,-0.1373248630159786,0.043298232472376554,-0.26565064930053583,-0.004217588624862117,-0.154890171356369,0.022472379414598644,21,2000,20260919,2000,ok,-0.26572239223173144,-0.035648136066043085,0.12989469741712967,0.1011257073656939,2021-2025,2022
any_uf,1,MA,illiteracy_15plus,W,217,ok,-0.21331173531929334,0.0015745231370090959,-0.33692419897304005,-0.08247028742162649,-0.2192619708020951,0.0011502981798981358,21,2000,20260919,2000,ok,-0.35510522356239727,0.002146971862847476,0.011808923527568219,0.010352683619083222,2021-2025,2022
any_uf,1,MA,sewer_septic,hypertension,217,ok,0.03560960048782259,0.6018806424664795,-0.09803977936440357,0.16799726144278732,-0.09978426483876067,0.14289821729876082,21,2000,20260919,2000,ok,-0.2909031106888184,0.2700127572188231,0.7523508030830994,0.35724554324690205,2021-2025,2022
any_uf,1,MA,sewer_septic,hemorrhage,217,ok,0.038690541859565775,0.5708040408667239,-0.09498331710532239,0.17099382670080615,-0.04114598079517912,0.5465933279924444,21,2000,20260919,2000,ok,-0.12077787393751213,0.16394022499008887,0.7338909096857879,0.7772089506175497,2021-2025,2022
any_uf,1,MA,sewer_septic,W,217,ok,0.0926694927882837,0.1737821379902256,-0.04102120848793372,0.2231003706920022,-0.054084064413978596,0.4279602890109491,21,2000,20260919,2000,ok,-0.15426038059928246,0.27873451968535373,0.3327743067897937,0.7061979855141981,2021-2025,2022
any_uf,1,PB,income_pc,hypertension,223,ok,0.024871702215530804,0.7118418447670884,-0.10685442001636457,0.15573977982572235,-0.041425252019444,0.538291485592805,23,2000,20260919,2000,ok,-0.13834674323850604,0.15450811966043226,0.8320550726916016,0.7772089506175497,2021-2025,2022
any_uf,1,PB,income_pc,hemorrhage,223,ok,0.050530716489370096,0.45275879986993434,-0.0813865420161514,0.180708041148231,0.04798216941590398,0.4759011146514896,23,2000,20260919,2000,ok,-0.12753349320531748,0.19335983517296051,0.6467982855284776,0.7259508528582045,2021-2025,2022
any_uf,1,PB,income_pc,W,223,ok,0.04642360939175695,0.4903650611615786,-0.085474668074597,0.1767227466484358,-0.03427626889157449,0.6106632592882004,23,2000,20260919,2000,ok,-0.1422838290071342,0.18930809997086043,0.6840731748603165,0.7965172947237397,2021-2025,2022
any_uf,1,PB,illiteracy_15plus,hypertension,223,ok,-0.05315393263928036,0.42961232631924684,-0.183251220317449,0.07877312409865632,-0.039304722994871824,0.5593065693064996,23,2000,20260919,2000,ok,-0.22185917997234522,0.12245929302698028,0.6411858148618523,0.7772089506175497,2021-2025,2022
any_uf,1,PB,illiteracy_15plus,hemorrhage,223,ok,-0.04019708516389999,0.5504149495500802,-0.17067273542793393,0.09166395761388667,-0.03623198809687004,0.5904424109259071,23,2000,20260919,2000,ok,-0.20185998383735615,0.10387395792540495,0.7338909096857879,0.7814678968137005,2021-2025,2022
any_uf,1,PB,illiteracy_15plus,W,223,ok,-0.06932887603147822,0.3026705670710931,-0.19889427179803112,0.06261843435005884,-0.05178524085478607,0.4416030312228832,23,2000,20260919,2000,ok,-0.24791174972771654,0.11881572866525354,0.4952791097526978,0.7061979855141981,2021-2025,2022
any_uf,1,PB,sewer_septic,hypertension,223,ok,0.05258409803034847,0.4345814967396999,-0.07934098447611795,0.18269891994924473,0.028912111207436815,0.6676224815076849,23,2000,20260919,2000,ok,-0.11177172263619775,0.22516984678430696,0.6411858148618523,0.8462820188125584,2021-2025,2022
any_uf,1,PB,sewer_septic,hemorrhage,223,ok,-0.1845494666319545,0.005706139548979666,-0.3084479448137907,-0.054493728968779,-0.18375814462977347,0.0059205824792129234,23,2000,20260919,2000,ok,-0.3194572712728152,-0.04881315836093494,0.027029082074114207,0.03435881416261195,2021-2025,2022
any_uf,1,PB,sewer_septic,W,223,ok,0.03957086582400708,0.5566474528255191,-0.0922858688168233,0.17006372354054597,0.013340410416779736,0.8429636480027349,23,2000,20260919,2000,ok,-0.13104381039160393,0.22053738312268104,0.7338909096857879,0.916926183636445,2021-2025,2022
any_uf,1,PE,income_pc,hypertension,185,ok,0.31735041575386486,1.0750934132267519e-05,0.18138635416171134,0.44140964877845895,0.14339777841903853,0.05150157369745611,19,2000,20260919,2000,ok,-0.017319527138107887,0.5711971971877983,0.0001904773611947639,0.185405665310842,2021-2025,2022
any_uf,1,PE,income_pc,hemorrhage,185,ok,0.15867314586981648,0.03098651480696026,0.014742013392395116,0.2961621348288788,0.13349718940269967,0.07005291443752436,19,2000,20260919,2000,ok,-0.01581251592291193,0.35135647784340923,0.09616504595263528,0.23350971479174787,2021-2025,2022
any_uf,1,PE,income_pc,W,185,ok,0.413980422652689,4.698668654464347e-09,0.2868433635021368,0.5267869979543316,0.21263514112201562,0.00366253237249303,19,2000,20260919,2000,ok,0.045834914288959534,0.660745326100161,1.4096005963393043e-07,0.026895075286291616,2021-2025,2022
any_uf,1,PE,illiteracy_15plus,hypertension,185,ok,-0.19922862624989804,0.00655300448133196,-0.3339001237008287,-0.05658645881140993,-0.0748080875005367,0.31152736452180707,19,2000,20260919,2000,ok,-0.4456679626160503,0.10074215096595435,0.02948852016599382,0.5965417618502689,2021-2025,2022
any_uf,1,PE,illiteracy_15plus,hemorrhage,185,ok,0.09323540088032757,0.20684274693152627,-0.05172900292635428,0.23435174943432677,0.1282254614859572,0.08196064764111503,19,2000,20260919,2000,ok,-0.14520227885042333,0.28480804714416935,0.3723169444767473,0.254360630610357,2021-2025,2022
any_uf,1,PE,illiteracy_15plus,W,185,ok,-0.2651326210293189,0.00026506916407575455,-0.39431841852095356,-0.12567097498726842,-0.1063878279093014,0.14949518594899547,19,2000,20260919,2000,ok,-0.5152125867797525,0.0703477491012984,0.0034080321095454158,0.36363693879485387,2021-2025,2022
any_uf,1,PE,sewer_septic,hypertension,185,ok,-0.11970061153935652,0.10460869799228621,-0.2594881012817647,0.024999709487809902,-0.12931086766991398,0.07938429239798972,19,2000,20260919,2000,ok,-0.3343134766225529,0.15059009755491093,0.24235304219739068,0.254360630610357,2021-2025,2022
any_uf,1,PE,sewer_septic,hemorrhage,185,ok,0.12463315076248141,0.09097031717082192,-0.019994971885083476,0.26415212388122083,0.08577537033719596,0.24568073491852643,19,2000,20260919,2000,ok,-0.09468374907909857,0.2920372928032559,0.23392367272497067,0.49136146983705287,2021-2025,2022
any_uf,1,PE,sewer_septic,W,185,ok,-0.06774294418979969,0.3595559553500478,-0.20995957161484108,0.07728093634286837,-0.07542549562184907,0.3075394622614857,19,2000,20260919,2000,ok,-0.3000239545081715,0.20333936520026033,0.5579316548535225,0.5965417618502689,2021-2025,2022
any_uf,1,PI,income_pc,hypertension,224,ok,0.02046343262648632,0.7606807054784306,-0.11091691387500102,0.15114083424355065,0.04979452252247396,0.4583619527804342,15,2000,20260919,2000,ok,-0.06415022175762963,0.09011145345686894,0.866598272064035,0.7112513060386048,2021-2025,2022
any_uf,1,PI,income_pc,hemorrhage,224,ok,0.19211977061384133,0.0038988248275436867,0.06261378886699863,0.3152631319142128,0.18477442415715986,0.005538803834297618,15,2000,20260919,2000,ok,0.0213522535493762,0.31320553099392096,0.019494124137718435,0.03435881416261195,2021-2025,2022
any_uf,1,PI,income_pc,W,224,ok,0.15180021379899056,0.02306165836579981,0.021138003791814648,0.27736393756348443,0.18189088212754662,0.0063358868909545165,15,2000,20260919,2000,ok,0.023138479637048945,0.26253947454336896,0.07982881742007626,0.03435881416261195,2021-2025,2022
any_uf,1,PI,illiteracy_15plus,hypertension,224,ok,-0.1230408253646706,0.06603376275799931,-0.2500900606233083,0.008173829024722377,-0.11434160049632984,0.08775924539672961,15,2000,20260919,2000,ok,-0.33578537592136953,0.14941238368552864,0.17802110662485712,0.2632777361901888,2021-2025,2022
any_uf,1,PI,illiteracy_15plus,hemorrhage,224,ok,-0.009874683555193983,0.8831577022600591,-0.1407752863006288,0.12136523424478543,0.08784461986241376,0.1902242641510862,15,2000,20260919,2000,ok,-0.21491849272502098,0.23698521471668307,0.9462403952786347,0.4175654578926283,2021-2025,2022
any_uf,1,PI,illiteracy_15plus,W,224,ok,-0.12348411800103072,0.06505672142590212,-0.2505119913699963,0.007723725689961168,-0.07901972597023499,0.23884243496794325,15,2000,20260919,2000,ok,-0.33841878971329603,0.13329517873579133,0.17802110662485712,0.4885413442526112,2021-2025,2022
any_uf,1,PI,sewer_septic,hypertension,224,ok,0.19393177308219708,0.0035685076267917594,0.06448831610225746,0.31695718752934904,0.1614474284086212,0.015576354444958475,15,2000,20260919,2000,ok,-0.01321734130138059,0.4112488183372749,0.01916056305892351,0.07788177222479238,2021-2025,2022
any_uf,1,PI,sewer_septic,hemorrhage,224,ok,0.07526131499693997,0.2619909183426855,-0.05637769973186441,0.20432834322909216,0.14965940119149004,0.025091204643432008,15,2000,20260919,2000,ok,-0.05084581284772434,0.21453125774642542,0.45344582020849417,0.10753373418613717,2021-2025,2022
any_uf,1,PI,sewer_septic,W,224,ok,0.21709304409031574,0.0010752465142774004,0.08852952115986457,0.3385419218914588,0.19219360296090546,0.0038848442080199,15,2000,20260919,2000,ok,0.055799455491701205,0.3951224938391708,0.010037935323340661,0.026895075286291616,2021-2025,2022
any_uf,1,RN,income_pc,hypertension,167,ok,-0.03621902875644437,0.6421534655355545,-0.18705376190607123,0.11628416976265186,0.02205710420815698,0.7772273458748865,19,2000,20260919,2000,ok,-0.2386013891530326,0.13073368824078407,0.7916960533999987,0.9084475471264907,2021-2025,2022
any_uf,1,RN,income_pc,hemorrhage,167,ok,-0.12588202199651435,0.10501965161886931,-0.27253558218118296,0.026487939869614695,-0.10749989214798342,0.16673202298894788,19,2000,20260919,2000,ok,-0.27737336748057223,0.040393234412107445,0.24235304219739068,0.3924345723420198,2021-2025,2022
any_uf,1,RN,income_pc,W,167,ok,-0.044780588308635856,0.5655384536371445,-0.19531592896864886,0.10781621495844672,-0.016092211683944715,0.8364717401792798,19,2000,20260919,2000,ok,-0.2594102812782885,0.1305332568172112,0.7338909096857879,0.916926183636445,2021-2025,2022
any_uf,1,RN,illiteracy_15plus,hypertension,167,ok,-0.03279653970618508,0.6739342860413067,-0.1837449740772735,0.11966304878869875,-0.061606028808375124,0.42900391571495444,19,2000,20260919,2000,ok,-0.242106612348205,0.20449196699529218,0.8186825285974583,0.7061979855141981,2021-2025,2022
any_uf,1,RN,illiteracy_15plus,hemorrhage,167,ok,0.08314083339148905,0.28543162452732934,-0.06960155508914194,0.23207424338362181,0.05177980102120602,0.5063302872382842,19,2000,20260919,2000,ok,-0.1027477747157231,0.28013741762187294,0.4757193742122156,0.7470446860892719,2021-2025,2022
any_uf,1,RN,illiteracy_15plus,W,167,ok,-0.028791226196812788,0.7118693399694814,-0.1798683753303377,0.12361284574727925,-0.05385927483426491,0.4893836396746617,19,2000,20260919,2000,ok,-0.24935188731191293,0.21597673357686864,0.8320550726916016,0.7340754595119925,2021-2025,2022
any_uf,1,RN,sewer_septic,hypertension,167,ok,0.005503375423671116,0.9437275359597358,-0.14648264392340038,0.1572355585246468,0.027386830281934532,0.7253456515363963,19,2000,20260919,2000,ok,-0.15880826804140125,0.1869685955317927,0.9762698647859337,0.882177143760482,2021-2025,2022
any_uf,1,RN,sewer_septic,hemorrhage,167,ok,-0.0532825827492416,0.49405284851022857,-0.20349952346417644,0.0993852056484796,-0.042588039334330675,0.58474078647698,19,2000,20260919,2000,ok,-0.24074229768804647,0.0912786219535228,0.6840731748603165,0.7814678968137005,2021-2025,2022
any_uf,1,RN,sewer_septic,W,167,ok,-0.007270928052802534,0.9256997156346057,-0.15895900189318352,0.1447525007701915,-0.011995403329534004,0.8777232768646891,19,2000,20260919,2000,ok,-0.1785701099325582,0.1805429250705426,0.9687555163617968,0.916926183636445,2021-2025,2022
any_uf,1,SE,income_pc,hypertension,75,ok,-0.005676642283429676,0.9614485982157343,-0.23233914608318165,0.2215706703936012,-0.014623044096728308,0.9009044535324287,13,2000,20260919,2000,ok,-0.14265671668858723,0.12164842716716436,0.9813345473938778,0.9203593342149418,2021-2025,2022
any_uf,1,SE,income_pc,hemorrhage,75,ok,0.2517758289251808,0.029327656063782973,0.026317879669331537,0.45285968373937563,-0.010953369943833774,0.9256902610542678,13,2000,20260919,2000,ok,-0.3131519292020735,0.6128273841766056,0.09426746591930242,0.9256902610542678,2021-2025,2022
any_uf,1,SE,income_pc,W,75,ok,0.23171126222407518,0.04546928967740429,0.005013051485566623,0.43575682355630346,0.03889046941678521,0.7404406932559215,13,2000,20260919,2000,ok,-0.24807882706038972,0.5455671453709661,0.13200761519246407,0.8885288319071059,2021-2025,2022
any_uf,1,SE,illiteracy_15plus,hypertension,75,ok,-0.18528555252423612,0.1115009719185573,-0.395610872254072,0.04350583260574538,-0.18771115015517562,0.10681119057339301,13,2000,20260919,2000,ok,-0.4538043463920589,0.12094425407103244,0.2508771868167539,0.29130324701834454,2021-2025,2022
any_uf,1,SE,illiteracy_15plus,hemorrhage,75,ok,-0.6177382540498464,3.551179199394089e-09,-0.7408330699708053,-0.45449846326041476,-0.45281837913505657,4.5209374020792175e-05,13,2000,20260919,2000,ok,-0.8104526953238688,-0.04385445950111758,1.4096005963393043e-07,0.0007879472946770627,2021-2025,2022
any_uf,1,SE,illiteracy_15plus,W,75,ok,-0.6337434764156005,1.042338686064065e-09,-0.7524729340865363,-0.47512092992580196,-0.5162910120401712,2.1235772384921406e-06,13,2000,20260919,2000,ok,-0.7938889750800057,-0.2108303581735009,9.381048174576586e-08,8.207976701329437e-05,2021-2025,2022
any_uf,1,SE,sewer_septic,hypertension,75,ok,0.013022333431959271,0.9117057969323349,-0.2145736999536974,0.23927697808726842,0.025007112375533425,0.8313552298196087,13,2000,20260919,2000,ok,-0.23551851486822906,0.28365086711557824,0.9653355496930605,0.916926183636445,2021-2025,2022
any_uf,1,SE,sewer_septic,hemorrhage,75,ok,0.1726827979024484,0.1384698233526925,-0.05649314977406543,0.3845723281014787,0.0890779254393339,0.4472587241589921,13,2000,20260919,2000,ok,-0.18824827433392102,0.3929433785448747,0.276939646705385,0.7061979855141981,2021-2025,2022
any_uf,1,SE,sewer_septic,W,75,ok,0.1773217051718423,0.12802236921407215,-0.05172169307515488,0.38864253014505673,0.09069701280227595,0.4390115005884981,13,2000,20260919,2000,ok,-0.21865433865831393,0.415737259925131,0.27433364831586887,0.7061979855141981,2021-2025,2022
any_uf,1000,NE,income_pc,hypertension,765,ok,0.06392595459002746,0.07722472724404661,-0.006988642886400573,0.13420078619910097,0.04017018803566891,0.2671353880040578,178,2000,20260919,2000,ok,-0.04974080129875137,0.15462133434950778,0.239662946619455,0.5693864541406732,2021-2025,2022
any_uf,1000,NE,income_pc,hemorrhage,765,ok,0.06528873279181509,0.07111066154705382,-0.005620206845647669,0.1355443829388327,0.06280639580551059,0.0825616022911408,178,2000,20260919,2000,ok,-0.012210571744436889,0.16353791549521252,0.2285699835441016,0.39108127401066695,2021-2025,2022
any_uf,1000,NE,income_pc,W,765,ok,0.10935328855818113,0.002456052794770637,0.03877088245692472,0.1788499027393205,0.06924131764108064,0.055583559118570096,178,2000,20260919,2000,ok,-5.809001631129873e-05,0.19839295482263206,0.031096621220980714,0.3126575200419568,2021-2025,2022
any_uf,1000,NE,illiteracy_15plus,hypertension,765,ok,-0.0019721443756258866,0.95657052871655,-0.07284489141395775,0.06892042023011918,0.047106645495715284,0.19308823042497653,178,2000,20260919,2000,ok,-0.1170938178225198,0.1289209877245333,0.9673185121852753,0.48272057606244134,2021-2025,2022
any_uf,1000,NE,illiteracy_15plus,hemorrhage,765,ok,-0.045045321227462035,0.21332058127087625,-0.11555927701166648,0.025920371201141375,-0.008563579756826326,0.8130649295127998,178,2000,20260919,2000,ok,-0.12177853185683819,0.0362351856287565,0.4464849375436945,0.8936330631092644,2021-2025,2022
any_uf,1000,NE,illiteracy_15plus,W,765,ok,-0.05949325039574967,0.10012088469698223,-0.12982868569499875,0.011437914052958001,-0.014370241672875792,0.6914914983491385,178,2000,20260919,2000,ok,-0.1689336094148739,0.06466162184950704,0.29067353621704517,0.872966995438345,2021-2025,2022
any_uf,1000,NE,sewer_septic,hypertension,765,ok,0.1658600073796941,3.989290559312096e-06,0.09610697265147627,0.23399197729006357,0.1704076509966214,2.134565917315523e-06,178,2000,20260919,2000,ok,0.07293825878045515,0.2554637802702173,0.00011967871677936289,9.605546627919853e-05,2021-2025,2022
any_uf,1000,NE,sewer_septic,hemorrhage,765,ok,0.03043881145969082,0.40050814596922235,-0.040531569261448824,0.1011036012493666,0.02053867737720673,0.57057650253558,178,2000,20260919,2000,ok,-0.03758047796096641,0.09884502247480899,0.6243453229064234,0.8043452907681324,2021-2025,2022
any_uf,1000,NE,sewer_septic,W,765,ok,0.17196349724649543,1.7168640008520786e-06,0.1023278698259023,0.23992195234234706,0.1778483026639181,7.401726595014045e-07,178,2000,20260919,2000,ok,0.08097565530602868,0.2573027734769016,7.725888003834353e-05,6.661553935512641e-05,2021-2025,2022
any_uf,1000,AL,income_pc,hypertension,60,ok,0.2414215357528234,0.06312691877219508,-0.013319702961176901,0.4667340888927153,0.19205334815226455,0.14154322057083232,13,2000,20260919,2000,ok,-0.10546895722608876,0.4106397209889437,0.21188142470644772,0.4520010464086913,2021-2025,2022
any_uf,1000,AL,income_pc,hemorrhage,60,ok,-0.1585940025147012,0.22616403983804362,-0.3965492941167788,0.09933084592111434,-0.09041400388996945,0.4920697886081005,13,2000,20260919,2000,ok,-0.3485452737722328,0.11432057979581474,0.45232807967608724,0.7769322364608958,2021-2025,2022
any_uf,1000,AL,income_pc,W,60,ok,0.18160488508779957,0.16492643083205416,-0.07581599349592487,0.4163309175508762,0.16426785218116147,0.2097741026447861,13,2000,20260919,2000,ok,-0.1707163470002569,0.42002305720538385,0.39061523091802297,0.4840940830264294,2021-2025,2022
any_uf,1000,AL,illiteracy_15plus,hypertension,60,ok,-0.1989302973454731,0.12756689149311906,-0.43107973275225203,0.05792014361048031,-0.17499305362600726,0.18111768745619727,13,2000,20260919,2000,ok,-0.41423412145949556,0.13214526129080442,0.35878188232439734,0.48195153498925025,2021-2025,2022
any_uf,1000,AL,illiteracy_15plus,hemorrhage,60,ok,0.3090899747400585,0.016261161591299863,0.059863710352245185,0.5220419147596143,0.2506807446512921,0.05337337427988927,13,2000,20260919,2000,ok,-0.014083802366574402,0.5162313080436216,0.0889141868780824,0.3126575200419568,2021-2025,2022
any_uf,1000,AL,illiteracy_15plus,W,60,ok,-0.1245785224649284,0.34293445810154405,-0.36689696612337935,0.13357152330557298,-0.14787440955821066,0.259511214486616,13,2000,20260919,2000,ok,-0.458626371589951,0.24704959083737554,0.5611654768934358,0.5693864541406732,2021-2025,2022
any_uf,1000,AL,sewer_septic,hypertension,60,ok,-0.16883668059356782,0.1971990211029557,-0.40538192846869997,0.08889929495116497,-0.21172547929980554,0.10437821747314872,13,2000,20260919,2000,ok,-0.49918918100905585,0.12289279803198684,0.44369779748165034,0.4426019836366703,2021-2025,2022
any_uf,1000,AL,sewer_septic,hemorrhage,60,ok,-0.35821932199707085,0.004949504459511337,-0.561105459540651,-0.11473059918887114,-0.33142539594331766,0.00968815126690292,13,2000,20260919,2000,ok,-0.542998354381049,-0.10190945225488829,0.03552592442507512,0.09688151266902921,2021-2025,2022
any_uf,1000,AL,sewer_septic,W,60,ok,-0.22162209195093102,0.08879302082076687,-0.45021102326961654,0.034228850075451164,-0.22711864406779664,0.0809620743090849,13,2000,20260919,2000,ok,-0.5449523662592889,0.08141674072891751,0.2663790624623006,0.39108127401066695,2021-2025,2022
any_uf,1000,BA,income_pc,hypertension,191,ok,-0.057453806751658336,0.4298387732044403,-0.19781948758906853,0.08522070477840168,-0.04518898782678304,0.5347694627644511,32,2000,20260919,2000,ok,-0.22412353382632072,0.09140624401682224,0.6341883539081906,0.7769322364608958,2021-2025,2022
any_uf,1000,BA,income_pc,hemorrhage,191,ok,-0.02074534358774613,0.7757552420157856,-0.16224680478978695,0.1215921397612258,-0.05933556736932132,0.4148607663996608,32,2000,20260919,2000,ok,-0.10290334017703011,0.08782183003074158,0.8836321641867579,0.7132218779940779,2021-2025,2022
any_uf,1000,BA,income_pc,W,191,ok,-0.007379202770010088,0.919300770000304,-0.1492022290439842,0.13474130955160848,0.0034238096857822503,0.9625072348230598,32,2000,20260919,2000,ok,-0.14490248932552752,0.12562689440392955,0.9620589453491554,0.9733219228547796,2021-2025,2022
any_uf,1000,BA,illiteracy_15plus,hypertension,191,ok,0.025278258851808913,0.7285051391830145,-0.11712143348470082,0.16665946420704641,0.06193545275987095,0.39467841961570466,32,2000,20260919,2000,ok,-0.1164879592521458,0.1906131393486808,0.8836321641867579,0.7132218779940779,2021-2025,2022
any_uf,1000,BA,illiteracy_15plus,hemorrhage,191,ok,-0.0274917379670495,0.7057866912044846,-0.16881216498489005,0.11493623251970563,-0.114450410606226,0.11490186488047996,32,2000,20260919,2000,ok,-0.1378457699623417,0.04263646279276732,0.8822333640056057,0.4426019836366703,2021-2025,2022
any_uf,1000,BA,illiteracy_15plus,W,191,ok,-0.06093734292636947,0.4023558747619173,-0.20117614292881209,0.08174928373429316,-0.04529764495869838,0.5337866977880489,32,2000,20260919,2000,ok,-0.1863286207832678,0.07051083906828051,0.6243453229064234,0.7769322364608958,2021-2025,2022
any_uf,1000,BA,sewer_septic,hypertension,191,ok,0.2117691047883215,0.0032723436058825247,0.07195316436594397,0.3434228111278137,0.1934461916559959,0.007333560141939742,32,2000,20260919,2000,ok,0.043609677993985636,0.34900120554725617,0.032723436058825245,0.09688151266902921,2021-2025,2022
any_uf,1000,BA,sewer_septic,hemorrhage,191,ok,0.017972102601732855,0.8050870829257127,-0.12432447671592849,0.15954434312051663,0.015258202823322192,0.8340575255686468,32,2000,20260919,2000,ok,-0.060869676185553404,0.10692935760912163,0.8836321641867579,0.8936330631092644,2021-2025,2022
any_uf,1000,BA,sewer_septic,W,191,ok,0.16650511273184102,0.021327551862605452,0.02511960273449339,0.3013602154249461,0.2138416230366492,0.0029742444667832406,32,2000,20260919,2000,ok,0.03952255735829978,0.3178955616049571,0.10663775931302727,0.06692050050262291,2021-2025,2022
any_uf,1000,CE,income_pc,hypertension,118,ok,0.13423124894998878,0.14729022756625343,-0.04768511882662232,0.3075288629938721,0.02133891366194457,0.8185902979613611,32,2000,20260919,2000,ok,-0.1522633794494845,0.26213476011284753,0.3866797750047769,0.8936330631092644,2021-2025,2022
any_uf,1000,CE,income_pc,hemorrhage,118,ok,-0.01842626410738095,0.8430086673770748,-0.19852439231847,0.1628755861161441,0.05867014341590612,0.5279879348413945,32,2000,20260919,2000,ok,-0.08071480235283422,0.1496950462973919,0.9011876999891244,0.7769322364608958,2021-2025,2022
any_uf,1000,CE,income_pc,W,118,ok,0.12128547758290059,0.19076885684932976,-0.0608069806510974,0.2955650196221256,0.029548770444705122,0.7507623813327682,32,2000,20260919,2000,ok,-0.10721578765206852,0.25308116443114576,0.44023582349845325,0.8852035074154754,2021-2025,2022
any_uf,1000,CE,illiteracy_15plus,hypertension,118,ok,-0.2560535384163636,0.005131522416955295,-0.4174897687720215,-0.07894822659541026,-0.16905754917612686,0.06723767778010643,32,2000,20260919,2000,ok,-0.4320384423071967,0.00026763563758473984,0.03552592442507512,0.3559641764829164,2021-2025,2022
any_uf,1000,CE,illiteracy_15plus,hemorrhage,118,ok,-0.02849370724815719,0.7593852429401656,-0.20818082832265114,0.15305395509895803,-0.059240079177074474,0.523980482387313,32,2000,20260919,2000,ok,-0.16585936917099967,0.10193906946454555,0.8836321641867579,0.7769322364608958,2021-2025,2022
any_uf,1000,CE,illiteracy_15plus,W,118,ok,-0.260734246282235,0.004349339309795624,-0.4216224712577339,-0.08393054872794972,-0.20514028504421247,0.025851989222087604,32,2000,20260919,2000,ok,-0.42430625684282447,-0.07008271608310072,0.03552592442507512,0.17897530999906802,2021-2025,2022
any_uf,1000,CE,sewer_septic,hypertension,118,ok,0.06800862734514282,0.4643234244369404,-0.11415404802226241,0.24574696905174653,0.05189924731300604,0.5767453443772692,32,2000,20260919,2000,ok,-0.1814428530954665,0.25354821951958934,0.6633191777670577,0.8043452907681324,2021-2025,2022
any_uf,1000,CE,sewer_septic,hemorrhage,118,ok,0.005743316025743446,0.9507820315834924,-0.1751979244280933,0.18630925486826,0.1290085786596255,0.16383178473673346,32,2000,20260919,2000,ok,-0.0647979454099475,0.2245420116079539,0.9673185121852753,0.47564066536471006,2021-2025,2022
any_uf,1000,CE,sewer_septic,W,118,ok,0.07168422238961103,0.4404735673376145,-0.11050704027601517,0.24921436119332374,0.07778510217547575,0.4024592497890053,32,2000,20260919,2000,ok,-0.13547379601893636,0.2334775888010501,0.6393971138771823,0.7132218779940779,2021-2025,2022
any_uf,1000,MA,income_pc,hypertension,120,ok,0.17712692774868632,0.052947252983876356,-0.0021837417894001055,0.34540227388904743,0.11711229946524063,0.2027125483955405,21,2000,20260919,2000,ok,-0.14368335211125094,0.41370822580099437,0.19855219868953633,0.4840940830264294,2021-2025,2022
any_uf,1000,MA,income_pc,hemorrhage,120,ok,0.08370110918323379,0.3634035397450711,-0.09699542302475804,0.2590559104448427,0.14276536515344423,0.11982081381577331,21,2000,20260919,2000,ok,-0.05554028280968531,0.2356681584601899,0.5840414031617215,0.4426019836366703,2021-2025,2022
any_uf,1000,MA,income_pc,W,120,ok,0.20461832733456295,0.024974619903856302,0.02634315132976471,0.37027928021119705,0.12105701784846168,0.18781101835943873,21,2000,20260919,2000,ok,-0.1160349756196428,0.39512830714835995,0.11830083112352985,0.48272057606244134,2021-2025,2022
any_uf,1000,MA,illiteracy_15plus,hypertension,120,ok,-0.24541188605315065,0.0068994364827673765,-0.40676065568382264,-0.06921518125486135,-0.23795485087597756,0.008868424722785411,21,2000,20260919,2000,ok,-0.4360090355096469,0.0020934118120884836,0.04435352024636171,0.09688151266902921,2021-2025,2022
any_uf,1000,MA,illiteracy_15plus,hemorrhage,120,ok,-0.13117745155113586,0.15325870134732397,-0.30328776079206715,0.049221197092239787,-0.18898739792831198,0.03871044024434501,21,2000,20260919,2000,ok,-0.2824686281195879,-0.0440682354252069,0.3866797750047769,0.24885283014221793,2021-2025,2022
any_uf,1000,MA,illiteracy_15plus,W,120,ok,-0.2709130462814595,0.002764144108531619,-0.4293077107205445,-0.0963503670593366,-0.25259133478635093,0.005380562993168663,21,2000,20260919,2000,ok,-0.41669318491627205,-0.04439244869068102,0.031096621220980714,0.09685013387703593,2021-2025,2022
any_uf,1000,MA,sewer_septic,hypertension,120,ok,0.007845806767652997,0.9322230606984474,-0.17163690407623533,0.18682441599817565,-0.05046878255434405,0.5840901267901024,21,2000,20260919,2000,ok,-0.3273629110626459,0.2772938078095784,0.9643686834811526,0.8043452907681324,2021-2025,2022
any_uf,1000,MA,sewer_septic,hemorrhage,120,ok,0.03216993552419075,0.7272351790882997,-0.1479243624015988,0.21019922753674783,-0.03333425944656933,0.7177728629159725,21,2000,20260919,2000,ok,-0.17789059272925706,0.18608903890969494,0.8836321641867579,0.872966995438345,2021-2025,2022
any_uf,1000,MA,sewer_septic,W,120,ok,0.11519582909268844,0.21025146368688447,-0.0653957928153354,0.28848066140521,-0.006771303562747411,0.9414875344870189,21,2000,20260919,2000,ok,-0.22314371787061216,0.3410881187006855,0.4464849375436945,0.9733219228547796,2021-2025,2022
any_uf,1000,PB,income_pc,hypertension,46,ok,0.04601597806396013,0.7613812969523749,-0.24758945218924866,0.33188064485689345,-0.22639531298180696,0.13029207427657183,21,2000,20260919,2000,ok,-0.5112577120738732,0.2661248652431058,0.8836321641867579,0.4510110263419794,2021-2025,2022
any_uf,1000,PB,income_pc,hemorrhage,46,ok,0.09283517541598268,0.5394543895564723,-0.2029318557680846,0.3730787945445486,-0.0086345133999178,0.9545838528264475,21,2000,20260919,2000,ok,-0.4341353827527844,0.28827989170726837,0.7246402247773509,0.9733219228547796,2021-2025,2022
any_uf,1000,PB,income_pc,W,46,ok,0.0816615056986572,0.5895313156169543,-0.21370260993553195,0.3633460056483116,-0.20444033302497688,0.1729244851795384,21,2000,20260919,2000,ok,-0.5033354040388377,0.3178840066293868,0.7689538899351578,0.48195153498925025,2021-2025,2022
any_uf,1000,PB,illiteracy_15plus,hypertension,46,ok,-0.15720733334598402,0.29676586224049584,-0.42797393875306966,0.13945501674082086,-0.08159111933395005,0.5898532132299639,21,2000,20260919,2000,ok,-0.4032238316496969,0.24427513968938036,0.5136332231085505,0.8043452907681324,2021-2025,2022
any_uf,1000,PB,illiteracy_15plus,hemorrhage,46,ok,-0.001166805074433593,0.9938596489611224,-0.2913661572546234,0.2892292070822394,0.10324411022473141,0.4947377336875387,21,2000,20260919,2000,ok,-0.25737428652167355,0.4140660840878622,0.9938596489611224,0.7769322364608958,2021-2025,2022
any_uf,1000,PB,illiteracy_15plus,W,46,ok,-0.17829839485341922,0.23580928510151689,-0.44553565795170746,0.11811314738630911,-0.09380203515263645,0.535219985117506,21,2000,20260919,2000,ok,-0.4308239586463614,0.2517715870156677,0.46136599258992433,0.7769322364608958,2021-2025,2022
any_uf,1000,PB,sewer_septic,hypertension,46,ok,-0.15994273364509454,0.28833346888048333,-0.43026320008954994,0.13670255536369316,-0.16324390995991364,0.278366710913218,21,2000,20260919,2000,ok,-0.5023630167318069,0.1964880054448931,0.5088237686126177,0.5693864541406732,2021-2025,2022
any_uf,1000,PB,sewer_septic,hemorrhage,46,ok,-0.16211240597427343,0.2817570709549277,-0.43207653331946516,0.1345160882192374,-0.22289379590930664,0.13650355533938544,21,2000,20260919,2000,ok,-0.48514299773715114,0.16240171099091028,0.5088237686126177,0.4520010464086913,2021-2025,2022
any_uf,1000,PB,sewer_septic,W,46,ok,-0.16975690375863647,0.25937428792198713,-0.4384481789945782,0.12678933086517968,-0.16990440949737898,0.25895444055009526,21,2000,20260919,2000,ok,-0.5052336096897198,0.19237205423975365,0.4863267898537259,0.5693864541406732,2021-2025,2022
any_uf,1000,PE,income_pc,hypertension,124,ok,0.1671227650455696,0.06356442741193431,-0.009472975884655217,0.3336090724171967,0.1435153422501967,0.11179485068775262,18,2000,20260919,2000,ok,-0.0976304744048122,0.3341406740053324,0.21188142470644772,0.4426019836366703,2021-2025,2022
any_uf,1000,PE,income_pc,hemorrhage,124,ok,0.06002073569716026,0.5078488110887782,-0.11753975194701567,0.23386245593456187,0.06794671265718198,0.45335898586968687,18,2000,20260919,2000,ok,-0.12599281628261752,0.23896832584719024,0.7031752768921544,0.7418601586958513,2021-2025,2022
any_uf,1000,PE,income_pc,W,124,ok,0.2713717667091367,0.002298442662917257,0.09983185077264539,0.4272457935612921,0.23512824547600314,0.008570651167741762,18,2000,20260919,2000,ok,-0.014014839175336174,0.442841817339699,0.031096621220980714,0.09688151266902921,2021-2025,2022
any_uf,1000,PE,illiteracy_15plus,hypertension,124,ok,-0.219457666623165,0.014326963331139869,-0.3810306598497583,-0.044877554800211605,-0.131434344199892,0.1456447816205783,18,2000,20260919,2000,ok,-0.4722170769008182,0.1665610063376116,0.08596177998683921,0.4520010464086913,2021-2025,2022
any_uf,1000,PE,illiteracy_15plus,hemorrhage,124,ok,0.07187941997362281,0.4275821531459647,-0.1057777635591588,0.2450898701573594,0.07426033920105259,0.4123952184255058,18,2000,20260919,2000,ok,-0.16638695999131495,0.2599995460659635,0.6341883539081906,0.7132218779940779,2021-2025,2022
any_uf,1000,PE,illiteracy_15plus,W,124,ok,-0.32293294107021076,0.0002540682112745635,-0.47235442247869147,-0.1554684677705258,-0.21342384531560654,0.017312266582069757,18,2000,20260919,2000,ok,-0.5782321200677575,0.09605530097229498,0.004573227802942143,0.1453807390238637,2021-2025,2022
any_uf,1000,PE,sewer_septic,hypertension,124,ok,-0.17022704012195217,0.05873250789737112,-0.336445615889515,0.006277991920080398,-0.12061683713611328,0.1820705798848279,18,2000,20260919,2000,ok,-0.38990187475060034,0.0889239883096733,0.21143702843053602,0.48195153498925025,2021-2025,2022
any_uf,1000,PE,sewer_septic,hemorrhage,124,ok,0.18121656315926046,0.04398706490645335,0.005061686263356416,0.34646315470885575,0.1392577159966487,0.12294499545463064,18,2000,20260919,2000,ok,-0.09204370463994357,0.34765881562371953,0.18851599245622863,0.4426019836366703,2021-2025,2022
any_uf,1000,PE,sewer_septic,W,124,ok,-0.10537807927468996,0.2440988713108263,-0.27655629484091115,0.07228150963295202,-0.029438237608182535,0.7455135512715122,18,2000,20260919,2000,ok,-0.3518712897484687,0.16047297607990488,0.46742337059519934,0.8852035074154754,2021-2025,2022
any_uf,1000,PI,income_pc,hypertension,37,ok,-0.13939702796042963,0.41059614396610966,-0.44338932833388933,0.19335529813135485,-0.1571834992887624,0.35284401288625394,13,2000,20260919,2000,ok,-0.48738261164572555,0.180529257443659,0.626333100965252,0.6756587480800608,2021-2025,2022
any_uf,1000,PI,income_pc,hemorrhage,37,ok,0.2413415363037277,0.15014830168664636,-0.08969124319981077,0.5243562663753373,-0.07467994310099572,0.6604562522795064,13,2000,20260919,2000,ok,-0.16966002444007097,0.531989094482035,0.3866797750047769,0.8491580386450798,2021-2025,2022
any_uf,1000,PI,income_pc,W,37,ok,0.05195508757984427,0.760069284632853,-0.27672236952232954,0.36974955500914386,-0.04006638217164532,0.8138642754850297,13,2000,20260919,2000,ok,-0.3267890352084934,0.421659163451083,0.8836321641867579,0.8936330631092644,2021-2025,2022
any_uf,1000,PI,illiteracy_15plus,hypertension,37,ok,0.045814653766387,0.7877326871993959,-0.28239646263549467,0.3644238405233804,0.06306306306306306,0.7107857192707092,13,2000,20260919,2000,ok,-0.29759468871351485,0.4346363354763693,0.8836321641867579,0.872966995438345,2021-2025,2022
any_uf,1000,PI,illiteracy_15plus,hemorrhage,37,ok,-0.096375131807284,0.570422203205376,-0.4076638529011954,0.2349817224344562,0.2119487908961593,0.20790384343848628,13,2000,20260919,2000,ok,-0.424218601268434,0.426789384131821,0.7549705630659388,0.4840940830264294,2021-2025,2022
any_uf,1000,PI,illiteracy_15plus,W,37,ok,-0.0325057921208898,0.8485342840727808,-0.35280882758363663,0.29461624402907954,0.02631578947368421,0.8771325591632867,13,2000,20260919,2000,ok,-0.42216591485965843,0.39576036883281973,0.9011876999891244,0.9287285920552447,2021-2025,2022
any_uf,1000,PI,sewer_septic,hypertension,37,ok,0.3215656460709122,0.052286403123498214,-0.002738700730904618,0.58466628407087,0.23684210526315785,0.15813249482069128,13,2000,20260919,2000,ok,-0.08058472170476255,0.6509746309422155,0.19855219868953633,0.47439748446207386,2021-2025,2022
any_uf,1000,PI,sewer_septic,hemorrhage,37,ok,0.33555387383840113,0.04232306518961361,0.012942012544016711,0.5948926681996324,0.28473210052157416,0.08762316209163512,13,2000,20260919,2000,ok,-0.013578169247482697,0.6303787808853301,0.18851599245622863,0.39430422941235804,2021-2025,2022
any_uf,1000,PI,sewer_septic,W,37,ok,0.4556869573684465,0.004593092535760154,0.15447662914912377,0.6793927720951521,0.3703176861071597,0.024062873021369897,13,2000,20260919,2000,ok,0.16008744550579435,0.7116842794225304,0.03552592442507512,0.17897530999906802,2021-2025,2022
any_uf,1000,RN,income_pc,hypertension,35,ok,-0.11644108536043811,0.5053290925332039,-0.43288994621763066,0.22555791594261163,-0.1823529411764706,0.29442774832113366,16,2000,20260919,2000,ok,-0.40778405640390186,0.06235528461456373,0.7031752768921544,0.5888554966422673,2021-2025,2022
any_uf,1000,RN,income_pc,hemorrhage,35,ok,-0.168574158868607,0.3330292759064682,-0.47512947108906856,0.17447375525959152,-0.088515406162465,0.6131090216864257,16,2000,20260919,2000,ok,-0.43207519128291505,0.11955870149868666,0.555048793177447,0.8235792828623629,2021-2025,2022
any_uf,1000,RN,income_pc,W,35,ok,-0.1090309796821412,0.5329736548732048,-0.4267711375585643,0.23266942152902656,-0.15938375350140058,0.3604291556869382,16,2000,20260919,2000,ok,-0.42361746620003865,0.0908869484221579,0.7246402247773509,0.6758046669130091,2021-2025,2022
any_uf,1000,RN,illiteracy_15plus,hypertension,35,ok,-0.1767512153297785,0.3097610195477337,-0.48162897896526746,0.16629010435041208,-0.13837535014005603,0.42793312679644674,16,2000,20260919,2000,ok,-0.41785704486857494,0.219460985071273,0.5260092784772837,0.7132218779940779,2021-2025,2022
any_uf,1000,RN,illiteracy_15plus,hemorrhage,35,ok,0.04521752921342357,0.7964631846311439,-0.29243560624285264,0.3728458147858972,-0.016526610644257703,0.9249278844739789,16,2000,20260919,2000,ok,-0.304351802923868,0.3883959395569073,0.8836321641867579,0.9679477860774198,2021-2025,2022
any_uf,1000,RN,illiteracy_15plus,W,35,ok,-0.18547321740096756,0.2861010618781803,-0.48852486617266505,0.15750867178468803,-0.1904761904761905,0.27307010984337177,16,2000,20260919,2000,ok,-0.4395094598278564,0.21322241984518653,0.5088237686126177,0.5693864541406732,2021-2025,2022
any_uf,1000,RN,sewer_septic,hypertension,35,ok,0.24090818185068036,0.16328664636703208,-0.10039854015383347,0.5314860587567257,0.1400560224089636,0.4222883805166304,16,2000,20260919,2000,ok,-0.09391321990095183,0.5005750576945326,0.39061523091802297,0.7132218779940779,2021-2025,2022
any_uf,1000,RN,sewer_septic,hemorrhage,35,ok,-0.03291165868690137,0.8511217166563952,-0.3621858586606674,0.303665395781809,-0.038375350140056025,0.8267537200517314,16,2000,20260919,2000,ok,-0.3468511542811622,0.27513142197223683,0.9011876999891244,0.8936330631092644,2021-2025,2022
any_uf,1000,RN,sewer_septic,W,35,ok,0.2110437231998815,0.2236149531673799,-0.13144746809616906,0.5085258522970008,0.08515406162464986,0.6267067175673653,16,2000,20260919,2000,ok,-0.13526333992818734,0.4854541048673398,0.45232807967608724,0.8278976355198108,2021-2025,2022
any_uf,1000,SE,income_pc,hypertension,34,ok,-0.08983322823462128,0.613387523979299,-0.41538028901886176,0.25611279618339,-0.17188693659281895,0.33103289454902973,12,2000,20260919,2000,ok,-0.49134617222065513,0.15755127524536286,0.7775334811005199,0.6476730545524495,2021-2025,2022
any_uf,1000,SE,income_pc,hemorrhage,34,ok,0.407354660350169,0.01679490196586001,0.0802426597125184,0.6552565571440484,0.00320855614973262,0.9856315485162239,12,2000,20260919,2000,ok,-0.44616485781481124,0.7315595614433769,0.0889141868780824,0.9856315485162239,2021-2025,2022
any_uf,1000,SE,income_pc,W,34,ok,0.34383423751132436,0.046474054757936534,0.006414355895709908,0.6109616275727897,-0.08449197860962566,0.6347215205651883,12,2000,20260919,2000,ok,-0.5488692631450969,0.6101512517390324,0.19012113310064946,0.8278976355198108,2021-2025,2022
any_uf,1000,SE,illiteracy_15plus,hypertension,34,ok,-0.050615342481939864,0.7761969765083757,-0.38223850349754696,0.2925578849494449,-0.052711993888464474,0.767176373093412,12,2000,20260919,2000,ok,-0.520312958106473,0.3809467453032836,0.8836321641867579,0.8852035074154754,2021-2025,2022
any_uf,1000,SE,illiteracy_15plus,hemorrhage,34,ok,-0.7262466637512673,1.1627168518427242e-06,-0.8545435499500189,-0.5144176848118512,-0.5226890756302521,0.0015173371637490632,12,2000,20260919,2000,ok,-0.8721456584433757,-0.09138354796655251,7.725888003834353e-05,0.0455201149124719,2021-2025,2022
any_uf,1000,SE,illiteracy_15plus,W,34,ok,-0.6755686487942708,1.1660985881192147e-05,-0.8252113860923601,-0.437307709270708,-0.4041252864782276,0.017768756991805565,12,2000,20260919,2000,ok,-0.8567454445898194,0.030553805323495917,0.0002623721823268233,0.1453807390238637,2021-2025,2022
any_uf,1000,SE,sewer_septic,hypertension,34,ok,0.09010211109048198,0.6123215605011869,-0.25585948256005736,0.4156045689245435,0.06493506493506493,0.715218756986157,12,2000,20260919,2000,ok,-0.2218722755817683,0.3217671631372862,0.7775334811005199,0.872966995438345,2021-2025,2022
any_uf,1000,SE,sewer_septic,hemorrhage,34,ok,0.24953339794143164,0.15467191000191077,-0.09680069423163126,0.5419660314939501,0.049045072574484344,0.782971831428701,12,2000,20260919,2000,ok,-0.33755950455953093,0.5827741053042894,0.3866797750047769,0.891993225678267,2021-2025,2022
any_uf,1000,SE,sewer_septic,W,34,ok,0.2193354453909727,0.2126394452823468,-0.12835020850297704,0.5190056027770377,0.054851031321619545,0.758004271932352,12,2000,20260919,2000,ok,-0.3778148466831244,0.5816831486878863,0.4464849375436945,0.8852035074154754,2021-2025,2022
same_uf,1,NE,income_pc,hypertension,1794,ok,0.04638892971261126,0.04946972673692492,0.00010952699070842497,0.09247004706351222,0.012083421866898151,0.6090269022016997,188,2000,20260919,2000,ok,-0.03184475233585078,0.11990753333133468,0.13913360644760134,0.8022217906327092,2021-2025,2022
same_uf,1,NE,income_pc,hemorrhage,1794,ok,0.03586980741916803,0.12883340893600254,-0.010427139929232526,0.08201329978310949,0.05152113045021111,0.029099305146444713,188,2000,20260919,2000,ok,-0.014657844209031488,0.08524344061956408,0.2616287206419375,0.11386684622521845,2021-2025,2022
same_uf,1,NE,income_pc,W,1794,ok,0.07896324014070442,0.0008156311920754209,0.03280347899014423,0.12478685813580877,0.031196108333848845,0.18659089704685383,188,2000,20260919,2000,ok,-0.002266742130135162,0.1567623536457111,0.008156311920754208,0.4079267705173954,2021-2025,2022
same_uf,1,NE,illiteracy_15plus,hypertension,1794,ok,0.0682545532545201,0.003824040138586994,0.022044549628530734,0.11417354019298497,0.11520560522100388,9.956131557655835e-07,188,2000,20260919,2000,ok,-0.013300827654311499,0.14510426407496343,0.018113874340675233,8.960518401890251e-05,2021-2025,2022
same_uf,1,NE,illiteracy_15plus,hemorrhage,1794,ok,0.03565290099431858,0.1311637230445213,-0.010644299997633253,0.08179757258712822,0.024552419724924463,0.29863490808239757,188,2000,20260919,2000,ok,-0.032170760268434115,0.11176520938406465,0.2616287206419375,0.5448935749018952,2021-2025,2022
same_uf,1,NE,illiteracy_15plus,W,1794,ok,0.0409446469227313,0.08296158152746431,-0.005345119423741111,0.08705931578779452,0.0903789547204059,0.000126468001461272,188,2000,20260919,2000,ok,-0.03261044069332406,0.11581880970527,0.20179844155329157,0.0015551498134917339,2021-2025,2022
same_uf,1,NE,sewer_septic,hypertension,1794,ok,0.10087229987787423,1.8651220484111042e-05,0.05484871410650838,0.14646817544782167,0.11097400208192724,2.4570964568392263e-06,188,2000,20260919,2000,ok,0.025476653693650753,0.17350214117390436,0.00037132866736876044,0.00010772112313911538,2021-2025,2022
same_uf,1,NE,sewer_septic,hemorrhage,1794,ok,-0.06977044610517451,0.0031093484321831465,-0.11567656999256207,-0.0235669046236027,-0.061849085699997634,0.008784204206211127,188,2000,20260919,2000,ok,-0.1292067333269092,-0.009386194627274042,0.017123740505878025,0.04160938834521059,2021-2025,2022
same_uf,1,NE,sewer_septic,W,1794,ok,0.07390743592038286,0.0017332478903175313,0.027722620770886778,0.11977738608806666,0.0898639287921977,0.00013823553897704302,188,2000,20260919,2000,ok,-0.0036413052512707885,0.15034319189264594,0.012999359177381485,0.0015551498134917339,2021-2025,2022
same_uf,1,AL,income_pc,hypertension,102,ok,0.3140071847702155,0.0013093133484928816,0.12730644904597846,0.47921791379563217,0.26822014011795237,0.006417725379224973,13,2000,20260919,2000,ok,0.022526756053546138,0.4403084858003101,0.010712563760396303,0.032088626896124864,2021-2025,2022
same_uf,1,AL,income_pc,hemorrhage,102,ok,-0.14970650292961518,0.1331476084030186,-0.33444433503432114,0.0461108731470361,-0.017015284944163964,0.8652143769092804,13,2000,20260919,2000,ok,-0.3180877289081889,0.10427620986656456,0.2616287206419375,0.9054569060678517,2021-2025,2022
same_uf,1,AL,income_pc,W,102,ok,0.24898153420434996,0.011620224483848925,0.05728018139975699,0.4229756707183869,0.21642512623621013,0.028902649312811116,13,2000,20260919,2000,ok,-0.06267647115805894,0.4352636085874013,0.04547044363245231,0.11386684622521845,2021-2025,2022
same_uf,1,AL,illiteracy_15plus,hypertension,102,ok,-0.2469082036569991,0.012357067013061631,-0.4211600690631602,-0.05507801233025901,-0.19484363824177883,0.049713243006540855,13,2000,20260919,2000,ok,-0.41274280116851486,0.053233224650493224,0.046339001298981115,0.16571081002180285,2021-2025,2022
same_uf,1,AL,illiteracy_15plus,hemorrhage,102,ok,0.2953867511551495,0.002577843241130566,0.10706206771817431,0.4632501031975818,0.20352918913238954,0.040195080206931806,13,2000,20260919,2000,ok,-0.0075854016000964156,0.5059755096471023,0.015467059446783395,0.1391368161009178,2021-2025,2022
same_uf,1,AL,illiteracy_15plus,W,102,ok,-0.1576421216212748,0.11355903573962153,-0.341643116746927,0.03799768689745761,-0.12910977978915014,0.19590915239679474,13,2000,20260919,2000,ok,-0.43597965698385505,0.18895806366225518,0.2616287206419375,0.41004241199329133,2021-2025,2022
same_uf,1,AL,sewer_septic,hypertension,102,ok,0.1026807451119099,0.30443872283883394,-0.09366452245208445,0.29133796449695815,-0.01351985569773425,0.8927169073235729,13,2000,20260919,2000,ok,-0.2537734345928859,0.37593848013007525,0.47240491474991475,0.9235002489554203,2021-2025,2022
same_uf,1,AL,sewer_septic,hemorrhage,102,ok,-0.22151259912674823,0.025255711646108476,-0.39880741500560973,-0.0282548842194318,-0.1717983954432188,0.0842473782556409,13,2000,20260919,2000,ok,-0.3552257395991364,-0.005096186640130727,0.08406862930030441,0.22795568726234708,2021-2025,2022
same_uf,1,AL,sewer_septic,W,102,ok,0.046129227386563665,0.6452393436634868,-0.14968852174954558,0.2384648615497039,-0.029013124042272874,0.7722234083483324,13,2000,20260919,2000,ok,-0.29292691791899744,0.34421377343295867,0.7847505531042407,0.8732880944113536,2021-2025,2022
same_uf,1,BA,income_pc,hypertension,417,ok,0.07492174782992034,0.12663662859232172,-0.021261362893376642,0.16973071903962098,0.13920152510872297,0.004400590830821694,32,2000,20260919,2000,ok,-0.04890850223346875,0.17739271183034955,0.2616287206419375,0.032088626896124864,2021-2025,2022
same_uf,1,BA,income_pc,hemorrhage,417,ok,0.003214485260504983,0.9478198742938476,-0.09284431523451744,0.09921399975987565,-0.012304928373458387,0.802178301276311,32,2000,20260919,2000,ok,-0.06071772767473981,0.08771173622331463,0.9679687647497298,0.8804395989618048,2021-2025,2022
same_uf,1,BA,income_pc,W,417,ok,0.0611678007801367,0.212580938155953,-0.03506832954029763,0.15627996033294445,0.11719945288497906,0.016649697247605053,32,2000,20260919,2000,ok,-0.040054924853424975,0.16801270690505635,0.37514283203991705,0.07135584534687879,2021-2025,2022
same_uf,1,BA,illiteracy_15plus,hypertension,417,ok,-0.02995632413641319,0.5418445017050179,-0.1256250778344434,0.06626444006032843,0.004627909773760031,0.9249332715833175,32,2000,20260919,2000,ok,-0.18793203268450404,0.1376289227960829,0.6966572164778801,0.9459544823011201,2021-2025,2022
same_uf,1,BA,illiteracy_15plus,hemorrhage,417,ok,-0.0105277304335988,0.8302796214046155,-0.1064502520361558,0.0855889388414436,-0.05412983795138759,0.27009089554098514,32,2000,20260919,2000,ok,-0.10886604334959679,0.04863024058530233,0.9124987417641848,0.5171953318869928,2021-2025,2022
same_uf,1,BA,illiteracy_15plus,W,417,ok,-0.0536149792416096,0.2746800713866188,-0.14887859548418161,0.04263467255369596,-0.04255714040673393,0.3860376151628577,32,2000,20260919,2000,ok,-0.17217809846252224,0.0452096603829344,0.44145011472849455,0.6555355729180602,2021-2025,2022
same_uf,1,BA,sewer_septic,hypertension,417,ok,0.14301759183896998,0.0034247481011756052,0.047641763170291576,0.23580912999421008,0.14277523023627545,0.0034803343533737884,32,2000,20260919,2000,ok,-0.03145384068793216,0.2895712747905628,0.017123740505878025,0.028475462891240085,2021-2025,2022
same_uf,1,BA,sewer_septic,hemorrhage,417,ok,-0.008535087647244371,0.8620451150302756,-0.10447959410834236,0.0875668249881915,-0.010535214677975947,0.8301607976931894,32,2000,20260919,2000,ok,-0.06556386809195892,0.08339678098458381,0.9124987417641848,0.8894579975284171,2021-2025,2022
same_uf,1,BA,sewer_septic,W,417,ok,0.09711299700555232,0.0474974590895216,0.0010930499248490324,0.1913585706952821,0.13367304881976314,0.006261454727768925,32,2000,20260919,2000,ok,-0.009366404975721917,0.22900082442766315,0.13789584896957882,0.032088626896124864,2021-2025,2022
same_uf,1,CE,income_pc,hypertension,184,ok,0.09421597112046358,0.2033269636269425,-0.05114207858737123,0.23566501848626545,0.023966018762882624,0.7467544243587113,33,2000,20260919,2000,ok,-0.1418020293965509,0.2287610582488378,0.3659885345284965,0.8732880944113536,2021-2025,2022
same_uf,1,CE,income_pc,hemorrhage,184,ok,-0.021434473217515397,0.7727320506591898,-0.16558206249639407,0.12360982278255246,0.02061048372327005,0.7812438416123121,33,2000,20260919,2000,ok,-0.08151069131490069,0.07923493647751094,0.88032765264971,0.8732880944113536,2021-2025,2022
same_uf,1,CE,income_pc,W,184,ok,0.0887711766020098,0.23079555673310467,-0.056616897207477763,0.23047252598116197,0.0321608291888217,0.6647315441594197,33,2000,20260919,2000,ok,-0.11537491296079788,0.2217341032773069,0.390899614360975,0.8546548424906826,2021-2025,2022
same_uf,1,CE,illiteracy_15plus,hypertension,184,ok,-0.17685176935931426,0.01632592346143927,-0.31349253049292514,-0.03303593097808556,-0.13905906637009585,0.059755762498838925,33,2000,20260919,2000,ok,-0.342545445730523,0.03890482018064404,0.05877332446118138,0.192072093746268,2021-2025,2022
same_uf,1,CE,illiteracy_15plus,hemorrhage,184,ok,-0.012746003799651287,0.8636545682864216,-0.15711731804340492,0.1321586919708152,-0.03731543831051108,0.6150367061517437,33,2000,20260919,2000,ok,-0.1089027112602816,0.12468876778659008,0.9124987417641848,0.8022217906327092,2021-2025,2022
same_uf,1,CE,illiteracy_15plus,W,184,ok,-0.1865709003019777,0.011218123321077444,-0.32252705966375733,-0.04307238910333467,-0.15617893438312538,0.034252568908646724,33,2000,20260919,2000,ok,-0.34087084976153204,-0.012244153033825018,0.04547044363245231,0.12330924807112821,2021-2025,2022
same_uf,1,CE,sewer_septic,hypertension,184,ok,0.07037290294951441,0.34249008310479484,-0.07505215919650554,0.21286688713765456,0.06546974629654602,0.37725218001231875,33,2000,20260919,2000,ok,-0.10548324473468894,0.22195099562321063,0.5137351246571923,0.6529364654059363,2021-2025,2022
same_uf,1,CE,sewer_septic,hemorrhage,184,ok,-0.017319809992521046,0.8154866964272905,-0.16157599611190107,0.12766105994476123,0.08545481427836801,0.24875563774702505,33,2000,20260919,2000,ok,-0.1507307644887074,0.15715159100140283,0.9124987417641848,0.4975112754940501,2021-2025,2022
same_uf,1,CE,sewer_septic,W,184,ok,0.06935298968766256,0.34954838596190824,-0.07607122307164997,0.21188819946978016,0.07702417456039815,0.2986971714684062,33,2000,20260919,2000,ok,-0.09949940685180235,0.22330697417434187,0.515727126829045,0.5448935749018952,2021-2025,2022
same_uf,1,MA,income_pc,hypertension,217,ok,0.0867848767853599,0.20286150014529675,-0.04694211067811221,0.21745584877931487,0.051474849785611204,0.45061349318212696,21,2000,20260919,2000,ok,-0.17466309592925502,0.3189852373028603,0.3659885345284965,0.7016410513457696,2021-2025,2022
same_uf,1,MA,income_pc,hemorrhage,217,ok,0.08103255718287036,0.234539768616585,-0.052720832570502286,0.21192976530464488,0.11320869581181052,0.09623479664758461,21,2000,20260919,2000,ok,-0.06434023163658,0.26053940410787274,0.390899614360975,0.24058699161896152,2021-2025,2022
same_uf,1,MA,income_pc,W,217,ok,0.11987998074279976,0.07805190911045012,-0.013520298408416953,0.24908742693634472,0.06290736647784409,0.3564008252072079,21,2000,20260919,2000,ok,-0.12159904362913239,0.30431152726287963,0.19880206224255714,0.6289426327186022,2021-2025,2022
same_uf,1,MA,illiteracy_15plus,hypertension,217,ok,-0.25167174954540905,0.0001793723615884913,-0.3723746280971156,-0.12259662350108638,-0.2892082440399351,1.5008908728701877e-05,21,2000,20260919,2000,ok,-0.39938576398923614,-0.04516482518777123,0.0023062160775663165,0.0003377004463957922,2021-2025,2022
same_uf,1,MA,illiteracy_15plus,hemorrhage,217,ok,-0.20808322819991504,0.0020606267690330606,-0.3320649766988852,-0.07703368467472617,-0.24614941336227197,0.0002506814037820732,21,2000,20260919,2000,ok,-0.34003712136508246,-0.07921981744557388,0.013480338450024307,0.0025068140378207322,2021-2025,2022
same_uf,1,MA,illiteracy_15plus,W,217,ok,-0.24571911511633024,0.0002572239272120575,-0.36689648891328275,-0.11634210975890723,-0.2756200728658782,3.8432346480344795e-05,21,2000,20260919,2000,ok,-0.39764125775898207,-0.04708693977997855,0.002893769181135647,0.0005939254011768,2021-2025,2022
same_uf,1,MA,sewer_septic,hypertension,217,ok,0.05330192899414853,0.4346807654641082,-0.08045362225979359,0.18517180900970628,-0.09577815458001952,0.15972836001742505,21,2000,20260919,2000,ok,-0.27827088885214507,0.2763720223996356,0.605484676881645,0.35938881003920636,2021-2025,2022
same_uf,1,MA,sewer_septic,hemorrhage,217,ok,0.014188320058075984,0.8353770852167817,-0.1192213802905516,0.1470947726087549,-0.015312643327925682,0.8225397075635582,21,2000,20260919,2000,ok,-0.13194150507220154,0.19192891284196542,0.9124987417641848,0.8894579975284171,2021-2025,2022
same_uf,1,MA,sewer_septic,W,217,ok,0.10066477576639926,0.1393871397804976,-0.03296155116690713,0.23075545434991562,-0.05113702923506663,0.4535949572495329,21,2000,20260919,2000,ok,-0.14511163034631466,0.27713557264034855,0.2669115442605273,0.7016410513457696,2021-2025,2022
same_uf,1,PB,income_pc,hypertension,223,ok,0.02164228829861951,0.7478999682618245,-0.11004757784338075,0.1525854105326372,-0.034729118878562636,0.6059539905012955,23,2000,20260919,2000,ok,-0.13915934907851965,0.15153871267749597,0.88032765264971,0.8022217906327092,2021-2025,2022
same_uf,1,PB,income_pc,hemorrhage,223,ok,0.03953043496356098,0.5570510156691647,-0.0923260179941931,0.1700244002260922,0.02533070160862253,0.7067662877173868,23,2000,20260919,2000,ok,-0.14607703429917904,0.1913647254477286,0.7061210057778144,0.8713556971858194,2021-2025,2022
same_uf,1,PB,income_pc,W,223,ok,0.04513631102795755,0.5024863682761102,-0.08675510366538951,0.17547274820557165,-0.02701222095435077,0.6882841018583529,23,2000,20260919,2000,ok,-0.1393201000674139,0.18803715896888373,0.6749816887291032,0.8606237435485495,2021-2025,2022
same_uf,1,PB,illiteracy_15plus,hypertension,223,ok,-0.04574471408527442,0.4967380607396534,-0.17606357494832747,0.08614999839366139,-0.034143828816207096,0.612043568803909,23,2000,20260919,2000,ok,-0.2180150551914683,0.12997338474948128,0.6749816887291032,0.8022217906327092,2021-2025,2022
same_uf,1,PB,illiteracy_15plus,hemorrhage,223,ok,-0.033411746696838045,0.6196980279443971,-0.1640685303679283,0.09839713894793489,-0.040429617208441744,0.548109373048311,23,2000,20260919,2000,ok,-0.2091866682597556,0.12073659100265614,0.7640112673287088,0.7707788058491873,2021-2025,2022
same_uf,1,PB,illiteracy_15plus,W,223,ok,-0.06756078696248911,0.3151974792706513,-0.197187532024949,0.06438768174044336,-0.05057808589569643,0.45233471958980453,23,2000,20260919,2000,ok,-0.24622322131221827,0.11766011737276494,0.48080971414167145,0.7016410513457696,2021-2025,2022
same_uf,1,PB,sewer_septic,hypertension,223,ok,0.06019057685659877,0.3710025349097497,-0.07175379549849505,0.1900645796988426,0.04112767960533812,0.5412166223474976,23,2000,20260919,2000,ok,-0.09656625268206642,0.2189802555925299,0.5385520668044754,0.7707788058491873,2021-2025,2022
same_uf,1,PB,sewer_septic,hemorrhage,223,ok,-0.20495467920992178,0.002096941536670448,-0.32751292794508274,-0.07561371044220243,-0.2027898967319113,0.0023426318423710535,23,2000,20260919,2000,ok,-0.34523176119433036,-0.05969191526630425,0.013480338450024307,0.02108368658133948,2021-2025,2022
same_uf,1,PB,sewer_septic,W,223,ok,0.04148344968774773,0.5377203249752387,-0.09038612000059208,0.1719234401831244,0.020547331879539315,0.7602557745151867,23,2000,20260919,2000,ok,-0.12180084751428383,0.21599337787895048,0.6966572164778801,0.8732880944113536,2021-2025,2022
same_uf,1,PE,income_pc,hypertension,185,ok,0.3075166381820052,2.062937040937558e-05,0.17082676676265793,0.43259324129793886,0.13202601495964422,0.07322483663556492,19,2000,20260919,2000,ok,-0.016328346564028377,0.5600354189529265,0.00037132866736876044,0.21967450990669476,2021-2025,2022
same_uf,1,PE,income_pc,hemorrhage,185,ok,0.15650476972469132,0.03338734090949659,0.012518828853830715,0.29413223912202796,0.12653104811083044,0.08611659296577556,19,2000,20260919,2000,ok,-0.017804890581952133,0.34611390926684404,0.10361588558119632,0.22795568726234708,2021-2025,2022
same_uf,1,PE,income_pc,W,185,ok,0.4064115322697531,9.466865603334739e-09,0.27847032186764864,0.5201806788261177,0.20365623332723679,0.005428365265964697,19,2000,20260919,2000,ok,0.04579869859519454,0.6511505142643981,2.8400596810004216e-07,0.032088626896124864,2021-2025,2022
same_uf,1,PE,illiteracy_15plus,hypertension,185,ok,-0.20927204348915723,0.004251939524741422,-0.34317957689931244,-0.06702708391520637,-0.10605525035874454,0.15077893798668782,19,2000,20260919,2000,ok,-0.44916641981225236,0.08099363444078385,0.01822259796317752,0.3479513953538949,2021-2025,2022
same_uf,1,PE,illiteracy_15plus,hemorrhage,185,ok,0.09012988394655172,0.22243652593450727,-0.05485195121066278,0.23138974348541205,0.12838682744960644,0.08157342182769937,19,2000,20260919,2000,ok,-0.14798875542027395,0.28053807470870756,0.3849862948866472,0.22795568726234708,2021-2025,2022
same_uf,1,PE,illiteracy_15plus,W,185,ok,-0.27368351929775314,0.00016357884198660476,-0.4020765535633091,-0.13473477892779515,-0.13506969551018969,0.06678710643277141,19,2000,20260919,2000,ok,-0.5177046050809297,0.05190757499316428,0.0023062160775663165,0.20727033030860095,2021-2025,2022
same_uf,1,PE,sewer_septic,hypertension,185,ok,-0.11479831944689027,0.11971012121349883,-0.25484620937515867,0.029966580910855828,-0.12973832006858668,0.07838777442291693,19,2000,20260919,2000,ok,-0.32685181086136417,0.1476125017023665,0.2616287206419375,0.22757740961492012,2021-2025,2022
same_uf,1,PE,sewer_septic,hemorrhage,185,ok,0.1297850177577246,0.07827952284769862,-0.01475994609123913,0.26901657755540903,0.094105082303448,0.20262036570423306,19,2000,20260919,2000,ok,-0.09122086537985213,0.3002649383233105,0.19880206224255714,0.4144507480313858,2021-2025,2022
same_uf,1,PE,sewer_septic,W,185,ok,-0.06317779176061246,0.39291637288228054,-0.20557268486395497,0.0818367148871484,-0.07617891483403438,0.3027186527232751,19,2000,20260919,2000,ok,-0.2944125110017051,0.20597741562642785,0.5613091041175436,0.5448935749018952,2021-2025,2022
same_uf,1,PI,income_pc,hypertension,224,ok,0.020178704949887903,0.763911619383002,-0.11119824595619551,0.15086248384185136,0.05071332631514086,0.45010064071661626,15,2000,20260919,2000,ok,-0.06400212903470824,0.08923679369815261,0.88032765264971,0.7016410513457696,2021-2025,2022
same_uf,1,PI,income_pc,hemorrhage,224,ok,0.19071740086256134,0.004173135717664589,0.061163656042096004,0.3139515062545333,0.18254982397144856,0.0061452063383450415,15,2000,20260919,2000,ok,0.020872917505526882,0.311948051183102,0.01822259796317752,0.032088626896124864,2021-2025,2022
same_uf,1,PI,income_pc,W,224,ok,0.1502895693020185,0.024478418807031055,0.019592731096214476,0.2759363407481456,0.18319628165413865,0.005963142933444015,15,2000,20260919,2000,ok,0.0204816836328263,0.26125512306584586,0.08406862930030441,0.032088626896124864,2021-2025,2022
same_uf,1,PI,illiteracy_15plus,hypertension,224,ok,-0.11741018209149272,0.07952082489702286,-0.24472655084751022,0.013886357787480581,-0.11184091112923822,0.09496701803323865,15,2000,20260919,2000,ok,-0.3287957017810236,0.1531730640345494,0.19880206224255714,0.24058699161896152,2021-2025,2022
same_uf,1,PI,illiteracy_15plus,hemorrhage,224,ok,-0.009061403095507336,0.8927204465543067,-0.13997796054468406,0.12216652808128321,0.08781667672482033,0.19036582624145118,15,2000,20260919,2000,ok,-0.2140548033792273,0.23597451211824946,0.9235039102285932,0.4079267705173954,2021-2025,2022
same_uf,1,PI,illiteracy_15plus,W,224,ok,-0.11869943569799632,0.07625121642846731,-0.2459553268242078,0.012579110909924864,-0.07645335281527228,0.25448806135084323,15,2000,20260919,2000,ok,-0.33198221209900947,0.13824396157085467,0.19880206224255714,0.4979114243820846,2021-2025,2022
same_uf,1,PI,sewer_septic,hypertension,224,ok,0.195505938536912,0.003302304598447606,0.06611754138886153,0.31842825049769846,0.16198144775063142,0.015232605660820155,15,2000,20260919,2000,ok,-0.014395476142408402,0.41518247919054574,0.017123740505878025,0.0685467254736907,2021-2025,2022
same_uf,1,PI,sewer_septic,hemorrhage,224,ok,0.07219619279072662,0.28197511711041523,-0.05944923829157612,0.20137328280804398,0.14348235659693107,0.03182896671906193,15,2000,20260919,2000,ok,-0.053003986322923004,0.21286727089116758,0.44522386912170825,0.11935862519648223,2021-2025,2022
same_uf,1,PI,sewer_septic,W,224,ok,0.21471579859102438,0.0012233134518315997,0.08605504288160047,0.3363323608069528,0.18818827796419496,0.004712139861974521,15,2000,20260919,2000,ok,0.05254301259327846,0.39324065086721816,0.010712563760396303,0.032088626896124864,2021-2025,2022
same_uf,1,RN,income_pc,hypertension,167,ok,-0.042051738559866894,0.5894830262812851,-0.19268482324510366,0.11051763589380188,0.014990711324504101,0.8475240991709992,19,2000,20260919,2000,ok,-0.2502934852794532,0.12581756906629993,0.7368537828516064,0.8973784579457639,2021-2025,2022
same_uf,1,RN,income_pc,hemorrhage,167,ok,-0.12954358168566385,0.09520929037704812,-0.2759778762905004,0.022767925326255985,-0.11247063118069273,0.14786336145387097,19,2000,20260919,2000,ok,-0.28247403552769623,0.037368449050302587,0.22549568773511394,0.3479513953538949,2021-2025,2022
same_uf,1,RN,income_pc,W,167,ok,-0.050622719076447574,0.5158906323728757,-0.20094152590905162,0.10202521977683446,-0.026742590648231777,0.731556259095173,19,2000,20260919,2000,ok,-0.2689124639335864,0.12501720753683485,0.6827964251993943,0.8732880944113536,2021-2025,2022
same_uf,1,RN,illiteracy_15plus,hypertension,167,ok,-0.027293500264047272,0.7262442759848746,-0.17841757387851775,0.12508857265716994,-0.05416653783593865,0.4869055212693666,19,2000,20260919,2000,ok,-0.2376481343244856,0.21089424057923456,0.8714931311818496,0.718385195315459,2021-2025,2022
same_uf,1,RN,illiteracy_15plus,hemorrhage,167,ok,0.08952731971923403,0.24990908633276585,-0.06319547689513944,0.23815300033925843,0.05669064333556448,0.46680489657929214,19,2000,20260919,2000,ok,-0.1002100631189251,0.2891609498999737,0.4089421412717987,0.7016410513457696,2021-2025,2022
same_uf,1,RN,illiteracy_15plus,W,167,ok,-0.022574801340091443,0.7721402738729947,-0.17384241371282316,0.12973355764531,-0.04511284976176068,0.5626549122854886,19,2000,20260919,2000,ok,-0.2452683589333123,0.222146934636148,0.88032765264971,0.7790606477799072,2021-2025,2022
same_uf,1,RN,sewer_septic,hypertension,167,ok,-0.0011101723357443611,0.9886394364452251,-0.15294798077213256,0.15077884285206536,0.02117070807799724,0.7859592849702182,19,2000,20260919,2000,ok,-0.16818439330030485,0.18186180583571915,0.9886394364452251,0.8732880944113536,2021-2025,2022
same_uf,1,RN,sewer_septic,hemorrhage,167,ok,-0.060507633065744464,0.4372944888589658,-0.2104375368462235,0.09220320827376613,-0.05003655846939568,0.5207689288712561,19,2000,20260919,2000,ok,-0.2518693426417657,0.0880955210661098,0.605484676881645,0.7559548967485976,2021-2025,2022
same_uf,1,RN,sewer_septic,W,167,ok,-0.014400589985157369,0.8534577165446259,-0.16590137073490982,0.13776428488797113,-0.022220647629863265,0.7756192770786093,19,2000,20260919,2000,ok,-0.19022369837213993,0.17790523766979988,0.9124987417641848,0.8732880944113536,2021-2025,2022
same_uf,1,SE,income_pc,hypertension,75,ok,-0.006300803734920753,0.9572135562525106,-0.2329295498750549,0.2209770479231392,-0.0012517869970942298,0.9914957383944901,13,2000,20260919,2000,ok,-0.13639015703428234,0.12708931967951834,0.9679687647497298,0.9914957383944901,2021-2025,2022
same_uf,1,SE,income_pc,hemorrhage,75,ok,0.25678517438119214,0.026154684671205814,0.03166901311551287,0.45710664457158023,-0.007937636920336683,0.9461132798771713,13,2000,20260919,2000,ok,-0.30440791018338836,0.6231726741870658,0.08406862930030441,0.9567437661679261,2021-2025,2022
same_uf,1,SE,income_pc,W,75,ok,0.23150954545724908,0.04566284390866461,0.004799905715279389,0.4355841305643922,0.04705581120895126,0.6884989948388396,13,2000,20260919,2000,ok,-0.2389562852181827,0.5448913723532178,0.13698853172599385,0.8606237435485495,2021-2025,2022
same_uf,1,SE,illiteracy_15plus,hypertension,75,ok,-0.1759647762777406,0.1310142260962624,-0.38745280626102085,0.05311847694625503,-0.18378639809954622,0.1144781071504233,13,2000,20260919,2000,ok,-0.4482720744034423,0.1331156526764539,0.2616287206419375,0.27846026063616475,2021-2025,2022
same_uf,1,SE,illiteracy_15plus,hemorrhage,75,ok,-0.6220214249123521,2.5754719538999926e-09,-0.7439552856752774,-0.46000016264313387,-0.45584835886475517,3.9595026745120004e-05,13,2000,20260919,2000,ok,-0.8129407476657148,-0.04781501143131537,1.1589623792549966e-07,0.0005939254011768,2021-2025,2022
same_uf,1,SE,illiteracy_15plus,W,75,ok,-0.6279180982120791,1.6416920191242883e-09,-0.7482449709920005,-0.46759480147576327,-0.5062518670251355,3.5907041046371795e-06,13,2000,20260919,2000,ok,-0.7875886715900832,-0.20046615518041005,1.1589623792549966e-07,0.00010772112313911538,2021-2025,2022
same_uf,1,SE,sewer_septic,hypertension,75,ok,0.018928959272030286,0.8719432421302209,-0.20893048292984162,0.24483893927918327,0.03615957439333559,0.7580882885516554,13,2000,20260919,2000,ok,-0.23901734866799396,0.29480940175209475,0.9124987417641848,0.8732880944113536,2021-2025,2022
same_uf,1,SE,sewer_septic,hemorrhage,75,ok,0.16447875358352695,0.15850209537901236,-0.06490606091341157,0.3773538288683668,0.08512333213493677,0.46776070089717975,13,2000,20260919,2000,ok,-0.20643769041960552,0.3872835548327257,0.2971914288356482,0.7016410513457696,2021-2025,2022
same_uf,1,SE,sewer_septic,W,75,ok,0.1747571209588855,0.13372134610587916,-0.0543608493978749,0.38639336919534345,0.09786698340918525,0.40353455368662117,13,2000,20260919,2000,ok,-0.21585746718958712,0.41867059831616205,0.2616287206419375,0.672557589477702,2021-2025,2022
same_uf,1000,NE,income_pc,hypertension,746,ok,0.06620974193092609,0.0707096377835871,-0.005597300669447364,0.13733747778045302,0.047932039031460004,0.19096688018805957,178,2000,20260919,2000,ok,-0.04552415302525487,0.15465764788465186,0.2545546960209136,0.45228997939277266,2021-2025,2022
same_uf,1000,NE,income_pc,hemorrhage,746,ok,0.06404323378586994,0.08045114013210093,-0.007772939887667746,0.13520214362746752,0.07801038646572585,0.033140908220665656,178,2000,20260919,2000,ok,-0.01248805968926874,0.1695652414497971,0.2727454915112761,0.21017328010284814,2021-2025,2022
same_uf,1000,NE,income_pc,W,746,ok,0.11064199037409607,0.0024765421041173232,0.0391726558306509,0.18098506060237854,0.07188841270721595,0.04967690021137368,178,2000,20260919,2000,ok,0.00183545489529049,0.19851231323518165,0.027861098671319886,0.27943256368897695,2021-2025,2022
same_uf,1000,NE,illiteracy_15plus,hypertension,746,ok,0.0034511458305957307,0.925027049687608,-0.06834622629062101,0.07521295478671157,0.05259933365066069,0.1512215256882093,178,2000,20260919,2000,ok,-0.10425144724426699,0.13300183876204358,0.9460503917259626,0.42557144045063217,2021-2025,2022
same_uf,1000,NE,illiteracy_15plus,hemorrhage,746,ok,-0.04214388385341203,0.25028538215579815,-0.11358073110540463,0.029726482993668944,-0.014454270865760862,0.6934717171257087,178,2000,20260919,2000,ok,-0.12164779226636654,0.04033518622786911,0.46928509154212156,0.8173513454862701,2021-2025,2022
same_uf,1000,NE,illiteracy_15plus,W,746,ok,-0.052845701174735374,0.14931311066483335,-0.1241551858983843,0.019006838299977315,-0.006119936747330456,0.8674683266080007,178,2000,20260919,2000,ok,-0.1609386902906757,0.0664256406624311,0.38984467162010505,0.9087404026878431,2021-2025,2022
same_uf,1000,NE,sewer_septic,hypertension,746,ok,0.15402239301806142,2.3894604382075093e-05,0.08316136700088843,0.22333370238774677,0.15377263523585416,2.464119343786809e-05,178,2000,20260919,2000,ok,0.06070573193228381,0.24511406594773652,0.0005376285985966896,0.0011088537047040641,2021-2025,2022
same_uf,1000,NE,sewer_septic,hemorrhage,746,ok,0.03378375936450827,0.35681472750022714,-0.03808904814608004,0.10530882514694842,0.03638385933930826,0.3209953438973584,178,2000,20260919,2000,ok,-0.03285234965924471,0.10749125759895449,0.5838786450003717,0.5874154473372197,2021-2025,2022
same_uf,1000,NE,sewer_septic,W,746,ok,0.164354942635382,6.415329574899843e-06,0.09367968486482522,0.23338206572057493,0.16622896211715452,5.009471805762007e-06,178,2000,20260919,2000,ok,0.07545793317444391,0.25194542747229676,0.0002886898308704929,0.00045085246251858063,2021-2025,2022
same_uf,1000,AL,income_pc,hypertension,58,ok,0.22984761130204798,0.0826198397339482,-0.030243691202506855,0.46078707200532787,0.17635116429296502,0.18543015277256444,13,2000,20260919,2000,ok,-0.14553033919444758,0.40634071218791123,0.2727454915112761,0.4510463175548865,2021-2025,2022
same_uf,1000,AL,income_pc,hemorrhage,58,ok,-0.15662168454209324,0.24035807951483038,-0.398784734879761,0.10596070074783774,-0.06862714940478022,0.6087381115292906,13,2000,20260919,2000,ok,-0.3496465307670464,0.1435528899163486,0.46928509154212156,0.7852343172435828,2021-2025,2022
same_uf,1000,AL,income_pc,W,58,ok,0.16799639050643222,0.20747023937476658,-0.09439546387770865,0.4085634696723243,0.14294503060690888,0.2844179338974272,13,2000,20260919,2000,ok,-0.2027632622311121,0.41236123380373163,0.4668080385932248,0.5688358677948544,2021-2025,2022
same_uf,1000,AL,illiteracy_15plus,hypertension,58,ok,-0.18685345617717403,0.1601819650908784,-0.4246539622743228,0.07506522610593337,-0.15420345135193333,0.24778658025919975,13,2000,20260919,2000,ok,-0.40608935694661197,0.16526050582636317,0.3982263316787723,0.5277413774203461,2021-2025,2022
same_uf,1000,AL,illiteracy_15plus,hemorrhage,58,ok,0.31364921518955874,0.01650629680189553,0.060233187882797815,0.5290818146303621,0.2407640960964656,0.0686718488496642,13,2000,20260919,2000,ok,-0.026507355057956764,0.5182713769568292,0.09488627724850492,0.343359244248321,2021-2025,2022
same_uf,1000,AL,illiteracy_15plus,W,58,ok,-0.10846979138544684,0.41765633039319106,-0.3567698425426565,0.15414470007283634,-0.13543941677689256,0.3107248132537062,13,2000,20260919,2000,ok,-0.44776662246421733,0.27877722994986337,0.6371028768709693,0.5826090248506991,2021-2025,2022
same_uf,1000,AL,sewer_septic,hypertension,58,ok,-0.15412740121251858,0.24802270402948262,-0.3966330339350868,0.10848730271252417,-0.2010212556522809,0.13025470138705963,13,2000,20260919,2000,ok,-0.5132450591454385,0.13115324876952125,0.46928509154212156,0.42557144045063217,2021-2025,2022
same_uf,1000,AL,sewer_septic,hemorrhage,58,ok,-0.35105836178698,0.006893113987474505,-0.5586935428496917,-0.10201278957031476,-0.3203112984096712,0.014234992746820328,13,2000,20260919,2000,ok,-0.545597021033289,-0.09381446446966105,0.047721558374823496,0.1601436684017287,2021-2025,2022
same_uf,1000,AL,sewer_septic,W,58,ok,-0.19658722865099643,0.139127551045319,-0.43290129294946533,0.06500957995973525,-0.19333107754775603,0.14592627867319427,13,2000,20260919,2000,ok,-0.5453838709370692,0.1017525206392661,0.38984467162010505,0.42557144045063217,2021-2025,2022
same_uf,1000,BA,income_pc,hypertension,182,ok,0.0553580716046234,0.45793885964787395,-0.09082884253478517,0.1992095563495503,0.07602337144140588,0.3077180591774989,32,2000,20260919,2000,ok,-0.11636423839470537,0.19456232695135042,0.6733223969166987,0.5826090248506991,2021-2025,2022
same_uf,1000,BA,income_pc,hemorrhage,182,ok,-0.023431246088318522,0.7535438504013892,-0.16831314812833892,0.12244160768668867,-0.0066326639791304464,0.9291899965461441,32,2000,20260919,2000,ok,-0.10512408049138901,0.09629974165927352,0.8736503082314754,0.950307951013102,2021-2025,2022
same_uf,1000,BA,income_pc,W,182,ok,0.048958680290252944,0.5116107079900941,-0.09718898043717719,0.1930395333195644,0.10724467904578724,0.1495844935497098,32,2000,20260919,2000,ok,-0.08799598470806948,0.19483024565256196,0.6977213665575475,0.42557144045063217,2021-2025,2022
same_uf,1000,BA,illiteracy_15plus,hypertension,182,ok,-0.025414630256287173,0.7334387391195918,-0.17024084879510348,0.12048631910282505,0.027004390751908382,0.7174528477046148,32,2000,20260919,2000,ok,-0.19303808663221605,0.16806940692672845,0.8736503082314754,0.8173513454862701,2021-2025,2022
same_uf,1000,BA,illiteracy_15plus,hemorrhage,182,ok,-0.02355253042309718,0.752309492898188,-0.16843105922490798,0.12232207389862772,-0.15637200233499943,0.035028880017141356,32,2000,20260919,2000,ok,-0.14766769572134925,0.04200194833817267,0.8736503082314754,0.21017328010284814,2021-2025,2022
same_uf,1000,BA,illiteracy_15plus,W,182,ok,-0.09073000630007201,0.2231877482343295,-0.23310916969276016,0.055457423156865866,-0.08531783059281801,0.25214310254527644,32,2000,20260919,2000,ok,-0.23624039239468797,0.04157252017643421,0.46928509154212156,0.5277413774203461,2021-2025,2022
same_uf,1000,BA,sewer_septic,hypertension,182,ok,0.12808718947563918,0.08485415291461922,-0.01769809123400006,0.26853957836709197,0.11135020219342293,0.1345223461137007,32,2000,20260919,2000,ok,-0.07876379450996834,0.29035284981590276,0.2727454915112761,0.42557144045063217,2021-2025,2022
same_uf,1000,BA,sewer_septic,hemorrhage,182,ok,0.017697867878335556,0.8125552856788923,-0.12808740923568396,0.16273449581176935,0.04422205081071165,0.5533366135466535,32,2000,20260919,2000,ok,-0.05614649507393739,0.115214094027635,0.8998476800361651,0.7852343172435828,2021-2025,2022
same_uf,1000,BA,sewer_septic,W,182,ok,0.1252508065575497,0.09204172055221425,-0.020579670324098256,0.26586275371491874,0.1610450956524682,0.02986739551466563,32,2000,20260919,2000,ok,-0.009429918080778624,0.2839962201355269,0.27612516165664275,0.20677427663999284,2021-2025,2022
same_uf,1000,CE,income_pc,hypertension,118,ok,0.13351440537694703,0.14948293793363793,-0.048413358873297486,0.3068678214005701,0.019848878273604095,0.8310619608666537,32,2000,20260919,2000,ok,-0.15434312601014874,0.26200709245705395,0.38984467162010505,0.8951589975396534,2021-2025,2022
same_uf,1000,CE,income_pc,hemorrhage,118,ok,-0.018539128682805994,0.8420595218914355,-0.19863284330026718,0.16276567609722267,0.05937133653983106,0.5230597433588111,32,2000,20260919,2000,ok,-0.08043051335231996,0.14892556700531656,0.8998476800361651,0.7839139814146625,2021-2025,2022
same_uf,1000,CE,income_pc,W,118,ok,0.12060416211305347,0.1932911942392015,-0.06149582451323023,0.294933863619652,0.029081254405282326,0.7545795955311052,32,2000,20260919,2000,ok,-0.10877094176456259,0.25246366077123816,0.44605660209046494,0.8489020449724933,2021-2025,2022
same_uf,1000,CE,illiteracy_15plus,hypertension,118,ok,-0.2555861246277716,0.0052161374221422535,-0.41707671152310144,-0.07845117913137734,-0.16926936870588893,0.06689056053775268,32,2000,20260919,2000,ok,-0.43158399532427455,0.0003089235766120812,0.039121030666066904,0.343359244248321,2021-2025,2022
same_uf,1000,CE,illiteracy_15plus,hemorrhage,118,ok,-0.0288773683028412,0.7562461626889688,-0.2085481346833205,0.15267895091863362,-0.06314413223424065,0.4969494333547569,32,2000,20260919,2000,ok,-0.16807205650999174,0.09768262237993332,0.8736503082314754,0.7580584576597986,2021-2025,2022
same_uf,1000,CE,illiteracy_15plus,W,118,ok,-0.26014436884559,0.004441651410112911,-0.4211020229962302,-0.08330217371315374,-0.2041830705080486,0.026568164416217746,32,2000,20260919,2000,ok,-0.4240731537859806,-0.06938544114600877,0.03846218265088973,0.1992612331216331,2021-2025,2022
same_uf,1000,CE,sewer_septic,hypertension,118,ok,0.06808141922921178,0.463844317875948,-0.11408186990653216,0.24581568183900526,0.052103761974150814,0.57524245855138,32,2000,20260919,2000,ok,-0.18174885903686447,0.2532478875185327,0.6733223969166987,0.7852343172435828,2021-2025,2022
same_uf,1000,CE,sewer_septic,hemorrhage,118,ok,0.0058263465485494685,0.9500714033931877,-0.17511743860604995,0.18638940474924576,0.132207772287533,0.15354282969387104,32,2000,20260919,2000,ok,-0.06458343850191203,0.2232634768325081,0.9607463629818753,0.42557144045063217,2021-2025,2022
same_uf,1000,CE,sewer_septic,W,118,ok,0.07187351645163698,0.439264366059456,-0.11031908552471181,0.24939280960112398,0.07830355088580412,0.3993209219805605,32,2000,20260919,2000,ok,-0.13571065443862002,0.23490769536154865,0.658896549089184,0.65343423596819,2021-2025,2022
same_uf,1000,MA,income_pc,hypertension,117,ok,0.18854321134118046,0.041769728416852045,0.007258680204568102,0.35782884421617045,0.12905932952689234,0.16550000461969028,21,2000,20260919,2000,ok,-0.1302996033009757,0.4205700666085472,0.18849740458997613,0.42557144045063217,2021-2025,2022
same_uf,1000,MA,income_pc,hemorrhage,117,ok,0.0830625840470164,0.37327656171873924,-0.09997791532856914,0.2606650925594179,0.16378406013220115,0.07764610556656462,21,2000,20260919,2000,ok,-0.0849099063242465,0.3345771191596455,0.5999087599051166,0.3494074750495408,2021-2025,2022
same_uf,1000,MA,income_pc,W,117,ok,0.21242343204900158,0.021485152776066555,0.03212942993171789,0.3793287823629701,0.13865036191161262,0.1360031076080765,21,2000,20260919,2000,ok,-0.15237501082466956,0.4203174144143639,0.11374492646152881,0.42557144045063217,2021-2025,2022
same_uf,1000,MA,illiteracy_15plus,hypertension,117,ok,-0.27963889510012857,0.0022623380706445844,-0.43889209013550606,-0.10335247442485791,-0.28655189854649155,0.0017349504461181254,21,2000,20260919,2000,ok,-0.4547901885645242,-0.0676841308194814,0.027861098671319886,0.031229108030126258,2021-2025,2022
same_uf,1000,MA,illiteracy_15plus,hemorrhage,117,ok,-0.18758111916933176,0.042843761012759315,-0.3569588718094795,-0.006261359366771252,-0.23495711788469228,0.010773355860364407,21,2000,20260919,2000,ok,-0.3583836618453804,-0.0843112257270936,0.18849740458997613,0.13851457534754238,2021-2025,2022
same_uf,1000,MA,illiteracy_15plus,W,117,ok,-0.3078569561412385,0.0007338082458756601,-0.4634873854084983,-0.13380164762448518,-0.2966524923685656,0.001163142683790877,21,2000,20260919,2000,ok,-0.4620117592803335,-0.06235640453861513,0.0110071236881349,0.031229108030126258,2021-2025,2022
same_uf,1000,MA,sewer_septic,hypertension,117,ok,-0.008868790447719741,0.9243922533450505,-0.1900957131539766,0.1729426159428251,-0.09050787513674714,0.3318098572364106,21,2000,20260919,2000,ok,-0.3601876579171675,0.26514723254088346,0.9460503917259626,0.5874154473372197,2021-2025,2022
same_uf,1000,MA,sewer_septic,hemorrhage,117,ok,-0.05880595169406599,0.5288257125108712,-0.23780035339359598,0.124051295683656,-0.04685860761377442,0.6158875998808246,21,2000,20260919,2000,ok,-0.2215416554084826,0.1654122893428967,0.6986415770599239,0.7852343172435828,2021-2025,2022
same_uf,1000,MA,sewer_septic,W,117,ok,0.07884573280394577,0.398107025564318,-0.1041783550379505,0.25670446861140367,-0.04356426740997167,0.6409422336022339,21,2000,20260919,2000,ok,-0.2861884193292993,0.3239857327029438,0.6285900403647127,0.7852343172435828,2021-2025,2022
same_uf,1000,PB,income_pc,hypertension,46,ok,0.031085936956743308,0.8375078573243723,-0.26157258698668256,0.31850969013180236,-0.24181313598519888,0.10543638453382154,21,2000,20260919,2000,ok,-0.5154529571266343,0.25871530680206706,0.8998476800361651,0.42557144045063217,2021-2025,2022
same_uf,1000,PB,income_pc,hemorrhage,46,ok,0.09513986807499802,0.5293876942246958,-0.20070132949344044,0.37507864593677237,-0.010545790934320074,0.944545067037119,21,2000,20260919,2000,ok,-0.4406195982068336,0.29022642656242453,0.6986415770599239,0.9551579329588844,2021-2025,2022
same_uf,1000,PB,income_pc,W,46,ok,0.06965480985169334,0.6455305865467066,-0.22519686230542377,0.3528186301166507,-0.21011409189022506,0.1610508006156138,21,2000,20260919,2000,ok,-0.5145461462597994,0.3099560714006337,0.7958596272493643,0.42557144045063217,2021-2025,2022
same_uf,1000,PB,illiteracy_15plus,hypertension,46,ok,-0.15387462821673056,0.3072525513329265,-0.42518008879115243,0.1428023248307874,-0.07258711069996915,0.6316581219886763,21,2000,20260919,2000,ok,-0.39813069701708453,0.23391593443695688,0.533043355174185,0.7852343172435828,2021-2025,2022
same_uf,1000,PB,illiteracy_15plus,hemorrhage,46,ok,0.002994223551623527,0.9842436362938574,-0.2875537672240708,0.29303755434087925,0.10823311748381129,0.4740048967710276,21,2000,20260919,2000,ok,-0.2576259050483346,0.4335709871222105,0.9842436362938574,0.7355248398171118,2021-2025,2022
same_uf,1000,PB,illiteracy_15plus,W,46,ok,-0.1748433694220392,0.24515868240307945,-0.4426728078393883,0.12162811496486062,-0.08862164662349675,0.5580946122052728,21,2000,20260919,2000,ok,-0.42668310522001446,0.2480631794822404,0.46928509154212156,0.7852343172435828,2021-2025,2022
same_uf,1000,PB,sewer_septic,hypertension,46,ok,-0.16842787491119995,0.26317764110907477,-0.43734237718723895,0.1281352503197438,-0.17607153869873574,0.2418068889480708,21,2000,20260919,2000,ok,-0.5067329277938933,0.1902822911014171,0.48338750407789244,0.5277413774203461,2021-2025,2022
same_uf,1000,PB,sewer_septic,hemorrhage,46,ok,-0.14948044640836958,0.3214367662904556,-0.42148846989338196,0.14720541183137145,-0.20863398088189944,0.16408931110541963,21,2000,20260919,2000,ok,-0.4690197655307052,0.1728092650928981,0.5458360182290756,0.42557144045063217,2021-2025,2022
same_uf,1000,PB,sewer_septic,W,46,ok,-0.17486445252148042,0.24510088045842157,-0.44269029396696313,0.12160668861427697,-0.17483811285846437,0.24517309536505044,21,2000,20260919,2000,ok,-0.5086550501256554,0.18441442619037401,0.46928509154212156,0.5277413774203461,2021-2025,2022
same_uf,1000,PE,income_pc,hypertension,119,ok,0.15573381411680418,0.09078741327515077,-0.024961437692595862,0.3265750095481036,0.12394245833926791,0.17928307657149775,18,2000,20260919,2000,ok,-0.1007958061854776,0.3221012730434594,0.27612516165664275,0.4482076914287444,2021-2025,2022
same_uf,1000,PE,income_pc,hemorrhage,119,ok,0.06476830928579375,0.48404198075513155,-0.11658640379744095,0.24194328068338414,0.08953528534199101,0.3328687534910912,18,2000,20260919,2000,ok,-0.1247577417953668,0.24991885912282988,0.6914885439359022,0.5874154473372197,2021-2025,2022
same_uf,1000,PE,income_pc,W,119,ok,0.2608836768374416,0.0041613419626948325,0.08487361569174233,0.42110501732739114,0.2166041457846792,0.017976897411536023,18,2000,20260919,2000,ok,-0.022121644736311626,0.42896604922747344,0.03846218265088973,0.17976897411536022,2021-2025,2022
same_uf,1000,PE,illiteracy_15plus,hypertension,119,ok,-0.23051360667264714,0.011664757992233916,-0.39415509870313814,-0.0527048583050381,-0.16471032283913994,0.07344444879148093,18,2000,20260919,2000,ok,-0.4742576001504714,0.1290516238993687,0.07498772995007517,0.3478947574333307,2021-2025,2022
same_uf,1000,PE,illiteracy_15plus,hemorrhage,119,ok,0.05578859629007881,0.5467564731997562,-0.12546685200139787,0.2334400099202746,0.057948101660304605,0.5313194762921601,18,2000,20260919,2000,ok,-0.18542200920779703,0.24575333288844414,0.7029726083996866,0.7839139814146625,2021-2025,2022
same_uf,1000,PE,illiteracy_15plus,W,119,ok,-0.3332475036494189,0.00021275652592935026,-0.4841992929455009,-0.16303105863063813,-0.24431878876945065,0.007411205446115577,18,2000,20260919,2000,ok,-0.581441685547635,0.0836100649664407,0.003829617466728305,0.11116808169173366,2021-2025,2022
same_uf,1000,PE,sewer_septic,hypertension,119,ok,-0.1721593910865696,0.0611764135160065,-0.3415703820064781,0.008086748391951502,-0.13958837772397095,0.1300056789646956,18,2000,20260919,2000,ok,-0.3882231305499621,0.08479744193629489,0.2294115506850244,0.42557144045063217,2021-2025,2022
same_uf,1000,PE,sewer_septic,hemorrhage,119,ok,0.18500213480579542,0.0439827277376611,0.005179046856045198,0.3532351088198329,0.13683284729059575,0.13783450204578745,18,2000,20260919,2000,ok,-0.09959279797581155,0.35945126368721825,0.18849740458997613,0.42557144045063217,2021-2025,2022
same_uf,1000,PE,sewer_septic,W,119,ok,-0.10633259420616974,0.2497427516162087,-0.28095091206435385,0.07510032847123871,-0.04258304120331704,0.6456371052891681,18,2000,20260919,2000,ok,-0.34376606365662293,0.16057628379612707,0.46928509154212156,0.7852343172435828,2021-2025,2022
same_uf,1000,PI,income_pc,hypertension,37,ok,-0.13916269866392422,0.41139106378847345,-0.44319732214193347,0.19358531844054985,-0.1571834992887624,0.35284401288625394,13,2000,20260919,2000,ok,-0.4886020519860904,0.18020692651698605,0.6371028768709693,0.6019354582396864,2021-2025,2022
same_uf,1000,PI,income_pc,hemorrhage,37,ok,0.24050714155004604,0.1516062611855964,-0.09056985856441258,0.5237137101382751,-0.07467994310099572,0.6604562522795064,13,2000,20260919,2000,ok,-0.1704009457972268,0.531454710736658,0.38984467162010505,0.7925475027354077,2021-2025,2022
same_uf,1000,PI,income_pc,W,37,ok,0.05260370455501212,0.7571636004672787,-0.2761216710224935,0.3703108960252548,-0.04148885727833096,0.8073780727520653,13,2000,20260919,2000,ok,-0.3260415660339291,0.4219127018917621,0.8736503082314754,0.8861466652156815,2021-2025,2022
same_uf,1000,PI,illiteracy_15plus,hypertension,37,ok,0.04544312031309776,0.7894151110305286,-0.28273904442561126,0.3641009324698381,0.06306306306306306,0.7107857192707092,13,2000,20260919,2000,ok,-0.2970203631824755,0.43426171853675855,0.88959251024064,0.8173513454862701,2021-2025,2022
same_uf,1000,PI,illiteracy_15plus,hemorrhage,37,ok,-0.09550655812813148,0.5739169370700048,-0.4069326379733076,0.23580978949346668,0.2119487908961593,0.20790384343848628,13,2000,20260919,2000,ok,-0.4241758981284363,0.428097823320391,0.7275003427647949,0.4797781002426606,2021-2025,2022
same_uf,1000,PI,illiteracy_15plus,W,37,ok,-0.03238705830754416,0.849081172623082,-0.35270475913185195,0.29472478236687966,0.028212422949265053,0.868351940346161,13,2000,20260919,2000,ok,-0.423023458268398,0.3952653432221619,0.8998476800361651,0.9087404026878431,2021-2025,2022
same_uf,1000,PI,sewer_septic,hypertension,37,ok,0.32050679245551456,0.05311105798543304,-0.003919211067425418,0.5838887680976641,0.23684210526315785,0.15813249482069128,13,2000,20260919,2000,ok,-0.0796812554669108,0.6512332939214198,0.20782587907343364,0.42557144045063217,2021-2025,2022
same_uf,1000,PI,sewer_septic,hemorrhage,37,ok,0.33510487919161663,0.042617053196440255,0.012436215432040714,0.5945657203140624,0.28473210052157416,0.08762316209163512,13,2000,20260919,2000,ok,-0.013489747134524957,0.6292962692702547,0.18849740458997613,0.37552783753557906,2021-2025,2022
same_uf,1000,PI,sewer_septic,W,37,ok,0.4546266948994566,0.004700933435108745,0.15317096220642396,0.6786720758330886,0.3667614983404457,0.02556203493004624,13,2000,20260919,2000,ok,0.15933370681469156,0.7093257972321225,0.03846218265088973,0.1992612331216331,2021-2025,2022
same_uf,1000,RN,income_pc,hypertension,35,ok,-0.11577661834549859,0.507778231486834,-0.43234245788353887,0.2261970984054968,-0.17787114845938376,0.30665598915063463,16,2000,20260919,2000,ok,-0.4072497714486231,0.0641105391668788,0.6977213665575475,0.5826090248506991,2021-2025,2022
same_uf,1000,RN,income_pc,hemorrhage,35,ok,-0.16965586050209475,0.32989103604387354,-0.47599118244657923,0.17339389442218867,-0.08543417366946779,0.6255688611826931,16,2000,20260919,2000,ok,-0.43261334456135964,0.11989110468583812,0.5498183934064559,0.7852343172435828,2021-2025,2022
same_uf,1000,RN,income_pc,W,35,ok,-0.10833020848525582,0.535625209079275,-0.42619097432617653,0.23334006833095564,-0.16134453781512606,0.3544731031855931,16,2000,20260919,2000,ok,-0.4235009968473363,0.09151137505400746,0.6986415770599239,0.6019354582396864,2021-2025,2022
same_uf,1000,RN,illiteracy_15plus,hypertension,35,ok,-0.177392510363418,0.3079806052117513,-0.4821372959954784,0.16564628755361416,-0.14145658263305325,0.41761639113818655,16,2000,20260919,2000,ok,-0.4178064728973991,0.21833757199913206,0.533043355174185,0.6608659859210115,2021-2025,2022
same_uf,1000,RN,illiteracy_15plus,hemorrhage,35,ok,0.04651540106825275,0.79074889799168,-0.2912457723654742,0.37396507681961916,-0.017647058823529415,0.9198540900428974,16,2000,20260919,2000,ok,-0.30473763900193146,0.3900518139264926,0.88959251024064,0.950307951013102,2021-2025,2022
same_uf,1000,RN,illiteracy_15plus,W,35,ok,-0.18602679259724603,0.28463981700776414,-0.488961266109005,0.15694948795565974,-0.19551820728291314,0.26033543838101847,16,2000,20260919,2000,ok,-0.43957847093798547,0.21185704782333253,0.5123516706139755,0.5325043057793559,2021-2025,2022
same_uf,1000,RN,sewer_septic,hypertension,35,ok,0.2406703704408828,0.16371526969016195,-0.10064843739733048,0.5313048971531095,0.14117647058823532,0.41854845774997396,16,2000,20260919,2000,ok,-0.09529952384853904,0.5010782195415191,0.3982263316787723,0.6608659859210115,2021-2025,2022
same_uf,1000,RN,sewer_septic,hemorrhage,35,ok,-0.03319462753296305,0.8498561422563782,-0.3624319516835459,0.3034082171853914,-0.036414565826330535,0.83548173103701,16,2000,20260919,2000,ok,-0.34694384563187347,0.2742398900692385,0.8998476800361651,0.8951589975396534,2021-2025,2022
same_uf,1000,RN,sewer_septic,W,35,ok,0.2113870586183482,0.22284509079724596,-0.1310942932321577,0.5087922391957294,0.09159663865546218,0.600754906697184,16,2000,20260919,2000,ok,-0.13393682876167295,0.48494961328986497,0.46928509154212156,0.7852343172435828,2021-2025,2022
same_uf,1000,SE,income_pc,hypertension,34,ok,-0.09607348737020445,0.5888529844989572,-0.4205752185863623,0.25022159924973464,-0.15905271199388846,0.36893113203576,12,2000,20260919,2000,ok,-0.4671851377321685,0.1605020139148696,0.7360662306236965,0.6148852200596,2021-2025,2022
same_uf,1000,SE,income_pc,hemorrhage,34,ok,0.4071046358951589,0.01686867151084532,0.07994485191631359,0.6550854856428625,-0.0035141329258976317,0.9842632861994672,12,2000,20260919,2000,ok,-0.4473079402370132,0.733980986693778,0.09488627724850492,0.9842632861994672,2021-2025,2022
same_uf,1000,SE,income_pc,W,34,ok,0.3371306679156068,0.051203550470340434,-0.0011682130818085996,0.6061873534775332,-0.09457601222307105,0.5947010945997386,12,2000,20260919,2000,ok,-0.5534627206925223,0.603810149111755,0.20782587907343364,0.7852343172435828,2021-2025,2022
same_uf,1000,SE,illiteracy_15plus,hypertension,34,ok,-0.026319839670689016,0.8825363654656994,-0.3612700650631607,0.3146463574981428,-0.06554621848739495,0.7126514010831749,12,2000,20260919,2000,ok,-0.52091485712845,0.37644362301546264,0.9235845685106157,0.8173513454862701,2021-2025,2022
same_uf,1000,SE,illiteracy_15plus,hemorrhage,34,ok,-0.726639273329371,1.139908667547038e-06,-0.8547676398842534,-0.5150287444365714,-0.5190221543162719,0.001659843603837355,12,2000,20260919,2000,ok,-0.8741786906899922,-0.09016339788233853,0.00010259178007923343,0.031229108030126258,2021-2025,2022
same_uf,1000,SE,illiteracy_15plus,W,34,ok,-0.6652724130196896,1.765712699873003e-05,-0.8191516679603008,-0.42205810120466924,-0.38762414056531697,0.023509587275308667,12,2000,20260919,2000,ok,-0.8525089378687438,0.04952258103461536,0.000529713809961901,0.1992612331216331,2021-2025,2022
same_uf,1000,SE,sewer_septic,hypertension,34,ok,0.1165202061816269,0.5116623354755349,-0.2307372634428954,0.4374490394933493,0.09549274255156609,0.5911179736909007,12,2000,20260919,2000,ok,-0.21217201713136213,0.33724767084381063,0.6977213665575475,0.7852343172435828,2021-2025,2022
same_uf,1000,SE,sewer_septic,hemorrhage,34,ok,0.25439229280880143,0.14653627193896554,-0.09165848628197648,0.5456200706042399,0.048128342245989296,0.786934313330741,12,2000,20260919,2000,ok,-0.3311264007885559,0.5822176025433806,0.38984467162010505,0.8743714592563789,2021-2025,2022
same_uf,1000,SE,sewer_septic,W,34,ok,0.23530100729417514,0.18037298585466421,-0.11175730025562466,0.5311988269026925,0.08601986249045072,0.6285883000948508,12,2000,20260919,2000,ok,-0.3431526196286372,0.5867663658806691,0.4271991770242047,0.7852343172435828,2021-2025,2022
