municipality,name,income_pc,illiteracy_10plus,sewer_septic,uf,microregion,microregion_name,admissions,deaths,outside_admissions,hypertension,hemorrhage,W,care,hypertension_per_1000,hemorrhage_per_1000,W_per_1000
210005,Açailândia - MA,423.91,16.0,13.051229806432834,MA,21009,Imperatriz,8099,0,26,58,18,104,any_uf,7.161377947894802,2.2224966045190766,12.841091492776886
210010,Afonso Cunha - MA,149.52,30.5,2.609363008442057,MA,21016,Coelho Neto,397,1,8,3,3,6,any_uf,7.5566750629722925,7.5566750629722925,15.113350125944585
210015,Água Doce do Maranhão - MA,171.24,33.599999999999994,1.502932551319648,MA,21013,Baixo Parnaíba Maranhense,541,0,412,9,6,16,any_uf,16.635859519408502,11.090573012939002,29.57486136783734
210020,Alcântara - MA,206.57,20.599999999999994,6.585446163977609,MA,21001,Litoral Ocidental Maranhense,810,0,11,5,0,11,any_uf,6.172839506172839,0.0,13.580246913580247
210030,Aldeias Altas - MA,172.13,35.099999999999994,8.88351192533702,MA,21016,Coelho Neto,2092,0,13,33,58,97,any_uf,15.774378585086042,27.724665391969406,46.367112810707454
210040,Altamira do Maranhão - MA,159.62,30.200000000000003,4.212523719165086,MA,21008,Pindaré,164,0,0,2,0,2,any_uf,12.195121951219512,0.0,12.195121951219512
210043,Alto Alegre do Maranhão - MA,169.94,26.40000000000001,21.371174559753804,MA,21015,Codó,1505,0,9,8,153,165,any_uf,5.3156146179401995,101.66112956810632,109.63455149501661
210047,Alto Alegre do Pindaré - MA,138.74,28.099999999999994,9.529702970297029,MA,21008,Pindaré,2378,0,7,8,5,17,any_uf,3.36417157275021,2.1026072329688814,7.1488645920941964
210050,Alto Parnaíba - MA,549.49,19.3,2.465857359635812,MA,21020,Gerais de Balsas,611,0,2,2,2,10,any_uf,3.2733224222585924,3.2733224222585924,16.366612111292962
210055,Amapá do Maranhão - MA,180.93,30.5,29.474384564204925,MA,21007,Gurupi,377,0,0,7,1,8,any_uf,18.56763925729443,2.6525198938992043,21.220159151193634
210060,Amarante do Maranhão - MA,230.13,25.8,4.124715816823644,MA,21009,Imperatriz,3530,0,5,34,8,43,any_uf,9.63172804532578,2.26628895184136,12.181303116147308
210070,Anajatuba - MA,204.0,24.599999999999994,11.047765793528503,MA,21005,Baixada Maranhense,1191,1,0,3,27,33,any_uf,2.5188916876574305,22.670025188916878,27.707808564231737
210080,Anapurus - MA,183.85,28.0,4.930847865303668,MA,21014,Chapadinha,1493,1,5,6,0,10,any_uf,4.018754186202277,0.0,6.697923643670462
210083,Apicum-Açu - MA,210.96,17.0,0.7964601769911505,MA,21001,Litoral Ocidental Maranhense,490,0,0,13,0,20,any_uf,26.53061224489796,0.0,40.816326530612244
210087,Araguanã - MA,160.05,25.40000000000001,14.862204724409448,MA,21008,Pindaré,229,0,3,1,0,5,any_uf,4.366812227074236,0.0,21.83406113537118
210090,Araioses - MA,169.2,30.700000000000003,15.383864988781582,MA,21013,Baixo Parnaíba Maranhense,2904,1,1657,40,21,81,any_uf,13.774104683195592,7.231404958677686,27.892561983471076
210095,Arame - MA,204.74,30.200000000000003,13.436282291817,MA,21011,Alto Mearim e Grajaú,2679,0,8,0,1,2,any_uf,0.0,0.3732736095558044,0.7465472191116088
210100,Arari - MA,286.29,20.40000000000001,50.194945848375454,MA,21005,Baixada Maranhense,2010,0,1,5,0,15,any_uf,2.487562189054726,0.0,7.462686567164179
210110,Axixá - MA,217.02,14.700000000000005,33.51669941060904,MA,21003,Rosário,509,0,0,3,2,5,any_uf,5.893909626719057,3.9292730844793713,9.82318271119843
210120,Bacabal - MA,372.72,19.599999999999994,31.113312504762632,MA,21010,Médio Mearim,9198,1,22,148,54,292,any_uf,16.090454446618832,5.870841487279844,31.746031746031747
210125,Bacabeira - MA,249.83,16.599999999999994,31.227782335247472,MA,21003,Rosário,545,0,0,4,9,15,any_uf,7.339449541284404,16.513761467889907,27.522935779816514
210130,Bacuri - MA,230.0,21.099999999999994,13.51543942992874,MA,21001,Litoral Ocidental Maranhense,873,1,1,12,0,14,any_uf,13.745704467353951,0.0,16.036655211912944
210135,Bacurituba - MA,151.55,21.700000000000003,0.572655690765927,MA,21001,Litoral Ocidental Maranhense,161,0,0,0,0,0,any_uf,0.0,0.0,0.0
210140,Balsas - MA,523.37,11.700000000000005,18.43304977205433,MA,21020,Gerais de Balsas,7917,1,35,103,30,137,any_uf,13.009978527219907,3.7893141341417205,17.304534545913857
210150,Barão de Grajaú - MA,287.98,20.599999999999994,5.099449851883199,MA,21018,Chapadas do Alto Itapecuru,1307,1,1102,21,3,39,any_uf,16.067329762815607,2.295332823259373,29.839326702371842
210160,Barra do Corda - MA,295.01,25.0,14.117320759950076,MA,21011,Alto Mearim e Grajaú,7276,0,30,10,4,18,any_uf,1.3743815283122596,0.5497526113249038,2.473886750962067
210170,Barreirinhas - MA,193.23,23.099999999999994,16.53342124783648,MA,21004,Lençóis Maranhenses,3963,0,5,5,8,30,any_uf,1.2616704516780217,2.0186727226848347,7.57002271006813
210173,Belágua - MA,106.29,36.6,3.7154150197628457,MA,21014,Chapadinha,319,1,1,0,0,0,any_uf,0.0,0.0,0.0
210177,Bela Vista do Maranhão - MA,196.65,27.099999999999994,6.648757555406313,MA,21005,Baixada Maranhense,599,0,0,0,0,0,any_uf,0.0,0.0,0.0
210180,Benedito Leite - MA,211.79,26.700000000000003,34.178999295278366,MA,21021,Chapadas das Mangabeiras,318,0,275,9,0,9,any_uf,28.30188679245283,0.0,28.30188679245283
210190,Bequimão - MA,188.5,22.0,5.233280113535568,MA,21001,Litoral Ocidental Maranhense,1163,0,1,14,7,25,any_uf,12.037833190025795,6.0189165950128976,21.496130696474633
210193,Bernardo do Mearim - MA,233.89,24.5,27.87433155080214,MA,21010,Médio Mearim,229,1,3,3,0,5,any_uf,13.100436681222707,0.0,21.83406113537118
210197,Boa Vista do Gurupi - MA,195.23,20.8,4.678040726472207,MA,21007,Gurupi,639,0,23,1,1,2,any_uf,1.5649452269170578,1.5649452269170578,3.1298904538341157
210200,Bom Jardim - MA,193.78,28.8,3.9407839866555454,MA,21008,Pindaré,3123,0,1,6,3,40,any_uf,1.9212295869356388,0.9606147934678194,12.808197246237592
210203,Bom Jesus das Selvas - MA,204.57,25.40000000000001,22.656755009696187,MA,21008,Pindaré,1685,1,2,11,6,19,any_uf,6.528189910979228,3.5608308605341246,11.275964391691394
210207,Bom Lugar - MA,161.23,28.90000000000001,1.7897727272727273,MA,21010,Médio Mearim,713,0,5,10,6,23,any_uf,14.025245441795231,8.415147265077138,32.25806451612903
210210,Brejo - MA,196.0,27.5,19.145449962188053,MA,21014,Chapadinha,3345,2,21,5,1,13,any_uf,1.4947683109118086,0.29895366218236175,3.8863976083707024
210215,Brejo de Areia - MA,180.63,30.5,0.3139717425431711,MA,21008,Pindaré,447,1,4,9,1,11,any_uf,20.13422818791946,2.237136465324385,24.60850111856823
210220,Buriti - MA,151.73,27.700000000000003,5.670358736981319,MA,21014,Chapadinha,2714,2,91,22,39,71,any_uf,8.106116433308769,14.369933677229183,26.160648489314664
210230,Buriti Bravo - MA,225.12,27.200000000000003,6.533543527763181,MA,21017,Caxias,1691,0,28,19,2,25,any_uf,11.235955056179776,1.1827321111768185,14.78415138971023
210232,Buriticupu - MA,209.85,24.599999999999994,6.738796500367328,MA,21008,Pindaré,7189,1,19,40,7,52,any_uf,5.56405619696759,0.9737098344693281,7.233273056057866
210235,Buritirana - MA,228.84,25.40000000000001,4.397350993377484,MA,21009,Imperatriz,666,0,5,7,3,10,any_uf,10.51051051051051,4.504504504504505,15.015015015015015
210237,Cachoeira Grande - MA,109.4,27.8,2.542372881355932,MA,21003,Rosário,321,0,0,2,0,5,any_uf,6.230529595015576,0.0,15.576323987538942
210240,Cajapió - MA,139.85,24.5,31.274131274131275,MA,21001,Litoral Ocidental Maranhense,448,0,0,1,0,2,any_uf,2.232142857142857,0.0,4.464285714285714
210250,Cajari - MA,131.18,20.700000000000003,4.294336118848654,MA,21005,Baixada Maranhense,668,0,0,0,1,2,any_uf,0.0,1.4970059880239521,2.9940119760479043
210255,Campestre do Maranhão - MA,349.83,18.90000000000001,2.046617396247868,MA,21019,Porto Franco,1090,0,1,24,28,55,any_uf,22.01834862385321,25.68807339449541,50.45871559633027
210260,Cândido Mendes - MA,202.93,20.599999999999994,18.869731800766285,MA,21007,Gurupi,883,0,2,1,36,37,any_uf,1.1325028312570782,40.770101925254814,41.90260475651189
210270,Cantanhede - MA,172.6,26.599999999999994,34.22448546573308,MA,21006,Itapecuru Mirim,906,0,0,2,1,66,any_uf,2.207505518763797,1.1037527593818985,72.8476821192053
210275,Capinzal do Norte - MA,194.79,29.40000000000001,9.0625,MA,21015,Codó,633,0,1,3,4,11,any_uf,4.739336492890995,6.3191153238546605,17.377567140600316
210280,Carolina - MA,323.2,13.700000000000005,30.03657179201781,MA,21019,Porto Franco,1569,0,375,19,12,34,any_uf,12.109623964308478,7.648183556405353,21.66985340981517
210290,Carutapera - MA,219.0,17.599999999999994,20.33596837944664,MA,21007,Gurupi,773,0,5,0,2,2,any_uf,0.0,2.5873221216041395,2.5873221216041395
210300,Caxias - MA,319.79,23.8,26.843481509152035,MA,21017,Caxias,14834,0,334,261,551,876,any_uf,17.594714844276663,37.14439800458406,59.05352568423891
210310,Cedral - MA,200.77,15.799999999999995,1.7327685791297651,MA,21001,Litoral Ocidental Maranhense,719,0,3,2,0,4,any_uf,2.7816411682892905,0.0,5.563282336578581
210312,Central do Maranhão - MA,182.32,24.099999999999994,7.175341081354219,MA,21001,Litoral Ocidental Maranhense,515,0,2,5,1,15,any_uf,9.70873786407767,1.941747572815534,29.12621359223301
210315,Centro do Guilherme - MA,186.51,27.0,6.74893945237177,MA,21007,Gurupi,674,1,5,9,1,12,any_uf,13.353115727002967,1.4836795252225519,17.80415430267062
210317,Centro Novo do Maranhão - MA,182.89,23.3,10.922453117080588,MA,21007,Gurupi,1157,1,2,3,3,7,any_uf,2.592912705272256,2.592912705272256,6.050129645635264
210320,Chapadinha - MA,244.0,23.3,16.56938856462855,MA,21014,Chapadinha,9073,4,10,36,2,66,any_uf,3.967816598699438,0.22043425548330212,7.27433043094897
210325,Cidelândia - MA,260.05,22.0,0.7681365576102418,MA,21009,Imperatriz,684,0,4,6,3,14,any_uf,8.771929824561404,4.385964912280702,20.46783625730994
210330,Codó - MA,266.96,27.90000000000001,24.879104528084948,MA,21015,Codó,11485,8,119,62,24,165,any_uf,5.398345668262952,2.0896821941663037,14.36656508489334
210340,Coelho Neto - MA,224.79,26.200000000000003,7.118430525557955,MA,21016,Coelho Neto,5338,0,83,82,65,165,any_uf,15.361558636193331,12.176845260397153,30.910453353315848
210350,Colinas - MA,278.42,27.5,4.649042844120328,MA,21018,Chapadas do Alto Itapecuru,4461,0,11,8,0,9,any_uf,1.7933198834342077,0.0,2.0174848688634834
210355,Conceição do Lago-Açu - MA,170.69,32.8,2.4857741838873912,MA,21005,Baixada Maranhense,895,0,0,11,5,20,any_uf,12.29050279329609,5.58659217877095,22.3463687150838
210360,Coroatá - MA,220.58,28.8,20.63531922907904,MA,21015,Codó,6719,0,22,30,9,73,any_uf,4.464950141390088,1.3394850424170264,10.86471201071588
210370,Cururupu - MA,272.32,15.599999999999994,2.65812270084253,MA,21001,Litoral Ocidental Maranhense,2915,2,0,35,0,48,any_uf,12.006861063464838,0.0,16.46655231560892
210375,Davinópolis - MA,259.02,22.3,20.94635322483424,MA,21009,Imperatriz,749,0,1,7,5,13,any_uf,9.345794392523365,6.675567423230975,17.356475300400533
210380,Dom Pedro - MA,282.3,21.700000000000003,17.537072856221794,MA,21012,Presidente Dutra,1760,0,18,3,63,70,any_uf,1.7045454545454546,35.79545454545455,39.77272727272727
210390,Duque Bacelar - MA,161.2,30.200000000000003,38.39061190276614,MA,21016,Coelho Neto,817,0,71,29,13,43,any_uf,35.49571603427172,15.911872705018359,52.63157894736842
210400,Esperantinópolis - MA,260.45,28.200000000000003,13.394342762063228,MA,21010,Médio Mearim,1834,0,15,13,4,22,any_uf,7.088331515812432,2.1810250817884405,11.995637949836423
210405,Estreito - MA,472.21,14.599999999999994,9.031903190319031,MA,21019,Porto Franco,2924,0,48,33,13,49,any_uf,11.285909712722297,4.4459644322845415,16.757865937072502
210407,Feira Nova do Maranhão - MA,187.15,16.900000000000006,9.96477101157524,MA,21020,Gerais de Balsas,288,0,3,3,0,3,any_uf,10.416666666666666,0.0,10.416666666666666
210408,Fernando Falcão - MA,106.7,34.5,0.0531632110579479,MA,21011,Alto Mearim e Grajaú,395,0,1,4,0,4,any_uf,10.126582278481013,0.0,10.126582278481013
210409,Formosa da Serra Negra - MA,154.84,16.599999999999994,1.7525773195876289,MA,21011,Alto Mearim e Grajaú,1030,0,1,1,3,5,any_uf,0.970873786407767,2.912621359223301,4.854368932038835
210410,Fortaleza dos Nogueiras - MA,266.47,13.900000000000006,3.333333333333333,MA,21021,Chapadas das Mangabeiras,1022,0,1,14,3,18,any_uf,13.698630136986301,2.935420743639922,17.61252446183953
210420,Fortuna - MA,251.02,27.3,3.5914416709118697,MA,21012,Presidente Dutra,1424,0,13,6,1,10,any_uf,4.213483146067416,0.702247191011236,7.022471910112359
210430,Godofredo Viana - MA,222.04,15.400000000000006,27.49293500201857,MA,21007,Gurupi,151,0,1,1,0,1,any_uf,6.622516556291391,0.0,6.622516556291391
210440,Gonçalves Dias - MA,231.09,32.0,3.2901952182496164,MA,21012,Presidente Dutra,1273,0,5,2,40,45,any_uf,1.5710919088766693,31.421838177533385,35.349567949725056
210450,Governador Archer - MA,233.45,28.599999999999994,8.886301901435779,MA,21012,Presidente Dutra,573,1,2,4,1,6,any_uf,6.980802792321117,1.7452006980802792,10.471204188481675
210455,Governador Edison Lobão - MA,306.58,17.700000000000003,33.45111896348646,MA,21009,Imperatriz,879,0,1,13,8,23,any_uf,14.78953356086462,9.101251422070535,26.16609783845279
210460,Governador Eugênio Barros - MA,240.42,33.2,2.1728515625,MA,21012,Presidente Dutra,1074,0,7,9,8,19,any_uf,8.379888268156424,7.4487895716946,17.690875232774673
210462,Governador Luiz Rocha - MA,185.16,27.599999999999994,19.23890063424947,MA,21012,Presidente Dutra,500,0,7,7,5,12,any_uf,14.0,10.0,24.0
210465,Governador Newton Bello - MA,188.57,33.2,2.823861630780092,MA,21008,Pindaré,490,0,1,2,0,4,any_uf,4.081632653061225,0.0,8.16326530612245
210467,Governador Nunes Freire - MA,226.35,23.0,39.9140154772141,MA,21007,Gurupi,3003,1,7,18,5,23,any_uf,5.994005994005994,1.665001665001665,7.659007659007659
210470,Graça Aranha - MA,220.89,27.40000000000001,3.4746760895170787,MA,21012,Presidente Dutra,470,0,1,2,0,3,any_uf,4.25531914893617,0.0,6.382978723404255
210480,Grajaú - MA,333.24,20.8,5.056330472103005,MA,21011,Alto Mearim e Grajaú,7899,5,11,43,33,99,any_uf,5.443727054057476,4.177744018230156,12.533232054690467
210490,Guimarães - MA,221.64,14.400000000000006,2.5255562236921225,MA,21001,Litoral Ocidental Maranhense,805,0,0,10,17,28,any_uf,12.422360248447205,21.11801242236025,34.78260869565217
210500,Humberto de Campos - MA,119.93,21.700000000000003,9.666548421426038,MA,21004,Lençóis Maranhenses,1937,0,2,3,1,10,any_uf,1.5487867836861124,0.5162622612287042,5.162622612287042
210510,Icatu - MA,151.8,19.200000000000003,4.830332409972299,MA,21003,Rosário,1133,0,1,3,25,32,any_uf,2.64783759929391,22.06531332744925,28.243601059135038
210515,Igarapé do Meio - MA,212.9,26.200000000000003,1.2926748425588332,MA,21005,Baixada Maranhense,897,1,2,1,1,2,any_uf,1.1148272017837235,1.1148272017837235,2.229654403567447
210520,Igarapé Grande - MA,287.26,26.0,17.758318739054292,MA,21010,Médio Mearim,716,1,3,6,3,10,any_uf,8.379888268156424,4.189944134078212,13.966480446927374
210530,Imperatriz - MA,605.7,10.0,49.95551406776448,MA,21009,Imperatriz,14972,0,58,250,153,448,any_uf,16.697835960459525,10.219075607801228,29.922522041143466
210535,Itaipava do Grajaú - MA,135.19,31.40000000000001,3.048780487804878,MA,21011,Alto Mearim e Grajaú,427,0,0,1,0,3,any_uf,2.34192037470726,0.0,7.02576112412178
210540,Itapecuru Mirim - MA,209.06,24.3,31.872890530471885,MA,21006,Itapecuru Mirim,6683,0,3,21,34,89,any_uf,3.1423013616639235,5.087535537932067,13.317372437528057
210542,Itinga do Maranhão - MA,323.81,21.099999999999994,8.38368580060423,MA,21009,Imperatriz,1687,1,93,17,13,32,any_uf,10.07705986959099,7.7059869590989925,18.96858328393598
210545,Jatobá - MA,203.56,29.0,31.3844714686623,MA,21018,Chapadas do Alto Itapecuru,178,0,5,0,1,1,any_uf,0.0,5.617977528089888,5.617977528089888
210547,Jenipapo dos Vieiras - MA,125.08,32.0,2.638812534359538,MA,21011,Alto Mearim e Grajaú,682,0,4,0,0,0,any_uf,0.0,0.0,0.0
210550,João Lisboa - MA,292.63,20.3,7.202369931494168,MA,21009,Imperatriz,1408,0,2,16,7,29,any_uf,11.363636363636363,4.971590909090909,20.59659090909091
210560,Joselândia - MA,218.3,31.099999999999994,2.862254025044723,MA,21011,Alto Mearim e Grajaú,1068,0,3,2,24,42,any_uf,1.8726591760299625,22.471910112359552,39.325842696629216
210565,Junco do Maranhão - MA,237.86,23.8,51.419878296146045,MA,21007,Gurupi,565,1,0,6,0,7,any_uf,10.619469026548673,0.0,12.389380530973451
210570,Lago da Pedra - MA,257.12,28.0,18.16194473592165,MA,21008,Pindaré,4716,2,8,8,13,25,any_uf,1.6963528413910094,2.75657336726039,5.301102629346905
210580,Lago do Junco - MA,225.51,29.3,20.40107983031238,MA,21010,Médio Mearim,489,0,5,1,1,2,any_uf,2.044989775051125,2.044989775051125,4.08997955010225
210590,Lago Verde - MA,187.03,29.599999999999994,12.214983713355048,MA,21010,Médio Mearim,1255,0,3,6,12,25,any_uf,4.780876494023905,9.56175298804781,19.9203187250996
210592,Lagoa do Mato - MA,208.7,29.599999999999994,1.2667660208643816,MA,21018,Chapadas do Alto Itapecuru,432,0,111,11,4,15,any_uf,25.462962962962962,9.25925925925926,34.72222222222222
210594,Lago dos Rodrigues - MA,248.93,26.90000000000001,0.9218825812712276,MA,21010,Médio Mearim,495,2,2,0,1,1,any_uf,0.0,2.0202020202020203,2.0202020202020203
210596,Lagoa Grande do Maranhão - MA,153.18,32.599999999999994,3.9933444259567374,MA,21008,Pindaré,650,0,2,2,1,3,any_uf,3.076923076923077,1.5384615384615385,4.615384615384615
210598,Lajeado Novo - MA,255.2,17.099999999999994,5.843801201529219,MA,21009,Imperatriz,486,0,3,14,9,26,any_uf,28.80658436213992,18.51851851851852,53.49794238683128
210600,Lima Campos - MA,290.78,28.8,9.190715181932246,MA,21010,Médio Mearim,750,0,6,6,21,29,any_uf,8.0,28.0,38.666666666666664
210610,Loreto - MA,197.36,20.099999999999994,13.97003745318352,MA,21021,Chapadas das Mangabeiras,638,0,8,6,0,6,any_uf,9.404388714733543,0.0,9.404388714733543
210620,Luís Domingues - MA,230.3,17.700000000000003,35.853812224322624,MA,21007,Gurupi,137,0,3,2,0,2,any_uf,14.598540145985401,0.0,14.598540145985401
210630,Magalhães de Almeida - MA,178.1,28.0,20.524233432245303,MA,21013,Baixo Parnaíba Maranhense,1262,3,133,20,1,21,any_uf,15.847860538827259,0.7923930269413629,16.64025356576862
210632,Maracaçumé - MA,232.64,23.3,41.23644251626898,MA,21007,Gurupi,1892,0,12,11,1,12,any_uf,5.813953488372093,0.5285412262156448,6.342494714587738
210635,Marajá do Sena - MA,95.59,36.6,7.390562819783968,MA,21008,Pindaré,302,0,1,1,1,2,any_uf,3.3112582781456954,3.3112582781456954,6.622516556291391
210637,Maranhãozinho - MA,173.43,25.599999999999994,44.13570274636511,MA,21007,Gurupi,729,1,3,5,1,7,any_uf,6.858710562414266,1.3717421124828533,9.602194787379972
210640,Mata Roma - MA,154.03,26.5,15.521628498727736,MA,21014,Chapadinha,1666,2,3,4,1,8,any_uf,2.4009603841536613,0.6002400960384153,4.801920768307323
210650,Matinha - MA,261.43,17.599999999999994,10.1506456241033,MA,21005,Baixada Maranhense,1474,0,1,1,0,4,any_uf,0.6784260515603799,0.0,2.7137042062415198
210660,Matões - MA,199.69,32.5,4.663417204584376,MA,21017,Caxias,2295,0,440,53,156,227,any_uf,23.093681917211327,67.97385620915033,98.91067538126362
210663,Matões do Norte - MA,132.08,31.200000000000003,2.4120205614867536,MA,21006,Itapecuru Mirim,216,0,0,1,13,14,any_uf,4.62962962962963,60.18518518518518,64.81481481481481
210667,Milagres do Maranhão - MA,144.42,32.400000000000006,9.894385769872152,MA,21014,Chapadinha,355,1,3,0,0,1,any_uf,0.0,0.0,2.816901408450704
210670,Mirador - MA,159.65,27.099999999999994,2.5321625484990813,MA,21018,Chapadas do Alto Itapecuru,1199,1,9,2,0,2,any_uf,1.6680567139282736,0.0,1.6680567139282736
210675,Miranda do Norte - MA,241.81,18.90000000000001,6.506256015399423,MA,21006,Itapecuru Mirim,971,0,0,18,5,25,any_uf,18.537590113285273,5.1493305870236865,25.746652935118433
210680,Mirinzal - MA,236.02,15.099999999999994,3.666102650874224,MA,21001,Litoral Ocidental Maranhense,871,0,0,3,0,3,any_uf,3.444316877152698,0.0,3.444316877152698
210690,Monção - MA,174.12,25.099999999999994,7.600695838351398,MA,21005,Baixada Maranhense,1722,1,0,3,0,6,any_uf,1.7421602787456445,0.0,3.484320557491289
210700,Montes Altos - MA,213.09,17.700000000000003,5.611390284757119,MA,21009,Imperatriz,547,0,1,10,3,17,any_uf,18.281535648994517,5.484460694698354,31.078610603290677
210710,Morros - MA,162.03,28.099999999999994,3.2873806998939554,MA,21003,Rosário,1168,0,1,14,1,22,any_uf,11.986301369863014,0.8561643835616438,18.835616438356166
210720,Nina Rodrigues - MA,147.14,26.099999999999994,7.125984251968504,MA,21006,Itapecuru Mirim,819,0,2,6,0,13,any_uf,7.326007326007326,0.0,15.873015873015873
210725,Nova Colinas - MA,180.01,19.8,0.5892255892255892,MA,21021,Chapadas das Mangabeiras,187,0,1,2,1,3,any_uf,10.695187165775401,5.347593582887701,16.0427807486631
210730,Nova Iorque - MA,256.28,28.200000000000003,15.07870753935377,MA,21018,Chapadas do Alto Itapecuru,243,0,32,3,2,5,any_uf,12.345679012345679,8.23045267489712,20.5761316872428
210735,Nova Olinda do Maranhão - MA,219.95,24.599999999999994,2.475138121546961,MA,21008,Pindaré,481,0,0,2,1,6,any_uf,4.158004158004158,2.079002079002079,12.474012474012474
210740,Olho d'Água das Cunhãs - MA,241.95,31.8,12.994233937397034,MA,21010,Médio Mearim,636,0,5,8,4,13,any_uf,12.578616352201259,6.289308176100629,20.440251572327043
210745,Olinda Nova do Maranhão - MA,169.5,23.90000000000001,7.885854556612458,MA,21005,Baixada Maranhense,721,0,1,2,1,4,any_uf,2.7739251040221915,1.3869625520110958,5.547850208044383
210750,Paço do Lumiar - MA,422.47,5.5,55.19288928228959,MA,21002,Aglomeração Urbana de São Luís,7153,1,1,71,25,160,any_uf,9.925905214595275,3.495037047392702,22.368237103313295
210760,Palmeirândia - MA,165.92,23.90000000000001,3.476854659389529,MA,21005,Baixada Maranhense,1264,1,0,8,43,57,any_uf,6.329113924050633,34.01898734177215,45.09493670886076
210770,Paraibano - MA,266.86,27.099999999999994,5.862329803328291,MA,21018,Chapadas do Alto Itapecuru,1127,1,71,14,4,40,any_uf,12.422360248447205,3.54924578527063,35.4924578527063
210780,Parnarama - MA,181.17,33.099999999999994,1.3646351335723372,MA,21017,Caxias,2744,0,1067,101,132,253,any_uf,36.80758017492711,48.10495626822158,92.20116618075802
210790,Passagem Franca - MA,207.73,32.2,1.7513134851138354,MA,21018,Chapadas do Alto Itapecuru,1529,3,29,2,3,6,any_uf,1.3080444735120995,1.962066710268149,3.924133420536298
210800,Pastos Bons - MA,224.25,21.8,4.863481228668942,MA,21018,Chapadas do Alto Itapecuru,1811,0,88,8,8,17,any_uf,4.417448923246825,4.417448923246825,9.387078961899503
210805,Paulino Neves - MA,158.01,27.099999999999994,16.814764183185236,MA,21004,Lençóis Maranhenses,660,1,102,12,3,21,any_uf,18.181818181818183,4.545454545454546,31.818181818181817
210810,Paulo Ramos - MA,230.23,33.5,2.5042087542087543,MA,21008,Pindaré,1749,0,4,3,3,9,any_uf,1.7152658662092624,1.7152658662092624,5.145797598627787
210820,Pedreiras - MA,431.08,17.900000000000006,41.32744194791765,MA,21010,Médio Mearim,3265,0,43,66,33,114,any_uf,20.21439509954058,10.10719754977029,34.915773353751916
210825,Pedro do Rosário - MA,153.9,26.90000000000001,4.063969896519285,MA,21005,Baixada Maranhense,1283,2,0,12,60,79,any_uf,9.353078721745907,46.76539360872954,61.57443491816056
210830,Penalva - MA,201.51,19.0,5.264493213243689,MA,21005,Baixada Maranhense,2706,1,0,15,2,22,any_uf,5.5432372505543235,0.7390983000739099,8.130081300813009
210840,Peri Mirim - MA,185.19,20.599999999999994,13.2017787659811,MA,21005,Baixada Maranhense,622,2,0,12,6,26,any_uf,19.292604501607716,9.646302250803858,41.80064308681672
210845,Peritoró - MA,171.69,33.8,10.338043283849045,MA,21015,Codó,1823,1,9,9,6,19,any_uf,4.9369171695008225,3.2912781130005486,10.422380691168403
210850,Pindaré-Mirim - MA,268.42,18.40000000000001,7.3768377611555325,MA,21008,Pindaré,2516,0,3,2,0,6,any_uf,0.794912559618442,0.0,2.384737678855326
210860,Pinheiro - MA,288.1,16.400000000000006,50.71303990971581,MA,21005,Baixada Maranhense,7183,5,6,120,65,223,any_uf,16.706111652512877,9.049143811777808,31.045524154253098
210870,Pio XII - MA,219.7,28.700000000000003,1.983317886932345,MA,21010,Médio Mearim,2072,1,3,6,1,47,any_uf,2.8957528957528957,0.4826254826254826,22.683397683397683
210880,Pirapemas - MA,178.12,27.40000000000001,13.61344537815126,MA,21006,Itapecuru Mirim,1079,0,1,2,6,8,any_uf,1.8535681186283597,5.560704355885079,7.414272474513439
210890,Poção de Pedras - MA,230.52,28.90000000000001,23.60037700282752,MA,21010,Médio Mearim,1386,0,6,4,8,15,any_uf,2.886002886002886,5.772005772005772,10.822510822510823
210900,Porto Franco - MA,490.91,14.0,3.117803365810452,MA,21019,Porto Franco,1998,0,10,36,44,101,any_uf,18.01801801801802,22.02202202202202,50.550550550550554
210905,Porto Rico do Maranhão - MA,226.4,14.099999999999994,31.15384615384616,MA,21001,Litoral Ocidental Maranhense,160,0,0,4,1,7,any_uf,25.0,6.25,43.75
210910,Presidente Dutra - MA,386.09,19.8,23.29192546583851,MA,21012,Presidente Dutra,3624,0,10,24,119,158,any_uf,6.622516556291391,32.83664459161148,43.59823399558499
210920,Presidente Juscelino - MA,132.33,25.599999999999994,19.04379268782644,MA,21003,Rosário,573,0,1,3,0,10,any_uf,5.2356020942408374,0.0,17.452006980802793
210923,Presidente Médici - MA,190.71,23.0,51.52749490835031,MA,21008,Pindaré,506,0,65,3,3,6,any_uf,5.928853754940712,5.928853754940712,11.857707509881424
210927,Presidente Sarney - MA,163.62,27.5,2.244948865053629,MA,21005,Baixada Maranhense,1159,4,0,9,9,20,any_uf,7.765314926660914,7.765314926660914,17.25625539257981
210930,Presidente Vargas - MA,147.09,26.40000000000001,4.938271604938271,MA,21006,Itapecuru Mirim,434,0,0,5,2,11,any_uf,11.52073732718894,4.608294930875576,25.34562211981567
210940,Primeira Cruz - MA,127.59,24.599999999999994,7.279436430727943,MA,21004,Lençóis Maranhenses,283,0,0,3,0,7,any_uf,10.60070671378092,0.0,24.73498233215548
210945,Raposa - MA,261.27,14.099999999999994,17.46031746031746,MA,21002,Aglomeração Urbana de São Luís,2480,0,0,14,13,39,any_uf,5.645161290322581,5.241935483870968,15.725806451612904
210950,Riachão - MA,250.92,18.0,10.289937464468448,MA,21020,Gerais de Balsas,1741,1,12,6,3,24,any_uf,3.4462952326249283,1.7231476163124642,13.785180930499713
210955,Ribamar Fiquene - MA,299.75,19.90000000000001,20.83333333333333,MA,21009,Imperatriz,507,0,1,9,5,17,any_uf,17.75147928994083,9.861932938856016,33.53057199211045
210960,Rosário - MA,266.84,16.700000000000003,7.508460236886632,MA,21003,Rosário,2614,0,2,11,3,39,any_uf,4.208110175975516,1.1476664116296864,14.919663351185921
210970,Sambaíba - MA,232.11,19.5,16.216216216216218,MA,21021,Chapadas das Mangabeiras,211,0,2,3,1,4,any_uf,14.218009478672986,4.739336492890995,18.95734597156398
210975,Santa Filomena do Maranhão - MA,132.4,28.599999999999994,10.67351598173516,MA,21011,Alto Mearim e Grajaú,439,0,4,0,1,3,any_uf,0.0,2.277904328018223,6.83371298405467
210980,Santa Helena - MA,216.37,21.40000000000001,4.505220154334998,MA,21005,Baixada Maranhense,3131,1,2,54,16,82,any_uf,17.246885978920474,5.110188438198659,26.189715745768126
210990,Santa Inês - MA,398.2,16.099999999999994,36.05764485243313,MA,21008,Pindaré,6895,0,14,6,5,18,any_uf,0.8701957940536621,0.7251631617113851,2.610587382160986
211000,Santa Luzia - MA,201.99,30.0,9.722699667697947,MA,21008,Pindaré,6021,0,12,92,68,176,any_uf,15.279853844876266,11.29380501577811,29.231024746719815
211003,Santa Luzia do Paruá - MA,297.07,21.5,14.636871508379889,MA,21008,Pindaré,1424,1,8,10,0,17,any_uf,7.022471910112359,0.0,11.938202247191011
211010,Santa Quitéria do Maranhão - MA,168.13,30.5,3.209565764631844,MA,21013,Baixo Parnaíba Maranhense,2607,0,45,14,1,31,any_uf,5.370157268891446,0.3835826620636747,11.891062523973916
211020,Santa Rita - MA,238.52,20.3,13.713852759186766,MA,21003,Rosário,2548,1,1,2,100,108,any_uf,0.7849293563579278,39.24646781789639,42.3861852433281
211023,Santana do Maranhão - MA,126.07,30.3,8.152610441767068,MA,21013,Baixo Parnaíba Maranhense,393,0,98,6,2,12,any_uf,15.267175572519085,5.089058524173028,30.53435114503817
211027,Santo Amaro do Maranhão - MA,134.61,21.40000000000001,0.9241432422025414,MA,21004,Lençóis Maranhenses,370,0,0,0,0,0,any_uf,0.0,0.0,0.0
211030,Santo Antônio dos Lopes - MA,234.77,27.700000000000003,5.172413793103448,MA,21010,Médio Mearim,769,0,8,6,4,11,any_uf,7.802340702210663,5.201560468140442,14.304291287386215
211040,São Benedito do Rio Preto - MA,144.68,28.599999999999994,21.63817300331717,MA,21014,Chapadinha,1892,1,1,10,2,22,any_uf,5.2854122621564485,1.0570824524312896,11.627906976744185
211050,São Bento - MA,204.07,18.099999999999994,10.25455298013245,MA,21005,Baixada Maranhense,2738,0,4,15,6,22,any_uf,5.47845142439737,2.191380569758948,8.035062089116144
211060,São Bernardo - MA,195.15,26.700000000000003,11.435406698564591,MA,21013,Baixo Parnaíba Maranhense,2595,0,278,11,3,23,any_uf,4.238921001926783,1.1560693641618498,8.863198458574182
211065,São Domingos do Azeitão - MA,285.31,28.099999999999994,1.1911852293031566,MA,21021,Chapadas das Mangabeiras,162,0,18,2,0,2,any_uf,12.345679012345679,0.0,12.345679012345679
211070,São Domingos do Maranhão - MA,230.0,24.599999999999994,19.85559566787004,MA,21012,Presidente Dutra,2872,0,12,22,22,53,any_uf,7.66016713091922,7.66016713091922,18.454038997214486
211080,São Félix de Balsas - MA,195.57,27.0,0.99009900990099,MA,21021,Chapadas das Mangabeiras,168,0,9,2,0,3,any_uf,11.904761904761905,0.0,17.857142857142858
211085,São Francisco do Brejão - MA,245.8,23.90000000000001,9.077325364213673,MA,21009,Imperatriz,383,0,5,10,4,17,any_uf,26.109660574412533,10.443864229765014,44.38642297650131
211090,São Francisco do Maranhão - MA,179.36,33.3,1.1560693641618498,MA,21018,Chapadas do Alto Itapecuru,615,0,450,14,8,28,any_uf,22.764227642276424,13.008130081300813,45.52845528455285
211100,São João Batista - MA,168.96,19.90000000000001,23.049575350582657,MA,21005,Baixada Maranhense,1074,1,2,2,0,5,any_uf,1.86219739292365,0.0,4.655493482309125
211102,São João do Carú - MA,164.5,31.099999999999994,1.2265235722499042,MA,21008,Pindaré,743,0,4,0,1,2,any_uf,0.0,1.3458950201884252,2.6917900403768504
211105,São João do Paraíso - MA,248.81,19.700000000000003,2.5052192066805845,MA,21019,Porto Franco,833,0,15,14,12,28,any_uf,16.80672268907563,14.40576230492197,33.61344537815126
211107,São João do Soter - MA,162.23,36.0,2.699530516431925,MA,21017,Caxias,1061,0,5,17,28,48,any_uf,16.022620169651272,26.390197926484447,45.24033930254477
211110,São João dos Patos - MA,352.91,22.0,1.212034792528162,MA,21018,Chapadas do Alto Itapecuru,1711,0,301,31,68,106,any_uf,18.118059614260666,39.74284044418469,61.9520748100526
211120,São José de Ribamar - MA,419.96,6.200000000000003,45.71448710117006,MA,21002,Aglomeração Urbana de São Luís,10560,3,0,44,24,157,any_uf,4.166666666666667,2.272727272727273,14.867424242424242
211125,São José dos Basílios - MA,178.84,29.3,1.980728051391863,MA,21012,Presidente Dutra,533,1,11,1,0,2,any_uf,1.876172607879925,0.0,3.75234521575985
211130,São Luís - MA,770.52,4.5,66.45196017513692,MA,21002,Aglomeração Urbana de São Luís,83873,7,100,621,451,1609,any_uf,7.404051363370811,5.3771773991630205,19.183765931825498
211140,São Luís Gonzaga do Maranhão - MA,179.31,32.5,8.990053557765876,MA,21010,Médio Mearim,1715,2,1,10,7,20,any_uf,5.830903790087463,4.081632653061225,11.661807580174926
211150,São Mateus do Maranhão - MA,358.56,29.099999999999994,7.489300998573467,MA,21010,Médio Mearim,3113,1,6,5,755,769,any_uf,1.6061676839061998,242.53132026983616,247.02858978477354
211153,São Pedro da Água Branca - MA,286.19,25.099999999999994,3.98406374501992,MA,21009,Imperatriz,396,0,33,8,3,11,any_uf,20.2020202020202,7.575757575757576,27.77777777777778
211157,São Pedro dos Crentes - MA,252.69,17.200000000000003,0.2714932126696832,MA,21019,Porto Franco,50,0,2,0,3,4,any_uf,0.0,60.0,80.0
211160,São Raimundo das Mangabeiras - MA,295.03,17.799999999999997,5.543037404236142,MA,21021,Chapadas das Mangabeiras,1225,0,5,4,7,12,any_uf,3.2653061224489797,5.714285714285714,9.795918367346939
211163,São Raimundo do Doca Bezerra - MA,151.73,34.2,13.896848137535816,MA,21010,Médio Mearim,285,0,0,1,0,1,any_uf,3.508771929824561,0.0,3.508771929824561
211167,São Roberto - MA,151.37,32.599999999999994,24.316109422492403,MA,21010,Médio Mearim,323,0,0,1,0,1,any_uf,3.0959752321981426,0.0,3.0959752321981426
211170,São Vicente Ferrer - MA,178.37,24.700000000000003,4.335990666925919,MA,21005,Baixada Maranhense,2127,0,5,21,50,79,any_uf,9.873060648801129,23.507287259050305,37.14151386929948
211172,Satubinha - MA,124.34,26.40000000000001,4.004805766920304,MA,21010,Médio Mearim,483,0,0,1,5,8,any_uf,2.070393374741201,10.351966873706004,16.563146997929607
211174,Senador Alexandre Costa - MA,201.12,31.200000000000003,2.247191011235955,MA,21012,Presidente Dutra,783,0,3,7,17,27,any_uf,8.939974457215836,21.711366538952745,34.48275862068966
211176,Senador La Rocque - MA,269.97,27.40000000000001,18.31639416703491,MA,21009,Imperatriz,1121,0,1,8,7,20,any_uf,7.136485280999108,6.244424620874219,17.84121320249777
211178,Serrano do Maranhão - MA,120.33,30.5,0.6578947368421053,MA,21001,Litoral Ocidental Maranhense,491,0,2,6,0,8,any_uf,12.219959266802444,0.0,16.293279022403258
211180,Sítio Novo - MA,187.2,19.200000000000003,3.561844352281044,MA,21011,Alto Mearim e Grajaú,952,0,3,15,5,22,any_uf,15.756302521008404,5.2521008403361344,23.10924369747899
211190,Sucupira do Norte - MA,208.62,23.90000000000001,1.2222222222222223,MA,21018,Chapadas do Alto Itapecuru,252,0,3,1,0,2,any_uf,3.9682539682539684,0.0,7.936507936507937
211195,Sucupira do Riachão - MA,222.76,30.200000000000003,0.9075907590759076,MA,21018,Chapadas do Alto Itapecuru,330,0,84,5,6,11,any_uf,15.151515151515152,18.181818181818183,33.333333333333336
211200,Tasso Fragoso - MA,261.31,16.0,1.9111570247933884,MA,21020,Gerais de Balsas,475,0,2,5,3,8,any_uf,10.526315789473685,6.315789473684211,16.842105263157894
211210,Timbiras - MA,171.6,34.599999999999994,14.875401314783671,MA,21015,Codó,2147,0,14,8,3,19,any_uf,3.7261294829995344,1.3972985561248252,8.849557522123893
211220,Timon - MA,356.75,16.099999999999994,38.24931459480821,MA,21017,Caxias,13165,0,4116,499,693,1265,any_uf,37.903532092669955,52.639574629699965,96.08811241929358
211223,Trizidela do Vale - MA,261.23,22.599999999999994,15.46452371618973,MA,21010,Médio Mearim,1184,1,11,11,10,31,any_uf,9.29054054054054,8.445945945945946,26.18243243243243
211227,Tufilândia - MA,177.2,30.3,5.243991260014567,MA,21008,Pindaré,336,0,2,0,0,0,any_uf,0.0,0.0,0.0
211230,Tuntum - MA,212.73,27.200000000000003,12.03872328189399,MA,21011,Alto Mearim e Grajaú,3309,0,8,5,6,16,any_uf,1.5110305228165608,1.813236627379873,4.835297673012995
211240,Turiaçu - MA,169.77,23.700000000000003,7.315505271277964,MA,21007,Gurupi,3042,0,2,4,1,13,any_uf,1.3149243918474687,0.32873109796186717,4.273504273504273
211245,Turilândia - MA,172.79,29.0,6.416906820365034,MA,21007,Gurupi,874,0,0,9,4,17,any_uf,10.297482837528603,4.576659038901602,19.450800915331808
211250,Tutóia - MA,233.11,26.700000000000003,3.5288928098809,MA,21004,Lençóis Maranhenses,5043,1,391,40,7,55,any_uf,7.93178663493952,1.388062661114416,10.90620662304184
211260,Urbano Santos - MA,180.98,27.599999999999994,19.49589459614283,MA,21014,Chapadinha,2966,0,1,16,6,28,any_uf,5.394470667565745,2.0229265003371544,9.440323668240055
211270,Vargem Grande - MA,161.21,29.599999999999994,20.034246575342465,MA,21006,Itapecuru Mirim,4090,2,6,82,18,121,any_uf,20.04889975550122,4.400977995110025,29.584352078239608
211280,Viana - MA,268.67,16.5,29.773410216843985,MA,21005,Baixada Maranhense,3946,1,4,3,1,6,any_uf,0.7602635580334516,0.25342118601115055,1.5205271160669032
211285,Vila Nova dos Martírios - MA,247.24,25.3,0.986842105263158,MA,21009,Imperatriz,537,0,36,4,4,8,any_uf,7.4487895716946,7.4487895716946,14.8975791433892
211290,Vitória do Mearim - MA,228.7,23.0,19.26593348350337,MA,21005,Baixada Maranhense,2546,0,4,2,1,7,any_uf,0.7855459544383346,0.3927729772191673,2.7494108405341713
211300,Vitorino Freire - MA,262.02,29.599999999999994,10.823615160349854,MA,21008,Pindaré,2092,0,1,3,0,6,any_uf,1.4340344168260037,0.0,2.8680688336520075
211400,Zé Doca - MA,253.97,21.8,9.681764606836168,MA,21008,Pindaré,4049,0,5,8,6,53,any_uf,1.975796492961225,1.4818473697209187,13.089651765868116
220005,Acauã - PI,198.92,27.5,1.4384656366542354,PI,22015,Alto Médio Canindé,353,0,15,2,0,2,any_uf,5.665722379603399,0.0,5.665722379603399
220010,Agricolândia - PI,237.0,24.90000000000001,56.03392041748206,PI,22005,Médio Parnaíba Piauiense,354,0,0,18,15,33,any_uf,50.847457627118644,42.3728813559322,93.22033898305085
220020,Água Branca - PI,326.68,21.8,2.1172983273343213,PI,22005,Médio Parnaíba Piauiense,1324,1,5,49,64,119,any_uf,37.00906344410876,48.338368580060425,89.87915407854985
220025,Alagoinha do Piauí - PI,213.52,41.6,7.378129117259552,PI,22014,Pio IX,499,0,0,12,10,22,any_uf,24.04809619238477,20.04008016032064,44.08817635270541
220027,Alegrete do Piauí - PI,263.16,31.90000000000001,2.217741935483871,PI,22014,Pio IX,372,0,6,6,0,6,any_uf,16.129032258064516,0.0,16.129032258064516
220030,Alto Longá - PI,268.0,29.8,4.288597376387488,PI,22004,Campo Maior,778,0,1,20,28,54,any_uf,25.70694087403599,35.98971722365039,69.40874035989717
220040,Altos - PI,305.67,24.0,7.404550713459313,PI,22003,Teresina,3437,0,2,144,221,388,any_uf,41.89700320046552,64.30026185627,112.88914751236544
220045,Alvorada do Gurguéia - PI,201.78,23.3,1.082753286929621,PI,22010,Alto Médio Gurguéia,476,0,0,4,0,6,any_uf,8.403361344537815,0.0,12.605042016806722
220050,Amarante - PI,280.56,26.0,9.52478913803744,PI,22005,Médio Parnaíba Piauiense,1445,0,1,52,20,85,any_uf,35.98615916955017,13.84083044982699,58.8235294117647
220060,Angical do Piauí - PI,344.92,22.5,7.89980732177264,PI,22005,Médio Parnaíba Piauiense,451,0,0,24,22,49,any_uf,53.21507760532151,48.78048780487805,108.64745011086474
220070,Anísio de Abreu - PI,217.45,27.3,18.259851736246585,PI,22011,São Raimundo Nonato,665,0,0,10,4,17,any_uf,15.037593984962406,6.015037593984962,25.56390977443609
220080,Antônio Almeida - PI,282.25,22.40000000000001,13.379469434832757,PI,22008,Bertolínia,138,0,0,0,0,0,any_uf,0.0,0.0,0.0
220090,Aroazes - PI,261.41,28.0,1.4285714285714286,PI,22006,Valença do Piauí,393,0,0,7,4,12,any_uf,17.8117048346056,10.178117048346056,30.53435114503817
220095,Aroeiras do Itaim - PI,182.18,33.900000000000006,10.46337817638266,PI,22013,Picos,76,0,0,7,0,8,any_uf,92.10526315789474,0.0,105.26315789473684
220100,Arraial - PI,191.5,28.8,10.08,PI,22005,Médio Parnaíba Piauiense,322,0,1,6,4,12,any_uf,18.633540372670808,12.422360248447205,37.267080745341616
220105,Assunção do Piauí - PI,138.27,36.5,13.453389830508474,PI,22004,Campo Maior,353,0,2,12,4,17,any_uf,33.994334277620396,11.331444759206798,48.1586402266289
220110,Avelino Lopes - PI,211.82,21.5,1.3230074217489514,PI,22012,Chapadas do Extremo Sul Piauiense,734,0,24,5,1,7,any_uf,6.8119891008174385,1.3623978201634876,9.536784741144414
220115,Baixa Grande do Ribeiro - PI,212.29,18.90000000000001,2.1825396825396823,PI,22007,Alto Parnaíba Piauiense,138,0,1,3,2,5,any_uf,21.73913043478261,14.492753623188406,36.231884057971016
220117,Barra D'Alcântara - PI,205.11,28.099999999999994,0.7646559048428208,PI,22006,Valença do Piauí,257,0,0,3,0,4,any_uf,11.673151750972762,0.0,15.56420233463035
220120,Barras - PI,254.74,28.599999999999994,24.573197700132685,PI,22001,Baixo Parnaíba Piauiense,4192,1,0,123,56,189,any_uf,29.341603053435115,13.358778625954198,45.08587786259542
220130,Barreiras do Piauí - PI,252.96,20.599999999999994,0.5025125628140703,PI,22010,Alto Médio Gurguéia,116,0,0,0,3,4,any_uf,0.0,25.862068965517242,34.48275862068966
220140,Barro Duro - PI,354.46,25.40000000000001,65.99674090168386,PI,22005,Médio Parnaíba Piauiense,497,0,0,18,34,54,any_uf,36.21730382293762,68.41046277665995,108.65191146881288
220150,Batalha - PI,221.68,31.8,25.65437454808388,PI,22001,Baixo Parnaíba Piauiense,1799,0,2,41,34,93,any_uf,22.790439132851585,18.899388549193997,51.69538632573652
220155,Bela Vista do Piauí - PI,202.49,20.5,33.44017094017094,PI,22015,Alto Médio Canindé,186,0,1,5,1,7,any_uf,26.881720430107528,5.376344086021505,37.634408602150536
220157,Belém do Piauí - PI,223.71,33.3,26.90246516613076,PI,22015,Alto Médio Canindé,160,0,0,3,0,4,any_uf,18.75,0.0,25.0
220160,Beneditinos - PI,257.86,30.200000000000003,38.54768786127168,PI,22003,Teresina,700,0,1,31,43,78,any_uf,44.285714285714285,61.42857142857143,111.42857142857143
220170,Bertolínia - PI,324.92,22.8,1.2345679012345678,PI,22008,Bertolínia,340,0,0,12,0,14,any_uf,35.294117647058826,0.0,41.1764705882353
220173,Betânia do Piauí - PI,164.37,34.8,0.0633312222925902,PI,22015,Alto Médio Canindé,391,0,3,1,0,2,any_uf,2.557544757033248,0.0,5.115089514066496
220177,Boa Hora - PI,220.46,34.099999999999994,19.93421052631579,PI,22001,Baixo Parnaíba Piauiense,553,1,0,13,11,24,any_uf,23.508137432188065,19.89150090415913,43.399638336347195
220180,Bocaina - PI,361.37,21.0,23.13810556760665,PI,22013,Picos,326,0,2,22,1,23,any_uf,67.48466257668711,3.067484662576687,70.5521472392638
220190,Bom Jesus - PI,493.19,16.900000000000006,9.42079553384508,PI,22010,Alto Médio Gurguéia,2735,0,3,23,1,39,any_uf,8.409506398537477,0.3656307129798903,14.259597806215723
220191,Bom Princípio do Piauí - PI,209.0,31.5,20.864381520119224,PI,22002,Litoral Piauiense,500,0,1,10,5,15,any_uf,20.0,10.0,30.0
220192,Bonfim do Piauí - PI,233.01,31.3,4.150197628458498,PI,22011,São Raimundo Nonato,426,0,0,7,1,11,any_uf,16.431924882629108,2.347417840375587,25.821596244131456
220194,Boqueirão do Piauí - PI,250.98,30.0,9.057071960297767,PI,22004,Campo Maior,656,0,0,11,10,27,any_uf,16.76829268292683,15.24390243902439,41.15853658536585
220196,Brasileira - PI,278.31,33.599999999999994,26.871841984382176,PI,22001,Baixo Parnaíba Piauiense,449,0,0,21,45,67,any_uf,46.770601336302896,100.22271714922049,149.22048997772828
220198,Brejo do Piauí - PI,215.81,35.400000000000006,0.0,PI,22011,São Raimundo Nonato,199,0,0,3,2,6,any_uf,15.075376884422111,10.050251256281408,30.150753768844222
220200,Buriti dos Lopes - PI,229.37,27.099999999999994,32.07003089598352,PI,22002,Litoral Piauiense,1693,1,0,49,23,81,any_uf,28.942705256940343,13.585351447135263,47.84406379208506
220202,Buriti dos Montes - PI,211.61,28.8,42.70428015564202,PI,22004,Campo Maior,411,0,65,9,6,16,any_uf,21.8978102189781,14.598540145985401,38.929440389294406
220205,Cabeceiras do Piauí - PI,227.99,30.40000000000001,32.31305695466873,PI,22001,Baixo Parnaíba Piauiense,750,0,1,23,9,33,any_uf,30.666666666666668,12.0,44.0
220207,Cajazeiras do Piauí - PI,207.54,28.5,46.88172043010753,PI,22013,Picos,211,0,1,0,0,1,any_uf,0.0,0.0,4.739336492890995
220208,Cajueiro da Praia - PI,242.63,29.599999999999994,14.183617372182518,PI,22002,Litoral Piauiense,435,0,1,7,3,12,any_uf,16.091954022988507,6.896551724137931,27.586206896551722
220209,Caldeirão Grande do Piauí - PI,259.12,31.0,0.1297858533419857,PI,22015,Alto Médio Canindé,260,0,118,10,0,10,any_uf,38.46153846153846,0.0,38.46153846153846
220210,Campinas do Piauí - PI,206.21,26.200000000000003,1.218769043266301,PI,22015,Alto Médio Canindé,283,0,1,3,2,5,any_uf,10.60070671378092,7.067137809187279,17.6678445229682
220211,Campo Alegre do Fidalgo - PI,210.58,30.599999999999994,0.1589825119236884,PI,22015,Alto Médio Canindé,250,0,0,3,1,4,any_uf,12.0,4.0,16.0
220213,Campo Grande do Piauí - PI,236.76,33.2,12.81094527363184,PI,22015,Alto Médio Canindé,495,0,0,12,1,13,any_uf,24.242424242424242,2.0202020202020203,26.262626262626263
220217,Campo Largo do Piauí - PI,157.34,34.900000000000006,0.8907363420427553,PI,22001,Baixo Parnaíba Piauiense,482,0,0,10,10,20,any_uf,20.74688796680498,20.74688796680498,41.49377593360996
220220,Campo Maior - PI,396.93,20.5,29.274511318859616,PI,22004,Campo Maior,4618,0,0,113,48,178,any_uf,24.469467301862277,10.394110004330878,38.54482459939368
220225,Canavieira - PI,207.11,24.599999999999994,9.917355371900827,PI,22009,Floriano,158,0,1,4,1,5,any_uf,25.31645569620253,6.329113924050633,31.645569620253166
220230,Canto do Buriti - PI,276.43,27.099999999999994,2.9981154702758266,PI,22011,São Raimundo Nonato,1654,1,0,20,4,25,any_uf,12.091898428053204,2.418379685610641,15.114873035066505
220240,Capitão de Campos - PI,245.07,28.599999999999994,7.736486486486487,PI,22004,Campo Maior,806,0,1,24,27,56,any_uf,29.77667493796526,33.49875930521092,69.4789081885856
220245,Capitão Gervásio Oliveira - PI,180.38,29.5,4.545454545454546,PI,22015,Alto Médio Canindé,201,1,0,8,0,8,any_uf,39.80099502487562,0.0,39.80099502487562
220250,Caracol - PI,218.46,33.099999999999994,35.87644212876814,PI,22011,São Raimundo Nonato,772,1,4,13,2,18,any_uf,16.83937823834197,2.5906735751295336,23.316062176165804
220253,Caraúbas do Piauí - PI,155.59,40.7,28.148657949070888,PI,22002,Litoral Piauiense,397,0,0,11,3,14,any_uf,27.707808564231737,7.5566750629722925,35.26448362720403
220255,Caridade do Piauí - PI,203.24,29.200000000000003,0.0823723228995057,PI,22015,Alto Médio Canindé,321,1,17,6,1,7,any_uf,18.69158878504673,3.115264797507788,21.806853582554517
220260,Castelo do Piauí - PI,265.67,25.099999999999994,17.61229314420804,PI,22004,Campo Maior,1775,0,1,15,9,26,any_uf,8.450704225352112,5.070422535211268,14.647887323943662
220265,Caxingó - PI,175.88,40.9,28.571428571428573,PI,22002,Litoral Piauiense,433,0,1,10,5,15,any_uf,23.094688221709006,11.547344110854503,34.64203233256351
220270,Cocal - PI,197.46,32.5,0.6848295369956826,PI,22002,Litoral Piauiense,1662,1,9,27,16,50,any_uf,16.24548736462094,9.626955475330927,30.084235860409144
220271,Cocal de Telha - PI,235.85,29.90000000000001,33.96084337349398,PI,22004,Campo Maior,361,0,0,7,4,12,any_uf,19.390581717451525,11.0803324099723,33.2409972299169
220272,Cocal dos Alves - PI,182.0,32.099999999999994,12.02572347266881,PI,22002,Litoral Piauiense,279,0,1,6,3,11,any_uf,21.50537634408602,10.75268817204301,39.42652329749104
220273,Coivaras - PI,233.05,28.90000000000001,5.221674876847291,PI,22003,Teresina,302,0,0,12,7,21,any_uf,39.735099337748345,23.178807947019866,69.5364238410596
220275,Colônia do Gurguéia - PI,287.06,20.3,1.831069108092144,PI,22008,Bertolínia,341,0,0,6,1,7,any_uf,17.59530791788856,2.932551319648094,20.527859237536656
220277,Colônia do Piauí - PI,277.73,31.599999999999994,0.8973080757726819,PI,22013,Picos,473,0,0,6,0,7,any_uf,12.684989429175475,0.0,14.799154334038056
220280,Conceição do Canindé - PI,255.54,28.099999999999994,51.56494522691706,PI,22015,Alto Médio Canindé,190,0,1,5,2,7,any_uf,26.31578947368421,10.526315789473685,36.8421052631579
220285,Coronel José Dias - PI,199.38,29.700000000000003,19.561933534743204,PI,22011,São Raimundo Nonato,280,0,1,14,0,17,any_uf,50.0,0.0,60.714285714285715
220290,Corrente - PI,373.71,17.599999999999994,12.893553223388306,PI,22012,Chapadas do Extremo Sul Piauiense,2118,0,94,9,68,92,any_uf,4.2492917847025495,32.10576015108593,43.43720491029273
220300,Cristalândia do Piauí - PI,200.86,24.599999999999994,1.291604570293095,PI,22012,Chapadas do Extremo Sul Piauiense,282,0,40,2,7,9,any_uf,7.092198581560283,24.822695035460992,31.914893617021278
220310,Cristino Castro - PI,304.88,23.3,1.9047619047619049,PI,22010,Alto Médio Gurguéia,933,1,0,10,1,15,any_uf,10.718113612004288,1.0718113612004287,16.077170418006432
220320,Curimatá - PI,282.37,17.299999999999997,5.01877773984295,PI,22012,Chapadas do Extremo Sul Piauiense,1146,1,1,7,1,10,any_uf,6.108202443280978,0.8726003490401396,8.726003490401396
220323,Currais - PI,166.4,30.5,0.4420866489832007,PI,22010,Alto Médio Gurguéia,501,0,0,5,1,7,any_uf,9.980039920159681,1.996007984031936,13.972055888223553
220325,Curralinhos - PI,192.28,27.90000000000001,41.92377495462795,PI,22003,Teresina,332,0,0,16,17,35,any_uf,48.19277108433735,51.204819277108435,105.42168674698796
220327,Curral Novo do Piauí - PI,184.08,31.700000000000003,0.5097706032285472,PI,22015,Alto Médio Canindé,302,0,18,4,1,6,any_uf,13.245033112582782,3.3112582781456954,19.867549668874172
220330,Demerval Lobão - PI,307.69,23.40000000000001,2.2949089949881296,PI,22003,Teresina,1037,0,0,50,55,113,any_uf,48.216007714561236,53.037608486017355,108.96817743490838
220335,Dirceu Arcoverde - PI,260.46,26.5,0.7502679528403001,PI,22011,São Raimundo Nonato,470,0,96,6,1,8,any_uf,12.76595744680851,2.127659574468085,17.02127659574468
220340,Dom Expedito Lopes - PI,296.47,24.200000000000003,3.590010405827264,PI,22013,Picos,441,0,0,18,1,19,any_uf,40.816326530612244,2.2675736961451247,43.08390022675737
220342,Domingos Mourão - PI,235.96,27.099999999999994,44.3336355394379,PI,22004,Campo Maior,309,0,2,3,17,20,any_uf,9.70873786407767,55.016181229773466,64.72491909385113
220345,Dom Inocêncio - PI,177.19,22.90000000000001,6.4528744622604615,PI,22011,São Raimundo Nonato,428,0,75,5,2,7,any_uf,11.682242990654206,4.672897196261682,16.35514018691589
220350,Elesbão Veloso - PI,269.1,33.0,54.255319148936174,PI,22006,Valença do Piauí,1165,0,1,36,59,104,any_uf,30.901287553648068,50.64377682403433,89.27038626609442
220360,Eliseu Martins - PI,356.47,19.5,37.00075357950264,PI,22008,Bertolínia,159,0,0,3,0,3,any_uf,18.867924528301888,0.0,18.867924528301888
220370,Esperantina - PI,292.36,27.099999999999994,4.074367088607595,PI,22001,Baixo Parnaíba Piauiense,3287,0,0,75,53,133,any_uf,22.817158503194403,16.12412534225738,40.46242774566474
220375,Fartura do Piauí - PI,186.85,30.5,1.5909090909090908,PI,22011,São Raimundo Nonato,292,0,17,3,1,5,any_uf,10.273972602739725,3.4246575342465753,17.123287671232877
220380,Flores do Piauí - PI,207.78,29.5,33.61538461538461,PI,22009,Floriano,351,0,0,9,3,21,any_uf,25.641025641025642,8.547008547008547,59.82905982905983
220385,Floresta do Piauí - PI,211.53,37.4,1.482479784366577,PI,22015,Alto Médio Canindé,131,0,0,1,1,2,any_uf,7.633587786259542,7.633587786259542,15.267175572519085
220390,Floriano - PI,528.55,12.099999999999994,33.07296509825801,PI,22009,Floriano,5132,4,12,97,27,163,any_uf,18.901013250194858,5.2611067809820735,31.76149649259548
220400,Francinópolis - PI,200.31,30.90000000000001,0.8485639686684073,PI,22006,Valença do Piauí,308,1,1,5,17,24,any_uf,16.233766233766232,55.1948051948052,77.92207792207792
220410,Francisco Ayres - PI,267.88,28.3,30.612244897959183,PI,22005,Médio Parnaíba Piauiense,296,0,0,6,0,7,any_uf,20.27027027027027,0.0,23.64864864864865
220415,Francisco Macedo - PI,273.23,33.400000000000006,2.2900763358778624,PI,22015,Alto Médio Canindé,218,0,1,1,0,2,any_uf,4.587155963302752,0.0,9.174311926605505
220420,Francisco Santos - PI,324.26,25.700000000000003,8.101571946795646,PI,22014,Pio IX,640,0,0,22,1,23,any_uf,34.375,1.5625,35.9375
220430,Fronteiras - PI,360.79,26.200000000000003,44.530744336569576,PI,22015,Alto Médio Canindé,815,0,12,5,0,5,any_uf,6.134969325153374,0.0,6.134969325153374
220435,Geminiano - PI,201.03,31.700000000000003,8.05626598465473,PI,22013,Picos,433,0,3,15,0,15,any_uf,34.64203233256351,0.0,34.64203233256351
220440,Gilbués - PI,280.62,21.3,3.3712269698157584,PI,22010,Alto Médio Gurguéia,668,0,6,7,2,11,any_uf,10.479041916167665,2.9940119760479043,16.46706586826347
220450,Guadalupe - PI,421.06,17.299999999999997,29.761042722664737,PI,22009,Floriano,1044,1,4,16,3,28,any_uf,15.32567049808429,2.8735632183908044,26.81992337164751
220455,Guaribas - PI,160.36,31.200000000000003,30.59701492537313,PI,22011,São Raimundo Nonato,311,1,1,4,0,5,any_uf,12.861736334405144,0.0,16.077170418006432
220460,Hugo Napoleão - PI,203.1,28.700000000000003,44.300278035217794,PI,22005,Médio Parnaíba Piauiense,243,0,0,10,7,19,any_uf,41.1522633744856,28.80658436213992,78.18930041152264
220465,Ilha Grande - PI,218.4,24.40000000000001,5.045454545454546,PI,22002,Litoral Piauiense,766,1,2,24,6,35,any_uf,31.33159268929504,7.83289817232376,45.69190600522193
220470,Inhuma - PI,257.85,24.5,5.208833413346135,PI,22006,Valença do Piauí,993,1,0,20,1,24,any_uf,20.14098690835851,1.0070493454179255,24.169184290030213
220480,Ipiranga do Piauí - PI,255.01,20.700000000000003,1.7982799061767003,PI,22013,Picos,720,0,0,24,2,27,any_uf,33.333333333333336,2.7777777777777777,37.5
220490,Isaías Coelho - PI,396.33,32.2,2.140255009107468,PI,22015,Alto Médio Canindé,474,0,1,15,2,19,any_uf,31.645569620253166,4.219409282700422,40.08438818565401
220500,Itainópolis - PI,236.0,34.3,5.897965202005309,PI,22015,Alto Médio Canindé,599,0,0,16,0,16,any_uf,26.71118530884808,0.0,26.71118530884808
220510,Itaueira - PI,320.42,25.5,17.39832149774048,PI,22009,Floriano,925,0,0,19,4,27,any_uf,20.54054054054054,4.324324324324325,29.18918918918919
220515,Jacobina do Piauí - PI,188.85,33.599999999999994,14.608150470219435,PI,22015,Alto Médio Canindé,226,0,4,3,0,4,any_uf,13.274336283185841,0.0,17.699115044247787
220520,Jaicós - PI,250.11,36.1,7.433768287860815,PI,22015,Alto Médio Canindé,1034,0,0,10,1,11,any_uf,9.671179883945841,0.9671179883945842,10.638297872340425
220525,Jardim do Mulato - PI,215.73,26.599999999999994,0.4051863857374392,PI,22005,Médio Parnaíba Piauiense,280,0,3,16,13,29,any_uf,57.142857142857146,46.42857142857143,103.57142857142857
220527,Jatobá do Piauí - PI,206.37,27.8,11.624326404926869,PI,22004,Campo Maior,412,0,0,9,3,15,any_uf,21.844660194174757,7.281553398058253,36.407766990291265
220530,Jerumenha - PI,264.47,22.700000000000003,37.79399837793999,PI,22009,Floriano,315,0,0,7,0,8,any_uf,22.22222222222222,0.0,25.396825396825395
220535,João Costa - PI,188.79,27.099999999999994,18.52760736196319,PI,22015,Alto Médio Canindé,164,0,0,7,1,9,any_uf,42.68292682926829,6.097560975609756,54.8780487804878
220540,Joaquim Pires - PI,156.13,32.5,10.11137162954279,PI,22001,Baixo Parnaíba Piauiense,1084,1,1,30,9,43,any_uf,27.675276752767527,8.302583025830259,39.66789667896679
220545,Joca Marques - PI,179.2,35.099999999999994,6.6350710900473935,PI,22001,Baixo Parnaíba Piauiense,479,0,1,6,13,20,any_uf,12.526096033402922,27.139874739039666,41.75365344467641
220550,José de Freitas - PI,292.32,22.700000000000003,39.7636087616569,PI,22003,Teresina,3165,0,1,94,132,254,any_uf,29.699842022116904,41.70616113744076,80.25276461295418
220551,Juazeiro do Piauí - PI,206.1,26.40000000000001,23.5342019543974,PI,22004,Campo Maior,366,0,1,9,4,13,any_uf,24.59016393442623,10.92896174863388,35.51912568306011
220552,Júlio Borges - PI,177.29,17.299999999999997,5.15084621044886,PI,22012,Chapadas do Extremo Sul Piauiense,313,0,0,2,0,2,any_uf,6.389776357827476,0.0,6.389776357827476
220553,Jurema - PI,182.04,32.599999999999994,15.396825396825395,PI,22011,São Raimundo Nonato,434,0,33,5,1,6,any_uf,11.52073732718894,2.304147465437788,13.824884792626728
220554,Lagoinha do Piauí - PI,254.75,24.8,2.3225806451612905,PI,22005,Médio Parnaíba Piauiense,180,0,0,6,6,13,any_uf,33.333333333333336,33.333333333333336,72.22222222222223
220555,Lagoa Alegre - PI,227.89,28.40000000000001,41.77732379979571,PI,22003,Teresina,413,0,0,17,34,54,any_uf,41.16222760290557,82.32445520581113,130.75060532687652
220556,Lagoa do Barro do Piauí - PI,149.08,25.40000000000001,0.6878761822871883,PI,22015,Alto Médio Canindé,180,0,1,4,1,6,any_uf,22.22222222222222,5.555555555555555,33.333333333333336
220557,Lagoa de São Francisco - PI,173.88,29.700000000000003,3.0704394942805537,PI,22004,Campo Maior,389,0,0,7,6,14,any_uf,17.994858611825194,15.424164524421593,35.98971722365039
220558,Lagoa do Piauí - PI,242.11,24.8,0.6591337099811676,PI,22003,Teresina,292,1,0,9,16,26,any_uf,30.82191780821918,54.794520547945204,89.04109589041096
220559,Lagoa do Sítio - PI,182.73,32.900000000000006,7.939767282683094,PI,22006,Valença do Piauí,351,0,0,5,0,6,any_uf,14.245014245014245,0.0,17.094017094017094
220560,Landri Sales - PI,250.36,24.8,2.857142857142857,PI,22008,Bertolínia,316,1,1,3,0,3,any_uf,9.49367088607595,0.0,9.49367088607595
220570,Luís Correia - PI,223.78,27.3,16.402266288951843,PI,22002,Litoral Piauiense,2406,0,2,52,16,88,any_uf,21.612635078969245,6.6500415627597675,36.57522859517872
220580,Luzilândia - PI,242.91,33.099999999999994,15.65912936471312,PI,22001,Baixo Parnaíba Piauiense,2262,0,2,23,106,129,any_uf,10.167992926613616,46.86118479221928,57.02917771883289
220585,Madeiro - PI,148.19,30.0,32.95019157088122,PI,22001,Baixo Parnaíba Piauiense,668,1,4,9,20,29,any_uf,13.47305389221557,29.940119760479043,43.41317365269461
220590,Manoel Emídio - PI,218.4,21.5,0.5759539236861051,PI,22008,Bertolínia,337,0,0,4,2,6,any_uf,11.869436201780415,5.9347181008902075,17.80415430267062
220595,Marcolândia - PI,291.1,31.40000000000001,0.226963231956423,PI,22015,Alto Médio Canindé,516,0,298,16,1,18,any_uf,31.007751937984494,1.937984496124031,34.883720930232556
220600,Marcos Parente - PI,289.0,23.099999999999994,4.451510333863275,PI,22008,Bertolínia,207,0,2,7,2,9,any_uf,33.81642512077295,9.66183574879227,43.47826086956522
220605,Massapê do Piauí - PI,195.27,40.2,0.1221747098350641,PI,22015,Alto Médio Canindé,210,0,0,5,0,5,any_uf,23.80952380952381,0.0,23.80952380952381
220610,Matias Olímpio - PI,204.11,31.40000000000001,17.360594795539033,PI,22001,Baixo Parnaíba Piauiense,842,0,12,21,18,41,any_uf,24.94061757719715,21.377672209026127,48.69358669833729
220620,Miguel Alves - PI,216.87,35.099999999999994,10.484604391321296,PI,22001,Baixo Parnaíba Piauiense,2881,1,10,83,138,229,any_uf,28.809441166261713,47.90003471017008,79.48628948281846
220630,Miguel Leão - PI,294.48,26.700000000000003,0.303951367781155,PI,22003,Teresina,88,0,0,3,3,7,any_uf,34.09090909090909,34.09090909090909,79.54545454545455
220635,Milton Brandão - PI,153.64,33.7,2.2196261682243,PI,22004,Campo Maior,413,0,0,5,4,9,any_uf,12.106537530266344,9.685230024213075,21.791767554479417
220640,Monsenhor Gil - PI,269.62,22.3,25.22775052557813,PI,22003,Teresina,690,0,1,23,42,71,any_uf,33.333333333333336,60.869565217391305,102.89855072463769
220650,Monsenhor Hipólito - PI,312.84,31.90000000000001,24.39252336448598,PI,22014,Pio IX,630,0,0,10,0,12,any_uf,15.873015873015873,0.0,19.047619047619047
220660,Monte Alegre do Piauí - PI,215.42,21.599999999999994,2.2231370934540964,PI,22010,Alto Médio Gurguéia,524,0,5,6,1,9,any_uf,11.450381679389313,1.9083969465648856,17.17557251908397
220665,Morro Cabeça no Tempo - PI,144.46,22.599999999999994,2.8513238289205702,PI,22012,Chapadas do Extremo Sul Piauiense,275,0,4,0,0,0,any_uf,0.0,0.0,0.0
220667,Morro do Chapéu do Piauí - PI,223.79,31.200000000000003,35.82089552238806,PI,22001,Baixo Parnaíba Piauiense,473,1,0,4,14,18,any_uf,8.456659619450317,29.59830866807611,38.05496828752643
220669,Murici dos Portelas - PI,167.87,35.5,10.154738878143132,PI,22002,Litoral Piauiense,493,0,0,10,7,18,any_uf,20.28397565922921,14.198782961460447,36.511156186612574
220670,Nazaré do Piauí - PI,215.01,28.3,1.7159199237368925,PI,22009,Floriano,493,0,0,11,3,15,any_uf,22.31237322515213,6.085192697768763,30.425963488843813
220672,Nazária - PI,236.13,27.40000000000001,25.52415679124886,PI,22003,Teresina,56,0,0,1,2,3,any_uf,17.857142857142858,35.714285714285715,53.57142857142857
220675,Nossa Senhora de Nazaré - PI,253.11,23.8,23.070674248578392,PI,22004,Campo Maior,296,0,0,4,1,5,any_uf,13.513513513513514,3.3783783783783785,16.89189189189189
220680,Nossa Senhora dos Remédios - PI,180.19,32.3,39.34108527131783,PI,22001,Baixo Parnaíba Piauiense,452,0,2,11,4,15,any_uf,24.336283185840706,8.849557522123893,33.1858407079646
220690,Novo Oriente do Piauí - PI,237.6,30.200000000000003,14.366925064599483,PI,22006,Valença do Piauí,392,1,0,3,2,5,any_uf,7.653061224489796,5.1020408163265305,12.755102040816327
220695,Novo Santo Antônio - PI,223.59,33.400000000000006,4.490690032858708,PI,22004,Campo Maior,180,0,1,13,9,23,any_uf,72.22222222222223,50.0,127.77777777777777
220700,Oeiras - PI,372.24,23.40000000000001,20.93848958833125,PI,22013,Picos,2879,2,1,22,11,45,any_uf,7.641542202153525,3.8207711010767627,15.630427231677666
220710,Olho D'Água do Piauí - PI,224.02,18.5,62.83068783068783,PI,22005,Médio Parnaíba Piauiense,207,0,0,7,6,13,any_uf,33.81642512077295,28.985507246376812,62.80193236714976
220720,Padre Marcos - PI,214.25,37.0,19.48181365221724,PI,22015,Alto Médio Canindé,363,0,0,29,1,30,any_uf,79.88980716253444,2.7548209366391183,82.64462809917356
220730,Paes Landim - PI,218.51,23.099999999999994,8.526413345690454,PI,22015,Alto Médio Canindé,193,0,0,1,1,2,any_uf,5.181347150259067,5.181347150259067,10.362694300518134
220735,Pajeú do Piauí - PI,260.83,30.099999999999994,22.448979591836736,PI,22011,São Raimundo Nonato,141,0,0,8,1,9,any_uf,56.737588652482266,7.092198581560283,63.829787234042556
220740,Palmeira do Piauí - PI,277.18,23.599999999999994,12.97709923664122,PI,22010,Alto Médio Gurguéia,457,0,0,2,0,4,any_uf,4.3763676148796495,0.0,8.752735229759299
220750,Palmeirais - PI,192.46,29.3,13.117365905469995,PI,22005,Médio Parnaíba Piauiense,928,0,59,42,37,86,any_uf,45.258620689655174,39.87068965517241,92.67241379310344
220755,Paquetá - PI,193.04,39.5,31.07876712328768,PI,22013,Picos,250,0,1,7,1,8,any_uf,28.0,4.0,32.0
220760,Parnaguá - PI,208.61,23.8,3.282009724473258,PI,22012,Chapadas do Extremo Sul Piauiense,971,1,6,5,1,6,any_uf,5.1493305870236865,1.0298661174047374,6.179196704428424
220770,Parnaíba - PI,472.53,15.400000000000006,24.274132974177004,PI,22002,Litoral Piauiense,12258,4,1,382,162,596,any_uf,31.163321912220592,13.215859030837004,48.62130853320281
220775,Passagem Franca do Piauí - PI,323.31,36.8,9.08273381294964,PI,22005,Médio Parnaíba Piauiense,356,0,0,14,21,35,any_uf,39.325842696629216,58.98876404494382,98.31460674157303
220777,Patos do Piauí - PI,213.78,36.0,19.49616648411829,PI,22015,Alto Médio Canindé,277,0,0,8,0,8,any_uf,28.880866425992778,0.0,28.880866425992778
220779,Pau D'Arco do Piauí - PI,162.13,31.5,6.20756547041707,PI,22003,Teresina,219,0,0,10,11,23,any_uf,45.662100456621005,50.22831050228311,105.0228310502283
220780,Paulistana - PI,323.53,27.8,1.0303687635574836,PI,22015,Alto Médio Canindé,2163,0,9,4,6,16,any_uf,1.8492834026814609,2.7739251040221915,7.397133610725843
220785,Pavussu - PI,193.22,32.8,13.89413988657845,PI,22009,Floriano,210,0,0,12,1,14,any_uf,57.142857142857146,4.761904761904762,66.66666666666667
220790,Pedro II - PI,263.45,28.40000000000001,9.39768892524798,PI,22004,Campo Maior,2944,1,0,50,27,80,any_uf,16.983695652173914,9.171195652173912,27.17391304347826
220793,Pedro Laurentino - PI,152.4,20.0,2.748091603053436,PI,22015,Alto Médio Canindé,149,0,0,5,0,7,any_uf,33.557046979865774,0.0,46.97986577181208
220795,Nova Santa Rita - PI,198.86,27.3,46.91901408450704,PI,22015,Alto Médio Canindé,252,0,0,8,1,10,any_uf,31.746031746031747,3.9682539682539684,39.682539682539684
220800,Picos - PI,557.2,16.299999999999997,40.517689291955975,PI,22013,Picos,6190,2,10,223,23,267,any_uf,36.02584814216478,3.715670436187399,43.134087237479804
220810,Pimenteiras - PI,244.87,31.8,5.21356783919598,PI,22006,Valença do Piauí,650,1,2,1,3,7,any_uf,1.5384615384615385,4.615384615384615,10.76923076923077
220820,Pio IX - PI,223.32,28.0,16.340269277845778,PI,22014,Pio IX,1132,1,5,26,4,31,any_uf,22.968197879858657,3.5335689045936394,27.385159010600706
220830,Piracuruca - PI,279.68,26.700000000000003,10.041407867494824,PI,22002,Litoral Piauiense,2057,1,2,38,34,74,any_uf,18.47350510452115,16.52892561983471,35.974720466699075
220840,Piripiri - PI,370.6,23.8,19.234844025897587,PI,22001,Baixo Parnaíba Piauiense,4606,4,2,197,452,661,any_uf,42.77029960920538,98.13287016934433,143.5084672166739
220850,Porto - PI,226.0,32.0,35.046728971962615,PI,22001,Baixo Parnaíba Piauiense,1119,0,3,24,29,56,any_uf,21.447721179624665,25.915996425379802,50.044682752457554
220855,Porto Alegre do Piauí - PI,224.72,24.8,0.4470938897168405,PI,22008,Bertolínia,145,0,0,4,1,5,any_uf,27.586206896551722,6.896551724137931,34.48275862068966
220860,Prata do Piauí - PI,199.1,32.2,15.107102593010149,PI,22006,Valença do Piauí,193,0,1,13,8,21,any_uf,67.35751295336787,41.45077720207254,108.80829015544042
220865,Queimada Nova - PI,168.62,28.700000000000003,1.6887266088544044,PI,22015,Alto Médio Canindé,240,0,5,0,1,2,any_uf,0.0,4.166666666666667,8.333333333333334
220870,Redenção do Gurguéia - PI,249.56,19.5,40.0390625,PI,22010,Alto Médio Gurguéia,833,0,0,4,1,5,any_uf,4.801920768307323,1.2004801920768307,6.002400960384153
220880,Regeneração - PI,289.67,29.0,15.13677811550152,PI,22005,Médio Parnaíba Piauiense,1572,1,4,44,68,116,any_uf,27.989821882951652,43.25699745547074,73.79134860050891
220885,Riacho Frio - PI,155.22,19.0,3.4790365744870653,PI,22012,Chapadas do Extremo Sul Piauiense,195,0,5,1,8,9,any_uf,5.128205128205129,41.02564102564103,46.15384615384615
220887,Ribeira do Piauí - PI,184.31,27.0,10.131795716639209,PI,22015,Alto Médio Canindé,236,0,0,8,0,10,any_uf,33.898305084745765,0.0,42.3728813559322
220890,Ribeiro Gonçalves - PI,258.47,21.0,10.414129110840438,PI,22007,Alto Parnaíba Piauiense,323,0,1,5,0,6,any_uf,15.479876160990711,0.0,18.575851393188856
220900,Rio Grande do Piauí - PI,245.31,27.3,66.68457818377216,PI,22009,Floriano,354,0,0,7,4,13,any_uf,19.774011299435028,11.299435028248588,36.72316384180791
220910,Santa Cruz do Piauí - PI,277.28,33.5,26.30952380952381,PI,22013,Picos,398,1,0,10,3,14,any_uf,25.12562814070352,7.5376884422110555,35.175879396984925
220915,Santa Cruz dos Milagres - PI,207.51,30.90000000000001,3.5271687321258343,PI,22006,Valença do Piauí,247,0,0,11,10,21,any_uf,44.534412955465584,40.48582995951417,85.02024291497976
220920,Santa Filomena - PI,213.12,22.200000000000003,34.85938521909745,PI,22007,Alto Parnaíba Piauiense,5,0,3,0,0,0,any_uf,0.0,0.0,0.0
220930,Santa Luz - PI,227.65,24.0,0.615595075239398,PI,22010,Alto Médio Gurguéia,531,0,7,5,1,7,any_uf,9.416195856873824,1.8832391713747645,13.182674199623353
220935,Santana do Piauí - PI,227.8,27.40000000000001,4.9365303244005645,PI,22013,Picos,335,0,0,7,0,7,any_uf,20.895522388059703,0.0,20.895522388059703
220937,Santa Rosa do Piauí - PI,226.94,28.8,19.896640826873384,PI,22013,Picos,322,0,1,4,1,6,any_uf,12.422360248447205,3.1055900621118013,18.633540372670808
220940,Santo Antônio de Lisboa - PI,328.86,26.599999999999994,10.19144144144144,PI,22014,Pio IX,445,0,2,11,4,15,any_uf,24.719101123595507,8.98876404494382,33.70786516853933
220945,Santo Antônio dos Milagres - PI,206.48,25.599999999999994,5.273069679849341,PI,22005,Médio Parnaíba Piauiense,168,0,0,4,12,16,any_uf,23.80952380952381,71.42857142857143,95.23809523809524
220950,Santo Inácio do Piauí - PI,229.31,27.3,0.0888099467140319,PI,22015,Alto Médio Canindé,185,0,0,1,0,1,any_uf,5.405405405405405,0.0,5.405405405405405
220955,São Braz do Piauí - PI,220.96,27.8,2.113821138211382,PI,22011,São Raimundo Nonato,358,0,0,10,1,12,any_uf,27.932960893854748,2.793296089385475,33.5195530726257
220960,São Félix do Piauí - PI,308.72,29.200000000000003,0.837696335078534,PI,22006,Valença do Piauí,132,1,0,3,8,11,any_uf,22.727272727272727,60.60606060606061,83.33333333333333
220965,São Francisco de Assis do Piauí - PI,140.49,35.3,3.284182305630027,PI,22015,Alto Médio Canindé,237,0,1,2,0,3,any_uf,8.438818565400844,0.0,12.658227848101266
220970,São Francisco do Piauí - PI,256.59,28.90000000000001,2.59525124240751,PI,22009,Floriano,377,0,0,9,0,9,any_uf,23.872679045092838,0.0,23.872679045092838
220975,São Gonçalo do Gurguéia - PI,250.12,22.40000000000001,1.1095700416088763,PI,22010,Alto Médio Gurguéia,113,0,0,0,2,3,any_uf,0.0,17.699115044247787,26.548672566371682
220980,São Gonçalo do Piauí - PI,217.8,24.5,7.094846900672144,PI,22005,Médio Parnaíba Piauiense,358,0,0,15,11,27,any_uf,41.899441340782126,30.726256983240223,75.41899441340782
220985,São João da Canabrava - PI,227.29,33.599999999999994,30.01453488372093,PI,22013,Picos,290,0,0,4,0,5,any_uf,13.793103448275861,0.0,17.24137931034483
220987,São João da Fronteira - PI,193.56,33.7,13.898080741230974,PI,22002,Litoral Piauiense,337,0,2,13,34,48,any_uf,38.57566765578635,100.89020771513353,142.43323442136497
220990,São João da Serra - PI,231.88,34.900000000000006,39.21568627450981,PI,22004,Campo Maior,340,0,0,12,13,27,any_uf,35.294117647058826,38.23529411764706,79.41176470588235
220995,São João da Varjota - PI,224.07,32.099999999999994,21.61520190023753,PI,22013,Picos,423,1,0,3,7,10,any_uf,7.092198581560283,16.548463356973997,23.64066193853428
220997,São João do Arraial - PI,167.75,32.7,25.363825363825363,PI,22001,Baixo Parnaíba Piauiense,668,0,0,7,7,16,any_uf,10.479041916167665,10.479041916167665,23.952095808383234
221000,São João do Piauí - PI,364.59,20.8,8.412609587763477,PI,22015,Alto Médio Canindé,1415,1,5,29,8,46,any_uf,20.49469964664311,5.6537102473498235,32.50883392226148
221005,São José do Divino - PI,213.52,32.7,1.1544011544011543,PI,22002,Litoral Piauiense,311,0,2,9,9,19,any_uf,28.938906752411576,28.938906752411576,61.09324758842444
221010,São José do Peixe - PI,234.53,27.599999999999994,3.389830508474576,PI,22009,Floriano,270,0,1,6,2,8,any_uf,22.22222222222222,7.407407407407407,29.62962962962963
221020,São José do Piauí - PI,274.73,34.8,32.07253886010363,PI,22013,Picos,520,0,1,11,1,13,any_uf,21.153846153846153,1.9230769230769231,25.0
221030,São Julião - PI,315.77,36.2,2.7089337175792507,PI,22014,Pio IX,434,0,1,18,4,22,any_uf,41.474654377880185,9.216589861751151,50.69124423963134
221035,São Lourenço do Piauí - PI,260.27,22.90000000000001,0.3084040092521203,PI,22011,São Raimundo Nonato,271,0,5,4,0,4,any_uf,14.760147601476016,0.0,14.760147601476016
221037,São Luis do Piauí - PI,201.34,30.099999999999994,1.749663526244953,PI,22013,Picos,171,0,1,2,0,2,any_uf,11.695906432748538,0.0,11.695906432748538
221038,São Miguel da Baixa Grande - PI,240.68,35.599999999999994,1.1254019292604502,PI,22006,Valença do Piauí,124,0,0,4,10,15,any_uf,32.25806451612903,80.64516129032258,120.96774193548387
221039,São Miguel do Fidalgo - PI,182.25,29.90000000000001,0.8567931456548348,PI,22009,Floriano,173,0,0,1,1,2,any_uf,5.780346820809249,5.780346820809249,11.560693641618498
221040,São Miguel do Tapuio - PI,183.25,32.7,20.06426993372163,PI,22004,Campo Maior,1401,0,8,13,10,34,any_uf,9.279086366880799,7.137758743754461,24.26837972876517
221050,São Pedro do Piauí - PI,245.4,27.5,10.37509976057462,PI,22005,Médio Parnaíba Piauiense,1047,1,3,43,35,85,any_uf,41.06972301814709,33.42884431709646,81.18433619866285
221060,São Raimundo Nonato - PI,396.44,18.8,4.339399160116292,PI,22011,São Raimundo Nonato,3367,0,9,41,6,54,any_uf,12.177012177012177,1.782001782001782,16.03801603801604
221062,Sebastião Barros - PI,188.82,21.099999999999994,1.3498312710911136,PI,22012,Chapadas do Extremo Sul Piauiense,236,0,97,1,4,6,any_uf,4.237288135593221,16.949152542372882,25.423728813559322
221063,Sebastião Leal - PI,190.53,25.200000000000003,6.542882404951371,PI,22008,Bertolínia,227,1,0,7,2,9,any_uf,30.837004405286343,8.810572687224669,39.647577092511014
221065,Sigefredo Pacheco - PI,194.7,30.700000000000003,27.596223674655047,PI,22004,Campo Maior,634,0,0,20,8,31,any_uf,31.545741324921135,12.618296529968454,48.89589905362776
221070,Simões - PI,257.14,27.40000000000001,33.67040174911178,PI,22015,Alto Médio Canindé,1157,0,99,5,3,8,any_uf,4.32152117545376,2.592912705272256,6.9144338807260155
221080,Simplício Mendes - PI,360.1,22.3,24.53771646609921,PI,22015,Alto Médio Canindé,774,0,2,8,3,13,any_uf,10.335917312661499,3.875968992248062,16.795865633074936
221090,Socorro do Piauí - PI,193.66,25.099999999999994,2.5,PI,22015,Alto Médio Canindé,197,0,1,3,0,4,any_uf,15.228426395939087,0.0,20.304568527918782
221093,Sussuapara - PI,263.63,27.90000000000001,21.909492273730685,PI,22013,Picos,455,0,1,8,0,9,any_uf,17.582417582417584,0.0,19.78021978021978
221095,Tamboril do Piauí - PI,186.49,32.7,54.28194993412384,PI,22011,São Raimundo Nonato,184,0,0,6,1,8,any_uf,32.608695652173914,5.434782608695652,43.47826086956522
221097,Tanque do Piauí - PI,246.83,26.3,80.0,PI,22013,Picos,176,0,0,7,0,7,any_uf,39.77272727272727,0.0,39.77272727272727
221100,Teresina - PI,739.85,8.5,61.80082285261575,PI,22003,Teresina,68596,11,74,3534,4797,9015,any_uf,51.51903901102105,69.93119132310922,131.42165723948918
221110,União - PI,229.01,26.200000000000003,26.8013654396162,PI,22003,Teresina,4166,0,3,108,95,216,any_uf,25.924147863658185,22.803648583773402,51.84829572731637
221120,Uruçuí - PI,349.2,17.0,16.95561059249381,PI,22007,Alto Parnaíba Piauiense,2395,0,1,34,14,60,any_uf,14.19624217118998,5.845511482254698,25.052192066805844
221130,Valença do Piauí - PI,368.53,24.40000000000001,5.3829891039193365,PI,22006,Valença do Piauí,1784,1,4,11,5,18,any_uf,6.165919282511211,2.802690582959641,10.089686098654708
221135,Várzea Branca - PI,200.98,28.8,4.078431372549019,PI,22011,São Raimundo Nonato,392,0,0,3,2,7,any_uf,7.653061224489796,5.1020408163265305,17.857142857142858
221140,Várzea Grande - PI,244.85,30.099999999999994,70.43478260869566,PI,22006,Valença do Piauí,241,0,0,5,2,7,any_uf,20.74688796680498,8.298755186721992,29.04564315352697
221150,Vera Mendes - PI,172.4,39.9,37.70314192849404,PI,22015,Alto Médio Canindé,211,0,0,4,0,4,any_uf,18.95734597156398,0.0,18.95734597156398
221160,Vila Nova do Piauí - PI,258.84,27.8,21.28342245989305,PI,22015,Alto Médio Canindé,191,0,1,9,0,9,any_uf,47.12041884816754,0.0,47.12041884816754
221170,Wall Ferraz - PI,193.48,32.0,0.3481288076588337,PI,22013,Picos,258,0,0,11,1,13,any_uf,42.63565891472868,3.875968992248062,50.3875968992248
230010,Abaiara - CE,227.31,26.3,7.974137931034483,CE,23033,Brejo Santo,288,1,3,4,1,6,any_uf,13.88888888888889,3.4722222222222223,20.833333333333332
230015,Acarape - CE,256.06,19.5,40.82217973231358,CE,23013,Baturité,1147,0,0,33,3,42,any_uf,28.770706190061027,2.6155187445510024,36.61726242371404
230020,Acaraú - CE,246.49,25.700000000000003,17.226317226317228,CE,23001,Litoral de Camocim e Acaraú,4864,4,0,144,16,176,any_uf,29.605263157894736,3.289473684210526,36.18421052631579
230030,Acopiara - CE,263.74,30.099999999999994,19.767054908485857,CE,23021,Sertão de Senador Pompeu,3844,0,9,41,10,54,any_uf,10.665972944849116,2.6014568158168574,14.04786680541103
230040,Aiuaba - CE,199.36,30.200000000000003,10.905813429472737,CE,23020,Sertão de Inhamuns,1008,1,2,18,0,19,any_uf,17.857142857142858,0.0,18.849206349206348
230050,Alcântaras - CE,243.41,25.599999999999994,21.91444600280505,CE,23004,Meruoca,761,1,0,36,1,45,any_uf,47.30617608409987,1.314060446780552,59.13272010512483
230060,Altaneira - CE,237.26,28.200000000000003,14.60028721876496,CE,23030,Caririaçu,505,0,3,19,0,22,any_uf,37.62376237623762,0.0,43.56435643564357
230070,Alto Santo - CE,262.88,27.599999999999994,12.973443622115804,CE,23023,Baixo Jaguaribe,800,0,5,14,4,22,any_uf,17.5,5.0,27.5
230075,Amontada - CE,181.48,23.0,10.02350056196996,CE,23008,Itapipoca,3435,0,0,42,3,55,any_uf,12.22707423580786,0.8733624454148472,16.01164483260553
230080,Antonina do Norte - CE,240.49,29.3,40.50949050949051,CE,23027,Várzea Alegre,594,0,0,20,2,23,any_uf,33.67003367003367,3.367003367003367,38.72053872053872
230090,Apuiarés - CE,221.73,24.200000000000003,2.699922859346876,CE,23011,Médio Curu,706,0,0,22,18,41,any_uf,31.161473087818695,25.495750708215297,58.07365439093484
230100,Aquiraz - CE,344.5,19.0,36.77494789283717,CE,23016,Fortaleza,4398,1,0,151,24,197,any_uf,34.3337880854934,5.457025920873124,44.793087767166895
230110,Aracati - CE,343.59,19.099999999999994,4.541776249241352,CE,23022,Litoral de Aracati,5230,3,111,58,9,87,any_uf,11.089866156787762,1.7208413001912046,16.634799235181646
230120,Aracoiaba - CE,240.12,27.200000000000003,18.29059829059829,CE,23013,Baturité,1701,0,2,42,7,64,any_uf,24.691358024691358,4.11522633744856,37.6249265138154
230125,Ararendá - CE,199.92,30.700000000000003,15.858026701400195,CE,23018,Sertão de Cratéus,578,0,0,4,1,6,any_uf,6.920415224913495,1.7301038062283738,10.380622837370241
230130,Araripe - CE,193.18,29.5,15.060349486578994,CE,23029,Chapada do Araripe,2099,1,0,66,4,83,any_uf,31.44354454502144,1.9056693663649358,39.54263935207241
230140,Aratuba - CE,215.94,22.200000000000003,19.318181818181817,CE,23013,Baturité,944,0,0,28,1,31,any_uf,29.661016949152543,1.0593220338983051,32.83898305084746
230150,Arneiroz - CE,269.7,27.5,24.84531175630652,CE,23020,Sertão de Inhamuns,447,0,0,11,0,13,any_uf,24.60850111856823,0.0,29.082774049217
230160,Assaré - CE,278.47,28.3,21.741169115348548,CE,23029,Chapada do Araripe,1588,0,1,51,4,61,any_uf,32.11586901763224,2.5188916876574305,38.41309823677582
230170,Aurora - CE,252.35,25.0,12.526419613921377,CE,23031,Barro,1810,0,1,16,29,46,any_uf,8.839779005524862,16.022099447513813,25.414364640883978
230180,Baixio - CE,264.81,22.099999999999994,1.7523364485981308,CE,23028,Lavras da Mangabeira,368,0,1,7,3,10,any_uf,19.02173913043478,8.152173913043478,27.17391304347826
230185,Banabuiú - CE,225.09,27.099999999999994,18.558951965065503,CE,23019,Sertão de Quixeramobim,1344,0,0,14,1,18,any_uf,10.416666666666666,0.7440476190476191,13.392857142857142
230190,Barbalha - CE,361.63,17.0,18.417109385642284,CE,23032,Cariri,5612,0,3,280,23,344,any_uf,49.89308624376336,4.098360655737705,61.29722024233785
230195,Barreira - CE,241.79,24.599999999999994,13.428519790348815,CE,23014,Chorozinho,1424,0,0,27,5,38,any_uf,18.96067415730337,3.5112359550561796,26.685393258426966
230200,Barro - CE,249.5,21.599999999999994,11.251435132032148,CE,23031,Barro,1164,0,3,24,6,32,any_uf,20.61855670103093,5.154639175257732,27.491408934707902
230205,Barroquinha - CE,191.16,31.0,21.40141227593699,CE,23001,Litoral de Camocim e Acaraú,894,0,141,15,2,20,any_uf,16.778523489932887,2.237136465324385,22.371364653243848
230210,Baturité - CE,279.97,20.40000000000001,46.16308263290034,CE,23013,Baturité,2679,1,1,66,7,95,any_uf,24.63605823068309,2.612915266890631,35.46099290780142
230220,Beberibe - CE,301.5,23.3,11.549115704240355,CE,23015,Cascavel,2764,0,3,60,15,80,any_uf,21.70767004341534,5.426917510853835,28.94356005788712
230230,Bela Cruz - CE,219.61,24.3,20.80528546497133,CE,23001,Litoral de Camocim e Acaraú,1988,1,0,61,8,82,any_uf,30.6841046277666,4.0241448692152915,41.24748490945674
230240,Boa Viagem - CE,246.69,28.700000000000003,40.45670538542767,CE,23019,Sertão de Quixeramobim,3447,0,4,16,1,35,any_uf,4.641717435451117,0.2901073397156948,10.153756890049317
230250,Brejo Santo - CE,318.84,21.0,62.17308802904051,CE,23033,Brejo Santo,2954,1,5,78,7,93,any_uf,26.404874746106973,2.3696682464454977,31.48273527420447
230260,Camocim - CE,259.47,23.700000000000003,31.44790602655771,CE,23001,Litoral de Camocim e Acaraú,4981,0,9,51,2,74,any_uf,10.238907849829351,0.4015257980325236,14.856454527203374
230270,Campos Sales - CE,300.07,26.200000000000003,23.620599054125066,CE,23029,Chapada do Araripe,2484,2,11,22,2,31,any_uf,8.856682769726248,0.8051529790660226,12.47987117552335
230280,Canindé - CE,267.23,22.0,25.218045112781954,CE,23012,Canindé,6114,3,3,44,8,82,any_uf,7.196597971867845,1.3084723585214262,13.411841674844618
230290,Capistrano - CE,202.69,25.40000000000001,15.951187622575723,CE,23013,Baturité,1171,0,0,38,2,45,any_uf,32.450896669513234,1.7079419299743808,38.42869342442357
230300,Caridade - CE,201.92,23.90000000000001,10.261800114656983,CE,23012,Canindé,1238,0,0,13,1,19,any_uf,10.500807754442649,0.8077544426494345,15.347334410339258
230310,Cariré - CE,223.75,27.0,6.468051744413955,CE,23005,Sobral,1033,1,0,50,2,57,any_uf,48.4027105517909,1.936108422071636,55.179090029041625
230320,Caririaçu - CE,241.49,27.90000000000001,15.71650869995756,CE,23030,Caririaçu,1904,0,1,98,10,117,any_uf,51.470588235294116,5.2521008403361344,61.44957983193277
230330,Cariús - CE,237.32,28.599999999999994,12.065846599131692,CE,23027,Várzea Alegre,1022,0,3,18,6,26,any_uf,17.61252446183953,5.870841487279844,25.44031311154599
230340,Carnaubal - CE,220.78,26.200000000000003,2.670753064798599,CE,23002,Ibiapaba,1215,0,2,11,2,16,any_uf,9.053497942386832,1.646090534979424,13.168724279835391
230350,Cascavel - CE,304.07,20.8,14.521364337785345,CE,23015,Cascavel,5192,1,7,231,33,301,any_uf,44.49152542372882,6.3559322033898304,57.973805855161785
230360,Catarina - CE,243.71,27.099999999999994,18.725099601593627,CE,23020,Sertão de Inhamuns,569,0,0,16,2,21,any_uf,28.1195079086116,3.51493848857645,36.90685413005272
230365,Catunda - CE,221.12,27.0,1.5289406625409538,CE,23007,Santa Quitéria,588,1,0,24,2,29,any_uf,40.816326530612244,3.401360544217687,49.31972789115646
230370,Caucaia - CE,366.8,12.0,57.14718250630782,CE,23016,Fortaleza,21299,5,3,487,70,639,any_uf,22.86492323583267,3.2865392741443262,30.001408516831777
230380,Cedro - CE,313.6,25.40000000000001,8.929561841375484,CE,23026,Iguatu,1469,2,1,13,12,26,any_uf,8.849557522123893,8.168822328114363,17.699115044247787
230390,Chaval - CE,205.38,29.40000000000001,7.216494845360825,CE,23001,Litoral de Camocim e Acaraú,1048,0,196,15,1,18,any_uf,14.312977099236642,0.9541984732824428,17.17557251908397
230393,Choró - CE,167.46,28.40000000000001,11.274060494958754,CE,23019,Sertão de Quixeramobim,946,0,0,10,1,17,any_uf,10.570824524312897,1.0570824524312896,17.970401691331922
230395,Chorozinho - CE,275.01,26.40000000000001,4.836050558710387,CE,23014,Chorozinho,1201,1,0,63,7,77,any_uf,52.456286427976686,5.828476269775187,64.11323896752707
230400,Coreaú - CE,208.29,32.8,17.683749157113958,CE,23003,Coreaú,1595,1,0,85,5,100,any_uf,53.291536050156736,3.134796238244514,62.69592476489028
230410,Crateús - CE,366.61,23.0,49.36895439889452,CE,23018,Sertão de Cratéus,5310,4,3,45,6,64,any_uf,8.474576271186441,1.1299435028248588,12.052730696798493
230420,Crato - CE,459.98,13.700000000000005,44.10611643330877,CE,23032,Cariri,10956,3,1,689,32,775,any_uf,62.88791529755385,2.9207740051113547,70.73749543629062
230423,Croatá - CE,167.75,31.200000000000003,23.898199875853507,CE,23002,Ibiapaba,1127,0,2,23,6,46,any_uf,20.408163265306122,5.323868677905945,40.816326530612244
230425,Cruz - CE,279.42,21.5,6.845767923612235,CE,23001,Litoral de Camocim e Acaraú,1749,2,0,34,30,75,any_uf,19.439679817038307,17.152658662092623,42.88164665523156
230426,Deputado Irapuan Pinheiro - CE,230.02,29.200000000000003,2.063721940622737,CE,23021,Sertão de Senador Pompeu,424,0,1,12,2,14,any_uf,28.30188679245283,4.716981132075472,33.0188679245283
230427,Ereré - CE,239.91,28.200000000000003,20.053050397877985,CE,23025,Serra do Pereiro,127,0,9,8,1,9,any_uf,62.99212598425197,7.874015748031496,70.86614173228347
230428,Eusébio - CE,605.08,12.200000000000005,32.34206592714971,CE,23016,Fortaleza,2786,1,0,95,12,133,any_uf,34.099066762383345,4.3072505384063176,47.73869346733668
230430,Farias Brito - CE,227.42,24.90000000000001,12.638991845811711,CE,23030,Caririaçu,1557,0,0,69,8,82,any_uf,44.3159922928709,5.138086062941555,52.66538214515093
230435,Forquilha - CE,291.33,23.40000000000001,72.30794217963293,CE,23005,Sobral,1689,2,0,102,7,121,any_uf,60.39076376554174,4.144464179988159,71.64002368265245
230440,Fortaleza - CE,812.61,6.599999999999994,74.66742528159354,CE,23016,Fortaleza,159950,35,39,6197,809,7882,any_uf,38.74335729915599,5.057830572053767,49.27789934354486
230445,Fortim - CE,261.19,24.099999999999994,2.0442520442520444,CE,23022,Litoral de Aracati,818,0,2,10,1,12,any_uf,12.224938875305623,1.2224938875305624,14.669926650366747
230450,Frecheirinha - CE,244.4,29.200000000000003,12.493340436867342,CE,23003,Coreaú,1098,1,0,59,6,71,any_uf,53.73406193078324,5.46448087431694,64.66302367941712
230460,General Sampaio - CE,239.31,28.0,4.002582311168496,CE,23011,Médio Curu,334,0,0,11,6,17,any_uf,32.93413173652694,17.964071856287426,50.89820359281437
230465,Graça - CE,192.89,30.8,6.530898876404494,CE,23005,Sobral,1003,0,0,39,5,49,any_uf,38.88334995014955,4.985044865403789,48.85343968095713
230470,Granja - CE,170.49,34.099999999999994,12.735813319190848,CE,23001,Litoral de Camocim e Acaraú,3881,4,102,67,11,90,any_uf,17.263591857768617,2.8343210512754444,23.189899510435456
230480,Granjeiro - CE,221.05,27.0,26.04611443210931,CE,23030,Caririaçu,329,0,0,10,1,12,any_uf,30.3951367781155,3.0395136778115504,36.474164133738604
230490,Groaíras - CE,303.36,22.700000000000003,29.51146560319043,CE,23005,Sobral,698,0,0,38,4,44,any_uf,54.44126074498568,5.730659025787966,63.03724928366762
230495,Guaiúba - CE,231.79,20.700000000000003,19.209127852453893,CE,23016,Fortaleza,1826,0,0,40,2,46,any_uf,21.90580503833516,1.095290251916758,25.191675794085434
230500,Guaraciaba do Norte - CE,242.8,24.90000000000001,8.10228274713432,CE,23002,Ibiapaba,2943,1,2,44,14,72,any_uf,14.950730547060822,4.757050628610262,24.464831804281346
230510,Guaramiranga - CE,281.6,15.5,73.89255419415646,CE,23013,Baturité,422,0,0,16,0,20,any_uf,37.91469194312796,0.0,47.39336492890995
230520,Hidrolândia - CE,241.33,26.90000000000001,6.490727532097004,CE,23007,Santa Quitéria,1220,0,0,55,5,69,any_uf,45.08196721311475,4.098360655737705,56.557377049180324
230523,Horizonte - CE,317.75,14.200000000000005,13.995917325848431,CE,23017,Pacajus,5063,1,2,271,21,314,any_uf,53.52557772071894,4.147738494963461,62.01856606754888
230526,Ibaretama - CE,199.26,31.200000000000003,2.9907084785133566,CE,23019,Sertão de Quixeramobim,880,1,0,11,0,14,any_uf,12.5,0.0,15.909090909090908
230530,Ibiapina - CE,255.58,22.40000000000001,18.593120545398204,CE,23002,Ibiapaba,1950,1,0,25,28,60,any_uf,12.820512820512821,14.35897435897436,30.76923076923077
230533,Ibicuitinga - CE,192.66,26.700000000000003,15.748521630874572,CE,23023,Baixo Jaguaribe,806,0,0,9,0,12,any_uf,11.166253101736972,0.0,14.88833746898263
230535,Icapuí - CE,277.5,23.8,14.975105323630792,CE,23022,Litoral de Aracati,1260,1,188,12,2,19,any_uf,9.523809523809524,1.5873015873015872,15.079365079365079
230540,Icó - CE,268.98,30.90000000000001,35.81573896353167,CE,23026,Iguatu,4676,1,76,108,38,152,any_uf,23.09666381522669,8.126603934987168,32.50641573994867
230550,Iguatu - CE,426.07,21.40000000000001,27.79669260700389,CE,23026,Iguatu,7243,2,4,395,32,466,any_uf,54.53541350269226,4.4180588154079805,64.33798149937871
230560,Independência - CE,257.47,25.8,32.37294917967187,CE,23018,Sertão de Cratéus,1518,1,1,6,5,14,any_uf,3.952569169960474,3.2938076416337285,9.22266139657444
230565,Ipaporanga - CE,178.98,30.099999999999994,2.0063055316709657,CE,23018,Sertão de Cratéus,757,0,3,8,1,11,any_uf,10.568031704095112,1.321003963011889,14.531043593130779
230570,Ipaumirim - CE,372.76,25.3,16.751556310130166,CE,23028,Lavras da Mangabeira,645,0,2,17,6,25,any_uf,26.356589147286822,9.30232558139535,38.75968992248062
230580,Ipu - CE,295.1,25.5,7.5369763528474,CE,23006,Ipu,2960,1,1,65,5,80,any_uf,21.95945945945946,1.6891891891891893,27.027027027027028
230590,Ipueiras - CE,219.26,28.5,21.076192216334736,CE,23006,Ipu,2144,0,6,38,4,48,any_uf,17.723880597014926,1.8656716417910448,22.388059701492537
230600,Iracema - CE,325.83,25.0,22.48995983935743,CE,23025,Serra do Pereiro,806,0,2,33,2,37,any_uf,40.94292803970223,2.4813895781637716,45.90570719602977
230610,Irauçuba - CE,204.56,25.3,36.83171869393613,CE,23005,Sobral,1663,1,0,69,4,80,any_uf,41.49128081779916,2.4052916416115453,48.10583283223091
230620,Itaiçaba - CE,291.86,20.8,3.326039387308534,CE,23022,Litoral de Aracati,380,1,0,4,0,5,any_uf,10.526315789473685,0.0,13.157894736842104
230625,Itaitinga - CE,274.07,15.799999999999995,5.7975691083145104,CE,23016,Fortaleza,1780,1,0,94,7,107,any_uf,52.80898876404494,3.932584269662921,60.1123595505618
230630,Itapajé - CE,251.11,20.90000000000001,26.624883936861654,CE,23010,Uruburetama,3656,0,0,67,10,86,any_uf,18.326039387308533,2.735229759299781,23.522975929978116
230640,Itapipoca - CE,259.1,20.3,34.712620645893864,CE,23008,Itapipoca,10782,3,1,132,19,190,any_uf,12.242626599888704,1.762196253014283,17.62196253014283
230650,Itapiúna - CE,205.87,27.5,15.189616710606368,CE,23013,Baturité,1348,1,0,48,4,68,any_uf,35.60830860534124,2.9673590504451037,50.445103857566764
230655,Itarema - CE,209.93,23.8,12.51126126126126,CE,23001,Litoral de Camocim e Acaraú,3432,2,1,123,14,152,any_uf,35.83916083916084,4.0792540792540795,44.28904428904429
230660,Itatira - CE,194.31,29.099999999999994,5.723835387507834,CE,23012,Canindé,1630,1,1,15,3,21,any_uf,9.202453987730062,1.8404907975460123,12.883435582822086
230670,Jaguaretama - CE,244.87,25.90000000000001,5.772956218519954,CE,23024,Médio Jaguaribe,1064,0,1,23,2,28,any_uf,21.616541353383457,1.8796992481203008,26.31578947368421
230680,Jaguaribara - CE,284.0,23.8,57.142857142857146,CE,23024,Médio Jaguaribe,657,0,2,21,2,23,any_uf,31.963470319634702,3.0441400304414,35.007610350076106
230690,Jaguaribe - CE,282.2,23.40000000000001,54.0836456894851,CE,23024,Médio Jaguaribe,2016,0,0,110,9,142,any_uf,54.56349206349206,4.464285714285714,70.43650793650794
230700,Jaguaruana - CE,270.77,25.099999999999994,13.70489757720703,CE,23023,Baixo Jaguaribe,1693,0,12,43,4,49,any_uf,25.39870053160071,2.362669816893089,28.942705256940343
230710,Jardim - CE,240.02,23.599999999999994,38.298183948447566,CE,23032,Cariri,2532,1,3,58,6,68,any_uf,22.906793048973142,2.3696682464454977,26.856240126382307
230720,Jati - CE,263.65,24.0,18.386061439706555,CE,23033,Brejo Santo,402,1,12,6,2,10,any_uf,14.925373134328359,4.975124378109452,24.875621890547265
230725,Jijoca de Jericoacoara - CE,363.51,20.700000000000003,14.349112426035504,CE,23001,Litoral de Camocim e Acaraú,901,1,1,37,7,47,any_uf,41.06548279689234,7.769145394006659,52.16426193118757
230730,Juazeiro do Norte - CE,433.27,14.900000000000006,47.6999609550115,CE,23032,Cariri,19175,2,23,1065,104,1271,any_uf,55.541069100391134,5.423728813559322,66.28422425032595
230740,Jucás - CE,224.19,27.8,27.55917159763313,CE,23027,Várzea Alegre,1865,0,1,38,3,64,any_uf,20.37533512064343,1.6085790884718498,34.316353887399465
230750,Lavras da Mangabeira - CE,263.43,26.40000000000001,28.425925925925927,CE,23028,Lavras da Mangabeira,1766,0,1,32,3,37,any_uf,18.12004530011325,1.6987542468856172,20.951302378255946
230760,Limoeiro do Norte - CE,398.67,17.599999999999994,21.78148515429038,CE,23023,Baixo Jaguaribe,3048,1,3,70,9,80,any_uf,22.965879265091864,2.952755905511811,26.246719160104988
230763,Madalena - CE,220.56,23.200000000000003,11.772072636192862,CE,23019,Sertão de Quixeramobim,1095,0,2,11,0,11,any_uf,10.045662100456621,0.0,10.045662100456621
230765,Maracanaú - CE,355.11,9.0,69.47832095353256,CE,23016,Fortaleza,22213,2,1,291,37,428,any_uf,13.100436681222707,1.6656912618736777,19.26799621843065
230770,Maranguape - CE,289.84,13.900000000000006,32.33853160364339,CE,23016,Fortaleza,5725,2,0,119,14,158,any_uf,20.786026200873362,2.445414847161572,27.59825327510917
230780,Marco - CE,265.97,26.0,8.383736559139784,CE,23001,Litoral de Camocim e Acaraú,2566,1,0,87,9,104,any_uf,33.90491036632891,3.5074045206547155,40.53000779423227
230790,Martinópole - CE,229.15,26.0,4.138950480413895,CE,23001,Litoral de Camocim e Acaraú,834,0,0,23,5,32,any_uf,27.577937649880095,5.995203836930456,38.36930455635492
230800,Massapê - CE,224.68,25.40000000000001,38.542229912404025,CE,23005,Sobral,2977,1,0,157,18,199,any_uf,52.737655357742696,6.046355391333558,66.84581793752099
230810,Mauriti - CE,231.84,26.200000000000003,19.32628684368824,CE,23031,Barro,3228,2,4,18,2,27,any_uf,5.5762081784386615,0.6195786864931846,8.364312267657992
230820,Meruoca - CE,257.22,16.599999999999994,8.581235697940503,CE,23004,Meruoca,1129,1,0,69,4,82,any_uf,61.11603188662533,3.5429583702391496,72.63064658990257
230830,Milagres - CE,260.18,26.200000000000003,12.865347798340778,CE,23033,Brejo Santo,1695,0,6,35,2,38,any_uf,20.64896755162242,1.1799410029498525,22.4188790560472
230835,Milhã - CE,258.16,26.5,22.15272348188689,CE,23021,Sertão de Senador Pompeu,696,0,0,11,0,13,any_uf,15.804597701149426,0.0,18.67816091954023
230837,Miraíma - CE,187.19,28.5,20.48192771084337,CE,23005,Sobral,1093,0,0,17,2,21,any_uf,15.553522415370539,1.829826166514181,19.213174748398902
230840,Missão Velha - CE,292.59,25.200000000000003,10.614586781418955,CE,23032,Cariri,2824,1,71,77,8,95,any_uf,27.26628895184136,2.8328611898016995,33.640226628895185
230850,Mombaça - CE,242.34,30.8,28.83409945674885,CE,23021,Sertão de Senador Pompeu,2324,1,0,55,4,60,any_uf,23.666092943201377,1.721170395869191,25.817555938037867
230860,Monsenhor Tabosa - CE,234.1,27.0,6.234256926952141,CE,23018,Sertão de Cratéus,960,0,0,15,1,24,any_uf,15.625,1.0416666666666667,25.0
230870,Morada Nova - CE,273.71,25.700000000000003,9.602194787379972,CE,23023,Baixo Jaguaribe,3713,1,1,82,10,123,any_uf,22.084567734985185,2.6932399676811203,33.12685160247778
230880,Moraújo - CE,171.9,28.8,7.307873644507308,CE,23003,Coreaú,566,1,0,16,2,21,any_uf,28.268551236749115,3.5335689045936394,37.102473498233216
230890,Morrinhos - CE,203.09,25.700000000000003,23.332083958020988,CE,23001,Litoral de Camocim e Acaraú,1540,1,0,57,5,66,any_uf,37.01298701298701,3.2467532467532467,42.857142857142854
230900,Mucambo - CE,251.89,27.700000000000003,18.12588736393753,CE,23005,Sobral,829,1,0,44,2,47,any_uf,53.07599517490953,2.4125452352231602,56.69481302774427
230910,Mulungu - CE,241.5,20.40000000000001,30.020491803278688,CE,23013,Baturité,701,0,0,20,1,23,any_uf,28.530670470756064,1.4265335235378032,32.810271041369475
230920,Nova Olinda - CE,267.63,20.90000000000001,44.15975885455916,CE,23032,Cariri,1274,1,1,50,4,56,any_uf,39.24646781789639,3.1397174254317113,43.956043956043956
230930,Nova Russas - CE,301.46,26.0,20.920727116274065,CE,23018,Sertão de Cratéus,2195,0,0,56,3,70,any_uf,25.5125284738041,1.366742596810934,31.890660592255124
230940,Novo Oriente - CE,241.49,30.200000000000003,26.38090477380655,CE,23018,Sertão de Cratéus,1881,0,1,6,3,14,any_uf,3.189792663476874,1.594896331738437,7.442849548112706
230945,Ocara - CE,206.09,26.90000000000001,11.565127599940997,CE,23014,Chorozinho,1468,0,0,75,4,88,any_uf,51.08991825613079,2.7247956403269753,59.94550408719346
230950,Orós - CE,292.21,27.200000000000003,37.64310792245459,CE,23026,Iguatu,1574,0,0,32,13,45,any_uf,20.330368487928844,8.259212198221093,28.589580686149937
230960,Pacajus - CE,347.59,16.700000000000003,7.079092511514187,CE,23017,Pacajus,3548,1,0,125,21,165,any_uf,35.23111612175874,5.918827508455468,46.50507328072153
230970,Pacatuba - CE,329.82,8.599999999999994,77.56105381285737,CE,23016,Fortaleza,3601,0,9,66,14,93,any_uf,18.328242154956957,3.8878089419605666,25.82615940016662
230980,Pacoti - CE,277.27,17.799999999999997,45.54682383759005,CE,23013,Baturité,883,0,0,25,3,34,any_uf,28.312570781426952,3.3975084937712343,38.50509626274066
230990,Pacujá - CE,261.24,25.099999999999994,46.71240708976558,CE,23005,Sobral,390,1,0,23,1,26,any_uf,58.97435897435897,2.5641025641025643,66.66666666666667
231000,Palhano - CE,281.25,26.099999999999994,16.0857908847185,CE,23023,Baixo Jaguaribe,512,0,0,12,1,17,any_uf,23.4375,1.953125,33.203125
231010,Palmácia - CE,313.47,21.700000000000003,14.114211550940947,CE,23013,Baturité,554,0,0,9,0,11,any_uf,16.24548736462094,0.0,19.855595667870038
231020,Paracuru - CE,316.16,18.3,31.911713990113807,CE,23009,Baixo Curu,2408,0,2,45,7,55,any_uf,18.687707641196013,2.9069767441860463,22.840531561461795
231025,Paraipaba - CE,281.12,17.700000000000003,29.239980449657867,CE,23009,Baixo Curu,1964,0,0,54,9,63,any_uf,27.4949083503055,4.582484725050916,32.07739307535642
231030,Parambu - CE,207.87,31.40000000000001,30.64408290617339,CE,23020,Sertão de Inhamuns,2026,0,7,20,4,43,any_uf,9.871668311944719,1.9743336623889438,21.224086870681145
231040,Paramoti - CE,191.48,26.5,10.465116279069768,CE,23012,Canindé,615,0,0,5,0,8,any_uf,8.130081300813009,0.0,13.008130081300813
231050,Pedra Branca - CE,221.47,30.3,36.5959943015168,CE,23021,Sertão de Senador Pompeu,2935,0,2,23,3,30,any_uf,7.836456558773424,1.0221465076660987,10.221465076660989
231060,Penaforte - CE,264.65,20.200000000000003,57.09916994320664,CE,23033,Brejo Santo,633,0,4,23,0,25,any_uf,36.334913112164294,0.0,39.494470774091624
231070,Pentecoste - CE,256.85,22.599999999999994,28.058429701765064,CE,23011,Médio Curu,2459,0,0,51,200,259,any_uf,20.74013826758845,81.3338755591704,105.32736884912566
231080,Pereiro - CE,200.5,26.40000000000001,13.091410197519522,CE,23025,Serra do Pereiro,903,0,40,14,2,19,any_uf,15.503875968992247,2.2148394241417497,21.040974529346624
231085,Pindoretama - CE,294.06,19.8,1.235723647257068,CE,23015,Cascavel,1193,1,0,55,10,66,any_uf,46.102263202011734,8.382229673093043,55.322715842414084
231090,Piquet Carneiro - CE,215.1,23.8,5.228758169934641,CE,23021,Sertão de Senador Pompeu,736,3,0,13,3,17,any_uf,17.66304347826087,4.076086956521739,23.097826086956523
231095,Pires Ferreira - CE,188.75,26.3,5.667144906743185,CE,23006,Ipu,477,0,1,14,0,17,any_uf,29.350104821802937,0.0,35.63941299790356
231100,Poranga - CE,209.52,29.700000000000003,11.74220129487934,CE,23006,Ipu,702,1,48,5,2,8,any_uf,7.122507122507122,2.849002849002849,11.396011396011396
231110,Porteiras - CE,215.84,26.40000000000001,30.3519768563163,CE,23032,Cariri,1083,0,0,30,1,34,any_uf,27.700831024930746,0.9233610341643582,31.39427516158818
231120,Potengi - CE,212.73,31.0,7.991513437057992,CE,23029,Chapada do Araripe,823,0,0,32,1,33,any_uf,38.88213851761847,1.2150668286755772,40.09720534629405
231123,Potiretama - CE,234.58,27.3,0.8211143695014663,CE,23025,Serra do Pereiro,295,0,99,4,2,6,any_uf,13.559322033898304,6.779661016949152,20.338983050847457
231126,Quiterianópolis - CE,206.12,29.599999999999994,15.344285214959804,CE,23018,Sertão de Cratéus,812,0,4,6,1,7,any_uf,7.389162561576355,1.2315270935960592,8.620689655172415
231130,Quixadá - CE,310.28,21.099999999999994,54.10866027843066,CE,23019,Sertão de Quixeramobim,7284,3,6,89,6,154,any_uf,12.218561230093355,0.8237232289950577,21.14222954420648
231135,Quixelô - CE,239.34,33.2,23.43078245915736,CE,23026,Iguatu,1082,0,0,58,5,65,any_uf,53.60443622920518,4.621072088724584,60.07393715341959
231140,Quixeramobim - CE,314.56,21.90000000000001,43.94412971283454,CE,23019,Sertão de Quixeramobim,5636,6,0,97,11,141,any_uf,17.210787792760822,1.951738821859475,25.017743080198724
231150,Quixeré - CE,254.65,23.599999999999994,2.8415858431172367,CE,23023,Baixo Jaguaribe,1148,0,3,23,1,25,any_uf,20.034843205574912,0.8710801393728222,21.777003484320556
231160,Redenção - CE,267.52,21.700000000000003,17.01839826839827,CE,23013,Baturité,2302,0,0,38,3,46,any_uf,16.507384882710685,1.3032145960034753,19.98262380538662
231170,Reriutaba - CE,255.92,26.0,5.841247088335424,CE,23006,Ipu,1319,0,0,60,4,67,any_uf,45.489006823351026,3.0326004548900682,50.79605761940864
231180,Russas - CE,368.95,17.799999999999997,28.88148547351918,CE,23023,Baixo Jaguaribe,4465,0,2,111,10,129,any_uf,24.860022396416575,2.2396416573348263,28.89137737961926
231190,Saboeiro - CE,218.11,29.5,9.096960284002662,CE,23020,Sertão de Inhamuns,1103,0,0,22,5,27,any_uf,19.945602901178603,4.533091568449683,24.478694469628287
231195,Salitre - CE,176.47,35.2,11.73027989821883,CE,23029,Chapada do Araripe,1450,0,9,62,2,65,any_uf,42.758620689655174,1.3793103448275863,44.827586206896555
231200,Santana do Acaraú - CE,214.08,26.599999999999994,36.213772932730656,CE,23005,Sobral,2501,2,0,102,6,134,any_uf,40.78368652538985,2.3990403838464616,53.57856857257097
231210,Santana do Cariri - CE,210.63,26.099999999999994,21.951219512195124,CE,23032,Cariri,1343,0,0,65,6,81,any_uf,48.39910647803425,4.467609828741623,60.31273268801191
231220,Santa Quitéria - CE,229.69,24.599999999999994,23.663541930580188,CE,23007,Santa Quitéria,2874,3,2,56,10,72,any_uf,19.485038274182326,3.4794711203897006,25.052192066805844
231230,São Benedito - CE,257.18,23.8,28.10511527972895,CE,23002,Ibiapaba,3758,0,3,40,20,75,any_uf,10.6439595529537,5.32197977647685,19.957424161788186
231240,São Gonçalo do Amarante - CE,301.35,18.200000000000003,26.059445508284075,CE,23009,Baixo Curu,3352,0,0,85,14,100,any_uf,25.35799522673031,4.176610978520286,29.832935560859188
231250,São João do Jaguaribe - CE,371.87,23.700000000000003,24.16602017067494,CE,23023,Baixo Jaguaribe,270,0,0,5,1,6,any_uf,18.51851851851852,3.7037037037037037,22.22222222222222
231260,São Luís do Curu - CE,252.2,21.0,4.052543320290665,CE,23011,Médio Curu,794,1,0,18,17,39,any_uf,22.670025188916878,21.410579345088163,49.1183879093199
231270,Senador Pompeu - CE,280.59,24.8,36.828869608952594,CE,23021,Sertão de Senador Pompeu,1814,0,0,46,7,59,any_uf,25.35832414553473,3.8588754134509373,32.52480705622933
231280,Senador Sá - CE,211.97,29.3,7.839912280701754,CE,23005,Sobral,624,0,0,21,3,27,any_uf,33.65384615384615,4.8076923076923075,43.26923076923077
231290,Sobral - CE,436.87,15.099999999999994,75.68289786223278,CE,23005,Sobral,16195,11,1,1113,77,1328,any_uf,68.72491509725224,4.754553874652671,82.00061747452918
231300,Solonópole - CE,266.77,24.099999999999994,12.98185941043084,CE,23021,Sertão de Senador Pompeu,913,0,0,12,2,16,any_uf,13.143483023001096,2.190580503833516,17.524644030668128
231310,Tabuleiro do Norte - CE,373.81,20.700000000000003,24.613529218287468,CE,23023,Baixo Jaguaribe,1296,0,6,32,3,42,any_uf,24.691358024691358,2.314814814814815,32.407407407407405
231320,Tamboril - CE,208.81,29.700000000000003,11.909235438647205,CE,23018,Sertão de Cratéus,1633,0,1,10,2,17,any_uf,6.12369871402327,1.224739742804654,10.41028781383956
231325,Tarrafas - CE,212.94,31.700000000000003,2.4115755627009645,CE,23027,Várzea Alegre,286,0,1,14,2,17,any_uf,48.95104895104895,6.993006993006993,59.44055944055944
231330,Tauá - CE,298.93,25.0,33.50147637795276,CE,23020,Sertão de Inhamuns,4089,0,2,87,1,100,any_uf,21.27659574468085,0.24455857177794083,24.455857177794083
231335,Tejuçuoca - CE,198.87,24.599999999999994,2.7279086034040567,CE,23011,Médio Curu,1065,1,0,29,16,47,any_uf,27.230046948356808,15.023474178403756,44.13145539906103
231340,Tianguá - CE,384.26,21.5,40.35675082327113,CE,23002,Ibiapaba,6201,0,3,63,11,115,any_uf,10.159651669085632,1.7739074342847927,18.54539590388647
231350,Trairi - CE,203.65,21.0,6.344456082597636,CE,23008,Itapipoca,3858,0,0,20,12,39,any_uf,5.184033177812338,3.1104199066874028,10.10886469673406
231355,Tururu - CE,183.54,25.3,1.6496465043205029,CE,23010,Uruburetama,1326,0,0,13,2,20,any_uf,9.803921568627452,1.5082956259426847,15.082956259426847
231360,Ubajara - CE,313.74,22.099999999999994,8.253205128205128,CE,23002,Ibiapaba,2638,0,0,34,4,68,any_uf,12.88855193328279,1.5163002274450341,25.77710386656558
231370,Umari - CE,223.05,30.099999999999994,14.524361948955915,CE,23028,Lavras da Mangabeira,416,0,1,6,7,14,any_uf,14.423076923076923,16.826923076923077,33.65384615384615
231375,Umirim - CE,190.79,25.200000000000003,7.213252254141329,CE,23010,Uruburetama,1431,1,0,23,6,38,any_uf,16.07267645003494,4.1928721174004195,26.55485674353599
231380,Uruburetama - CE,263.63,20.700000000000003,19.168900804289542,CE,23010,Uruburetama,1808,0,2,42,2,50,any_uf,23.23008849557522,1.1061946902654867,27.654867256637168
231390,Uruoca - CE,181.26,32.3,24.89427685367917,CE,23003,Coreaú,841,0,0,30,5,37,any_uf,35.6718192627824,5.945303210463734,43.99524375743163
231395,Varjota - CE,279.54,23.90000000000001,25.26143120770966,CE,23006,Ipu,1221,0,0,49,1,57,any_uf,40.13104013104013,0.819000819000819,46.68304668304668
231400,Várzea Alegre - CE,273.72,26.099999999999994,18.42994541200936,CE,23027,Várzea Alegre,2788,0,2,114,28,145,any_uf,40.88952654232425,10.043041606886657,52.00860832137733
231410,Viçosa do Ceará - CE,202.74,27.3,9.578233298923465,CE,23002,Ibiapaba,5100,1,6,154,26,208,any_uf,30.19607843137255,5.098039215686274,40.78431372549019
240010,Acari - RN,407.77,16.200000000000003,82.23504403279684,RN,24012,Seridó Oriental,825,0,0,5,144,149,any_uf,6.0606060606060606,174.54545454545453,180.6060606060606
240020,Assú - RN,426.22,20.700000000000003,13.626566078404958,RN,24004,Vale do Açu,4362,1,1,42,16,87,any_uf,9.628610729023384,3.6680421824850984,19.944979367262725
240030,Afonso Bezerra - RN,252.49,29.0,51.821586653047326,RN,24009,Angicos,682,0,0,11,2,17,any_uf,16.129032258064516,2.932551319648094,24.926686217008797
240040,Água Nova - RN,205.56,20.40000000000001,7.070707070707071,RN,24005,Serra de São Miguel,245,0,0,5,1,6,any_uf,20.408163265306122,4.081632653061225,24.489795918367346
240050,Alexandria - RN,294.2,31.0,57.2484076433121,RN,24006,Pau dos Ferros,945,0,5,12,3,17,any_uf,12.698412698412698,3.1746031746031744,17.98941798941799
240060,Almino Afonso - RN,286.88,23.40000000000001,12.604456824512535,RN,24007,Umarizal,402,0,0,1,0,2,any_uf,2.487562189054726,0.0,4.975124378109452
240070,Alto do Rodrigues - RN,441.5,18.200000000000003,8.200391827595858,RN,24004,Vale do Açu,711,0,0,20,0,24,any_uf,28.129395218002813,0.0,33.755274261603375
240080,Angicos - RN,334.86,24.5,38.284132841328415,RN,24009,Angicos,910,0,0,14,6,34,any_uf,15.384615384615385,6.593406593406593,37.362637362637365
240090,Antônio Martins - RN,247.46,28.8,24.8203162434116,RN,24007,Umarizal,412,0,1,3,0,8,any_uf,7.281553398058253,0.0,19.41747572815534
240100,Apodi - RN,356.88,22.099999999999994,10.291029102910292,RN,24002,Chapada do Apodi,2570,1,0,31,2,70,any_uf,12.062256809338521,0.7782101167315175,27.237354085603112
240110,Areia Branca - RN,445.19,15.400000000000006,29.05321354526607,RN,24001,Mossoró,1767,0,2,21,2,29,any_uf,11.884550084889643,1.1318619128466327,16.411997736276174
240120,Arez - RN,299.22,23.700000000000003,20.15683996514668,RN,24019,Litoral Sul,805,0,0,42,6,52,any_uf,52.17391304347826,7.453416149068323,64.59627329192547
240130,Campo Grande - RN,376.89,27.0,17.498081350729088,RN,24003,Médio Oeste,570,0,0,4,4,17,any_uf,7.017543859649122,7.017543859649122,29.82456140350877
240140,Baía Formosa - RN,309.79,20.8,10.363887609396592,RN,24019,Litoral Sul,595,0,3,22,28,52,any_uf,36.97478991596638,47.05882352941177,87.39495798319328
240145,Baraúna - RN,255.44,25.599999999999994,9.675025968244547,RN,24001,Mossoró,2197,1,2,23,7,34,any_uf,10.468821119708693,3.186162949476559,15.475648611743287
240150,Barcelona - RN,266.48,27.40000000000001,25.32981530343008,RN,24014,Borborema Potiguar,200,0,2,5,0,6,any_uf,25.0,0.0,30.0
240160,Bento Fernandes - RN,232.18,26.099999999999994,13.77983063895304,RN,24013,Baixa Verde,315,0,2,15,1,17,any_uf,47.61904761904762,3.1746031746031744,53.96825396825397
240165,Bodó - RN,274.38,23.3,40.57553956834533,RN,24010,Serra de Santana,208,1,0,7,1,8,any_uf,33.65384615384615,4.8076923076923075,38.46153846153846
240170,Bom Jesus - RN,295.86,29.599999999999994,10.502625656414104,RN,24015,Agreste Potiguar,659,0,0,29,0,29,any_uf,44.00606980273141,0.0,44.00606980273141
240180,Brejinho - RN,297.73,29.0,31.556503198294244,RN,24015,Agreste Potiguar,894,0,1,34,3,38,any_uf,38.03131991051454,3.3557046979865772,42.50559284116331
240185,Caiçara do Norte - RN,273.99,23.700000000000003,40.41095890410959,RN,24008,Macau,402,0,0,16,1,17,any_uf,39.80099502487562,2.487562189054726,42.288557213930346
240190,Caiçara do Rio do Vento - RN,240.51,23.90000000000001,58.52017937219731,RN,24009,Angicos,250,0,0,12,1,14,any_uf,48.0,4.0,56.0
240200,Caicó - RN,622.27,14.200000000000005,76.83961757439037,RN,24011,Seridó Ocidental,4163,0,2,39,7,52,any_uf,9.368244054768196,1.6814797021378813,12.49099207302426
240210,Campo Redondo - RN,247.37,23.40000000000001,45.58414464534075,RN,24014,Borborema Potiguar,633,0,1,12,1,16,any_uf,18.95734597156398,1.5797788309636651,25.276461295418642
240220,Canguaretama - RN,250.2,23.90000000000001,5.283706402915148,RN,24019,Litoral Sul,2821,2,4,89,20,124,any_uf,31.549096065225097,7.089684509039348,43.956043956043956
240230,Caraúbas - RN,320.97,24.8,12.785543811796796,RN,24002,Chapada do Apodi,1476,0,3,9,1,37,any_uf,6.097560975609756,0.6775067750677507,25.067750677506776
240240,Carnaúba dos Dantas - RN,386.98,13.200000000000005,16.75579322638146,RN,24012,Seridó Oriental,396,0,3,9,14,23,any_uf,22.727272727272727,35.35353535353536,58.08080808080808
240250,Carnaubais - RN,293.26,23.90000000000001,45.283700758944704,RN,24004,Vale do Açu,665,0,0,6,2,9,any_uf,9.022556390977444,3.007518796992481,13.533834586466165
240260,Ceará-Mirim - RN,313.91,20.5,55.11018566718723,RN,24017,Macaíba,5480,1,2,270,43,343,any_uf,49.27007299270073,7.846715328467154,62.59124087591241
240270,Cerro Corá - RN,281.57,24.90000000000001,4.746317512274959,RN,24010,Serra de Santana,850,1,1,27,2,33,any_uf,31.764705882352942,2.3529411764705883,38.8235294117647
240280,Coronel Ezequiel - RN,236.21,27.099999999999994,20.21614748887476,RN,24014,Borborema Potiguar,357,0,12,4,0,5,any_uf,11.204481792717086,0.0,14.005602240896359
240290,Coronel João Pessoa - RN,242.47,30.40000000000001,0.3142183817753338,RN,24005,Serra de São Miguel,270,0,3,9,1,11,any_uf,33.333333333333336,3.7037037037037037,40.74074074074074
240300,Cruzeta - RN,338.17,20.40000000000001,66.19028174765211,RN,24012,Seridó Oriental,470,0,0,9,18,28,any_uf,19.148936170212767,38.297872340425535,59.57446808510638
240310,Currais Novos - RN,517.61,16.400000000000006,83.42426187419768,RN,24012,Seridó Oriental,2659,0,3,128,2,135,any_uf,48.13839789394509,0.752162467092892,50.77096652877022
240320,Doutor Severiano - RN,269.35,22.40000000000001,25.40937323546019,RN,24005,Serra de São Miguel,501,0,0,14,0,15,any_uf,27.944111776447105,0.0,29.940119760479043
240325,Parnamirim - RN,833.82,7.599999999999994,57.58258880472078,RN,24018,Natal,13322,3,8,92,5,201,any_uf,6.905869989491068,0.3753190211679928,15.08782465095331
240330,Encanto - RN,307.9,21.90000000000001,16.070222822417286,RN,24005,Serra de São Miguel,382,1,0,15,2,17,any_uf,39.26701570680628,5.2356020942408374,44.50261780104712
240340,Equador - RN,287.83,20.5,50.43427909669948,RN,24012,Seridó Oriental,366,0,18,14,1,16,any_uf,38.25136612021858,2.73224043715847,43.71584699453552
240350,Espírito Santo - RN,233.05,35.7,19.89830508474576,RN,24019,Litoral Sul,740,0,2,14,4,22,any_uf,18.91891891891892,5.405405405405405,29.72972972972973
240360,Extremoz - RN,413.22,16.299999999999997,37.8058162794276,RN,24018,Natal,1950,0,1,137,6,159,any_uf,70.25641025641026,3.076923076923077,81.53846153846153
240370,Felipe Guerra - RN,293.23,20.0,4.910179640718563,RN,24002,Chapada do Apodi,325,1,0,1,0,3,any_uf,3.076923076923077,0.0,9.23076923076923
240375,Fernando Pedroza - RN,266.24,28.200000000000003,7.042253521126761,RN,24009,Angicos,240,1,0,10,0,13,any_uf,41.666666666666664,0.0,54.166666666666664
240380,Florânia - RN,356.23,21.700000000000003,73.50863422291994,RN,24010,Serra de Santana,669,0,0,20,2,28,any_uf,29.895366218236173,2.9895366218236172,41.85351270553064
240390,Francisco Dantas - RN,296.86,27.40000000000001,1.0778443113772456,RN,24006,Pau dos Ferros,197,0,0,3,1,6,any_uf,15.228426395939087,5.0761421319796955,30.456852791878173
240400,Frutuoso Gomes - RN,264.57,23.90000000000001,1.6216216216216215,RN,24007,Umarizal,325,0,1,7,2,10,any_uf,21.53846153846154,6.153846153846154,30.76923076923077
240410,Galinhos - RN,287.83,24.700000000000003,0.8960573476702509,RN,24008,Macau,132,0,0,5,1,6,any_uf,37.878787878787875,7.575757575757576,45.45454545454545
240420,Goianinha - RN,357.39,21.700000000000003,43.24517512508935,RN,24019,Litoral Sul,2137,1,0,69,11,89,any_uf,32.288254562470755,5.147402901263454,41.647168928404305
240430,Governador Dix-Sept Rosado - RN,263.5,22.700000000000003,31.57894736842105,RN,24002,Chapada do Apodi,935,1,0,13,4,20,any_uf,13.903743315508022,4.278074866310161,21.390374331550802
240440,Grossos - RN,398.69,24.3,17.67425320056899,RN,24001,Mossoró,589,3,0,10,5,16,any_uf,16.97792869269949,8.488964346349745,27.164685908319186
240450,Guamaré - RN,395.06,21.40000000000001,37.308501051366775,RN,24008,Macau,989,0,0,41,7,52,any_uf,41.45601617795753,7.077856420626896,52.578361981799794
240460,Ielmo Marinho - RN,202.4,25.8,18.96088384592416,RN,24015,Agreste Potiguar,574,0,1,34,6,41,any_uf,59.23344947735192,10.452961672473867,71.42857142857143
240470,Ipanguaçu - RN,271.68,26.0,18.43220338983051,RN,24004,Vale do Açu,1235,0,1,21,5,32,any_uf,17.004048582995953,4.048582995951417,25.910931174089068
240480,Ipueira - RN,393.6,22.5,1.875,RN,24011,Seridó Ocidental,99,0,3,1,1,2,any_uf,10.1010101010101,10.1010101010101,20.2020202020202
240485,Itajá - RN,304.68,24.3,15.576820839978735,RN,24004,Vale do Açu,644,0,0,5,1,6,any_uf,7.763975155279503,1.5527950310559007,9.316770186335404
240490,Itaú - RN,306.42,20.3,3.289473684210526,RN,24006,Pau dos Ferros,332,1,0,7,1,10,any_uf,21.08433734939759,3.0120481927710845,30.120481927710845
240500,Jaçanã - RN,257.66,25.099999999999994,0.733074601121173,RN,24014,Borborema Potiguar,524,1,26,11,1,13,any_uf,20.99236641221374,1.9083969465648856,24.80916030534351
240510,Jandaíra - RN,234.81,30.0,14.870689655172416,RN,24013,Baixa Verde,424,0,1,15,6,22,any_uf,35.37735849056604,14.150943396226415,51.886792452830186
240520,Janduís - RN,266.39,25.5,41.766268260292165,RN,24003,Médio Oeste,417,0,0,9,4,16,any_uf,21.58273381294964,9.59232613908873,38.36930455635492
240530,Januário Cicco - RN,189.99,32.599999999999994,12.016293279022404,RN,24015,Agreste Potiguar,565,0,0,29,3,36,any_uf,51.32743362831859,5.3097345132743365,63.716814159292035
240540,Japi - RN,211.63,32.7,52.97805642633229,RN,24014,Borborema Potiguar,545,0,21,6,2,10,any_uf,11.009174311926605,3.669724770642202,18.34862385321101
240550,Jardim de Angicos - RN,254.03,26.700000000000003,9.04109589041096,RN,24009,Angicos,150,0,0,7,3,10,any_uf,46.666666666666664,20.0,66.66666666666667
240560,Jardim de Piranhas - RN,298.1,23.5,21.13041223749028,RN,24011,Seridó Ocidental,860,0,3,11,4,17,any_uf,12.790697674418604,4.651162790697675,19.767441860465116
240570,Jardim do Seridó - RN,445.31,17.099999999999994,73.74185136897002,RN,24012,Seridó Oriental,427,0,1,4,8,12,any_uf,9.36768149882904,18.73536299765808,28.10304449648712
240580,João Câmara - RN,333.49,25.0,17.54180797567536,RN,24013,Baixa Verde,2471,0,2,74,9,89,any_uf,29.947389720760825,3.642250101173614,36.01780655605018
240590,João Dias - RN,169.91,36.6,37.63297872340426,RN,24007,Umarizal,193,0,8,2,0,2,any_uf,10.362694300518134,0.0,10.362694300518134
240600,José da Penha - RN,298.51,27.40000000000001,21.693414499169894,RN,24006,Pau dos Ferros,310,0,0,7,0,8,any_uf,22.580645161290324,0.0,25.806451612903224
240610,Jucurutu - RN,299.14,29.099999999999994,31.86562915164168,RN,24004,Vale do Açu,1214,0,1,41,22,74,any_uf,33.77265238879736,18.12191103789127,60.95551894563427
240615,Jundiá - RN,245.4,33.099999999999994,6.75146771037182,RN,24015,Agreste Potiguar,242,1,0,3,1,4,any_uf,12.396694214876034,4.132231404958677,16.52892561983471
240620,Lagoa d'Anta - RN,291.03,30.599999999999994,6.6547831253713605,RN,24015,Agreste Potiguar,445,0,0,12,14,28,any_uf,26.96629213483146,31.46067415730337,62.92134831460674
240630,Lagoa de Pedras - RN,212.54,33.5,8.478038815117467,RN,24015,Agreste Potiguar,497,0,0,10,2,12,any_uf,20.120724346076457,4.0241448692152915,24.14486921529175
240640,Lagoa de Velhos - RN,267.29,25.0,18.68279569892473,RN,24014,Borborema Potiguar,212,1,0,7,0,7,any_uf,33.0188679245283,0.0,33.0188679245283
240650,Lagoa Nova - RN,226.63,26.599999999999994,46.38783269961977,RN,24010,Serra de Santana,1259,1,0,55,5,61,any_uf,43.68546465448769,3.971405877680699,48.451151707704526
240660,Lagoa Salgada - RN,237.12,34.5,2.2520364159080017,RN,24015,Agreste Potiguar,746,0,0,33,3,38,any_uf,44.23592493297587,4.021447721179625,50.938337801608576
240670,Lajes - RN,286.4,25.099999999999994,61.07497432386169,RN,24009,Angicos,621,0,0,23,1,26,any_uf,37.03703703703704,1.6103059581320451,41.86795491143317
240680,Lajes Pintadas - RN,256.13,25.3,34.55098934550989,RN,24014,Borborema Potiguar,410,0,0,4,2,8,any_uf,9.75609756097561,4.878048780487805,19.51219512195122
240690,Lucrécia - RN,388.17,22.099999999999994,72.95004712535344,RN,24007,Umarizal,234,0,0,3,0,4,any_uf,12.820512820512821,0.0,17.094017094017094
240700,Luís Gomes - RN,226.42,26.8,3.8846153846153846,RN,24005,Serra de São Miguel,651,0,2,11,3,16,any_uf,16.897081413210447,4.608294930875576,24.577572964669738
240710,Macaíba - RN,358.8,21.0,19.5499152237579,RN,24017,Macaíba,4734,3,3,219,13,273,any_uf,46.261089987325725,2.746092099704267,57.667934093789604
240720,Macau - RN,448.18,17.799999999999997,70.66416334193852,RN,24008,Macau,2591,0,2,42,8,81,any_uf,16.209957545349287,3.0876109610189117,31.26206098031648
240725,Major Sales - RN,281.96,26.40000000000001,20.83748753738784,RN,24005,Serra de São Miguel,272,0,0,8,0,9,any_uf,29.41176470588235,0.0,33.088235294117645
240730,Marcelino Vieira - RN,277.98,27.90000000000001,31.007104053489343,RN,24006,Pau dos Ferros,587,0,0,14,1,15,any_uf,23.850085178875638,1.7035775127768313,25.55366269165247
240740,Martins - RN,289.72,18.0,0.2913025384935497,RN,24007,Umarizal,462,0,1,9,2,15,any_uf,19.48051948051948,4.329004329004329,32.467532467532465
240750,Maxaranguape - RN,294.29,19.8,5.510597302504817,RN,24016,Litoral Nordeste,773,0,1,50,4,60,any_uf,64.68305304010349,5.174644243208279,77.61966364812419
240760,Messias Targino - RN,348.42,30.3,17.517006802721088,RN,24003,Médio Oeste,233,0,4,4,0,4,any_uf,17.167381974248926,0.0,17.167381974248926
240770,Montanhas - RN,244.33,27.3,5.331179321486268,RN,24019,Litoral Sul,819,0,2,42,31,79,any_uf,51.282051282051285,37.85103785103785,96.45909645909646
240780,Monte Alegre - RN,277.5,26.90000000000001,23.586061985641745,RN,24015,Agreste Potiguar,1417,0,0,37,20,60,any_uf,26.11150317572336,14.114326040931546,42.342978122794634
240790,Monte das Gameleiras - RN,255.4,27.8,25.229357798165136,RN,24014,Borborema Potiguar,202,0,3,4,2,7,any_uf,19.801980198019802,9.900990099009901,34.65346534653465
240800,Mossoró - RN,590.33,13.0,64.89879370271927,RN,24001,Mossoró,17722,12,4,199,86,315,any_uf,11.228980927660535,4.852725426024151,17.77451754880939
240810,Natal - RN,921.29,8.0,62.76865855419027,RN,24018,Natal,48326,4,19,3238,191,3787,any_uf,67.00326946157348,3.952323800852543,78.36361378967844
240820,Nísia Floresta - RN,329.63,20.700000000000003,21.49239692741809,RN,24017,Macaíba,1688,0,0,44,4,55,any_uf,26.066350710900473,2.3696682464454977,32.58293838862559
240830,Nova Cruz - RN,307.24,29.200000000000003,14.132434089515634,RN,24015,Agreste Potiguar,2936,1,4,67,464,544,any_uf,22.82016348773842,158.03814713896458,185.28610354223434
240840,Olho d'Água do Borges - RN,285.44,32.7,2.414330218068536,RN,24007,Umarizal,219,0,0,1,1,3,any_uf,4.566210045662101,4.566210045662101,13.698630136986301
240850,Ouro Branco - RN,347.55,19.599999999999994,16.846652267818573,RN,24012,Seridó Oriental,239,0,13,4,0,4,any_uf,16.736401673640167,0.0,16.736401673640167
240860,Paraná - RN,213.88,31.8,1.1586452762923352,RN,24006,Pau dos Ferros,279,0,15,2,1,3,any_uf,7.168458781362007,3.5842293906810037,10.75268817204301
240870,Paraú - RN,292.69,26.099999999999994,18.63636363636364,RN,24003,Médio Oeste,171,0,0,2,1,3,any_uf,11.695906432748538,5.847953216374269,17.54385964912281
240880,Parazinho - RN,232.63,29.5,44.8559670781893,RN,24013,Baixa Verde,337,0,0,16,0,19,any_uf,47.47774480712166,0.0,56.37982195845697
240890,Parelhas - RN,386.68,15.799999999999995,70.94115707928135,RN,24012,Seridó Oriental,1848,1,0,91,7,102,any_uf,49.24242424242424,3.787878787878788,55.1948051948052
240895,Rio do Fogo - RN,236.42,24.5,0.8956386292834891,RN,24016,Litoral Nordeste,798,0,1,49,3,55,any_uf,61.40350877192982,3.7593984962406015,68.92230576441102
240910,Passa e Fica - RN,258.3,30.0,59.5807402554864,RN,24015,Agreste Potiguar,768,0,2,23,5,29,any_uf,29.947916666666668,6.510416666666667,37.760416666666664
240920,Passagem - RN,237.92,26.099999999999994,6.168446026097271,RN,24015,Agreste Potiguar,201,0,0,5,5,11,any_uf,24.875621890547265,24.875621890547265,54.72636815920398
240930,Patu - RN,326.35,26.099999999999994,21.85612300933553,RN,24007,Umarizal,817,0,13,11,1,14,any_uf,13.46389228886169,1.2239902080783354,17.135862913096695
240933,Santa Maria - RN,239.8,26.599999999999994,0.9146341463414634,RN,24015,Agreste Potiguar,299,0,4,16,0,17,any_uf,53.51170568561873,0.0,56.8561872909699
240940,Pau dos Ferros - RN,499.06,17.0,57.55727091633466,RN,24006,Pau dos Ferros,2206,0,2,63,5,76,any_uf,28.558476881233002,2.2665457842248413,34.45149592021759
240950,Pedra Grande - RN,206.95,23.3,3.10077519379845,RN,24016,Litoral Nordeste,240,0,0,14,1,18,any_uf,58.333333333333336,4.166666666666667,75.0
240960,Pedra Preta - RN,215.29,22.3,4.078549848942598,RN,24009,Angicos,165,0,2,5,1,6,any_uf,30.303030303030305,6.0606060606060606,36.36363636363637
240970,Pedro Avelino - RN,286.66,25.8,49.42240080361627,RN,24009,Angicos,353,0,0,18,1,19,any_uf,50.991501416430594,2.8328611898016995,53.82436260623229
240980,Pedro Velho - RN,257.19,29.3,36.39937106918239,RN,24019,Litoral Sul,1076,0,0,37,9,51,any_uf,34.386617100371744,8.364312267657992,47.39776951672862
240990,Pendências - RN,389.38,21.40000000000001,61.74792531120332,RN,24004,Vale do Açu,865,1,0,20,2,27,any_uf,23.121387283236995,2.3121387283236996,31.213872832369944
241000,Pilões - RN,259.43,27.8,21.979166666666668,RN,24006,Pau dos Ferros,216,0,1,2,1,3,any_uf,9.25925925925926,4.62962962962963,13.88888888888889
241010,Poço Branco - RN,258.71,27.8,9.467103304554929,RN,24013,Baixa Verde,774,0,0,34,1,41,any_uf,43.92764857881137,1.2919896640826873,52.97157622739018
241020,Portalegre - RN,295.33,22.099999999999994,1.1267605633802815,RN,24006,Pau dos Ferros,506,0,0,17,0,17,any_uf,33.59683794466403,0.0,33.59683794466403
241025,Porto do Mangue - RN,255.03,26.3,0.2775850104094379,RN,24004,Vale do Açu,357,0,0,2,0,2,any_uf,5.602240896358543,0.0,5.602240896358543
241030,Serra Caiada - RN,240.01,29.90000000000001,27.512998266897743,RN,24015,Agreste Potiguar,781,0,0,20,5,30,any_uf,25.60819462227913,6.402048655569782,38.41229193341869
241040,Pureza - RN,193.38,25.700000000000003,1.4411901441190145,RN,24016,Litoral Nordeste,550,0,0,25,5,30,any_uf,45.45454545454545,9.090909090909092,54.54545454545455
241050,Rafael Fernandes - RN,309.39,22.8,20.83024462564863,RN,24006,Pau dos Ferros,366,0,1,9,1,11,any_uf,24.59016393442623,2.73224043715847,30.05464480874317
241060,Rafael Godeiro - RN,299.2,23.099999999999994,3.5639412997903563,RN,24007,Umarizal,230,0,1,2,1,4,any_uf,8.695652173913043,4.3478260869565215,17.391304347826086
241070,Riacho da Cruz - RN,230.21,24.40000000000001,59.49506037321625,RN,24006,Pau dos Ferros,254,0,0,7,0,8,any_uf,27.559055118110237,0.0,31.496062992125985
241080,Riacho de Santana - RN,236.56,25.200000000000003,15.26530612244898,RN,24005,Serra de São Miguel,311,0,1,4,2,6,any_uf,12.861736334405144,6.430868167202572,19.292604501607716
241090,Riachuelo - RN,259.35,27.8,60.88840736728061,RN,24015,Agreste Potiguar,531,0,0,24,5,33,any_uf,45.19774011299435,9.416195856873824,62.14689265536723
241100,Rodolfo Fernandes - RN,260.4,28.0,21.686746987951807,RN,24006,Pau dos Ferros,316,0,0,8,0,8,any_uf,25.31645569620253,0.0,25.31645569620253
241105,Tibau - RN,366.07,21.0,31.65182987141444,RN,24001,Mossoró,349,0,0,4,0,6,any_uf,11.461318051575931,0.0,17.191977077363898
241110,Ruy Barbosa - RN,240.35,28.5,0.7223942208462333,RN,24014,Borborema Potiguar,191,0,1,10,1,13,any_uf,52.35602094240838,5.2356020942408374,68.06282722513089
241120,Santa Cruz - RN,318.64,22.099999999999994,81.4661692043965,RN,24014,Borborema Potiguar,3396,0,4,60,11,97,any_uf,17.6678445229682,3.239104829210836,28.56301531213192
241140,Santana do Matos - RN,250.67,26.90000000000001,58.53718804052384,RN,24010,Serra de Santana,772,0,0,24,10,34,any_uf,31.088082901554404,12.953367875647668,44.04145077720207
241142,Santana do Seridó - RN,325.16,18.200000000000003,65.56016597510373,RN,24012,Seridó Oriental,154,0,2,1,3,4,any_uf,6.4935064935064934,19.48051948051948,25.974025974025974
241150,Santo Antônio - RN,318.35,27.90000000000001,21.079893266363207,RN,24015,Agreste Potiguar,2068,2,1,58,13,86,any_uf,28.04642166344294,6.286266924564797,41.58607350096712
241160,São Bento do Norte - RN,229.9,30.40000000000001,65.99496221662469,RN,24008,Macau,206,0,0,16,1,17,any_uf,77.66990291262135,4.854368932038835,82.52427184466019
241170,São Bento do Trairí - RN,208.01,25.40000000000001,70.49659201557935,RN,24014,Borborema Potiguar,376,0,0,4,1,7,any_uf,10.638297872340425,2.6595744680851063,18.617021276595743
241180,São Fernando - RN,308.77,25.200000000000003,37.387836490528414,RN,24011,Seridó Ocidental,224,0,0,0,0,0,any_uf,0.0,0.0,0.0
241190,São Francisco do Oeste - RN,297.59,25.200000000000003,0.5172413793103449,RN,24006,Pau dos Ferros,246,0,0,3,0,3,any_uf,12.195121951219512,0.0,12.195121951219512
241200,São Gonçalo do Amarante - RN,359.96,13.900000000000006,65.63330743118891,RN,24017,Macaíba,8655,0,0,299,28,419,any_uf,34.546504910456385,3.2351242056614673,48.41132293471981
241210,São João do Sabugi - RN,376.57,19.099999999999994,4.295812941816204,RN,24011,Seridó Ocidental,352,0,0,2,0,2,any_uf,5.681818181818182,0.0,5.681818181818182
241220,São José de Mipibu - RN,322.78,22.90000000000001,19.279562922492826,RN,24017,Macaíba,3412,3,1,84,10,103,any_uf,24.6189917936694,2.9308323563892147,30.187573270808908
241230,São José do Campestre - RN,259.62,26.5,43.69382429689765,RN,24014,Borborema Potiguar,922,0,0,27,7,37,any_uf,29.284164859002168,7.592190889370933,40.130151843817785
241240,São José do Seridó - RN,404.11,14.799999999999995,66.63974151857835,RN,24012,Seridó Oriental,187,0,0,3,6,10,any_uf,16.0427807486631,32.0855614973262,53.475935828877006
241250,São Miguel - RN,281.96,27.200000000000003,3.820116054158608,RN,24005,Serra de São Miguel,1703,0,32,16,4,20,any_uf,9.395184967704052,2.348796241926013,11.743981209630064
241255,São Miguel do Gostoso - RN,256.37,26.599999999999994,2.9585798816568047,RN,24016,Litoral Nordeste,535,0,0,31,2,38,any_uf,57.94392523364486,3.7383177570093458,71.02803738317758
241260,São Paulo do Potengi - RN,298.76,23.40000000000001,59.66423680141374,RN,24015,Agreste Potiguar,1228,0,0,32,7,48,any_uf,26.058631921824105,5.700325732899023,39.08794788273616
241270,São Pedro - RN,284.36,28.200000000000003,2.8438769587928032,RN,24015,Agreste Potiguar,507,0,34,23,2,26,any_uf,45.36489151873767,3.9447731755424065,51.282051282051285
241280,São Rafael - RN,306.67,29.40000000000001,60.8298755186722,RN,24004,Vale do Açu,397,0,5,4,0,4,any_uf,10.075566750629722,0.0,10.075566750629722
241290,São Tomé - RN,266.0,28.40000000000001,27.33974358974359,RN,24014,Borborema Potiguar,665,0,4,33,0,36,any_uf,49.62406015037594,0.0,54.13533834586466
241300,São Vicente - RN,320.92,21.5,61.01601325234677,RN,24010,Serra de Santana,301,0,0,7,0,7,any_uf,23.25581395348837,0.0,23.25581395348837
241310,Senador Elói de Souza - RN,203.09,28.099999999999994,17.875647668393782,RN,24015,Agreste Potiguar,383,0,0,17,3,21,any_uf,44.38642297650131,7.83289817232376,54.83028720626632
241320,Senador Georgino Avelino - RN,224.55,25.599999999999994,1.8234165067178505,RN,24019,Litoral Sul,341,0,0,12,0,14,any_uf,35.19061583577712,0.0,41.05571847507331
241330,Serra de São Bento - RN,242.24,34.599999999999994,11.426767676767676,RN,24014,Borborema Potiguar,404,0,0,4,2,6,any_uf,9.900990099009901,4.9504950495049505,14.851485148514852
241335,Serra do Mel - RN,280.64,23.200000000000003,1.4342058085335243,RN,24001,Mossoró,1058,0,0,11,2,13,any_uf,10.396975425330814,1.890359168241966,12.287334593572778
241340,Serra Negra do Norte - RN,288.55,23.599999999999994,74.33751743375174,RN,24011,Seridó Ocidental,476,2,17,3,0,3,any_uf,6.302521008403361,0.0,6.302521008403361
241350,Serrinha - RN,239.32,28.099999999999994,3.5353535353535355,RN,24015,Agreste Potiguar,562,0,2,10,2,15,any_uf,17.793594306049823,3.5587188612099645,26.690391459074732
241355,Serrinha dos Pintos - RN,249.53,24.700000000000003,0.6559766763848397,RN,24007,Umarizal,240,0,0,8,0,8,any_uf,33.333333333333336,0.0,33.333333333333336
241360,Severiano Melo - RN,285.53,26.200000000000003,9.971014492753625,RN,24006,Pau dos Ferros,474,0,0,4,1,8,any_uf,8.438818565400844,2.109704641350211,16.877637130801688
241370,Sítio Novo - RN,213.34,28.700000000000003,13.244569025928522,RN,24014,Borborema Potiguar,429,0,0,9,0,10,any_uf,20.97902097902098,0.0,23.31002331002331
241380,Taboleiro Grande - RN,276.78,21.5,1.1594202898550725,RN,24006,Pau dos Ferros,181,0,0,8,0,8,any_uf,44.19889502762431,0.0,44.19889502762431
241390,Taipu - RN,233.26,32.099999999999994,5.812807881773399,RN,24016,Litoral Nordeste,616,0,1,47,3,53,any_uf,76.2987012987013,4.87012987012987,86.03896103896103
241400,Tangará - RN,263.83,24.0,77.31694828469023,RN,24014,Borborema Potiguar,1182,0,1,24,0,31,any_uf,20.304568527918782,0.0,26.22673434856176
241410,Tenente Ananias - RN,276.13,24.8,28.76455125797972,RN,24006,Pau dos Ferros,692,0,0,7,2,9,any_uf,10.115606936416185,2.8901734104046244,13.00578034682081
241415,Tenente Laurentino Cruz - RN,256.17,19.90000000000001,6.229720960415315,RN,24010,Serra de Santana,516,1,0,14,0,15,any_uf,27.131782945736433,0.0,29.069767441860463
241420,Tibau do Sul - RN,466.52,20.3,23.65724930145917,RN,24019,Litoral Sul,856,0,2,43,0,45,any_uf,50.23364485981308,0.0,52.570093457943926
241430,Timbaúba dos Batistas - RN,361.22,21.200000000000003,97.33333333333331,RN,24011,Seridó Ocidental,124,0,1,0,0,0,any_uf,0.0,0.0,0.0
241440,Touros - RN,262.51,27.0,19.63337547408344,RN,24016,Litoral Nordeste,2334,1,1,123,12,163,any_uf,52.69922879177378,5.141388174807198,69.83718937446444
241445,Triunfo Potiguar - RN,276.4,27.599999999999994,1.3086150490730644,RN,24003,Médio Oeste,269,0,0,8,1,9,any_uf,29.739776951672862,3.717472118959108,33.45724907063197
241450,Umarizal - RN,304.32,23.700000000000003,4.996796925048046,RN,24007,Umarizal,752,0,1,9,2,14,any_uf,11.96808510638298,2.6595744680851063,18.617021276595743
241460,Upanema - RN,229.98,26.200000000000003,1.4578833693304536,RN,24003,Médio Oeste,1022,0,0,13,4,20,any_uf,12.720156555772995,3.9138943248532287,19.569471624266146
241470,Várzea - RN,287.25,28.599999999999994,13.51875808538163,RN,24015,Agreste Potiguar,381,0,0,7,2,13,any_uf,18.37270341207349,5.2493438320209975,34.120734908136484
241475,Venha-Ver - RN,177.88,29.099999999999994,3.7593984962406015,RN,24005,Serra de São Miguel,267,0,1,5,0,5,any_uf,18.726591760299627,0.0,18.726591760299627
241480,Vera Cruz - RN,254.33,29.0,3.5443037974683542,RN,24015,Agreste Potiguar,813,0,2,23,6,31,any_uf,28.290282902829027,7.380073800738008,38.13038130381304
241490,Viçosa - RN,245.16,20.0,73.8045738045738,RN,24006,Pau dos Ferros,140,0,7,8,1,9,any_uf,57.142857142857146,7.142857142857143,64.28571428571429
241500,Vila Flor - RN,250.26,22.200000000000003,1.7467248908296944,RN,24019,Litoral Sul,210,0,0,12,0,15,any_uf,57.142857142857146,0.0,71.42857142857143
250010,Água Branca - PB,230.14,23.200000000000003,26.4947245017585,PB,25007,Serra do Teixeira,536,0,369,9,3,12,any_uf,16.791044776119403,5.597014925373134,22.388059701492537
250020,Aguiar - PB,406.48,34.599999999999994,20.19288728149488,PB,25005,Piancó,205,1,0,5,5,11,any_uf,24.390243902439025,24.390243902439025,53.65853658536585
250030,Alagoa Grande - PB,274.85,31.599999999999994,51.6974538192711,PB,25015,Brejo Paraibano,2220,0,4,14,13,34,any_uf,6.306306306306307,5.8558558558558556,15.315315315315315
250040,Alagoa Nova - PB,270.35,25.8,39.5841001104159,PB,25015,Brejo Paraibano,1747,0,2,11,0,16,any_uf,6.296508299942759,0.0,9.158557527189467
250050,Alagoinha - PB,278.59,31.8,8.600108518719479,PB,25016,Guarabira,1022,2,8,11,0,12,any_uf,10.76320939334638,0.0,11.741682974559687
250053,Alcantil - PB,243.49,27.8,4.536741214057508,PB,25011,Cariri Oriental,565,1,4,3,0,3,any_uf,5.3097345132743365,0.0,5.3097345132743365
250057,Algodão de Jandaíra - PB,217.19,29.40000000000001,44.725111441307575,PB,25012,Curimataú Ocidental,234,0,0,2,0,2,any_uf,8.547008547008547,0.0,8.547008547008547
250060,Alhandra - PB,229.9,23.90000000000001,9.607335060793302,PB,25023,Litoral Sul,1914,0,1,51,10,72,any_uf,26.645768025078368,5.2246603970741905,37.61755485893417
250070,São João do Rio do Peixe - PB,305.06,25.5,33.07247997018818,PB,25002,Cajazeiras,582,0,9,7,97,108,any_uf,12.027491408934708,166.66666666666666,185.56701030927834
250073,Amparo - PB,220.16,19.8,10.37735849056604,PB,25010,Cariri Ocidental,212,0,2,0,0,0,any_uf,0.0,0.0,0.0
250077,Aparecida - PB,270.44,27.099999999999994,4.893520616221115,PB,25003,Sousa,129,0,3,0,0,0,any_uf,0.0,0.0,0.0
250080,Araçagi - PB,228.6,35.3,12.6898481215028,PB,25016,Guarabira,918,0,1,10,4,15,any_uf,10.893246187363834,4.357298474945534,16.33986928104575
250090,Arara - PB,273.09,35.2,52.00715929429813,PB,25012,Curimataú Ocidental,775,0,0,4,3,10,any_uf,5.161290322580645,3.870967741935484,12.903225806451612
250100,Araruna - PB,235.34,36.0,43.85292991191115,PB,25013,Curimataú Oriental,1431,0,17,11,1,18,any_uf,7.686932215234102,0.6988120195667366,12.578616352201259
250110,Areia - PB,318.63,27.099999999999994,43.104806934594166,PB,25015,Brejo Paraibano,1762,1,2,14,4,19,any_uf,7.945516458569807,2.2701475595913734,10.783200908059024
250115,Areia de Baraúnas - PB,270.54,29.700000000000003,43.44262295081968,PB,25004,Patos,106,0,0,7,3,10,any_uf,66.0377358490566,28.30188679245283,94.33962264150944
250120,Areial - PB,280.78,24.099999999999994,59.45668887749872,PB,25014,Esperança,571,0,4,6,0,6,any_uf,10.507880910683012,0.0,10.507880910683012
250130,Aroeiras - PB,221.88,32.400000000000006,24.921601180593985,PB,25019,Umbuzeiro,1550,0,3,12,0,13,any_uf,7.741935483870968,0.0,8.387096774193548
250135,Assunção - PB,330.8,23.700000000000003,48.75239923224568,PB,25010,Cariri Ocidental,312,1,4,1,0,3,any_uf,3.2051282051282053,0.0,9.615384615384615
250140,Baía da Traição - PB,229.06,22.700000000000003,12.261450381679388,PB,25020,Litoral Norte,796,1,0,25,6,35,any_uf,31.407035175879397,7.5376884422110555,43.969849246231156
250150,Bananeiras - PB,232.82,31.8,26.897133220910625,PB,25015,Brejo Paraibano,1561,2,3,5,4,10,any_uf,3.2030749519538757,2.5624599615631007,6.406149903907751
250153,Baraúna - PB,196.66,25.599999999999994,41.07692307692308,PB,25009,Seridó Oriental Paraibano,243,0,0,2,11,13,any_uf,8.23045267489712,45.267489711934154,53.49794238683128
250157,Barra de Santana - PB,210.98,27.599999999999994,5.163155720776539,PB,25011,Cariri Oriental,623,2,0,2,0,2,any_uf,3.2102728731942216,0.0,3.2102728731942216
250160,Barra de Santa Rosa - PB,231.72,33.8,54.71247912192794,PB,25012,Curimataú Ocidental,689,0,0,2,16,20,any_uf,2.9027576197387517,23.222060957910013,29.027576197387518
250170,Barra de São Miguel - PB,299.29,21.5,12.186160440906308,PB,25011,Cariri Oriental,394,0,3,4,0,4,any_uf,10.152284263959391,0.0,10.152284263959391
250180,Bayeux - PB,365.92,14.299999999999995,46.13016395790076,PB,25022,João Pessoa,7170,3,1,287,41,376,any_uf,40.0278940027894,5.718270571827057,52.440725244072524
250190,Belém - PB,251.94,31.200000000000003,82.71844660194175,PB,25016,Guarabira,983,0,4,19,2,23,any_uf,19.328585961342828,2.034587995930824,23.397761953204476
250200,Belém do Brejo do Cruz - PB,237.04,35.0,56.51068158697864,PB,25001,Catolé do Rocha,440,0,112,1,0,2,any_uf,2.272727272727273,0.0,4.545454545454546
250205,Bernardino Batista - PB,209.01,27.200000000000003,1.0012515644555695,PB,25002,Cajazeiras,177,0,1,0,11,11,any_uf,0.0,62.14689265536723,62.14689265536723
250210,Boa Ventura - PB,268.47,27.3,10.723860589812332,PB,25006,Itaporanga,292,0,0,4,1,7,any_uf,13.698630136986301,3.4246575342465753,23.972602739726028
250215,Boa Vista - PB,313.37,14.700000000000005,14.624277456647398,PB,25017,Campina Grande,569,0,0,4,0,4,any_uf,7.0298769771529,0.0,7.0298769771529
250220,Bom Jesus - PB,299.91,22.40000000000001,0.8583690987124464,PB,25002,Cajazeiras,181,0,3,4,53,58,any_uf,22.099447513812155,292.81767955801104,320.44198895027625
250230,Bom Sucesso - PB,256.69,28.40000000000001,20.753469927296763,PB,25001,Catolé do Rocha,300,0,252,3,2,5,any_uf,10.0,6.666666666666667,16.666666666666668
250240,Bonito de Santa Fé - PB,263.02,27.200000000000003,46.376294180649765,PB,25002,Cajazeiras,769,0,0,4,164,171,any_uf,5.201560468140442,213.26397919375813,222.3667100130039
250250,Boqueirão - PB,315.57,22.0,52.4417885843808,PB,25011,Cariri Oriental,1477,0,4,12,0,13,any_uf,8.124576844955993,0.0,8.801624915368992
250260,Igaracy - PB,283.04,29.099999999999994,33.23699421965318,PB,25005,Piancó,286,0,2,0,1,3,any_uf,0.0,3.4965034965034967,10.48951048951049
250270,Borborema - PB,230.34,29.200000000000003,63.9426523297491,PB,25015,Brejo Paraibano,306,0,0,5,0,5,any_uf,16.33986928104575,0.0,16.33986928104575
250280,Brejo do Cruz - PB,284.09,29.0,66.10636538991457,PB,25001,Catolé do Rocha,849,1,273,4,1,7,any_uf,4.7114252061248525,1.1778563015312131,8.244994110718492
250290,Brejo dos Santos - PB,263.97,25.8,9.200438116100766,PB,25001,Catolé do Rocha,407,0,209,2,0,2,any_uf,4.914004914004914,0.0,4.914004914004914
250300,Caaporã - PB,256.49,21.90000000000001,16.03894910894727,PB,25023,Litoral Sul,2036,0,33,49,13,68,any_uf,24.06679764243615,6.385068762278978,33.39882121807466
250310,Cabaceiras - PB,282.07,16.400000000000006,28.249336870026525,PB,25011,Cariri Oriental,409,0,8,5,0,7,any_uf,12.224938875305623,0.0,17.114914425427873
250320,Cabedelo - PB,958.75,10.0,52.09818819403857,PB,25022,João Pessoa,4084,2,2,104,19,149,any_uf,25.465230166503428,4.6523016650342806,36.48383937316356
250330,Cachoeira dos Índios - PB,297.16,25.200000000000003,25.4909510974201,PB,25002,Cajazeiras,592,0,4,4,162,166,any_uf,6.756756756756757,273.64864864864865,280.4054054054054
250340,Cacimba de Areia - PB,246.25,24.700000000000003,41.90106692531523,PB,25004,Patos,228,0,49,7,9,16,any_uf,30.70175438596491,39.473684210526315,70.17543859649123
250350,Cacimba de Dentro - PB,244.61,34.599999999999994,13.428943937418511,PB,25013,Curimataú Oriental,1106,0,3,5,2,11,any_uf,4.520795660036167,1.8083182640144666,9.945750452079565
250355,Cacimbas - PB,179.42,32.099999999999994,32.13495575221239,PB,25007,Serra do Teixeira,565,1,184,10,12,22,any_uf,17.699115044247787,21.238938053097346,38.93805309734513
250360,Caiçara - PB,292.83,31.3,52.90476190476191,PB,25016,Guarabira,488,0,2,9,1,11,any_uf,18.442622950819672,2.0491803278688523,22.540983606557376
250370,Cajazeiras - PB,507.21,17.900000000000006,56.43266392731061,PB,25002,Cajazeiras,3489,0,9,11,987,1007,any_uf,3.1527658354829464,282.8890799656062,288.6213814846661
250375,Cajazeirinhas - PB,200.47,31.40000000000001,30.58252427184466,PB,25003,Sousa,219,0,0,1,0,1,any_uf,4.566210045662101,0.0,4.566210045662101
250380,Caldas Brandão - PB,260.64,33.0,5.813270698766882,PB,25018,Itabaiana,379,1,0,5,1,8,any_uf,13.192612137203167,2.638522427440633,21.108179419525065
250390,Camalaú - PB,240.77,26.700000000000003,18.47065158858374,PB,25010,Cariri Ocidental,388,0,4,2,0,2,any_uf,5.154639175257732,0.0,5.154639175257732
250400,Campina Grande - PB,616.19,10.900000000000006,84.82458963630512,PB,25017,Campina Grande,30363,7,58,286,7,336,any_uf,9.419359088364127,0.23054375391101012,11.066100187728486
250403,Capim - PB,189.95,36.3,5.749486652977413,PB,25020,Litoral Norte,497,0,0,20,1,23,any_uf,40.241448692152915,2.0120724346076457,46.27766599597585
250407,Caraúbas - PB,295.01,17.5,38.87489504617968,PB,25011,Cariri Oriental,240,0,19,2,0,2,any_uf,8.333333333333334,0.0,8.333333333333334
250410,Carrapateira - PB,208.79,24.700000000000003,17.11864406779661,PB,25002,Cajazeiras,70,0,1,0,13,13,any_uf,0.0,185.71428571428572,185.71428571428572
250415,Casserengue - PB,167.52,36.6,31.741140215716488,PB,25013,Curimataú Oriental,488,1,0,7,1,8,any_uf,14.344262295081966,2.0491803278688523,16.39344262295082
250420,Catingueira - PB,248.33,32.5,17.368018362662585,PB,25005,Piancó,237,0,0,1,7,8,any_uf,4.219409282700422,29.535864978902953,33.755274261603375
250430,Catolé do Rocha - PB,367.92,21.3,38.21563145739638,PB,25001,Catolé do Rocha,2278,0,109,23,2,30,any_uf,10.09657594381036,0.8779631255487269,13.169446883230904
250435,Caturité - PB,368.02,20.200000000000003,20.91798344620015,PB,25011,Cariri Oriental,329,0,0,2,0,2,any_uf,6.079027355623101,0.0,6.079027355623101
250440,Conceição - PB,281.14,30.700000000000003,23.90453834115806,PB,25006,Itaporanga,883,0,29,19,13,35,any_uf,21.517553793884485,14.722536806342015,39.637599093997736
250450,Condado - PB,281.81,27.599999999999994,37.81068217874141,PB,25003,Sousa,565,1,40,17,17,38,any_uf,30.088495575221238,30.088495575221238,67.2566371681416
250460,Conde - PB,307.92,21.200000000000003,17.211555094274345,PB,25022,João Pessoa,2331,2,0,72,12,100,any_uf,30.888030888030887,5.148005148005148,42.9000429000429
250470,Congo - PB,257.44,26.40000000000001,46.68470906630582,PB,25010,Cariri Ocidental,396,0,1,2,0,2,any_uf,5.05050505050505,0.0,5.05050505050505
250480,Coremas - PB,284.56,30.599999999999994,53.642840726269824,PB,25005,Piancó,939,0,2,12,28,41,any_uf,12.779552715654953,29.81895633652822,43.663471778487754
250485,Coxixola - PB,303.88,19.40000000000001,32.993197278911566,PB,25010,Cariri Ocidental,100,0,0,1,0,1,any_uf,10.0,0.0,10.0
250490,Cruz do Espírito Santo - PB,215.09,30.099999999999994,22.30421328255177,PB,25021,Sapé,1466,0,1,25,1,30,any_uf,17.053206002728512,0.6821282401091405,20.463847203274216
250500,Cubati - PB,232.17,25.3,22.05229403058708,PB,25009,Seridó Oriental Paraibano,467,2,1,7,0,8,any_uf,14.989293361884368,0.0,17.130620985010708
250510,Cuité - PB,282.63,28.90000000000001,15.556312830124382,PB,25012,Curimataú Ocidental,1126,0,21,11,7,19,any_uf,9.769094138543517,6.216696269982238,16.873889875666073
250520,Cuitegi - PB,264.97,30.8,4.7418335089567965,PB,25016,Guarabira,513,0,0,5,0,6,any_uf,9.746588693957115,0.0,11.695906432748538
250523,Cuité de Mamanguape - PB,213.31,37.9,2.197802197802198,PB,25020,Litoral Norte,408,0,0,11,3,21,any_uf,26.96078431372549,7.352941176470588,51.470588235294116
250527,Curral de Cima - PB,211.27,36.6,3.344709897610921,PB,25020,Litoral Norte,428,0,0,4,4,10,any_uf,9.345794392523365,9.345794392523365,23.364485981308412
250530,Curral Velho - PB,361.33,32.3,32.71604938271605,PB,25006,Itaporanga,110,0,1,2,2,4,any_uf,18.181818181818183,18.181818181818183,36.36363636363637
250535,Damião - PB,180.03,35.5,1.5261627906976745,PB,25012,Curimataú Ocidental,291,0,0,3,2,5,any_uf,10.309278350515465,6.8728522336769755,17.18213058419244
250540,Desterro - PB,243.75,22.599999999999994,37.932525951557096,PB,25007,Serra do Teixeira,553,0,299,10,22,32,any_uf,18.083182640144667,39.78300180831826,57.86618444846293
250550,Vista Serrana - PB,250.96,23.40000000000001,37.00873362445415,PB,25003,Sousa,206,0,14,6,14,20,any_uf,29.12621359223301,67.96116504854369,97.0873786407767
250560,Diamante - PB,257.39,27.90000000000001,24.37641723356009,PB,25006,Itaporanga,301,0,2,3,2,6,any_uf,9.966777408637874,6.644518272425249,19.93355481727575
250570,Dona Inês - PB,205.71,34.3,19.485791610284167,PB,25013,Curimataú Oriental,766,0,0,7,1,15,any_uf,9.138381201044387,1.3054830287206267,19.5822454308094
250580,Duas Estradas - PB,259.21,27.5,26.16387337057728,PB,25016,Guarabira,236,0,0,5,2,7,any_uf,21.1864406779661,8.474576271186441,29.661016949152543
250590,Emas - PB,248.28,27.40000000000001,57.75335775335776,PB,25005,Piancó,202,0,0,10,11,21,any_uf,49.504950495049506,54.45544554455446,103.96039603960396
250600,Esperança - PB,316.48,23.599999999999994,64.7795976695614,PB,25014,Esperança,2868,0,10,30,10,51,any_uf,10.460251046025105,3.486750348675035,17.782426778242677
250610,Fagundes - PB,232.46,29.200000000000003,11.23768472906404,PB,25017,Campina Grande,928,0,2,5,0,8,any_uf,5.387931034482759,0.0,8.620689655172415
250620,Frei Martinho - PB,399.9,27.3,63.22916666666666,PB,25009,Seridó Oriental Paraibano,188,0,3,4,3,7,any_uf,21.27659574468085,15.957446808510639,37.234042553191486
250625,Gado Bravo - PB,166.5,29.8,1.8393898609241808,PB,25019,Umbuzeiro,627,0,0,3,0,3,any_uf,4.784688995215311,0.0,4.784688995215311
250630,Guarabira - PB,418.2,18.599999999999994,69.60989416687177,PB,25016,Guarabira,3333,0,0,76,8,89,any_uf,22.802280228022802,2.4002400240024,26.702670267026704
250640,Gurinhém - PB,229.71,34.599999999999994,7.338501291989664,PB,25018,Itabaiana,819,0,0,22,3,31,any_uf,26.862026862026863,3.663003663003663,37.85103785103785
250650,Gurjão - PB,283.26,19.40000000000001,43.09978768577495,PB,25011,Cariri Oriental,235,0,0,0,0,0,any_uf,0.0,0.0,0.0
250660,Ibiara - PB,239.01,34.900000000000006,5.788876276958002,PB,25006,Itaporanga,257,0,1,6,1,7,any_uf,23.346303501945524,3.8910505836575875,27.237354085603112
250670,Imaculada - PB,206.73,27.599999999999994,25.63661390227116,PB,25007,Serra do Teixeira,718,0,463,8,19,28,any_uf,11.142061281337048,26.462395543175486,38.99721448467967
250680,Ingá - PB,278.15,33.599999999999994,5.2007648183556405,PB,25018,Itabaiana,1461,0,0,8,0,9,any_uf,5.475701574264202,0.0,6.160164271047228
250690,Itabaiana - PB,316.72,25.5,35.7133288680509,PB,25018,Itabaiana,1234,0,11,49,7,57,any_uf,39.70826580226905,5.672609400324149,46.19124797406807
250700,Itaporanga - PB,345.69,21.099999999999994,67.8549190535492,PB,25006,Itaporanga,1130,0,5,8,9,22,any_uf,7.079646017699115,7.964601769911504,19.469026548672566
250710,Itapororoca - PB,229.53,30.8,10.811939052389896,PB,25020,Litoral Norte,1122,0,0,27,8,39,any_uf,24.06417112299465,7.1301247771836005,34.75935828877005
250720,Itatuba - PB,240.02,34.900000000000006,19.43562610229277,PB,25018,Itabaiana,887,0,0,6,0,7,any_uf,6.764374295377678,0.0,7.891770011273957
250730,Jacaraú - PB,243.93,29.8,8.680641183723798,PB,25020,Litoral Norte,1104,1,5,28,3,40,any_uf,25.36231884057971,2.717391304347826,36.231884057971016
250740,Jericó - PB,287.84,26.3,42.24015187470337,PB,25001,Catolé do Rocha,486,0,135,2,1,3,any_uf,4.11522633744856,2.05761316872428,6.172839506172839
250750,João Pessoa - PB,934.74,7.599999999999994,71.75835615410587,PB,25022,João Pessoa,50855,10,67,1505,369,2359,any_uf,29.593943565037854,7.255923704650477,46.38678596008259
250760,Juarez Távora - PB,226.82,32.5,10.745313214449016,PB,25018,Itabaiana,643,0,0,5,0,5,any_uf,7.776049766718507,0.0,7.776049766718507
250770,Juazeirinho - PB,250.78,23.700000000000003,60.29904039276947,PB,25009,Seridó Oriental Paraibano,1654,1,0,12,0,12,any_uf,7.255139056831923,0.0,7.255139056831923
250780,Junco do Seridó - PB,277.47,20.200000000000003,64.96042216358839,PB,25008,Seridó Ocidental Paraibano,509,0,5,4,4,8,any_uf,7.858546168958743,7.858546168958743,15.717092337917485
250790,Juripiranga - PB,229.19,31.5,7.231404958677686,PB,25021,Sapé,748,1,46,17,7,26,any_uf,22.727272727272727,9.358288770053475,34.75935828877005
250800,Juru - PB,244.02,30.0,24.78821362799264,PB,25007,Serra do Teixeira,431,0,240,6,0,6,any_uf,13.921113689095128,0.0,13.921113689095128
250810,Lagoa - PB,219.92,31.3,17.9467680608365,PB,25001,Catolé do Rocha,260,0,140,0,1,3,any_uf,0.0,3.8461538461538463,11.538461538461538
250820,Lagoa de Dentro - PB,225.06,28.5,20.74688796680498,PB,25016,Guarabira,514,1,2,9,0,11,any_uf,17.509727626459146,0.0,21.40077821011673
250830,Lagoa Seca - PB,374.11,19.5,52.66016713091922,PB,25017,Campina Grande,2358,0,2,15,0,18,any_uf,6.361323155216285,0.0,7.633587786259542
250840,Lastro - PB,212.38,28.5,12.413793103448276,PB,25003,Sousa,113,0,77,1,2,3,any_uf,8.849557522123893,17.699115044247787,26.548672566371682
250850,Livramento - PB,204.75,20.700000000000003,36.80861478218306,PB,25010,Cariri Ocidental,470,0,27,2,1,4,any_uf,4.25531914893617,2.127659574468085,8.51063829787234
250855,Logradouro - PB,232.48,31.099999999999994,36.77536231884058,PB,25016,Guarabira,202,0,34,1,4,6,any_uf,4.9504950495049505,19.801980198019802,29.702970297029704
250860,Lucena - PB,284.12,23.3,29.07801418439716,PB,25022,João Pessoa,1058,0,0,31,2,40,any_uf,29.300567107750474,1.890359168241966,37.80718336483932
250870,Mãe d'Água - PB,200.34,28.0,42.31096006796941,PB,25004,Patos,207,0,2,6,15,21,any_uf,28.985507246376812,72.46376811594203,101.44927536231884
250880,Malta - PB,375.03,25.700000000000003,76.89024390243902,PB,25003,Sousa,319,0,6,4,11,15,any_uf,12.539184952978056,34.48275862068966,47.02194357366771
250890,Mamanguape - PB,295.25,25.90000000000001,8.590708538800934,PB,25020,Litoral Norte,3976,0,6,108,19,148,any_uf,27.16297786720322,4.778672032193159,37.223340040241446
250900,Manaíra - PB,221.8,32.8,14.305223625810855,PB,25007,Serra do Teixeira,695,0,407,9,2,11,any_uf,12.949640287769784,2.8776978417266186,15.827338129496402
250905,Marcação - PB,206.02,31.099999999999994,22.352941176470587,PB,25020,Litoral Norte,697,0,0,17,9,27,any_uf,24.390243902439025,12.91248206599713,38.73744619799139
250910,Mari - PB,241.08,32.099999999999994,1.7715912685858906,PB,25021,Sapé,1449,0,0,38,5,51,any_uf,26.224982746721878,3.450655624568668,35.196687370600415
250915,Marizópolis - PB,289.61,24.700000000000003,16.76168757126568,PB,25003,Sousa,129,0,2,3,7,10,any_uf,23.25581395348837,54.263565891472865,77.51937984496124
250920,Massaranduba - PB,243.34,27.599999999999994,30.85896076352068,PB,25017,Campina Grande,992,0,1,5,0,7,any_uf,5.040322580645161,0.0,7.056451612903226
250930,Mataraca - PB,210.63,24.0,3.987730061349693,PB,25020,Litoral Norte,747,0,0,26,4,34,any_uf,34.805890227576974,5.35475234270415,45.51539491298527
250933,Matinhas - PB,216.92,28.3,12.411971830985916,PB,25015,Brejo Paraibano,405,0,1,1,0,2,any_uf,2.4691358024691357,0.0,4.938271604938271
250937,Mato Grosso - PB,252.04,37.4,55.49374130737135,PB,25001,Catolé do Rocha,173,0,63,5,0,6,any_uf,28.90173410404624,0.0,34.68208092485549
250939,Maturéia - PB,224.2,25.099999999999994,21.68458781362008,PB,25007,Serra do Teixeira,429,0,129,5,23,29,any_uf,11.655011655011656,53.613053613053616,67.5990675990676
250940,Mogeiro - PB,224.33,29.200000000000003,6.220624827204866,PB,25018,Itabaiana,850,1,2,8,4,13,any_uf,9.411764705882353,4.705882352941177,15.294117647058824
250950,Montadas - PB,235.78,22.8,37.71626297577855,PB,25014,Esperança,462,1,3,4,0,4,any_uf,8.658008658008658,0.0,8.658008658008658
250960,Monte Horebe - PB,290.36,27.0,53.251721499617446,PB,25002,Cajazeiras,316,0,0,1,73,75,any_uf,3.1645569620253164,231.0126582278481,237.34177215189874
250970,Monteiro - PB,385.59,24.90000000000001,57.704918032786885,PB,25010,Cariri Ocidental,2370,0,8,15,1,19,any_uf,6.329113924050633,0.4219409282700422,8.016877637130802
250980,Mulungu - PB,237.89,32.7,6.445739257101238,PB,25016,Guarabira,583,0,0,6,3,9,any_uf,10.291595197255575,5.145797598627787,15.437392795883362
250990,Natuba - PB,196.49,35.099999999999994,16.918216918216917,PB,25019,Umbuzeiro,486,1,181,4,0,4,any_uf,8.23045267489712,0.0,8.23045267489712
251000,Nazarezinho - PB,211.3,28.8,19.0521327014218,PB,25003,Sousa,119,1,1,1,0,1,any_uf,8.403361344537815,0.0,8.403361344537815
251010,Nova Floresta - PB,284.05,25.90000000000001,2.211690363349131,PB,25012,Curimataú Ocidental,475,2,7,7,12,19,any_uf,14.736842105263158,25.263157894736842,40.0
251020,Nova Olinda - PB,253.41,28.8,26.67064439140812,PB,25005,Piancó,382,0,5,4,5,9,any_uf,10.471204188481675,13.089005235602095,23.56020942408377
251030,Nova Palmeira - PB,269.15,22.200000000000003,62.51908396946565,PB,25009,Seridó Oriental Paraibano,185,0,0,5,2,7,any_uf,27.027027027027028,10.81081081081081,37.83783783783784
251040,Olho d'Água - PB,216.6,30.200000000000003,43.21851453175457,PB,25005,Piancó,477,0,3,15,16,34,any_uf,31.446540880503143,33.542976939203356,71.27882599580713
251050,Olivedos - PB,210.85,17.5,43.05949008498584,PB,25012,Curimataú Ocidental,273,0,0,3,0,4,any_uf,10.989010989010989,0.0,14.652014652014651
251060,Ouro Velho - PB,296.63,20.90000000000001,2.4442082890541976,PB,25010,Cariri Ocidental,198,0,125,0,0,0,any_uf,0.0,0.0,0.0
251065,Parari - PB,296.04,19.099999999999994,55.97014925373134,PB,25010,Cariri Ocidental,143,0,0,1,0,1,any_uf,6.993006993006993,0.0,6.993006993006993
251070,Passagem - PB,266.63,26.90000000000001,57.29166666666666,PB,25004,Patos,116,0,0,4,9,13,any_uf,34.48275862068966,77.58620689655173,112.06896551724138
251080,Patos - PB,501.53,17.099999999999994,86.29671966469223,PB,25004,Patos,6602,1,60,277,428,724,any_uf,41.9569827325053,64.82883974553165,109.66373826113299
251090,Paulista - PB,306.47,29.40000000000001,35.94414086217365,PB,25003,Sousa,520,0,6,1,1,2,any_uf,1.9230769230769231,1.9230769230769231,3.8461538461538463
251100,Pedra Branca - PB,214.67,22.90000000000001,68.54838709677419,PB,25006,Itaporanga,210,0,0,0,4,5,any_uf,0.0,19.047619047619047,23.80952380952381
251110,Pedra Lavrada - PB,266.7,25.40000000000001,41.179097811523,PB,25009,Seridó Oriental Paraibano,524,0,1,4,4,10,any_uf,7.633587786259542,7.633587786259542,19.083969465648856
251120,Pedras de Fogo - PB,268.38,27.700000000000003,27.01787648970748,PB,25023,Litoral Sul,2183,1,77,59,5,71,any_uf,27.027027027027028,2.2904260192395784,32.52404947320201
251130,Piancó - PB,312.13,27.0,48.98180242634315,PB,25005,Piancó,857,1,1,10,5,16,any_uf,11.668611435239207,5.834305717619603,18.66977829638273
251140,Picuí - PB,314.4,22.099999999999994,62.36203090507726,PB,25009,Seridó Oriental Paraibano,1004,0,8,8,43,54,any_uf,7.968127490039841,42.82868525896414,53.78486055776892
251150,Pilar - PB,224.85,28.90000000000001,16.309823677581864,PB,25021,Sapé,902,1,4,13,2,19,any_uf,14.412416851441241,2.2172949002217295,21.06430155210643
251160,Pilões - PB,256.53,33.0,11.013986013986012,PB,25015,Brejo Paraibano,618,0,0,8,1,9,any_uf,12.944983818770227,1.6181229773462784,14.563106796116505
251170,Pilõezinhos - PB,216.65,29.700000000000003,40.14035087719298,PB,25016,Guarabira,385,0,0,3,1,4,any_uf,7.792207792207792,2.5974025974025974,10.38961038961039
251180,Pirpirituba - PB,260.51,27.40000000000001,49.795918367346935,PB,25016,Guarabira,616,0,0,11,0,12,any_uf,17.857142857142858,0.0,19.48051948051948
251190,Pitimbu - PB,222.76,25.40000000000001,16.872340425531913,PB,25023,Litoral Sul,1459,1,25,34,9,48,any_uf,23.303632625085676,6.168608636052091,32.899246058944485
251200,Pocinhos - PB,250.94,22.700000000000003,39.61908748430306,PB,25012,Curimataú Ocidental,1567,0,3,5,1,8,any_uf,3.190810465858328,0.6381620931716656,5.105296745373325
251203,Poço Dantas - PB,184.75,33.7,13.82441977800202,PB,25002,Cajazeiras,183,0,0,0,16,17,any_uf,0.0,87.43169398907104,92.89617486338798
251207,Poço de José de Moura - PB,288.94,24.599999999999994,36.310025273799496,PB,25002,Cajazeiras,164,0,0,4,23,27,any_uf,24.390243902439025,140.2439024390244,164.6341463414634
251210,Pombal - PB,380.11,24.0,61.99611985341669,PB,25003,Sousa,1456,0,0,11,3,14,any_uf,7.554945054945055,2.0604395604395602,9.615384615384615
251220,Prata - PB,270.21,21.599999999999994,1.3077593722755012,PB,25010,Cariri Ocidental,257,0,31,0,0,0,any_uf,0.0,0.0,0.0
251230,Princesa Isabel - PB,330.1,23.0,58.892952127659576,PB,25007,Serra do Teixeira,1042,0,177,7,2,9,any_uf,6.717850287907869,1.9193857965451055,8.637236084452976
251240,Puxinanã - PB,275.02,19.599999999999994,76.05442176870748,PB,25017,Campina Grande,1076,0,0,15,0,17,any_uf,13.940520446096654,0.0,15.799256505576208
251250,Queimadas - PB,284.91,20.5,47.74129021503584,PB,25017,Campina Grande,2821,1,5,22,1,29,any_uf,7.798652959943283,0.3544842254519674,10.280042538107054
251260,Quixaba - PB,264.84,23.599999999999994,37.674418604651166,PB,25004,Patos,112,0,11,7,5,12,any_uf,62.5,44.642857142857146,107.14285714285714
251270,Remígio - PB,314.93,28.0,54.96900619876025,PB,25012,Curimataú Ocidental,1500,0,4,15,1,19,any_uf,10.0,0.6666666666666666,12.666666666666666
251272,Pedro Régis - PB,209.49,38.7,1.4501160092807424,PB,25020,Litoral Norte,343,0,0,2,3,10,any_uf,5.830903790087463,8.746355685131196,29.154518950437318
251274,Riachão - PB,188.44,27.599999999999994,26.12903225806452,PB,25013,Curimataú Oriental,260,0,1,1,1,3,any_uf,3.8461538461538463,3.8461538461538463,11.538461538461538
251275,Riachão do Bacamarte - PB,258.12,33.3,19.546520719311964,PB,25018,Itabaiana,236,0,0,4,0,5,any_uf,16.949152542372882,0.0,21.1864406779661
251276,Riachão do Poço - PB,224.45,30.599999999999994,18.803418803418804,PB,25021,Sapé,299,0,0,7,0,9,any_uf,23.411371237458194,0.0,30.100334448160535
251278,Riacho de Santo Antônio - PB,268.84,21.5,38.05496828752643,PB,25011,Cariri Oriental,187,0,0,2,0,2,any_uf,10.695187165775401,0.0,10.695187165775401
251280,Riacho dos Cavalos - PB,238.52,29.90000000000001,50.69662921348315,PB,25001,Catolé do Rocha,639,1,362,9,0,9,any_uf,14.084507042253522,0.0,14.084507042253522
251290,Rio Tinto - PB,257.72,25.0,27.456603773584902,PB,25020,Litoral Norte,1485,0,0,34,9,47,any_uf,22.895622895622896,6.0606060606060606,31.64983164983165
251300,Salgadinho - PB,215.33,29.8,16.50992685475444,PB,25008,Seridó Ocidental Paraibano,295,0,8,3,0,3,any_uf,10.169491525423728,0.0,10.169491525423728
251310,Salgado de São Félix - PB,213.73,34.099999999999994,3.227633069082673,PB,25018,Itabaiana,547,0,80,13,0,14,any_uf,23.76599634369287,0.0,25.59414990859232
251315,Santa Cecília - PB,195.19,31.40000000000001,5.420353982300885,PB,25019,Umbuzeiro,403,0,261,0,0,0,any_uf,0.0,0.0,0.0
251320,Santa Cruz - PB,288.27,26.099999999999994,27.56071805702217,PB,25003,Sousa,225,0,169,0,1,1,any_uf,0.0,4.444444444444445,4.444444444444445
251330,Santa Helena - PB,272.83,23.700000000000003,25.0,PB,25002,Cajazeiras,271,0,4,0,81,81,any_uf,0.0,298.8929889298893,298.8929889298893
251335,Santa Inês - PB,204.33,29.200000000000003,4.8806941431670285,PB,25006,Itaporanga,188,0,6,0,1,3,any_uf,0.0,5.319148936170213,15.957446808510639
251340,Santa Luzia - PB,371.45,18.5,86.12451183092121,PB,25008,Seridó Ocidental Paraibano,877,0,17,10,29,44,any_uf,11.402508551881414,33.0672748004561,50.17103762827822
251350,Santana de Mangueira - PB,164.07,33.3,5.319148936170213,PB,25006,Itaporanga,251,0,35,3,1,4,any_uf,11.952191235059761,3.9840637450199203,15.936254980079681
251360,Santana dos Garrotes - PB,271.25,32.3,13.62955566650025,PB,25005,Piancó,358,0,0,4,0,5,any_uf,11.1731843575419,0.0,13.966480446927374
251365,Joca Claudino - PB,248.63,33.2,0.6666666666666666,PB,25002,Cajazeiras,104,0,3,0,21,21,any_uf,0.0,201.92307692307693,201.92307692307693
251370,Santa Rita - PB,316.84,19.0,21.722411017707028,PB,25022,João Pessoa,11122,2,3,187,28,242,any_uf,16.813522747707246,2.5175328178385183,21.75867649703291
251380,Santa Teresinha - PB,304.16,24.099999999999994,91.61392405063292,PB,25004,Patos,294,0,5,10,12,23,any_uf,34.01360544217687,40.816326530612244,78.2312925170068
251385,Santo André - PB,271.99,25.099999999999994,9.445843828715365,PB,25011,Cariri Oriental,185,0,0,0,0,0,any_uf,0.0,0.0,0.0
251390,São Bento - PB,324.59,31.0,58.62436367941281,PB,25001,Catolé do Rocha,1967,0,41,16,3,21,any_uf,8.13421453990849,1.525165226232842,10.676156583629894
251392,São Bentinho - PB,284.97,29.8,38.28190158465388,PB,25003,Sousa,162,0,0,0,1,1,any_uf,0.0,6.172839506172839,6.172839506172839
251394,São Domingos do Cariri - PB,335.43,21.700000000000003,34.72803347280335,PB,25011,Cariri Oriental,174,0,1,1,0,1,any_uf,5.747126436781609,0.0,5.747126436781609
251396,São Domingos - PB,253.25,35.599999999999994,26.545454545454547,PB,25003,Sousa,97,0,1,2,1,3,any_uf,20.61855670103093,10.309278350515465,30.927835051546392
251398,São Francisco - PB,257.68,29.3,13.54581673306773,PB,25003,Sousa,26,0,6,1,1,2,any_uf,38.46153846153846,38.46153846153846,76.92307692307692
251400,São João do Cariri - PB,370.52,17.400000000000006,57.75075987841945,PB,25011,Cariri Oriental,298,0,0,3,0,3,any_uf,10.06711409395973,0.0,10.06711409395973
251410,São João do Tigre - PB,206.63,32.2,27.68166089965398,PB,25010,Cariri Ocidental,250,1,59,2,0,3,any_uf,8.0,0.0,12.0
251420,São José da Lagoa Tapada - PB,216.24,39.1,19.990995047276,PB,25003,Sousa,151,0,4,5,2,8,any_uf,33.11258278145695,13.245033112582782,52.980132450331126
251430,São José de Caiana - PB,237.04,29.599999999999994,0.684931506849315,PB,25006,Itaporanga,386,0,1,2,2,5,any_uf,5.181347150259067,5.181347150259067,12.953367875647668
251440,São José de Espinharas - PB,233.71,29.5,33.20493066255778,PB,25004,Patos,263,0,2,10,13,23,any_uf,38.02281368821293,49.42965779467681,87.45247148288973
251445,São José dos Ramos - PB,208.99,34.7,5.163398692810458,PB,25021,Sapé,305,0,0,11,3,16,any_uf,36.0655737704918,9.836065573770492,52.459016393442624
251450,São José de Piranhas - PB,318.76,22.700000000000003,50.493574222387785,PB,25002,Cajazeiras,1066,1,2,3,294,301,any_uf,2.8142589118198873,275.797373358349,282.36397748592873
251455,São José de Princesa - PB,221.08,27.90000000000001,0.9107468123861566,PB,25007,Serra do Teixeira,121,0,70,0,0,0,any_uf,0.0,0.0,0.0
251460,São José do Bonfim - PB,238.79,24.3,74.57434733257662,PB,25004,Patos,195,0,0,6,8,14,any_uf,30.76923076923077,41.02564102564103,71.7948717948718
251465,São José do Brejo do Cruz - PB,221.94,25.0,13.507109004739336,PB,25001,Catolé do Rocha,125,0,3,1,0,1,any_uf,8.0,0.0,8.0
251470,São José do Sabugi - PB,300.72,25.0,83.33333333333333,PB,25008,Seridó Ocidental Paraibano,186,0,2,3,14,18,any_uf,16.129032258064516,75.26881720430107,96.7741935483871
251480,São José dos Cordeiros - PB,230.32,20.599999999999994,52.34685759745425,PB,25010,Cariri Ocidental,235,0,4,0,0,0,any_uf,0.0,0.0,0.0
251490,São Mamede - PB,367.3,22.700000000000003,74.38192668371697,PB,25008,Seridó Ocidental Paraibano,403,0,1,9,27,37,any_uf,22.332506203473944,66.99751861042184,91.81141439205955
251500,São Miguel de Taipu - PB,195.93,37.5,33.67174280879865,PB,25021,Sapé,613,0,2,12,1,14,any_uf,19.575856443719413,1.6313213703099512,22.838499184339316
251510,São Sebastião de Lagoa de Roça - PB,259.18,23.599999999999994,31.744,PB,25014,Esperança,844,0,0,2,0,5,any_uf,2.3696682464454977,0.0,5.924170616113744
251520,São Sebastião do Umbuzeiro - PB,261.83,22.8,33.71647509578544,PB,25010,Cariri Ocidental,180,0,6,0,0,0,any_uf,0.0,0.0,0.0
251530,Sapé - PB,255.96,28.3,28.299465240641712,PB,25021,Sapé,3870,1,0,100,17,126,any_uf,25.839793281653748,4.392764857881137,32.55813953488372
251540,São Vicente do Seridó - PB,212.63,20.200000000000003,2.593440122044241,PB,25009,Seridó Oriental Paraibano,882,0,0,3,1,7,any_uf,3.401360544217687,1.1337868480725624,7.936507936507937
251550,Serra Branca - PB,326.9,18.200000000000003,24.64616886285993,PB,25010,Cariri Ocidental,821,0,2,4,0,4,any_uf,4.8721071863581,0.0,4.8721071863581
251560,Serra da Raiz - PB,277.37,28.3,9.709821428571429,PB,25016,Guarabira,155,1,0,2,0,2,any_uf,12.903225806451612,0.0,12.903225806451612
251570,Serra Grande - PB,233.06,28.5,34.14634146341464,PB,25006,Itaporanga,169,0,0,3,6,10,any_uf,17.75147928994083,35.50295857988166,59.171597633136095
251580,Serra Redonda - PB,265.71,28.90000000000001,31.46374829001368,PB,25017,Campina Grande,439,0,0,3,0,3,any_uf,6.83371298405467,0.0,6.83371298405467
251590,Serraria - PB,218.9,37.0,27.816901408450704,PB,25015,Brejo Paraibano,465,0,2,2,3,5,any_uf,4.301075268817204,6.451612903225806,10.75268817204301
251593,Sertãozinho - PB,245.71,25.599999999999994,55.797665369649806,PB,25016,Guarabira,287,0,0,8,0,8,any_uf,27.874564459930312,0.0,27.874564459930312
251597,Sobrado - PB,207.86,30.099999999999994,1.2801575578532742,PB,25021,Sapé,600,0,0,8,2,12,any_uf,13.333333333333334,3.3333333333333335,20.0
251600,Solânea - PB,308.93,28.5,21.050573514077165,PB,25013,Curimataú Oriental,1807,0,0,12,19,32,any_uf,6.640841173215274,10.514665190924184,17.708909795240732
251610,Soledade - PB,325.74,18.5,56.816450875856816,PB,25012,Curimataú Ocidental,1113,1,13,12,0,13,any_uf,10.78167115902965,0.0,11.680143755615454
251615,Sossêgo - PB,218.02,28.3,27.63873775843308,PB,25012,Curimataú Ocidental,176,0,0,1,2,3,any_uf,5.681818181818182,11.363636363636363,17.045454545454547
251620,Sousa - PB,435.22,20.700000000000003,67.34606765553303,PB,25003,Sousa,1216,1,28,19,3,25,any_uf,15.625,2.4671052631578947,20.55921052631579
251630,Sumé - PB,336.03,23.700000000000003,24.43566591422121,PB,25010,Cariri Ocidental,1283,0,1,2,1,6,any_uf,1.558846453624318,0.779423226812159,4.676539360872954
251640,Tacima - PB,190.7,27.90000000000001,12.219644238205722,PB,25013,Curimataú Oriental,497,0,16,14,4,20,any_uf,28.169014084507044,8.048289738430583,40.241448692152915
251650,Taperoá - PB,264.55,25.599999999999994,59.07699552625383,PB,25010,Cariri Ocidental,1060,1,40,16,0,18,any_uf,15.09433962264151,0.0,16.9811320754717
251660,Tavares - PB,256.71,28.099999999999994,27.028451001053742,PB,25007,Serra do Teixeira,786,0,385,7,6,16,any_uf,8.9058524173028,7.633587786259542,20.356234096692113
251670,Teixeira - PB,265.43,21.90000000000001,33.30002498126405,PB,25007,Serra do Teixeira,1083,0,598,7,37,45,any_uf,6.463527239150507,34.16435826408126,41.551246537396125
251675,Tenório - PB,268.87,27.40000000000001,2.490170380078637,PB,25009,Seridó Oriental Paraibano,268,0,0,3,0,3,any_uf,11.194029850746269,0.0,11.194029850746269
251680,Triunfo - PB,290.16,26.099999999999994,23.88410336726703,PB,25002,Cajazeiras,393,0,2,4,82,86,any_uf,10.178117048346056,208.65139949109414,218.8295165394402
251690,Uiraúna - PB,352.96,24.8,57.38476011288805,PB,25002,Cajazeiras,596,1,6,3,28,33,any_uf,5.033557046979865,46.97986577181208,55.369127516778526
251700,Umbuzeiro - PB,231.02,31.599999999999994,31.55878973573344,PB,25019,Umbuzeiro,560,0,126,6,0,7,any_uf,10.714285714285714,0.0,12.5
251710,Várzea - PB,375.21,12.299999999999995,68.46733668341709,PB,25008,Seridó Ocidental Paraibano,134,0,1,3,5,8,any_uf,22.388059701492537,37.3134328358209,59.701492537313435
251720,Vieirópolis - PB,225.95,34.900000000000006,1.765536723163842,PB,25003,Sousa,70,0,14,0,0,1,any_uf,0.0,0.0,14.285714285714286
251740,Zabelê - PB,270.47,20.90000000000001,53.3532041728763,PB,25010,Cariri Ocidental,171,0,3,0,0,1,any_uf,0.0,0.0,5.847953216374269
260005,Abreu e Lima - PE,376.6,9.5,44.55185158859905,PE,26017,Recife,6309,1,1,84,25,156,any_uf,13.314312886352829,3.962593120938342,24.726581074655254
260010,Afogados da Ingazeira - PE,378.66,21.0,72.9404192717911,PE,26003,Pajeú,5027,2,0,36,0,79,any_uf,7.161328824348518,0.0,15.71513825343147
260020,Afrânio - PE,228.6,22.700000000000003,25.53911205073996,PE,26005,Petrolina,1464,1,221,24,2,33,any_uf,16.39344262295082,1.366120218579235,22.540983606557376
260030,Agrestina - PE,279.24,29.40000000000001,68.30155726968418,PE,26012,Brejo Pernambucano,1530,28,0,37,1,42,any_uf,24.18300653594771,0.6535947712418301,27.45098039215686
260040,Água Preta - PE,189.69,28.099999999999994,43.26002587322122,PE,26015,Mata Meridional Pernambucana,3452,1,0,50,5,156,any_uf,14.484356894553882,1.4484356894553883,45.19119351100811
260050,Águas Belas - PE,234.76,37.5,31.3574995376364,PE,26007,Vale do Ipanema,4165,2,37,23,0,35,any_uf,5.5222088835534215,0.0,8.403361344537815
260060,Alagoinha - PE,271.86,24.8,49.549549549549546,PE,26008,Vale do Ipojuca,670,3,0,19,1,21,any_uf,28.35820895522388,1.492537313432836,31.34328358208955
260070,Aliança - PE,257.08,25.200000000000003,56.0586920610242,PE,26013,Mata Setentrional Pernambucana,2564,0,6,37,6,57,any_uf,14.430577223088923,2.3400936037441498,22.23088923556942
260080,Altinho - PE,252.59,31.5,54.780141843971634,PE,26012,Brejo Pernambucano,1181,25,0,27,3,34,any_uf,22.861981371718883,2.5402201524132093,28.789161727349704
260090,Amaraji - PE,282.42,28.3,51.87044534412956,PE,26015,Mata Meridional Pernambucana,1582,0,0,19,4,31,any_uf,12.010113780025284,2.5284450063211126,19.59544879898862
260100,Angelim - PE,246.69,30.5,55.50366911274183,PE,26011,Garanhuns,747,2,0,5,1,7,any_uf,6.693440428380187,1.3386880856760375,9.370816599732262
260105,Araçoiaba - PE,230.93,21.8,9.57910014513788,PE,26016,Itamaracá,1402,0,0,13,1,24,any_uf,9.27246790299572,0.7132667617689016,17.118402282453637
260110,Araripina - PE,314.53,23.099999999999994,47.99844728031442,PE,26001,Araripina,10183,2,107,80,11,116,any_uf,7.856230973190612,1.0802317588137091,11.391534911126387
260120,Arcoverde - PE,446.09,16.200000000000003,87.6923076923077,PE,26004,Sertão do Moxotó,5106,0,3,26,2,45,any_uf,5.09204857030944,0.39169604386995693,8.813160987074031
260130,Barra de Guabiraba - PE,251.53,31.5,74.38115120787354,PE,26012,Brejo Pernambucano,850,12,0,16,0,21,any_uf,18.823529411764707,0.0,24.705882352941178
260140,Barreiros - PE,238.12,22.200000000000003,45.42145593869732,PE,26015,Mata Meridional Pernambucana,4054,3,9,29,6,60,any_uf,7.153428712382832,1.480019733596448,14.80019733596448
260150,Belém de Maria - PE,224.73,28.8,44.067237969677,PE,26015,Mata Meridional Pernambucana,771,8,0,28,0,39,any_uf,36.31647211413748,0.0,50.583657587548636
260160,Belém do São Francisco - PE,347.18,19.90000000000001,43.59689304919339,PE,26006,Itaparica,2015,0,30,23,6,41,any_uf,11.41439205955335,2.977667493796526,20.34739454094293
260170,Belo Jardim - PE,366.02,22.8,72.2557678442682,PE,26008,Vale do Ipojuca,5020,16,4,53,8,315,any_uf,10.557768924302788,1.593625498007968,62.74900398406375
260180,Betânia - PE,219.53,30.5,34.50151057401813,PE,26004,Sertão do Moxotó,940,0,1,2,3,10,any_uf,2.127659574468085,3.1914893617021276,10.638297872340425
260190,Bezerros - PE,343.39,25.700000000000003,74.14186456496941,PE,26008,Vale do Ipojuca,3054,40,1,50,5,63,any_uf,16.371971185330715,1.6371971185330714,20.6286836935167
260200,Bodocó - PE,232.17,27.099999999999994,26.56793447772916,PE,26001,Araripina,2928,0,8,16,2,32,any_uf,5.46448087431694,0.6830601092896175,10.92896174863388
260210,Bom Conselho - PE,299.93,31.200000000000003,56.86615542730651,PE,26011,Garanhuns,3608,3,22,37,4,58,any_uf,10.2549889135255,1.1086474501108647,16.075388026607538
260220,Bom Jardim - PE,240.38,27.099999999999994,22.74308734663981,PE,26010,Médio Capibaribe,2072,0,1,33,8,55,any_uf,15.926640926640927,3.861003861003861,26.544401544401545
260230,Bonito - PE,250.49,28.599999999999994,67.9096881650782,PE,26012,Brejo Pernambucano,3059,28,1,22,5,42,any_uf,7.191892775416803,1.6345210853220007,13.729977116704806
260240,Brejão - PE,226.0,29.0,31.183237469186523,PE,26011,Garanhuns,864,2,0,7,0,11,any_uf,8.101851851851851,0.0,12.731481481481481
260250,Brejinho - PE,261.9,23.0,47.911778507742845,PE,26003,Pajeú,614,0,16,0,2,3,any_uf,0.0,3.257328990228013,4.88599348534202
260260,Brejo da Madre de Deus - PE,289.21,29.5,57.11052433044134,PE,26008,Vale do Ipojuca,3510,69,10,52,7,81,any_uf,14.814814814814815,1.9943019943019944,23.076923076923077
260270,Buenos Aires - PE,244.82,25.8,15.306980656013456,PE,26013,Mata Setentrional Pernambucana,752,0,1,19,0,26,any_uf,25.26595744680851,0.0,34.57446808510638
260280,Buíque - PE,172.04,36.6,32.80999923786297,PE,26007,Vale do Ipanema,5001,4,5,6,1,26,any_uf,1.1997600479904018,0.19996000799840033,5.198960207958408
260290,Cabo de Santo Agostinho - PE,441.95,12.200000000000005,50.87449908243137,PE,26018,Suape,13506,3,2,194,16,330,any_uf,14.363986376425293,1.1846586702206428,24.433585073300755
260300,Cabrobó - PE,290.45,21.599999999999994,65.07645259938838,PE,26005,Petrolina,3009,0,18,55,20,93,any_uf,18.27849783981389,6.6467264872050515,30.907278165503488
260310,Cachoeirinha - PE,297.29,29.40000000000001,73.57751277683134,PE,26008,Vale do Ipojuca,1255,22,1,33,2,37,any_uf,26.294820717131476,1.593625498007968,29.48207171314741
260320,Caetés - PE,175.46,34.5,26.709585121602288,PE,26011,Garanhuns,2524,5,0,9,0,16,any_uf,3.565768621236133,0.0,6.3391442155309035
260330,Calçado - PE,213.95,29.099999999999994,43.6678422571337,PE,26011,Garanhuns,710,3,1,14,2,23,any_uf,19.718309859154928,2.816901408450704,32.394366197183096
260340,Calumbi - PE,271.82,29.8,46.93753790175864,PE,26003,Pajeú,546,0,0,5,0,5,any_uf,9.157509157509157,0.0,9.157509157509157
260345,Camaragibe - PE,446.0,10.299999999999995,41.114949600113576,PE,26017,Recife,10779,0,0,146,24,251,any_uf,13.544855738009092,2.226551628165878,23.286019111234808
260350,Camocim de São Félix - PE,283.94,28.8,76.02305475504323,PE,26012,Brejo Pernambucano,989,18,0,17,1,29,any_uf,17.189079878665318,1.0111223458038423,29.322548028311427
260360,Camutanga - PE,273.19,24.3,28.35689045936396,PE,26013,Mata Setentrional Pernambucana,510,1,78,5,0,9,any_uf,9.803921568627452,0.0,17.647058823529413
260370,Canhotinho - PE,228.1,32.900000000000006,56.36966681742801,PE,26011,Garanhuns,1644,5,4,11,1,18,any_uf,6.690997566909975,0.6082725060827251,10.94890510948905
260380,Capoeiras - PE,214.37,28.5,34.46459918080749,PE,26008,Vale do Ipojuca,1567,0,0,9,1,17,any_uf,5.74345883854499,0.6381620931716656,10.848755583918315
260390,Carnaíba - PE,227.06,24.099999999999994,43.43866171003717,PE,26003,Pajeú,1555,0,4,13,3,25,any_uf,8.360128617363344,1.9292604501607717,16.077170418006432
260392,Carnaubeira da Penha - PE,167.93,25.3,15.908221797323137,PE,26006,Itaparica,1604,1,0,9,0,16,any_uf,5.610972568578553,0.0,9.975062344139651
260400,Carpina - PE,388.38,14.900000000000006,15.430543894019964,PE,26013,Mata Setentrional Pernambucana,4167,2,0,53,13,94,any_uf,12.718982481401488,3.119750419966403,22.55819534437245
260410,Caruaru - PE,540.9,14.5,81.96648114304702,PE,26008,Vale do Ipojuca,24156,791,15,758,22,967,any_uf,31.379367444941217,0.9107468123861566,40.03146216260971
260415,Casinhas - PE,199.58,28.200000000000003,12.17032967032967,PE,26009,Alto Capibaribe,876,4,0,9,1,14,any_uf,10.273972602739725,1.1415525114155252,15.981735159817351
260420,Catende - PE,282.32,25.099999999999994,64.27067669172932,PE,26015,Mata Meridional Pernambucana,2993,5,1,46,5,99,any_uf,15.369194787838289,1.670564650851988,33.07718008686936
260430,Cedro - PE,267.56,20.099999999999994,57.365747460087086,PE,26002,Salgueiro,929,1,60,13,1,21,any_uf,13.993541442411194,1.0764262648008611,22.604951560818083
260440,Chã de Alegria - PE,228.58,22.40000000000001,19.549523534507653,PE,26014,Vitória de Santo Antão,973,1,0,7,3,16,any_uf,7.194244604316546,3.0832476875642345,16.44398766700925
260450,Chã Grande - PE,338.1,27.700000000000003,46.077105174163,PE,26014,Vitória de Santo Antão,1375,0,0,11,1,17,any_uf,8.0,0.7272727272727273,12.363636363636363
260460,Condado - PE,287.55,24.90000000000001,3.885510900192792,PE,26013,Mata Setentrional Pernambucana,1427,0,97,27,5,47,any_uf,18.9208128941836,3.50385423966363,32.936229852838125
260470,Correntes - PE,243.11,29.700000000000003,48.4590616375345,PE,26011,Garanhuns,1246,2,0,6,1,8,any_uf,4.815409309791332,0.8025682182985554,6.420545746388443
260480,Cortês - PE,223.48,25.90000000000001,55.5956678700361,PE,26015,Mata Meridional Pernambucana,1135,4,0,13,1,30,any_uf,11.45374449339207,0.8810572687224669,26.431718061674008
260490,Cumaru - PE,245.83,29.099999999999994,21.392056626032247,PE,26010,Médio Capibaribe,906,18,0,17,1,19,any_uf,18.763796909492275,1.1037527593818985,20.97130242825607
260500,Cupira - PE,327.09,28.0,81.26904959822666,PE,26012,Brejo Pernambucano,1697,29,1,48,5,61,any_uf,28.28520919269299,2.946375957572186,35.94578668238067
260510,Custódia - PE,342.87,25.099999999999994,53.30700888450148,PE,26004,Sertão do Moxotó,2422,1,2,9,5,18,any_uf,3.7159372419488026,2.0644095788604457,7.431874483897605
260515,Dormentes - PE,255.97,23.40000000000001,73.02235597592433,PE,26005,Petrolina,1156,0,182,25,1,35,any_uf,21.62629757785467,0.8650519031141869,30.27681660899654
260520,Escada - PE,314.35,20.099999999999994,38.47936437872434,PE,26015,Mata Meridional Pernambucana,5066,2,4,80,14,141,any_uf,15.791551519936833,2.763521515988946,27.83260955388867
260530,Exu - PE,233.2,22.90000000000001,17.616136919315405,PE,26001,Araripina,2505,0,47,14,3,28,any_uf,5.588822355289421,1.1976047904191616,11.177644710578843
260540,Feira Nova - PE,285.16,26.3,21.801252207416923,PE,26010,Médio Capibaribe,1513,1,2,14,6,29,any_uf,9.253139458030404,3.965631196298744,19.167217448777265
260545,Fernando de Noronha - PE,1024.26,4.900000000000006,81.36752136752136,PE,26019,Fernando de Noronha,48,0,2,0,0,0,any_uf,0.0,0.0,0.0
260550,Ferreiros - PE,307.36,26.099999999999994,50.193174500965874,PE,26013,Mata Setentrional Pernambucana,686,1,16,5,0,8,any_uf,7.288629737609329,0.0,11.661807580174926
260560,Flores - PE,224.26,30.0,33.482076453964005,PE,26003,Pajeú,1493,0,22,8,4,17,any_uf,5.35833891493637,2.679169457468185,11.386470194239786
260570,Floresta - PE,307.25,16.900000000000006,42.13958651311225,PE,26006,Itaparica,3150,2,5,8,2,16,any_uf,2.5396825396825395,0.6349206349206349,5.079365079365079
260580,Frei Miguelinho - PE,278.57,28.90000000000001,13.66778149386845,PE,26009,Alto Capibaribe,800,12,0,10,0,11,any_uf,12.5,0.0,13.75
260590,Gameleira - PE,219.6,24.0,54.552023121387286,PE,26015,Mata Meridional Pernambucana,1831,1,4,23,3,55,any_uf,12.561441835062807,1.6384489350081923,30.03823047515019
260600,Garanhuns - PE,480.22,16.200000000000003,53.79736673089274,PE,26011,Garanhuns,10828,5,2,57,5,116,any_uf,5.264130033247137,0.46176579239009974,10.712966383450315
260610,Glória do Goitá - PE,274.81,27.3,35.64596198086935,PE,26014,Vitória de Santo Antão,1735,1,0,20,1,27,any_uf,11.527377521613833,0.5763688760806917,15.561959654178674
260620,Goiana - PE,350.73,17.5,34.46461824953445,PE,26013,Mata Setentrional Pernambucana,5247,0,225,61,10,171,any_uf,11.625690870973889,1.905850962454736,32.59005145797599
260630,Granito - PE,231.6,24.700000000000003,30.41526374859708,PE,26001,Araripina,457,0,2,2,0,5,any_uf,4.3763676148796495,0.0,10.940919037199125
260640,Gravatá - PE,392.96,20.5,66.1548988581448,PE,26008,Vale do Ipojuca,4139,3,0,48,8,79,any_uf,11.597004107272287,1.9328340178787147,19.086735926552308
260650,Iati - PE,197.33,35.8,37.76617954070981,PE,26011,Garanhuns,1656,0,34,9,0,12,any_uf,5.434782608695652,0.0,7.246376811594203
260660,Ibimirim - PE,215.05,29.5,35.122020836306554,PE,26004,Sertão do Moxotó,2441,2,4,18,1,24,any_uf,7.37402703809914,0.40966816878328555,9.832036050798854
260670,Ibirajuba - PE,237.14,31.599999999999994,48.69109947643979,PE,26012,Brejo Pernambucano,477,8,1,20,1,22,any_uf,41.928721174004195,2.0964360587002098,46.121593291404615
260680,Igarassu - PE,370.54,13.200000000000005,20.48050678976985,PE,26016,Itamaracá,6405,0,0,89,33,194,any_uf,13.895394223263075,5.152224824355972,30.288836846213897
260690,Iguaracy - PE,291.73,25.700000000000003,37.475835404584366,PE,26003,Pajeú,887,2,41,9,0,11,any_uf,10.146561443066517,0.0,12.401352874859075
260700,Inajá - PE,179.98,35.3,27.08483537611151,PE,26004,Sertão do Moxotó,1437,2,52,10,3,18,any_uf,6.958942240779401,2.0876826722338206,12.526096033402922
260710,Ingazeira - PE,286.41,24.40000000000001,43.64341085271318,PE,26003,Pajeú,297,0,0,0,0,1,any_uf,0.0,0.0,3.367003367003367
260720,Ipojuca - PE,346.14,19.200000000000003,51.32630813953488,PE,26018,Suape,7131,1,0,86,23,165,any_uf,12.0600196325901,3.2253540877857243,23.138409760201935
260730,Ipubi - PE,230.51,26.90000000000001,21.823472356935014,PE,26001,Araripina,3047,1,4,29,2,42,any_uf,9.517558254020347,0.6563833278634723,13.784049885132918
260740,Itacuruba - PE,268.67,19.5,82.92469352014011,PE,26006,Itaparica,450,1,0,3,0,3,any_uf,6.666666666666667,0.0,6.666666666666667
260750,Itaíba - PE,214.43,36.4,33.22405929304447,PE,26007,Vale do Ipanema,1890,0,11,13,1,18,any_uf,6.878306878306878,0.5291005291005291,9.523809523809524
260760,Ilha de Itamaracá - PE,386.44,14.200000000000005,20.30729359496483,PE,26016,Itamaracá,1076,0,0,11,3,22,any_uf,10.223048327137546,2.7881040892193307,20.44609665427509
260765,Itambé - PE,253.69,27.700000000000003,18.779739875224703,PE,26013,Mata Setentrional Pernambucana,2797,0,1254,56,10,83,any_uf,20.021451555237753,3.5752592062924564,29.674651412227387
260770,Itapetim - PE,326.27,23.599999999999994,54.05767940979209,PE,26003,Pajeú,1098,1,8,1,0,2,any_uf,0.9107468123861566,0.0,1.8214936247723132
260775,Itapissuma - PE,297.51,16.900000000000006,25.371287128712872,PE,26016,Itamaracá,1488,0,1,30,3,46,any_uf,20.161290322580644,2.0161290322580645,30.913978494623656
260780,Itaquitinga - PE,245.7,25.599999999999994,9.62877030162413,PE,26013,Mata Setentrional Pernambucana,1026,0,5,18,3,33,any_uf,17.54385964912281,2.9239766081871346,32.16374269005848
260790,Jaboatão dos Guararapes - PE,566.17,8.599999999999994,46.7436702918593,PE,26017,Recife,37557,7,18,412,98,827,any_uf,10.969992278403494,2.6093670953484036,22.019863141358467
260795,Jaqueira - PE,237.7,29.40000000000001,34.23300307482064,PE,26015,Mata Meridional Pernambucana,358,0,1,10,1,12,any_uf,27.932960893854748,2.793296089385475,33.5195530726257
260800,Jataúba - PE,238.22,31.5,56.47489765136824,PE,26008,Vale do Ipojuca,1306,26,2,31,0,36,any_uf,23.736600306278714,0.0,27.56508422664625
260805,Jatobá - PE,331.74,21.099999999999994,70.26885930566432,PE,26006,Itaparica,1058,1,682,4,78,88,any_uf,3.780718336483932,73.72400756143668,83.17580340264651
260810,João Alfredo - PE,265.83,32.5,17.66990291262136,PE,26010,Médio Capibaribe,1519,0,1,22,2,36,any_uf,14.483212639894667,1.316655694535879,23.69980250164582
260820,Joaquim Nabuco - PE,253.43,27.0,51.557259223766174,PE,26015,Mata Meridional Pernambucana,1343,2,1,26,5,73,any_uf,19.3596425912137,3.7230081906180192,54.35591958302308
260825,Jucati - PE,226.65,29.200000000000003,49.34760789561727,PE,26011,Garanhuns,969,0,0,5,0,7,any_uf,5.159958720330238,0.0,7.223942208462332
260830,Jupi - PE,258.83,29.200000000000003,52.57991442235087,PE,26011,Garanhuns,1419,2,0,12,0,14,any_uf,8.456659619450317,0.0,9.866102889358704
260840,Jurema - PE,203.68,33.599999999999994,65.21739130434783,PE,26011,Garanhuns,1214,16,0,27,1,32,any_uf,22.240527182866558,0.8237232289950577,26.359143327841846
260845,Lagoa do Carro - PE,268.31,21.8,10.227518959913326,PE,26013,Mata Setentrional Pernambucana,994,0,1,9,4,17,any_uf,9.054325955734406,4.0241448692152915,17.10261569416499
260850,Lagoa de Itaenga - PE,246.69,23.90000000000001,15.171821305841924,PE,26013,Mata Setentrional Pernambucana,1480,0,0,22,3,31,any_uf,14.864864864864865,2.027027027027027,20.945945945945947
260860,Lagoa do Ouro - PE,220.39,36.3,53.44117647058823,PE,26011,Garanhuns,1096,0,2,4,1,9,any_uf,3.6496350364963503,0.9124087591240876,8.211678832116789
260870,Lagoa dos Gatos - PE,247.3,35.0,47.52517677308764,PE,26012,Brejo Pernambucano,1049,24,0,27,2,59,any_uf,25.738798856053386,1.9065776930409915,56.244041944709245
260875,Lagoa Grande - PE,292.9,22.0,40.54767403497196,PE,26005,Petrolina,1984,1,55,46,11,75,any_uf,23.18548387096774,5.544354838709677,37.80241935483871
260880,Lajedo - PE,328.72,23.90000000000001,65.24268314851845,PE,26011,Garanhuns,3163,11,169,26,3,37,any_uf,8.220044261776794,0.9484666455896301,11.697755295605438
260890,Limoeiro - PE,383.29,18.200000000000003,46.189489086696746,PE,26010,Médio Capibaribe,3331,1,0,39,18,106,any_uf,11.708195737015911,5.403782647853498,31.82227559291504
260900,Macaparana - PE,275.13,28.599999999999994,62.07620762076208,PE,26013,Mata Setentrional Pernambucana,1801,1,2,13,2,18,any_uf,7.218212104386452,1.110494169905608,9.994447529150472
260910,Machados - PE,220.75,27.200000000000003,23.56545961002785,PE,26010,Médio Capibaribe,791,1,0,6,2,13,any_uf,7.585335018963337,2.5284450063211126,16.43489254108723
260915,Manari - PE,154.19,36.4,5.71773220747889,PE,26004,Sertão do Moxotó,824,1,7,10,0,14,any_uf,12.135922330097088,0.0,16.990291262135923
260920,Maraial - PE,228.95,32.0,22.07368764264754,PE,26015,Mata Meridional Pernambucana,1611,3,0,23,5,90,any_uf,14.276846679081316,3.1036623215394163,55.865921787709496
260930,Mirandiba - PE,185.94,22.200000000000003,56.07919687674289,PE,26002,Salgueiro,1549,1,1,24,1,45,any_uf,15.493867010974823,0.6455777921239509,29.05100064557779
260940,Moreno - PE,331.35,15.700000000000005,52.6590895277457,PE,26017,Recife,3654,1,1,26,4,52,any_uf,7.115489874110564,1.0946907498631637,14.230979748221127
260950,Nazaré da Mata - PE,339.89,17.900000000000006,78.04174835659093,PE,26013,Mata Setentrional Pernambucana,1570,1,2,35,6,55,any_uf,22.29299363057325,3.821656050955414,35.031847133757964
260960,Olinda - PE,621.73,6.700000000000003,57.94168035465127,PE,26017,Recife,26278,6,10,404,79,774,any_uf,15.374077174823046,3.0063170713144074,29.454296369586725
260970,Orobó - PE,232.58,26.700000000000003,21.902062667296487,PE,26010,Médio Capibaribe,1241,0,4,14,3,23,any_uf,11.281224818694602,2.4174053182917,18.5334407735697
260980,Orocó - PE,219.75,21.700000000000003,38.865918487891314,PE,26005,Petrolina,1222,0,24,26,4,36,any_uf,21.27659574468085,3.2733224222585924,29.459901800327334
260990,Ouricuri - PE,284.85,26.90000000000001,61.05237721258986,PE,26001,Araripina,6180,1,9,28,5,66,any_uf,4.53074433656958,0.8090614886731392,10.679611650485437
261000,Palmares - PE,292.93,19.8,57.41101584827228,PE,26015,Mata Meridional Pernambucana,5882,11,3,89,23,284,any_uf,15.130907854471268,3.9102346140768445,48.28289697381843
261010,Palmeirina - PE,241.52,29.700000000000003,54.03087478559177,PE,26011,Garanhuns,525,1,0,1,0,2,any_uf,1.9047619047619047,0.0,3.8095238095238093
261020,Panelas - PE,230.71,33.599999999999994,57.826027209014704,PE,26012,Brejo Pernambucano,1896,27,0,43,5,59,any_uf,22.679324894514767,2.6371308016877637,31.11814345991561
261030,Paranatama - PE,209.82,33.599999999999994,4.743589743589744,PE,26011,Garanhuns,981,0,0,4,0,7,any_uf,4.077471967380224,0.0,7.135575942915392
261040,Parnamirim - PE,250.7,22.5,36.25246548323472,PE,26002,Salgueiro,2155,0,3,19,5,36,any_uf,8.816705336426914,2.320185614849188,16.705336426914155
261050,Passira - PE,253.6,29.0,17.67776360051038,PE,26010,Médio Capibaribe,1912,8,0,24,7,46,any_uf,12.552301255230125,3.6610878661087867,24.05857740585774
261060,Paudalho - PE,346.8,19.40000000000001,32.082392776523704,PE,26013,Mata Setentrional Pernambucana,4458,1,0,43,18,86,any_uf,9.645580978017048,4.037685060565276,19.291161956034095
261070,Paulista - PE,507.98,5.900000000000006,61.51155734539637,PE,26017,Recife,14274,0,0,203,42,345,any_uf,14.22166176264537,2.942412778478352,24.169819251786464
261080,Pedra - PE,239.26,30.200000000000003,43.61323155216285,PE,26007,Vale do Ipanema,1807,1,0,18,1,27,any_uf,9.96126175982291,0.5534034311012729,14.941892639734366
261090,Pesqueira - PE,321.35,23.40000000000001,63.489736070381234,PE,26008,Vale do Ipojuca,5822,17,0,40,6,58,any_uf,6.870491240123669,1.0305736860185504,9.96221229817932
261100,Petrolândia - PE,333.69,16.799999999999997,70.42697153523099,PE,26006,Itaparica,3535,0,408,15,85,112,any_uf,4.243281471004243,24.045261669024047,31.683168316831683
261110,Petrolina - PE,584.31,11.099999999999994,73.92765565485823,PE,26005,Petrolina,27851,7,2594,831,165,1264,any_uf,29.83734874869843,5.9243833255538405,45.38436680909123
261120,Poção - PE,226.74,30.5,46.763657957244654,PE,26008,Vale do Ipojuca,726,1,2,11,0,12,any_uf,15.151515151515152,0.0,16.52892561983471
261130,Pombos - PE,293.3,26.3,67.05947594620824,PE,26014,Vitória de Santo Antão,1521,4,0,15,1,21,any_uf,9.861932938856016,0.6574621959237343,13.806706114398422
261140,Primavera - PE,276.77,26.200000000000003,45.56341861731083,PE,26015,Mata Meridional Pernambucana,860,1,0,9,0,15,any_uf,10.465116279069768,0.0,17.441860465116278
261150,Quipapá - PE,213.0,32.400000000000006,50.59067688378033,PE,26015,Mata Meridional Pernambucana,1790,10,2,11,2,24,any_uf,6.145251396648045,1.1173184357541899,13.40782122905028
261153,Quixaba - PE,214.69,25.0,28.99113082039912,PE,26003,Pajeú,485,0,20,1,0,5,any_uf,2.0618556701030926,0.0,10.309278350515465
261160,Recife - PE,1109.01,6.799999999999997,70.58081290865293,PE,26017,Recife,93545,18,31,1558,349,3011,any_uf,16.65508578758886,3.73082473675771,32.18771714148271
261170,Riacho das Almas - PE,304.05,31.40000000000001,50.67376476459824,PE,26008,Vale do Ipojuca,1225,38,0,43,3,50,any_uf,35.10204081632653,2.4489795918367347,40.816326530612244
261180,Ribeirão - PE,313.17,21.3,66.81460391894156,PE,26015,Mata Meridional Pernambucana,3216,2,0,54,5,97,any_uf,16.791044776119403,1.554726368159204,30.16169154228856
261190,Rio Formoso - PE,260.84,20.599999999999994,34.696112429275416,PE,26015,Mata Meridional Pernambucana,2022,0,0,27,2,45,any_uf,13.353115727002967,0.9891196834817013,22.255192878338278
261200,Sairé - PE,291.79,30.0,29.8566207478212,PE,26012,Brejo Pernambucano,548,7,2,11,3,14,any_uf,20.072992700729927,5.474452554744525,25.547445255474454
261210,Salgadinho - PE,194.78,39.9,13.081650570676032,PE,26010,Médio Capibaribe,240,1,0,6,0,7,any_uf,25.0,0.0,29.166666666666668
261220,Salgueiro - PE,437.08,15.0,64.16023422943839,PE,26002,Salgueiro,7586,2,14,229,9,307,any_uf,30.187186923279725,1.1863959926179806,40.46928552596889
261230,Saloá - PE,253.14,31.90000000000001,38.02848242100578,PE,26011,Garanhuns,1263,4,0,10,1,17,any_uf,7.917656373713381,0.7917656373713381,13.460015835312747
261240,Sanharó - PE,260.24,22.90000000000001,52.20588235294117,PE,26008,Vale do Ipojuca,1472,8,0,22,2,28,any_uf,14.945652173913043,1.358695652173913,19.02173913043478
261245,Santa Cruz - PE,205.6,29.599999999999994,27.64069864153036,PE,26001,Araripina,1620,0,8,11,2,25,any_uf,6.790123456790123,1.2345679012345678,15.432098765432098
261247,Santa Cruz da Baixa Verde - PE,254.28,23.599999999999994,45.6671664167916,PE,26003,Pajeú,1092,0,1,4,1,8,any_uf,3.663003663003663,0.9157509157509157,7.326007326007326
261250,Santa Cruz do Capibaribe - PE,492.61,14.799999999999995,87.59881232406586,PE,26009,Alto Capibaribe,4181,84,62,77,10,103,any_uf,18.416646735230806,2.391772303276728,24.6352547237503
261255,Santa Filomena - PE,173.9,28.90000000000001,9.156492785793562,PE,26001,Araripina,718,0,9,12,0,13,any_uf,16.71309192200557,0.0,18.105849582172702
261260,Santa Maria da Boa Vista - PE,264.56,19.599999999999994,41.31699846860644,PE,26005,Petrolina,3925,2,128,92,11,121,any_uf,23.43949044585987,2.8025477707006368,30.828025477707005
261270,Santa Maria do Cambucá - PE,277.85,31.5,24.57021951864586,PE,26009,Alto Capibaribe,909,4,1,17,2,20,any_uf,18.701870187018702,2.2002200220022003,22.002200220022
261280,Santa Terezinha - PE,223.96,22.40000000000001,52.45358090185676,PE,26003,Pajeú,734,0,4,4,1,5,any_uf,5.449591280653951,1.3623978201634876,6.8119891008174385
261290,São Benedito do Sul - PE,165.84,31.0,24.362606232294617,PE,26015,Mata Meridional Pernambucana,830,1,0,12,1,44,any_uf,14.457831325301205,1.2048192771084338,53.01204819277108
261300,São Bento do Una - PE,313.78,27.0,48.05239102257998,PE,26008,Vale do Ipojuca,3825,32,1,51,3,68,any_uf,13.333333333333334,0.7843137254901961,17.77777777777778
261310,São Caitano - PE,294.92,26.5,51.32270168855535,PE,26008,Vale do Ipojuca,2598,64,0,75,4,88,any_uf,28.868360277136258,1.539645881447267,33.872209391839874
261320,São João - PE,259.98,29.40000000000001,26.92373902564985,PE,26011,Garanhuns,1541,0,1,13,0,21,any_uf,8.436080467229072,0.0,13.627514600908501
261330,São Joaquim do Monte - PE,238.28,31.599999999999994,67.13523994183228,PE,26012,Brejo Pernambucano,1695,3,1,24,1,30,any_uf,14.15929203539823,0.5899705014749262,17.699115044247787
261340,São José da Coroa Grande - PE,294.51,22.200000000000003,5.188968335035751,PE,26015,Mata Meridional Pernambucana,1557,1,7,18,5,37,any_uf,11.560693641618498,3.2113037893384715,23.763648041104688
261350,São José do Belmonte - PE,271.08,25.8,35.96730245231608,PE,26002,Salgueiro,2838,0,2,13,4,22,any_uf,4.580690627202255,1.409443269908386,7.751937984496124
261360,São José do Egito - PE,332.78,20.200000000000003,64.54536400756896,PE,26003,Pajeú,2322,0,19,7,2,15,any_uf,3.0146425495262705,0.8613264427217916,6.459948320413437
261370,São Lourenço da Mata - PE,355.18,14.900000000000006,38.8890721377445,PE,26017,Recife,7366,1,4,94,35,213,any_uf,12.761335867499321,4.751561227260385,28.916644040184632
261380,São Vicente Férrer - PE,254.55,27.8,56.54890133563119,PE,26010,Médio Capibaribe,1264,0,2,11,0,20,any_uf,8.70253164556962,0.0,15.822784810126583
261390,Serra Talhada - PE,401.48,19.700000000000003,71.84052809867107,PE,26003,Pajeú,6749,0,3,66,14,96,any_uf,9.77922655208179,2.074381389835531,14.224329530300786
261400,Serrita - PE,231.58,23.8,35.78708946772367,PE,26002,Salgueiro,1683,0,72,19,1,29,any_uf,11.2893642305407,0.5941770647653001,17.231134878193703
261410,Sertânia - PE,327.11,24.700000000000003,59.15405989502933,PE,26004,Sertão do Moxotó,2399,2,109,16,4,29,any_uf,6.669445602334306,1.6673614005835764,12.08837015423093
261420,Sirinhaém - PE,266.97,23.599999999999994,34.3322345420038,PE,26015,Mata Meridional Pernambucana,3454,3,0,41,4,76,any_uf,11.870295309785755,1.1580775911986103,22.003474232773595
261430,Moreilândia - PE,200.26,22.700000000000003,12.47450713800136,PE,26001,Araripina,686,0,19,5,0,7,any_uf,7.288629737609329,0.0,10.204081632653061
261440,Solidão - PE,236.21,23.099999999999994,36.89320388349515,PE,26003,Pajeú,509,0,2,6,0,11,any_uf,11.787819253438114,0.0,21.611001964636543
261450,Surubim - PE,362.17,22.700000000000003,58.83058299548907,PE,26009,Alto Capibaribe,4261,5,3,32,1,43,any_uf,7.509974184463741,0.2346866932644919,10.091527810373153
261460,Tabira - PE,268.88,21.3,72.1076458752515,PE,26003,Pajeú,2458,0,9,13,1,28,any_uf,5.288852725793328,0.40683482506102525,11.391375101708705
261470,Tacaimbó - PE,218.74,33.5,54.45240532241556,PE,26008,Vale do Ipojuca,748,17,0,27,3,48,any_uf,36.096256684491976,4.010695187165775,64.1711229946524
261480,Tacaratu - PE,203.46,22.90000000000001,22.14411247803164,PE,26006,Itaparica,1245,0,468,8,76,94,any_uf,6.42570281124498,61.04417670682731,75.50200803212851
261485,Tamandaré - PE,283.96,21.200000000000003,19.352423731985777,PE,26015,Mata Meridional Pernambucana,1840,1,1,24,3,62,any_uf,13.043478260869565,1.6304347826086956,33.69565217391305
261500,Taquaritinga do Norte - PE,418.65,20.8,44.16903697683868,PE,26009,Alto Capibaribe,1428,23,10,20,17,39,any_uf,14.005602240896359,11.904761904761905,27.310924369747898
261510,Terezinha - PE,223.79,33.400000000000006,57.16612377850163,PE,26011,Garanhuns,583,0,0,1,0,3,any_uf,1.7152658662092624,0.0,5.145797598627787
261520,Terra Nova - PE,235.51,19.0,47.666253614209005,PE,26005,Petrolina,899,0,2,19,0,22,any_uf,21.134593993325918,0.0,24.47163515016685
261530,Timbaúba - PE,310.69,19.700000000000003,67.58770772883145,PE,26013,Mata Setentrional Pernambucana,4170,0,5,30,6,56,any_uf,7.194244604316546,1.4388489208633093,13.42925659472422
261540,Toritama - PE,448.52,19.099999999999994,79.9214531173294,PE,26009,Alto Capibaribe,2044,47,6,50,3,55,any_uf,24.461839530332682,1.467710371819961,26.908023483365948
261550,Tracunhaém - PE,262.64,23.200000000000003,24.06798245614035,PE,26013,Mata Setentrional Pernambucana,895,0,1,19,3,30,any_uf,21.22905027932961,3.35195530726257,33.5195530726257
261560,Trindade - PE,333.14,22.90000000000001,44.18334783870032,PE,26001,Araripina,3138,0,3,14,1,20,any_uf,4.461440407903123,0.3186743148502231,6.373486297004462
261570,Triunfo - PE,385.56,15.400000000000006,21.769177608845887,PE,26003,Pajeú,1139,0,7,6,3,12,any_uf,5.267778753292362,2.633889376646181,10.535557506584723
261580,Tupanatinga - PE,168.83,34.099999999999994,32.72668183295418,PE,26007,Vale do Ipanema,1986,0,1,8,0,16,any_uf,4.028197381671702,0.0,8.056394763343404
261590,Tuparetama - PE,357.83,19.40000000000001,60.64940085040588,PE,26003,Pajeú,590,0,20,1,0,4,any_uf,1.694915254237288,0.0,6.779661016949152
261600,Venturosa - PE,272.4,25.700000000000003,56.53812056737589,PE,26007,Vale do Ipanema,1399,0,0,11,1,17,any_uf,7.862759113652609,0.7147962830593281,12.151536812008578
261610,Verdejante - PE,257.06,24.0,41.30794701986755,PE,26002,Salgueiro,992,1,1,24,0,35,any_uf,24.193548387096776,0.0,35.28225806451613
261618,Vertente do Lério - PE,218.88,29.8,15.714285714285714,PE,26009,Alto Capibaribe,677,0,1,3,0,5,any_uf,4.431314623338257,0.0,7.385524372230428
261620,Vertentes - PE,335.84,22.40000000000001,39.80653403905822,PE,26009,Alto Capibaribe,1524,21,0,28,0,31,any_uf,18.37270341207349,0.0,20.341207349081365
261630,Vicência - PE,234.24,21.40000000000001,58.792162698412696,PE,26013,Mata Setentrional Pernambucana,2000,2,1,31,1,45,any_uf,15.5,0.5,22.5
261640,Vitória de Santo Antão - PE,389.18,20.3,64.42985347056735,PE,26014,Vitória de Santo Antão,10830,0,10,101,13,166,any_uf,9.32594644506002,1.2003693444136658,15.327793167128346
261650,Xexéu - PE,237.27,30.099999999999994,56.08292416803055,PE,26015,Mata Meridional Pernambucana,714,1,2,8,1,19,any_uf,11.204481792717086,1.4005602240896358,26.610644257703083
270010,Água Branca - AL,210.88,27.90000000000001,29.883597883597883,AL,27001,Serrana do Sertão Alagoano,1893,0,792,17,94,127,any_uf,8.980454305335446,49.65662968832541,67.0892762810354
270020,Anadia - AL,236.86,32.900000000000006,19.07415345049293,AL,27012,São Miguel dos Campos,1424,0,0,38,12,54,any_uf,26.685393258426966,8.426966292134832,37.92134831460674
270030,Arapiraca - AL,411.55,20.599999999999994,19.212811974321124,AL,27006,Arapiraca,17376,6,9,234,76,372,any_uf,13.466850828729282,4.373848987108656,21.408839779005525
270040,Atalaia - AL,230.76,30.700000000000003,24.28689351554618,AL,27009,Mata Alagoana,4035,3,1,93,21,126,any_uf,23.04832713754647,5.204460966542751,31.226765799256505
270050,Barra de Santo Antônio - AL,235.97,25.599999999999994,23.6154949784792,AL,27011,Maceió,1327,1,0,54,8,66,any_uf,40.693293142426526,6.028636021100226,49.736247174076865
270060,Barra de São Miguel - AL,419.64,22.0,53.92354124748491,AL,27011,Maceió,684,0,4,23,4,30,any_uf,33.62573099415204,5.847953216374269,43.85964912280702
270070,Batalha - AL,263.7,27.700000000000003,21.476355247981544,AL,27004,Batalha,1514,0,1,17,3,21,any_uf,11.228533685601057,1.9815059445178336,13.870541611624835
270080,Belém - AL,306.64,30.40000000000001,18.2655410590944,AL,27005,Palmeira dos Índios,445,0,1,2,1,5,any_uf,4.49438202247191,2.247191011235955,11.235955056179776
270090,Belo Monte - AL,184.59,34.2,35.71033720287452,AL,27004,Batalha,444,0,4,10,0,10,any_uf,22.52252252252252,0.0,22.52252252252252
270100,Boca da Mata - AL,253.04,24.40000000000001,66.35400907715582,AL,27012,São Miguel dos Campos,2319,1,0,75,14,101,any_uf,32.341526520051744,6.0370849504096595,43.553255713669685
270110,Branquinha - AL,214.53,37.7,36.64245359160613,AL,27009,Mata Alagoana,1106,1,3,24,15,43,any_uf,21.699819168173597,13.5623869801085,38.87884267631103
270120,Cacimbinhas - AL,257.05,37.1,0.2778742618964918,AL,27005,Palmeira dos Índios,993,0,2,7,4,11,any_uf,7.049345417925478,4.028197381671702,11.07754279959718
270130,Cajueiro - AL,218.17,31.0,9.816457001443595,AL,27009,Mata Alagoana,2077,3,0,66,6,74,any_uf,31.77660086663457,2.888781896966779,35.62831006259027
270135,Campestre - AL,241.47,29.8,57.19424460431655,AL,27009,Mata Alagoana,164,0,105,4,1,6,any_uf,24.390243902439025,6.097560975609756,36.58536585365854
270140,Campo Alegre - AL,202.89,24.5,23.317153585493177,AL,27012,São Miguel dos Campos,2781,2,9,54,15,78,any_uf,19.41747572815534,5.393743257820928,28.047464940668824
270150,Campo Grande - AL,177.37,35.7,7.607776838546069,AL,27006,Arapiraca,943,0,17,14,3,23,any_uf,14.846235418875928,3.1813361611876987,24.390243902439025
270160,Canapi - AL,182.07,36.0,6.114221724524076,AL,27001,Serrana do Sertão Alagoano,1222,0,130,18,9,36,any_uf,14.729950900163667,7.364975450081833,29.459901800327334
270170,Capela - AL,246.99,28.599999999999994,56.43373493975904,AL,27009,Mata Alagoana,1649,0,1,37,9,49,any_uf,22.437841115827773,5.45785324439054,29.71497877501516
270180,Carneiros - AL,196.82,27.5,0.2448579823702252,AL,27003,Santana do Ipanema,908,0,0,15,4,25,any_uf,16.519823788546255,4.405286343612334,27.53303964757709
270190,Chã Preta - AL,218.25,31.8,6.112600536193029,AL,27008,Serrana dos Quilombos,640,0,1,14,4,19,any_uf,21.875,6.25,29.6875
270200,Coité do Nóia - AL,201.97,34.8,1.7432115320147503,AL,27006,Arapiraca,901,0,0,18,4,26,any_uf,19.97780244173141,4.439511653718091,28.85682574916759
270210,Colônia Leopoldina - AL,236.92,32.0,68.18526955201214,AL,27009,Mata Alagoana,1424,0,366,31,9,57,any_uf,21.769662921348313,6.320224719101123,40.02808988764045
270220,Coqueiro Seco - AL,293.99,26.3,15.019762845849804,AL,27011,Maceió,504,0,0,9,4,16,any_uf,17.857142857142858,7.936507936507937,31.746031746031747
270230,Coruripe - AL,306.12,21.200000000000003,16.67412045319022,AL,27012,São Miguel dos Campos,4589,0,3,51,19,80,any_uf,11.113532359991284,4.140335585094792,17.43299193724123
270235,Craíbas - AL,193.88,35.8,7.453522087668429,AL,27006,Arapiraca,2107,0,1,19,6,29,any_uf,9.017560512577123,2.8476506881822496,13.763644992880874
270240,Delmiro Gouveia - AL,323.91,21.90000000000001,73.92491467576792,AL,27002,Alagoana do Sertão do São Francisco,4533,2,1708,35,205,257,any_uf,7.7211559673505405,45.22391352305316,56.69534524597397
270250,Dois Riachos - AL,188.88,35.900000000000006,0.814663951120163,AL,27003,Santana do Ipanema,938,2,3,4,2,10,any_uf,4.264392324093817,2.1321961620469083,10.660980810234541
270255,Estrela de Alagoas - AL,194.71,37.1,6.346346346346347,AL,27005,Palmeira dos Índios,1367,0,5,4,0,9,any_uf,2.926115581565472,0.0,6.583760058522311
270260,Feira Grande - AL,190.47,35.3,7.739665787159191,AL,27006,Arapiraca,1888,1,1,24,8,37,any_uf,12.711864406779661,4.237288135593221,19.597457627118644
270270,Feliz Deserto - AL,240.72,30.099999999999994,1.497504159733777,AL,27013,Penedo,430,0,0,6,1,9,any_uf,13.953488372093023,2.3255813953488373,20.930232558139537
270280,Flexeiras - AL,210.32,28.90000000000001,57.05309456487591,AL,27009,Mata Alagoana,1196,0,1,37,9,54,any_uf,30.93645484949833,7.525083612040134,45.1505016722408
270290,Girau do Ponciano - AL,174.57,32.599999999999994,2.427346620643581,AL,27006,Arapiraca,2925,0,0,52,20,86,any_uf,17.77777777777778,6.837606837606837,29.4017094017094
270300,Ibateguara - AL,190.82,34.099999999999994,58.860453887011104,AL,27008,Serrana dos Quilombos,1413,0,3,28,27,61,any_uf,19.815994338287332,19.10828025477707,43.17055909412597
270310,Igaci - AL,238.74,35.099999999999994,6.059751972942503,AL,27005,Palmeira dos Índios,2167,1,0,21,3,27,any_uf,9.690816797415783,1.3844023996308261,12.459621596677435
270320,Igreja Nova - AL,249.2,34.0,6.951530612244898,AL,27013,Penedo,2188,0,3,35,7,63,any_uf,15.996343692870202,3.19926873857404,28.793418647166362
270330,Inhapi - AL,177.26,36.3,13.78997505103198,AL,27001,Serrana do Sertão Alagoano,1219,1,531,4,66,80,any_uf,3.281378178835111,54.14273995077933,65.62756357670222
270340,Jacaré dos Homens - AL,229.78,25.700000000000003,6.4352856109906,AL,27004,Batalha,588,0,3,9,4,14,any_uf,15.306122448979592,6.802721088435374,23.80952380952381
270350,Jacuípe - AL,217.52,27.700000000000003,26.777251184834125,AL,27009,Mata Alagoana,400,0,119,5,0,5,any_uf,12.5,0.0,12.5
270360,Japaratinga - AL,259.18,27.40000000000001,12.042147516307075,AL,27010,Litoral Norte Alagoano,724,1,12,20,3,23,any_uf,27.624309392265193,4.143646408839779,31.76795580110497
270370,Jaramataia - AL,216.88,35.400000000000006,1.293103448275862,AL,27004,Batalha,588,0,0,6,3,11,any_uf,10.204081632653061,5.1020408163265305,18.707482993197278
270375,Jequiá da Praia - AL,195.83,25.0,2.0526855969893947,AL,27012,São Miguel dos Campos,894,1,0,28,4,35,any_uf,31.319910514541387,4.47427293064877,39.14988814317673
270380,Joaquim Gomes - AL,184.4,36.3,15.684496826835902,AL,27009,Mata Alagoana,2304,0,2,48,15,73,any_uf,20.833333333333332,6.510416666666667,31.68402777777778
270390,Jundiá - AL,281.8,30.3,4.181494661921708,AL,27009,Mata Alagoana,451,0,305,10,2,34,any_uf,22.172949002217294,4.434589800443459,75.3880266075388
270400,Junqueiro - AL,298.53,29.0,1.14815979867883,AL,27012,São Miguel dos Campos,1772,0,0,42,7,54,any_uf,23.702031602708804,3.950338600451467,30.474040632054177
270410,Lagoa da Canoa - AL,223.18,35.7,5.304928989139516,AL,27006,Arapiraca,1697,0,4,38,15,67,any_uf,22.392457277548615,8.839127872716558,39.4814378314673
270420,Limoeiro de Anadia - AL,225.86,31.90000000000001,11.602535751142565,AL,27006,Arapiraca,1627,0,1,20,6,27,any_uf,12.292562999385371,3.6877688998156115,16.59496004917025
270430,Maceió - AL,773.26,11.299999999999995,48.41950091038791,AL,27011,Maceió,70889,31,27,2271,420,3067,any_uf,32.035999943573756,5.924755603831342,43.2648224689303
270440,Major Isidoro - AL,267.7,32.7,23.965651834504293,AL,27004,Batalha,1551,0,4,35,6,43,any_uf,22.56608639587363,3.8684719535783367,27.724049000644744
270450,Maragogi - AL,251.04,27.3,38.24089178901577,AL,27010,Litoral Norte Alagoano,2635,1,336,44,6,57,any_uf,16.698292220113853,2.2770398481973433,21.631878557874764
270460,Maravilha - AL,228.13,27.599999999999994,13.60239162929746,AL,27003,Santana do Ipanema,929,0,1,8,3,16,any_uf,8.611410118406889,3.2292787944025836,17.222820236813778
270470,Marechal Deodoro - AL,415.93,20.3,28.397599276494287,AL,27011,Maceió,4090,1,1,129,23,163,any_uf,31.540342298288508,5.623471882640587,39.85330073349633
270480,Maribondo - AL,292.46,27.0,69.2750588851086,AL,27005,Palmeira dos Índios,943,0,1,13,1,16,any_uf,13.785790031813361,1.0604453870625663,16.96712619300106
270490,Mar Vermelho - AL,228.59,26.90000000000001,15.992292870905588,AL,27005,Palmeira dos Índios,245,0,0,6,4,10,any_uf,24.489795918367346,16.3265306122449,40.816326530612244
270500,Mata Grande - AL,185.12,35.8,21.789137380191693,AL,27001,Serrana do Sertão Alagoano,2083,0,448,13,82,99,any_uf,6.240998559769563,39.366298607777246,47.52760441670667
270510,Matriz de Camaragibe - AL,216.1,28.5,9.813559322033898,AL,27009,Mata Alagoana,2444,3,0,82,11,114,any_uf,33.55155482815057,4.500818330605565,46.64484451718494
270520,Messias - AL,248.03,26.90000000000001,31.80294041784885,AL,27009,Mata Alagoana,1600,0,0,38,11,54,any_uf,23.75,6.875,33.75
270530,Minador do Negrão - AL,227.34,40.5,0.7488087134104833,AL,27005,Palmeira dos Índios,428,2,0,9,0,11,any_uf,21.02803738317757,0.0,25.700934579439252
270540,Monteirópolis - AL,176.0,33.900000000000006,0.8844339622641509,AL,27004,Batalha,705,0,0,16,5,21,any_uf,22.69503546099291,7.092198581560283,29.78723404255319
270550,Murici - AL,230.14,27.90000000000001,66.92836113837095,AL,27009,Mata Alagoana,2818,0,1,55,40,114,any_uf,19.51738821859475,14.194464158977999,40.454222853087295
270560,Novo Lino - AL,234.59,33.0,35.21388716676999,AL,27009,Mata Alagoana,779,0,210,22,3,37,any_uf,28.241335044929397,3.851091142490372,47.496790757381255
270570,Olho d'Água das Flores - AL,270.04,26.90000000000001,2.282271316414095,AL,27004,Batalha,1953,2,2,19,12,47,any_uf,9.728622631848438,6.1443932411674345,24.065540194572453
270580,Olho d'Água do Casado - AL,206.72,32.7,12.865221489161168,AL,27002,Alagoana do Sertão do São Francisco,692,0,254,15,29,46,any_uf,21.67630057803468,41.907514450867055,66.47398843930635
270590,Olho d'Água Grande - AL,150.58,38.7,0.6928406466512702,AL,27007,Traipu,443,0,5,5,6,13,any_uf,11.286681715575622,13.544018058690744,29.345372460496613
270600,Olivença - AL,193.31,32.7,0.759144237405107,AL,27004,Batalha,969,0,3,4,3,13,any_uf,4.12796697626419,3.0959752321981426,13.415892672858616
270610,Ouro Branco - AL,225.24,28.200000000000003,3.01592680447306,AL,27003,Santana do Ipanema,1023,0,2,6,2,9,any_uf,5.865102639296188,1.9550342130987293,8.79765395894428
270620,Palestina - AL,178.95,30.90000000000001,5.581761006289308,AL,27003,Santana do Ipanema,531,1,3,4,1,7,any_uf,7.532956685499058,1.8832391713747645,13.182674199623353
270630,Palmeira dos Índios - AL,385.01,22.8,13.750061187527534,AL,27005,Palmeira dos Índios,6902,4,3,37,1,59,any_uf,5.360764995653434,0.14488554042306578,8.54824688496088
270640,Pão de Açúcar - AL,220.89,28.200000000000003,19.12442396313364,AL,27003,Santana do Ipanema,2624,2,6,23,18,76,any_uf,8.765243902439025,6.859756097560975,28.963414634146343
270642,Pariconha - AL,210.07,28.8,3.967642526964561,AL,27001,Serrana do Sertão Alagoano,937,0,543,7,45,56,any_uf,7.4706510138740665,48.025613660618994,59.76520811099253
270644,Paripueira - AL,322.49,22.8,12.897526501766784,AL,27011,Maceió,1064,0,0,30,4,44,any_uf,28.195488721804512,3.7593984962406015,41.35338345864662
270650,Passo de Camaragibe - AL,190.71,29.200000000000003,3.084763948497854,AL,27010,Litoral Norte Alagoano,1486,0,0,44,6,54,any_uf,29.609690444145357,4.037685060565276,36.33916554508748
270660,Paulo Jacinto - AL,245.83,29.0,11.268939393939394,AL,27005,Palmeira dos Índios,568,0,0,15,5,23,any_uf,26.408450704225352,8.80281690140845,40.49295774647887
270670,Penedo - AL,328.36,20.90000000000001,31.114778144481114,AL,27013,Penedo,5803,1,12,61,14,159,any_uf,10.511804239186628,2.4125452352231602,27.39962088574875
270680,Piaçabuçu - AL,220.91,29.0,42.11658421165842,AL,27013,Penedo,1476,1,0,24,9,44,any_uf,16.260162601626018,6.097560975609756,29.81029810298103
270690,Pilar - AL,282.27,22.700000000000003,26.833692325133203,AL,27011,Maceió,3036,5,1,76,9,100,any_uf,25.032938076416336,2.964426877470356,32.93807641633729
270700,Pindoba - AL,291.7,32.7,0.2652519893899204,AL,27008,Serrana dos Quilombos,208,0,0,4,2,6,any_uf,19.23076923076923,9.615384615384615,28.846153846153847
270710,Piranhas - AL,254.98,27.5,51.791304347826085,AL,27002,Alagoana do Sertão do São Francisco,2477,0,361,14,38,60,any_uf,5.651998385143319,15.341138473960436,24.222850222042794
270720,Poço das Trincheiras - AL,160.42,30.3,2.8236707720036045,AL,27003,Santana do Ipanema,1377,1,0,7,1,21,any_uf,5.083514887436456,0.7262164124909223,15.250544662309368
270730,Porto Calvo - AL,251.38,25.90000000000001,16.068666872873493,AL,27009,Mata Alagoana,2751,0,26,74,16,103,any_uf,26.899309342057435,5.8160668847691745,37.44093057070156
270740,Porto de Pedras - AL,232.55,29.8,4.625056129321957,AL,27010,Litoral Norte Alagoano,637,0,5,12,3,17,any_uf,18.838304552590266,4.7095761381475665,26.687598116169546
270750,Porto Real do Colégio - AL,189.13,31.90000000000001,38.64886095836607,AL,27013,Penedo,1647,0,83,18,5,37,any_uf,10.92896174863388,3.0358227079538556,22.465088038858532
270760,Quebrangulo - AL,221.24,28.8,12.48754566589173,AL,27005,Palmeira dos Índios,1020,0,1,15,3,24,any_uf,14.705882352941176,2.9411764705882355,23.529411764705884
270770,Rio Largo - AL,358.04,17.099999999999994,34.33636955107352,AL,27011,Maceió,5404,4,4,115,44,186,any_uf,21.280532938564026,8.142116950407106,34.41894892672095
270780,Roteiro - AL,198.27,33.8,6.900726392251816,AL,27012,São Miguel dos Campos,674,0,0,19,4,24,any_uf,28.189910979228486,5.9347181008902075,35.60830860534124
270790,Santa Luzia do Norte - AL,290.93,21.0,3.2017075773746,AL,27011,Maceió,567,0,2,7,5,19,any_uf,12.345679012345679,8.818342151675486,33.50970017636684
270800,Santana do Ipanema - AL,288.98,26.700000000000003,6.296976783029898,AL,27003,Santana do Ipanema,4937,3,3,37,22,102,any_uf,7.494429815677537,4.456147457970427,20.660320032408347
270810,Santana do Mundaú - AL,185.7,34.7,7.11997152011392,AL,27008,Serrana dos Quilombos,914,0,0,15,16,33,any_uf,16.411378555798688,17.505470459518598,36.10503282275711
270820,São Brás - AL,213.33,31.0,15.139879319802525,AL,27007,Traipu,524,0,62,11,0,14,any_uf,20.99236641221374,0.0,26.717557251908396
270830,São José da Laje - AL,280.89,27.8,68.98359546761374,AL,27008,Serrana dos Quilombos,2225,1,2,46,45,100,any_uf,20.674157303370787,20.224719101123597,44.943820224719104
270840,São José da Tapera - AL,187.57,33.0,4.604154969118473,AL,27003,Santana do Ipanema,3330,2,10,57,26,108,any_uf,17.117117117117118,7.807807807807808,32.432432432432435
270850,São Luís do Quitunde - AL,242.58,31.099999999999994,13.612836438923395,AL,27009,Mata Alagoana,3363,5,0,76,12,97,any_uf,22.598870056497177,3.568242640499554,28.843294677371393
270860,São Miguel dos Campos - AL,345.1,19.40000000000001,63.63571530452147,AL,27012,São Miguel dos Campos,4837,2,0,103,39,161,any_uf,21.29419061401695,8.062848873268555,33.28509406657019
270870,São Miguel dos Milagres - AL,235.12,26.3,7.727737973387923,AL,27010,Litoral Norte Alagoano,572,0,1,8,4,13,any_uf,13.986013986013987,6.993006993006993,22.727272727272727
270880,São Sebastião - AL,223.22,33.7,1.9485120453471887,AL,27006,Arapiraca,2912,1,3,44,8,60,any_uf,15.10989010989011,2.7472527472527473,20.604395604395606
270890,Satuba - AL,368.62,17.400000000000006,72.19461156160084,AL,27011,Maceió,828,1,0,21,13,37,any_uf,25.36231884057971,15.70048309178744,44.68599033816425
270895,Senador Rui Palmeira - AL,156.77,33.2,6.5153010858835145,AL,27003,Santana do Ipanema,1147,0,1,8,6,17,any_uf,6.974716652136007,5.231037489102005,14.821272885789014
270900,Tanque d'Arca - AL,214.12,34.8,2.784090909090909,AL,27005,Palmeira dos Índios,458,0,0,3,0,5,any_uf,6.550218340611353,0.0,10.91703056768559
270910,Taquarana - AL,213.58,34.0,9.405568096313017,AL,27006,Arapiraca,1616,0,0,34,6,43,any_uf,21.03960396039604,3.712871287128713,26.60891089108911
270915,Teotônio Vilela - AL,240.71,25.599999999999994,47.491282448663306,AL,27012,São Miguel dos Campos,3940,1,2,113,21,146,any_uf,28.68020304568528,5.32994923857868,37.055837563451774
270920,Traipu - AL,176.7,40.0,10.29040404040404,AL,27007,Traipu,2097,1,8,24,12,40,any_uf,11.444921316165951,5.7224606580829755,19.074868860276585
270930,União dos Palmares - AL,298.45,29.099999999999994,65.29190207156309,AL,27008,Serrana dos Quilombos,6464,2,1,109,112,253,any_uf,16.862623762376238,17.326732673267326,39.13985148514851
270940,Viçosa - AL,240.44,30.599999999999994,31.89771197846568,AL,27008,Serrana dos Quilombos,2455,0,3,49,16,68,any_uf,19.95926680244399,6.517311608961304,27.69857433808554
280010,Amparo do São Francisco - SE,274.02,21.3,18.621700879765395,SE,28007,Propriá,175,0,1,2,3,7,any_uf,11.428571428571429,17.142857142857142,40.0
280020,Aquidabã - SE,269.57,27.200000000000003,37.105131205081065,SE,28003,Nossa Senhora das Dores,1385,0,1,8,63,75,any_uf,5.776173285198556,45.48736462093863,54.151624548736464
280030,Aracaju - SE,1022.07,6.299999999999997,87.81837598012898,SE,28011,Aracaju,37766,12,14,494,4796,5416,any_uf,13.080548641635334,126.99253296616004,143.40941587671452
280040,Arauá - SE,242.23,24.8,12.799729821006416,SE,28012,Boquim,929,0,1,7,6,13,any_uf,7.534983853606028,6.458557588805167,13.993541442411194
280050,Areia Branca - SE,292.52,22.099999999999994,9.00391474554154,SE,28004,Agreste de Itabaiana,1468,0,0,36,5,43,any_uf,24.52316076294278,3.4059945504087192,29.291553133514988
280060,Barra dos Coqueiros - SE,397.3,12.299999999999995,63.59918200408998,SE,28011,Aracaju,1994,0,2,28,207,245,any_uf,14.042126379137413,103.81143430290872,122.86860581745236
280067,Boquim - SE,294.26,21.90000000000001,0.9416978257859022,SE,28012,Boquim,1947,0,0,19,26,53,any_uf,9.758602978941962,13.353877760657422,27.221366204417052
280070,Brejo Grande - SE,194.86,28.3,1.2833168805528137,SE,28007,Propriá,626,0,1,2,11,14,any_uf,3.194888178913738,17.57188498402556,22.364217252396166
280100,Campo do Brito - SE,389.86,25.200000000000003,15.522560740455072,SE,28004,Agreste de Itabaiana,1545,0,0,24,11,39,any_uf,15.533980582524272,7.119741100323624,25.24271844660194
280110,Canhoba - SE,247.55,30.200000000000003,4.118773946360153,SE,28007,Propriá,277,0,0,1,3,4,any_uf,3.6101083032490973,10.830324909747292,14.440433212996389
280120,Canindé de São Francisco - SE,259.96,26.8,45.877277085330775,SE,28001,Sergipana do Sertão do São Francisco,2402,0,193,15,44,65,any_uf,6.244796003330558,18.318068276436303,27.060782681099084
280130,Capela - SE,309.91,22.8,14.209019327129564,SE,28008,Cotinguiba,2820,0,3,21,103,153,any_uf,7.446808510638298,36.52482269503546,54.255319148936174
280140,Carira - SE,290.02,31.599999999999994,16.57084883327697,SE,28002,Carira,1687,0,0,18,4,23,any_uf,10.669828097213989,2.3710729104919976,13.633669235328986
280150,Carmópolis - SE,377.89,13.599999999999994,82.87012292891502,SE,28010,Baixo Cotinguiba,836,0,0,6,67,81,any_uf,7.177033492822966,80.14354066985646,96.88995215311004
280160,Cedro de São João - SE,346.7,19.700000000000003,40.86339444115908,SE,28007,Propriá,335,0,0,5,10,17,any_uf,14.925373134328359,29.850746268656717,50.74626865671642
280170,Cristinápolis - SE,228.21,27.200000000000003,2.0051294007927254,SE,28012,Boquim,1613,0,0,15,16,40,any_uf,9.299442033477991,9.919404835709857,24.798512089274645
280190,Cumbe - SE,282.35,23.8,11.472602739726028,SE,28003,Nossa Senhora das Dores,268,0,0,3,9,14,any_uf,11.194029850746269,33.582089552238806,52.23880597014925
280200,Divina Pastora - SE,275.95,20.90000000000001,12.363330529857024,SE,28008,Cotinguiba,410,0,0,4,37,43,any_uf,9.75609756097561,90.2439024390244,104.8780487804878
280210,Estância - SE,385.39,16.599999999999994,18.111922675599978,SE,28013,Estância,5757,1,8,72,47,131,any_uf,12.506513809275665,8.163974292166058,22.754907069654333
280220,Feira Nova - SE,232.12,27.40000000000001,22.983870967741936,SE,28001,Sergipana do Sertão do São Francisco,399,0,0,3,3,9,any_uf,7.518796992481203,7.518796992481203,22.55639097744361
280230,Frei Paulo - SE,379.95,24.200000000000003,9.159727479182438,SE,28002,Carira,1171,0,0,17,8,27,any_uf,14.517506404782237,6.831767719897523,23.05721605465414
280240,Gararu - SE,225.64,27.90000000000001,28.95800933125972,SE,28001,Sergipana do Sertão do São Francisco,649,1,3,6,9,16,any_uf,9.244992295839754,13.86748844375963,24.65331278890601
280250,General Maynard - SE,342.64,13.900000000000006,38.095238095238095,SE,28010,Baixo Cotinguiba,145,0,0,3,9,12,any_uf,20.689655172413794,62.06896551724138,82.75862068965517
280260,Graccho Cardoso - SE,247.12,27.099999999999994,23.550295857988164,SE,28001,Sergipana do Sertão do São Francisco,357,0,1,3,3,7,any_uf,8.403361344537815,8.403361344537815,19.607843137254903
280270,Ilha das Flores - SE,185.64,23.700000000000003,12.129502963976288,SE,28007,Propriá,729,0,1,7,29,41,any_uf,9.602194787379972,39.78052126200274,56.24142661179698
280280,Indiaroba - SE,219.1,24.40000000000001,2.623612512613522,SE,28013,Estância,1503,0,2,7,8,22,any_uf,4.657351962741184,5.322687957418497,14.637391882900864
280290,Itabaiana - SE,433.11,19.700000000000003,59.4777525670115,SE,28004,Agreste de Itabaiana,7273,0,5,122,30,170,any_uf,16.77437096108896,4.124845318300563,23.37412347036986
280300,Itabaianinha - SE,249.38,26.90000000000001,42.75306748466258,SE,28012,Boquim,3128,3,1,22,40,64,any_uf,7.033248081841432,12.787723785166241,20.460358056265985
280310,Itabi - SE,273.39,28.099999999999994,25.98978288633461,SE,28001,Sergipana do Sertão do São Francisco,228,0,0,0,5,5,any_uf,0.0,21.92982456140351,21.92982456140351
280320,Itaporanga d'Ajuda - SE,230.94,22.5,23.138297872340427,SE,28013,Estância,2627,0,0,20,212,238,any_uf,7.613247049866768,80.70041872858775,90.59763989341454
280330,Japaratuba - SE,287.85,18.5,8.228670420095279,SE,28009,Japaratuba,1212,0,0,8,68,83,any_uf,6.600660066006601,56.1056105610561,68.48184818481849
280340,Japoatã - SE,244.39,28.5,2.502750275027503,SE,28009,Japaratuba,1067,1,2,10,18,30,any_uf,9.372071227741332,16.869728209934397,28.116213683223993
280350,Lagarto - SE,357.94,22.8,28.64126892156153,SE,28006,Agreste de Lagarto,7088,1,9,34,83,143,any_uf,4.796839729119639,11.709932279909706,20.174943566591423
280360,Laranjeiras - SE,275.29,14.299999999999995,34.93487698986976,SE,28010,Baixo Cotinguiba,1978,1,2,19,235,257,any_uf,9.605662285136502,118.80687563195147,129.92922143579372
280370,Macambira - SE,281.47,28.3,40.04117344312918,SE,28004,Agreste de Itabaiana,481,0,0,6,0,7,any_uf,12.474012474012474,0.0,14.553014553014552
280380,Malhada dos Bois - SE,258.81,21.5,10.76426264800861,SE,28003,Nossa Senhora das Dores,339,0,0,3,22,26,any_uf,8.849557522123893,64.89675516224189,76.69616519174042
280390,Malhador - SE,307.48,22.3,4.160809671071127,SE,28004,Agreste de Itabaiana,984,0,0,26,8,37,any_uf,26.422764227642276,8.130081300813009,37.60162601626016
280400,Maruim - SE,302.76,16.299999999999997,58.29202343397927,SE,28010,Baixo Cotinguiba,1462,0,0,14,109,127,any_uf,9.575923392612859,74.55540355677155,86.8673050615595
280410,Moita Bonita - SE,324.72,24.099999999999994,27.505760368663594,SE,28004,Agreste de Itabaiana,761,0,0,15,6,24,any_uf,19.71090670170828,7.884362680683312,31.537450722733247
280420,Monte Alegre de Sergipe - SE,213.62,31.0,46.33406835722161,SE,28001,Sergipana do Sertão do São Francisco,1054,0,1,4,8,13,any_uf,3.795066413662239,7.590132827324478,12.333965844402277
280430,Muribeca - SE,284.12,22.599999999999994,15.007215007215008,SE,28003,Nossa Senhora das Dores,493,0,1,3,17,22,any_uf,6.085192697768763,34.48275862068966,44.62474645030426
280440,Neópolis - SE,277.28,21.200000000000003,22.85041224970553,SE,28007,Propriá,1240,0,3,6,30,41,any_uf,4.838709677419355,24.193548387096776,33.064516129032256
280445,Nossa Senhora Aparecida - SE,262.59,34.0,41.43518518518518,SE,28002,Carira,563,0,2,8,2,13,any_uf,14.209591474245116,3.552397868561279,23.090586145648313
280450,Nossa Senhora da Glória - SE,310.09,24.200000000000003,34.933882505961414,SE,28001,Sergipana do Sertão do São Francisco,2460,0,0,15,12,36,any_uf,6.097560975609756,4.878048780487805,14.634146341463415
280460,Nossa Senhora das Dores - SE,287.16,25.90000000000001,8.249690636601127,SE,28003,Nossa Senhora das Dores,1858,0,4,19,65,91,any_uf,10.226049515608182,34.983853606027985,48.977395048439185
280470,Nossa Senhora de Lourdes - SE,257.96,26.099999999999994,14.527981910684002,SE,28007,Propriá,389,0,1,1,6,8,any_uf,2.570694087403599,15.424164524421593,20.565552699228792
280480,Nossa Senhora do Socorro - SE,358.22,9.900000000000006,61.54847535413265,SE,28011,Aracaju,13870,4,0,194,1268,1515,any_uf,13.98702235039654,91.42033165104542,109.22855082912761
280490,Pacatuba - SE,190.68,27.200000000000003,8.92604137149334,SE,28009,Japaratuba,950,1,0,4,38,44,any_uf,4.2105263157894735,40.0,46.31578947368421
280500,Pedra Mole - SE,331.9,25.200000000000003,48.39080459770115,SE,28002,Carira,227,0,0,3,1,6,any_uf,13.215859030837004,4.405286343612334,26.431718061674008
280510,Pedrinhas - SE,271.82,24.200000000000003,14.82873851294904,SE,28012,Boquim,619,0,2,10,4,17,any_uf,16.15508885298869,6.462035541195476,27.463651050080774
280520,Pinhão - SE,293.0,27.3,39.33865450399088,SE,28002,Carira,491,2,1,7,3,11,any_uf,14.256619144602851,6.109979633401222,22.403258655804482
280530,Pirambu - SE,254.06,18.099999999999994,14.96844003606853,SE,28009,Japaratuba,727,0,0,3,62,67,any_uf,4.126547455295736,85.28198074277854,92.15955983493811
280540,Poço Redondo - SE,197.86,32.2,42.61560138337389,SE,28001,Sergipana do Sertão do São Francisco,2029,1,7,6,18,30,any_uf,2.957121734844751,8.871365204534253,14.785608674223756
280550,Poço Verde - SE,261.68,26.8,45.237006553878985,SE,28005,Tobias Barreto,1356,1,3,6,19,28,any_uf,4.424778761061947,14.011799410029498,20.64896755162242
280560,Porto da Folha - SE,219.28,28.5,37.8736642770188,SE,28001,Sergipana do Sertão do São Francisco,1454,0,12,4,14,19,any_uf,2.751031636863824,9.628610729023384,13.067400275103164
280570,Propriá - SE,390.62,17.200000000000003,74.30555555555556,SE,28007,Propriá,1904,0,16,10,67,84,any_uf,5.2521008403361344,35.1890756302521,44.11764705882353
280580,Riachão do Dantas - SE,207.85,26.599999999999994,4.112855155970594,SE,28006,Agreste de Lagarto,1142,0,4,4,11,18,any_uf,3.502626970227671,9.632224168126095,15.761821366024519
280590,Riachuelo - SE,309.67,15.5,58.60215053763441,SE,28010,Baixo Cotinguiba,887,0,0,9,70,84,any_uf,10.146561443066517,78.91770011273957,94.70124013528749
280600,Ribeirópolis - SE,352.34,25.90000000000001,56.76382660687593,SE,28002,Carira,1089,0,0,31,6,38,any_uf,28.46648301193756,5.509641873278237,34.89439853076217
280610,Rosário do Catete - SE,332.78,13.0,40.81632653061224,SE,28010,Baixo Cotinguiba,747,0,1,9,66,78,any_uf,12.048192771084338,88.35341365461848,104.41767068273093
280620,Salgado - SE,310.24,25.0,2.029720913374411,SE,28012,Boquim,1275,0,0,12,30,46,any_uf,9.411764705882353,23.529411764705884,36.07843137254902
280630,Santa Luzia do Itanhy - SE,192.49,29.200000000000003,13.662526507119054,SE,28013,Estância,1396,0,2,11,11,26,any_uf,7.8796561604584525,7.8796561604584525,18.624641833810887
280640,Santana do São Francisco - SE,230.25,19.3,55.0755939524838,SE,28007,Propriá,503,0,2,8,8,19,any_uf,15.904572564612327,15.904572564612327,37.77335984095428
280650,Santa Rosa de Lima - SE,205.47,24.40000000000001,13.996138996138995,SE,28008,Cotinguiba,328,0,0,4,28,34,any_uf,12.195121951219512,85.36585365853658,103.65853658536585
280660,Santo Amaro das Brotas - SE,349.94,17.099999999999994,8.054327226784586,SE,28010,Baixo Cotinguiba,853,1,1,8,76,84,any_uf,9.378663540445487,89.09730363423212,98.4759671746776
280670,São Cristóvão - SE,381.89,11.900000000000006,38.6299655927432,SE,28011,Aracaju,6379,0,2,77,617,717,any_uf,12.070857501175732,96.72362439253801,112.40006270575326
280680,São Domingos - SE,279.75,29.8,1.3509166934705694,SE,28004,Agreste de Itabaiana,789,0,1,13,7,22,any_uf,16.476552598225602,8.871989860583016,27.88339670468948
280690,São Francisco - SE,264.04,24.0,6.777996070726916,SE,28009,Japaratuba,221,1,1,0,15,15,any_uf,0.0,67.87330316742081,67.87330316742081
280700,São Miguel do Aleixo - SE,279.25,30.200000000000003,38.95238095238095,SE,28003,Nossa Senhora das Dores,292,0,0,9,1,13,any_uf,30.82191780821918,3.4246575342465753,44.52054794520548
280710,Simão Dias - SE,290.16,24.099999999999994,49.04107189771434,SE,28005,Tobias Barreto,2397,1,9,6,21,33,any_uf,2.5031289111389237,8.760951188986233,13.76720901126408
280720,Siriri - SE,264.01,18.90000000000001,28.0755711775044,SE,28008,Cotinguiba,650,0,2,6,26,38,any_uf,9.23076923076923,40.0,58.46153846153846
280730,Telha - SE,256.71,24.5,68.33930704898447,SE,28007,Propriá,221,1,0,1,2,3,any_uf,4.524886877828054,9.049773755656108,13.574660633484163
280740,Tobias Barreto - SE,343.62,26.099999999999994,65.28242752332787,SE,28005,Tobias Barreto,3024,1,110,17,55,76,any_uf,5.621693121693122,18.187830687830687,25.132275132275133
280750,Tomar do Geru - SE,202.09,28.8,4.81283422459893,SE,28012,Boquim,1063,1,3,11,10,24,any_uf,10.348071495766698,9.407337723424272,22.577610536218252
280760,Umbaúba - SE,268.46,22.5,1.159751715125776,SE,28012,Boquim,2133,0,0,19,16,40,any_uf,8.907641819034223,7.501172058134084,18.75293014533521
290010,Abaíra - BA,282.2,18.099999999999994,13.014763014763014,BA,29023,Seabra,210,0,47,6,2,10,any_uf,28.571428571428573,9.523809523809524,47.61904761904762
290020,Abaré - BA,214.86,24.40000000000001,46.24478442280946,BA,29005,Paulo Afonso,1723,2,913,24,4,32,any_uf,13.929193267556588,2.321532211259431,18.57225769007545
290030,Acajutiba - BA,251.46,20.3,8.554716061418475,BA,29017,Alagoinhas,1007,1,1,11,3,17,any_uf,10.923535253227408,2.9791459781529297,16.881827209533267
290035,Adustina - BA,206.69,31.700000000000003,25.01105705440071,BA,29015,Ribeira do Pombal,796,0,136,5,4,12,any_uf,6.28140703517588,5.025125628140704,15.075376884422111
290040,Água Fria - BA,212.96,24.700000000000003,2.595419847328244,BA,29012,Feira de Santana,910,0,0,19,6,30,any_uf,20.87912087912088,6.593406593406593,32.967032967032964
290050,Érico Cardoso - BA,258.28,27.700000000000003,0.6400602409638554,BA,29025,Livramento do Brumado,493,0,0,6,3,14,any_uf,12.170385395537526,6.085192697768763,28.397565922920894
290060,Aiquara - BA,283.24,22.099999999999994,62.840323767476086,BA,29024,Jequié,283,0,0,4,0,4,any_uf,14.134275618374557,0.0,14.134275618374557
290070,Alagoinhas - BA,535.0,9.599999999999994,55.77971515719192,BA,29017,Alagoinhas,10870,1,7,101,140,355,any_uf,9.291628334866605,12.879484820607177,32.65869365225391
290080,Alcobaça - BA,351.75,21.200000000000003,31.81362725450902,BA,29032,Porto Seguro,1623,2,2,1,0,6,any_uf,0.6161429451632778,0.0,3.6968576709796674
290090,Almadina - BA,260.81,29.0,71.49413564507904,BA,29031,Ilhéus-Itabuna,447,0,0,10,0,10,any_uf,22.371364653243848,0.0,22.371364653243848
290100,Amargosa - BA,362.0,19.0,22.15372760547101,BA,29024,Jequié,2667,0,0,30,11,49,any_uf,11.24859392575928,4.1244844394450695,18.37270341207349
290110,Amélia Rodrigues - BA,350.28,12.299999999999995,10.331329512092829,BA,29019,Catu,1741,1,0,36,9,48,any_uf,20.67777139574957,5.1694428489373925,27.570361860999427
290115,América Dourada - BA,178.5,25.0,2.77456647398844,BA,29009,Irecê,1288,0,0,7,7,19,any_uf,5.434782608695652,5.434782608695652,14.751552795031056
290120,Anagé - BA,243.51,31.0,20.002762812543168,BA,29028,Vitória da Conquista,1365,2,1,27,15,45,any_uf,19.78021978021978,10.989010989010989,32.967032967032964
290130,Andaraí - BA,224.89,24.0,13.957832933013076,BA,29023,Seabra,994,0,0,17,4,27,any_uf,17.10261569416499,4.0241448692152915,27.16297786720322
290135,Andorinha - BA,300.46,23.5,35.94460073577148,BA,29008,Senhor do Bonfim,874,1,28,17,0,21,any_uf,19.450800915331808,0.0,24.02745995423341
290140,Angical - BA,249.62,22.099999999999994,19.27742616033755,BA,29002,Cotegipe,979,0,3,8,3,16,any_uf,8.171603677221654,3.0643513789581207,16.343207354443308
290150,Anguera - BA,266.07,21.40000000000001,26.299087663625546,BA,29012,Feira de Santana,578,0,0,11,7,20,any_uf,19.031141868512112,12.110726643598616,34.602076124567475
290160,Antas - BA,265.66,26.099999999999994,52.20588235294117,BA,29015,Ribeira do Pombal,855,1,14,9,4,16,any_uf,10.526315789473685,4.678362573099415,18.71345029239766
290170,Antônio Cardoso - BA,232.56,26.8,12.837370242214533,BA,29012,Feira de Santana,993,0,0,19,5,30,any_uf,19.133937562940584,5.0352467270896275,30.211480362537763
290180,Antônio Gonçalves - BA,292.9,17.799999999999997,12.84046692607004,BA,29008,Senhor do Bonfim,689,0,10,8,2,12,any_uf,11.611030478955007,2.9027576197387517,17.41654571843251
290190,Aporá - BA,194.73,25.0,1.1020881670533642,BA,29017,Alagoinhas,995,1,11,12,8,24,any_uf,12.06030150753769,8.040201005025125,24.12060301507538
290195,Apuarema - BA,247.35,28.599999999999994,43.54609929078014,BA,29024,Jequié,449,0,0,1,0,1,any_uf,2.2271714922048997,0.0,2.2271714922048997
290200,Aracatu - BA,316.35,26.700000000000003,1.2602739726027397,BA,29027,Brumado,864,1,1,12,1,20,any_uf,13.88888888888889,1.1574074074074074,23.14814814814815
290205,Araçás - BA,222.68,21.0,2.787568087151554,BA,29017,Alagoinhas,753,0,0,7,6,21,any_uf,9.296148738379815,7.968127490039841,27.888446215139442
290210,Araci - BA,213.86,31.8,34.68997942991478,BA,29016,Serrinha,3963,1,0,63,29,102,any_uf,15.897047691143074,7.317688619732526,25.73807721423164
290220,Aramari - BA,267.91,18.099999999999994,8.485981308411215,BA,29017,Alagoinhas,600,1,0,5,7,17,any_uf,8.333333333333334,11.666666666666666,28.333333333333332
290225,Arataca - BA,252.88,28.599999999999994,17.992736876857048,BA,29031,Ilhéus-Itabuna,857,2,0,12,3,17,any_uf,14.002333722287048,3.500583430571762,19.83663943990665
290230,Aratuípe - BA,275.02,22.8,21.80388911874224,BA,29020,Santo Antônio de Jesus,533,0,1,10,0,21,any_uf,18.76172607879925,0.0,39.39962476547842
290240,Aurelino Leal - BA,249.13,24.599999999999994,50.77746622482794,BA,29031,Ilhéus-Itabuna,1207,1,0,12,6,20,any_uf,9.942004971002486,4.971002485501243,16.570008285004143
290250,Baianópolis - BA,232.3,27.700000000000003,10.701203558346416,BA,29001,Barreiras,1000,0,1,2,3,8,any_uf,2.0,3.0,8.0
290260,Baixa Grande - BA,236.73,23.099999999999994,36.686494051784464,BA,29011,Itaberaba,1598,1,0,14,3,22,any_uf,8.760951188986233,1.8773466833541927,13.76720901126408
290265,Banzaê - BA,221.44,23.700000000000003,18.81383855024712,BA,29015,Ribeira do Pombal,959,0,8,2,0,4,any_uf,2.0855057351407718,0.0,4.1710114702815435
290270,Barra - BA,177.95,21.700000000000003,17.55731845523494,BA,29006,Barra,4617,1,0,25,23,68,any_uf,5.4147714966428415,4.981589776911414,14.72817847086853
290280,Barra da Estiva - BA,266.32,16.200000000000003,50.50738828556169,BA,29023,Seabra,2115,0,0,51,10,64,any_uf,24.113475177304963,4.7281323877068555,30.260047281323878
290290,Barra do Choça - BA,258.55,25.0,29.1082871728033,BA,29028,Vitória da Conquista,2888,0,0,61,28,116,any_uf,21.121883656509695,9.695290858725762,40.16620498614959
290300,Barra do Mendes - BA,290.13,13.299999999999995,2.431315341599805,BA,29009,Irecê,985,0,0,11,2,14,any_uf,11.16751269035533,2.030456852791878,14.213197969543147
290310,Barra do Rocha - BA,281.03,24.90000000000001,54.67185761957731,BA,29031,Ilhéus-Itabuna,434,1,0,5,1,10,any_uf,11.52073732718894,2.304147465437788,23.04147465437788
290320,Barreiras - BA,594.07,9.5,35.14270160976748,BA,29001,Barreiras,14168,5,14,59,36,215,any_uf,4.1643139469226425,2.5409373235460193,15.175042348955392
290323,Barro Alto - BA,246.6,16.299999999999997,7.166205682675384,BA,29009,Irecê,883,0,0,7,0,8,any_uf,7.927519818799547,0.0,9.060022650056625
290327,Barrocas - BA,279.27,18.40000000000001,27.64143632136399,BA,29016,Serrinha,1005,0,0,15,7,23,any_uf,14.925373134328359,6.965174129353234,22.885572139303484
290330,Barro Preto - BA,284.75,24.3,71.99180747567844,BA,29031,Ilhéus-Itabuna,404,0,0,3,0,3,any_uf,7.425742574257426,0.0,7.425742574257426
290340,Belmonte - BA,277.8,22.8,57.37421383647799,BA,29031,Ilhéus-Itabuna,1811,1,0,14,23,40,any_uf,7.730535615681943,12.700165654334622,22.087244616234123
290350,Belo Campo - BA,260.65,24.0,2.477632484514797,BA,29028,Vitória da Conquista,1194,1,0,19,13,34,any_uf,15.912897822445562,10.887772194304858,28.47571189279732
290360,Biritinga - BA,205.95,24.3,16.796116504854368,BA,29016,Serrinha,1185,1,0,29,7,42,any_uf,24.47257383966245,5.9071729957805905,35.44303797468354
290370,Boa Nova - BA,219.12,28.3,34.85673691688373,BA,29028,Vitória da Conquista,693,1,2,2,2,8,any_uf,2.886002886002886,2.886002886002886,11.544011544011545
290380,Boa Vista do Tupim - BA,191.17,27.200000000000003,5.62953995157385,BA,29011,Itaberaba,1268,1,0,12,5,26,any_uf,9.46372239747634,3.943217665615142,20.50473186119874
290390,Bom Jesus da Lapa - BA,359.93,17.700000000000003,37.51223690651003,BA,29007,Bom Jesus da Lapa,5724,2,45,53,22,97,any_uf,9.25925925925926,3.843466107617051,16.94619147449336
290395,Bom Jesus da Serra - BA,220.22,24.90000000000001,1.486280487804878,BA,29028,Vitória da Conquista,785,0,0,9,3,12,any_uf,11.464968152866241,3.821656050955414,15.286624203821656
290400,Boninal - BA,255.16,19.8,16.18514150943396,BA,29023,Seabra,734,0,0,0,0,0,any_uf,0.0,0.0,0.0
290405,Bonito - BA,244.53,17.599999999999994,6.617832786057085,BA,29023,Seabra,751,0,0,11,9,25,any_uf,14.647137150466046,11.984021304926765,33.28894806924101
290410,Boquira - BA,264.54,23.3,3.365550569554712,BA,29022,Boquira,1209,1,0,11,7,21,any_uf,9.098428453267163,5.789909015715467,17.3697270471464
290420,Botuporã - BA,227.76,23.8,32.77853260869565,BA,29022,Boquira,673,0,0,4,2,18,any_uf,5.943536404160476,2.971768202080238,26.74591381872214
290430,Brejões - BA,247.94,21.8,32.0253164556962,BA,29024,Jequié,1047,0,0,1,2,6,any_uf,0.9551098376313276,1.9102196752626552,5.730659025787966
290440,Brejolândia - BA,218.48,24.099999999999994,1.1798469387755102,BA,29002,Cotegipe,358,0,0,0,0,1,any_uf,0.0,0.0,2.793296089385475
290450,Brotas de Macaúbas - BA,243.98,19.8,22.600812753985625,BA,29022,Boquira,525,0,0,0,0,1,any_uf,0.0,0.0,1.9047619047619047
290460,Brumado - BA,398.87,14.900000000000006,63.39025181022371,BA,29027,Brumado,4141,2,1,109,4,144,any_uf,26.322144409562906,0.9659502535619415,34.7742091282299
290470,Buerarema - BA,299.29,21.3,65.84077245399891,BA,29031,Ilhéus-Itabuna,1522,0,0,28,3,36,any_uf,18.396846254927727,1.971090670170828,23.653088042049934
290475,Buritirama - BA,173.63,23.700000000000003,3.5527462946817785,BA,29006,Barra,994,0,3,7,18,29,any_uf,7.042253521126761,18.10865191146881,29.175050301810867
290480,Caatiba - BA,286.15,27.700000000000003,59.47332421340629,BA,29028,Vitória da Conquista,374,0,0,6,3,9,any_uf,16.0427807486631,8.02139037433155,24.06417112299465
290485,Cabaceiras do Paraguaçu - BA,207.62,24.200000000000003,6.348470806302132,BA,29020,Santo Antônio de Jesus,1326,0,0,10,3,19,any_uf,7.541478129713424,2.262443438914027,14.328808446455506
290490,Cachoeira - BA,356.0,15.299999999999995,52.50832527661403,BA,29020,Santo Antônio de Jesus,2047,2,1,13,5,25,any_uf,6.350757205666829,2.442598925256473,12.212994626282365
290500,Caculé - BA,381.08,18.40000000000001,18.62559241706161,BA,29026,Guanambi,1448,0,2,6,8,15,any_uf,4.143646408839779,5.524861878453039,10.359116022099448
290510,Caém - BA,218.73,22.599999999999994,8.664868509777477,BA,29010,Jacobina,1024,0,0,8,24,69,any_uf,7.8125,23.4375,67.3828125
290515,Caetanos - BA,220.36,25.3,10.49517284335098,BA,29028,Vitória da Conquista,655,0,1,6,13,20,any_uf,9.16030534351145,19.84732824427481,30.53435114503817
290520,Caetité - BA,401.91,18.8,34.75643130815545,BA,29026,Guanambi,3706,4,0,47,24,86,any_uf,12.682137075013491,6.475984889368592,23.20561252023745
290530,Cafarnaum - BA,246.37,19.700000000000003,4.70464135021097,BA,29009,Irecê,1444,0,1,1,3,4,any_uf,0.6925207756232687,2.0775623268698062,2.770083102493075
290540,Cairu - BA,323.16,14.599999999999994,45.46994072819644,BA,29030,Valença,1121,1,0,3,0,93,any_uf,2.6761819803746656,0.0,82.96164139161463
290550,Caldeirão Grande - BA,205.27,27.099999999999994,7.602836879432624,BA,29010,Jacobina,1015,0,4,8,5,17,any_uf,7.8817733990147785,4.926108374384237,16.748768472906406
290560,Camacan - BA,335.53,21.0,74.56711150325356,BA,29031,Ilhéus-Itabuna,2921,1,2,43,9,60,any_uf,14.720985963711058,3.081136597055803,20.540910647038686
290570,Camaçari - BA,527.75,7.400000000000006,65.32821559378843,BA,29021,Salvador,18982,3,3,363,90,596,any_uf,19.12338004425245,4.741333895269203,31.398166684227164
290580,Camamu - BA,260.17,24.5,33.41471181403248,BA,29030,Valença,2473,0,0,24,12,130,any_uf,9.704811969268096,4.852405984634048,52.567731500202186
290590,Campo Alegre de Lourdes - BA,198.07,25.5,5.845264678838828,BA,29004,Juazeiro,2703,1,55,3,1,6,any_uf,1.1098779134295227,0.3699593044765076,2.2197558268590454
290600,Campo Formoso - BA,264.91,22.40000000000001,13.261847880437802,BA,29008,Senhor do Bonfim,5798,0,52,87,15,116,any_uf,15.00517419799931,2.5870989996550535,20.00689893066575
290610,Canápolis - BA,211.8,27.5,19.726027397260275,BA,29003,Santa Maria da Vitória,685,1,5,0,0,1,any_uf,0.0,0.0,1.4598540145985401
290620,Canarana - BA,248.69,17.400000000000006,1.5681196950079126,BA,29009,Irecê,1917,0,2,27,4,34,any_uf,14.084507042253522,2.0865936358894106,17.73604590505999
290630,Canavieiras - BA,316.2,18.099999999999994,55.29835390946502,BA,29031,Ilhéus-Itabuna,2375,0,0,35,9,45,any_uf,14.736842105263158,3.789473684210526,18.94736842105263
290640,Candeal - BA,250.1,23.3,0.6658832745789267,BA,29016,Serrinha,538,0,0,11,1,12,any_uf,20.44609665427509,1.858736059479554,22.304832713754646
290650,Candeias - BA,437.17,8.5,74.0880604210188,BA,29021,Salvador,3701,2,0,57,4,104,any_uf,15.401242907322345,1.0807889759524454,28.100513374763576
290660,Candiba - BA,288.99,23.700000000000003,1.1428571428571428,BA,29026,Guanambi,570,0,0,1,28,32,any_uf,1.7543859649122806,49.12280701754386,56.14035087719298
290670,Cândido Sales - BA,262.48,23.5,7.778200735947215,BA,29028,Vitória da Conquista,2152,1,3,27,31,63,any_uf,12.546468401486988,14.405204460966543,29.275092936802974
290680,Cansanção - BA,210.4,26.599999999999994,32.475203387941605,BA,29014,Euclides da Cunha,2288,5,48,25,11,145,any_uf,10.926573426573427,4.8076923076923075,63.37412587412587
290682,Canudos - BA,244.6,22.599999999999994,17.56086031671,BA,29014,Euclides da Cunha,1207,0,35,10,1,13,any_uf,8.285004142502071,0.8285004142502072,10.770505385252692
290685,Capela do Alto Alegre - BA,291.81,25.5,32.51664447403462,BA,29016,Serrinha,543,0,0,7,13,21,any_uf,12.89134438305709,23.941068139963168,38.67403314917127
290687,Capim Grosso - BA,371.98,19.099999999999994,12.161838640172371,BA,29010,Jacobina,2619,1,0,38,12,54,any_uf,14.509354715540283,4.581901489117984,20.61855670103093
290689,Caraíbas - BA,275.25,30.099999999999994,3.990368077055384,BA,29027,Brumado,606,0,0,9,12,24,any_uf,14.851485148514852,19.801980198019802,39.603960396039604
290690,Caravelas - BA,366.78,22.599999999999994,24.72204054937868,BA,29032,Porto Seguro,1539,1,0,1,1,6,any_uf,0.649772579597141,0.649772579597141,3.898635477582846
290700,Cardeal da Silva - BA,195.99,20.90000000000001,16.50526315789474,BA,29018,Entre Rios,609,0,1,6,5,15,any_uf,9.852216748768473,8.210180623973727,24.63054187192118
290710,Carinhanha - BA,205.18,23.40000000000001,6.155744447491089,BA,29007,Bom Jesus da Lapa,2525,0,2,6,37,72,any_uf,2.376237623762376,14.653465346534654,28.514851485148515
290720,Casa Nova - BA,285.91,23.200000000000003,38.139861778142205,BA,29004,Juazeiro,5609,2,632,60,19,106,any_uf,10.697093956141915,3.3874130861116063,18.89819932251738
290730,Castro Alves - BA,303.96,21.0,56.83713173985547,BA,29020,Santo Antônio de Jesus,1993,0,0,22,3,30,any_uf,11.038635223281485,1.5052684395383844,15.052684395383844
290740,Catolândia - BA,242.33,23.5,10.408432147562582,BA,29001,Barreiras,226,0,1,0,1,2,any_uf,0.0,4.424778761061947,8.849557522123893
290750,Catu - BA,458.94,10.299999999999995,71.01984310106137,BA,29019,Catu,2237,1,0,30,13,62,any_uf,13.410818059901654,5.81135449262405,27.715690657130086
290755,Caturama - BA,231.3,25.90000000000001,16.929460580912863,BA,29022,Boquira,388,0,0,0,0,0,any_uf,0.0,0.0,0.0
290760,Central - BA,228.23,18.200000000000003,9.943296881328472,BA,29009,Irecê,1285,1,1,8,3,12,any_uf,6.22568093385214,2.3346303501945527,9.33852140077821
290770,Chorrochó - BA,244.52,26.099999999999994,28.40452719970792,BA,29005,Paulo Afonso,616,0,508,8,6,16,any_uf,12.987012987012987,9.74025974025974,25.974025974025974
290780,Cícero Dantas - BA,308.76,30.099999999999994,44.25745497490404,BA,29015,Ribeira do Pombal,1941,0,35,3,3,10,any_uf,1.545595054095827,1.545595054095827,5.151983513652756
290790,Cipó - BA,293.93,21.599999999999994,6.425339366515837,BA,29015,Ribeira do Pombal,1352,1,23,3,0,5,any_uf,2.2189349112426036,0.0,3.698224852071006
290800,Coaraci - BA,337.36,21.700000000000003,83.76793704675204,BA,29031,Ilhéus-Itabuna,1679,1,0,29,13,48,any_uf,17.27218582489577,7.742703990470519,28.58844550327576
290810,Cocos - BA,252.8,22.3,3.233779608650875,BA,29003,Santa Maria da Vitória,1202,0,22,10,6,20,any_uf,8.319467554076539,4.9916805324459235,16.638935108153078
290820,Conceição da Feira - BA,339.32,14.799999999999995,5.811694046988165,BA,29012,Feira de Santana,1527,0,0,17,8,31,any_uf,11.132940406024886,5.239030779305828,20.301244269810084
290830,Conceição do Almeida - BA,280.52,18.8,29.350598391210514,BA,29020,Santo Antônio de Jesus,989,1,0,18,5,30,any_uf,18.200202224469162,5.055611729019211,30.33367037411527
290840,Conceição do Coité - BA,302.28,18.200000000000003,32.01036773043901,BA,29016,Serrinha,4144,0,0,64,22,98,any_uf,15.444015444015443,5.308880308880309,23.64864864864865
290850,Conceição do Jacuípe - BA,398.25,11.599999999999994,6.792622582096266,BA,29012,Feira de Santana,2265,1,0,25,11,45,any_uf,11.037527593818984,4.856512141280353,19.867549668874172
290860,Conde - BA,240.91,21.599999999999994,13.479829452279436,BA,29018,Entre Rios,1184,2,33,14,8,30,any_uf,11.824324324324325,6.756756756756757,25.33783783783784
290870,Condeúba - BA,257.35,24.099999999999994,8.62252501596764,BA,29027,Brumado,729,0,3,15,8,26,any_uf,20.5761316872428,10.973936899862826,35.66529492455418
290880,Contendas do Sincorá - BA,288.39,24.200000000000003,11.57580283793876,BA,29023,Seabra,220,0,1,5,2,7,any_uf,22.727272727272727,9.090909090909092,31.818181818181817
290890,Coração de Maria - BA,253.89,19.200000000000003,4.032128514056225,BA,29012,Feira de Santana,1865,2,0,38,7,52,any_uf,20.37533512064343,3.753351206434316,27.882037533512065
290900,Cordeiros - BA,260.45,22.90000000000001,0.4975124378109453,BA,29027,Brumado,381,0,1,12,10,23,any_uf,31.496062992125985,26.246719160104988,60.36745406824147
290910,Coribe - BA,232.1,25.5,2.956480605487228,BA,29003,Santa Maria da Vitória,898,0,6,0,3,5,any_uf,0.0,3.34075723830735,5.567928730512249
290920,Coronel João Sá - BA,236.06,34.599999999999994,30.81347576006573,BA,29013,Jeremoabo,1269,2,869,12,8,23,any_uf,9.456264775413711,6.304176516942475,18.124507486209612
290930,Correntina - BA,280.82,21.200000000000003,17.345657879721557,BA,29003,Santa Maria da Vitória,1814,1,147,6,1,12,any_uf,3.3076074972436604,0.5512679162072768,6.615214994487321
290940,Cotegipe - BA,231.53,26.700000000000003,5.8239398819108965,BA,29002,Cotegipe,712,1,1,7,0,9,any_uf,9.831460674157304,0.0,12.640449438202246
290950,Cravolândia - BA,257.27,25.0,60.040983606557376,BA,29024,Jequié,337,0,0,2,0,2,any_uf,5.9347181008902075,0.0,5.9347181008902075
290960,Crisópolis - BA,221.68,27.0,6.439267886855241,BA,29017,Alagoinhas,917,1,27,8,6,23,any_uf,8.724100327153762,6.543075245365322,25.081788440567067
290970,Cristópolis - BA,235.16,27.3,19.924812030075188,BA,29002,Cotegipe,802,0,1,2,0,8,any_uf,2.493765586034913,0.0,9.975062344139651
290980,Cruz das Almas - BA,463.0,10.900000000000006,17.758040171833276,BA,29020,Santo Antônio de Jesus,4377,2,0,88,56,218,any_uf,20.105094813799408,12.794151245145077,49.80580306145762
290990,Curaçá - BA,231.1,22.700000000000003,37.2060857538036,BA,29004,Juazeiro,2464,0,659,51,8,74,any_uf,20.698051948051948,3.2467532467532467,30.032467532467532
291000,Dário Meira - BA,197.92,31.3,48.50635906536528,BA,29028,Vitória da Conquista,782,1,0,9,2,14,any_uf,11.508951406649617,2.557544757033248,17.902813299232736
291005,Dias d'Ávila - BA,431.04,7.700000000000003,60.06637168141593,BA,29021,Salvador,5117,2,1,59,25,139,any_uf,11.530193472737933,4.885675200312683,27.16435411373852
291010,Dom Basílio - BA,240.38,22.0,0.4375631100639515,BA,29025,Livramento do Brumado,455,0,0,14,9,23,any_uf,30.76923076923077,19.78021978021978,50.54945054945055
291020,Dom Macedo Costa - BA,321.65,19.200000000000003,6.785411365564038,BA,29020,Santo Antônio de Jesus,247,0,0,12,2,15,any_uf,48.582995951417004,8.097165991902834,60.72874493927125
291030,Elísio Medrado - BA,310.47,23.40000000000001,0.9382329945269742,BA,29012,Feira de Santana,461,0,0,15,5,22,any_uf,32.53796095444685,10.845986984815617,47.72234273318872
291040,Encruzilhada - BA,211.07,29.40000000000001,20.390258659809408,BA,29029,Itapetinga,1731,1,6,15,15,34,any_uf,8.665511265164644,8.665511265164644,19.641825534373194
291050,Entre Rios - BA,314.1,16.599999999999994,11.382700459998196,BA,29018,Entre Rios,2335,0,5,25,11,59,any_uf,10.70663811563169,4.710920770877944,25.26766595289079
291060,Esplanada - BA,299.75,19.5,14.193175245806824,BA,29018,Entre Rios,2633,2,5,16,13,51,any_uf,6.076718571971136,4.937333839726548,19.369540448157995
291070,Euclides da Cunha - BA,265.79,24.90000000000001,12.045153559941982,BA,29014,Euclides da Cunha,4531,0,17,13,8,29,any_uf,2.869123813727654,1.7656146546016331,6.4003531229309205
291072,Eunápolis - BA,563.87,13.700000000000005,38.70201283052171,BA,29032,Porto Seguro,9311,4,0,164,28,249,any_uf,17.613575340994522,3.0071957899258943,26.742562560412416
291075,Fátima - BA,248.44,31.700000000000003,45.81749049429658,BA,29015,Ribeira do Pombal,937,0,117,5,6,15,any_uf,5.336179295624333,6.4034151547492,16.008537886873
291077,Feira da Mata - BA,205.01,20.200000000000003,2.296211251435132,BA,29007,Bom Jesus da Lapa,196,0,36,2,2,4,any_uf,10.204081632653061,10.204081632653061,20.408163265306122
291080,Feira de Santana - BA,646.63,8.599999999999994,60.58183515080067,BA,29012,Feira de Santana,46558,16,6,1133,409,1786,any_uf,24.335237767945358,8.784741612612226,38.36075432793505
291085,Filadélfia - BA,242.98,20.90000000000001,9.711779448621554,BA,29008,Senhor do Bonfim,1457,4,63,20,75,97,any_uf,13.726835964310226,51.47563486616335,66.5751544269046
291090,Firmino Alves - BA,324.25,21.3,74.15730337078652,BA,29031,Ilhéus-Itabuna,354,0,0,4,4,8,any_uf,11.299435028248588,11.299435028248588,22.598870056497177
291100,Floresta Azul - BA,235.59,26.700000000000003,70.26402640264027,BA,29031,Ilhéus-Itabuna,759,1,0,14,5,20,any_uf,18.44532279314888,6.587615283267457,26.350461133069828
291110,Formosa do Rio Preto - BA,274.6,20.40000000000001,3.3142242923683267,BA,29001,Barreiras,1880,0,2,17,2,30,any_uf,9.042553191489361,1.0638297872340425,15.957446808510639
291120,Gandu - BA,435.91,20.90000000000001,54.80195333695063,BA,29031,Ilhéus-Itabuna,2772,3,0,7,12,28,any_uf,2.525252525252525,4.329004329004329,10.1010101010101
291125,Gavião - BA,267.23,24.0,14.760147601476016,BA,29016,Serrinha,263,1,0,5,1,8,any_uf,19.011406844106464,3.802281368821293,30.418250950570343
291130,Gentio do Ouro - BA,204.85,23.3,2.620967741935484,BA,29009,Irecê,612,1,1,5,1,7,any_uf,8.169934640522875,1.6339869281045751,11.437908496732026
291140,Glória - BA,259.05,26.0,19.593647828117703,BA,29005,Paulo Afonso,1268,0,7,9,90,103,any_uf,7.097791798107256,70.97791798107255,81.23028391167192
291150,Gongogi - BA,230.28,26.0,63.09683177153057,BA,29031,Ilhéus-Itabuna,401,1,0,5,2,9,any_uf,12.468827930174564,4.987531172069826,22.443890274314214
291160,Governador Mangabeira - BA,318.38,16.099999999999994,7.978526471677156,BA,29020,Santo Antônio de Jesus,1465,0,0,14,8,33,any_uf,9.556313993174061,5.460750853242321,22.525597269624573
291165,Guajeru - BA,240.57,27.099999999999994,1.0498687664041997,BA,29027,Brumado,489,0,0,3,4,11,any_uf,6.134969325153374,8.1799591002045,22.494887525562373
291170,Guanambi - BA,487.92,14.200000000000005,53.05994256999282,BA,29026,Guanambi,5429,2,4,32,440,481,any_uf,5.894271504881194,81.04623319211642,88.59826855774544
291180,Guaratinga - BA,254.96,31.599999999999994,42.36379874962787,BA,29032,Porto Seguro,1587,1,0,8,7,18,any_uf,5.040957781978576,4.410838059231254,11.342155009451796
291185,Heliópolis - BA,236.45,28.700000000000003,8.200574562548969,BA,29015,Ribeira do Pombal,672,0,57,1,2,4,any_uf,1.4880952380952381,2.9761904761904763,5.9523809523809526
291190,Iaçu - BA,297.68,22.40000000000001,28.762086340732672,BA,29011,Itaberaba,2317,0,0,21,5,32,any_uf,9.06344410876133,2.1579628830384117,13.810962451445835
291200,Ibiassucê - BA,346.06,19.5,2.394567548248749,BA,29026,Guanambi,803,0,0,4,5,21,any_uf,4.981320049813201,6.226650062266501,26.151930261519304
291210,Ibicaraí - BA,333.95,19.700000000000003,63.98198436879057,BA,29031,Ilhéus-Itabuna,1847,0,0,41,14,61,any_uf,22.198159177043856,7.579859231185707,33.02652950730915
291220,Ibicoara - BA,295.76,14.799999999999995,17.66195399873391,BA,29023,Seabra,1898,1,0,35,6,44,any_uf,18.440463645943098,3.161222339304531,23.182297154899896
291230,Ibicuí - BA,300.54,23.40000000000001,62.07112970711297,BA,29028,Vitória da Conquista,993,1,0,13,5,18,any_uf,13.091641490433032,5.0352467270896275,18.12688821752266
291240,Ibipeba - BA,285.57,16.799999999999997,6.710044733631557,BA,29009,Irecê,1151,0,0,9,3,13,any_uf,7.819287576020852,2.6064291920069507,11.294526498696785
291250,Ibipitanga - BA,246.39,25.8,1.954053340374967,BA,29022,Boquira,435,1,2,2,0,2,any_uf,4.597701149425287,0.0,4.597701149425287
291260,Ibiquera - BA,187.8,27.90000000000001,7.785714285714286,BA,29011,Itaberaba,272,0,0,4,1,9,any_uf,14.705882352941176,3.676470588235294,33.088235294117645
291270,Ibirapitanga - BA,259.37,28.8,47.97852179406191,BA,29031,Ilhéus-Itabuna,2340,0,1,19,9,37,any_uf,8.11965811965812,3.8461538461538463,15.811965811965813
291280,Ibirapuã - BA,426.28,21.200000000000003,49.38875305623472,BA,29032,Porto Seguro,418,1,2,1,0,4,any_uf,2.3923444976076556,0.0,9.569377990430622
291290,Ibirataia - BA,274.11,26.599999999999994,71.61001788908766,BA,29031,Ilhéus-Itabuna,1851,0,0,19,8,35,any_uf,10.264721772015127,4.321988114532685,18.9086980010805
291300,Ibitiara - BA,240.52,20.90000000000001,15.811965811965813,BA,29022,Boquira,847,0,0,0,0,1,any_uf,0.0,0.0,1.1806375442739079
291310,Ibititá - BA,247.44,20.90000000000001,1.4979834837718455,BA,29009,Irecê,1288,0,0,10,6,16,any_uf,7.763975155279503,4.658385093167702,12.422360248447205
291320,Ibotirama - BA,330.87,16.799999999999997,30.564876957494405,BA,29006,Barra,2072,1,18,3,3,9,any_uf,1.4478764478764479,1.4478764478764479,4.343629343629344
291330,Ichu - BA,293.92,13.5,1.0932475884244373,BA,29016,Serrinha,390,0,0,5,2,9,any_uf,12.820512820512821,5.128205128205129,23.076923076923077
291340,Igaporã - BA,295.31,18.599999999999994,21.42677085959163,BA,29026,Guanambi,1081,0,0,7,29,40,any_uf,6.475485661424607,26.827012025901944,37.00277520814061
291345,Igrapiúna - BA,261.82,22.0,25.717501406865505,BA,29030,Valença,900,0,0,8,2,57,any_uf,8.88888888888889,2.2222222222222223,63.333333333333336
291350,Iguaí - BA,251.12,27.8,57.75444264943457,BA,29028,Vitória da Conquista,1948,0,1,18,4,34,any_uf,9.240246406570842,2.0533880903490758,17.453798767967147
291360,Ilhéus - BA,571.5,11.700000000000005,66.50179454672072,BA,29031,Ilhéus-Itabuna,14723,4,4,110,46,184,any_uf,7.471303402839095,3.124363241187258,12.497452964749032
291370,Inhambupe - BA,251.95,23.3,32.05557745368546,BA,29017,Alagoinhas,2584,0,7,14,16,52,any_uf,5.41795665634675,6.191950464396285,20.123839009287927
291380,Ipecaetá - BA,182.34,23.8,4.692387904066736,BA,29012,Feira de Santana,1052,0,0,27,1,32,any_uf,25.665399239543728,0.9505703422053232,30.418250950570343
291390,Ipiaú - BA,556.18,18.40000000000001,66.63352707249923,BA,29031,Ilhéus-Itabuna,3482,3,2,58,13,91,any_uf,16.65709362435382,3.7334865020103387,26.134405514072373
291400,Ipirá - BA,264.97,25.200000000000003,51.23424215772501,BA,29012,Feira de Santana,4441,2,1,40,14,61,any_uf,9.006980409817608,3.152443143436163,13.735645124971853
291410,Ipupiara - BA,253.09,14.5,1.9413919413919407,BA,29022,Boquira,559,0,0,1,3,6,any_uf,1.7889087656529516,5.366726296958855,10.73345259391771
291420,Irajuba - BA,233.06,25.3,3.218173213440606,BA,29024,Jequié,531,0,0,1,1,5,any_uf,1.8832391713747645,1.8832391713747645,9.416195856873824
291430,Iramaia - BA,232.57,22.200000000000003,1.389317690645261,BA,29024,Jequié,540,1,0,3,1,8,any_uf,5.555555555555555,1.8518518518518519,14.814814814814815
291440,Iraquara - BA,241.06,15.799999999999995,10.057330057330056,BA,29009,Irecê,1919,0,0,6,2,8,any_uf,3.1266284523189163,1.0422094841063054,4.168837936425222
291450,Irará - BA,301.56,21.200000000000003,2.7553505062155583,BA,29012,Feira de Santana,2032,0,0,45,14,68,any_uf,22.14566929133858,6.889763779527559,33.46456692913386
291460,Irecê - BA,478.42,12.299999999999995,29.156049332382025,BA,29009,Irecê,5878,2,2,54,15,90,any_uf,9.18679823069071,2.5518883974140865,15.311330384484519
291465,Itabela - BA,347.91,23.099999999999994,4.283903675538657,BA,29032,Porto Seguro,2862,2,4,25,2,56,any_uf,8.735150244584206,0.6988120195667366,19.566736547868622
291470,Itaberaba - BA,416.68,16.700000000000003,69.0187679648312,BA,29011,Itaberaba,4656,2,5,38,8,50,any_uf,8.161512027491408,1.7182130584192439,10.738831615120274
291480,Itabuna - BA,585.24,9.799999999999995,81.69787369089178,BA,29031,Ilhéus-Itabuna,16725,5,1,485,156,700,any_uf,28.998505231689087,9.327354260089686,41.85351270553064
291490,Itacaré - BA,318.65,21.599999999999994,39.257176679490975,BA,29031,Ilhéus-Itabuna,1704,0,0,10,6,23,any_uf,5.868544600938967,3.5211267605633805,13.497652582159624
291500,Itaeté - BA,221.97,23.200000000000003,9.358879882092852,BA,29023,Seabra,863,1,0,8,1,11,any_uf,9.269988412514484,1.1587485515643106,12.746234067207416
291510,Itagi - BA,228.82,27.8,56.84096450826334,BA,29024,Jequié,730,0,0,2,0,4,any_uf,2.73972602739726,0.0,5.47945205479452
291520,Itagibá - BA,257.35,24.700000000000003,64.71840984382395,BA,29031,Ilhéus-Itabuna,1018,0,0,12,2,21,any_uf,11.787819253438114,1.9646365422396856,20.6286836935167
291530,Itagimirim - BA,330.18,25.40000000000001,76.63896583564174,BA,29032,Porto Seguro,373,0,0,5,0,6,any_uf,13.404825737265416,0.0,16.0857908847185
291535,Itaguaçu da Bahia - BA,244.58,26.099999999999994,10.767922924341171,BA,29006,Barra,963,0,3,6,1,14,any_uf,6.230529595015576,1.0384215991692627,14.537902388369679
291540,Itaju do Colônia - BA,274.62,23.40000000000001,67.89497927222479,BA,29031,Ilhéus-Itabuna,545,0,0,10,3,15,any_uf,18.34862385321101,5.504587155963303,27.522935779816514
291550,Itajuípe - BA,349.98,20.3,59.5,BA,29031,Ilhéus-Itabuna,1662,0,0,38,13,52,any_uf,22.86401925391095,7.821901323706378,31.28760529482551
291560,Itamaraju - BA,421.76,20.099999999999994,55.789869070616014,BA,29032,Porto Seguro,6295,0,2,78,53,157,any_uf,12.39078633836378,8.419380460683081,24.94042891183479
291570,Itamari - BA,317.46,25.5,41.600335148722245,BA,29031,Ilhéus-Itabuna,717,0,0,2,1,8,any_uf,2.789400278940028,1.394700139470014,11.157601115760112
291580,Itambé - BA,307.25,22.5,83.53578463558766,BA,29029,Itapetinga,1808,1,9,21,4,35,any_uf,11.61504424778761,2.2123893805309733,19.358407079646017
291590,Itanagra - BA,279.2,22.5,21.103896103896105,BA,29019,Catu,245,1,0,2,4,6,any_uf,8.16326530612245,16.3265306122449,24.489795918367346
291600,Itanhém - BA,381.9,22.40000000000001,65.67810195575505,BA,29032,Porto Seguro,1175,2,2,1,0,2,any_uf,0.851063829787234,0.0,1.702127659574468
291610,Itaparica - BA,404.92,7.200000000000003,48.0050465226305,BA,29021,Salvador,919,3,0,8,1,12,any_uf,8.705114254624592,1.088139281828074,13.057671381936888
291620,Itapé - BA,273.12,21.3,60.17406962785114,BA,29031,Ilhéus-Itabuna,780,0,0,15,4,20,any_uf,19.23076923076923,5.128205128205129,25.641025641025642
291630,Itapebi - BA,266.35,26.5,5.373831775700935,BA,29031,Ilhéus-Itabuna,612,1,0,7,1,8,any_uf,11.437908496732026,1.6339869281045751,13.071895424836601
291640,Itapetinga - BA,497.69,13.900000000000006,92.36550222867211,BA,29029,Itapetinga,4071,1,4,20,5,32,any_uf,4.9127978383689515,1.2281994595922379,7.860476541390322
291650,Itapicuru - BA,182.99,35.2,11.844444444444443,BA,29015,Ribeira do Pombal,2014,1,1246,11,16,30,any_uf,5.461767626613704,7.944389275074479,14.895729890764647
291660,Itapitanga - BA,218.19,23.40000000000001,77.5436046511628,BA,29031,Ilhéus-Itabuna,494,0,0,4,3,11,any_uf,8.097165991902834,6.0728744939271255,22.267206477732792
291670,Itaquara - BA,219.9,30.8,61.91546762589928,BA,29024,Jequié,616,0,1,0,0,2,any_uf,0.0,0.0,3.2467532467532467
291680,Itarantim - BA,344.15,21.0,75.08910148189833,BA,29029,Itapetinga,1151,0,2,4,9,14,any_uf,3.475238922675934,7.819287576020852,12.163336229365768
291685,Itatim - BA,237.46,21.40000000000001,2.588686481303931,BA,29012,Feira de Santana,1040,0,0,16,8,27,any_uf,15.384615384615385,7.6923076923076925,25.96153846153846
291690,Itiruçu - BA,303.4,22.40000000000001,52.26434965771459,BA,29024,Jequié,822,0,1,2,0,6,any_uf,2.4330900243309004,0.0,7.299270072992701
291700,Itiúba - BA,203.35,24.8,21.2791512361125,BA,29008,Senhor do Bonfim,3439,4,97,58,3,62,any_uf,16.865367839488222,0.8723466123873219,18.028496656004652
291710,Itororó - BA,317.27,22.40000000000001,71.9186144274424,BA,29029,Itapetinga,1466,1,0,39,10,52,any_uf,26.60300136425648,6.8212824010914055,35.470668485675304
291720,Ituaçu - BA,265.23,23.3,8.264628996581541,BA,29027,Brumado,1175,1,0,22,6,28,any_uf,18.72340425531915,5.1063829787234045,23.829787234042552
291730,Ituberá - BA,331.18,18.700000000000003,37.93990254466703,BA,29030,Valença,2512,0,0,4,3,105,any_uf,1.5923566878980893,1.194267515923567,41.79936305732484
291733,Iuiu - BA,246.35,23.599999999999994,13.18840579710145,BA,29026,Guanambi,335,0,0,5,29,34,any_uf,14.925373134328359,86.56716417910448,101.49253731343283
291735,Jaborandi - BA,275.17,23.099999999999994,46.05263157894737,BA,29003,Santa Maria da Vitória,508,0,4,6,1,7,any_uf,11.811023622047244,1.968503937007874,13.779527559055119
291740,Jacaraci - BA,280.87,23.599999999999994,6.465634338494974,BA,29026,Guanambi,654,0,1,6,2,9,any_uf,9.174311926605505,3.058103975535168,13.761467889908257
291750,Jacobina - BA,402.96,16.099999999999994,54.575412932524216,BA,29010,Jacobina,6737,0,0,124,23,170,any_uf,18.40581861362624,3.413982484785513,25.23378358319727
291760,Jaguaquara - BA,292.29,24.40000000000001,29.871421467642254,BA,29024,Jequié,3601,0,0,3,1,6,any_uf,0.8331019161344071,0.27770063871146905,1.6662038322688142
291770,Jaguarari - BA,427.92,16.799999999999997,58.72195336559613,BA,29008,Senhor do Bonfim,2093,0,181,20,6,30,any_uf,9.555661729574773,2.866698518872432,14.33349259436216
291780,Jaguaripe - BA,244.35,26.0,8.398778359511343,BA,29020,Santo Antônio de Jesus,912,1,0,9,2,22,any_uf,9.868421052631579,2.192982456140351,24.12280701754386
291790,Jandaíra - BA,186.15,24.200000000000003,3.824730783512811,BA,29018,Entre Rios,754,0,652,4,5,10,any_uf,5.305039787798409,6.63129973474801,13.26259946949602
291800,Jequié - BA,463.19,15.0,78.09927387494758,BA,29024,Jequié,10513,9,4,46,9,145,any_uf,4.375535051840578,0.8560829449253305,13.792447446019214
291810,Jeremoabo - BA,260.72,29.200000000000003,33.36128190795603,BA,29013,Jeremoabo,2548,0,56,10,69,89,any_uf,3.924646781789639,27.08006279434851,34.92935635792779
291820,Jiquiriçá - BA,252.1,20.599999999999994,30.3387703889586,BA,29024,Jequié,841,0,0,12,1,20,any_uf,14.26872770511296,1.1890606420927468,23.781212841854934
291830,Jitaúna - BA,260.58,27.0,50.74517468849255,BA,29024,Jequié,613,0,0,8,0,9,any_uf,13.05057096247961,0.0,14.681892332789559
291835,João Dourado - BA,275.86,18.5,4.556393390020856,BA,29009,Irecê,1998,1,0,12,5,21,any_uf,6.006006006006006,2.5025025025025025,10.51051051051051
291840,Juazeiro - BA,456.91,12.5,65.2029298969447,BA,29004,Juazeiro,20300,8,2425,365,73,566,any_uf,17.980295566502463,3.5960591133004924,27.88177339901478
291845,Jucuruçu - BA,179.62,29.0,37.11717709720373,BA,29032,Porto Seguro,231,0,7,0,1,1,any_uf,0.0,4.329004329004329,4.329004329004329
291850,Jussara - BA,233.64,23.40000000000001,2.9411764705882355,BA,29009,Irecê,1345,1,0,11,2,16,any_uf,8.178438661710038,1.486988847583643,11.895910780669144
291855,Jussari - BA,279.98,27.599999999999994,66.5167416291854,BA,29031,Ilhéus-Itabuna,481,0,0,13,3,16,any_uf,27.027027027027028,6.237006237006237,33.264033264033266
291860,Jussiape - BA,332.66,23.599999999999994,21.662468513853906,BA,29023,Seabra,244,0,3,18,7,27,any_uf,73.77049180327869,28.688524590163933,110.65573770491804
291870,Lafaiete Coutinho - BA,283.81,24.5,39.581657280772326,BA,29024,Jequié,177,0,0,1,0,1,any_uf,5.649717514124294,0.0,5.649717514124294
291875,Lagoa Real - BA,221.57,21.40000000000001,5.617638175777711,BA,29026,Guanambi,863,0,0,9,10,32,any_uf,10.428736964078794,11.587485515643106,37.07995365005794
291880,Laje - BA,238.16,24.90000000000001,25.743509047993705,BA,29024,Jequié,1604,0,1,32,4,38,any_uf,19.950124688279303,2.493765586034913,23.69077306733167
291890,Lajedão - BA,447.01,22.3,67.65432098765432,BA,29032,Porto Seguro,170,1,6,0,0,0,any_uf,0.0,0.0,0.0
291900,Lajedinho - BA,205.29,25.200000000000003,20.556552962298024,BA,29011,Itaberaba,271,1,0,4,3,15,any_uf,14.760147601476016,11.07011070110701,55.35055350553505
291905,Lajedo do Tabocal - BA,233.3,26.3,0.6565449322938038,BA,29024,Jequié,459,0,0,1,0,1,any_uf,2.178649237472767,0.0,2.178649237472767
291910,Lamarão - BA,179.63,30.099999999999994,21.49265905383361,BA,29016,Serrinha,440,0,0,3,2,6,any_uf,6.818181818181818,4.545454545454546,13.636363636363637
291915,Lapão - BA,241.71,19.40000000000001,10.677476982272914,BA,29009,Irecê,2135,1,0,14,6,23,any_uf,6.557377049180328,2.810304449648712,10.772833723653395
291920,Lauro de Freitas - BA,998.62,4.700000000000003,80.88398907656519,BA,29021,Salvador,10911,3,2,226,57,401,any_uf,20.713041884336906,5.224085784987627,36.75190175052699
291930,Lençóis - BA,359.51,16.900000000000006,56.2,BA,29023,Seabra,707,0,1,4,3,8,any_uf,5.657708628005658,4.243281471004243,11.315417256011315
291940,Licínio de Almeida - BA,296.16,20.90000000000001,4.593741027849555,BA,29026,Guanambi,852,0,1,11,5,19,any_uf,12.910798122065728,5.868544600938967,22.300469483568076
291950,Livramento de Nossa Senhora - BA,302.93,19.3,32.57855011409514,BA,29025,Livramento do Brumado,2787,2,0,64,245,314,any_uf,22.963760315751703,87.908144958737,112.6659490491568
291955,Luís Eduardo Magalhães - BA,847.88,6.799999999999997,18.16084191569588,BA,29001,Barreiras,3850,0,10,23,16,50,any_uf,5.974025974025974,4.1558441558441555,12.987012987012987
291960,Macajuba - BA,183.18,25.099999999999994,43.86281588447653,BA,29011,Itaberaba,984,0,0,15,6,49,any_uf,15.24390243902439,6.097560975609756,49.796747967479675
291970,Macarani - BA,345.25,24.8,78.16532258064517,BA,29029,Itapetinga,1199,0,0,17,3,23,any_uf,14.178482068390325,2.5020850708924103,19.182652210175146
291980,Macaúbas - BA,249.16,24.0,27.00380102462403,BA,29022,Boquira,3058,0,2,29,9,45,any_uf,9.483322432962721,2.9431000654022235,14.715500327011119
291990,Macururé - BA,234.7,24.40000000000001,1.0009532888465205,BA,29005,Paulo Afonso,337,0,203,2,8,11,any_uf,5.9347181008902075,23.73887240356083,32.640949554896146
291992,Madre de Deus - BA,476.61,4.900000000000006,91.97602474864657,BA,29021,Salvador,1653,0,2,29,6,58,any_uf,17.54385964912281,3.629764065335753,35.08771929824562
291995,Maetinga - BA,267.32,30.0,24.924318869828458,BA,29027,Brumado,508,0,0,5,1,6,any_uf,9.84251968503937,1.968503937007874,11.811023622047244
292000,Maiquinique - BA,298.99,24.40000000000001,75.07407407407408,BA,29029,Itapetinga,438,0,0,3,1,4,any_uf,6.8493150684931505,2.2831050228310503,9.132420091324201
292010,Mairi - BA,283.2,21.90000000000001,54.01962472026166,BA,29011,Itaberaba,1225,0,2,15,5,23,any_uf,12.244897959183673,4.081632653061225,18.775510204081634
292020,Malhada - BA,217.29,21.599999999999994,15.286789514663898,BA,29026,Guanambi,1239,0,2,3,55,59,any_uf,2.4213075060532687,44.3906376109766,47.61904761904762
292030,Malhada de Pedras - BA,240.76,23.5,10.016906170752325,BA,29027,Brumado,433,0,0,4,2,7,any_uf,9.237875288683602,4.618937644341801,16.166281755196305
292040,Manoel Vitorino - BA,221.01,25.3,3.1621553250695675,BA,29028,Vitória da Conquista,849,0,1,4,0,7,any_uf,4.7114252061248525,0.0,8.244994110718492
292045,Mansidão - BA,173.65,16.299999999999997,3.03994344291269,BA,29002,Cotegipe,430,0,3,3,1,6,any_uf,6.976744186046512,2.3255813953488373,13.953488372093023
292050,Maracás - BA,286.65,22.3,9.61974649766511,BA,29024,Jequié,1783,0,0,3,0,4,any_uf,1.682557487380819,0.0,2.243409983174425
292060,Maragogipe - BA,293.43,21.200000000000003,40.9147713071732,BA,29020,Santo Antônio de Jesus,2734,1,5,27,9,47,any_uf,9.875640087783468,3.2918800292611556,17.190929041697146
292070,Maraú - BA,429.92,24.200000000000003,20.05036807438977,BA,29030,Valença,849,1,0,16,4,28,any_uf,18.84570082449941,4.7114252061248525,32.97997644287397
292080,Marcionílio Souza - BA,190.5,27.5,13.88697450034459,BA,29024,Jequié,736,0,0,7,1,16,any_uf,9.51086956521739,1.358695652173913,21.73913043478261
292090,Mascote - BA,251.72,27.599999999999994,44.29546562652365,BA,29031,Ilhéus-Itabuna,1239,0,0,17,5,24,any_uf,13.720742534301856,4.035512510088782,19.37046004842615
292100,Mata de São João - BA,423.79,10.700000000000005,42.923116394424014,BA,29019,Catu,3244,0,2,61,71,171,any_uf,18.803945745992603,21.8865598027127,52.712700369913684
292105,Matina - BA,222.17,28.5,3.249361080686382,BA,29026,Guanambi,810,0,0,6,30,36,any_uf,7.407407407407407,37.03703703703704,44.44444444444444
292110,Medeiros Neto - BA,379.62,21.8,35.318155283129016,BA,29032,Porto Seguro,1263,2,2,4,1,13,any_uf,3.1670625494853524,0.7917656373713381,10.292953285827394
292120,Miguel Calmon - BA,276.35,18.599999999999994,41.98275862068966,BA,29010,Jacobina,2512,1,0,23,3,39,any_uf,9.156050955414013,1.194267515923567,15.52547770700637
292130,Milagres - BA,308.71,19.90000000000001,5.22771007055805,BA,29024,Jequié,1027,0,2,6,3,14,any_uf,5.8422590068159685,2.9211295034079843,13.631937682570594
292140,Mirangaba - BA,190.43,22.5,18.81847475832438,BA,29010,Jacobina,1060,1,1,18,5,24,any_uf,16.9811320754717,4.716981132075472,22.641509433962263
292145,Mirante - BA,208.1,27.8,21.966977745872217,BA,29028,Vitória da Conquista,529,0,0,5,9,15,any_uf,9.45179584120983,17.013232514177695,28.35538752362949
292150,Monte Santo - BA,195.67,32.599999999999994,12.045281976944848,BA,29014,Euclides da Cunha,4176,0,30,36,10,58,any_uf,8.620689655172415,2.3946360153256707,13.88888888888889
292160,Morpará - BA,215.54,25.599999999999994,4.5549519431675725,BA,29006,Barra,506,0,0,4,3,12,any_uf,7.905138339920948,5.928853754940712,23.715415019762847
292170,Morro do Chapéu - BA,246.76,20.0,9.59911361804996,BA,29010,Jacobina,3327,0,7,30,148,185,any_uf,9.017132551848512,44.48452058911933,55.605650736399156
292180,Mortugaba - BA,328.47,24.099999999999994,1.828206616366802,BA,29026,Guanambi,740,0,4,5,6,16,any_uf,6.756756756756757,8.108108108108109,21.62162162162162
292190,Mucugê - BA,310.12,18.40000000000001,37.56544502617801,BA,29023,Seabra,1219,0,1,14,2,23,any_uf,11.484823625922887,1.6406890894175554,18.867924528301888
292200,Mucuri - BA,524.16,16.400000000000006,30.85096290674509,BA,29032,Porto Seguro,3191,3,105,60,16,88,any_uf,18.80288310874334,5.014102162331557,27.577561892823567
292205,Mulungu do Morro - BA,199.13,18.700000000000003,0.5140610825521621,BA,29009,Irecê,1084,0,0,4,3,10,any_uf,3.690036900369004,2.7675276752767526,9.22509225092251
292210,Mundo Novo - BA,341.87,20.5,37.782738095238095,BA,29011,Itaberaba,1683,0,2,21,7,32,any_uf,12.477718360071302,4.159239453357101,19.013666072489602
292220,Muniz Ferreira - BA,292.32,20.599999999999994,26.411738550466875,BA,29020,Santo Antônio de Jesus,408,0,0,12,3,16,any_uf,29.41176470588235,7.352941176470588,39.21568627450981
292225,Muquém do São Francisco - BA,164.39,23.0,16.242884250474383,BA,29006,Barra,732,0,0,2,0,3,any_uf,2.73224043715847,0.0,4.098360655737705
292230,Muritiba - BA,388.55,15.599999999999994,14.943496032700168,BA,29020,Santo Antônio de Jesus,1784,0,0,27,12,58,any_uf,15.134529147982063,6.726457399103139,32.511210762331835
292240,Mutuípe - BA,371.14,21.40000000000001,49.314435372053616,BA,29024,Jequié,1415,0,0,25,11,38,any_uf,17.6678445229682,7.773851590106007,26.85512367491166
292250,Nazaré - BA,408.25,17.099999999999994,53.81531136449067,BA,29020,Santo Antônio de Jesus,1753,0,0,21,3,51,any_uf,11.979463776383342,1.7113519680547633,29.092983456930977
292260,Nilo Peçanha - BA,200.94,24.200000000000003,32.39595050618673,BA,29030,Valença,994,0,0,0,0,40,any_uf,0.0,0.0,40.241448692152915
292265,Nordestina - BA,186.38,26.200000000000003,3.9156626506024095,BA,29014,Euclides da Cunha,758,0,4,16,2,18,any_uf,21.108179419525065,2.638522427440633,23.7467018469657
292270,Nova Canaã - BA,244.81,28.700000000000003,46.75507333735182,BA,29028,Vitória da Conquista,1029,1,1,10,2,12,any_uf,9.718172983479105,1.9436345966958213,11.661807580174926
292273,Nova Fátima - BA,282.77,21.40000000000001,63.91196013289037,BA,29016,Serrinha,397,1,0,6,13,19,any_uf,15.113350125944585,32.7455919395466,47.858942065491185
292275,Nova Ibiá - BA,377.32,26.099999999999994,35.954500494559845,BA,29031,Ilhéus-Itabuna,446,0,0,5,1,6,any_uf,11.210762331838565,2.242152466367713,13.452914798206278
292280,Nova Itarana - BA,185.26,27.200000000000003,6.536259541984733,BA,29024,Jequié,546,0,0,2,1,5,any_uf,3.663003663003663,1.8315018315018314,9.157509157509157
292285,Nova Redenção - BA,220.57,24.700000000000003,10.283018867924527,BA,29023,Seabra,382,0,0,5,0,6,any_uf,13.089005235602095,0.0,15.706806282722512
292290,Nova Soure - BA,238.53,27.90000000000001,1.3180764774044031,BA,29015,Ribeira do Pombal,1795,1,64,4,1,6,any_uf,2.2284122562674096,0.5571030640668524,3.3426183844011144
292300,Nova Viçosa - BA,464.88,17.0,19.091884161601715,BA,29032,Porto Seguro,3315,4,9,19,18,79,any_uf,5.731523378582202,5.429864253393665,23.83107088989442
292303,Novo Horizonte - BA,249.57,20.099999999999994,10.553916748607014,BA,29022,Boquira,672,0,0,0,0,1,any_uf,0.0,0.0,1.4880952380952381
292305,Novo Triunfo - BA,192.76,21.099999999999994,55.13172338090011,BA,29015,Ribeira do Pombal,663,0,9,3,4,8,any_uf,4.524886877828054,6.033182503770739,12.066365007541478
292310,Olindina - BA,208.28,27.200000000000003,51.24071218281228,BA,29015,Ribeira do Pombal,1876,0,383,9,3,16,any_uf,4.797441364605544,1.5991471215351811,8.528784648187633
292320,Oliveira dos Brejinhos - BA,214.82,20.099999999999994,12.875816993464053,BA,29022,Boquira,691,0,0,1,2,4,any_uf,1.447178002894356,2.894356005788712,5.788712011577424
292330,Ouriçangas - BA,278.65,24.40000000000001,15.10136532892015,BA,29012,Feira de Santana,545,0,0,2,2,6,any_uf,3.669724770642202,3.669724770642202,11.009174311926605
292335,Ourolândia - BA,236.2,25.0,18.637532133676093,BA,29010,Jacobina,1224,2,0,21,5,29,any_uf,17.15686274509804,4.084967320261438,23.69281045751634
292340,Palmas de Monte Alto - BA,257.67,25.700000000000003,16.527272727272727,BA,29026,Guanambi,1458,0,1,3,66,70,any_uf,2.05761316872428,45.267489711934154,48.010973936899866
292350,Palmeiras - BA,344.4,16.0,29.65997541990988,BA,29023,Seabra,591,0,2,4,0,5,any_uf,6.768189509306261,0.0,8.460236886632826
292360,Paramirim - BA,337.63,18.5,38.71311766797014,BA,29025,Livramento do Brumado,1134,0,0,4,0,4,any_uf,3.527336860670194,0.0,3.527336860670194
292370,Paratinga - BA,198.58,22.40000000000001,3.161836083760921,BA,29007,Bom Jesus da Lapa,2617,0,3,13,6,23,any_uf,4.967520061138709,2.292701566679404,8.788689338937715
292380,Paripiranga - BA,270.44,25.599999999999994,26.08749689286602,BA,29015,Ribeira do Pombal,1044,0,913,4,9,16,any_uf,3.8314176245210727,8.620689655172415,15.32567049808429
292390,Pau Brasil - BA,273.81,25.8,65.03807106598985,BA,29031,Ilhéus-Itabuna,977,0,1,14,12,34,any_uf,14.329580348004095,12.282497441146367,34.800409416581374
292400,Paulo Afonso - BA,531.71,15.700000000000005,82.9956003725232,BA,29005,Paulo Afonso,10225,1,194,74,851,974,any_uf,7.237163814180929,83.22738386308069,95.25672371638142
292405,Pé de Serra - BA,254.48,21.90000000000001,3.131163708086785,BA,29016,Serrinha,803,1,1,8,19,34,any_uf,9.962640099626402,23.6612702366127,42.3412204234122
292410,Pedrão - BA,219.85,20.099999999999994,2.770378263185935,BA,29012,Feira de Santana,387,0,0,2,2,6,any_uf,5.167958656330749,5.167958656330749,15.503875968992247
292420,Pedro Alexandre - BA,167.04,38.4,2.8310715956949,BA,29013,Jeremoabo,905,0,694,10,3,15,any_uf,11.049723756906078,3.314917127071823,16.574585635359117
292430,Piatã - BA,225.92,21.40000000000001,5.187319884726225,BA,29023,Seabra,1309,0,0,19,0,20,any_uf,14.514896867838043,0.0,15.278838808250573
292440,Pilão Arcado - BA,193.09,28.599999999999994,1.999024865919064,BA,29004,Juazeiro,1236,0,24,11,3,16,any_uf,8.89967637540453,2.4271844660194173,12.944983818770227
292450,Pindaí - BA,267.49,21.700000000000003,3.266090297790586,BA,29026,Guanambi,1124,0,2,3,40,43,any_uf,2.6690391459074734,35.587188612099645,38.256227758007114
292460,Pindobaçu - BA,204.17,22.599999999999994,42.24678323985484,BA,29008,Senhor do Bonfim,1971,0,63,20,6,35,any_uf,10.147133434804667,3.0441400304414,17.75748351090817
292465,Pintadas - BA,271.45,21.5,54.221912072575016,BA,29012,Feira de Santana,549,0,1,15,3,18,any_uf,27.3224043715847,5.46448087431694,32.78688524590164
292467,Piraí do Norte - BA,235.01,24.700000000000003,26.58564375237372,BA,29030,Valença,621,1,0,3,0,8,any_uf,4.830917874396135,0.0,12.882447665056361
292470,Piripá - BA,236.01,23.5,4.837264855180651,BA,29027,Brumado,516,0,0,12,13,26,any_uf,23.25581395348837,25.1937984496124,50.3875968992248
292480,Piritiba - BA,263.01,19.5,36.60620596612202,BA,29010,Jacobina,1431,2,0,14,6,32,any_uf,9.783368273934311,4.1928721174004195,22.36198462613557
292490,Planaltino - BA,279.2,29.40000000000001,0.6722024515618822,BA,29024,Jequié,542,0,0,0,0,0,any_uf,0.0,0.0,0.0
292500,Planalto - BA,253.33,26.8,2.771731243651139,BA,29028,Vitória da Conquista,2002,0,1,32,10,56,any_uf,15.984015984015985,4.995004995004995,27.972027972027973
292510,Poções - BA,286.07,24.700000000000003,64.59998448048421,BA,29028,Vitória da Conquista,2139,0,1,24,11,46,any_uf,11.220196353436185,5.142589995324919,21.50537634408602
292520,Pojuca - BA,411.56,8.599999999999994,87.19416970327954,BA,29019,Catu,2640,1,0,66,9,94,any_uf,25.0,3.409090909090909,35.60606060606061
292525,Ponto Novo - BA,223.48,23.099999999999994,10.375472117307265,BA,29010,Jacobina,1392,0,53,6,9,18,any_uf,4.310344827586207,6.4655172413793105,12.931034482758621
292530,Porto Seguro - BA,515.25,11.099999999999994,69.19006282422252,BA,29032,Porto Seguro,11428,8,6,48,13,100,any_uf,4.200210010500525,1.1375568778438923,8.750437521876094
292540,Potiraguá - BA,319.9,20.099999999999994,75.64102564102564,BA,29029,Itapetinga,639,0,0,19,6,26,any_uf,29.7339593114241,9.389671361502348,40.68857589984351
292550,Prado - BA,367.6,17.799999999999997,14.697711337478502,BA,29032,Porto Seguro,1937,4,3,10,1,15,any_uf,5.162622612287042,0.5162622612287042,7.743933918430563
292560,Presidente Dutra - BA,264.5,14.099999999999994,6.928977975748577,BA,29009,Irecê,1095,1,0,7,2,13,any_uf,6.392694063926941,1.82648401826484,11.872146118721462
292570,Presidente Jânio Quadros - BA,209.77,30.8,31.98839662447257,BA,29027,Brumado,357,1,0,12,5,19,any_uf,33.61344537815126,14.005602240896359,53.221288515406165
292575,Presidente Tancredo Neves - BA,268.35,26.0,28.13028114917806,BA,29030,Valença,2145,1,0,22,2,88,any_uf,10.256410256410257,0.9324009324009324,41.02564102564103
292580,Queimadas - BA,239.87,21.40000000000001,37.91381278538813,BA,29014,Euclides da Cunha,1790,2,0,11,2,16,any_uf,6.145251396648045,1.1173184357541899,8.938547486033519
292590,Quijingue - BA,226.62,30.700000000000003,13.149889380530974,BA,29014,Euclides da Cunha,1205,1,1,7,2,9,any_uf,5.809128630705394,1.6597510373443984,7.468879668049793
292593,Quixabeira - BA,234.45,27.90000000000001,4.051383399209486,BA,29010,Jacobina,570,0,0,3,2,5,any_uf,5.2631578947368425,3.508771929824561,8.771929824561404
292595,Rafael Jambeiro - BA,226.04,26.8,11.699920191540304,BA,29012,Feira de Santana,1266,0,0,17,7,26,any_uf,13.428120063191153,5.529225908372828,20.537124802527646
292600,Remanso - BA,269.65,25.5,49.99527633443552,BA,29004,Juazeiro,3941,1,70,46,10,65,any_uf,11.672164425272774,2.537427048972342,16.493275818320225
292610,Retirolândia - BA,287.47,17.700000000000003,17.496598639455783,BA,29016,Serrinha,995,1,6,14,11,26,any_uf,14.07035175879397,11.055276381909549,26.13065326633166
292620,Riachão das Neves - BA,207.17,27.5,8.983251564879039,BA,29001,Barreiras,1683,1,0,5,4,30,any_uf,2.9708853238265003,2.3767082590612003,17.825311942959
292630,Riachão do Jacuípe - BA,305.39,16.5,64.43131462333825,BA,29016,Serrinha,2169,1,1,23,58,88,any_uf,10.603964960811433,26.74043337943753,40.57169202397418
292640,Riacho de Santana - BA,275.97,25.0,5.934643796168774,BA,29026,Guanambi,2359,1,1,12,45,64,any_uf,5.0869012293344635,19.07587961000424,27.130139889783806
292650,Ribeira do Amparo - BA,180.61,31.90000000000001,1.1187388761759471,BA,29015,Ribeira do Pombal,933,0,15,1,0,3,any_uf,1.0718113612004287,0.0,3.215434083601286
292660,Ribeira do Pombal - BA,314.22,23.90000000000001,27.649269914702906,BA,29015,Ribeira do Pombal,3780,4,26,5,2,24,any_uf,1.3227513227513228,0.5291005291005291,6.349206349206349
292665,Ribeirão do Largo - BA,267.26,28.200000000000003,30.72487644151565,BA,29029,Itapetinga,579,0,1,10,5,15,any_uf,17.271157167530223,8.635578583765112,25.906735751295336
292670,Rio de Contas - BA,289.15,18.3,22.87019618382155,BA,29023,Seabra,342,0,0,18,21,41,any_uf,52.63157894736842,61.40350877192982,119.88304093567251
292680,Rio do Antônio - BA,250.83,25.700000000000003,16.02691924227318,BA,29027,Brumado,763,0,0,7,3,24,any_uf,9.174311926605505,3.9318479685452163,31.45478374836173
292690,Rio do Pires - BA,267.94,25.3,2.8931979070483225,BA,29025,Livramento do Brumado,557,0,2,2,0,3,any_uf,3.5906642728904847,0.0,5.3859964093357275
292700,Rio Real - BA,264.33,21.700000000000003,9.5229151014275,BA,29017,Alagoinhas,3224,0,1331,27,68,103,any_uf,8.37468982630273,21.09181141439206,31.94789081885856
292710,Rodelas - BA,255.68,21.200000000000003,86.58070678127984,BA,29005,Paulo Afonso,484,0,232,3,37,41,any_uf,6.198347107438017,76.44628099173553,84.7107438016529
292720,Ruy Barbosa - BA,288.42,20.8,53.01438684631194,BA,29011,Itaberaba,2500,1,1,31,6,161,any_uf,12.4,2.4,64.4
292730,Salinas da Margarida - BA,282.43,11.400000000000006,11.766240542655884,BA,29020,Santo Antônio de Jesus,481,0,0,16,1,22,any_uf,33.264033264033266,2.079002079002079,45.73804573804574
292740,Salvador - BA,935.66,3.9000000000000057,93.1177209574717,BA,29021,Salvador,177967,72,49,4413,1491,10007,any_uf,24.79673197840049,8.377957711261077,56.22952569858457
292750,Santa Bárbara - BA,245.33,20.40000000000001,6.022538333641234,BA,29012,Feira de Santana,1757,1,6,25,7,43,any_uf,14.228799089356858,3.9840637450199203,24.473534433693796
292760,Santa Brígida - BA,218.83,30.90000000000001,35.81696214662195,BA,29013,Jeremoabo,1057,0,14,4,56,64,any_uf,3.7842951750236518,52.980132450331126,60.54872280037843
292770,Santa Cruz Cabrália - BA,380.67,14.299999999999995,49.396197327852,BA,29032,Porto Seguro,1961,3,0,11,1,20,any_uf,5.609382967873534,0.5099439061703213,10.198878123406425
292780,Santa Cruz da Vitória - BA,264.76,22.700000000000003,76.49063032367972,BA,29031,Ilhéus-Itabuna,376,0,0,9,1,10,any_uf,23.93617021276596,2.6595744680851063,26.595744680851062
292790,Santa Inês - BA,273.13,25.700000000000003,66.27402355858648,BA,29024,Jequié,672,1,2,1,0,2,any_uf,1.4880952380952381,0.0,2.9761904761904763
292800,Santaluz - BA,254.1,21.200000000000003,56.69491525423729,BA,29016,Serrinha,2684,0,0,33,28,62,any_uf,12.295081967213115,10.432190760059612,23.09985096870343
292805,Santa Luzia - BA,261.97,27.599999999999994,43.81767816670864,BA,29031,Ilhéus-Itabuna,937,0,0,11,4,17,any_uf,11.739594450373533,4.268943436499466,18.14300960512273
292810,Santa Maria da Vitória - BA,309.25,21.8,13.329138953801904,BA,29003,Santa Maria da Vitória,2506,2,38,8,1,16,any_uf,3.192338387869114,0.39904229848363926,6.384676775738228
292820,Santana - BA,299.57,23.599999999999994,13.154111558366878,BA,29003,Santa Maria da Vitória,1260,0,9,2,1,4,any_uf,1.5873015873015872,0.7936507936507936,3.1746031746031744
292830,Santanópolis - BA,261.4,22.099999999999994,1.1290322580645162,BA,29012,Feira de Santana,750,0,0,21,5,28,any_uf,28.0,6.666666666666667,37.333333333333336
292840,Santa Rita de Cássia - BA,262.27,19.099999999999994,14.30557486445155,BA,29002,Cotegipe,2228,0,3,16,7,46,any_uf,7.1813285457809695,3.141831238779174,20.646319569120287
292850,Santa Terezinha - BA,240.31,22.90000000000001,4.712404712404712,BA,29012,Feira de Santana,625,0,1,3,1,5,any_uf,4.8,1.6,8.0
292860,Santo Amaro - BA,377.61,11.900000000000006,59.02806377596046,BA,29020,Santo Antônio de Jesus,3463,1,2,32,11,74,any_uf,9.240542881894312,3.1764366156511694,21.368755414380594
292870,Santo Antônio de Jesus - BA,526.1,11.5,67.38979837386518,BA,29020,Santo Antônio de Jesus,7824,3,2,313,35,378,any_uf,40.00511247443763,4.473415132924336,48.31288343558282
292880,Santo Estêvão - BA,344.29,19.8,12.74569556605211,BA,29012,Feira de Santana,4162,2,2,79,21,116,any_uf,18.981259010091303,5.045651129264777,27.87121576165305
292890,São Desidério - BA,294.68,22.90000000000001,8.474335276553392,BA,29001,Barreiras,2236,1,1,11,2,25,any_uf,4.919499105545617,0.8944543828264758,11.180679785330948
292895,São Domingos - BA,332.49,20.40000000000001,64.51391274476126,BA,29016,Serrinha,392,0,2,15,1,16,any_uf,38.265306122448976,2.5510204081632653,40.816326530612244
292900,São Félix - BA,296.39,14.0,62.38159675236807,BA,29020,Santo Antônio de Jesus,1028,0,7,5,0,6,any_uf,4.863813229571984,0.0,5.836575875486381
292905,São Félix do Coribe - BA,329.96,15.299999999999995,1.629106706489275,BA,29003,Santa Maria da Vitória,917,0,1,1,1,4,any_uf,1.0905125408942202,1.0905125408942202,4.362050163576881
292910,São Felipe - BA,265.64,20.8,9.804910864446686,BA,29020,Santo Antônio de Jesus,1231,0,0,27,10,50,any_uf,21.933387489845654,8.123476848090982,40.61738424045492
292920,São Francisco do Conde - BA,419.9,9.400000000000006,66.33789373210308,BA,29021,Salvador,529,0,2,11,5,20,any_uf,20.793950850661627,9.45179584120983,37.80718336483932
292925,São Gabriel - BA,241.8,17.599999999999994,8.513962116774067,BA,29009,Irecê,1589,0,1,16,1,19,any_uf,10.069225928256765,0.6293266205160478,11.95720578980491
292930,São Gonçalo dos Campos - BA,410.24,13.900000000000006,7.720465890183027,BA,29012,Feira de Santana,2356,1,0,32,15,57,any_uf,13.582342954159593,6.366723259762309,24.193548387096776
292935,São José da Vitória - BA,242.26,25.700000000000003,78.2583284628872,BA,29031,Ilhéus-Itabuna,642,0,0,14,3,20,any_uf,21.806853582554517,4.672897196261682,31.152647975077883
292937,São José do Jacuípe - BA,249.81,26.099999999999994,31.98599618077657,BA,29010,Jacobina,530,0,0,9,1,11,any_uf,16.9811320754717,1.8867924528301887,20.754716981132077
292940,São Miguel das Matas - BA,269.64,22.0,17.140090380890896,BA,29024,Jequié,634,2,0,15,0,17,any_uf,23.65930599369085,0.0,26.813880126182966
292950,São Sebastião do Passé - BA,391.61,12.700000000000005,66.47722659738572,BA,29019,Catu,2592,1,1,49,8,79,any_uf,18.90432098765432,3.0864197530864197,30.478395061728396
292960,Sapeaçu - BA,332.4,14.599999999999994,4.519774011299435,BA,29020,Santo Antônio de Jesus,1645,0,0,14,4,21,any_uf,8.51063829787234,2.43161094224924,12.76595744680851
292970,Sátiro Dias - BA,205.23,27.099999999999994,29.18929402637704,BA,29017,Alagoinhas,1205,0,1,6,1,8,any_uf,4.979253112033195,0.8298755186721992,6.639004149377594
292975,Saubara - BA,260.81,13.400000000000006,27.58620689655172,BA,29020,Santo Antônio de Jesus,542,1,0,5,2,9,any_uf,9.22509225092251,3.690036900369004,16.605166051660518
292980,Saúde - BA,230.49,20.0,20.40124328906471,BA,29010,Jacobina,885,1,4,5,11,20,any_uf,5.649717514124294,12.429378531073446,22.598870056497177
292990,Seabra - BA,306.14,14.599999999999994,4.141651440006961,BA,29023,Seabra,3728,1,1,9,0,13,any_uf,2.4141630901287554,0.0,3.4871244635193133
293000,Sebastião Laranjeiras - BA,268.26,22.3,12.709284627092844,BA,29026,Guanambi,422,0,11,2,19,24,any_uf,4.739336492890995,45.023696682464454,56.872037914691944
293010,Senhor do Bonfim - BA,407.79,15.299999999999995,55.7176513229431,BA,29008,Senhor do Bonfim,6459,1,153,102,6,139,any_uf,15.79191825359963,0.9289363678588016,21.520359188728904
293015,Serra do Ramalho - BA,206.68,22.5,2.393617021276596,BA,29007,Bom Jesus da Lapa,2412,2,7,10,2,17,any_uf,4.1459369817578775,0.8291873963515755,7.048092868988391
293020,Sento Sé - BA,218.76,22.700000000000003,31.861301929996728,BA,29004,Juazeiro,2704,0,164,30,3,51,any_uf,11.094674556213018,1.1094674556213018,18.86094674556213
293030,Serra Dourada - BA,226.78,21.700000000000003,4.929859719438878,BA,29003,Santa Maria da Vitória,1217,0,1,2,2,6,any_uf,1.6433853738701725,1.6433853738701725,4.930156121610517
293040,Serra Preta - BA,226.02,25.599999999999994,11.714219438645326,BA,29012,Feira de Santana,992,0,0,12,9,23,any_uf,12.096774193548388,9.07258064516129,23.18548387096774
293050,Serrinha - BA,359.4,16.299999999999997,51.84929933379279,BA,29016,Serrinha,6669,1,4,60,26,100,any_uf,8.99685110211426,3.898635477582846,14.9947518368571
293060,Serrolândia - BA,257.01,20.90000000000001,4.624134520276954,BA,29010,Jacobina,925,0,0,10,2,17,any_uf,10.81081081081081,2.1621621621621623,18.37837837837838
293070,Simões Filho - BA,410.16,7.599999999999994,65.23714285714286,BA,29021,Salvador,9645,0,3,154,42,283,any_uf,15.966822187662,4.354587869362364,29.341627786417835
293075,Sítio do Mato - BA,129.44,19.200000000000003,13.08316430020284,BA,29007,Bom Jesus da Lapa,589,0,0,7,0,13,any_uf,11.884550084889643,0.0,22.07130730050934
293076,Sítio do Quinto - BA,240.26,33.5,17.47083775185578,BA,29013,Jeremoabo,852,0,12,4,2,9,any_uf,4.694835680751174,2.347417840375587,10.56338028169014
293077,Sobradinho - BA,331.39,16.599999999999994,74.37582128777923,BA,29004,Juazeiro,1846,0,271,39,7,56,any_uf,21.12676056338028,3.791982665222102,30.335861321776814
293080,Souto Soares - BA,217.95,18.599999999999994,4.6706586826347305,BA,29009,Irecê,1341,0,0,1,12,16,any_uf,0.7457121551081283,8.94854586129754,11.931394481730052
293090,Tabocas do Brejo Velho - BA,213.68,26.40000000000001,6.036152356358941,BA,29002,Cotegipe,729,0,1,0,1,2,any_uf,0.0,1.3717421124828533,2.7434842249657065
293100,Tanhaçu - BA,266.78,23.700000000000003,12.29089628455714,BA,29027,Brumado,1055,0,3,26,7,33,any_uf,24.644549763033176,6.6350710900473935,31.27962085308057
293105,Tanque Novo - BA,299.47,25.0,1.9661636945587564,BA,29022,Boquira,977,1,2,12,35,54,any_uf,12.282497441146367,35.823950870010236,55.27123848515865
293110,Tanquinho - BA,269.91,18.099999999999994,44.77947794779478,BA,29012,Feira de Santana,568,0,0,13,5,20,any_uf,22.887323943661972,8.80281690140845,35.2112676056338
293120,Taperoá - BA,268.48,25.3,28.16350479170741,BA,29030,Valença,1405,0,0,2,1,65,any_uf,1.4234875444839858,0.7117437722419929,46.263345195729535
293130,Tapiramutá - BA,301.85,21.099999999999994,2.4756189047261814,BA,29011,Itaberaba,1434,0,0,15,5,25,any_uf,10.460251046025105,3.486750348675035,17.433751743375176
293135,Teixeira de Freitas - BA,551.62,13.400000000000006,76.07487569464756,BA,29032,Porto Seguro,12829,36,5,6,6,51,any_uf,0.4676903889625068,0.4676903889625068,3.975368306181308
293140,Teodoro Sampaio - BA,257.55,21.5,23.53902738046588,BA,29012,Feira de Santana,442,0,0,7,1,10,any_uf,15.83710407239819,2.262443438914027,22.624434389140273
293150,Teofilândia - BA,276.95,22.5,24.5119305856833,BA,29016,Serrinha,1239,0,0,21,16,40,any_uf,16.949152542372882,12.9136400322841,32.28410008071025
293160,Teolândia - BA,229.03,27.90000000000001,36.20546810273405,BA,29031,Ilhéus-Itabuna,1047,0,0,6,2,35,any_uf,5.730659025787966,1.9102196752626552,33.42884431709646
293170,Terra Nova - BA,289.9,12.200000000000005,64.4481419855796,BA,29019,Catu,787,0,1,24,4,34,any_uf,30.495552731893266,5.082592121982211,43.202033036848796
293180,Tremedal - BA,235.85,28.0,7.886565928379218,BA,29027,Brumado,1113,1,1,19,17,39,any_uf,17.07097933513028,15.274034141958671,35.04043126684636
293190,Tucano - BA,320.21,26.5,46.471774193548384,BA,29014,Euclides da Cunha,3516,2,4,24,6,43,any_uf,6.825938566552901,1.7064846416382253,12.229806598407281
293200,Uauá - BA,245.23,21.5,2.664776754075124,BA,29014,Euclides da Cunha,1749,1,85,10,4,24,any_uf,5.717552887364208,2.287021154945683,13.722126929674099
293210,Ubaíra - BA,276.55,27.099999999999994,37.68017636086145,BA,29024,Jequié,1596,0,0,12,2,21,any_uf,7.518796992481203,1.2531328320802004,13.157894736842104
293220,Ubaitaba - BA,346.48,19.40000000000001,67.06566916043225,BA,29031,Ilhéus-Itabuna,1877,0,0,23,6,35,any_uf,12.253596164091636,3.196590303676079,18.646776771443793
293230,Ubatã - BA,301.48,25.0,57.7649837614408,BA,29031,Ilhéus-Itabuna,1662,0,0,17,7,25,any_uf,10.22864019253911,4.21179302045728,15.042117930204572
293240,Uibaí - BA,279.13,15.200000000000005,2.0242914979757085,BA,29009,Irecê,917,0,0,8,2,18,any_uf,8.724100327153762,2.1810250817884405,19.629225736095965
293245,Umburanas - BA,145.73,22.90000000000001,6.492199295420232,BA,29008,Senhor do Bonfim,541,1,0,14,2,16,any_uf,25.87800369685767,3.6968576709796674,29.57486136783734
293250,Una - BA,291.22,23.5,26.5224025523651,BA,29031,Ilhéus-Itabuna,1729,0,0,8,3,13,any_uf,4.626951995373048,1.735106998264893,7.518796992481203
293260,Urandi - BA,321.44,21.099999999999994,8.175117266026357,BA,29026,Guanambi,966,0,55,4,36,42,any_uf,4.140786749482402,37.267080745341616,43.47826086956522
293270,Uruçuca - BA,340.26,20.5,65.9468438538206,BA,29031,Ilhéus-Itabuna,1851,2,0,24,8,36,any_uf,12.965964343598054,4.321988114532685,19.448946515397083
293280,Utinga - BA,320.21,18.40000000000001,2.3420586498720724,BA,29023,Seabra,1261,0,0,16,1,42,any_uf,12.688342585249801,0.7930214115781126,33.30689928628073
293290,Valença - BA,365.23,17.799999999999997,61.4418039632526,BA,29030,Valença,7278,2,2,13,4,626,any_uf,1.7862050013740038,0.5496015388843088,86.01264083539434
293300,Valente - BA,381.35,14.799999999999995,47.06664892909405,BA,29016,Serrinha,1434,0,0,27,9,45,any_uf,18.828451882845187,6.2761506276150625,31.380753138075313
293305,Várzea da Roça - BA,224.94,26.0,19.177110427997164,BA,29011,Itaberaba,740,0,0,9,3,13,any_uf,12.162162162162161,4.054054054054054,17.56756756756757
293310,Várzea do Poço - BA,291.3,21.90000000000001,19.957310565635005,BA,29010,Jacobina,620,2,0,3,1,8,any_uf,4.838709677419355,1.6129032258064515,12.903225806451612
293315,Várzea Nova - BA,231.22,21.0,34.753763715233475,BA,29010,Jacobina,989,0,0,21,7,32,any_uf,21.23356926188069,7.077856420626896,32.355915065722954
293317,Varzedo - BA,294.14,23.700000000000003,28.21927888153054,BA,29020,Santo Antônio de Jesus,649,0,0,23,2,27,any_uf,35.43913713405239,3.0816640986132513,41.60246533127889
293320,Vera Cruz - BA,385.38,10.099999999999994,25.35534939143757,BA,29021,Salvador,2172,0,1,27,4,41,any_uf,12.430939226519337,1.8416206261510129,18.876611418047883
293325,Vereda - BA,268.91,27.5,29.803545759463344,BA,29032,Porto Seguro,375,0,0,1,0,2,any_uf,2.6666666666666665,0.0,5.333333333333333
293330,Vitória da Conquista - BA,543.45,12.5,59.749016886421465,BA,29028,Vitória da Conquista,26956,8,9,729,404,1247,any_uf,27.044071820744918,14.987386852648761,46.26057278527971
293340,Wagner - BA,278.49,19.200000000000003,1.0971149939049167,BA,29023,Seabra,785,0,0,5,1,7,any_uf,6.369426751592357,1.2738853503184713,8.9171974522293
293345,Wanderley - BA,271.47,22.0,1.343624928530589,BA,29002,Cotegipe,762,0,0,4,1,10,any_uf,5.2493438320209975,1.3123359580052494,13.123359580052494
293350,Wenceslau Guimarães - BA,255.81,27.8,28.15146985550573,BA,29031,Ilhéus-Itabuna,1941,0,1,6,10,42,any_uf,3.091190108191654,5.151983513652756,21.638330757341578
293360,Xique-Xique - BA,260.99,20.5,37.83783783783784,BA,29006,Barra,4367,3,0,9,4,107,any_uf,2.060911380810625,0.9159606136936111,24.501946416304097
210005,Açailândia - MA,423.91,16.0,13.051229806432834,MA,21009,Imperatriz,8073,0,0,58,17,102,same_uf,7.184441967050662,2.1057847144803667,12.6347082868822
210010,Afonso Cunha - MA,149.52,30.5,2.609363008442057,MA,21016,Coelho Neto,389,1,0,3,2,5,same_uf,7.712082262210797,5.141388174807198,12.853470437017995
210015,Água Doce do Maranhão - MA,171.24,33.599999999999994,1.502932551319648,MA,21013,Baixo Parnaíba Maranhense,129,0,0,1,0,1,same_uf,7.751937984496124,0.0,7.751937984496124
210020,Alcântara - MA,206.57,20.599999999999994,6.585446163977609,MA,21001,Litoral Ocidental Maranhense,799,0,0,5,0,11,same_uf,6.257822277847309,0.0,13.76720901126408
210030,Aldeias Altas - MA,172.13,35.099999999999994,8.88351192533702,MA,21016,Coelho Neto,2079,0,0,33,57,96,same_uf,15.873015873015873,27.417027417027416,46.17604617604618
210040,Altamira do Maranhão - MA,159.62,30.200000000000003,4.212523719165086,MA,21008,Pindaré,164,0,0,2,0,2,same_uf,12.195121951219512,0.0,12.195121951219512
210043,Alto Alegre do Maranhão - MA,169.94,26.40000000000001,21.371174559753804,MA,21015,Codó,1496,0,0,6,152,162,same_uf,4.010695187165775,101.60427807486631,108.28877005347593
210047,Alto Alegre do Pindaré - MA,138.74,28.099999999999994,9.529702970297029,MA,21008,Pindaré,2371,0,0,6,5,15,same_uf,2.5305778152678196,2.108814846056516,6.326444538169548
210050,Alto Parnaíba - MA,549.49,19.3,2.465857359635812,MA,21020,Gerais de Balsas,609,0,0,2,2,10,same_uf,3.284072249589491,3.284072249589491,16.420361247947454
210055,Amapá do Maranhão - MA,180.93,30.5,29.474384564204925,MA,21007,Gurupi,377,0,0,7,1,8,same_uf,18.56763925729443,2.6525198938992043,21.220159151193634
210060,Amarante do Maranhão - MA,230.13,25.8,4.124715816823644,MA,21009,Imperatriz,3525,0,0,34,8,43,same_uf,9.645390070921986,2.269503546099291,12.198581560283689
210070,Anajatuba - MA,204.0,24.599999999999994,11.047765793528503,MA,21005,Baixada Maranhense,1191,1,0,3,27,33,same_uf,2.5188916876574305,22.670025188916878,27.707808564231737
210080,Anapurus - MA,183.85,28.0,4.930847865303668,MA,21014,Chapadinha,1488,1,0,5,0,9,same_uf,3.360215053763441,0.0,6.048387096774194
210083,Apicum-Açu - MA,210.96,17.0,0.7964601769911505,MA,21001,Litoral Ocidental Maranhense,490,0,0,13,0,20,same_uf,26.53061224489796,0.0,40.816326530612244
210087,Araguanã - MA,160.05,25.40000000000001,14.862204724409448,MA,21008,Pindaré,226,0,0,1,0,5,same_uf,4.424778761061947,0.0,22.123893805309734
210090,Araioses - MA,169.2,30.700000000000003,15.383864988781582,MA,21013,Baixo Parnaíba Maranhense,1247,0,0,5,1,18,same_uf,4.0096230954290295,0.8019246190858059,14.434643143544507
210095,Arame - MA,204.74,30.200000000000003,13.436282291817,MA,21011,Alto Mearim e Grajaú,2671,0,0,0,1,2,same_uf,0.0,0.3743916136278547,0.7487832272557094
210100,Arari - MA,286.29,20.40000000000001,50.194945848375454,MA,21005,Baixada Maranhense,2009,0,0,5,0,15,same_uf,2.4888003982080638,0.0,7.466401194624191
210110,Axixá - MA,217.02,14.700000000000005,33.51669941060904,MA,21003,Rosário,509,0,0,3,2,5,same_uf,5.893909626719057,3.9292730844793713,9.82318271119843
210120,Bacabal - MA,372.72,19.599999999999994,31.113312504762632,MA,21010,Médio Mearim,9176,1,0,144,49,283,same_uf,15.693112467306015,5.34001743679163,30.841325196163904
210125,Bacabeira - MA,249.83,16.599999999999994,31.227782335247472,MA,21003,Rosário,545,0,0,4,9,15,same_uf,7.339449541284404,16.513761467889907,27.522935779816514
210130,Bacuri - MA,230.0,21.099999999999994,13.51543942992874,MA,21001,Litoral Ocidental Maranhense,872,1,0,12,0,14,same_uf,13.761467889908257,0.0,16.05504587155963
210135,Bacurituba - MA,151.55,21.700000000000003,0.572655690765927,MA,21001,Litoral Ocidental Maranhense,161,0,0,0,0,0,same_uf,0.0,0.0,0.0
210140,Balsas - MA,523.37,11.700000000000005,18.43304977205433,MA,21020,Gerais de Balsas,7882,1,0,99,28,130,same_uf,12.560263892413094,3.552397868561279,16.493275818320225
210150,Barão de Grajaú - MA,287.98,20.599999999999994,5.099449851883199,MA,21018,Chapadas do Alto Itapecuru,205,0,0,3,1,10,same_uf,14.634146341463415,4.878048780487805,48.78048780487805
210160,Barra do Corda - MA,295.01,25.0,14.117320759950076,MA,21011,Alto Mearim e Grajaú,7246,0,0,7,3,14,same_uf,0.9660502346121999,0.41402152911951423,1.9321004692243997
210170,Barreirinhas - MA,193.23,23.099999999999994,16.53342124783648,MA,21004,Lençóis Maranhenses,3958,0,0,5,8,30,same_uf,1.263264274886306,2.02122283981809,7.5795856493178375
210173,Belágua - MA,106.29,36.6,3.7154150197628457,MA,21014,Chapadinha,318,1,0,0,0,0,same_uf,0.0,0.0,0.0
210177,Bela Vista do Maranhão - MA,196.65,27.099999999999994,6.648757555406313,MA,21005,Baixada Maranhense,599,0,0,0,0,0,same_uf,0.0,0.0,0.0
210180,Benedito Leite - MA,211.79,26.700000000000003,34.178999295278366,MA,21021,Chapadas das Mangabeiras,43,0,0,2,0,2,same_uf,46.51162790697674,0.0,46.51162790697674
210190,Bequimão - MA,188.5,22.0,5.233280113535568,MA,21001,Litoral Ocidental Maranhense,1162,0,0,14,7,25,same_uf,12.048192771084338,6.024096385542169,21.514629948364888
210193,Bernardo do Mearim - MA,233.89,24.5,27.87433155080214,MA,21010,Médio Mearim,226,1,0,2,0,4,same_uf,8.849557522123893,0.0,17.699115044247787
210197,Boa Vista do Gurupi - MA,195.23,20.8,4.678040726472207,MA,21007,Gurupi,616,0,0,1,1,2,same_uf,1.6233766233766234,1.6233766233766234,3.2467532467532467
210200,Bom Jardim - MA,193.78,28.8,3.9407839866555454,MA,21008,Pindaré,3122,0,0,6,3,40,same_uf,1.9218449711723253,0.9609224855861627,12.812299807815503
210203,Bom Jesus das Selvas - MA,204.57,25.40000000000001,22.656755009696187,MA,21008,Pindaré,1683,1,0,11,6,19,same_uf,6.5359477124183005,3.5650623885918002,11.2893642305407
210207,Bom Lugar - MA,161.23,28.90000000000001,1.7897727272727273,MA,21010,Médio Mearim,708,0,0,10,6,23,same_uf,14.124293785310735,8.474576271186441,32.48587570621469
210210,Brejo - MA,196.0,27.5,19.145449962188053,MA,21014,Chapadinha,3324,2,0,4,0,9,same_uf,1.203369434416366,0.0,2.707581227436823
210215,Brejo de Areia - MA,180.63,30.5,0.3139717425431711,MA,21008,Pindaré,443,1,0,9,1,11,same_uf,20.31602708803612,2.2573363431151243,24.830699774266364
210220,Buriti - MA,151.73,27.700000000000003,5.670358736981319,MA,21014,Chapadinha,2623,2,0,16,34,58,same_uf,6.0998856271444915,12.962256957682044,22.11208539839878
210230,Buriti Bravo - MA,225.12,27.200000000000003,6.533543527763181,MA,21017,Caxias,1663,0,0,15,2,17,same_uf,9.019843656043296,1.2026458208057726,10.222489476849068
210232,Buriticupu - MA,209.85,24.599999999999994,6.738796500367328,MA,21008,Pindaré,7170,1,0,38,7,50,same_uf,5.299860529986053,0.9762900976290098,6.97350069735007
210235,Buritirana - MA,228.84,25.40000000000001,4.397350993377484,MA,21009,Imperatriz,661,0,0,7,3,10,same_uf,10.590015128593041,4.53857791225416,15.128593040847202
210237,Cachoeira Grande - MA,109.4,27.8,2.542372881355932,MA,21003,Rosário,321,0,0,2,0,5,same_uf,6.230529595015576,0.0,15.576323987538942
210240,Cajapió - MA,139.85,24.5,31.274131274131275,MA,21001,Litoral Ocidental Maranhense,448,0,0,1,0,2,same_uf,2.232142857142857,0.0,4.464285714285714
210250,Cajari - MA,131.18,20.700000000000003,4.294336118848654,MA,21005,Baixada Maranhense,668,0,0,0,1,2,same_uf,0.0,1.4970059880239521,2.9940119760479043
210255,Campestre do Maranhão - MA,349.83,18.90000000000001,2.046617396247868,MA,21019,Porto Franco,1089,0,0,24,28,55,same_uf,22.038567493112946,25.711662075298438,50.505050505050505
210260,Cândido Mendes - MA,202.93,20.599999999999994,18.869731800766285,MA,21007,Gurupi,881,0,0,1,36,37,same_uf,1.1350737797956867,40.862656072644725,41.99772985244041
210270,Cantanhede - MA,172.6,26.599999999999994,34.22448546573308,MA,21006,Itapecuru Mirim,906,0,0,2,1,66,same_uf,2.207505518763797,1.1037527593818985,72.8476821192053
210275,Capinzal do Norte - MA,194.79,29.40000000000001,9.0625,MA,21015,Codó,632,0,0,3,4,11,same_uf,4.746835443037975,6.329113924050633,17.40506329113924
210280,Carolina - MA,323.2,13.700000000000005,30.03657179201781,MA,21019,Porto Franco,1194,0,0,1,1,3,same_uf,0.8375209380234506,0.8375209380234506,2.512562814070352
210290,Carutapera - MA,219.0,17.599999999999994,20.33596837944664,MA,21007,Gurupi,768,0,0,0,2,2,same_uf,0.0,2.6041666666666665,2.6041666666666665
210300,Caxias - MA,319.79,23.8,26.843481509152035,MA,21017,Caxias,14500,0,0,244,540,843,same_uf,16.82758620689655,37.241379310344826,58.13793103448276
210310,Cedral - MA,200.77,15.799999999999995,1.7327685791297651,MA,21001,Litoral Ocidental Maranhense,716,0,0,2,0,4,same_uf,2.793296089385475,0.0,5.58659217877095
210312,Central do Maranhão - MA,182.32,24.099999999999994,7.175341081354219,MA,21001,Litoral Ocidental Maranhense,513,0,0,5,1,15,same_uf,9.746588693957115,1.949317738791423,29.239766081871345
210315,Centro do Guilherme - MA,186.51,27.0,6.74893945237177,MA,21007,Gurupi,669,1,0,8,1,11,same_uf,11.958146487294469,1.4947683109118086,16.442451420029894
210317,Centro Novo do Maranhão - MA,182.89,23.3,10.922453117080588,MA,21007,Gurupi,1155,1,0,3,3,7,same_uf,2.5974025974025974,2.5974025974025974,6.0606060606060606
210320,Chapadinha - MA,244.0,23.3,16.56938856462855,MA,21014,Chapadinha,9063,4,0,35,1,64,same_uf,3.861855897605649,0.11033873993158998,7.0616793556217585
210325,Cidelândia - MA,260.05,22.0,0.7681365576102418,MA,21009,Imperatriz,680,0,0,6,3,14,same_uf,8.823529411764707,4.411764705882353,20.58823529411765
210330,Codó - MA,266.96,27.90000000000001,24.879104528084948,MA,21015,Codó,11366,8,0,42,9,130,same_uf,3.695231391870491,0.7918352982579624,11.437620974837234
210340,Coelho Neto - MA,224.79,26.200000000000003,7.118430525557955,MA,21016,Coelho Neto,5255,0,0,70,53,138,same_uf,13.320647002854423,10.085632730732636,26.26070409134158
210350,Colinas - MA,278.42,27.5,4.649042844120328,MA,21018,Chapadas do Alto Itapecuru,4450,0,0,8,0,9,same_uf,1.797752808988764,0.0,2.0224719101123596
210355,Conceição do Lago-Açu - MA,170.69,32.8,2.4857741838873912,MA,21005,Baixada Maranhense,895,0,0,11,5,20,same_uf,12.29050279329609,5.58659217877095,22.3463687150838
210360,Coroatá - MA,220.58,28.8,20.63531922907904,MA,21015,Codó,6697,0,0,28,7,68,same_uf,4.180976556667164,1.045244139166791,10.153800209048828
210370,Cururupu - MA,272.32,15.599999999999994,2.65812270084253,MA,21001,Litoral Ocidental Maranhense,2915,2,0,35,0,48,same_uf,12.006861063464838,0.0,16.46655231560892
210375,Davinópolis - MA,259.02,22.3,20.94635322483424,MA,21009,Imperatriz,748,0,0,7,5,13,same_uf,9.358288770053475,6.684491978609626,17.379679144385026
210380,Dom Pedro - MA,282.3,21.700000000000003,17.537072856221794,MA,21012,Presidente Dutra,1742,0,0,1,62,67,same_uf,0.574052812858783,35.59127439724455,38.46153846153846
210390,Duque Bacelar - MA,161.2,30.200000000000003,38.39061190276614,MA,21016,Coelho Neto,746,0,0,24,7,31,same_uf,32.171581769437,9.383378016085791,41.55495978552279
210400,Esperantinópolis - MA,260.45,28.200000000000003,13.394342762063228,MA,21010,Médio Mearim,1819,0,0,12,3,20,same_uf,6.597031335898846,1.6492578339747115,10.995052226498077
210405,Estreito - MA,472.21,14.599999999999994,9.031903190319031,MA,21019,Porto Franco,2876,0,0,31,11,44,same_uf,10.778859527121002,3.8247566063977745,15.299026425591098
210407,Feira Nova do Maranhão - MA,187.15,16.900000000000006,9.96477101157524,MA,21020,Gerais de Balsas,285,0,0,3,0,3,same_uf,10.526315789473685,0.0,10.526315789473685
210408,Fernando Falcão - MA,106.7,34.5,0.0531632110579479,MA,21011,Alto Mearim e Grajaú,394,0,0,3,0,3,same_uf,7.614213197969543,0.0,7.614213197969543
210409,Formosa da Serra Negra - MA,154.84,16.599999999999994,1.7525773195876289,MA,21011,Alto Mearim e Grajaú,1029,0,0,1,3,5,same_uf,0.9718172983479106,2.9154518950437316,4.859086491739553
210410,Fortaleza dos Nogueiras - MA,266.47,13.900000000000006,3.333333333333333,MA,21021,Chapadas das Mangabeiras,1021,0,0,14,3,18,same_uf,13.712047012732615,2.9382957884427032,17.62977473065622
210420,Fortuna - MA,251.02,27.3,3.5914416709118697,MA,21012,Presidente Dutra,1411,0,0,6,1,10,same_uf,4.252303330970943,0.7087172218284904,7.087172218284905
210430,Godofredo Viana - MA,222.04,15.400000000000006,27.49293500201857,MA,21007,Gurupi,150,0,0,1,0,1,same_uf,6.666666666666667,0.0,6.666666666666667
210440,Gonçalves Dias - MA,231.09,32.0,3.2901952182496164,MA,21012,Presidente Dutra,1268,0,0,2,40,45,same_uf,1.5772870662460567,31.545741324921135,35.488958990536275
210450,Governador Archer - MA,233.45,28.599999999999994,8.886301901435779,MA,21012,Presidente Dutra,571,0,0,4,1,6,same_uf,7.005253940455342,1.7513134851138354,10.507880910683012
210455,Governador Edison Lobão - MA,306.58,17.700000000000003,33.45111896348646,MA,21009,Imperatriz,878,0,0,13,8,23,same_uf,14.806378132118452,9.111617312072893,26.195899772209568
210460,Governador Eugênio Barros - MA,240.42,33.2,2.1728515625,MA,21012,Presidente Dutra,1067,0,0,9,8,19,same_uf,8.434864104967199,7.497656982193065,17.80693533270853
210462,Governador Luiz Rocha - MA,185.16,27.599999999999994,19.23890063424947,MA,21012,Presidente Dutra,493,0,0,5,4,9,same_uf,10.141987829614605,8.113590263691684,18.255578093306287
210465,Governador Newton Bello - MA,188.57,33.2,2.823861630780092,MA,21008,Pindaré,489,0,0,2,0,4,same_uf,4.08997955010225,0.0,8.1799591002045
210467,Governador Nunes Freire - MA,226.35,23.0,39.9140154772141,MA,21007,Gurupi,2996,1,0,18,4,22,same_uf,6.008010680907877,1.335113484646195,7.343124165554072
210470,Graça Aranha - MA,220.89,27.40000000000001,3.4746760895170787,MA,21012,Presidente Dutra,469,0,0,2,0,3,same_uf,4.264392324093817,0.0,6.3965884861407245
210480,Grajaú - MA,333.24,20.8,5.056330472103005,MA,21011,Alto Mearim e Grajaú,7888,5,0,42,32,97,same_uf,5.324543610547668,4.056795131845842,12.297160243407708
210490,Guimarães - MA,221.64,14.400000000000006,2.5255562236921225,MA,21001,Litoral Ocidental Maranhense,805,0,0,10,17,28,same_uf,12.422360248447205,21.11801242236025,34.78260869565217
210500,Humberto de Campos - MA,119.93,21.700000000000003,9.666548421426038,MA,21004,Lençóis Maranhenses,1935,0,0,3,1,10,same_uf,1.550387596899225,0.5167958656330749,5.167958656330749
210510,Icatu - MA,151.8,19.200000000000003,4.830332409972299,MA,21003,Rosário,1132,0,0,3,25,32,same_uf,2.65017667844523,22.084805653710248,28.268551236749115
210515,Igarapé do Meio - MA,212.9,26.200000000000003,1.2926748425588332,MA,21005,Baixada Maranhense,895,1,0,1,1,2,same_uf,1.1173184357541899,1.1173184357541899,2.2346368715083798
210520,Igarapé Grande - MA,287.26,26.0,17.758318739054292,MA,21010,Médio Mearim,713,1,0,6,2,9,same_uf,8.415147265077138,2.805049088359046,12.622720897615709
210530,Imperatriz - MA,605.7,10.0,49.95551406776448,MA,21009,Imperatriz,14914,0,0,247,153,445,same_uf,16.561619954405256,10.258817218720665,29.83773635510259
210535,Itaipava do Grajaú - MA,135.19,31.40000000000001,3.048780487804878,MA,21011,Alto Mearim e Grajaú,427,0,0,1,0,3,same_uf,2.34192037470726,0.0,7.02576112412178
210540,Itapecuru Mirim - MA,209.06,24.3,31.872890530471885,MA,21006,Itapecuru Mirim,6680,0,0,21,33,88,same_uf,3.143712574850299,4.940119760479042,13.173652694610778
210542,Itinga do Maranhão - MA,323.81,21.099999999999994,8.38368580060423,MA,21009,Imperatriz,1594,1,0,17,13,32,same_uf,10.664993726474279,8.155583437892096,20.075282308657467
210545,Jatobá - MA,203.56,29.0,31.3844714686623,MA,21018,Chapadas do Alto Itapecuru,173,0,0,0,0,0,same_uf,0.0,0.0,0.0
210547,Jenipapo dos Vieiras - MA,125.08,32.0,2.638812534359538,MA,21011,Alto Mearim e Grajaú,678,0,0,0,0,0,same_uf,0.0,0.0,0.0
210550,João Lisboa - MA,292.63,20.3,7.202369931494168,MA,21009,Imperatriz,1406,0,0,16,7,29,same_uf,11.379800853485063,4.978662873399715,20.62588904694168
210560,Joselândia - MA,218.3,31.099999999999994,2.862254025044723,MA,21011,Alto Mearim e Grajaú,1065,0,0,1,24,41,same_uf,0.9389671361502347,22.535211267605632,38.497652582159624
210565,Junco do Maranhão - MA,237.86,23.8,51.419878296146045,MA,21007,Gurupi,565,1,0,6,0,7,same_uf,10.619469026548673,0.0,12.389380530973451
210570,Lago da Pedra - MA,257.12,28.0,18.16194473592165,MA,21008,Pindaré,4708,2,0,6,12,22,same_uf,1.274426508071368,2.548853016142736,4.672897196261682
210580,Lago do Junco - MA,225.51,29.3,20.40107983031238,MA,21010,Médio Mearim,484,0,0,0,1,1,same_uf,0.0,2.0661157024793386,2.0661157024793386
210590,Lago Verde - MA,187.03,29.599999999999994,12.214983713355048,MA,21010,Médio Mearim,1252,0,0,6,11,24,same_uf,4.792332268370607,8.78594249201278,19.169329073482427
210592,Lagoa do Mato - MA,208.7,29.599999999999994,1.2667660208643816,MA,21018,Chapadas do Alto Itapecuru,321,0,0,0,0,0,same_uf,0.0,0.0,0.0
210594,Lago dos Rodrigues - MA,248.93,26.90000000000001,0.9218825812712276,MA,21010,Médio Mearim,493,2,0,0,0,0,same_uf,0.0,0.0,0.0
210596,Lagoa Grande do Maranhão - MA,153.18,32.599999999999994,3.9933444259567374,MA,21008,Pindaré,648,0,0,2,1,3,same_uf,3.0864197530864197,1.5432098765432098,4.62962962962963
210598,Lajeado Novo - MA,255.2,17.099999999999994,5.843801201529219,MA,21009,Imperatriz,483,0,0,13,9,25,same_uf,26.91511387163561,18.633540372670808,51.75983436853002
210600,Lima Campos - MA,290.78,28.8,9.190715181932246,MA,21010,Médio Mearim,744,0,0,4,21,27,same_uf,5.376344086021505,28.225806451612904,36.29032258064516
210610,Loreto - MA,197.36,20.099999999999994,13.97003745318352,MA,21021,Chapadas das Mangabeiras,630,0,0,6,0,6,same_uf,9.523809523809524,0.0,9.523809523809524
210620,Luís Domingues - MA,230.3,17.700000000000003,35.853812224322624,MA,21007,Gurupi,134,0,0,1,0,1,same_uf,7.462686567164179,0.0,7.462686567164179
210630,Magalhães de Almeida - MA,178.1,28.0,20.524233432245303,MA,21013,Baixo Parnaíba Maranhense,1129,0,0,12,0,12,same_uf,10.628875110717448,0.0,10.628875110717448
210632,Maracaçumé - MA,232.64,23.3,41.23644251626898,MA,21007,Gurupi,1880,0,0,11,1,12,same_uf,5.851063829787234,0.5319148936170213,6.382978723404255
210635,Marajá do Sena - MA,95.59,36.6,7.390562819783968,MA,21008,Pindaré,301,0,0,1,1,2,same_uf,3.3222591362126246,3.3222591362126246,6.644518272425249
210637,Maranhãozinho - MA,173.43,25.599999999999994,44.13570274636511,MA,21007,Gurupi,726,1,0,4,1,6,same_uf,5.509641873278237,1.3774104683195592,8.264462809917354
210640,Mata Roma - MA,154.03,26.5,15.521628498727736,MA,21014,Chapadinha,1663,2,0,4,1,8,same_uf,2.4052916416115453,0.6013229104028863,4.810583283223091
210650,Matinha - MA,261.43,17.599999999999994,10.1506456241033,MA,21005,Baixada Maranhense,1473,0,0,1,0,4,same_uf,0.6788866259334692,0.0,2.7155465037338766
210660,Matões - MA,199.69,32.5,4.663417204584376,MA,21017,Caxias,1855,0,0,12,127,155,same_uf,6.46900269541779,68.46361185983828,83.55795148247978
210663,Matões do Norte - MA,132.08,31.200000000000003,2.4120205614867536,MA,21006,Itapecuru Mirim,216,0,0,1,13,14,same_uf,4.62962962962963,60.18518518518518,64.81481481481481
210667,Milagres do Maranhão - MA,144.42,32.400000000000006,9.894385769872152,MA,21014,Chapadinha,352,1,0,0,0,1,same_uf,0.0,0.0,2.840909090909091
210670,Mirador - MA,159.65,27.099999999999994,2.5321625484990813,MA,21018,Chapadas do Alto Itapecuru,1190,1,0,2,0,2,same_uf,1.680672268907563,0.0,1.680672268907563
210675,Miranda do Norte - MA,241.81,18.90000000000001,6.506256015399423,MA,21006,Itapecuru Mirim,971,0,0,18,5,25,same_uf,18.537590113285273,5.1493305870236865,25.746652935118433
210680,Mirinzal - MA,236.02,15.099999999999994,3.666102650874224,MA,21001,Litoral Ocidental Maranhense,871,0,0,3,0,3,same_uf,3.444316877152698,0.0,3.444316877152698
210690,Monção - MA,174.12,25.099999999999994,7.600695838351398,MA,21005,Baixada Maranhense,1722,1,0,3,0,6,same_uf,1.7421602787456445,0.0,3.484320557491289
210700,Montes Altos - MA,213.09,17.700000000000003,5.611390284757119,MA,21009,Imperatriz,546,0,0,10,3,17,same_uf,18.315018315018314,5.4945054945054945,31.135531135531135
210710,Morros - MA,162.03,28.099999999999994,3.2873806998939554,MA,21003,Rosário,1167,0,0,14,1,22,same_uf,11.996572407883463,0.856898029134533,18.851756640959724
210720,Nina Rodrigues - MA,147.14,26.099999999999994,7.125984251968504,MA,21006,Itapecuru Mirim,817,0,0,6,0,13,same_uf,7.343941248470013,0.0,15.911872705018359
210725,Nova Colinas - MA,180.01,19.8,0.5892255892255892,MA,21021,Chapadas das Mangabeiras,186,0,0,2,1,3,same_uf,10.75268817204301,5.376344086021505,16.129032258064516
210730,Nova Iorque - MA,256.28,28.200000000000003,15.07870753935377,MA,21018,Chapadas do Alto Itapecuru,211,0,0,0,2,2,same_uf,0.0,9.47867298578199,9.47867298578199
210735,Nova Olinda do Maranhão - MA,219.95,24.599999999999994,2.475138121546961,MA,21008,Pindaré,481,0,0,2,1,6,same_uf,4.158004158004158,2.079002079002079,12.474012474012474
210740,Olho d'Água das Cunhãs - MA,241.95,31.8,12.994233937397034,MA,21010,Médio Mearim,631,0,0,8,3,12,same_uf,12.678288431061807,4.754358161648177,19.01743264659271
210745,Olinda Nova do Maranhão - MA,169.5,23.90000000000001,7.885854556612458,MA,21005,Baixada Maranhense,720,0,0,2,1,4,same_uf,2.7777777777777777,1.3888888888888888,5.555555555555555
210750,Paço do Lumiar - MA,422.47,5.5,55.19288928228959,MA,21002,Aglomeração Urbana de São Luís,7152,1,0,71,25,160,same_uf,9.927293064876958,3.495525727069351,22.371364653243848
210760,Palmeirândia - MA,165.92,23.90000000000001,3.476854659389529,MA,21005,Baixada Maranhense,1264,1,0,8,43,57,same_uf,6.329113924050633,34.01898734177215,45.09493670886076
210770,Paraibano - MA,266.86,27.099999999999994,5.862329803328291,MA,21018,Chapadas do Alto Itapecuru,1056,1,0,1,2,24,same_uf,0.946969696969697,1.893939393939394,22.727272727272727
210780,Parnarama - MA,181.17,33.099999999999994,1.3646351335723372,MA,21017,Caxias,1677,0,0,20,48,80,same_uf,11.926058437686345,28.622540250447226,47.70423375074538
210790,Passagem Franca - MA,207.73,32.2,1.7513134851138354,MA,21018,Chapadas do Alto Itapecuru,1500,3,0,1,0,2,same_uf,0.6666666666666666,0.0,1.3333333333333333
210800,Pastos Bons - MA,224.25,21.8,4.863481228668942,MA,21018,Chapadas do Alto Itapecuru,1723,0,0,0,4,5,same_uf,0.0,2.321532211259431,2.901915264074289
210805,Paulino Neves - MA,158.01,27.099999999999994,16.814764183185236,MA,21004,Lençóis Maranhenses,558,0,0,7,0,10,same_uf,12.544802867383513,0.0,17.921146953405017
210810,Paulo Ramos - MA,230.23,33.5,2.5042087542087543,MA,21008,Pindaré,1745,0,0,2,3,8,same_uf,1.146131805157593,1.7191977077363896,4.584527220630372
210820,Pedreiras - MA,431.08,17.900000000000006,41.32744194791765,MA,21010,Médio Mearim,3222,0,0,60,26,98,same_uf,18.6219739292365,8.069522036002484,30.41589075108628
210825,Pedro do Rosário - MA,153.9,26.90000000000001,4.063969896519285,MA,21005,Baixada Maranhense,1283,2,0,12,60,79,same_uf,9.353078721745907,46.76539360872954,61.57443491816056
210830,Penalva - MA,201.51,19.0,5.264493213243689,MA,21005,Baixada Maranhense,2706,1,0,15,2,22,same_uf,5.5432372505543235,0.7390983000739099,8.130081300813009
210840,Peri Mirim - MA,185.19,20.599999999999994,13.2017787659811,MA,21005,Baixada Maranhense,622,2,0,12,6,26,same_uf,19.292604501607716,9.646302250803858,41.80064308681672
210845,Peritoró - MA,171.69,33.8,10.338043283849045,MA,21015,Codó,1814,1,0,8,4,15,same_uf,4.410143329658214,2.205071664829107,8.26901874310915
210850,Pindaré-Mirim - MA,268.42,18.40000000000001,7.3768377611555325,MA,21008,Pindaré,2513,0,0,2,0,6,same_uf,0.7958615200955034,0.0,2.38758456028651
210860,Pinheiro - MA,288.1,16.400000000000006,50.71303990971581,MA,21005,Baixada Maranhense,7177,5,0,120,64,222,same_uf,16.720078027030794,8.917374947749757,30.93214435000697
210870,Pio XII - MA,219.7,28.700000000000003,1.983317886932345,MA,21010,Médio Mearim,2069,1,0,5,1,46,same_uf,2.416626389560174,0.4833252779120348,22.2329627839536
210880,Pirapemas - MA,178.12,27.40000000000001,13.61344537815126,MA,21006,Itapecuru Mirim,1078,0,0,2,6,8,same_uf,1.8552875695732838,5.565862708719852,7.421150278293135
210890,Poção de Pedras - MA,230.52,28.90000000000001,23.60037700282752,MA,21010,Médio Mearim,1380,0,0,3,8,14,same_uf,2.1739130434782608,5.797101449275362,10.144927536231885
210900,Porto Franco - MA,490.91,14.0,3.117803365810452,MA,21019,Porto Franco,1988,0,0,36,44,101,same_uf,18.10865191146881,22.132796780684103,50.80482897384306
210905,Porto Rico do Maranhão - MA,226.4,14.099999999999994,31.15384615384616,MA,21001,Litoral Ocidental Maranhense,160,0,0,4,1,7,same_uf,25.0,6.25,43.75
210910,Presidente Dutra - MA,386.09,19.8,23.29192546583851,MA,21012,Presidente Dutra,3614,0,0,23,118,156,same_uf,6.3641394576646375,32.6508024349751,43.16546762589928
210920,Presidente Juscelino - MA,132.33,25.599999999999994,19.04379268782644,MA,21003,Rosário,572,0,0,3,0,10,same_uf,5.244755244755245,0.0,17.482517482517483
210923,Presidente Médici - MA,190.71,23.0,51.52749490835031,MA,21008,Pindaré,441,0,0,2,1,3,same_uf,4.535147392290249,2.2675736961451247,6.802721088435374
210927,Presidente Sarney - MA,163.62,27.5,2.244948865053629,MA,21005,Baixada Maranhense,1159,4,0,9,9,20,same_uf,7.765314926660914,7.765314926660914,17.25625539257981
210930,Presidente Vargas - MA,147.09,26.40000000000001,4.938271604938271,MA,21006,Itapecuru Mirim,434,0,0,5,2,11,same_uf,11.52073732718894,4.608294930875576,25.34562211981567
210940,Primeira Cruz - MA,127.59,24.599999999999994,7.279436430727943,MA,21004,Lençóis Maranhenses,283,0,0,3,0,7,same_uf,10.60070671378092,0.0,24.73498233215548
210945,Raposa - MA,261.27,14.099999999999994,17.46031746031746,MA,21002,Aglomeração Urbana de São Luís,2480,0,0,14,13,39,same_uf,5.645161290322581,5.241935483870968,15.725806451612904
210950,Riachão - MA,250.92,18.0,10.289937464468448,MA,21020,Gerais de Balsas,1729,1,0,6,3,23,same_uf,3.470213996529786,1.735106998264893,13.302486986697513
210955,Ribamar Fiquene - MA,299.75,19.90000000000001,20.83333333333333,MA,21009,Imperatriz,506,0,0,9,5,17,same_uf,17.786561264822133,9.881422924901186,33.59683794466403
210960,Rosário - MA,266.84,16.700000000000003,7.508460236886632,MA,21003,Rosário,2612,0,0,11,3,39,same_uf,4.211332312404288,1.1485451761102603,14.931087289433384
210970,Sambaíba - MA,232.11,19.5,16.216216216216218,MA,21021,Chapadas das Mangabeiras,209,0,0,3,0,3,same_uf,14.354066985645932,0.0,14.354066985645932
210975,Santa Filomena do Maranhão - MA,132.4,28.599999999999994,10.67351598173516,MA,21011,Alto Mearim e Grajaú,435,0,0,0,0,2,same_uf,0.0,0.0,4.597701149425287
210980,Santa Helena - MA,216.37,21.40000000000001,4.505220154334998,MA,21005,Baixada Maranhense,3129,1,0,54,16,82,same_uf,17.25790987535954,5.113454777884308,26.20645573665708
210990,Santa Inês - MA,398.2,16.099999999999994,36.05764485243313,MA,21008,Pindaré,6881,0,0,4,4,15,same_uf,0.5813108559802355,0.5813108559802355,2.179915709925883
211000,Santa Luzia - MA,201.99,30.0,9.722699667697947,MA,21008,Pindaré,6009,0,0,92,67,175,same_uf,15.310367781660842,11.149941754035613,29.1229821933766
211003,Santa Luzia do Paruá - MA,297.07,21.5,14.636871508379889,MA,21008,Pindaré,1416,1,0,8,0,15,same_uf,5.649717514124294,0.0,10.59322033898305
211010,Santa Quitéria do Maranhão - MA,168.13,30.5,3.209565764631844,MA,21013,Baixo Parnaíba Maranhense,2562,0,0,10,1,27,same_uf,3.9032006245121,0.39032006245121,10.53864168618267
211020,Santa Rita - MA,238.52,20.3,13.713852759186766,MA,21003,Rosário,2547,1,0,1,100,107,same_uf,0.39261876717707106,39.2618767177071,42.0102080879466
211023,Santana do Maranhão - MA,126.07,30.3,8.152610441767068,MA,21013,Baixo Parnaíba Maranhense,295,0,0,0,0,2,same_uf,0.0,0.0,6.779661016949152
211027,Santo Amaro do Maranhão - MA,134.61,21.40000000000001,0.9241432422025414,MA,21004,Lençóis Maranhenses,370,0,0,0,0,0,same_uf,0.0,0.0,0.0
211030,Santo Antônio dos Lopes - MA,234.77,27.700000000000003,5.172413793103448,MA,21010,Médio Mearim,761,0,0,5,4,10,same_uf,6.570302233902759,5.256241787122208,13.140604467805518
211040,São Benedito do Rio Preto - MA,144.68,28.599999999999994,21.63817300331717,MA,21014,Chapadinha,1891,1,0,10,2,22,same_uf,5.288207297726071,1.0576414595452142,11.634056054997355
211050,São Bento - MA,204.07,18.099999999999994,10.25455298013245,MA,21005,Baixada Maranhense,2734,0,0,15,5,21,same_uf,5.4864667154352595,1.8288222384784198,7.681053401609364
211060,São Bernardo - MA,195.15,26.700000000000003,11.435406698564591,MA,21013,Baixo Parnaíba Maranhense,2317,0,0,2,0,11,same_uf,0.8631851532153647,0.0,4.747518342684506
211065,São Domingos do Azeitão - MA,285.31,28.099999999999994,1.1911852293031566,MA,21021,Chapadas das Mangabeiras,144,0,0,0,0,0,same_uf,0.0,0.0,0.0
211070,São Domingos do Maranhão - MA,230.0,24.599999999999994,19.85559566787004,MA,21012,Presidente Dutra,2860,0,0,22,22,52,same_uf,7.6923076923076925,7.6923076923076925,18.181818181818183
211080,São Félix de Balsas - MA,195.57,27.0,0.99009900990099,MA,21021,Chapadas das Mangabeiras,159,0,0,2,0,3,same_uf,12.578616352201259,0.0,18.867924528301888
211085,São Francisco do Brejão - MA,245.8,23.90000000000001,9.077325364213673,MA,21009,Imperatriz,378,0,0,10,4,17,same_uf,26.455026455026456,10.582010582010582,44.973544973544975
211090,São Francisco do Maranhão - MA,179.36,33.3,1.1560693641618498,MA,21018,Chapadas do Alto Itapecuru,165,0,0,0,0,4,same_uf,0.0,0.0,24.242424242424242
211100,São João Batista - MA,168.96,19.90000000000001,23.049575350582657,MA,21005,Baixada Maranhense,1072,1,0,2,0,5,same_uf,1.8656716417910448,0.0,4.664179104477612
211102,São João do Carú - MA,164.5,31.099999999999994,1.2265235722499042,MA,21008,Pindaré,739,0,0,0,1,2,same_uf,0.0,1.3531799729364005,2.706359945872801
211105,São João do Paraíso - MA,248.81,19.700000000000003,2.5052192066805845,MA,21019,Porto Franco,818,0,0,13,11,26,same_uf,15.89242053789731,13.447432762836186,31.78484107579462
211107,São João do Soter - MA,162.23,36.0,2.699530516431925,MA,21017,Caxias,1056,0,0,17,28,47,same_uf,16.098484848484848,26.515151515151516,44.50757575757576
211110,São João dos Patos - MA,352.91,22.0,1.212034792528162,MA,21018,Chapadas do Alto Itapecuru,1410,0,0,6,57,68,same_uf,4.25531914893617,40.42553191489362,48.226950354609926
211120,São José de Ribamar - MA,419.96,6.200000000000003,45.71448710117006,MA,21002,Aglomeração Urbana de São Luís,10560,3,0,44,24,157,same_uf,4.166666666666667,2.272727272727273,14.867424242424242
211125,São José dos Basílios - MA,178.84,29.3,1.980728051391863,MA,21012,Presidente Dutra,522,0,0,0,0,1,same_uf,0.0,0.0,1.9157088122605364
211130,São Luís - MA,770.52,4.5,66.45196017513692,MA,21002,Aglomeração Urbana de São Luís,83773,7,0,615,445,1596,same_uf,7.341267472813437,5.3119740250438685,19.051484368471943
211140,São Luís Gonzaga do Maranhão - MA,179.31,32.5,8.990053557765876,MA,21010,Médio Mearim,1714,2,0,10,6,19,same_uf,5.834305717619603,3.500583430571762,11.085180863477246
211150,São Mateus do Maranhão - MA,358.56,29.099999999999994,7.489300998573467,MA,21010,Médio Mearim,3107,1,0,5,755,768,same_uf,1.60926939169617,242.99967814612165,247.1837785645317
211153,São Pedro da Água Branca - MA,286.19,25.099999999999994,3.98406374501992,MA,21009,Imperatriz,363,0,0,8,3,11,same_uf,22.038567493112946,8.264462809917354,30.303030303030305
211157,São Pedro dos Crentes - MA,252.69,17.200000000000003,0.2714932126696832,MA,21019,Porto Franco,48,0,0,0,3,4,same_uf,0.0,62.5,83.33333333333333
211160,São Raimundo das Mangabeiras - MA,295.03,17.799999999999997,5.543037404236142,MA,21021,Chapadas das Mangabeiras,1220,0,0,4,6,11,same_uf,3.278688524590164,4.918032786885246,9.01639344262295
211163,São Raimundo do Doca Bezerra - MA,151.73,34.2,13.896848137535816,MA,21010,Médio Mearim,285,0,0,1,0,1,same_uf,3.508771929824561,0.0,3.508771929824561
211167,São Roberto - MA,151.37,32.599999999999994,24.316109422492403,MA,21010,Médio Mearim,323,0,0,1,0,1,same_uf,3.0959752321981426,0.0,3.0959752321981426
211170,São Vicente Ferrer - MA,178.37,24.700000000000003,4.335990666925919,MA,21005,Baixada Maranhense,2122,0,0,21,50,79,same_uf,9.896324222431668,23.5626767200754,37.22902921771913
211172,Satubinha - MA,124.34,26.40000000000001,4.004805766920304,MA,21010,Médio Mearim,483,0,0,1,5,8,same_uf,2.070393374741201,10.351966873706004,16.563146997929607
211174,Senador Alexandre Costa - MA,201.12,31.200000000000003,2.247191011235955,MA,21012,Presidente Dutra,780,0,0,7,17,27,same_uf,8.974358974358974,21.794871794871796,34.61538461538461
211176,Senador La Rocque - MA,269.97,27.40000000000001,18.31639416703491,MA,21009,Imperatriz,1120,0,0,8,7,20,same_uf,7.142857142857143,6.25,17.857142857142858
211178,Serrano do Maranhão - MA,120.33,30.5,0.6578947368421053,MA,21001,Litoral Ocidental Maranhense,489,0,0,5,0,7,same_uf,10.224948875255624,0.0,14.314928425357873
211180,Sítio Novo - MA,187.2,19.200000000000003,3.561844352281044,MA,21011,Alto Mearim e Grajaú,949,0,0,15,5,22,same_uf,15.806111696522656,5.268703898840885,23.182297154899896
211190,Sucupira do Norte - MA,208.62,23.90000000000001,1.2222222222222223,MA,21018,Chapadas do Alto Itapecuru,249,0,0,1,0,2,same_uf,4.016064257028113,0.0,8.032128514056225
211195,Sucupira do Riachão - MA,222.76,30.200000000000003,0.9075907590759076,MA,21018,Chapadas do Alto Itapecuru,246,0,0,2,4,6,same_uf,8.130081300813009,16.260162601626018,24.390243902439025
211200,Tasso Fragoso - MA,261.31,16.0,1.9111570247933884,MA,21020,Gerais de Balsas,473,0,0,5,3,8,same_uf,10.570824524312897,6.342494714587738,16.913319238900634
211210,Timbiras - MA,171.6,34.599999999999994,14.875401314783671,MA,21015,Codó,2133,0,0,8,2,18,same_uf,3.750586029067042,0.9376465072667605,8.438818565400844
211220,Timon - MA,356.75,16.099999999999994,38.24931459480821,MA,21017,Caxias,9049,0,0,102,371,514,same_uf,11.271963752900874,40.99900541496298,56.80185655873577
211223,Trizidela do Vale - MA,261.23,22.599999999999994,15.46452371618973,MA,21010,Médio Mearim,1173,1,0,10,10,29,same_uf,8.525149190110827,8.525149190110827,24.722932651321397
211227,Tufilândia - MA,177.2,30.3,5.243991260014567,MA,21008,Pindaré,334,0,0,0,0,0,same_uf,0.0,0.0,0.0
211230,Tuntum - MA,212.73,27.200000000000003,12.03872328189399,MA,21011,Alto Mearim e Grajaú,3301,0,0,5,6,16,same_uf,1.514692517418964,1.8176310209027566,4.847016055740685
211240,Turiaçu - MA,169.77,23.700000000000003,7.315505271277964,MA,21007,Gurupi,3040,0,0,4,1,13,same_uf,1.3157894736842106,0.32894736842105265,4.276315789473684
211245,Turilândia - MA,172.79,29.0,6.416906820365034,MA,21007,Gurupi,874,0,0,9,4,17,same_uf,10.297482837528603,4.576659038901602,19.450800915331808
211250,Tutóia - MA,233.11,26.700000000000003,3.5288928098809,MA,21004,Lençóis Maranhenses,4652,0,0,18,0,24,same_uf,3.869303525365434,0.0,5.159071367153913
211260,Urbano Santos - MA,180.98,27.599999999999994,19.49589459614283,MA,21014,Chapadinha,2965,0,0,15,6,27,same_uf,5.059021922428331,2.0236087689713322,9.106239460370995
211270,Vargem Grande - MA,161.21,29.599999999999994,20.034246575342465,MA,21006,Itapecuru Mirim,4084,2,0,82,18,121,same_uf,20.078354554358473,4.407443682664055,29.627815866797256
211280,Viana - MA,268.67,16.5,29.773410216843985,MA,21005,Baixada Maranhense,3942,1,0,2,1,5,same_uf,0.5073566717402334,0.2536783358701167,1.2683916793505834
211285,Vila Nova dos Martírios - MA,247.24,25.3,0.986842105263158,MA,21009,Imperatriz,501,0,0,4,4,8,same_uf,7.984031936127744,7.984031936127744,15.968063872255488
211290,Vitória do Mearim - MA,228.7,23.0,19.26593348350337,MA,21005,Baixada Maranhense,2542,0,0,1,1,6,same_uf,0.3933910306845004,0.3933910306845004,2.3603461841070024
211300,Vitorino Freire - MA,262.02,29.599999999999994,10.823615160349854,MA,21008,Pindaré,2091,0,0,3,0,6,same_uf,1.4347202295552368,0.0,2.8694404591104736
211400,Zé Doca - MA,253.97,21.8,9.681764606836168,MA,21008,Pindaré,4044,0,0,8,6,53,same_uf,1.9782393669634026,1.4836795252225519,13.105835806132543
220005,Acauã - PI,198.92,27.5,1.4384656366542354,PI,22015,Alto Médio Canindé,338,0,0,2,0,2,same_uf,5.9171597633136095,0.0,5.9171597633136095
220010,Agricolândia - PI,237.0,24.90000000000001,56.03392041748206,PI,22005,Médio Parnaíba Piauiense,354,0,0,18,15,33,same_uf,50.847457627118644,42.3728813559322,93.22033898305085
220020,Água Branca - PI,326.68,21.8,2.1172983273343213,PI,22005,Médio Parnaíba Piauiense,1319,1,0,49,64,119,same_uf,37.14935557240334,48.52160727824109,90.21986353297953
220025,Alagoinha do Piauí - PI,213.52,41.6,7.378129117259552,PI,22014,Pio IX,499,0,0,12,10,22,same_uf,24.04809619238477,20.04008016032064,44.08817635270541
220027,Alegrete do Piauí - PI,263.16,31.90000000000001,2.217741935483871,PI,22014,Pio IX,366,0,0,6,0,6,same_uf,16.39344262295082,0.0,16.39344262295082
220030,Alto Longá - PI,268.0,29.8,4.288597376387488,PI,22004,Campo Maior,777,0,0,20,28,54,same_uf,25.74002574002574,36.03603603603604,69.4980694980695
220040,Altos - PI,305.67,24.0,7.404550713459313,PI,22003,Teresina,3435,0,0,143,221,387,same_uf,41.630276564774384,64.3377001455604,112.66375545851528
220045,Alvorada do Gurguéia - PI,201.78,23.3,1.082753286929621,PI,22010,Alto Médio Gurguéia,476,0,0,4,0,6,same_uf,8.403361344537815,0.0,12.605042016806722
220050,Amarante - PI,280.56,26.0,9.52478913803744,PI,22005,Médio Parnaíba Piauiense,1444,0,0,52,20,85,same_uf,36.011080332409975,13.850415512465373,58.86426592797784
220060,Angical do Piauí - PI,344.92,22.5,7.89980732177264,PI,22005,Médio Parnaíba Piauiense,451,0,0,24,22,49,same_uf,53.21507760532151,48.78048780487805,108.64745011086474
220070,Anísio de Abreu - PI,217.45,27.3,18.259851736246585,PI,22011,São Raimundo Nonato,665,0,0,10,4,17,same_uf,15.037593984962406,6.015037593984962,25.56390977443609
220080,Antônio Almeida - PI,282.25,22.40000000000001,13.379469434832757,PI,22008,Bertolínia,138,0,0,0,0,0,same_uf,0.0,0.0,0.0
220090,Aroazes - PI,261.41,28.0,1.4285714285714286,PI,22006,Valença do Piauí,393,0,0,7,4,12,same_uf,17.8117048346056,10.178117048346056,30.53435114503817
220095,Aroeiras do Itaim - PI,182.18,33.900000000000006,10.46337817638266,PI,22013,Picos,76,0,0,7,0,8,same_uf,92.10526315789474,0.0,105.26315789473684
220100,Arraial - PI,191.5,28.8,10.08,PI,22005,Médio Parnaíba Piauiense,321,0,0,6,4,12,same_uf,18.69158878504673,12.461059190031152,37.38317757009346
220105,Assunção do Piauí - PI,138.27,36.5,13.453389830508474,PI,22004,Campo Maior,351,0,0,12,4,17,same_uf,34.18803418803419,11.396011396011396,48.433048433048434
220110,Avelino Lopes - PI,211.82,21.5,1.3230074217489514,PI,22012,Chapadas do Extremo Sul Piauiense,710,0,0,5,1,7,same_uf,7.042253521126761,1.408450704225352,9.859154929577464
220115,Baixa Grande do Ribeiro - PI,212.29,18.90000000000001,2.1825396825396823,PI,22007,Alto Parnaíba Piauiense,137,0,0,3,2,5,same_uf,21.8978102189781,14.598540145985401,36.496350364963504
220117,Barra D'Alcântara - PI,205.11,28.099999999999994,0.7646559048428208,PI,22006,Valença do Piauí,257,0,0,3,0,4,same_uf,11.673151750972762,0.0,15.56420233463035
220120,Barras - PI,254.74,28.599999999999994,24.573197700132685,PI,22001,Baixo Parnaíba Piauiense,4192,1,0,123,56,189,same_uf,29.341603053435115,13.358778625954198,45.08587786259542
220130,Barreiras do Piauí - PI,252.96,20.599999999999994,0.5025125628140703,PI,22010,Alto Médio Gurguéia,116,0,0,0,3,4,same_uf,0.0,25.862068965517242,34.48275862068966
220140,Barro Duro - PI,354.46,25.40000000000001,65.99674090168386,PI,22005,Médio Parnaíba Piauiense,497,0,0,18,34,54,same_uf,36.21730382293762,68.41046277665995,108.65191146881288
220150,Batalha - PI,221.68,31.8,25.65437454808388,PI,22001,Baixo Parnaíba Piauiense,1797,0,0,41,34,93,same_uf,22.815804117974402,18.920422927100724,51.75292153589316
220155,Bela Vista do Piauí - PI,202.49,20.5,33.44017094017094,PI,22015,Alto Médio Canindé,185,0,0,5,1,7,same_uf,27.027027027027028,5.405405405405405,37.83783783783784
220157,Belém do Piauí - PI,223.71,33.3,26.90246516613076,PI,22015,Alto Médio Canindé,160,0,0,3,0,4,same_uf,18.75,0.0,25.0
220160,Beneditinos - PI,257.86,30.200000000000003,38.54768786127168,PI,22003,Teresina,699,0,0,31,43,78,same_uf,44.34907010014306,61.516452074391985,111.58798283261802
220170,Bertolínia - PI,324.92,22.8,1.2345679012345678,PI,22008,Bertolínia,340,0,0,12,0,14,same_uf,35.294117647058826,0.0,41.1764705882353
220173,Betânia do Piauí - PI,164.37,34.8,0.0633312222925902,PI,22015,Alto Médio Canindé,388,0,0,1,0,2,same_uf,2.577319587628866,0.0,5.154639175257732
220177,Boa Hora - PI,220.46,34.099999999999994,19.93421052631579,PI,22001,Baixo Parnaíba Piauiense,553,1,0,13,11,24,same_uf,23.508137432188065,19.89150090415913,43.399638336347195
220180,Bocaina - PI,361.37,21.0,23.13810556760665,PI,22013,Picos,324,0,0,22,0,22,same_uf,67.90123456790124,0.0,67.90123456790124
220190,Bom Jesus - PI,493.19,16.900000000000006,9.42079553384508,PI,22010,Alto Médio Gurguéia,2732,0,0,23,1,39,same_uf,8.418740849194728,0.36603221083455345,14.275256222547585
220191,Bom Princípio do Piauí - PI,209.0,31.5,20.864381520119224,PI,22002,Litoral Piauiense,499,0,0,10,5,15,same_uf,20.04008016032064,10.02004008016032,30.060120240480963
220192,Bonfim do Piauí - PI,233.01,31.3,4.150197628458498,PI,22011,São Raimundo Nonato,426,0,0,7,1,11,same_uf,16.431924882629108,2.347417840375587,25.821596244131456
220194,Boqueirão do Piauí - PI,250.98,30.0,9.057071960297767,PI,22004,Campo Maior,656,0,0,11,10,27,same_uf,16.76829268292683,15.24390243902439,41.15853658536585
220196,Brasileira - PI,278.31,33.599999999999994,26.871841984382176,PI,22001,Baixo Parnaíba Piauiense,449,0,0,21,45,67,same_uf,46.770601336302896,100.22271714922049,149.22048997772828
220198,Brejo do Piauí - PI,215.81,35.400000000000006,0.0,PI,22011,São Raimundo Nonato,199,0,0,3,2,6,same_uf,15.075376884422111,10.050251256281408,30.150753768844222
220200,Buriti dos Lopes - PI,229.37,27.099999999999994,32.07003089598352,PI,22002,Litoral Piauiense,1693,1,0,49,23,81,same_uf,28.942705256940343,13.585351447135263,47.84406379208506
220202,Buriti dos Montes - PI,211.61,28.8,42.70428015564202,PI,22004,Campo Maior,346,0,0,9,5,15,same_uf,26.01156069364162,14.45086705202312,43.35260115606936
220205,Cabeceiras do Piauí - PI,227.99,30.40000000000001,32.31305695466873,PI,22001,Baixo Parnaíba Piauiense,749,0,0,23,9,33,same_uf,30.707610146862482,12.016021361815755,44.05874499332443
220207,Cajazeiras do Piauí - PI,207.54,28.5,46.88172043010753,PI,22013,Picos,210,0,0,0,0,1,same_uf,0.0,0.0,4.761904761904762
220208,Cajueiro da Praia - PI,242.63,29.599999999999994,14.183617372182518,PI,22002,Litoral Piauiense,434,0,0,7,3,12,same_uf,16.129032258064516,6.912442396313364,27.649769585253456
220209,Caldeirão Grande do Piauí - PI,259.12,31.0,0.1297858533419857,PI,22015,Alto Médio Canindé,142,0,0,9,0,9,same_uf,63.38028169014085,0.0,63.38028169014085
220210,Campinas do Piauí - PI,206.21,26.200000000000003,1.218769043266301,PI,22015,Alto Médio Canindé,282,0,0,3,2,5,same_uf,10.638297872340425,7.092198581560283,17.73049645390071
220211,Campo Alegre do Fidalgo - PI,210.58,30.599999999999994,0.1589825119236884,PI,22015,Alto Médio Canindé,250,0,0,3,1,4,same_uf,12.0,4.0,16.0
220213,Campo Grande do Piauí - PI,236.76,33.2,12.81094527363184,PI,22015,Alto Médio Canindé,495,0,0,12,1,13,same_uf,24.242424242424242,2.0202020202020203,26.262626262626263
220217,Campo Largo do Piauí - PI,157.34,34.900000000000006,0.8907363420427553,PI,22001,Baixo Parnaíba Piauiense,482,0,0,10,10,20,same_uf,20.74688796680498,20.74688796680498,41.49377593360996
220220,Campo Maior - PI,396.93,20.5,29.274511318859616,PI,22004,Campo Maior,4618,0,0,113,48,178,same_uf,24.469467301862277,10.394110004330878,38.54482459939368
220225,Canavieira - PI,207.11,24.599999999999994,9.917355371900827,PI,22009,Floriano,157,0,0,4,1,5,same_uf,25.477707006369428,6.369426751592357,31.84713375796178
220230,Canto do Buriti - PI,276.43,27.099999999999994,2.9981154702758266,PI,22011,São Raimundo Nonato,1654,1,0,20,4,25,same_uf,12.091898428053204,2.418379685610641,15.114873035066505
220240,Capitão de Campos - PI,245.07,28.599999999999994,7.736486486486487,PI,22004,Campo Maior,805,0,0,24,27,56,same_uf,29.81366459627329,33.54037267080745,69.56521739130434
220245,Capitão Gervásio Oliveira - PI,180.38,29.5,4.545454545454546,PI,22015,Alto Médio Canindé,201,1,0,8,0,8,same_uf,39.80099502487562,0.0,39.80099502487562
220250,Caracol - PI,218.46,33.099999999999994,35.87644212876814,PI,22011,São Raimundo Nonato,768,1,0,13,2,18,same_uf,16.927083333333332,2.6041666666666665,23.4375
220253,Caraúbas do Piauí - PI,155.59,40.7,28.148657949070888,PI,22002,Litoral Piauiense,397,0,0,11,3,14,same_uf,27.707808564231737,7.5566750629722925,35.26448362720403
220255,Caridade do Piauí - PI,203.24,29.200000000000003,0.0823723228995057,PI,22015,Alto Médio Canindé,304,1,0,6,1,7,same_uf,19.736842105263158,3.289473684210526,23.026315789473685
220260,Castelo do Piauí - PI,265.67,25.099999999999994,17.61229314420804,PI,22004,Campo Maior,1774,0,0,15,9,26,same_uf,8.455467869222097,5.0732807215332585,14.656144306651635
220265,Caxingó - PI,175.88,40.9,28.571428571428573,PI,22002,Litoral Piauiense,432,0,0,10,5,15,same_uf,23.14814814814815,11.574074074074074,34.72222222222222
220270,Cocal - PI,197.46,32.5,0.6848295369956826,PI,22002,Litoral Piauiense,1653,1,0,27,16,50,same_uf,16.33393829401089,9.679370840895341,30.248033877797944
220271,Cocal de Telha - PI,235.85,29.90000000000001,33.96084337349398,PI,22004,Campo Maior,361,0,0,7,4,12,same_uf,19.390581717451525,11.0803324099723,33.2409972299169
220272,Cocal dos Alves - PI,182.0,32.099999999999994,12.02572347266881,PI,22002,Litoral Piauiense,278,0,0,6,3,11,same_uf,21.58273381294964,10.79136690647482,39.568345323741006
220273,Coivaras - PI,233.05,28.90000000000001,5.221674876847291,PI,22003,Teresina,302,0,0,12,7,21,same_uf,39.735099337748345,23.178807947019866,69.5364238410596
220275,Colônia do Gurguéia - PI,287.06,20.3,1.831069108092144,PI,22008,Bertolínia,341,0,0,6,1,7,same_uf,17.59530791788856,2.932551319648094,20.527859237536656
220277,Colônia do Piauí - PI,277.73,31.599999999999994,0.8973080757726819,PI,22013,Picos,473,0,0,6,0,7,same_uf,12.684989429175475,0.0,14.799154334038056
220280,Conceição do Canindé - PI,255.54,28.099999999999994,51.56494522691706,PI,22015,Alto Médio Canindé,189,0,0,5,2,7,same_uf,26.455026455026456,10.582010582010582,37.03703703703704
220285,Coronel José Dias - PI,199.38,29.700000000000003,19.561933534743204,PI,22011,São Raimundo Nonato,279,0,0,14,0,17,same_uf,50.17921146953405,0.0,60.93189964157706
220290,Corrente - PI,373.71,17.599999999999994,12.893553223388306,PI,22012,Chapadas do Extremo Sul Piauiense,2024,0,0,9,68,91,same_uf,4.446640316205533,33.59683794466403,44.9604743083004
220300,Cristalândia do Piauí - PI,200.86,24.599999999999994,1.291604570293095,PI,22012,Chapadas do Extremo Sul Piauiense,242,0,0,0,7,7,same_uf,0.0,28.925619834710744,28.925619834710744
220310,Cristino Castro - PI,304.88,23.3,1.9047619047619049,PI,22010,Alto Médio Gurguéia,933,1,0,10,1,15,same_uf,10.718113612004288,1.0718113612004287,16.077170418006432
220320,Curimatá - PI,282.37,17.299999999999997,5.01877773984295,PI,22012,Chapadas do Extremo Sul Piauiense,1145,1,0,7,1,10,same_uf,6.11353711790393,0.8733624454148472,8.733624454148472
220323,Currais - PI,166.4,30.5,0.4420866489832007,PI,22010,Alto Médio Gurguéia,501,0,0,5,1,7,same_uf,9.980039920159681,1.996007984031936,13.972055888223553
220325,Curralinhos - PI,192.28,27.90000000000001,41.92377495462795,PI,22003,Teresina,332,0,0,16,17,35,same_uf,48.19277108433735,51.204819277108435,105.42168674698796
220327,Curral Novo do Piauí - PI,184.08,31.700000000000003,0.5097706032285472,PI,22015,Alto Médio Canindé,284,0,0,2,1,4,same_uf,7.042253521126761,3.5211267605633805,14.084507042253522
220330,Demerval Lobão - PI,307.69,23.40000000000001,2.2949089949881296,PI,22003,Teresina,1037,0,0,50,55,113,same_uf,48.216007714561236,53.037608486017355,108.96817743490838
220335,Dirceu Arcoverde - PI,260.46,26.5,0.7502679528403001,PI,22011,São Raimundo Nonato,374,0,0,6,1,8,same_uf,16.0427807486631,2.6737967914438503,21.390374331550802
220340,Dom Expedito Lopes - PI,296.47,24.200000000000003,3.590010405827264,PI,22013,Picos,441,0,0,18,1,19,same_uf,40.816326530612244,2.2675736961451247,43.08390022675737
220342,Domingos Mourão - PI,235.96,27.099999999999994,44.3336355394379,PI,22004,Campo Maior,307,0,0,3,17,20,same_uf,9.77198697068404,55.37459283387622,65.14657980456026
220345,Dom Inocêncio - PI,177.19,22.90000000000001,6.4528744622604615,PI,22011,São Raimundo Nonato,353,0,0,3,2,5,same_uf,8.498583569405099,5.665722379603399,14.164305949008499
220350,Elesbão Veloso - PI,269.1,33.0,54.255319148936174,PI,22006,Valença do Piauí,1164,0,0,36,58,103,same_uf,30.927835051546392,49.828178694158076,88.48797250859107
220360,Eliseu Martins - PI,356.47,19.5,37.00075357950264,PI,22008,Bertolínia,159,0,0,3,0,3,same_uf,18.867924528301888,0.0,18.867924528301888
220370,Esperantina - PI,292.36,27.099999999999994,4.074367088607595,PI,22001,Baixo Parnaíba Piauiense,3287,0,0,75,53,133,same_uf,22.817158503194403,16.12412534225738,40.46242774566474
220375,Fartura do Piauí - PI,186.85,30.5,1.5909090909090908,PI,22011,São Raimundo Nonato,275,0,0,3,1,5,same_uf,10.909090909090908,3.6363636363636362,18.181818181818183
220380,Flores do Piauí - PI,207.78,29.5,33.61538461538461,PI,22009,Floriano,351,0,0,9,3,21,same_uf,25.641025641025642,8.547008547008547,59.82905982905983
220385,Floresta do Piauí - PI,211.53,37.4,1.482479784366577,PI,22015,Alto Médio Canindé,131,0,0,1,1,2,same_uf,7.633587786259542,7.633587786259542,15.267175572519085
220390,Floriano - PI,528.55,12.099999999999994,33.07296509825801,PI,22009,Floriano,5120,4,0,96,27,162,same_uf,18.75,5.2734375,31.640625
220400,Francinópolis - PI,200.31,30.90000000000001,0.8485639686684073,PI,22006,Valença do Piauí,307,1,0,5,17,24,same_uf,16.286644951140065,55.37459283387622,78.17589576547232
220410,Francisco Ayres - PI,267.88,28.3,30.612244897959183,PI,22005,Médio Parnaíba Piauiense,296,0,0,6,0,7,same_uf,20.27027027027027,0.0,23.64864864864865
220415,Francisco Macedo - PI,273.23,33.400000000000006,2.2900763358778624,PI,22015,Alto Médio Canindé,217,0,0,1,0,2,same_uf,4.608294930875576,0.0,9.216589861751151
220420,Francisco Santos - PI,324.26,25.700000000000003,8.101571946795646,PI,22014,Pio IX,640,0,0,22,1,23,same_uf,34.375,1.5625,35.9375
220430,Fronteiras - PI,360.79,26.200000000000003,44.530744336569576,PI,22015,Alto Médio Canindé,803,0,0,5,0,5,same_uf,6.226650062266501,0.0,6.226650062266501
220435,Geminiano - PI,201.03,31.700000000000003,8.05626598465473,PI,22013,Picos,430,0,0,15,0,15,same_uf,34.883720930232556,0.0,34.883720930232556
220440,Gilbués - PI,280.62,21.3,3.3712269698157584,PI,22010,Alto Médio Gurguéia,662,0,0,7,2,11,same_uf,10.574018126888218,3.0211480362537766,16.61631419939577
220450,Guadalupe - PI,421.06,17.299999999999997,29.761042722664737,PI,22009,Floriano,1040,1,0,16,3,28,same_uf,15.384615384615385,2.8846153846153846,26.923076923076923
220455,Guaribas - PI,160.36,31.200000000000003,30.59701492537313,PI,22011,São Raimundo Nonato,310,1,0,4,0,5,same_uf,12.903225806451612,0.0,16.129032258064516
220460,Hugo Napoleão - PI,203.1,28.700000000000003,44.300278035217794,PI,22005,Médio Parnaíba Piauiense,243,0,0,10,7,19,same_uf,41.1522633744856,28.80658436213992,78.18930041152264
220465,Ilha Grande - PI,218.4,24.40000000000001,5.045454545454546,PI,22002,Litoral Piauiense,764,1,0,24,6,35,same_uf,31.413612565445025,7.853403141361256,45.81151832460733
220470,Inhuma - PI,257.85,24.5,5.208833413346135,PI,22006,Valença do Piauí,993,1,0,20,1,24,same_uf,20.14098690835851,1.0070493454179255,24.169184290030213
220480,Ipiranga do Piauí - PI,255.01,20.700000000000003,1.7982799061767003,PI,22013,Picos,720,0,0,24,2,27,same_uf,33.333333333333336,2.7777777777777777,37.5
220490,Isaías Coelho - PI,396.33,32.2,2.140255009107468,PI,22015,Alto Médio Canindé,473,0,0,15,1,18,same_uf,31.712473572938688,2.1141649048625792,38.05496828752643
220500,Itainópolis - PI,236.0,34.3,5.897965202005309,PI,22015,Alto Médio Canindé,599,0,0,16,0,16,same_uf,26.71118530884808,0.0,26.71118530884808
220510,Itaueira - PI,320.42,25.5,17.39832149774048,PI,22009,Floriano,925,0,0,19,4,27,same_uf,20.54054054054054,4.324324324324325,29.18918918918919
220515,Jacobina do Piauí - PI,188.85,33.599999999999994,14.608150470219435,PI,22015,Alto Médio Canindé,222,0,0,3,0,4,same_uf,13.513513513513514,0.0,18.01801801801802
220520,Jaicós - PI,250.11,36.1,7.433768287860815,PI,22015,Alto Médio Canindé,1034,0,0,10,1,11,same_uf,9.671179883945841,0.9671179883945842,10.638297872340425
220525,Jardim do Mulato - PI,215.73,26.599999999999994,0.4051863857374392,PI,22005,Médio Parnaíba Piauiense,277,0,0,16,13,29,same_uf,57.761732851985556,46.931407942238266,104.69314079422382
220527,Jatobá do Piauí - PI,206.37,27.8,11.624326404926869,PI,22004,Campo Maior,412,0,0,9,3,15,same_uf,21.844660194174757,7.281553398058253,36.407766990291265
220530,Jerumenha - PI,264.47,22.700000000000003,37.79399837793999,PI,22009,Floriano,315,0,0,7,0,8,same_uf,22.22222222222222,0.0,25.396825396825395
220535,João Costa - PI,188.79,27.099999999999994,18.52760736196319,PI,22015,Alto Médio Canindé,164,0,0,7,1,9,same_uf,42.68292682926829,6.097560975609756,54.8780487804878
220540,Joaquim Pires - PI,156.13,32.5,10.11137162954279,PI,22001,Baixo Parnaíba Piauiense,1083,1,0,30,9,43,same_uf,27.700831024930746,8.310249307479225,39.70452446906741
220545,Joca Marques - PI,179.2,35.099999999999994,6.6350710900473935,PI,22001,Baixo Parnaíba Piauiense,478,0,0,6,13,20,same_uf,12.552301255230125,27.196652719665273,41.84100418410042
220550,José de Freitas - PI,292.32,22.700000000000003,39.7636087616569,PI,22003,Teresina,3164,0,0,94,132,254,same_uf,29.709228824273072,41.719342604298355,80.27812895069532
220551,Juazeiro do Piauí - PI,206.1,26.40000000000001,23.5342019543974,PI,22004,Campo Maior,365,0,0,9,4,13,same_uf,24.65753424657534,10.95890410958904,35.61643835616438
220552,Júlio Borges - PI,177.29,17.299999999999997,5.15084621044886,PI,22012,Chapadas do Extremo Sul Piauiense,313,0,0,2,0,2,same_uf,6.389776357827476,0.0,6.389776357827476
220553,Jurema - PI,182.04,32.599999999999994,15.396825396825395,PI,22011,São Raimundo Nonato,401,0,0,5,1,6,same_uf,12.468827930174564,2.493765586034913,14.962593516209477
220554,Lagoinha do Piauí - PI,254.75,24.8,2.3225806451612905,PI,22005,Médio Parnaíba Piauiense,180,0,0,6,6,13,same_uf,33.333333333333336,33.333333333333336,72.22222222222223
220555,Lagoa Alegre - PI,227.89,28.40000000000001,41.77732379979571,PI,22003,Teresina,413,0,0,17,34,54,same_uf,41.16222760290557,82.32445520581113,130.75060532687652
220556,Lagoa do Barro do Piauí - PI,149.08,25.40000000000001,0.6878761822871883,PI,22015,Alto Médio Canindé,179,0,0,4,1,6,same_uf,22.3463687150838,5.58659217877095,33.5195530726257
220557,Lagoa de São Francisco - PI,173.88,29.700000000000003,3.0704394942805537,PI,22004,Campo Maior,389,0,0,7,6,14,same_uf,17.994858611825194,15.424164524421593,35.98971722365039
220558,Lagoa do Piauí - PI,242.11,24.8,0.6591337099811676,PI,22003,Teresina,292,1,0,9,16,26,same_uf,30.82191780821918,54.794520547945204,89.04109589041096
220559,Lagoa do Sítio - PI,182.73,32.900000000000006,7.939767282683094,PI,22006,Valença do Piauí,351,0,0,5,0,6,same_uf,14.245014245014245,0.0,17.094017094017094
220560,Landri Sales - PI,250.36,24.8,2.857142857142857,PI,22008,Bertolínia,315,1,0,3,0,3,same_uf,9.523809523809524,0.0,9.523809523809524
220570,Luís Correia - PI,223.78,27.3,16.402266288951843,PI,22002,Litoral Piauiense,2404,0,0,52,16,88,same_uf,21.630615640599,6.655574043261232,36.605657237936775
220580,Luzilândia - PI,242.91,33.099999999999994,15.65912936471312,PI,22001,Baixo Parnaíba Piauiense,2260,0,0,23,106,129,same_uf,10.176991150442477,46.902654867256636,57.07964601769911
220585,Madeiro - PI,148.19,30.0,32.95019157088122,PI,22001,Baixo Parnaíba Piauiense,664,1,0,9,20,29,same_uf,13.55421686746988,30.120481927710845,43.674698795180724
220590,Manoel Emídio - PI,218.4,21.5,0.5759539236861051,PI,22008,Bertolínia,337,0,0,4,2,6,same_uf,11.869436201780415,5.9347181008902075,17.80415430267062
220595,Marcolândia - PI,291.1,31.40000000000001,0.226963231956423,PI,22015,Alto Médio Canindé,218,0,0,16,1,18,same_uf,73.39449541284404,4.587155963302752,82.56880733944953
220600,Marcos Parente - PI,289.0,23.099999999999994,4.451510333863275,PI,22008,Bertolínia,205,0,0,6,2,8,same_uf,29.26829268292683,9.75609756097561,39.02439024390244
220605,Massapê do Piauí - PI,195.27,40.2,0.1221747098350641,PI,22015,Alto Médio Canindé,210,0,0,5,0,5,same_uf,23.80952380952381,0.0,23.80952380952381
220610,Matias Olímpio - PI,204.11,31.40000000000001,17.360594795539033,PI,22001,Baixo Parnaíba Piauiense,830,0,0,21,18,41,same_uf,25.301204819277107,21.686746987951807,49.397590361445786
220620,Miguel Alves - PI,216.87,35.099999999999994,10.484604391321296,PI,22001,Baixo Parnaíba Piauiense,2871,1,0,83,138,229,same_uf,28.909787530477185,48.06687565308255,79.76314872866597
220630,Miguel Leão - PI,294.48,26.700000000000003,0.303951367781155,PI,22003,Teresina,88,0,0,3,3,7,same_uf,34.09090909090909,34.09090909090909,79.54545454545455
220635,Milton Brandão - PI,153.64,33.7,2.2196261682243,PI,22004,Campo Maior,413,0,0,5,4,9,same_uf,12.106537530266344,9.685230024213075,21.791767554479417
220640,Monsenhor Gil - PI,269.62,22.3,25.22775052557813,PI,22003,Teresina,689,0,0,23,42,71,same_uf,33.38171262699564,60.957910014513786,103.04789550072569
220650,Monsenhor Hipólito - PI,312.84,31.90000000000001,24.39252336448598,PI,22014,Pio IX,630,0,0,10,0,12,same_uf,15.873015873015873,0.0,19.047619047619047
220660,Monte Alegre do Piauí - PI,215.42,21.599999999999994,2.2231370934540964,PI,22010,Alto Médio Gurguéia,519,0,0,6,1,9,same_uf,11.560693641618498,1.9267822736030829,17.341040462427745
220665,Morro Cabeça no Tempo - PI,144.46,22.599999999999994,2.8513238289205702,PI,22012,Chapadas do Extremo Sul Piauiense,271,0,0,0,0,0,same_uf,0.0,0.0,0.0
220667,Morro do Chapéu do Piauí - PI,223.79,31.200000000000003,35.82089552238806,PI,22001,Baixo Parnaíba Piauiense,473,1,0,4,14,18,same_uf,8.456659619450317,29.59830866807611,38.05496828752643
220669,Murici dos Portelas - PI,167.87,35.5,10.154738878143132,PI,22002,Litoral Piauiense,493,0,0,10,7,18,same_uf,20.28397565922921,14.198782961460447,36.511156186612574
220670,Nazaré do Piauí - PI,215.01,28.3,1.7159199237368925,PI,22009,Floriano,493,0,0,11,3,15,same_uf,22.31237322515213,6.085192697768763,30.425963488843813
220672,Nazária - PI,236.13,27.40000000000001,25.52415679124886,PI,22003,Teresina,56,0,0,1,2,3,same_uf,17.857142857142858,35.714285714285715,53.57142857142857
220675,Nossa Senhora de Nazaré - PI,253.11,23.8,23.070674248578392,PI,22004,Campo Maior,296,0,0,4,1,5,same_uf,13.513513513513514,3.3783783783783785,16.89189189189189
220680,Nossa Senhora dos Remédios - PI,180.19,32.3,39.34108527131783,PI,22001,Baixo Parnaíba Piauiense,450,0,0,11,4,15,same_uf,24.444444444444443,8.88888888888889,33.333333333333336
220690,Novo Oriente do Piauí - PI,237.6,30.200000000000003,14.366925064599483,PI,22006,Valença do Piauí,392,1,0,3,2,5,same_uf,7.653061224489796,5.1020408163265305,12.755102040816327
220695,Novo Santo Antônio - PI,223.59,33.400000000000006,4.490690032858708,PI,22004,Campo Maior,179,0,0,13,9,23,same_uf,72.62569832402235,50.279329608938546,128.49162011173183
220700,Oeiras - PI,372.24,23.40000000000001,20.93848958833125,PI,22013,Picos,2878,2,0,22,11,45,same_uf,7.644197359277276,3.822098679638638,15.635858234885337
220710,Olho D'Água do Piauí - PI,224.02,18.5,62.83068783068783,PI,22005,Médio Parnaíba Piauiense,207,0,0,7,6,13,same_uf,33.81642512077295,28.985507246376812,62.80193236714976
220720,Padre Marcos - PI,214.25,37.0,19.48181365221724,PI,22015,Alto Médio Canindé,363,0,0,29,1,30,same_uf,79.88980716253444,2.7548209366391183,82.64462809917356
220730,Paes Landim - PI,218.51,23.099999999999994,8.526413345690454,PI,22015,Alto Médio Canindé,193,0,0,1,1,2,same_uf,5.181347150259067,5.181347150259067,10.362694300518134
220735,Pajeú do Piauí - PI,260.83,30.099999999999994,22.448979591836736,PI,22011,São Raimundo Nonato,141,0,0,8,1,9,same_uf,56.737588652482266,7.092198581560283,63.829787234042556
220740,Palmeira do Piauí - PI,277.18,23.599999999999994,12.97709923664122,PI,22010,Alto Médio Gurguéia,457,0,0,2,0,4,same_uf,4.3763676148796495,0.0,8.752735229759299
220750,Palmeirais - PI,192.46,29.3,13.117365905469995,PI,22005,Médio Parnaíba Piauiense,869,0,0,40,37,84,same_uf,46.029919447640964,42.57767548906789,96.66283084004603
220755,Paquetá - PI,193.04,39.5,31.07876712328768,PI,22013,Picos,249,0,0,7,1,8,same_uf,28.11244979919679,4.016064257028113,32.1285140562249
220760,Parnaguá - PI,208.61,23.8,3.282009724473258,PI,22012,Chapadas do Extremo Sul Piauiense,965,1,0,5,1,6,same_uf,5.181347150259067,1.0362694300518134,6.217616580310881
220770,Parnaíba - PI,472.53,15.400000000000006,24.274132974177004,PI,22002,Litoral Piauiense,12257,4,0,382,162,596,same_uf,31.165864404014034,13.21693726034103,48.62527535285959
220775,Passagem Franca do Piauí - PI,323.31,36.8,9.08273381294964,PI,22005,Médio Parnaíba Piauiense,356,0,0,14,21,35,same_uf,39.325842696629216,58.98876404494382,98.31460674157303
220777,Patos do Piauí - PI,213.78,36.0,19.49616648411829,PI,22015,Alto Médio Canindé,277,0,0,8,0,8,same_uf,28.880866425992778,0.0,28.880866425992778
220779,Pau D'Arco do Piauí - PI,162.13,31.5,6.20756547041707,PI,22003,Teresina,219,0,0,10,11,23,same_uf,45.662100456621005,50.22831050228311,105.0228310502283
220780,Paulistana - PI,323.53,27.8,1.0303687635574836,PI,22015,Alto Médio Canindé,2154,0,0,4,6,16,same_uf,1.8570102135561746,2.785515320334262,7.428040854224698
220785,Pavussu - PI,193.22,32.8,13.89413988657845,PI,22009,Floriano,210,0,0,12,1,14,same_uf,57.142857142857146,4.761904761904762,66.66666666666667
220790,Pedro II - PI,263.45,28.40000000000001,9.39768892524798,PI,22004,Campo Maior,2944,1,0,50,27,80,same_uf,16.983695652173914,9.171195652173912,27.17391304347826
220793,Pedro Laurentino - PI,152.4,20.0,2.748091603053436,PI,22015,Alto Médio Canindé,149,0,0,5,0,7,same_uf,33.557046979865774,0.0,46.97986577181208
220795,Nova Santa Rita - PI,198.86,27.3,46.91901408450704,PI,22015,Alto Médio Canindé,252,0,0,8,1,10,same_uf,31.746031746031747,3.9682539682539684,39.682539682539684
220800,Picos - PI,557.2,16.299999999999997,40.517689291955975,PI,22013,Picos,6180,2,0,222,23,266,same_uf,35.922330097087375,3.72168284789644,43.042071197411005
220810,Pimenteiras - PI,244.87,31.8,5.21356783919598,PI,22006,Valença do Piauí,648,1,0,1,3,7,same_uf,1.5432098765432098,4.62962962962963,10.802469135802468
220820,Pio IX - PI,223.32,28.0,16.340269277845778,PI,22014,Pio IX,1127,1,0,26,4,31,same_uf,23.070097604259097,3.54924578527063,27.50665483584738
220830,Piracuruca - PI,279.68,26.700000000000003,10.041407867494824,PI,22002,Litoral Piauiense,2055,1,0,38,34,74,same_uf,18.491484184914842,16.54501216545012,36.009732360097324
220840,Piripiri - PI,370.6,23.8,19.234844025897587,PI,22001,Baixo Parnaíba Piauiense,4604,4,0,197,452,661,same_uf,42.78887923544744,98.17549956559513,143.57080799304953
220850,Porto - PI,226.0,32.0,35.046728971962615,PI,22001,Baixo Parnaíba Piauiense,1116,0,0,24,29,56,same_uf,21.50537634408602,25.985663082437277,50.17921146953405
220855,Porto Alegre do Piauí - PI,224.72,24.8,0.4470938897168405,PI,22008,Bertolínia,145,0,0,4,1,5,same_uf,27.586206896551722,6.896551724137931,34.48275862068966
220860,Prata do Piauí - PI,199.1,32.2,15.107102593010149,PI,22006,Valença do Piauí,192,0,0,13,8,21,same_uf,67.70833333333333,41.666666666666664,109.375
220865,Queimada Nova - PI,168.62,28.700000000000003,1.6887266088544044,PI,22015,Alto Médio Canindé,235,0,0,0,0,1,same_uf,0.0,0.0,4.25531914893617
220870,Redenção do Gurguéia - PI,249.56,19.5,40.0390625,PI,22010,Alto Médio Gurguéia,833,0,0,4,1,5,same_uf,4.801920768307323,1.2004801920768307,6.002400960384153
220880,Regeneração - PI,289.67,29.0,15.13677811550152,PI,22005,Médio Parnaíba Piauiense,1568,1,0,44,68,116,same_uf,28.06122448979592,43.36734693877551,73.9795918367347
220885,Riacho Frio - PI,155.22,19.0,3.4790365744870653,PI,22012,Chapadas do Extremo Sul Piauiense,190,0,0,1,8,9,same_uf,5.2631578947368425,42.10526315789474,47.36842105263158
220887,Ribeira do Piauí - PI,184.31,27.0,10.131795716639209,PI,22015,Alto Médio Canindé,236,0,0,8,0,10,same_uf,33.898305084745765,0.0,42.3728813559322
220890,Ribeiro Gonçalves - PI,258.47,21.0,10.414129110840438,PI,22007,Alto Parnaíba Piauiense,322,0,0,5,0,6,same_uf,15.527950310559007,0.0,18.633540372670808
220900,Rio Grande do Piauí - PI,245.31,27.3,66.68457818377216,PI,22009,Floriano,354,0,0,7,4,13,same_uf,19.774011299435028,11.299435028248588,36.72316384180791
220910,Santa Cruz do Piauí - PI,277.28,33.5,26.30952380952381,PI,22013,Picos,398,1,0,10,3,14,same_uf,25.12562814070352,7.5376884422110555,35.175879396984925
220915,Santa Cruz dos Milagres - PI,207.51,30.90000000000001,3.5271687321258343,PI,22006,Valença do Piauí,247,0,0,11,10,21,same_uf,44.534412955465584,40.48582995951417,85.02024291497976
220920,Santa Filomena - PI,213.12,22.200000000000003,34.85938521909745,PI,22007,Alto Parnaíba Piauiense,2,0,0,0,0,0,same_uf,0.0,0.0,0.0
220930,Santa Luz - PI,227.65,24.0,0.615595075239398,PI,22010,Alto Médio Gurguéia,524,0,0,4,1,6,same_uf,7.633587786259542,1.9083969465648856,11.450381679389313
220935,Santana do Piauí - PI,227.8,27.40000000000001,4.9365303244005645,PI,22013,Picos,335,0,0,7,0,7,same_uf,20.895522388059703,0.0,20.895522388059703
220937,Santa Rosa do Piauí - PI,226.94,28.8,19.896640826873384,PI,22013,Picos,321,0,0,4,1,6,same_uf,12.461059190031152,3.115264797507788,18.69158878504673
220940,Santo Antônio de Lisboa - PI,328.86,26.599999999999994,10.19144144144144,PI,22014,Pio IX,443,0,0,11,4,15,same_uf,24.830699774266364,9.029345372460497,33.86004514672686
220945,Santo Antônio dos Milagres - PI,206.48,25.599999999999994,5.273069679849341,PI,22005,Médio Parnaíba Piauiense,168,0,0,4,12,16,same_uf,23.80952380952381,71.42857142857143,95.23809523809524
220950,Santo Inácio do Piauí - PI,229.31,27.3,0.0888099467140319,PI,22015,Alto Médio Canindé,185,0,0,1,0,1,same_uf,5.405405405405405,0.0,5.405405405405405
220955,São Braz do Piauí - PI,220.96,27.8,2.113821138211382,PI,22011,São Raimundo Nonato,358,0,0,10,1,12,same_uf,27.932960893854748,2.793296089385475,33.5195530726257
220960,São Félix do Piauí - PI,308.72,29.200000000000003,0.837696335078534,PI,22006,Valença do Piauí,132,1,0,3,8,11,same_uf,22.727272727272727,60.60606060606061,83.33333333333333
220965,São Francisco de Assis do Piauí - PI,140.49,35.3,3.284182305630027,PI,22015,Alto Médio Canindé,236,0,0,2,0,3,same_uf,8.474576271186441,0.0,12.711864406779661
220970,São Francisco do Piauí - PI,256.59,28.90000000000001,2.59525124240751,PI,22009,Floriano,377,0,0,9,0,9,same_uf,23.872679045092838,0.0,23.872679045092838
220975,São Gonçalo do Gurguéia - PI,250.12,22.40000000000001,1.1095700416088763,PI,22010,Alto Médio Gurguéia,113,0,0,0,2,3,same_uf,0.0,17.699115044247787,26.548672566371682
220980,São Gonçalo do Piauí - PI,217.8,24.5,7.094846900672144,PI,22005,Médio Parnaíba Piauiense,358,0,0,15,11,27,same_uf,41.899441340782126,30.726256983240223,75.41899441340782
220985,São João da Canabrava - PI,227.29,33.599999999999994,30.01453488372093,PI,22013,Picos,290,0,0,4,0,5,same_uf,13.793103448275861,0.0,17.24137931034483
220987,São João da Fronteira - PI,193.56,33.7,13.898080741230974,PI,22002,Litoral Piauiense,335,0,0,13,34,48,same_uf,38.80597014925373,101.49253731343283,143.28358208955223
220990,São João da Serra - PI,231.88,34.900000000000006,39.21568627450981,PI,22004,Campo Maior,340,0,0,12,13,27,same_uf,35.294117647058826,38.23529411764706,79.41176470588235
220995,São João da Varjota - PI,224.07,32.099999999999994,21.61520190023753,PI,22013,Picos,423,1,0,3,7,10,same_uf,7.092198581560283,16.548463356973997,23.64066193853428
220997,São João do Arraial - PI,167.75,32.7,25.363825363825363,PI,22001,Baixo Parnaíba Piauiense,668,0,0,7,7,16,same_uf,10.479041916167665,10.479041916167665,23.952095808383234
221000,São João do Piauí - PI,364.59,20.8,8.412609587763477,PI,22015,Alto Médio Canindé,1410,1,0,29,8,45,same_uf,20.56737588652482,5.673758865248227,31.914893617021278
221005,São José do Divino - PI,213.52,32.7,1.1544011544011543,PI,22002,Litoral Piauiense,309,0,0,9,9,19,same_uf,29.12621359223301,29.12621359223301,61.48867313915858
221010,São José do Peixe - PI,234.53,27.599999999999994,3.389830508474576,PI,22009,Floriano,269,0,0,6,2,8,same_uf,22.304832713754646,7.434944237918216,29.739776951672862
221020,São José do Piauí - PI,274.73,34.8,32.07253886010363,PI,22013,Picos,519,0,0,11,1,13,same_uf,21.19460500963391,1.9267822736030829,25.048169556840076
221030,São Julião - PI,315.77,36.2,2.7089337175792507,PI,22014,Pio IX,433,0,0,18,4,22,same_uf,41.570438799076214,9.237875288683602,50.80831408775982
221035,São Lourenço do Piauí - PI,260.27,22.90000000000001,0.3084040092521203,PI,22011,São Raimundo Nonato,266,0,0,4,0,4,same_uf,15.037593984962406,0.0,15.037593984962406
221037,São Luis do Piauí - PI,201.34,30.099999999999994,1.749663526244953,PI,22013,Picos,170,0,0,2,0,2,same_uf,11.764705882352942,0.0,11.764705882352942
221038,São Miguel da Baixa Grande - PI,240.68,35.599999999999994,1.1254019292604502,PI,22006,Valença do Piauí,124,0,0,4,10,15,same_uf,32.25806451612903,80.64516129032258,120.96774193548387
221039,São Miguel do Fidalgo - PI,182.25,29.90000000000001,0.8567931456548348,PI,22009,Floriano,173,0,0,1,1,2,same_uf,5.780346820809249,5.780346820809249,11.560693641618498
221040,São Miguel do Tapuio - PI,183.25,32.7,20.06426993372163,PI,22004,Campo Maior,1393,0,0,13,10,34,same_uf,9.332376166547022,7.178750897343862,24.40775305096913
221050,São Pedro do Piauí - PI,245.4,27.5,10.37509976057462,PI,22005,Médio Parnaíba Piauiense,1044,1,0,43,35,85,same_uf,41.18773946360153,33.524904214559385,81.4176245210728
221060,São Raimundo Nonato - PI,396.44,18.8,4.339399160116292,PI,22011,São Raimundo Nonato,3358,0,0,41,6,54,same_uf,12.209648600357356,1.786777843954735,16.081000595592613
221062,Sebastião Barros - PI,188.82,21.099999999999994,1.3498312710911136,PI,22012,Chapadas do Extremo Sul Piauiense,139,0,0,0,4,4,same_uf,0.0,28.776978417266186,28.776978417266186
221063,Sebastião Leal - PI,190.53,25.200000000000003,6.542882404951371,PI,22008,Bertolínia,227,1,0,7,2,9,same_uf,30.837004405286343,8.810572687224669,39.647577092511014
221065,Sigefredo Pacheco - PI,194.7,30.700000000000003,27.596223674655047,PI,22004,Campo Maior,634,0,0,20,8,31,same_uf,31.545741324921135,12.618296529968454,48.89589905362776
221070,Simões - PI,257.14,27.40000000000001,33.67040174911178,PI,22015,Alto Médio Canindé,1058,0,0,5,3,8,same_uf,4.725897920604915,2.835538752362949,7.561436672967864
221080,Simplício Mendes - PI,360.1,22.3,24.53771646609921,PI,22015,Alto Médio Canindé,772,0,0,8,3,13,same_uf,10.362694300518134,3.8860103626943006,16.83937823834197
221090,Socorro do Piauí - PI,193.66,25.099999999999994,2.5,PI,22015,Alto Médio Canindé,196,0,0,3,0,4,same_uf,15.306122448979592,0.0,20.408163265306122
221093,Sussuapara - PI,263.63,27.90000000000001,21.909492273730685,PI,22013,Picos,454,0,0,8,0,9,same_uf,17.621145374449338,0.0,19.823788546255507
221095,Tamboril do Piauí - PI,186.49,32.7,54.28194993412384,PI,22011,São Raimundo Nonato,184,0,0,6,1,8,same_uf,32.608695652173914,5.434782608695652,43.47826086956522
221097,Tanque do Piauí - PI,246.83,26.3,80.0,PI,22013,Picos,176,0,0,7,0,7,same_uf,39.77272727272727,0.0,39.77272727272727
221100,Teresina - PI,739.85,8.5,61.80082285261575,PI,22003,Teresina,68522,11,0,3533,4793,9009,same_uf,51.56008289308543,69.94833776013543,131.4760222994075
221110,União - PI,229.01,26.200000000000003,26.8013654396162,PI,22003,Teresina,4163,0,0,108,95,216,same_uf,25.94282969012731,22.820081671871247,51.88565938025462
221120,Uruçuí - PI,349.2,17.0,16.95561059249381,PI,22007,Alto Parnaíba Piauiense,2394,0,0,34,14,60,same_uf,14.202172096908939,5.847953216374269,25.06265664160401
221130,Valença do Piauí - PI,368.53,24.40000000000001,5.3829891039193365,PI,22006,Valença do Piauí,1780,1,0,11,5,18,same_uf,6.179775280898877,2.808988764044944,10.112359550561798
221135,Várzea Branca - PI,200.98,28.8,4.078431372549019,PI,22011,São Raimundo Nonato,392,0,0,3,2,7,same_uf,7.653061224489796,5.1020408163265305,17.857142857142858
221140,Várzea Grande - PI,244.85,30.099999999999994,70.43478260869566,PI,22006,Valença do Piauí,241,0,0,5,2,7,same_uf,20.74688796680498,8.298755186721992,29.04564315352697
221150,Vera Mendes - PI,172.4,39.9,37.70314192849404,PI,22015,Alto Médio Canindé,211,0,0,4,0,4,same_uf,18.95734597156398,0.0,18.95734597156398
221160,Vila Nova do Piauí - PI,258.84,27.8,21.28342245989305,PI,22015,Alto Médio Canindé,190,0,0,9,0,9,same_uf,47.36842105263158,0.0,47.36842105263158
221170,Wall Ferraz - PI,193.48,32.0,0.3481288076588337,PI,22013,Picos,258,0,0,11,1,13,same_uf,42.63565891472868,3.875968992248062,50.3875968992248
230010,Abaiara - CE,227.31,26.3,7.974137931034483,CE,23033,Brejo Santo,285,1,0,4,1,6,same_uf,14.035087719298245,3.508771929824561,21.05263157894737
230015,Acarape - CE,256.06,19.5,40.82217973231358,CE,23013,Baturité,1147,0,0,33,3,42,same_uf,28.770706190061027,2.6155187445510024,36.61726242371404
230020,Acaraú - CE,246.49,25.700000000000003,17.226317226317228,CE,23001,Litoral de Camocim e Acaraú,4864,4,0,144,16,176,same_uf,29.605263157894736,3.289473684210526,36.18421052631579
230030,Acopiara - CE,263.74,30.099999999999994,19.767054908485857,CE,23021,Sertão de Senador Pompeu,3835,0,0,41,10,54,same_uf,10.691003911342895,2.607561929595828,14.08083441981747
230040,Aiuaba - CE,199.36,30.200000000000003,10.905813429472737,CE,23020,Sertão de Inhamuns,1006,1,0,18,0,19,same_uf,17.892644135188867,0.0,18.88667992047714
230050,Alcântaras - CE,243.41,25.599999999999994,21.91444600280505,CE,23004,Meruoca,761,1,0,36,1,45,same_uf,47.30617608409987,1.314060446780552,59.13272010512483
230060,Altaneira - CE,237.26,28.200000000000003,14.60028721876496,CE,23030,Caririaçu,502,0,0,19,0,22,same_uf,37.84860557768924,0.0,43.82470119521912
230070,Alto Santo - CE,262.88,27.599999999999994,12.973443622115804,CE,23023,Baixo Jaguaribe,795,0,0,14,4,22,same_uf,17.61006289308176,5.031446540880503,27.67295597484277
230075,Amontada - CE,181.48,23.0,10.02350056196996,CE,23008,Itapipoca,3435,0,0,42,3,55,same_uf,12.22707423580786,0.8733624454148472,16.01164483260553
230080,Antonina do Norte - CE,240.49,29.3,40.50949050949051,CE,23027,Várzea Alegre,594,0,0,20,2,23,same_uf,33.67003367003367,3.367003367003367,38.72053872053872
230090,Apuiarés - CE,221.73,24.200000000000003,2.699922859346876,CE,23011,Médio Curu,706,0,0,22,18,41,same_uf,31.161473087818695,25.495750708215297,58.07365439093484
230100,Aquiraz - CE,344.5,19.0,36.77494789283717,CE,23016,Fortaleza,4398,1,0,151,24,197,same_uf,34.3337880854934,5.457025920873124,44.793087767166895
230110,Aracati - CE,343.59,19.099999999999994,4.541776249241352,CE,23022,Litoral de Aracati,5119,3,0,56,9,85,same_uf,10.93963664778277,1.758155889822231,16.604805626098848
230120,Aracoiaba - CE,240.12,27.200000000000003,18.29059829059829,CE,23013,Baturité,1699,0,0,42,7,64,same_uf,24.72042377869335,4.120070629782225,37.66921718658034
230125,Ararendá - CE,199.92,30.700000000000003,15.858026701400195,CE,23018,Sertão de Cratéus,578,0,0,4,1,6,same_uf,6.920415224913495,1.7301038062283738,10.380622837370241
230130,Araripe - CE,193.18,29.5,15.060349486578994,CE,23029,Chapada do Araripe,2099,1,0,66,4,83,same_uf,31.44354454502144,1.9056693663649358,39.54263935207241
230140,Aratuba - CE,215.94,22.200000000000003,19.318181818181817,CE,23013,Baturité,944,0,0,28,1,31,same_uf,29.661016949152543,1.0593220338983051,32.83898305084746
230150,Arneiroz - CE,269.7,27.5,24.84531175630652,CE,23020,Sertão de Inhamuns,447,0,0,11,0,13,same_uf,24.60850111856823,0.0,29.082774049217
230160,Assaré - CE,278.47,28.3,21.741169115348548,CE,23029,Chapada do Araripe,1587,0,0,51,4,61,same_uf,32.136105860113425,2.520478890989288,38.43730308758664
230170,Aurora - CE,252.35,25.0,12.526419613921377,CE,23031,Barro,1809,0,0,16,29,46,same_uf,8.844665561083472,16.03095632946379,25.42841348811498
230180,Baixio - CE,264.81,22.099999999999994,1.7523364485981308,CE,23028,Lavras da Mangabeira,367,0,0,7,3,10,same_uf,19.07356948228883,8.174386920980927,27.247956403269754
230185,Banabuiú - CE,225.09,27.099999999999994,18.558951965065503,CE,23019,Sertão de Quixeramobim,1344,0,0,14,1,18,same_uf,10.416666666666666,0.7440476190476191,13.392857142857142
230190,Barbalha - CE,361.63,17.0,18.417109385642284,CE,23032,Cariri,5609,0,0,280,23,344,same_uf,49.919771795328934,4.100552683187734,61.330005348546976
230195,Barreira - CE,241.79,24.599999999999994,13.428519790348815,CE,23014,Chorozinho,1424,0,0,27,5,38,same_uf,18.96067415730337,3.5112359550561796,26.685393258426966
230200,Barro - CE,249.5,21.599999999999994,11.251435132032148,CE,23031,Barro,1161,0,0,24,5,31,same_uf,20.671834625322997,4.306632213608958,26.701119724375538
230205,Barroquinha - CE,191.16,31.0,21.40141227593699,CE,23001,Litoral de Camocim e Acaraú,753,0,0,6,1,9,same_uf,7.968127490039841,1.3280212483399734,11.952191235059761
230210,Baturité - CE,279.97,20.40000000000001,46.16308263290034,CE,23013,Baturité,2678,1,0,66,7,95,same_uf,24.645257654966393,2.6138909634055265,35.47423450336072
230220,Beberibe - CE,301.5,23.3,11.549115704240355,CE,23015,Cascavel,2761,0,0,60,15,80,same_uf,21.731256791017746,5.432814197754436,28.97500905469033
230230,Bela Cruz - CE,219.61,24.3,20.80528546497133,CE,23001,Litoral de Camocim e Acaraú,1988,1,0,61,8,82,same_uf,30.6841046277666,4.0241448692152915,41.24748490945674
230240,Boa Viagem - CE,246.69,28.700000000000003,40.45670538542767,CE,23019,Sertão de Quixeramobim,3443,0,0,16,1,35,same_uf,4.647110078419982,0.2904443799012489,10.165553296543711
230250,Brejo Santo - CE,318.84,21.0,62.17308802904051,CE,23033,Brejo Santo,2949,1,0,78,7,93,same_uf,26.44964394710071,2.373685995252628,31.536113936927773
230260,Camocim - CE,259.47,23.700000000000003,31.44790602655771,CE,23001,Litoral de Camocim e Acaraú,4972,0,0,50,2,73,same_uf,10.05631536604988,0.4022526146419952,14.682220434432823
230270,Campos Sales - CE,300.07,26.200000000000003,23.620599054125066,CE,23029,Chapada do Araripe,2473,2,0,22,2,31,same_uf,8.896077638495754,0.8087343307723412,12.53538212697129
230280,Canindé - CE,267.23,22.0,25.218045112781954,CE,23012,Canindé,6111,3,0,44,8,82,same_uf,7.200130911471118,1.3091147111765669,13.41842578955981
230290,Capistrano - CE,202.69,25.40000000000001,15.951187622575723,CE,23013,Baturité,1171,0,0,38,2,45,same_uf,32.450896669513234,1.7079419299743808,38.42869342442357
230300,Caridade - CE,201.92,23.90000000000001,10.261800114656983,CE,23012,Canindé,1238,0,0,13,1,19,same_uf,10.500807754442649,0.8077544426494345,15.347334410339258
230310,Cariré - CE,223.75,27.0,6.468051744413955,CE,23005,Sobral,1033,1,0,50,2,57,same_uf,48.4027105517909,1.936108422071636,55.179090029041625
230320,Caririaçu - CE,241.49,27.90000000000001,15.71650869995756,CE,23030,Caririaçu,1903,0,0,98,10,117,same_uf,51.497635312664215,5.254860746190226,61.48187073042564
230330,Cariús - CE,237.32,28.599999999999994,12.065846599131692,CE,23027,Várzea Alegre,1019,0,0,18,6,26,same_uf,17.664376840039253,5.888125613346418,25.515210991167812
230340,Carnaubal - CE,220.78,26.200000000000003,2.670753064798599,CE,23002,Ibiapaba,1213,0,0,10,2,15,same_uf,8.244023083264633,1.6488046166529267,12.36603462489695
230350,Cascavel - CE,304.07,20.8,14.521364337785345,CE,23015,Cascavel,5185,1,0,231,33,301,same_uf,44.55159112825458,6.364513018322083,58.05207328833173
230360,Catarina - CE,243.71,27.099999999999994,18.725099601593627,CE,23020,Sertão de Inhamuns,569,0,0,16,2,21,same_uf,28.1195079086116,3.51493848857645,36.90685413005272
230365,Catunda - CE,221.12,27.0,1.5289406625409538,CE,23007,Santa Quitéria,588,1,0,24,2,29,same_uf,40.816326530612244,3.401360544217687,49.31972789115646
230370,Caucaia - CE,366.8,12.0,57.14718250630782,CE,23016,Fortaleza,21296,5,0,487,70,639,same_uf,22.868144252441773,3.2870022539444026,30.00563486100676
230380,Cedro - CE,313.6,25.40000000000001,8.929561841375484,CE,23026,Iguatu,1468,2,0,13,12,26,same_uf,8.85558583106267,8.174386920980927,17.71117166212534
230390,Chaval - CE,205.38,29.40000000000001,7.216494845360825,CE,23001,Litoral de Camocim e Acaraú,852,0,0,6,1,9,same_uf,7.042253521126761,1.1737089201877935,10.56338028169014
230393,Choró - CE,167.46,28.40000000000001,11.274060494958754,CE,23019,Sertão de Quixeramobim,946,0,0,10,1,17,same_uf,10.570824524312897,1.0570824524312896,17.970401691331922
230395,Chorozinho - CE,275.01,26.40000000000001,4.836050558710387,CE,23014,Chorozinho,1201,1,0,63,7,77,same_uf,52.456286427976686,5.828476269775187,64.11323896752707
230400,Coreaú - CE,208.29,32.8,17.683749157113958,CE,23003,Coreaú,1595,1,0,85,5,100,same_uf,53.291536050156736,3.134796238244514,62.69592476489028
230410,Crateús - CE,366.61,23.0,49.36895439889452,CE,23018,Sertão de Cratéus,5307,4,0,44,6,63,same_uf,8.290936498963633,1.1305822498586773,11.871113623516111
230420,Crato - CE,459.98,13.700000000000005,44.10611643330877,CE,23032,Cariri,10955,3,0,689,32,775,same_uf,62.89365586490187,2.921040620721132,70.74395253308991
230423,Croatá - CE,167.75,31.200000000000003,23.898199875853507,CE,23002,Ibiapaba,1125,0,0,23,6,46,same_uf,20.444444444444443,5.333333333333333,40.888888888888886
230425,Cruz - CE,279.42,21.5,6.845767923612235,CE,23001,Litoral de Camocim e Acaraú,1749,2,0,34,30,75,same_uf,19.439679817038307,17.152658662092623,42.88164665523156
230426,Deputado Irapuan Pinheiro - CE,230.02,29.200000000000003,2.063721940622737,CE,23021,Sertão de Senador Pompeu,423,0,0,12,2,14,same_uf,28.368794326241133,4.7281323877068555,33.096926713947994
230427,Ereré - CE,239.91,28.200000000000003,20.053050397877985,CE,23025,Serra do Pereiro,118,0,0,8,1,9,same_uf,67.79661016949153,8.474576271186441,76.27118644067797
230428,Eusébio - CE,605.08,12.200000000000005,32.34206592714971,CE,23016,Fortaleza,2786,1,0,95,12,133,same_uf,34.099066762383345,4.3072505384063176,47.73869346733668
230430,Farias Brito - CE,227.42,24.90000000000001,12.638991845811711,CE,23030,Caririaçu,1557,0,0,69,8,82,same_uf,44.3159922928709,5.138086062941555,52.66538214515093
230435,Forquilha - CE,291.33,23.40000000000001,72.30794217963293,CE,23005,Sobral,1689,2,0,102,7,121,same_uf,60.39076376554174,4.144464179988159,71.64002368265245
230440,Fortaleza - CE,812.61,6.599999999999994,74.66742528159354,CE,23016,Fortaleza,159911,35,0,6196,806,7878,same_uf,38.7465527699783,5.0403036689158345,49.26490360262896
230445,Fortim - CE,261.19,24.099999999999994,2.0442520442520444,CE,23022,Litoral de Aracati,816,0,0,10,1,12,same_uf,12.254901960784315,1.2254901960784315,14.705882352941176
230450,Frecheirinha - CE,244.4,29.200000000000003,12.493340436867342,CE,23003,Coreaú,1098,1,0,59,6,71,same_uf,53.73406193078324,5.46448087431694,64.66302367941712
230460,General Sampaio - CE,239.31,28.0,4.002582311168496,CE,23011,Médio Curu,334,0,0,11,6,17,same_uf,32.93413173652694,17.964071856287426,50.89820359281437
230465,Graça - CE,192.89,30.8,6.530898876404494,CE,23005,Sobral,1003,0,0,39,5,49,same_uf,38.88334995014955,4.985044865403789,48.85343968095713
230470,Granja - CE,170.49,34.099999999999994,12.735813319190848,CE,23001,Litoral de Camocim e Acaraú,3779,4,0,63,10,85,same_uf,16.671077004498546,2.646202699126753,22.4927229425774
230480,Granjeiro - CE,221.05,27.0,26.04611443210931,CE,23030,Caririaçu,329,0,0,10,1,12,same_uf,30.3951367781155,3.0395136778115504,36.474164133738604
230490,Groaíras - CE,303.36,22.700000000000003,29.51146560319043,CE,23005,Sobral,698,0,0,38,4,44,same_uf,54.44126074498568,5.730659025787966,63.03724928366762
230495,Guaiúba - CE,231.79,20.700000000000003,19.209127852453893,CE,23016,Fortaleza,1826,0,0,40,2,46,same_uf,21.90580503833516,1.095290251916758,25.191675794085434
230500,Guaraciaba do Norte - CE,242.8,24.90000000000001,8.10228274713432,CE,23002,Ibiapaba,2941,1,0,44,14,72,same_uf,14.96089765385923,4.760285617137028,24.48146888813329
230510,Guaramiranga - CE,281.6,15.5,73.89255419415646,CE,23013,Baturité,422,0,0,16,0,20,same_uf,37.91469194312796,0.0,47.39336492890995
230520,Hidrolândia - CE,241.33,26.90000000000001,6.490727532097004,CE,23007,Santa Quitéria,1220,0,0,55,5,69,same_uf,45.08196721311475,4.098360655737705,56.557377049180324
230523,Horizonte - CE,317.75,14.200000000000005,13.995917325848431,CE,23017,Pacajus,5061,1,0,271,20,313,same_uf,53.546729895277615,3.9517881841533296,61.845485081999605
230526,Ibaretama - CE,199.26,31.200000000000003,2.9907084785133566,CE,23019,Sertão de Quixeramobim,880,1,0,11,0,14,same_uf,12.5,0.0,15.909090909090908
230530,Ibiapina - CE,255.58,22.40000000000001,18.593120545398204,CE,23002,Ibiapaba,1950,1,0,25,28,60,same_uf,12.820512820512821,14.35897435897436,30.76923076923077
230533,Ibicuitinga - CE,192.66,26.700000000000003,15.748521630874572,CE,23023,Baixo Jaguaribe,806,0,0,9,0,12,same_uf,11.166253101736972,0.0,14.88833746898263
230535,Icapuí - CE,277.5,23.8,14.975105323630792,CE,23022,Litoral de Aracati,1072,1,0,10,0,15,same_uf,9.328358208955224,0.0,13.992537313432836
230540,Icó - CE,268.98,30.90000000000001,35.81573896353167,CE,23026,Iguatu,4600,1,0,108,38,152,same_uf,23.47826086956522,8.26086956521739,33.04347826086956
230550,Iguatu - CE,426.07,21.40000000000001,27.79669260700389,CE,23026,Iguatu,7239,2,0,395,32,466,same_uf,54.56554772758668,4.420500069070314,64.37353225583644
230560,Independência - CE,257.47,25.8,32.37294917967187,CE,23018,Sertão de Cratéus,1517,1,0,6,5,14,same_uf,3.955174686882004,3.2959789057350033,9.22874093605801
230565,Ipaporanga - CE,178.98,30.099999999999994,2.0063055316709657,CE,23018,Sertão de Cratéus,754,0,0,8,1,11,same_uf,10.610079575596817,1.3262599469496021,14.588859416445624
230570,Ipaumirim - CE,372.76,25.3,16.751556310130166,CE,23028,Lavras da Mangabeira,643,0,0,17,6,25,same_uf,26.438569206842924,9.331259720062208,38.88024883359253
230580,Ipu - CE,295.1,25.5,7.5369763528474,CE,23006,Ipu,2959,1,0,65,5,80,same_uf,21.966880702940184,1.6897600540723217,27.036160865157147
230590,Ipueiras - CE,219.26,28.5,21.076192216334736,CE,23006,Ipu,2138,0,0,38,4,48,same_uf,17.773620205799812,1.8709073900841908,22.45088868101029
230600,Iracema - CE,325.83,25.0,22.48995983935743,CE,23025,Serra do Pereiro,804,0,0,33,2,37,same_uf,41.04477611940298,2.487562189054726,46.01990049751244
230610,Irauçuba - CE,204.56,25.3,36.83171869393613,CE,23005,Sobral,1663,1,0,69,4,80,same_uf,41.49128081779916,2.4052916416115453,48.10583283223091
230620,Itaiçaba - CE,291.86,20.8,3.326039387308534,CE,23022,Litoral de Aracati,380,1,0,4,0,5,same_uf,10.526315789473685,0.0,13.157894736842104
230625,Itaitinga - CE,274.07,15.799999999999995,5.7975691083145104,CE,23016,Fortaleza,1780,1,0,94,7,107,same_uf,52.80898876404494,3.932584269662921,60.1123595505618
230630,Itapajé - CE,251.11,20.90000000000001,26.624883936861654,CE,23010,Uruburetama,3656,0,0,67,10,86,same_uf,18.326039387308533,2.735229759299781,23.522975929978116
230640,Itapipoca - CE,259.1,20.3,34.712620645893864,CE,23008,Itapipoca,10781,3,0,132,18,189,same_uf,12.243762174195343,1.6696039328448196,17.530841294870605
230650,Itapiúna - CE,205.87,27.5,15.189616710606368,CE,23013,Baturité,1348,1,0,48,4,68,same_uf,35.60830860534124,2.9673590504451037,50.445103857566764
230655,Itarema - CE,209.93,23.8,12.51126126126126,CE,23001,Litoral de Camocim e Acaraú,3431,2,0,123,14,152,same_uf,35.84960652870883,4.080443019527834,44.30195278344506
230660,Itatira - CE,194.31,29.099999999999994,5.723835387507834,CE,23012,Canindé,1629,1,0,15,3,21,same_uf,9.208103130755065,1.8416206261510129,12.89134438305709
230670,Jaguaretama - CE,244.87,25.90000000000001,5.772956218519954,CE,23024,Médio Jaguaribe,1063,0,0,23,2,28,same_uf,21.636876763875822,1.881467544684854,26.340545625587957
230680,Jaguaribara - CE,284.0,23.8,57.142857142857146,CE,23024,Médio Jaguaribe,655,0,0,21,2,23,same_uf,32.06106870229008,3.053435114503817,35.11450381679389
230690,Jaguaribe - CE,282.2,23.40000000000001,54.0836456894851,CE,23024,Médio Jaguaribe,2016,0,0,110,9,142,same_uf,54.56349206349206,4.464285714285714,70.43650793650794
230700,Jaguaruana - CE,270.77,25.099999999999994,13.70489757720703,CE,23023,Baixo Jaguaribe,1681,0,0,43,4,49,same_uf,25.580011897679952,2.379535990481856,29.149315883402735
230710,Jardim - CE,240.02,23.599999999999994,38.298183948447566,CE,23032,Cariri,2529,1,0,58,6,68,same_uf,22.933965994464216,2.372479240806643,26.888098062475287
230720,Jati - CE,263.65,24.0,18.386061439706555,CE,23033,Brejo Santo,390,1,0,6,2,10,same_uf,15.384615384615385,5.128205128205129,25.641025641025642
230725,Jijoca de Jericoacoara - CE,363.51,20.700000000000003,14.349112426035504,CE,23001,Litoral de Camocim e Acaraú,900,1,0,37,7,47,same_uf,41.111111111111114,7.777777777777778,52.22222222222222
230730,Juazeiro do Norte - CE,433.27,14.900000000000006,47.6999609550115,CE,23032,Cariri,19152,2,0,1065,104,1271,same_uf,55.6077694235589,5.430242272347535,66.36382623224729
230740,Jucás - CE,224.19,27.8,27.55917159763313,CE,23027,Várzea Alegre,1864,0,0,38,3,64,same_uf,20.386266094420602,1.609442060085837,34.33476394849785
230750,Lavras da Mangabeira - CE,263.43,26.40000000000001,28.425925925925927,CE,23028,Lavras da Mangabeira,1765,0,0,32,2,36,same_uf,18.13031161473088,1.13314447592068,20.39660056657224
230760,Limoeiro do Norte - CE,398.67,17.599999999999994,21.78148515429038,CE,23023,Baixo Jaguaribe,3045,1,0,70,9,80,same_uf,22.988505747126435,2.955665024630542,26.272577996715928
230763,Madalena - CE,220.56,23.200000000000003,11.772072636192862,CE,23019,Sertão de Quixeramobim,1093,0,0,11,0,11,same_uf,10.064043915827996,0.0,10.064043915827996
230765,Maracanaú - CE,355.11,9.0,69.47832095353256,CE,23016,Fortaleza,22212,2,0,291,37,428,same_uf,13.101026472177201,1.665766252476139,19.268863677291556
230770,Maranguape - CE,289.84,13.900000000000006,32.33853160364339,CE,23016,Fortaleza,5725,2,0,119,14,158,same_uf,20.786026200873362,2.445414847161572,27.59825327510917
230780,Marco - CE,265.97,26.0,8.383736559139784,CE,23001,Litoral de Camocim e Acaraú,2566,1,0,87,9,104,same_uf,33.90491036632891,3.5074045206547155,40.53000779423227
230790,Martinópole - CE,229.15,26.0,4.138950480413895,CE,23001,Litoral de Camocim e Acaraú,834,0,0,23,5,32,same_uf,27.577937649880095,5.995203836930456,38.36930455635492
230800,Massapê - CE,224.68,25.40000000000001,38.542229912404025,CE,23005,Sobral,2977,1,0,157,18,199,same_uf,52.737655357742696,6.046355391333558,66.84581793752099
230810,Mauriti - CE,231.84,26.200000000000003,19.32628684368824,CE,23031,Barro,3224,2,0,18,1,26,same_uf,5.583126550868486,0.31017369727047145,8.064516129032258
230820,Meruoca - CE,257.22,16.599999999999994,8.581235697940503,CE,23004,Meruoca,1129,1,0,69,4,82,same_uf,61.11603188662533,3.5429583702391496,72.63064658990257
230830,Milagres - CE,260.18,26.200000000000003,12.865347798340778,CE,23033,Brejo Santo,1689,0,0,34,2,37,same_uf,20.130254588513914,1.1841326228537596,21.906453522794553
230835,Milhã - CE,258.16,26.5,22.15272348188689,CE,23021,Sertão de Senador Pompeu,696,0,0,11,0,13,same_uf,15.804597701149426,0.0,18.67816091954023
230837,Miraíma - CE,187.19,28.5,20.48192771084337,CE,23005,Sobral,1093,0,0,17,2,21,same_uf,15.553522415370539,1.829826166514181,19.213174748398902
230840,Missão Velha - CE,292.59,25.200000000000003,10.614586781418955,CE,23032,Cariri,2753,1,0,77,8,94,same_uf,27.969487831456593,2.905920813657828,34.144569560479475
230850,Mombaça - CE,242.34,30.8,28.83409945674885,CE,23021,Sertão de Senador Pompeu,2324,1,0,55,4,60,same_uf,23.666092943201377,1.721170395869191,25.817555938037867
230860,Monsenhor Tabosa - CE,234.1,27.0,6.234256926952141,CE,23018,Sertão de Cratéus,960,0,0,15,1,24,same_uf,15.625,1.0416666666666667,25.0
230870,Morada Nova - CE,273.71,25.700000000000003,9.602194787379972,CE,23023,Baixo Jaguaribe,3712,1,0,82,10,123,same_uf,22.09051724137931,2.6939655172413794,33.13577586206897
230880,Moraújo - CE,171.9,28.8,7.307873644507308,CE,23003,Coreaú,566,1,0,16,2,21,same_uf,28.268551236749115,3.5335689045936394,37.102473498233216
230890,Morrinhos - CE,203.09,25.700000000000003,23.332083958020988,CE,23001,Litoral de Camocim e Acaraú,1540,1,0,57,5,66,same_uf,37.01298701298701,3.2467532467532467,42.857142857142854
230900,Mucambo - CE,251.89,27.700000000000003,18.12588736393753,CE,23005,Sobral,829,1,0,44,2,47,same_uf,53.07599517490953,2.4125452352231602,56.69481302774427
230910,Mulungu - CE,241.5,20.40000000000001,30.020491803278688,CE,23013,Baturité,701,0,0,20,1,23,same_uf,28.530670470756064,1.4265335235378032,32.810271041369475
230920,Nova Olinda - CE,267.63,20.90000000000001,44.15975885455916,CE,23032,Cariri,1273,1,0,50,4,56,same_uf,39.27729772191673,3.1421838177533385,43.99057344854674
230930,Nova Russas - CE,301.46,26.0,20.920727116274065,CE,23018,Sertão de Cratéus,2195,0,0,56,3,70,same_uf,25.5125284738041,1.366742596810934,31.890660592255124
230940,Novo Oriente - CE,241.49,30.200000000000003,26.38090477380655,CE,23018,Sertão de Cratéus,1880,0,0,6,3,14,same_uf,3.1914893617021276,1.5957446808510638,7.446808510638298
230945,Ocara - CE,206.09,26.90000000000001,11.565127599940997,CE,23014,Chorozinho,1468,0,0,75,4,88,same_uf,51.08991825613079,2.7247956403269753,59.94550408719346
230950,Orós - CE,292.21,27.200000000000003,37.64310792245459,CE,23026,Iguatu,1574,0,0,32,13,45,same_uf,20.330368487928844,8.259212198221093,28.589580686149937
230960,Pacajus - CE,347.59,16.700000000000003,7.079092511514187,CE,23017,Pacajus,3548,1,0,125,21,165,same_uf,35.23111612175874,5.918827508455468,46.50507328072153
230970,Pacatuba - CE,329.82,8.599999999999994,77.56105381285737,CE,23016,Fortaleza,3592,0,0,66,14,93,same_uf,18.374164810690424,3.8975501113585747,25.89086859688196
230980,Pacoti - CE,277.27,17.799999999999997,45.54682383759005,CE,23013,Baturité,883,0,0,25,3,34,same_uf,28.312570781426952,3.3975084937712343,38.50509626274066
230990,Pacujá - CE,261.24,25.099999999999994,46.71240708976558,CE,23005,Sobral,390,1,0,23,1,26,same_uf,58.97435897435897,2.5641025641025643,66.66666666666667
231000,Palhano - CE,281.25,26.099999999999994,16.0857908847185,CE,23023,Baixo Jaguaribe,512,0,0,12,1,17,same_uf,23.4375,1.953125,33.203125
231010,Palmácia - CE,313.47,21.700000000000003,14.114211550940947,CE,23013,Baturité,554,0,0,9,0,11,same_uf,16.24548736462094,0.0,19.855595667870038
231020,Paracuru - CE,316.16,18.3,31.911713990113807,CE,23009,Baixo Curu,2406,0,0,45,7,55,same_uf,18.703241895261847,2.9093931837073983,22.8595178719867
231025,Paraipaba - CE,281.12,17.700000000000003,29.239980449657867,CE,23009,Baixo Curu,1964,0,0,54,9,63,same_uf,27.4949083503055,4.582484725050916,32.07739307535642
231030,Parambu - CE,207.87,31.40000000000001,30.64408290617339,CE,23020,Sertão de Inhamuns,2019,0,0,20,4,43,same_uf,9.905894006934126,1.9811788013868252,21.29767211490837
231040,Paramoti - CE,191.48,26.5,10.465116279069768,CE,23012,Canindé,615,0,0,5,0,8,same_uf,8.130081300813009,0.0,13.008130081300813
231050,Pedra Branca - CE,221.47,30.3,36.5959943015168,CE,23021,Sertão de Senador Pompeu,2933,0,0,23,3,30,same_uf,7.841800204568701,1.0228435049437437,10.228435049437437
231060,Penaforte - CE,264.65,20.200000000000003,57.09916994320664,CE,23033,Brejo Santo,629,0,0,23,0,25,same_uf,36.56597774244833,0.0,39.7456279809221
231070,Pentecoste - CE,256.85,22.599999999999994,28.058429701765064,CE,23011,Médio Curu,2459,0,0,51,200,259,same_uf,20.74013826758845,81.3338755591704,105.32736884912566
231080,Pereiro - CE,200.5,26.40000000000001,13.091410197519522,CE,23025,Serra do Pereiro,863,0,0,14,2,19,same_uf,16.22247972190035,2.317497103128621,22.0162224797219
231085,Pindoretama - CE,294.06,19.8,1.235723647257068,CE,23015,Cascavel,1193,1,0,55,10,66,same_uf,46.102263202011734,8.382229673093043,55.322715842414084
231090,Piquet Carneiro - CE,215.1,23.8,5.228758169934641,CE,23021,Sertão de Senador Pompeu,736,3,0,13,3,17,same_uf,17.66304347826087,4.076086956521739,23.097826086956523
231095,Pires Ferreira - CE,188.75,26.3,5.667144906743185,CE,23006,Ipu,476,0,0,14,0,17,same_uf,29.41176470588235,0.0,35.714285714285715
231100,Poranga - CE,209.52,29.700000000000003,11.74220129487934,CE,23006,Ipu,654,1,0,5,2,8,same_uf,7.6452599388379205,3.058103975535168,12.232415902140673
231110,Porteiras - CE,215.84,26.40000000000001,30.3519768563163,CE,23032,Cariri,1083,0,0,30,1,34,same_uf,27.700831024930746,0.9233610341643582,31.39427516158818
231120,Potengi - CE,212.73,31.0,7.991513437057992,CE,23029,Chapada do Araripe,823,0,0,32,1,33,same_uf,38.88213851761847,1.2150668286755772,40.09720534629405
231123,Potiretama - CE,234.58,27.3,0.8211143695014663,CE,23025,Serra do Pereiro,196,0,0,4,2,6,same_uf,20.408163265306122,10.204081632653061,30.612244897959183
231126,Quiterianópolis - CE,206.12,29.599999999999994,15.344285214959804,CE,23018,Sertão de Cratéus,808,0,0,6,1,7,same_uf,7.425742574257426,1.2376237623762376,8.663366336633663
231130,Quixadá - CE,310.28,21.099999999999994,54.10866027843066,CE,23019,Sertão de Quixeramobim,7278,3,0,88,6,153,same_uf,12.091233855454796,0.8244023083264633,21.022258862324815
231135,Quixelô - CE,239.34,33.2,23.43078245915736,CE,23026,Iguatu,1082,0,0,58,5,65,same_uf,53.60443622920518,4.621072088724584,60.07393715341959
231140,Quixeramobim - CE,314.56,21.90000000000001,43.94412971283454,CE,23019,Sertão de Quixeramobim,5636,6,0,97,11,141,same_uf,17.210787792760822,1.951738821859475,25.017743080198724
231150,Quixeré - CE,254.65,23.599999999999994,2.8415858431172367,CE,23023,Baixo Jaguaribe,1145,0,0,23,1,25,same_uf,20.087336244541486,0.8733624454148472,21.83406113537118
231160,Redenção - CE,267.52,21.700000000000003,17.01839826839827,CE,23013,Baturité,2302,0,0,38,3,46,same_uf,16.507384882710685,1.3032145960034753,19.98262380538662
231170,Reriutaba - CE,255.92,26.0,5.841247088335424,CE,23006,Ipu,1319,0,0,60,4,67,same_uf,45.489006823351026,3.0326004548900682,50.79605761940864
231180,Russas - CE,368.95,17.799999999999997,28.88148547351918,CE,23023,Baixo Jaguaribe,4463,0,0,111,10,129,same_uf,24.871162894913734,2.2406453058480844,28.904324445440288
231190,Saboeiro - CE,218.11,29.5,9.096960284002662,CE,23020,Sertão de Inhamuns,1103,0,0,22,5,27,same_uf,19.945602901178603,4.533091568449683,24.478694469628287
231195,Salitre - CE,176.47,35.2,11.73027989821883,CE,23029,Chapada do Araripe,1441,0,0,62,2,65,same_uf,43.02567661346287,1.3879250520471895,45.107564191533655
231200,Santana do Acaraú - CE,214.08,26.599999999999994,36.213772932730656,CE,23005,Sobral,2501,2,0,102,6,134,same_uf,40.78368652538985,2.3990403838464616,53.57856857257097
231210,Santana do Cariri - CE,210.63,26.099999999999994,21.951219512195124,CE,23032,Cariri,1343,0,0,65,6,81,same_uf,48.39910647803425,4.467609828741623,60.31273268801191
231220,Santa Quitéria - CE,229.69,24.599999999999994,23.663541930580188,CE,23007,Santa Quitéria,2872,3,0,56,10,72,same_uf,19.498607242339833,3.481894150417827,25.069637883008358
231230,São Benedito - CE,257.18,23.8,28.10511527972895,CE,23002,Ibiapaba,3755,0,0,40,20,75,same_uf,10.652463382157125,5.326231691078562,19.97336884154461
231240,São Gonçalo do Amarante - CE,301.35,18.200000000000003,26.059445508284075,CE,23009,Baixo Curu,3352,0,0,85,14,100,same_uf,25.35799522673031,4.176610978520286,29.832935560859188
231250,São João do Jaguaribe - CE,371.87,23.700000000000003,24.16602017067494,CE,23023,Baixo Jaguaribe,270,0,0,5,1,6,same_uf,18.51851851851852,3.7037037037037037,22.22222222222222
231260,São Luís do Curu - CE,252.2,21.0,4.052543320290665,CE,23011,Médio Curu,794,1,0,18,17,39,same_uf,22.670025188916878,21.410579345088163,49.1183879093199
231270,Senador Pompeu - CE,280.59,24.8,36.828869608952594,CE,23021,Sertão de Senador Pompeu,1814,0,0,46,7,59,same_uf,25.35832414553473,3.8588754134509373,32.52480705622933
231280,Senador Sá - CE,211.97,29.3,7.839912280701754,CE,23005,Sobral,624,0,0,21,3,27,same_uf,33.65384615384615,4.8076923076923075,43.26923076923077
231290,Sobral - CE,436.87,15.099999999999994,75.68289786223278,CE,23005,Sobral,16194,11,0,1113,77,1328,same_uf,68.72915894775844,4.754847474373225,82.00568111646288
231300,Solonópole - CE,266.77,24.099999999999994,12.98185941043084,CE,23021,Sertão de Senador Pompeu,913,0,0,12,2,16,same_uf,13.143483023001096,2.190580503833516,17.524644030668128
231310,Tabuleiro do Norte - CE,373.81,20.700000000000003,24.613529218287468,CE,23023,Baixo Jaguaribe,1290,0,0,32,3,42,same_uf,24.8062015503876,2.3255813953488373,32.55813953488372
231320,Tamboril - CE,208.81,29.700000000000003,11.909235438647205,CE,23018,Sertão de Cratéus,1632,0,0,10,2,17,same_uf,6.127450980392157,1.2254901960784315,10.416666666666666
231325,Tarrafas - CE,212.94,31.700000000000003,2.4115755627009645,CE,23027,Várzea Alegre,285,0,0,14,2,17,same_uf,49.12280701754386,7.017543859649122,59.64912280701754
231330,Tauá - CE,298.93,25.0,33.50147637795276,CE,23020,Sertão de Inhamuns,4087,0,0,87,1,100,same_uf,21.28700758502569,0.24467824810374358,24.467824810374356
231335,Tejuçuoca - CE,198.87,24.599999999999994,2.7279086034040567,CE,23011,Médio Curu,1065,1,0,29,16,47,same_uf,27.230046948356808,15.023474178403756,44.13145539906103
231340,Tianguá - CE,384.26,21.5,40.35675082327113,CE,23002,Ibiapaba,6198,0,0,62,10,113,same_uf,10.003226847370119,1.6134236850596966,18.231687641174574
231350,Trairi - CE,203.65,21.0,6.344456082597636,CE,23008,Itapipoca,3858,0,0,20,12,39,same_uf,5.184033177812338,3.1104199066874028,10.10886469673406
231355,Tururu - CE,183.54,25.3,1.6496465043205029,CE,23010,Uruburetama,1326,0,0,13,2,20,same_uf,9.803921568627452,1.5082956259426847,15.082956259426847
231360,Ubajara - CE,313.74,22.099999999999994,8.253205128205128,CE,23002,Ibiapaba,2638,0,0,34,4,68,same_uf,12.88855193328279,1.5163002274450341,25.77710386656558
231370,Umari - CE,223.05,30.099999999999994,14.524361948955915,CE,23028,Lavras da Mangabeira,415,0,0,6,7,14,same_uf,14.457831325301205,16.867469879518072,33.734939759036145
231375,Umirim - CE,190.79,25.200000000000003,7.213252254141329,CE,23010,Uruburetama,1431,1,0,23,6,38,same_uf,16.07267645003494,4.1928721174004195,26.55485674353599
231380,Uruburetama - CE,263.63,20.700000000000003,19.168900804289542,CE,23010,Uruburetama,1806,0,0,42,2,50,same_uf,23.25581395348837,1.1074197120708749,27.685492801771872
231390,Uruoca - CE,181.26,32.3,24.89427685367917,CE,23003,Coreaú,841,0,0,30,5,37,same_uf,35.6718192627824,5.945303210463734,43.99524375743163
231395,Varjota - CE,279.54,23.90000000000001,25.26143120770966,CE,23006,Ipu,1221,0,0,49,1,57,same_uf,40.13104013104013,0.819000819000819,46.68304668304668
231400,Várzea Alegre - CE,273.72,26.099999999999994,18.42994541200936,CE,23027,Várzea Alegre,2786,0,0,114,28,145,same_uf,40.918880114860016,10.050251256281408,52.045944005743
231410,Viçosa do Ceará - CE,202.74,27.3,9.578233298923465,CE,23002,Ibiapaba,5094,1,0,154,26,207,same_uf,30.23164507263447,5.104043973301924,40.63604240282685
240010,Acari - RN,407.77,16.200000000000003,82.23504403279684,RN,24012,Seridó Oriental,825,0,0,5,144,149,same_uf,6.0606060606060606,174.54545454545453,180.6060606060606
240020,Assú - RN,426.22,20.700000000000003,13.626566078404958,RN,24004,Vale do Açu,4361,1,0,42,16,86,same_uf,9.630818619582664,3.6688832836505387,19.720247649621648
240030,Afonso Bezerra - RN,252.49,29.0,51.821586653047326,RN,24009,Angicos,682,0,0,11,2,17,same_uf,16.129032258064516,2.932551319648094,24.926686217008797
240040,Água Nova - RN,205.56,20.40000000000001,7.070707070707071,RN,24005,Serra de São Miguel,245,0,0,5,1,6,same_uf,20.408163265306122,4.081632653061225,24.489795918367346
240050,Alexandria - RN,294.2,31.0,57.2484076433121,RN,24006,Pau dos Ferros,940,0,0,12,3,17,same_uf,12.76595744680851,3.1914893617021276,18.085106382978722
240060,Almino Afonso - RN,286.88,23.40000000000001,12.604456824512535,RN,24007,Umarizal,402,0,0,1,0,2,same_uf,2.487562189054726,0.0,4.975124378109452
240070,Alto do Rodrigues - RN,441.5,18.200000000000003,8.200391827595858,RN,24004,Vale do Açu,711,0,0,20,0,24,same_uf,28.129395218002813,0.0,33.755274261603375
240080,Angicos - RN,334.86,24.5,38.284132841328415,RN,24009,Angicos,910,0,0,14,6,34,same_uf,15.384615384615385,6.593406593406593,37.362637362637365
240090,Antônio Martins - RN,247.46,28.8,24.8203162434116,RN,24007,Umarizal,411,0,0,3,0,8,same_uf,7.299270072992701,0.0,19.464720194647203
240100,Apodi - RN,356.88,22.099999999999994,10.291029102910292,RN,24002,Chapada do Apodi,2570,1,0,31,2,70,same_uf,12.062256809338521,0.7782101167315175,27.237354085603112
240110,Areia Branca - RN,445.19,15.400000000000006,29.05321354526607,RN,24001,Mossoró,1765,0,0,21,2,29,same_uf,11.898016997167138,1.13314447592068,16.430594900849858
240120,Arez - RN,299.22,23.700000000000003,20.15683996514668,RN,24019,Litoral Sul,805,0,0,42,6,52,same_uf,52.17391304347826,7.453416149068323,64.59627329192547
240130,Campo Grande - RN,376.89,27.0,17.498081350729088,RN,24003,Médio Oeste,570,0,0,4,4,17,same_uf,7.017543859649122,7.017543859649122,29.82456140350877
240140,Baía Formosa - RN,309.79,20.8,10.363887609396592,RN,24019,Litoral Sul,592,0,0,22,28,52,same_uf,37.16216216216216,47.2972972972973,87.83783783783784
240145,Baraúna - RN,255.44,25.599999999999994,9.675025968244547,RN,24001,Mossoró,2195,1,0,23,7,34,same_uf,10.478359908883826,3.1890660592255125,15.489749430523919
240150,Barcelona - RN,266.48,27.40000000000001,25.32981530343008,RN,24014,Borborema Potiguar,198,0,0,5,0,6,same_uf,25.252525252525253,0.0,30.303030303030305
240160,Bento Fernandes - RN,232.18,26.099999999999994,13.77983063895304,RN,24013,Baixa Verde,313,0,0,15,1,17,same_uf,47.92332268370607,3.194888178913738,54.31309904153355
240165,Bodó - RN,274.38,23.3,40.57553956834533,RN,24010,Serra de Santana,208,1,0,7,1,8,same_uf,33.65384615384615,4.8076923076923075,38.46153846153846
240170,Bom Jesus - RN,295.86,29.599999999999994,10.502625656414104,RN,24015,Agreste Potiguar,659,0,0,29,0,29,same_uf,44.00606980273141,0.0,44.00606980273141
240180,Brejinho - RN,297.73,29.0,31.556503198294244,RN,24015,Agreste Potiguar,893,0,0,34,3,38,same_uf,38.07390817469205,3.3594624860022395,42.5531914893617
240185,Caiçara do Norte - RN,273.99,23.700000000000003,40.41095890410959,RN,24008,Macau,402,0,0,16,1,17,same_uf,39.80099502487562,2.487562189054726,42.288557213930346
240190,Caiçara do Rio do Vento - RN,240.51,23.90000000000001,58.52017937219731,RN,24009,Angicos,250,0,0,12,1,14,same_uf,48.0,4.0,56.0
240200,Caicó - RN,622.27,14.200000000000005,76.83961757439037,RN,24011,Seridó Ocidental,4161,0,0,39,7,52,same_uf,9.372746935832733,1.6822879115597211,12.496995914443643
240210,Campo Redondo - RN,247.37,23.40000000000001,45.58414464534075,RN,24014,Borborema Potiguar,632,0,0,12,1,16,same_uf,18.9873417721519,1.5822784810126582,25.31645569620253
240220,Canguaretama - RN,250.2,23.90000000000001,5.283706402915148,RN,24019,Litoral Sul,2817,2,0,89,20,124,same_uf,31.59389421370252,7.099751508697196,44.018459353922616
240230,Caraúbas - RN,320.97,24.8,12.785543811796796,RN,24002,Chapada do Apodi,1473,0,0,9,1,37,same_uf,6.109979633401222,0.6788866259334692,25.118805159538358
240240,Carnaúba dos Dantas - RN,386.98,13.200000000000005,16.75579322638146,RN,24012,Seridó Oriental,393,0,0,9,14,23,same_uf,22.900763358778626,35.6234096692112,58.524173027989825
240250,Carnaubais - RN,293.26,23.90000000000001,45.283700758944704,RN,24004,Vale do Açu,665,0,0,6,2,9,same_uf,9.022556390977444,3.007518796992481,13.533834586466165
240260,Ceará-Mirim - RN,313.91,20.5,55.11018566718723,RN,24017,Macaíba,5478,1,0,270,43,343,same_uf,49.28806133625411,7.849580138736766,62.61409273457466
240270,Cerro Corá - RN,281.57,24.90000000000001,4.746317512274959,RN,24010,Serra de Santana,849,1,0,27,2,33,same_uf,31.802120141342755,2.3557126030624262,38.869257950530034
240280,Coronel Ezequiel - RN,236.21,27.099999999999994,20.21614748887476,RN,24014,Borborema Potiguar,345,0,0,4,0,5,same_uf,11.594202898550725,0.0,14.492753623188406
240290,Coronel João Pessoa - RN,242.47,30.40000000000001,0.3142183817753338,RN,24005,Serra de São Miguel,267,0,0,9,1,11,same_uf,33.70786516853933,3.745318352059925,41.19850187265918
240300,Cruzeta - RN,338.17,20.40000000000001,66.19028174765211,RN,24012,Seridó Oriental,470,0,0,9,18,28,same_uf,19.148936170212767,38.297872340425535,59.57446808510638
240310,Currais Novos - RN,517.61,16.400000000000006,83.42426187419768,RN,24012,Seridó Oriental,2656,0,0,128,2,135,same_uf,48.19277108433735,0.7530120481927711,50.82831325301205
240320,Doutor Severiano - RN,269.35,22.40000000000001,25.40937323546019,RN,24005,Serra de São Miguel,501,0,0,14,0,15,same_uf,27.944111776447105,0.0,29.940119760479043
240325,Parnamirim - RN,833.82,7.599999999999994,57.58258880472078,RN,24018,Natal,13314,3,0,92,5,201,same_uf,6.910019528316059,0.3755445395823945,15.096890491212259
240330,Encanto - RN,307.9,21.90000000000001,16.070222822417286,RN,24005,Serra de São Miguel,382,1,0,15,2,17,same_uf,39.26701570680628,5.2356020942408374,44.50261780104712
240340,Equador - RN,287.83,20.5,50.43427909669948,RN,24012,Seridó Oriental,348,0,0,13,1,15,same_uf,37.35632183908046,2.8735632183908044,43.10344827586207
240350,Espírito Santo - RN,233.05,35.7,19.89830508474576,RN,24019,Litoral Sul,738,0,0,14,4,22,same_uf,18.97018970189702,5.420054200542006,29.81029810298103
240360,Extremoz - RN,413.22,16.299999999999997,37.8058162794276,RN,24018,Natal,1949,0,0,137,6,159,same_uf,70.29245767060031,3.078501795792714,81.58029758850692
240370,Felipe Guerra - RN,293.23,20.0,4.910179640718563,RN,24002,Chapada do Apodi,325,1,0,1,0,3,same_uf,3.076923076923077,0.0,9.23076923076923
240375,Fernando Pedroza - RN,266.24,28.200000000000003,7.042253521126761,RN,24009,Angicos,240,1,0,10,0,13,same_uf,41.666666666666664,0.0,54.166666666666664
240380,Florânia - RN,356.23,21.700000000000003,73.50863422291994,RN,24010,Serra de Santana,669,0,0,20,2,28,same_uf,29.895366218236173,2.9895366218236172,41.85351270553064
240390,Francisco Dantas - RN,296.86,27.40000000000001,1.0778443113772456,RN,24006,Pau dos Ferros,197,0,0,3,1,6,same_uf,15.228426395939087,5.0761421319796955,30.456852791878173
240400,Frutuoso Gomes - RN,264.57,23.90000000000001,1.6216216216216215,RN,24007,Umarizal,324,0,0,7,2,10,same_uf,21.604938271604937,6.172839506172839,30.864197530864196
240410,Galinhos - RN,287.83,24.700000000000003,0.8960573476702509,RN,24008,Macau,132,0,0,5,1,6,same_uf,37.878787878787875,7.575757575757576,45.45454545454545
240420,Goianinha - RN,357.39,21.700000000000003,43.24517512508935,RN,24019,Litoral Sul,2137,1,0,69,11,89,same_uf,32.288254562470755,5.147402901263454,41.647168928404305
240430,Governador Dix-Sept Rosado - RN,263.5,22.700000000000003,31.57894736842105,RN,24002,Chapada do Apodi,935,1,0,13,4,20,same_uf,13.903743315508022,4.278074866310161,21.390374331550802
240440,Grossos - RN,398.69,24.3,17.67425320056899,RN,24001,Mossoró,589,3,0,10,5,16,same_uf,16.97792869269949,8.488964346349745,27.164685908319186
240450,Guamaré - RN,395.06,21.40000000000001,37.308501051366775,RN,24008,Macau,989,0,0,41,7,52,same_uf,41.45601617795753,7.077856420626896,52.578361981799794
240460,Ielmo Marinho - RN,202.4,25.8,18.96088384592416,RN,24015,Agreste Potiguar,573,0,0,34,6,41,same_uf,59.33682373472949,10.471204188481675,71.55322862129145
240470,Ipanguaçu - RN,271.68,26.0,18.43220338983051,RN,24004,Vale do Açu,1234,0,0,21,5,32,same_uf,17.01782820097245,4.051863857374392,25.93192868719611
240480,Ipueira - RN,393.6,22.5,1.875,RN,24011,Seridó Ocidental,96,0,0,1,1,2,same_uf,10.416666666666666,10.416666666666666,20.833333333333332
240485,Itajá - RN,304.68,24.3,15.576820839978735,RN,24004,Vale do Açu,644,0,0,5,1,6,same_uf,7.763975155279503,1.5527950310559007,9.316770186335404
240490,Itaú - RN,306.42,20.3,3.289473684210526,RN,24006,Pau dos Ferros,332,1,0,7,1,10,same_uf,21.08433734939759,3.0120481927710845,30.120481927710845
240500,Jaçanã - RN,257.66,25.099999999999994,0.733074601121173,RN,24014,Borborema Potiguar,498,1,0,10,1,11,same_uf,20.080321285140563,2.0080321285140563,22.08835341365462
240510,Jandaíra - RN,234.81,30.0,14.870689655172416,RN,24013,Baixa Verde,423,0,0,15,6,22,same_uf,35.46099290780142,14.184397163120567,52.009456264775416
240520,Janduís - RN,266.39,25.5,41.766268260292165,RN,24003,Médio Oeste,417,0,0,9,4,16,same_uf,21.58273381294964,9.59232613908873,38.36930455635492
240530,Januário Cicco - RN,189.99,32.599999999999994,12.016293279022404,RN,24015,Agreste Potiguar,565,0,0,29,3,36,same_uf,51.32743362831859,5.3097345132743365,63.716814159292035
240540,Japi - RN,211.63,32.7,52.97805642633229,RN,24014,Borborema Potiguar,524,0,0,6,2,10,same_uf,11.450381679389313,3.816793893129771,19.083969465648856
240550,Jardim de Angicos - RN,254.03,26.700000000000003,9.04109589041096,RN,24009,Angicos,150,0,0,7,3,10,same_uf,46.666666666666664,20.0,66.66666666666667
240560,Jardim de Piranhas - RN,298.1,23.5,21.13041223749028,RN,24011,Seridó Ocidental,857,0,0,11,4,17,same_uf,12.835472578763127,4.667444574095683,19.83663943990665
240570,Jardim do Seridó - RN,445.31,17.099999999999994,73.74185136897002,RN,24012,Seridó Oriental,426,0,0,4,8,12,same_uf,9.389671361502348,18.779342723004696,28.169014084507044
240580,João Câmara - RN,333.49,25.0,17.54180797567536,RN,24013,Baixa Verde,2469,0,0,74,9,89,same_uf,29.971648440664236,3.6452004860267313,36.04698258404212
240590,João Dias - RN,169.91,36.6,37.63297872340426,RN,24007,Umarizal,185,0,0,2,0,2,same_uf,10.81081081081081,0.0,10.81081081081081
240600,José da Penha - RN,298.51,27.40000000000001,21.693414499169894,RN,24006,Pau dos Ferros,310,0,0,7,0,8,same_uf,22.580645161290324,0.0,25.806451612903224
240610,Jucurutu - RN,299.14,29.099999999999994,31.86562915164168,RN,24004,Vale do Açu,1213,0,0,41,22,74,same_uf,33.800494641384994,18.136850783182194,61.00577081615828
240615,Jundiá - RN,245.4,33.099999999999994,6.75146771037182,RN,24015,Agreste Potiguar,242,1,0,3,1,4,same_uf,12.396694214876034,4.132231404958677,16.52892561983471
240620,Lagoa d'Anta - RN,291.03,30.599999999999994,6.6547831253713605,RN,24015,Agreste Potiguar,445,0,0,12,14,28,same_uf,26.96629213483146,31.46067415730337,62.92134831460674
240630,Lagoa de Pedras - RN,212.54,33.5,8.478038815117467,RN,24015,Agreste Potiguar,497,0,0,10,2,12,same_uf,20.120724346076457,4.0241448692152915,24.14486921529175
240640,Lagoa de Velhos - RN,267.29,25.0,18.68279569892473,RN,24014,Borborema Potiguar,212,1,0,7,0,7,same_uf,33.0188679245283,0.0,33.0188679245283
240650,Lagoa Nova - RN,226.63,26.599999999999994,46.38783269961977,RN,24010,Serra de Santana,1259,1,0,55,5,61,same_uf,43.68546465448769,3.971405877680699,48.451151707704526
240660,Lagoa Salgada - RN,237.12,34.5,2.2520364159080017,RN,24015,Agreste Potiguar,746,0,0,33,3,38,same_uf,44.23592493297587,4.021447721179625,50.938337801608576
240670,Lajes - RN,286.4,25.099999999999994,61.07497432386169,RN,24009,Angicos,621,0,0,23,1,26,same_uf,37.03703703703704,1.6103059581320451,41.86795491143317
240680,Lajes Pintadas - RN,256.13,25.3,34.55098934550989,RN,24014,Borborema Potiguar,410,0,0,4,2,8,same_uf,9.75609756097561,4.878048780487805,19.51219512195122
240690,Lucrécia - RN,388.17,22.099999999999994,72.95004712535344,RN,24007,Umarizal,234,0,0,3,0,4,same_uf,12.820512820512821,0.0,17.094017094017094
240700,Luís Gomes - RN,226.42,26.8,3.8846153846153846,RN,24005,Serra de São Miguel,649,0,0,11,3,16,same_uf,16.949152542372882,4.622496147919877,24.65331278890601
240710,Macaíba - RN,358.8,21.0,19.5499152237579,RN,24017,Macaíba,4731,3,0,219,13,273,same_uf,46.290424857324034,2.7478334390192347,57.704502219403935
240720,Macau - RN,448.18,17.799999999999997,70.66416334193852,RN,24008,Macau,2589,0,0,42,8,81,same_uf,16.22247972190035,3.089996137504828,31.286210892236383
240725,Major Sales - RN,281.96,26.40000000000001,20.83748753738784,RN,24005,Serra de São Miguel,272,0,0,8,0,9,same_uf,29.41176470588235,0.0,33.088235294117645
240730,Marcelino Vieira - RN,277.98,27.90000000000001,31.007104053489343,RN,24006,Pau dos Ferros,587,0,0,14,1,15,same_uf,23.850085178875638,1.7035775127768313,25.55366269165247
240740,Martins - RN,289.72,18.0,0.2913025384935497,RN,24007,Umarizal,461,0,0,9,2,15,same_uf,19.522776572668114,4.3383947939262475,32.53796095444685
240750,Maxaranguape - RN,294.29,19.8,5.510597302504817,RN,24016,Litoral Nordeste,772,0,0,50,4,60,same_uf,64.76683937823834,5.181347150259067,77.72020725388602
240760,Messias Targino - RN,348.42,30.3,17.517006802721088,RN,24003,Médio Oeste,229,0,0,4,0,4,same_uf,17.467248908296945,0.0,17.467248908296945
240770,Montanhas - RN,244.33,27.3,5.331179321486268,RN,24019,Litoral Sul,817,0,0,42,31,79,same_uf,51.407588739290084,37.9436964504284,96.6952264381885
240780,Monte Alegre - RN,277.5,26.90000000000001,23.586061985641745,RN,24015,Agreste Potiguar,1417,0,0,37,20,60,same_uf,26.11150317572336,14.114326040931546,42.342978122794634
240790,Monte das Gameleiras - RN,255.4,27.8,25.229357798165136,RN,24014,Borborema Potiguar,199,0,0,4,2,7,same_uf,20.100502512562816,10.050251256281408,35.175879396984925
240800,Mossoró - RN,590.33,13.0,64.89879370271927,RN,24001,Mossoró,17718,12,0,199,86,315,same_uf,11.231515972457387,4.853820973021786,17.77853030816119
240810,Natal - RN,921.29,8.0,62.76865855419027,RN,24018,Natal,48307,4,0,3238,191,3787,same_uf,67.02962303599892,3.953878319912228,78.39443558904506
240820,Nísia Floresta - RN,329.63,20.700000000000003,21.49239692741809,RN,24017,Macaíba,1688,0,0,44,4,55,same_uf,26.066350710900473,2.3696682464454977,32.58293838862559
240830,Nova Cruz - RN,307.24,29.200000000000003,14.132434089515634,RN,24015,Agreste Potiguar,2932,1,0,67,464,544,same_uf,22.85129604365621,158.2537517053206,185.53888130968622
240840,Olho d'Água do Borges - RN,285.44,32.7,2.414330218068536,RN,24007,Umarizal,219,0,0,1,1,3,same_uf,4.566210045662101,4.566210045662101,13.698630136986301
240850,Ouro Branco - RN,347.55,19.599999999999994,16.846652267818573,RN,24012,Seridó Oriental,226,0,0,4,0,4,same_uf,17.699115044247787,0.0,17.699115044247787
240860,Paraná - RN,213.88,31.8,1.1586452762923352,RN,24006,Pau dos Ferros,264,0,0,2,1,3,same_uf,7.575757575757576,3.787878787878788,11.363636363636363
240870,Paraú - RN,292.69,26.099999999999994,18.63636363636364,RN,24003,Médio Oeste,171,0,0,2,1,3,same_uf,11.695906432748538,5.847953216374269,17.54385964912281
240880,Parazinho - RN,232.63,29.5,44.8559670781893,RN,24013,Baixa Verde,337,0,0,16,0,19,same_uf,47.47774480712166,0.0,56.37982195845697
240890,Parelhas - RN,386.68,15.799999999999995,70.94115707928135,RN,24012,Seridó Oriental,1848,1,0,91,7,102,same_uf,49.24242424242424,3.787878787878788,55.1948051948052
240895,Rio do Fogo - RN,236.42,24.5,0.8956386292834891,RN,24016,Litoral Nordeste,797,0,0,49,3,55,same_uf,61.480552070263485,3.764115432873275,69.00878293601004
240910,Passa e Fica - RN,258.3,30.0,59.5807402554864,RN,24015,Agreste Potiguar,766,0,0,23,5,29,same_uf,30.026109660574413,6.527415143603133,37.85900783289817
240920,Passagem - RN,237.92,26.099999999999994,6.168446026097271,RN,24015,Agreste Potiguar,201,0,0,5,5,11,same_uf,24.875621890547265,24.875621890547265,54.72636815920398
240930,Patu - RN,326.35,26.099999999999994,21.85612300933553,RN,24007,Umarizal,804,0,0,11,1,14,same_uf,13.681592039800995,1.243781094527363,17.412935323383085
240933,Santa Maria - RN,239.8,26.599999999999994,0.9146341463414634,RN,24015,Agreste Potiguar,295,0,0,16,0,17,same_uf,54.23728813559322,0.0,57.6271186440678
240940,Pau dos Ferros - RN,499.06,17.0,57.55727091633466,RN,24006,Pau dos Ferros,2204,0,0,63,5,76,same_uf,28.584392014519057,2.268602540834846,34.48275862068966
240950,Pedra Grande - RN,206.95,23.3,3.10077519379845,RN,24016,Litoral Nordeste,240,0,0,14,1,18,same_uf,58.333333333333336,4.166666666666667,75.0
240960,Pedra Preta - RN,215.29,22.3,4.078549848942598,RN,24009,Angicos,163,0,0,5,1,6,same_uf,30.67484662576687,6.134969325153374,36.809815950920246
240970,Pedro Avelino - RN,286.66,25.8,49.42240080361627,RN,24009,Angicos,353,0,0,18,1,19,same_uf,50.991501416430594,2.8328611898016995,53.82436260623229
240980,Pedro Velho - RN,257.19,29.3,36.39937106918239,RN,24019,Litoral Sul,1076,0,0,37,9,51,same_uf,34.386617100371744,8.364312267657992,47.39776951672862
240990,Pendências - RN,389.38,21.40000000000001,61.74792531120332,RN,24004,Vale do Açu,865,1,0,20,2,27,same_uf,23.121387283236995,2.3121387283236996,31.213872832369944
241000,Pilões - RN,259.43,27.8,21.979166666666668,RN,24006,Pau dos Ferros,215,0,0,2,1,3,same_uf,9.30232558139535,4.651162790697675,13.953488372093023
241010,Poço Branco - RN,258.71,27.8,9.467103304554929,RN,24013,Baixa Verde,774,0,0,34,1,41,same_uf,43.92764857881137,1.2919896640826873,52.97157622739018
241020,Portalegre - RN,295.33,22.099999999999994,1.1267605633802815,RN,24006,Pau dos Ferros,506,0,0,17,0,17,same_uf,33.59683794466403,0.0,33.59683794466403
241025,Porto do Mangue - RN,255.03,26.3,0.2775850104094379,RN,24004,Vale do Açu,357,0,0,2,0,2,same_uf,5.602240896358543,0.0,5.602240896358543
241030,Serra Caiada - RN,240.01,29.90000000000001,27.512998266897743,RN,24015,Agreste Potiguar,781,0,0,20,5,30,same_uf,25.60819462227913,6.402048655569782,38.41229193341869
241040,Pureza - RN,193.38,25.700000000000003,1.4411901441190145,RN,24016,Litoral Nordeste,550,0,0,25,5,30,same_uf,45.45454545454545,9.090909090909092,54.54545454545455
241050,Rafael Fernandes - RN,309.39,22.8,20.83024462564863,RN,24006,Pau dos Ferros,365,0,0,9,1,11,same_uf,24.65753424657534,2.73972602739726,30.136986301369863
241060,Rafael Godeiro - RN,299.2,23.099999999999994,3.5639412997903563,RN,24007,Umarizal,229,0,0,2,1,4,same_uf,8.733624454148472,4.366812227074236,17.467248908296945
241070,Riacho da Cruz - RN,230.21,24.40000000000001,59.49506037321625,RN,24006,Pau dos Ferros,254,0,0,7,0,8,same_uf,27.559055118110237,0.0,31.496062992125985
241080,Riacho de Santana - RN,236.56,25.200000000000003,15.26530612244898,RN,24005,Serra de São Miguel,310,0,0,4,2,6,same_uf,12.903225806451612,6.451612903225806,19.35483870967742
241090,Riachuelo - RN,259.35,27.8,60.88840736728061,RN,24015,Agreste Potiguar,531,0,0,24,5,33,same_uf,45.19774011299435,9.416195856873824,62.14689265536723
241100,Rodolfo Fernandes - RN,260.4,28.0,21.686746987951807,RN,24006,Pau dos Ferros,316,0,0,8,0,8,same_uf,25.31645569620253,0.0,25.31645569620253
241105,Tibau - RN,366.07,21.0,31.65182987141444,RN,24001,Mossoró,349,0,0,4,0,6,same_uf,11.461318051575931,0.0,17.191977077363898
241110,Ruy Barbosa - RN,240.35,28.5,0.7223942208462333,RN,24014,Borborema Potiguar,190,0,0,10,1,13,same_uf,52.63157894736842,5.2631578947368425,68.42105263157895
241120,Santa Cruz - RN,318.64,22.099999999999994,81.4661692043965,RN,24014,Borborema Potiguar,3392,0,0,59,11,96,same_uf,17.3938679245283,3.2429245283018866,28.30188679245283
241140,Santana do Matos - RN,250.67,26.90000000000001,58.53718804052384,RN,24010,Serra de Santana,772,0,0,24,10,34,same_uf,31.088082901554404,12.953367875647668,44.04145077720207
241142,Santana do Seridó - RN,325.16,18.200000000000003,65.56016597510373,RN,24012,Seridó Oriental,152,0,0,1,3,4,same_uf,6.578947368421052,19.736842105263158,26.31578947368421
241150,Santo Antônio - RN,318.35,27.90000000000001,21.079893266363207,RN,24015,Agreste Potiguar,2067,2,0,58,13,86,same_uf,28.059990324141268,6.289308176100629,41.606192549588776
241160,São Bento do Norte - RN,229.9,30.40000000000001,65.99496221662469,RN,24008,Macau,206,0,0,16,1,17,same_uf,77.66990291262135,4.854368932038835,82.52427184466019
241170,São Bento do Trairí - RN,208.01,25.40000000000001,70.49659201557935,RN,24014,Borborema Potiguar,376,0,0,4,1,7,same_uf,10.638297872340425,2.6595744680851063,18.617021276595743
241180,São Fernando - RN,308.77,25.200000000000003,37.387836490528414,RN,24011,Seridó Ocidental,224,0,0,0,0,0,same_uf,0.0,0.0,0.0
241190,São Francisco do Oeste - RN,297.59,25.200000000000003,0.5172413793103449,RN,24006,Pau dos Ferros,246,0,0,3,0,3,same_uf,12.195121951219512,0.0,12.195121951219512
241200,São Gonçalo do Amarante - RN,359.96,13.900000000000006,65.63330743118891,RN,24017,Macaíba,8655,0,0,299,28,419,same_uf,34.546504910456385,3.2351242056614673,48.41132293471981
241210,São João do Sabugi - RN,376.57,19.099999999999994,4.295812941816204,RN,24011,Seridó Ocidental,352,0,0,2,0,2,same_uf,5.681818181818182,0.0,5.681818181818182
241220,São José de Mipibu - RN,322.78,22.90000000000001,19.279562922492826,RN,24017,Macaíba,3411,3,0,84,10,103,same_uf,24.626209322779243,2.9316915860451482,30.196423336265024
241230,São José do Campestre - RN,259.62,26.5,43.69382429689765,RN,24014,Borborema Potiguar,922,0,0,27,7,37,same_uf,29.284164859002168,7.592190889370933,40.130151843817785
241240,São José do Seridó - RN,404.11,14.799999999999995,66.63974151857835,RN,24012,Seridó Oriental,187,0,0,3,6,10,same_uf,16.0427807486631,32.0855614973262,53.475935828877006
241250,São Miguel - RN,281.96,27.200000000000003,3.820116054158608,RN,24005,Serra de São Miguel,1671,0,0,16,4,20,same_uf,9.57510472770796,2.39377618192699,11.968880909634949
241255,São Miguel do Gostoso - RN,256.37,26.599999999999994,2.9585798816568047,RN,24016,Litoral Nordeste,535,0,0,31,2,38,same_uf,57.94392523364486,3.7383177570093458,71.02803738317758
241260,São Paulo do Potengi - RN,298.76,23.40000000000001,59.66423680141374,RN,24015,Agreste Potiguar,1228,0,0,32,7,48,same_uf,26.058631921824105,5.700325732899023,39.08794788273616
241270,São Pedro - RN,284.36,28.200000000000003,2.8438769587928032,RN,24015,Agreste Potiguar,473,0,0,21,2,24,same_uf,44.397463002114165,4.2283298097251585,50.7399577167019
241280,São Rafael - RN,306.67,29.40000000000001,60.8298755186722,RN,24004,Vale do Açu,392,0,0,4,0,4,same_uf,10.204081632653061,0.0,10.204081632653061
241290,São Tomé - RN,266.0,28.40000000000001,27.33974358974359,RN,24014,Borborema Potiguar,661,0,0,33,0,36,same_uf,49.92435703479576,0.0,54.46293494704992
241300,São Vicente - RN,320.92,21.5,61.01601325234677,RN,24010,Serra de Santana,301,0,0,7,0,7,same_uf,23.25581395348837,0.0,23.25581395348837
241310,Senador Elói de Souza - RN,203.09,28.099999999999994,17.875647668393782,RN,24015,Agreste Potiguar,383,0,0,17,3,21,same_uf,44.38642297650131,7.83289817232376,54.83028720626632
241320,Senador Georgino Avelino - RN,224.55,25.599999999999994,1.8234165067178505,RN,24019,Litoral Sul,341,0,0,12,0,14,same_uf,35.19061583577712,0.0,41.05571847507331
241330,Serra de São Bento - RN,242.24,34.599999999999994,11.426767676767676,RN,24014,Borborema Potiguar,404,0,0,4,2,6,same_uf,9.900990099009901,4.9504950495049505,14.851485148514852
241335,Serra do Mel - RN,280.64,23.200000000000003,1.4342058085335243,RN,24001,Mossoró,1058,0,0,11,2,13,same_uf,10.396975425330814,1.890359168241966,12.287334593572778
241340,Serra Negra do Norte - RN,288.55,23.599999999999994,74.33751743375174,RN,24011,Seridó Ocidental,459,2,0,3,0,3,same_uf,6.5359477124183005,0.0,6.5359477124183005
241350,Serrinha - RN,239.32,28.099999999999994,3.5353535353535355,RN,24015,Agreste Potiguar,560,0,0,10,2,15,same_uf,17.857142857142858,3.5714285714285716,26.785714285714285
241355,Serrinha dos Pintos - RN,249.53,24.700000000000003,0.6559766763848397,RN,24007,Umarizal,240,0,0,8,0,8,same_uf,33.333333333333336,0.0,33.333333333333336
241360,Severiano Melo - RN,285.53,26.200000000000003,9.971014492753625,RN,24006,Pau dos Ferros,474,0,0,4,1,8,same_uf,8.438818565400844,2.109704641350211,16.877637130801688
241370,Sítio Novo - RN,213.34,28.700000000000003,13.244569025928522,RN,24014,Borborema Potiguar,429,0,0,9,0,10,same_uf,20.97902097902098,0.0,23.31002331002331
241380,Taboleiro Grande - RN,276.78,21.5,1.1594202898550725,RN,24006,Pau dos Ferros,181,0,0,8,0,8,same_uf,44.19889502762431,0.0,44.19889502762431
241390,Taipu - RN,233.26,32.099999999999994,5.812807881773399,RN,24016,Litoral Nordeste,615,0,0,47,3,53,same_uf,76.42276422764228,4.878048780487805,86.17886178861788
241400,Tangará - RN,263.83,24.0,77.31694828469023,RN,24014,Borborema Potiguar,1181,0,0,24,0,31,same_uf,20.321761219305674,0.0,26.248941574936495
241410,Tenente Ananias - RN,276.13,24.8,28.76455125797972,RN,24006,Pau dos Ferros,692,0,0,7,2,9,same_uf,10.115606936416185,2.8901734104046244,13.00578034682081
241415,Tenente Laurentino Cruz - RN,256.17,19.90000000000001,6.229720960415315,RN,24010,Serra de Santana,516,1,0,14,0,15,same_uf,27.131782945736433,0.0,29.069767441860463
241420,Tibau do Sul - RN,466.52,20.3,23.65724930145917,RN,24019,Litoral Sul,854,0,0,43,0,45,same_uf,50.35128805620609,0.0,52.69320843091335
241430,Timbaúba dos Batistas - RN,361.22,21.200000000000003,97.33333333333331,RN,24011,Seridó Ocidental,123,0,0,0,0,0,same_uf,0.0,0.0,0.0
241440,Touros - RN,262.51,27.0,19.63337547408344,RN,24016,Litoral Nordeste,2333,1,0,123,12,163,same_uf,52.72181740248607,5.143591941705958,69.86712387483927
241445,Triunfo Potiguar - RN,276.4,27.599999999999994,1.3086150490730644,RN,24003,Médio Oeste,269,0,0,8,1,9,same_uf,29.739776951672862,3.717472118959108,33.45724907063197
241450,Umarizal - RN,304.32,23.700000000000003,4.996796925048046,RN,24007,Umarizal,751,0,0,9,2,14,same_uf,11.984021304926765,2.663115845539281,18.641810918774965
241460,Upanema - RN,229.98,26.200000000000003,1.4578833693304536,RN,24003,Médio Oeste,1022,0,0,13,4,20,same_uf,12.720156555772995,3.9138943248532287,19.569471624266146
241470,Várzea - RN,287.25,28.599999999999994,13.51875808538163,RN,24015,Agreste Potiguar,381,0,0,7,2,13,same_uf,18.37270341207349,5.2493438320209975,34.120734908136484
241475,Venha-Ver - RN,177.88,29.099999999999994,3.7593984962406015,RN,24005,Serra de São Miguel,266,0,0,5,0,5,same_uf,18.796992481203006,0.0,18.796992481203006
241480,Vera Cruz - RN,254.33,29.0,3.5443037974683542,RN,24015,Agreste Potiguar,811,0,0,23,6,31,same_uf,28.360049321824906,7.398273736128237,38.224414303329226
241490,Viçosa - RN,245.16,20.0,73.8045738045738,RN,24006,Pau dos Ferros,133,0,0,7,1,8,same_uf,52.63157894736842,7.518796992481203,60.150375939849624
241500,Vila Flor - RN,250.26,22.200000000000003,1.7467248908296944,RN,24019,Litoral Sul,210,0,0,12,0,15,same_uf,57.142857142857146,0.0,71.42857142857143
250010,Água Branca - PB,230.14,23.200000000000003,26.4947245017585,PB,25007,Serra do Teixeira,167,0,0,7,3,10,same_uf,41.91616766467066,17.964071856287426,59.880239520958085
250020,Aguiar - PB,406.48,34.599999999999994,20.19288728149488,PB,25005,Piancó,205,1,0,5,5,11,same_uf,24.390243902439025,24.390243902439025,53.65853658536585
250030,Alagoa Grande - PB,274.85,31.599999999999994,51.6974538192711,PB,25015,Brejo Paraibano,2216,0,0,14,13,34,same_uf,6.317689530685921,5.866425992779783,15.342960288808664
250040,Alagoa Nova - PB,270.35,25.8,39.5841001104159,PB,25015,Brejo Paraibano,1745,0,0,11,0,16,same_uf,6.303724928366762,0.0,9.169054441260744
250050,Alagoinha - PB,278.59,31.8,8.600108518719479,PB,25016,Guarabira,1014,2,0,11,0,12,same_uf,10.848126232741617,0.0,11.834319526627219
250053,Alcantil - PB,243.49,27.8,4.536741214057508,PB,25011,Cariri Oriental,561,1,0,3,0,3,same_uf,5.347593582887701,0.0,5.347593582887701
250057,Algodão de Jandaíra - PB,217.19,29.40000000000001,44.725111441307575,PB,25012,Curimataú Ocidental,234,0,0,2,0,2,same_uf,8.547008547008547,0.0,8.547008547008547
250060,Alhandra - PB,229.9,23.90000000000001,9.607335060793302,PB,25023,Litoral Sul,1913,0,0,51,10,72,same_uf,26.659696811291166,5.2273915316257185,37.63721902770518
250070,São João do Rio do Peixe - PB,305.06,25.5,33.07247997018818,PB,25002,Cajazeiras,573,0,0,7,97,108,same_uf,12.216404886561955,169.28446771378708,188.48167539267016
250073,Amparo - PB,220.16,19.8,10.37735849056604,PB,25010,Cariri Ocidental,210,0,0,0,0,0,same_uf,0.0,0.0,0.0
250077,Aparecida - PB,270.44,27.099999999999994,4.893520616221115,PB,25003,Sousa,126,0,0,0,0,0,same_uf,0.0,0.0,0.0
250080,Araçagi - PB,228.6,35.3,12.6898481215028,PB,25016,Guarabira,917,0,0,10,4,15,same_uf,10.905125408942203,4.362050163576881,16.357688113413303
250090,Arara - PB,273.09,35.2,52.00715929429813,PB,25012,Curimataú Ocidental,775,0,0,4,3,10,same_uf,5.161290322580645,3.870967741935484,12.903225806451612
250100,Araruna - PB,235.34,36.0,43.85292991191115,PB,25013,Curimataú Oriental,1414,0,0,11,1,18,same_uf,7.779349363507779,0.7072135785007072,12.72984441301273
250110,Areia - PB,318.63,27.099999999999994,43.104806934594166,PB,25015,Brejo Paraibano,1760,1,0,14,4,19,same_uf,7.954545454545454,2.272727272727273,10.795454545454545
250115,Areia de Baraúnas - PB,270.54,29.700000000000003,43.44262295081968,PB,25004,Patos,106,0,0,7,3,10,same_uf,66.0377358490566,28.30188679245283,94.33962264150944
250120,Areial - PB,280.78,24.099999999999994,59.45668887749872,PB,25014,Esperança,567,0,0,6,0,6,same_uf,10.582010582010582,0.0,10.582010582010582
250130,Aroeiras - PB,221.88,32.400000000000006,24.921601180593985,PB,25019,Umbuzeiro,1547,0,0,12,0,13,same_uf,7.756948933419522,0.0,8.403361344537815
250135,Assunção - PB,330.8,23.700000000000003,48.75239923224568,PB,25010,Cariri Ocidental,308,1,0,1,0,3,same_uf,3.2467532467532467,0.0,9.74025974025974
250140,Baía da Traição - PB,229.06,22.700000000000003,12.261450381679388,PB,25020,Litoral Norte,796,1,0,25,6,35,same_uf,31.407035175879397,7.5376884422110555,43.969849246231156
250150,Bananeiras - PB,232.82,31.8,26.897133220910625,PB,25015,Brejo Paraibano,1558,2,0,5,4,10,same_uf,3.209242618741977,2.5673940949935816,6.418485237483954
250153,Baraúna - PB,196.66,25.599999999999994,41.07692307692308,PB,25009,Seridó Oriental Paraibano,243,0,0,2,11,13,same_uf,8.23045267489712,45.267489711934154,53.49794238683128
250157,Barra de Santana - PB,210.98,27.599999999999994,5.163155720776539,PB,25011,Cariri Oriental,623,2,0,2,0,2,same_uf,3.2102728731942216,0.0,3.2102728731942216
250160,Barra de Santa Rosa - PB,231.72,33.8,54.71247912192794,PB,25012,Curimataú Ocidental,689,0,0,2,16,20,same_uf,2.9027576197387517,23.222060957910013,29.027576197387518
250170,Barra de São Miguel - PB,299.29,21.5,12.186160440906308,PB,25011,Cariri Oriental,391,0,0,4,0,4,same_uf,10.230179028132993,0.0,10.230179028132993
250180,Bayeux - PB,365.92,14.299999999999995,46.13016395790076,PB,25022,João Pessoa,7169,3,0,287,41,376,same_uf,40.033477472450826,5.719068210350119,52.44804017296694
250190,Belém - PB,251.94,31.200000000000003,82.71844660194175,PB,25016,Guarabira,979,0,0,19,2,23,same_uf,19.40755873340143,2.0429009193054135,23.493360572012257
250200,Belém do Brejo do Cruz - PB,237.04,35.0,56.51068158697864,PB,25001,Catolé do Rocha,328,0,0,0,0,1,same_uf,0.0,0.0,3.048780487804878
250205,Bernardino Batista - PB,209.01,27.200000000000003,1.0012515644555695,PB,25002,Cajazeiras,176,0,0,0,11,11,same_uf,0.0,62.5,62.5
250210,Boa Ventura - PB,268.47,27.3,10.723860589812332,PB,25006,Itaporanga,292,0,0,4,1,7,same_uf,13.698630136986301,3.4246575342465753,23.972602739726028
250215,Boa Vista - PB,313.37,14.700000000000005,14.624277456647398,PB,25017,Campina Grande,569,0,0,4,0,4,same_uf,7.0298769771529,0.0,7.0298769771529
250220,Bom Jesus - PB,299.91,22.40000000000001,0.8583690987124464,PB,25002,Cajazeiras,178,0,0,4,53,58,same_uf,22.471910112359552,297.75280898876406,325.8426966292135
250230,Bom Sucesso - PB,256.69,28.40000000000001,20.753469927296763,PB,25001,Catolé do Rocha,48,0,0,0,0,0,same_uf,0.0,0.0,0.0
250240,Bonito de Santa Fé - PB,263.02,27.200000000000003,46.376294180649765,PB,25002,Cajazeiras,769,0,0,4,164,171,same_uf,5.201560468140442,213.26397919375813,222.3667100130039
250250,Boqueirão - PB,315.57,22.0,52.4417885843808,PB,25011,Cariri Oriental,1473,0,0,12,0,13,same_uf,8.146639511201629,0.0,8.825526137135098
250260,Igaracy - PB,283.04,29.099999999999994,33.23699421965318,PB,25005,Piancó,284,0,0,0,1,3,same_uf,0.0,3.5211267605633805,10.56338028169014
250270,Borborema - PB,230.34,29.200000000000003,63.9426523297491,PB,25015,Brejo Paraibano,306,0,0,5,0,5,same_uf,16.33986928104575,0.0,16.33986928104575
250280,Brejo do Cruz - PB,284.09,29.0,66.10636538991457,PB,25001,Catolé do Rocha,576,1,0,3,0,4,same_uf,5.208333333333333,0.0,6.944444444444445
250290,Brejo dos Santos - PB,263.97,25.8,9.200438116100766,PB,25001,Catolé do Rocha,198,0,0,1,0,1,same_uf,5.05050505050505,0.0,5.05050505050505
250300,Caaporã - PB,256.49,21.90000000000001,16.03894910894727,PB,25023,Litoral Sul,2003,0,0,49,13,68,same_uf,24.463305042436346,6.490264603095357,33.94907638542187
250310,Cabaceiras - PB,282.07,16.400000000000006,28.249336870026525,PB,25011,Cariri Oriental,401,0,0,5,0,7,same_uf,12.468827930174564,0.0,17.456359102244388
250320,Cabedelo - PB,958.75,10.0,52.09818819403857,PB,25022,João Pessoa,4082,2,0,104,19,149,same_uf,25.477707006369428,4.654581087702107,36.50171484566389
250330,Cachoeira dos Índios - PB,297.16,25.200000000000003,25.4909510974201,PB,25002,Cajazeiras,588,0,0,4,162,166,same_uf,6.802721088435374,275.51020408163265,282.312925170068
250340,Cacimba de Areia - PB,246.25,24.700000000000003,41.90106692531523,PB,25004,Patos,179,0,0,7,9,16,same_uf,39.10614525139665,50.279329608938546,89.3854748603352
250350,Cacimba de Dentro - PB,244.61,34.599999999999994,13.428943937418511,PB,25013,Curimataú Oriental,1103,0,0,5,2,11,same_uf,4.533091568449683,1.813236627379873,9.972801450589301
250355,Cacimbas - PB,179.42,32.099999999999994,32.13495575221239,PB,25007,Serra do Teixeira,381,1,0,10,12,22,same_uf,26.246719160104988,31.496062992125985,57.74278215223097
250360,Caiçara - PB,292.83,31.3,52.90476190476191,PB,25016,Guarabira,486,0,0,9,1,11,same_uf,18.51851851851852,2.05761316872428,22.633744855967077
250370,Cajazeiras - PB,507.21,17.900000000000006,56.43266392731061,PB,25002,Cajazeiras,3480,0,0,11,986,1006,same_uf,3.160919540229885,283.3333333333333,289.08045977011494
250375,Cajazeirinhas - PB,200.47,31.40000000000001,30.58252427184466,PB,25003,Sousa,219,0,0,1,0,1,same_uf,4.566210045662101,0.0,4.566210045662101
250380,Caldas Brandão - PB,260.64,33.0,5.813270698766882,PB,25018,Itabaiana,379,1,0,5,1,8,same_uf,13.192612137203167,2.638522427440633,21.108179419525065
250390,Camalaú - PB,240.77,26.700000000000003,18.47065158858374,PB,25010,Cariri Ocidental,384,0,0,2,0,2,same_uf,5.208333333333333,0.0,5.208333333333333
250400,Campina Grande - PB,616.19,10.900000000000006,84.82458963630512,PB,25017,Campina Grande,30305,7,0,286,6,334,same_uf,9.437386569872958,0.19798713083649563,11.021283616564924
250403,Capim - PB,189.95,36.3,5.749486652977413,PB,25020,Litoral Norte,497,0,0,20,1,23,same_uf,40.241448692152915,2.0120724346076457,46.27766599597585
250407,Caraúbas - PB,295.01,17.5,38.87489504617968,PB,25011,Cariri Oriental,221,0,0,2,0,2,same_uf,9.049773755656108,0.0,9.049773755656108
250410,Carrapateira - PB,208.79,24.700000000000003,17.11864406779661,PB,25002,Cajazeiras,69,0,0,0,13,13,same_uf,0.0,188.40579710144928,188.40579710144928
250415,Casserengue - PB,167.52,36.6,31.741140215716488,PB,25013,Curimataú Oriental,488,1,0,7,1,8,same_uf,14.344262295081966,2.0491803278688523,16.39344262295082
250420,Catingueira - PB,248.33,32.5,17.368018362662585,PB,25005,Piancó,237,0,0,1,7,8,same_uf,4.219409282700422,29.535864978902953,33.755274261603375
250430,Catolé do Rocha - PB,367.92,21.3,38.21563145739638,PB,25001,Catolé do Rocha,2169,0,0,19,1,25,same_uf,8.759797141539881,0.46104195481788846,11.52604887044721
250435,Caturité - PB,368.02,20.200000000000003,20.91798344620015,PB,25011,Cariri Oriental,329,0,0,2,0,2,same_uf,6.079027355623101,0.0,6.079027355623101
250440,Conceição - PB,281.14,30.700000000000003,23.90453834115806,PB,25006,Itaporanga,854,0,0,19,13,35,same_uf,22.24824355971897,15.22248243559719,40.98360655737705
250450,Condado - PB,281.81,27.599999999999994,37.81068217874141,PB,25003,Sousa,525,1,0,17,17,37,same_uf,32.38095238095238,32.38095238095238,70.47619047619048
250460,Conde - PB,307.92,21.200000000000003,17.211555094274345,PB,25022,João Pessoa,2331,2,0,72,12,100,same_uf,30.888030888030887,5.148005148005148,42.9000429000429
250470,Congo - PB,257.44,26.40000000000001,46.68470906630582,PB,25010,Cariri Ocidental,395,0,0,2,0,2,same_uf,5.063291139240507,0.0,5.063291139240507
250480,Coremas - PB,284.56,30.599999999999994,53.642840726269824,PB,25005,Piancó,937,0,0,12,28,41,same_uf,12.8068303094984,29.882604055496266,43.75667022411953
250485,Coxixola - PB,303.88,19.40000000000001,32.993197278911566,PB,25010,Cariri Ocidental,100,0,0,1,0,1,same_uf,10.0,0.0,10.0
250490,Cruz do Espírito Santo - PB,215.09,30.099999999999994,22.30421328255177,PB,25021,Sapé,1465,0,0,25,1,30,same_uf,17.064846416382252,0.6825938566552902,20.477815699658702
250500,Cubati - PB,232.17,25.3,22.05229403058708,PB,25009,Seridó Oriental Paraibano,466,2,0,6,0,7,same_uf,12.875536480686696,0.0,15.021459227467812
250510,Cuité - PB,282.63,28.90000000000001,15.556312830124382,PB,25012,Curimataú Ocidental,1105,0,0,11,7,19,same_uf,9.95475113122172,6.334841628959276,17.194570135746606
250520,Cuitegi - PB,264.97,30.8,4.7418335089567965,PB,25016,Guarabira,513,0,0,5,0,6,same_uf,9.746588693957115,0.0,11.695906432748538
250523,Cuité de Mamanguape - PB,213.31,37.9,2.197802197802198,PB,25020,Litoral Norte,408,0,0,11,3,21,same_uf,26.96078431372549,7.352941176470588,51.470588235294116
250527,Curral de Cima - PB,211.27,36.6,3.344709897610921,PB,25020,Litoral Norte,428,0,0,4,4,10,same_uf,9.345794392523365,9.345794392523365,23.364485981308412
250530,Curral Velho - PB,361.33,32.3,32.71604938271605,PB,25006,Itaporanga,109,0,0,2,2,4,same_uf,18.34862385321101,18.34862385321101,36.69724770642202
250535,Damião - PB,180.03,35.5,1.5261627906976745,PB,25012,Curimataú Ocidental,291,0,0,3,2,5,same_uf,10.309278350515465,6.8728522336769755,17.18213058419244
250540,Desterro - PB,243.75,22.599999999999994,37.932525951557096,PB,25007,Serra do Teixeira,254,0,0,10,22,32,same_uf,39.37007874015748,86.61417322834646,125.98425196850394
250550,Vista Serrana - PB,250.96,23.40000000000001,37.00873362445415,PB,25003,Sousa,192,0,0,6,13,19,same_uf,31.25,67.70833333333333,98.95833333333333
250560,Diamante - PB,257.39,27.90000000000001,24.37641723356009,PB,25006,Itaporanga,299,0,0,3,2,6,same_uf,10.033444816053512,6.688963210702341,20.066889632107024
250570,Dona Inês - PB,205.71,34.3,19.485791610284167,PB,25013,Curimataú Oriental,766,0,0,7,1,15,same_uf,9.138381201044387,1.3054830287206267,19.5822454308094
250580,Duas Estradas - PB,259.21,27.5,26.16387337057728,PB,25016,Guarabira,236,0,0,5,2,7,same_uf,21.1864406779661,8.474576271186441,29.661016949152543
250590,Emas - PB,248.28,27.40000000000001,57.75335775335776,PB,25005,Piancó,202,0,0,10,11,21,same_uf,49.504950495049506,54.45544554455446,103.96039603960396
250600,Esperança - PB,316.48,23.599999999999994,64.7795976695614,PB,25014,Esperança,2858,0,0,30,10,51,same_uf,10.496850944716584,3.4989503149055285,17.844646606018195
250610,Fagundes - PB,232.46,29.200000000000003,11.23768472906404,PB,25017,Campina Grande,926,0,0,5,0,7,same_uf,5.399568034557236,0.0,7.559395248380129
250620,Frei Martinho - PB,399.9,27.3,63.22916666666666,PB,25009,Seridó Oriental Paraibano,185,0,0,4,3,7,same_uf,21.62162162162162,16.216216216216218,37.83783783783784
250625,Gado Bravo - PB,166.5,29.8,1.8393898609241808,PB,25019,Umbuzeiro,627,0,0,3,0,3,same_uf,4.784688995215311,0.0,4.784688995215311
250630,Guarabira - PB,418.2,18.599999999999994,69.60989416687177,PB,25016,Guarabira,3333,0,0,76,8,89,same_uf,22.802280228022802,2.4002400240024,26.702670267026704
250640,Gurinhém - PB,229.71,34.599999999999994,7.338501291989664,PB,25018,Itabaiana,819,0,0,22,3,31,same_uf,26.862026862026863,3.663003663003663,37.85103785103785
250650,Gurjão - PB,283.26,19.40000000000001,43.09978768577495,PB,25011,Cariri Oriental,235,0,0,0,0,0,same_uf,0.0,0.0,0.0
250660,Ibiara - PB,239.01,34.900000000000006,5.788876276958002,PB,25006,Itaporanga,256,0,0,6,1,7,same_uf,23.4375,3.90625,27.34375
250670,Imaculada - PB,206.73,27.599999999999994,25.63661390227116,PB,25007,Serra do Teixeira,255,0,0,8,19,28,same_uf,31.372549019607842,74.50980392156863,109.80392156862744
250680,Ingá - PB,278.15,33.599999999999994,5.2007648183556405,PB,25018,Itabaiana,1461,0,0,8,0,9,same_uf,5.475701574264202,0.0,6.160164271047228
250690,Itabaiana - PB,316.72,25.5,35.7133288680509,PB,25018,Itabaiana,1223,0,0,49,7,57,same_uf,40.06541291905151,5.723630417007359,46.60670482420278
250700,Itaporanga - PB,345.69,21.099999999999994,67.8549190535492,PB,25006,Itaporanga,1125,0,0,8,8,21,same_uf,7.111111111111111,7.111111111111111,18.666666666666668
250710,Itapororoca - PB,229.53,30.8,10.811939052389896,PB,25020,Litoral Norte,1122,0,0,27,8,39,same_uf,24.06417112299465,7.1301247771836005,34.75935828877005
250720,Itatuba - PB,240.02,34.900000000000006,19.43562610229277,PB,25018,Itabaiana,887,0,0,6,0,7,same_uf,6.764374295377678,0.0,7.891770011273957
250730,Jacaraú - PB,243.93,29.8,8.680641183723798,PB,25020,Litoral Norte,1099,1,0,28,3,40,same_uf,25.477707006369428,2.72975432211101,36.39672429481347
250740,Jericó - PB,287.84,26.3,42.24015187470337,PB,25001,Catolé do Rocha,351,0,0,0,0,0,same_uf,0.0,0.0,0.0
250750,João Pessoa - PB,934.74,7.599999999999994,71.75835615410587,PB,25022,João Pessoa,50788,9,0,1504,367,2356,same_uf,29.61329447901079,7.226116405450107,46.38891076632275
250760,Juarez Távora - PB,226.82,32.5,10.745313214449016,PB,25018,Itabaiana,643,0,0,5,0,5,same_uf,7.776049766718507,0.0,7.776049766718507
250770,Juazeirinho - PB,250.78,23.700000000000003,60.29904039276947,PB,25009,Seridó Oriental Paraibano,1654,1,0,12,0,12,same_uf,7.255139056831923,0.0,7.255139056831923
250780,Junco do Seridó - PB,277.47,20.200000000000003,64.96042216358839,PB,25008,Seridó Ocidental Paraibano,504,0,0,4,4,8,same_uf,7.936507936507937,7.936507936507937,15.873015873015873
250790,Juripiranga - PB,229.19,31.5,7.231404958677686,PB,25021,Sapé,702,0,0,17,7,26,same_uf,24.216524216524217,9.971509971509972,37.03703703703704
250800,Juru - PB,244.02,30.0,24.78821362799264,PB,25007,Serra do Teixeira,191,0,0,4,0,4,same_uf,20.94240837696335,0.0,20.94240837696335
250810,Lagoa - PB,219.92,31.3,17.9467680608365,PB,25001,Catolé do Rocha,120,0,0,0,0,0,same_uf,0.0,0.0,0.0
250820,Lagoa de Dentro - PB,225.06,28.5,20.74688796680498,PB,25016,Guarabira,512,1,0,9,0,11,same_uf,17.578125,0.0,21.484375
250830,Lagoa Seca - PB,374.11,19.5,52.66016713091922,PB,25017,Campina Grande,2356,0,0,15,0,18,same_uf,6.366723259762309,0.0,7.6400679117147705
250840,Lastro - PB,212.38,28.5,12.413793103448276,PB,25003,Sousa,36,0,0,1,1,2,same_uf,27.77777777777778,27.77777777777778,55.55555555555556
250850,Livramento - PB,204.75,20.700000000000003,36.80861478218306,PB,25010,Cariri Ocidental,443,0,0,2,1,4,same_uf,4.514672686230249,2.2573363431151243,9.029345372460497
250855,Logradouro - PB,232.48,31.099999999999994,36.77536231884058,PB,25016,Guarabira,168,0,0,1,0,1,same_uf,5.9523809523809526,0.0,5.9523809523809526
250860,Lucena - PB,284.12,23.3,29.07801418439716,PB,25022,João Pessoa,1058,0,0,31,2,40,same_uf,29.300567107750474,1.890359168241966,37.80718336483932
250870,Mãe d'Água - PB,200.34,28.0,42.31096006796941,PB,25004,Patos,205,0,0,6,15,21,same_uf,29.26829268292683,73.17073170731707,102.4390243902439
250880,Malta - PB,375.03,25.700000000000003,76.89024390243902,PB,25003,Sousa,313,0,0,4,11,15,same_uf,12.779552715654953,35.14376996805112,47.92332268370607
250890,Mamanguape - PB,295.25,25.90000000000001,8.590708538800934,PB,25020,Litoral Norte,3970,0,0,108,19,148,same_uf,27.20403022670025,4.785894206549118,37.27959697732997
250900,Manaíra - PB,221.8,32.8,14.305223625810855,PB,25007,Serra do Teixeira,288,0,0,8,0,8,same_uf,27.77777777777778,0.0,27.77777777777778
250905,Marcação - PB,206.02,31.099999999999994,22.352941176470587,PB,25020,Litoral Norte,697,0,0,17,9,27,same_uf,24.390243902439025,12.91248206599713,38.73744619799139
250910,Mari - PB,241.08,32.099999999999994,1.7715912685858906,PB,25021,Sapé,1449,0,0,38,5,51,same_uf,26.224982746721878,3.450655624568668,35.196687370600415
250915,Marizópolis - PB,289.61,24.700000000000003,16.76168757126568,PB,25003,Sousa,127,0,0,3,7,10,same_uf,23.62204724409449,55.118110236220474,78.74015748031496
250920,Massaranduba - PB,243.34,27.599999999999994,30.85896076352068,PB,25017,Campina Grande,991,0,0,5,0,7,same_uf,5.045408678102926,0.0,7.063572149344097
250930,Mataraca - PB,210.63,24.0,3.987730061349693,PB,25020,Litoral Norte,747,0,0,26,4,34,same_uf,34.805890227576974,5.35475234270415,45.51539491298527
250933,Matinhas - PB,216.92,28.3,12.411971830985916,PB,25015,Brejo Paraibano,404,0,0,1,0,2,same_uf,2.4752475247524752,0.0,4.9504950495049505
250937,Mato Grosso - PB,252.04,37.4,55.49374130737135,PB,25001,Catolé do Rocha,110,0,0,4,0,5,same_uf,36.36363636363637,0.0,45.45454545454545
250939,Maturéia - PB,224.2,25.099999999999994,21.68458781362008,PB,25007,Serra do Teixeira,300,0,0,5,23,29,same_uf,16.666666666666668,76.66666666666667,96.66666666666667
250940,Mogeiro - PB,224.33,29.200000000000003,6.220624827204866,PB,25018,Itabaiana,848,1,0,8,4,13,same_uf,9.433962264150944,4.716981132075472,15.330188679245284
250950,Montadas - PB,235.78,22.8,37.71626297577855,PB,25014,Esperança,459,1,0,4,0,4,same_uf,8.714596949891067,0.0,8.714596949891067
250960,Monte Horebe - PB,290.36,27.0,53.251721499617446,PB,25002,Cajazeiras,316,0,0,1,73,75,same_uf,3.1645569620253164,231.0126582278481,237.34177215189874
250970,Monteiro - PB,385.59,24.90000000000001,57.704918032786885,PB,25010,Cariri Ocidental,2362,0,0,15,1,19,same_uf,6.350550381033023,0.42337002540220153,8.044030482641828
250980,Mulungu - PB,237.89,32.7,6.445739257101238,PB,25016,Guarabira,583,0,0,6,3,9,same_uf,10.291595197255575,5.145797598627787,15.437392795883362
250990,Natuba - PB,196.49,35.099999999999994,16.918216918216917,PB,25019,Umbuzeiro,305,1,0,3,0,3,same_uf,9.836065573770492,0.0,9.836065573770492
251000,Nazarezinho - PB,211.3,28.8,19.0521327014218,PB,25003,Sousa,118,1,0,1,0,1,same_uf,8.474576271186441,0.0,8.474576271186441
251010,Nova Floresta - PB,284.05,25.90000000000001,2.211690363349131,PB,25012,Curimataú Ocidental,468,2,0,7,12,19,same_uf,14.957264957264957,25.641025641025642,40.598290598290596
251020,Nova Olinda - PB,253.41,28.8,26.67064439140812,PB,25005,Piancó,377,0,0,3,5,8,same_uf,7.957559681697613,13.26259946949602,21.220159151193634
251030,Nova Palmeira - PB,269.15,22.200000000000003,62.51908396946565,PB,25009,Seridó Oriental Paraibano,185,0,0,5,2,7,same_uf,27.027027027027028,10.81081081081081,37.83783783783784
251040,Olho d'Água - PB,216.6,30.200000000000003,43.21851453175457,PB,25005,Piancó,474,0,0,15,16,34,same_uf,31.645569620253166,33.755274261603375,71.72995780590718
251050,Olivedos - PB,210.85,17.5,43.05949008498584,PB,25012,Curimataú Ocidental,273,0,0,3,0,4,same_uf,10.989010989010989,0.0,14.652014652014651
251060,Ouro Velho - PB,296.63,20.90000000000001,2.4442082890541976,PB,25010,Cariri Ocidental,73,0,0,0,0,0,same_uf,0.0,0.0,0.0
251065,Parari - PB,296.04,19.099999999999994,55.97014925373134,PB,25010,Cariri Ocidental,143,0,0,1,0,1,same_uf,6.993006993006993,0.0,6.993006993006993
251070,Passagem - PB,266.63,26.90000000000001,57.29166666666666,PB,25004,Patos,116,0,0,4,9,13,same_uf,34.48275862068966,77.58620689655173,112.06896551724138
251080,Patos - PB,501.53,17.099999999999994,86.29671966469223,PB,25004,Patos,6542,1,0,277,428,724,same_uf,42.341791501070006,65.4234179150107,110.66952002445736
251090,Paulista - PB,306.47,29.40000000000001,35.94414086217365,PB,25003,Sousa,514,0,0,1,0,1,same_uf,1.9455252918287937,0.0,1.9455252918287937
251100,Pedra Branca - PB,214.67,22.90000000000001,68.54838709677419,PB,25006,Itaporanga,210,0,0,0,4,5,same_uf,0.0,19.047619047619047,23.80952380952381
251110,Pedra Lavrada - PB,266.7,25.40000000000001,41.179097811523,PB,25009,Seridó Oriental Paraibano,523,0,0,4,4,10,same_uf,7.648183556405353,7.648183556405353,19.120458891013385
251120,Pedras de Fogo - PB,268.38,27.700000000000003,27.01787648970748,PB,25023,Litoral Sul,2106,1,0,59,5,71,same_uf,28.01519468186135,2.3741690408357075,33.71320037986705
251130,Piancó - PB,312.13,27.0,48.98180242634315,PB,25005,Piancó,856,1,0,10,5,16,same_uf,11.682242990654206,5.841121495327103,18.69158878504673
251140,Picuí - PB,314.4,22.099999999999994,62.36203090507726,PB,25009,Seridó Oriental Paraibano,996,0,0,8,43,54,same_uf,8.032128514056225,43.17269076305221,54.21686746987952
251150,Pilar - PB,224.85,28.90000000000001,16.309823677581864,PB,25021,Sapé,898,1,0,13,2,19,same_uf,14.476614699331849,2.2271714922048997,21.15812917594655
251160,Pilões - PB,256.53,33.0,11.013986013986012,PB,25015,Brejo Paraibano,618,0,0,8,1,9,same_uf,12.944983818770227,1.6181229773462784,14.563106796116505
251170,Pilõezinhos - PB,216.65,29.700000000000003,40.14035087719298,PB,25016,Guarabira,385,0,0,3,1,4,same_uf,7.792207792207792,2.5974025974025974,10.38961038961039
251180,Pirpirituba - PB,260.51,27.40000000000001,49.795918367346935,PB,25016,Guarabira,616,0,0,11,0,12,same_uf,17.857142857142858,0.0,19.48051948051948
251190,Pitimbu - PB,222.76,25.40000000000001,16.872340425531913,PB,25023,Litoral Sul,1434,1,0,34,9,48,same_uf,23.709902370990235,6.2761506276150625,33.47280334728033
251200,Pocinhos - PB,250.94,22.700000000000003,39.61908748430306,PB,25012,Curimataú Ocidental,1564,0,0,5,1,8,same_uf,3.1969309462915603,0.639386189258312,5.115089514066496
251203,Poço Dantas - PB,184.75,33.7,13.82441977800202,PB,25002,Cajazeiras,183,0,0,0,16,17,same_uf,0.0,87.43169398907104,92.89617486338798
251207,Poço de José de Moura - PB,288.94,24.599999999999994,36.310025273799496,PB,25002,Cajazeiras,164,0,0,4,23,27,same_uf,24.390243902439025,140.2439024390244,164.6341463414634
251210,Pombal - PB,380.11,24.0,61.99611985341669,PB,25003,Sousa,1456,0,0,11,3,14,same_uf,7.554945054945055,2.0604395604395602,9.615384615384615
251220,Prata - PB,270.21,21.599999999999994,1.3077593722755012,PB,25010,Cariri Ocidental,226,0,0,0,0,0,same_uf,0.0,0.0,0.0
251230,Princesa Isabel - PB,330.1,23.0,58.892952127659576,PB,25007,Serra do Teixeira,865,0,0,7,2,9,same_uf,8.092485549132949,2.3121387283236996,10.404624277456648
251240,Puxinanã - PB,275.02,19.599999999999994,76.05442176870748,PB,25017,Campina Grande,1076,0,0,15,0,17,same_uf,13.940520446096654,0.0,15.799256505576208
251250,Queimadas - PB,284.91,20.5,47.74129021503584,PB,25017,Campina Grande,2816,1,0,22,1,29,same_uf,7.8125,0.35511363636363635,10.298295454545455
251260,Quixaba - PB,264.84,23.599999999999994,37.674418604651166,PB,25004,Patos,101,0,0,7,5,12,same_uf,69.3069306930693,49.504950495049506,118.81188118811882
251270,Remígio - PB,314.93,28.0,54.96900619876025,PB,25012,Curimataú Ocidental,1496,0,0,15,1,19,same_uf,10.026737967914439,0.6684491978609626,12.70053475935829
251272,Pedro Régis - PB,209.49,38.7,1.4501160092807424,PB,25020,Litoral Norte,343,0,0,2,3,10,same_uf,5.830903790087463,8.746355685131196,29.154518950437318
251274,Riachão - PB,188.44,27.599999999999994,26.12903225806452,PB,25013,Curimataú Oriental,259,0,0,1,0,2,same_uf,3.861003861003861,0.0,7.722007722007722
251275,Riachão do Bacamarte - PB,258.12,33.3,19.546520719311964,PB,25018,Itabaiana,236,0,0,4,0,5,same_uf,16.949152542372882,0.0,21.1864406779661
251276,Riachão do Poço - PB,224.45,30.599999999999994,18.803418803418804,PB,25021,Sapé,299,0,0,7,0,9,same_uf,23.411371237458194,0.0,30.100334448160535
251278,Riacho de Santo Antônio - PB,268.84,21.5,38.05496828752643,PB,25011,Cariri Oriental,187,0,0,2,0,2,same_uf,10.695187165775401,0.0,10.695187165775401
251280,Riacho dos Cavalos - PB,238.52,29.90000000000001,50.69662921348315,PB,25001,Catolé do Rocha,277,1,0,4,0,4,same_uf,14.440433212996389,0.0,14.440433212996389
251290,Rio Tinto - PB,257.72,25.0,27.456603773584902,PB,25020,Litoral Norte,1485,0,0,34,9,47,same_uf,22.895622895622896,6.0606060606060606,31.64983164983165
251300,Salgadinho - PB,215.33,29.8,16.50992685475444,PB,25008,Seridó Ocidental Paraibano,287,0,0,3,0,3,same_uf,10.452961672473867,0.0,10.452961672473867
251310,Salgado de São Félix - PB,213.73,34.099999999999994,3.227633069082673,PB,25018,Itabaiana,467,0,0,12,0,13,same_uf,25.69593147751606,0.0,27.8372591006424
251315,Santa Cecília - PB,195.19,31.40000000000001,5.420353982300885,PB,25019,Umbuzeiro,142,0,0,0,0,0,same_uf,0.0,0.0,0.0
251320,Santa Cruz - PB,288.27,26.099999999999994,27.56071805702217,PB,25003,Sousa,56,0,0,0,1,1,same_uf,0.0,17.857142857142858,17.857142857142858
251330,Santa Helena - PB,272.83,23.700000000000003,25.0,PB,25002,Cajazeiras,267,0,0,0,81,81,same_uf,0.0,303.3707865168539,303.3707865168539
251335,Santa Inês - PB,204.33,29.200000000000003,4.8806941431670285,PB,25006,Itaporanga,182,0,0,0,1,3,same_uf,0.0,5.4945054945054945,16.483516483516482
251340,Santa Luzia - PB,371.45,18.5,86.12451183092121,PB,25008,Seridó Ocidental Paraibano,860,0,0,10,29,44,same_uf,11.627906976744185,33.72093023255814,51.16279069767442
251350,Santana de Mangueira - PB,164.07,33.3,5.319148936170213,PB,25006,Itaporanga,216,0,0,3,1,4,same_uf,13.88888888888889,4.62962962962963,18.51851851851852
251360,Santana dos Garrotes - PB,271.25,32.3,13.62955566650025,PB,25005,Piancó,358,0,0,4,0,5,same_uf,11.1731843575419,0.0,13.966480446927374
251365,Joca Claudino - PB,248.63,33.2,0.6666666666666666,PB,25002,Cajazeiras,101,0,0,0,21,21,same_uf,0.0,207.92079207920793,207.92079207920793
251370,Santa Rita - PB,316.84,19.0,21.722411017707028,PB,25022,João Pessoa,11119,2,0,187,28,242,same_uf,16.81805917798363,2.5182120694307044,21.76454717150823
251380,Santa Teresinha - PB,304.16,24.099999999999994,91.61392405063292,PB,25004,Patos,289,0,0,10,12,23,same_uf,34.602076124567475,41.522491349480966,79.58477508650519
251385,Santo André - PB,271.99,25.099999999999994,9.445843828715365,PB,25011,Cariri Oriental,185,0,0,0,0,0,same_uf,0.0,0.0,0.0
251390,São Bento - PB,324.59,31.0,58.62436367941281,PB,25001,Catolé do Rocha,1926,0,0,15,3,20,same_uf,7.788161993769471,1.557632398753894,10.384215991692628
251392,São Bentinho - PB,284.97,29.8,38.28190158465388,PB,25003,Sousa,162,0,0,0,1,1,same_uf,0.0,6.172839506172839,6.172839506172839
251394,São Domingos do Cariri - PB,335.43,21.700000000000003,34.72803347280335,PB,25011,Cariri Oriental,173,0,0,1,0,1,same_uf,5.780346820809249,0.0,5.780346820809249
251396,São Domingos - PB,253.25,35.599999999999994,26.545454545454547,PB,25003,Sousa,96,0,0,2,1,3,same_uf,20.833333333333332,10.416666666666666,31.25
251398,São Francisco - PB,257.68,29.3,13.54581673306773,PB,25003,Sousa,20,0,0,1,1,2,same_uf,50.0,50.0,100.0
251400,São João do Cariri - PB,370.52,17.400000000000006,57.75075987841945,PB,25011,Cariri Oriental,298,0,0,3,0,3,same_uf,10.06711409395973,0.0,10.06711409395973
251410,São João do Tigre - PB,206.63,32.2,27.68166089965398,PB,25010,Cariri Ocidental,191,0,0,1,0,2,same_uf,5.2356020942408374,0.0,10.471204188481675
251420,São José da Lagoa Tapada - PB,216.24,39.1,19.990995047276,PB,25003,Sousa,147,0,0,5,2,8,same_uf,34.01360544217687,13.605442176870747,54.42176870748299
251430,São José de Caiana - PB,237.04,29.599999999999994,0.684931506849315,PB,25006,Itaporanga,385,0,0,2,2,5,same_uf,5.194805194805195,5.194805194805195,12.987012987012987
251440,São José de Espinharas - PB,233.71,29.5,33.20493066255778,PB,25004,Patos,261,0,0,10,13,23,same_uf,38.31417624521073,49.808429118773944,88.12260536398468
251445,São José dos Ramos - PB,208.99,34.7,5.163398692810458,PB,25021,Sapé,305,0,0,11,3,16,same_uf,36.0655737704918,9.836065573770492,52.459016393442624
251450,São José de Piranhas - PB,318.76,22.700000000000003,50.493574222387785,PB,25002,Cajazeiras,1064,1,0,3,294,301,same_uf,2.819548872180451,276.3157894736842,282.89473684210526
251455,São José de Princesa - PB,221.08,27.90000000000001,0.9107468123861566,PB,25007,Serra do Teixeira,51,0,0,0,0,0,same_uf,0.0,0.0,0.0
251460,São José do Bonfim - PB,238.79,24.3,74.57434733257662,PB,25004,Patos,195,0,0,6,8,14,same_uf,30.76923076923077,41.02564102564103,71.7948717948718
251465,São José do Brejo do Cruz - PB,221.94,25.0,13.507109004739336,PB,25001,Catolé do Rocha,122,0,0,1,0,1,same_uf,8.19672131147541,0.0,8.19672131147541
251470,São José do Sabugi - PB,300.72,25.0,83.33333333333333,PB,25008,Seridó Ocidental Paraibano,184,0,0,3,14,18,same_uf,16.304347826086957,76.08695652173913,97.82608695652173
251480,São José dos Cordeiros - PB,230.32,20.599999999999994,52.34685759745425,PB,25010,Cariri Ocidental,231,0,0,0,0,0,same_uf,0.0,0.0,0.0
251490,São Mamede - PB,367.3,22.700000000000003,74.38192668371697,PB,25008,Seridó Ocidental Paraibano,402,0,0,9,27,37,same_uf,22.388059701492537,67.16417910447761,92.03980099502488
251500,São Miguel de Taipu - PB,195.93,37.5,33.67174280879865,PB,25021,Sapé,611,0,0,12,1,14,same_uf,19.639934533551553,1.6366612111292962,22.913256955810148
251510,São Sebastião de Lagoa de Roça - PB,259.18,23.599999999999994,31.744,PB,25014,Esperança,844,0,0,2,0,5,same_uf,2.3696682464454977,0.0,5.924170616113744
251520,São Sebastião do Umbuzeiro - PB,261.83,22.8,33.71647509578544,PB,25010,Cariri Ocidental,174,0,0,0,0,0,same_uf,0.0,0.0,0.0
251530,Sapé - PB,255.96,28.3,28.299465240641712,PB,25021,Sapé,3870,1,0,100,17,126,same_uf,25.839793281653748,4.392764857881137,32.55813953488372
251540,São Vicente do Seridó - PB,212.63,20.200000000000003,2.593440122044241,PB,25009,Seridó Oriental Paraibano,882,0,0,3,1,7,same_uf,3.401360544217687,1.1337868480725624,7.936507936507937
251550,Serra Branca - PB,326.9,18.200000000000003,24.64616886285993,PB,25010,Cariri Ocidental,819,0,0,4,0,4,same_uf,4.884004884004884,0.0,4.884004884004884
251560,Serra da Raiz - PB,277.37,28.3,9.709821428571429,PB,25016,Guarabira,155,1,0,2,0,2,same_uf,12.903225806451612,0.0,12.903225806451612
251570,Serra Grande - PB,233.06,28.5,34.14634146341464,PB,25006,Itaporanga,169,0,0,3,6,10,same_uf,17.75147928994083,35.50295857988166,59.171597633136095
251580,Serra Redonda - PB,265.71,28.90000000000001,31.46374829001368,PB,25017,Campina Grande,439,0,0,3,0,3,same_uf,6.83371298405467,0.0,6.83371298405467
251590,Serraria - PB,218.9,37.0,27.816901408450704,PB,25015,Brejo Paraibano,463,0,0,2,3,5,same_uf,4.319654427645788,6.479481641468682,10.799136069114471
251593,Sertãozinho - PB,245.71,25.599999999999994,55.797665369649806,PB,25016,Guarabira,287,0,0,8,0,8,same_uf,27.874564459930312,0.0,27.874564459930312
251597,Sobrado - PB,207.86,30.099999999999994,1.2801575578532742,PB,25021,Sapé,600,0,0,8,2,12,same_uf,13.333333333333334,3.3333333333333335,20.0
251600,Solânea - PB,308.93,28.5,21.050573514077165,PB,25013,Curimataú Oriental,1807,0,0,12,19,32,same_uf,6.640841173215274,10.514665190924184,17.708909795240732
251610,Soledade - PB,325.74,18.5,56.816450875856816,PB,25012,Curimataú Ocidental,1100,1,0,12,0,13,same_uf,10.909090909090908,0.0,11.818181818181818
251615,Sossêgo - PB,218.02,28.3,27.63873775843308,PB,25012,Curimataú Ocidental,176,0,0,1,2,3,same_uf,5.681818181818182,11.363636363636363,17.045454545454547
251620,Sousa - PB,435.22,20.700000000000003,67.34606765553303,PB,25003,Sousa,1188,1,0,19,3,25,same_uf,15.993265993265993,2.525252525252525,21.043771043771045
251630,Sumé - PB,336.03,23.700000000000003,24.43566591422121,PB,25010,Cariri Ocidental,1282,0,0,2,1,6,same_uf,1.5600624024960998,0.7800312012480499,4.6801872074882995
251640,Tacima - PB,190.7,27.90000000000001,12.219644238205722,PB,25013,Curimataú Oriental,481,0,0,14,1,17,same_uf,29.106029106029105,2.079002079002079,35.343035343035346
251650,Taperoá - PB,264.55,25.599999999999994,59.07699552625383,PB,25010,Cariri Ocidental,1020,1,0,16,0,18,same_uf,15.686274509803921,0.0,17.647058823529413
251660,Tavares - PB,256.71,28.099999999999994,27.028451001053742,PB,25007,Serra do Teixeira,401,0,0,6,6,15,same_uf,14.962593516209477,14.962593516209477,37.406483790523694
251670,Teixeira - PB,265.43,21.90000000000001,33.30002498126405,PB,25007,Serra do Teixeira,485,0,0,7,37,45,same_uf,14.43298969072165,76.28865979381443,92.78350515463917
251675,Tenório - PB,268.87,27.40000000000001,2.490170380078637,PB,25009,Seridó Oriental Paraibano,268,0,0,3,0,3,same_uf,11.194029850746269,0.0,11.194029850746269
251680,Triunfo - PB,290.16,26.099999999999994,23.88410336726703,PB,25002,Cajazeiras,391,0,0,4,82,86,same_uf,10.230179028132993,209.71867007672634,219.94884910485933
251690,Uiraúna - PB,352.96,24.8,57.38476011288805,PB,25002,Cajazeiras,590,1,0,3,28,33,same_uf,5.084745762711864,47.45762711864407,55.932203389830505
251700,Umbuzeiro - PB,231.02,31.599999999999994,31.55878973573344,PB,25019,Umbuzeiro,434,0,0,6,0,6,same_uf,13.824884792626728,0.0,13.824884792626728
251710,Várzea - PB,375.21,12.299999999999995,68.46733668341709,PB,25008,Seridó Ocidental Paraibano,133,0,0,3,5,8,same_uf,22.55639097744361,37.59398496240601,60.150375939849624
251720,Vieirópolis - PB,225.95,34.900000000000006,1.765536723163842,PB,25003,Sousa,56,0,0,0,0,1,same_uf,0.0,0.0,17.857142857142858
251740,Zabelê - PB,270.47,20.90000000000001,53.3532041728763,PB,25010,Cariri Ocidental,168,0,0,0,0,1,same_uf,0.0,0.0,5.9523809523809526
260005,Abreu e Lima - PE,376.6,9.5,44.55185158859905,PE,26017,Recife,6308,1,0,84,25,156,same_uf,13.316423589093215,3.9632213062777426,24.730500951173113
260010,Afogados da Ingazeira - PE,378.66,21.0,72.9404192717911,PE,26003,Pajeú,5027,2,0,36,0,79,same_uf,7.161328824348518,0.0,15.71513825343147
260020,Afrânio - PE,228.6,22.700000000000003,25.53911205073996,PE,26005,Petrolina,1243,1,0,24,2,33,same_uf,19.30812550281577,1.6090104585679808,26.548672566371682
260030,Agrestina - PE,279.24,29.40000000000001,68.30155726968418,PE,26012,Brejo Pernambucano,1530,28,0,37,1,42,same_uf,24.18300653594771,0.6535947712418301,27.45098039215686
260040,Água Preta - PE,189.69,28.099999999999994,43.26002587322122,PE,26015,Mata Meridional Pernambucana,3452,1,0,50,5,156,same_uf,14.484356894553882,1.4484356894553883,45.19119351100811
260050,Águas Belas - PE,234.76,37.5,31.3574995376364,PE,26007,Vale do Ipanema,4128,2,0,23,0,34,same_uf,5.571705426356589,0.0,8.236434108527131
260060,Alagoinha - PE,271.86,24.8,49.549549549549546,PE,26008,Vale do Ipojuca,670,3,0,19,1,21,same_uf,28.35820895522388,1.492537313432836,31.34328358208955
260070,Aliança - PE,257.08,25.200000000000003,56.0586920610242,PE,26013,Mata Setentrional Pernambucana,2558,0,0,37,6,57,same_uf,14.464425332290853,2.3455824863174355,22.283033620015637
260080,Altinho - PE,252.59,31.5,54.780141843971634,PE,26012,Brejo Pernambucano,1181,25,0,27,3,34,same_uf,22.861981371718883,2.5402201524132093,28.789161727349704
260090,Amaraji - PE,282.42,28.3,51.87044534412956,PE,26015,Mata Meridional Pernambucana,1582,0,0,19,4,31,same_uf,12.010113780025284,2.5284450063211126,19.59544879898862
260100,Angelim - PE,246.69,30.5,55.50366911274183,PE,26011,Garanhuns,747,2,0,5,1,7,same_uf,6.693440428380187,1.3386880856760375,9.370816599732262
260105,Araçoiaba - PE,230.93,21.8,9.57910014513788,PE,26016,Itamaracá,1402,0,0,13,1,24,same_uf,9.27246790299572,0.7132667617689016,17.118402282453637
260110,Araripina - PE,314.53,23.099999999999994,47.99844728031442,PE,26001,Araripina,10076,2,0,77,11,113,same_uf,7.641921397379913,1.091703056768559,11.214767764986105
260120,Arcoverde - PE,446.09,16.200000000000003,87.6923076923077,PE,26004,Sertão do Moxotó,5103,0,0,26,2,45,same_uf,5.095042132079169,0.3919263178522438,8.818342151675486
260130,Barra de Guabiraba - PE,251.53,31.5,74.38115120787354,PE,26012,Brejo Pernambucano,850,12,0,16,0,21,same_uf,18.823529411764707,0.0,24.705882352941178
260140,Barreiros - PE,238.12,22.200000000000003,45.42145593869732,PE,26015,Mata Meridional Pernambucana,4045,3,0,29,6,60,same_uf,7.169344870210136,1.4833127317676142,14.833127317676144
260150,Belém de Maria - PE,224.73,28.8,44.067237969677,PE,26015,Mata Meridional Pernambucana,771,8,0,28,0,39,same_uf,36.31647211413748,0.0,50.583657587548636
260160,Belém do São Francisco - PE,347.18,19.90000000000001,43.59689304919339,PE,26006,Itaparica,1985,0,0,23,5,40,same_uf,11.586901763224182,2.5188916876574305,20.151133501259444
260170,Belo Jardim - PE,366.02,22.8,72.2557678442682,PE,26008,Vale do Ipojuca,5016,16,0,53,8,315,same_uf,10.566188197767145,1.594896331738437,62.79904306220096
260180,Betânia - PE,219.53,30.5,34.50151057401813,PE,26004,Sertão do Moxotó,939,0,0,2,3,10,same_uf,2.1299254526091587,3.194888178913738,10.649627263045794
260190,Bezerros - PE,343.39,25.700000000000003,74.14186456496941,PE,26008,Vale do Ipojuca,3053,40,0,49,5,62,same_uf,16.04978709466099,1.6377333770062235,20.30789387487717
260200,Bodocó - PE,232.17,27.099999999999994,26.56793447772916,PE,26001,Araripina,2920,0,0,15,2,31,same_uf,5.136986301369863,0.684931506849315,10.616438356164384
260210,Bom Conselho - PE,299.93,31.200000000000003,56.86615542730651,PE,26011,Garanhuns,3586,3,0,37,4,58,same_uf,10.317902955939767,1.1154489682097044,16.174010039040713
260220,Bom Jardim - PE,240.38,27.099999999999994,22.74308734663981,PE,26010,Médio Capibaribe,2071,0,0,33,8,55,same_uf,15.934331240946403,3.86286817962337,26.55721873491067
260230,Bonito - PE,250.49,28.599999999999994,67.9096881650782,PE,26012,Brejo Pernambucano,3058,28,0,22,5,42,same_uf,7.194244604316546,1.6350555918901242,13.734466971877044
260240,Brejão - PE,226.0,29.0,31.183237469186523,PE,26011,Garanhuns,864,2,0,7,0,11,same_uf,8.101851851851851,0.0,12.731481481481481
260250,Brejinho - PE,261.9,23.0,47.911778507742845,PE,26003,Pajeú,598,0,0,0,0,1,same_uf,0.0,0.0,1.6722408026755853
260260,Brejo da Madre de Deus - PE,289.21,29.5,57.11052433044134,PE,26008,Vale do Ipojuca,3500,69,0,52,7,81,same_uf,14.857142857142858,2.0,23.142857142857142
260270,Buenos Aires - PE,244.82,25.8,15.306980656013456,PE,26013,Mata Setentrional Pernambucana,751,0,0,19,0,26,same_uf,25.29960053262317,0.0,34.62050599201065
260280,Buíque - PE,172.04,36.6,32.80999923786297,PE,26007,Vale do Ipanema,4996,4,0,6,1,26,same_uf,1.200960768614892,0.200160128102482,5.204163330664532
260290,Cabo de Santo Agostinho - PE,441.95,12.200000000000005,50.87449908243137,PE,26018,Suape,13504,3,0,194,16,330,same_uf,14.366113744075829,1.1848341232227488,24.437203791469194
260300,Cabrobó - PE,290.45,21.599999999999994,65.07645259938838,PE,26005,Petrolina,2991,0,0,55,20,92,same_uf,18.3884988298228,6.686726847208291,30.758943497158143
260310,Cachoeirinha - PE,297.29,29.40000000000001,73.57751277683134,PE,26008,Vale do Ipojuca,1254,22,0,33,2,37,same_uf,26.31578947368421,1.594896331738437,29.505582137161085
260320,Caetés - PE,175.46,34.5,26.709585121602288,PE,26011,Garanhuns,2524,5,0,9,0,16,same_uf,3.565768621236133,0.0,6.3391442155309035
260330,Calçado - PE,213.95,29.099999999999994,43.6678422571337,PE,26011,Garanhuns,709,3,0,14,2,23,same_uf,19.746121297602258,2.8208744710860367,32.44005641748942
260340,Calumbi - PE,271.82,29.8,46.93753790175864,PE,26003,Pajeú,546,0,0,5,0,5,same_uf,9.157509157509157,0.0,9.157509157509157
260345,Camaragibe - PE,446.0,10.299999999999995,41.114949600113576,PE,26017,Recife,10779,0,0,146,24,251,same_uf,13.544855738009092,2.226551628165878,23.286019111234808
260350,Camocim de São Félix - PE,283.94,28.8,76.02305475504323,PE,26012,Brejo Pernambucano,989,18,0,17,1,29,same_uf,17.189079878665318,1.0111223458038423,29.322548028311427
260360,Camutanga - PE,273.19,24.3,28.35689045936396,PE,26013,Mata Setentrional Pernambucana,432,1,0,4,0,8,same_uf,9.25925925925926,0.0,18.51851851851852
260370,Canhotinho - PE,228.1,32.900000000000006,56.36966681742801,PE,26011,Garanhuns,1640,5,0,11,1,18,same_uf,6.7073170731707314,0.6097560975609756,10.975609756097562
260380,Capoeiras - PE,214.37,28.5,34.46459918080749,PE,26008,Vale do Ipojuca,1567,0,0,9,1,17,same_uf,5.74345883854499,0.6381620931716656,10.848755583918315
260390,Carnaíba - PE,227.06,24.099999999999994,43.43866171003717,PE,26003,Pajeú,1551,0,0,13,3,25,same_uf,8.381689232753063,1.9342359767891684,16.118633139909736
260392,Carnaubeira da Penha - PE,167.93,25.3,15.908221797323137,PE,26006,Itaparica,1604,1,0,9,0,16,same_uf,5.610972568578553,0.0,9.975062344139651
260400,Carpina - PE,388.38,14.900000000000006,15.430543894019964,PE,26013,Mata Setentrional Pernambucana,4167,2,0,53,13,94,same_uf,12.718982481401488,3.119750419966403,22.55819534437245
260410,Caruaru - PE,540.9,14.5,81.96648114304702,PE,26008,Vale do Ipojuca,24141,791,0,758,22,966,same_uf,31.398865001449817,0.9113127045275672,40.01491238971045
260415,Casinhas - PE,199.58,28.200000000000003,12.17032967032967,PE,26009,Alto Capibaribe,876,4,0,9,1,14,same_uf,10.273972602739725,1.1415525114155252,15.981735159817351
260420,Catende - PE,282.32,25.099999999999994,64.27067669172932,PE,26015,Mata Meridional Pernambucana,2992,5,0,46,5,99,same_uf,15.37433155080214,1.6711229946524064,33.088235294117645
260430,Cedro - PE,267.56,20.099999999999994,57.365747460087086,PE,26002,Salgueiro,869,0,0,10,1,18,same_uf,11.507479861910241,1.1507479861910241,20.713463751438436
260440,Chã de Alegria - PE,228.58,22.40000000000001,19.549523534507653,PE,26014,Vitória de Santo Antão,973,1,0,7,3,16,same_uf,7.194244604316546,3.0832476875642345,16.44398766700925
260450,Chã Grande - PE,338.1,27.700000000000003,46.077105174163,PE,26014,Vitória de Santo Antão,1375,0,0,11,1,17,same_uf,8.0,0.7272727272727273,12.363636363636363
260460,Condado - PE,287.55,24.90000000000001,3.885510900192792,PE,26013,Mata Setentrional Pernambucana,1330,0,0,23,4,42,same_uf,17.293233082706767,3.007518796992481,31.57894736842105
260470,Correntes - PE,243.11,29.700000000000003,48.4590616375345,PE,26011,Garanhuns,1246,2,0,6,1,8,same_uf,4.815409309791332,0.8025682182985554,6.420545746388443
260480,Cortês - PE,223.48,25.90000000000001,55.5956678700361,PE,26015,Mata Meridional Pernambucana,1135,4,0,13,1,30,same_uf,11.45374449339207,0.8810572687224669,26.431718061674008
260490,Cumaru - PE,245.83,29.099999999999994,21.392056626032247,PE,26010,Médio Capibaribe,906,18,0,17,1,19,same_uf,18.763796909492275,1.1037527593818985,20.97130242825607
260500,Cupira - PE,327.09,28.0,81.26904959822666,PE,26012,Brejo Pernambucano,1696,29,0,48,5,61,same_uf,28.30188679245283,2.94811320754717,35.966981132075475
260510,Custódia - PE,342.87,25.099999999999994,53.30700888450148,PE,26004,Sertão do Moxotó,2420,1,0,9,5,18,same_uf,3.71900826446281,2.0661157024793386,7.43801652892562
260515,Dormentes - PE,255.97,23.40000000000001,73.02235597592433,PE,26005,Petrolina,974,0,0,25,1,35,same_uf,25.66735112936345,1.0266940451745379,35.93429158110883
260520,Escada - PE,314.35,20.099999999999994,38.47936437872434,PE,26015,Mata Meridional Pernambucana,5062,2,0,80,14,141,same_uf,15.804030027657053,2.7657052548399843,27.854602923745556
260530,Exu - PE,233.2,22.90000000000001,17.616136919315405,PE,26001,Araripina,2458,0,0,12,2,25,same_uf,4.882017900732302,0.8136696501220505,10.17087062652563
260540,Feira Nova - PE,285.16,26.3,21.801252207416923,PE,26010,Médio Capibaribe,1511,1,0,14,6,29,same_uf,9.265387160820648,3.970880211780278,19.192587690271342
260545,Fernando de Noronha - PE,1024.26,4.900000000000006,81.36752136752136,PE,26019,Fernando de Noronha,46,0,0,0,0,0,same_uf,0.0,0.0,0.0
260550,Ferreiros - PE,307.36,26.099999999999994,50.193174500965874,PE,26013,Mata Setentrional Pernambucana,670,1,0,5,0,8,same_uf,7.462686567164179,0.0,11.940298507462687
260560,Flores - PE,224.26,30.0,33.482076453964005,PE,26003,Pajeú,1471,0,0,8,4,17,same_uf,5.438477226376614,2.719238613188307,11.556764106050306
260570,Floresta - PE,307.25,16.900000000000006,42.13958651311225,PE,26006,Itaparica,3145,2,0,8,2,16,same_uf,2.5437201907790143,0.6359300476947536,5.087440381558029
260580,Frei Miguelinho - PE,278.57,28.90000000000001,13.66778149386845,PE,26009,Alto Capibaribe,800,12,0,10,0,11,same_uf,12.5,0.0,13.75
260590,Gameleira - PE,219.6,24.0,54.552023121387286,PE,26015,Mata Meridional Pernambucana,1827,1,0,23,3,55,same_uf,12.588943623426381,1.6420361247947455,30.103995621237
260600,Garanhuns - PE,480.22,16.200000000000003,53.79736673089274,PE,26011,Garanhuns,10826,5,0,57,5,116,same_uf,5.265102530944024,0.4618510992056161,10.714945501570293
260610,Glória do Goitá - PE,274.81,27.3,35.64596198086935,PE,26014,Vitória de Santo Antão,1735,1,0,20,1,27,same_uf,11.527377521613833,0.5763688760806917,15.561959654178674
260620,Goiana - PE,350.73,17.5,34.46461824953445,PE,26013,Mata Setentrional Pernambucana,5022,0,0,57,8,164,same_uf,11.350059737156512,1.5929908403026682,32.6563122262047
260630,Granito - PE,231.6,24.700000000000003,30.41526374859708,PE,26001,Araripina,455,0,0,2,0,5,same_uf,4.395604395604396,0.0,10.989010989010989
260640,Gravatá - PE,392.96,20.5,66.1548988581448,PE,26008,Vale do Ipojuca,4139,3,0,48,8,79,same_uf,11.597004107272287,1.9328340178787147,19.086735926552308
260650,Iati - PE,197.33,35.8,37.76617954070981,PE,26011,Garanhuns,1622,0,0,9,0,12,same_uf,5.548705302096177,0.0,7.398273736128237
260660,Ibimirim - PE,215.05,29.5,35.122020836306554,PE,26004,Sertão do Moxotó,2437,2,0,18,1,24,same_uf,7.386130488305294,0.4103405826836274,9.848173984407058
260670,Ibirajuba - PE,237.14,31.599999999999994,48.69109947643979,PE,26012,Brejo Pernambucano,476,8,0,20,1,22,same_uf,42.016806722689076,2.100840336134454,46.21848739495798
260680,Igarassu - PE,370.54,13.200000000000005,20.48050678976985,PE,26016,Itamaracá,6405,0,0,89,33,194,same_uf,13.895394223263075,5.152224824355972,30.288836846213897
260690,Iguaracy - PE,291.73,25.700000000000003,37.475835404584366,PE,26003,Pajeú,846,2,0,9,0,11,same_uf,10.638297872340425,0.0,13.002364066193854
260700,Inajá - PE,179.98,35.3,27.08483537611151,PE,26004,Sertão do Moxotó,1385,2,0,10,1,16,same_uf,7.2202166064981945,0.7220216606498195,11.552346570397113
260710,Ingazeira - PE,286.41,24.40000000000001,43.64341085271318,PE,26003,Pajeú,297,0,0,0,0,1,same_uf,0.0,0.0,3.367003367003367
260720,Ipojuca - PE,346.14,19.200000000000003,51.32630813953488,PE,26018,Suape,7131,1,0,86,23,165,same_uf,12.0600196325901,3.2253540877857243,23.138409760201935
260730,Ipubi - PE,230.51,26.90000000000001,21.823472356935014,PE,26001,Araripina,3043,1,0,29,2,42,same_uf,9.530069010844562,0.6572461386789352,13.80216891225764
260740,Itacuruba - PE,268.67,19.5,82.92469352014011,PE,26006,Itaparica,450,1,0,3,0,3,same_uf,6.666666666666667,0.0,6.666666666666667
260750,Itaíba - PE,214.43,36.4,33.22405929304447,PE,26007,Vale do Ipanema,1879,0,0,13,1,18,same_uf,6.9185737094199045,0.532197977647685,9.579563597658328
260760,Ilha de Itamaracá - PE,386.44,14.200000000000005,20.30729359496483,PE,26016,Itamaracá,1076,0,0,11,3,22,same_uf,10.223048327137546,2.7881040892193307,20.44609665427509
260765,Itambé - PE,253.69,27.700000000000003,18.779739875224703,PE,26013,Mata Setentrional Pernambucana,1543,0,0,11,2,24,same_uf,7.128969539857421,1.2961762799740766,15.554115359688918
260770,Itapetim - PE,326.27,23.599999999999994,54.05767940979209,PE,26003,Pajeú,1090,1,0,1,0,2,same_uf,0.9174311926605505,0.0,1.834862385321101
260775,Itapissuma - PE,297.51,16.900000000000006,25.371287128712872,PE,26016,Itamaracá,1487,0,0,30,3,46,same_uf,20.174848688634835,2.0174848688634834,30.93476798924008
260780,Itaquitinga - PE,245.7,25.599999999999994,9.62877030162413,PE,26013,Mata Setentrional Pernambucana,1021,0,0,18,3,33,same_uf,17.62977473065622,2.9382957884427032,32.32125367286974
260790,Jaboatão dos Guararapes - PE,566.17,8.599999999999994,46.7436702918593,PE,26017,Recife,37539,7,0,412,96,825,same_uf,10.975252404166334,2.5573403660193397,21.9771437704787
260795,Jaqueira - PE,237.7,29.40000000000001,34.23300307482064,PE,26015,Mata Meridional Pernambucana,357,0,0,10,1,12,same_uf,28.011204481792717,2.8011204481792715,33.61344537815126
260800,Jataúba - PE,238.22,31.5,56.47489765136824,PE,26008,Vale do Ipojuca,1304,26,0,31,0,36,same_uf,23.773006134969325,0.0,27.607361963190183
260805,Jatobá - PE,331.74,21.099999999999994,70.26885930566432,PE,26006,Itaparica,376,0,0,1,0,3,same_uf,2.6595744680851063,0.0,7.9787234042553195
260810,João Alfredo - PE,265.83,32.5,17.66990291262136,PE,26010,Médio Capibaribe,1518,0,0,22,2,36,same_uf,14.492753623188406,1.3175230566534915,23.715415019762847
260820,Joaquim Nabuco - PE,253.43,27.0,51.557259223766174,PE,26015,Mata Meridional Pernambucana,1342,2,0,26,5,73,same_uf,19.374068554396423,3.7257824143070044,54.396423248882265
260825,Jucati - PE,226.65,29.200000000000003,49.34760789561727,PE,26011,Garanhuns,969,0,0,5,0,7,same_uf,5.159958720330238,0.0,7.223942208462332
260830,Jupi - PE,258.83,29.200000000000003,52.57991442235087,PE,26011,Garanhuns,1419,2,0,12,0,14,same_uf,8.456659619450317,0.0,9.866102889358704
260840,Jurema - PE,203.68,33.599999999999994,65.21739130434783,PE,26011,Garanhuns,1214,16,0,27,1,32,same_uf,22.240527182866558,0.8237232289950577,26.359143327841846
260845,Lagoa do Carro - PE,268.31,21.8,10.227518959913326,PE,26013,Mata Setentrional Pernambucana,993,0,0,9,4,17,same_uf,9.06344410876133,4.028197381671702,17.119838872104733
260850,Lagoa de Itaenga - PE,246.69,23.90000000000001,15.171821305841924,PE,26013,Mata Setentrional Pernambucana,1480,0,0,22,3,31,same_uf,14.864864864864865,2.027027027027027,20.945945945945947
260860,Lagoa do Ouro - PE,220.39,36.3,53.44117647058823,PE,26011,Garanhuns,1094,0,0,4,1,9,same_uf,3.656307129798903,0.9140767824497258,8.226691042047532
260870,Lagoa dos Gatos - PE,247.3,35.0,47.52517677308764,PE,26012,Brejo Pernambucano,1049,24,0,27,2,59,same_uf,25.738798856053386,1.9065776930409915,56.244041944709245
260875,Lagoa Grande - PE,292.9,22.0,40.54767403497196,PE,26005,Petrolina,1929,1,0,45,11,74,same_uf,23.32814930015552,5.702436495593572,38.361845515811304
260880,Lajedo - PE,328.72,23.90000000000001,65.24268314851845,PE,26011,Garanhuns,2994,11,0,25,2,33,same_uf,8.3500334001336,0.6680026720106881,11.022044088176353
260890,Limoeiro - PE,383.29,18.200000000000003,46.189489086696746,PE,26010,Médio Capibaribe,3331,1,0,39,18,106,same_uf,11.708195737015911,5.403782647853498,31.82227559291504
260900,Macaparana - PE,275.13,28.599999999999994,62.07620762076208,PE,26013,Mata Setentrional Pernambucana,1799,1,0,13,2,18,same_uf,7.226236798221234,1.1117287381878822,10.00555864369094
260910,Machados - PE,220.75,27.200000000000003,23.56545961002785,PE,26010,Médio Capibaribe,791,1,0,6,2,13,same_uf,7.585335018963337,2.5284450063211126,16.43489254108723
260915,Manari - PE,154.19,36.4,5.71773220747889,PE,26004,Sertão do Moxotó,817,1,0,10,0,13,same_uf,12.239902080783354,0.0,15.911872705018359
260920,Maraial - PE,228.95,32.0,22.07368764264754,PE,26015,Mata Meridional Pernambucana,1611,3,0,23,5,90,same_uf,14.276846679081316,3.1036623215394163,55.865921787709496
260930,Mirandiba - PE,185.94,22.200000000000003,56.07919687674289,PE,26002,Salgueiro,1548,1,0,24,1,45,same_uf,15.503875968992247,0.6459948320413437,29.069767441860463
260940,Moreno - PE,331.35,15.700000000000005,52.6590895277457,PE,26017,Recife,3653,1,0,26,4,52,same_uf,7.117437722419929,1.0949904188338353,14.234875444839858
260950,Nazaré da Mata - PE,339.89,17.900000000000006,78.04174835659093,PE,26013,Mata Setentrional Pernambucana,1568,1,0,35,6,55,same_uf,22.321428571428573,3.826530612244898,35.076530612244895
260960,Olinda - PE,621.73,6.700000000000003,57.94168035465127,PE,26017,Recife,26268,6,0,404,79,774,same_uf,15.379929952794274,3.007461550175118,29.465509365006852
260970,Orobó - PE,232.58,26.700000000000003,21.902062667296487,PE,26010,Médio Capibaribe,1237,0,0,14,3,23,same_uf,11.317704122877931,2.4252223120452707,18.593371059013744
260980,Orocó - PE,219.75,21.700000000000003,38.865918487891314,PE,26005,Petrolina,1198,0,0,26,4,36,same_uf,21.702838063439064,3.33889816360601,30.05008347245409
260990,Ouricuri - PE,284.85,26.90000000000001,61.05237721258986,PE,26001,Araripina,6171,1,0,28,5,66,same_uf,4.537352130935019,0.8102414519526819,10.695187165775401
261000,Palmares - PE,292.93,19.8,57.41101584827228,PE,26015,Mata Meridional Pernambucana,5879,11,0,89,23,284,same_uf,15.138629018540568,3.9122299710835176,48.307535295118214
261010,Palmeirina - PE,241.52,29.700000000000003,54.03087478559177,PE,26011,Garanhuns,525,1,0,1,0,2,same_uf,1.9047619047619047,0.0,3.8095238095238093
261020,Panelas - PE,230.71,33.599999999999994,57.826027209014704,PE,26012,Brejo Pernambucano,1896,27,0,43,5,59,same_uf,22.679324894514767,2.6371308016877637,31.11814345991561
261030,Paranatama - PE,209.82,33.599999999999994,4.743589743589744,PE,26011,Garanhuns,981,0,0,4,0,7,same_uf,4.077471967380224,0.0,7.135575942915392
261040,Parnamirim - PE,250.7,22.5,36.25246548323472,PE,26002,Salgueiro,2152,0,0,19,5,36,same_uf,8.82899628252788,2.323420074349442,16.728624535315983
261050,Passira - PE,253.6,29.0,17.67776360051038,PE,26010,Médio Capibaribe,1912,8,0,24,7,46,same_uf,12.552301255230125,3.6610878661087867,24.05857740585774
261060,Paudalho - PE,346.8,19.40000000000001,32.082392776523704,PE,26013,Mata Setentrional Pernambucana,4458,1,0,43,18,86,same_uf,9.645580978017048,4.037685060565276,19.291161956034095
261070,Paulista - PE,507.98,5.900000000000006,61.51155734539637,PE,26017,Recife,14274,0,0,203,42,345,same_uf,14.22166176264537,2.942412778478352,24.169819251786464
261080,Pedra - PE,239.26,30.200000000000003,43.61323155216285,PE,26007,Vale do Ipanema,1807,1,0,18,1,27,same_uf,9.96126175982291,0.5534034311012729,14.941892639734366
261090,Pesqueira - PE,321.35,23.40000000000001,63.489736070381234,PE,26008,Vale do Ipojuca,5822,17,0,40,6,58,same_uf,6.870491240123669,1.0305736860185504,9.96221229817932
261100,Petrolândia - PE,333.69,16.799999999999997,70.42697153523099,PE,26006,Itaparica,3127,0,0,11,4,26,same_uf,3.5177486408698435,1.2791813239526704,8.314678605692357
261110,Petrolina - PE,584.31,11.099999999999994,73.92765565485823,PE,26005,Petrolina,25257,7,0,829,163,1252,same_uf,32.82258383814388,6.453656412083779,49.57041612226313
261120,Poção - PE,226.74,30.5,46.763657957244654,PE,26008,Vale do Ipojuca,724,1,0,11,0,12,same_uf,15.193370165745856,0.0,16.574585635359117
261130,Pombos - PE,293.3,26.3,67.05947594620824,PE,26014,Vitória de Santo Antão,1521,4,0,15,1,21,same_uf,9.861932938856016,0.6574621959237343,13.806706114398422
261140,Primavera - PE,276.77,26.200000000000003,45.56341861731083,PE,26015,Mata Meridional Pernambucana,860,1,0,9,0,15,same_uf,10.465116279069768,0.0,17.441860465116278
261150,Quipapá - PE,213.0,32.400000000000006,50.59067688378033,PE,26015,Mata Meridional Pernambucana,1788,10,0,11,2,24,same_uf,6.152125279642058,1.1185682326621924,13.422818791946309
261153,Quixaba - PE,214.69,25.0,28.99113082039912,PE,26003,Pajeú,465,0,0,1,0,5,same_uf,2.150537634408602,0.0,10.75268817204301
261160,Recife - PE,1109.01,6.799999999999997,70.58081290865293,PE,26017,Recife,93514,18,0,1556,349,3008,same_uf,16.63921979596638,3.732061509506598,32.16630664927177
261170,Riacho das Almas - PE,304.05,31.40000000000001,50.67376476459824,PE,26008,Vale do Ipojuca,1225,38,0,43,3,50,same_uf,35.10204081632653,2.4489795918367347,40.816326530612244
261180,Ribeirão - PE,313.17,21.3,66.81460391894156,PE,26015,Mata Meridional Pernambucana,3216,2,0,54,5,97,same_uf,16.791044776119403,1.554726368159204,30.16169154228856
261190,Rio Formoso - PE,260.84,20.599999999999994,34.696112429275416,PE,26015,Mata Meridional Pernambucana,2022,0,0,27,2,45,same_uf,13.353115727002967,0.9891196834817013,22.255192878338278
261200,Sairé - PE,291.79,30.0,29.8566207478212,PE,26012,Brejo Pernambucano,546,7,0,10,3,13,same_uf,18.315018315018314,5.4945054945054945,23.80952380952381
261210,Salgadinho - PE,194.78,39.9,13.081650570676032,PE,26010,Médio Capibaribe,240,1,0,6,0,7,same_uf,25.0,0.0,29.166666666666668
261220,Salgueiro - PE,437.08,15.0,64.16023422943839,PE,26002,Salgueiro,7572,1,0,229,9,307,same_uf,30.24300052826202,1.1885895404120443,40.54410987849974
261230,Saloá - PE,253.14,31.90000000000001,38.02848242100578,PE,26011,Garanhuns,1263,4,0,10,1,17,same_uf,7.917656373713381,0.7917656373713381,13.460015835312747
261240,Sanharó - PE,260.24,22.90000000000001,52.20588235294117,PE,26008,Vale do Ipojuca,1472,8,0,22,2,28,same_uf,14.945652173913043,1.358695652173913,19.02173913043478
261245,Santa Cruz - PE,205.6,29.599999999999994,27.64069864153036,PE,26001,Araripina,1612,0,0,11,2,25,same_uf,6.823821339950372,1.2406947890818858,15.508684863523573
261247,Santa Cruz da Baixa Verde - PE,254.28,23.599999999999994,45.6671664167916,PE,26003,Pajeú,1091,0,0,4,1,8,same_uf,3.666361136571952,0.916590284142988,7.332722273143904
261250,Santa Cruz do Capibaribe - PE,492.61,14.799999999999995,87.59881232406586,PE,26009,Alto Capibaribe,4119,84,0,74,10,100,same_uf,17.96552561301287,2.4277737314882253,24.277737314882252
261255,Santa Filomena - PE,173.9,28.90000000000001,9.156492785793562,PE,26001,Araripina,709,0,0,12,0,13,same_uf,16.92524682651622,0.0,18.33568406205924
261260,Santa Maria da Boa Vista - PE,264.56,19.599999999999994,41.31699846860644,PE,26005,Petrolina,3797,2,0,92,10,120,same_uf,24.229654990782198,2.6336581511719777,31.603897814063735
261270,Santa Maria do Cambucá - PE,277.85,31.5,24.57021951864586,PE,26009,Alto Capibaribe,908,4,0,17,2,20,same_uf,18.722466960352424,2.202643171806167,22.026431718061673
261280,Santa Terezinha - PE,223.96,22.40000000000001,52.45358090185676,PE,26003,Pajeú,730,0,0,4,1,5,same_uf,5.47945205479452,1.36986301369863,6.8493150684931505
261290,São Benedito do Sul - PE,165.84,31.0,24.362606232294617,PE,26015,Mata Meridional Pernambucana,830,1,0,12,1,44,same_uf,14.457831325301205,1.2048192771084338,53.01204819277108
261300,São Bento do Una - PE,313.78,27.0,48.05239102257998,PE,26008,Vale do Ipojuca,3824,32,0,51,3,68,same_uf,13.336820083682008,0.7845188284518828,17.782426778242677
261310,São Caitano - PE,294.92,26.5,51.32270168855535,PE,26008,Vale do Ipojuca,2598,64,0,75,4,88,same_uf,28.868360277136258,1.539645881447267,33.872209391839874
261320,São João - PE,259.98,29.40000000000001,26.92373902564985,PE,26011,Garanhuns,1540,0,0,13,0,20,same_uf,8.441558441558442,0.0,12.987012987012987
261330,São Joaquim do Monte - PE,238.28,31.599999999999994,67.13523994183228,PE,26012,Brejo Pernambucano,1694,3,0,24,1,30,same_uf,14.167650531286895,0.5903187721369539,17.70956316410862
261340,São José da Coroa Grande - PE,294.51,22.200000000000003,5.188968335035751,PE,26015,Mata Meridional Pernambucana,1550,1,0,18,5,37,same_uf,11.612903225806452,3.225806451612903,23.870967741935484
261350,São José do Belmonte - PE,271.08,25.8,35.96730245231608,PE,26002,Salgueiro,2836,0,0,13,4,22,same_uf,4.58392101551481,1.4104372355430184,7.757404795486601
261360,São José do Egito - PE,332.78,20.200000000000003,64.54536400756896,PE,26003,Pajeú,2303,0,0,7,1,14,same_uf,3.0395136778115504,0.4342162396873643,6.079027355623101
261370,São Lourenço da Mata - PE,355.18,14.900000000000006,38.8890721377445,PE,26017,Recife,7362,1,0,94,35,213,same_uf,12.768269491985873,4.754142895952187,28.93235533822331
261380,São Vicente Férrer - PE,254.55,27.8,56.54890133563119,PE,26010,Médio Capibaribe,1262,0,0,11,0,20,same_uf,8.716323296354991,0.0,15.847860538827259
261390,Serra Talhada - PE,401.48,19.700000000000003,71.84052809867107,PE,26003,Pajeú,6746,0,0,66,14,96,same_uf,9.783575452119775,2.0753038837829827,14.230655203083309
261400,Serrita - PE,231.58,23.8,35.78708946772367,PE,26002,Salgueiro,1611,0,0,19,1,29,same_uf,11.793916821849782,0.6207324643078833,18.001241464928615
261410,Sertânia - PE,327.11,24.700000000000003,59.15405989502933,PE,26004,Sertão do Moxotó,2290,2,0,16,4,29,same_uf,6.986899563318778,1.7467248908296944,12.663755458515285
261420,Sirinhaém - PE,266.97,23.599999999999994,34.3322345420038,PE,26015,Mata Meridional Pernambucana,3454,3,0,41,4,76,same_uf,11.870295309785755,1.1580775911986103,22.003474232773595
261430,Moreilândia - PE,200.26,22.700000000000003,12.47450713800136,PE,26001,Araripina,667,0,0,5,0,7,same_uf,7.496251874062969,0.0,10.494752623688155
261440,Solidão - PE,236.21,23.099999999999994,36.89320388349515,PE,26003,Pajeú,507,0,0,6,0,11,same_uf,11.834319526627219,0.0,21.696252465483234
261450,Surubim - PE,362.17,22.700000000000003,58.83058299548907,PE,26009,Alto Capibaribe,4258,5,0,32,1,42,same_uf,7.51526538280883,0.23485204321277595,9.86378581493659
261460,Tabira - PE,268.88,21.3,72.1076458752515,PE,26003,Pajeú,2449,0,0,13,1,28,same_uf,5.308289097590853,0.4083299305839118,11.43323805634953
261470,Tacaimbó - PE,218.74,33.5,54.45240532241556,PE,26008,Vale do Ipojuca,748,17,0,27,3,48,same_uf,36.096256684491976,4.010695187165775,64.1711229946524
261480,Tacaratu - PE,203.46,22.90000000000001,22.14411247803164,PE,26006,Itaparica,777,0,0,6,0,13,same_uf,7.722007722007722,0.0,16.73101673101673
261485,Tamandaré - PE,283.96,21.200000000000003,19.352423731985777,PE,26015,Mata Meridional Pernambucana,1839,1,0,24,3,62,same_uf,13.05057096247961,1.6313213703099512,33.71397498640565
261500,Taquaritinga do Norte - PE,418.65,20.8,44.16903697683868,PE,26009,Alto Capibaribe,1418,23,0,20,17,39,same_uf,14.104372355430183,11.988716502115656,27.50352609308886
261510,Terezinha - PE,223.79,33.400000000000006,57.16612377850163,PE,26011,Garanhuns,583,0,0,1,0,3,same_uf,1.7152658662092624,0.0,5.145797598627787
261520,Terra Nova - PE,235.51,19.0,47.666253614209005,PE,26005,Petrolina,897,0,0,19,0,22,same_uf,21.181716833890746,0.0,24.526198439241917
261530,Timbaúba - PE,310.69,19.700000000000003,67.58770772883145,PE,26013,Mata Setentrional Pernambucana,4165,0,0,30,6,56,same_uf,7.202881152460985,1.440576230492197,13.445378151260504
261540,Toritama - PE,448.52,19.099999999999994,79.9214531173294,PE,26009,Alto Capibaribe,2038,47,0,50,3,55,same_uf,24.53385672227674,1.4720314033366044,26.987242394504417
261550,Tracunhaém - PE,262.64,23.200000000000003,24.06798245614035,PE,26013,Mata Setentrional Pernambucana,894,0,0,19,3,30,same_uf,21.252796420581657,3.3557046979865772,33.557046979865774
261560,Trindade - PE,333.14,22.90000000000001,44.18334783870032,PE,26001,Araripina,3135,0,0,14,0,19,same_uf,4.4657097288676235,0.0,6.0606060606060606
261570,Triunfo - PE,385.56,15.400000000000006,21.769177608845887,PE,26003,Pajeú,1132,0,0,6,3,12,same_uf,5.30035335689046,2.65017667844523,10.60070671378092
261580,Tupanatinga - PE,168.83,34.099999999999994,32.72668183295418,PE,26007,Vale do Ipanema,1985,0,0,8,0,16,same_uf,4.030226700251889,0.0,8.060453400503778
261590,Tuparetama - PE,357.83,19.40000000000001,60.64940085040588,PE,26003,Pajeú,570,0,0,1,0,4,same_uf,1.7543859649122806,0.0,7.017543859649122
261600,Venturosa - PE,272.4,25.700000000000003,56.53812056737589,PE,26007,Vale do Ipanema,1399,0,0,11,1,17,same_uf,7.862759113652609,0.7147962830593281,12.151536812008578
261610,Verdejante - PE,257.06,24.0,41.30794701986755,PE,26002,Salgueiro,991,1,0,24,0,35,same_uf,24.217961654894047,0.0,35.317860746720484
261618,Vertente do Lério - PE,218.88,29.8,15.714285714285714,PE,26009,Alto Capibaribe,676,0,0,3,0,5,same_uf,4.437869822485207,0.0,7.396449704142012
261620,Vertentes - PE,335.84,22.40000000000001,39.80653403905822,PE,26009,Alto Capibaribe,1524,21,0,28,0,31,same_uf,18.37270341207349,0.0,20.341207349081365
261630,Vicência - PE,234.24,21.40000000000001,58.792162698412696,PE,26013,Mata Setentrional Pernambucana,1999,2,0,31,1,45,same_uf,15.50775387693847,0.5002501250625313,22.511255627813906
261640,Vitória de Santo Antão - PE,389.18,20.3,64.42985347056735,PE,26014,Vitória de Santo Antão,10820,0,0,101,12,165,same_uf,9.33456561922366,1.1090573012939002,15.249537892791128
261650,Xexéu - PE,237.27,30.099999999999994,56.08292416803055,PE,26015,Mata Meridional Pernambucana,712,1,0,8,1,19,same_uf,11.235955056179776,1.404494382022472,26.685393258426966
270010,Água Branca - AL,210.88,27.90000000000001,29.883597883597883,AL,27001,Serrana do Sertão Alagoano,1101,0,0,14,0,22,same_uf,12.715712988192552,0.0,19.981834695731152
270020,Anadia - AL,236.86,32.900000000000006,19.07415345049293,AL,27012,São Miguel dos Campos,1424,0,0,38,12,54,same_uf,26.685393258426966,8.426966292134832,37.92134831460674
270030,Arapiraca - AL,411.55,20.599999999999994,19.212811974321124,AL,27006,Arapiraca,17367,6,0,233,76,371,same_uf,13.416249208268555,4.376115621581159,21.362353889560662
270040,Atalaia - AL,230.76,30.700000000000003,24.28689351554618,AL,27009,Mata Alagoana,4034,3,0,93,21,126,same_uf,23.054040654437284,5.205751115518096,31.234506693108578
270050,Barra de Santo Antônio - AL,235.97,25.599999999999994,23.6154949784792,AL,27011,Maceió,1327,1,0,54,8,66,same_uf,40.693293142426526,6.028636021100226,49.736247174076865
270060,Barra de São Miguel - AL,419.64,22.0,53.92354124748491,AL,27011,Maceió,680,0,0,23,4,30,same_uf,33.8235294117647,5.882352941176471,44.11764705882353
270070,Batalha - AL,263.7,27.700000000000003,21.476355247981544,AL,27004,Batalha,1513,0,0,17,3,21,same_uf,11.235955056179776,1.982815598149372,13.879709187045604
270080,Belém - AL,306.64,30.40000000000001,18.2655410590944,AL,27005,Palmeira dos Índios,444,0,0,2,1,5,same_uf,4.504504504504505,2.2522522522522523,11.26126126126126
270090,Belo Monte - AL,184.59,34.2,35.71033720287452,AL,27004,Batalha,440,0,0,10,0,10,same_uf,22.727272727272727,0.0,22.727272727272727
270100,Boca da Mata - AL,253.04,24.40000000000001,66.35400907715582,AL,27012,São Miguel dos Campos,2319,1,0,75,14,101,same_uf,32.341526520051744,6.0370849504096595,43.553255713669685
270110,Branquinha - AL,214.53,37.7,36.64245359160613,AL,27009,Mata Alagoana,1103,1,0,24,15,43,same_uf,21.758839528558475,13.599274705349048,38.98458748866727
270120,Cacimbinhas - AL,257.05,37.1,0.2778742618964918,AL,27005,Palmeira dos Índios,991,0,0,7,3,10,same_uf,7.063572149344097,3.027245206861756,10.090817356205852
270130,Cajueiro - AL,218.17,31.0,9.816457001443595,AL,27009,Mata Alagoana,2077,3,0,66,6,74,same_uf,31.77660086663457,2.888781896966779,35.62831006259027
270135,Campestre - AL,241.47,29.8,57.19424460431655,AL,27009,Mata Alagoana,59,0,0,4,1,5,same_uf,67.79661016949153,16.949152542372882,84.7457627118644
270140,Campo Alegre - AL,202.89,24.5,23.317153585493177,AL,27012,São Miguel dos Campos,2772,2,0,54,15,78,same_uf,19.48051948051948,5.411255411255412,28.138528138528137
270150,Campo Grande - AL,177.37,35.7,7.607776838546069,AL,27006,Arapiraca,926,0,0,14,3,23,same_uf,15.118790496760258,3.239740820734341,24.838012958963283
270160,Canapi - AL,182.07,36.0,6.114221724524076,AL,27001,Serrana do Sertão Alagoano,1092,0,0,17,4,28,same_uf,15.567765567765568,3.663003663003663,25.641025641025642
270170,Capela - AL,246.99,28.599999999999994,56.43373493975904,AL,27009,Mata Alagoana,1648,0,0,37,9,49,same_uf,22.45145631067961,5.461165048543689,29.733009708737864
270180,Carneiros - AL,196.82,27.5,0.2448579823702252,AL,27003,Santana do Ipanema,908,0,0,15,4,25,same_uf,16.519823788546255,4.405286343612334,27.53303964757709
270190,Chã Preta - AL,218.25,31.8,6.112600536193029,AL,27008,Serrana dos Quilombos,639,0,0,14,4,19,same_uf,21.90923317683881,6.259780907668231,29.7339593114241
270200,Coité do Nóia - AL,201.97,34.8,1.7432115320147503,AL,27006,Arapiraca,901,0,0,18,4,26,same_uf,19.97780244173141,4.439511653718091,28.85682574916759
270210,Colônia Leopoldina - AL,236.92,32.0,68.18526955201214,AL,27009,Mata Alagoana,1058,0,0,25,9,39,same_uf,23.629489603024574,8.506616257088847,36.86200378071834
270220,Coqueiro Seco - AL,293.99,26.3,15.019762845849804,AL,27011,Maceió,504,0,0,9,4,16,same_uf,17.857142857142858,7.936507936507937,31.746031746031747
270230,Coruripe - AL,306.12,21.200000000000003,16.67412045319022,AL,27012,São Miguel dos Campos,4586,0,0,51,19,80,same_uf,11.120802442215439,4.1430440470998695,17.444395987788923
270235,Craíbas - AL,193.88,35.8,7.453522087668429,AL,27006,Arapiraca,2106,0,0,19,6,29,same_uf,9.02184235517569,2.849002849002849,13.770180436847104
270240,Delmiro Gouveia - AL,323.91,21.90000000000001,73.92491467576792,AL,27002,Alagoana do Sertão do São Francisco,2825,2,0,29,1,41,same_uf,10.265486725663717,0.35398230088495575,14.513274336283185
270250,Dois Riachos - AL,188.88,35.900000000000006,0.814663951120163,AL,27003,Santana do Ipanema,935,2,0,4,2,10,same_uf,4.278074866310161,2.1390374331550803,10.695187165775401
270255,Estrela de Alagoas - AL,194.71,37.1,6.346346346346347,AL,27005,Palmeira dos Índios,1362,0,0,4,0,9,same_uf,2.9368575624082234,0.0,6.607929515418502
270260,Feira Grande - AL,190.47,35.3,7.739665787159191,AL,27006,Arapiraca,1887,1,0,24,8,37,same_uf,12.718600953895072,4.239533651298357,19.607843137254903
270270,Feliz Deserto - AL,240.72,30.099999999999994,1.497504159733777,AL,27013,Penedo,430,0,0,6,1,9,same_uf,13.953488372093023,2.3255813953488373,20.930232558139537
270280,Flexeiras - AL,210.32,28.90000000000001,57.05309456487591,AL,27009,Mata Alagoana,1195,0,0,37,9,54,same_uf,30.96234309623431,7.531380753138075,45.18828451882845
270290,Girau do Ponciano - AL,174.57,32.599999999999994,2.427346620643581,AL,27006,Arapiraca,2925,0,0,52,20,86,same_uf,17.77777777777778,6.837606837606837,29.4017094017094
270300,Ibateguara - AL,190.82,34.099999999999994,58.860453887011104,AL,27008,Serrana dos Quilombos,1410,0,0,28,27,61,same_uf,19.858156028368793,19.148936170212767,43.262411347517734
270310,Igaci - AL,238.74,35.099999999999994,6.059751972942503,AL,27005,Palmeira dos Índios,2167,1,0,21,3,27,same_uf,9.690816797415783,1.3844023996308261,12.459621596677435
270320,Igreja Nova - AL,249.2,34.0,6.951530612244898,AL,27013,Penedo,2185,0,0,35,7,63,same_uf,16.018306636155607,3.203661327231121,28.83295194508009
270330,Inhapi - AL,177.26,36.3,13.78997505103198,AL,27001,Serrana do Sertão Alagoano,688,1,0,1,3,9,same_uf,1.4534883720930232,4.3604651162790695,13.081395348837209
270340,Jacaré dos Homens - AL,229.78,25.700000000000003,6.4352856109906,AL,27004,Batalha,585,0,0,9,4,14,same_uf,15.384615384615385,6.837606837606837,23.931623931623932
270350,Jacuípe - AL,217.52,27.700000000000003,26.777251184834125,AL,27009,Mata Alagoana,281,0,0,5,0,5,same_uf,17.793594306049823,0.0,17.793594306049823
270360,Japaratinga - AL,259.18,27.40000000000001,12.042147516307075,AL,27010,Litoral Norte Alagoano,712,1,0,20,3,23,same_uf,28.089887640449437,4.213483146067416,32.30337078651685
270370,Jaramataia - AL,216.88,35.400000000000006,1.293103448275862,AL,27004,Batalha,588,0,0,6,3,11,same_uf,10.204081632653061,5.1020408163265305,18.707482993197278
270375,Jequiá da Praia - AL,195.83,25.0,2.0526855969893947,AL,27012,São Miguel dos Campos,894,1,0,28,4,35,same_uf,31.319910514541387,4.47427293064877,39.14988814317673
270380,Joaquim Gomes - AL,184.4,36.3,15.684496826835902,AL,27009,Mata Alagoana,2302,0,0,48,14,72,same_uf,20.851433536055605,6.081668114682884,31.277150304083406
270390,Jundiá - AL,281.8,30.3,4.181494661921708,AL,27009,Mata Alagoana,146,0,0,4,1,7,same_uf,27.397260273972602,6.8493150684931505,47.945205479452056
270400,Junqueiro - AL,298.53,29.0,1.14815979867883,AL,27012,São Miguel dos Campos,1772,0,0,42,7,54,same_uf,23.702031602708804,3.950338600451467,30.474040632054177
270410,Lagoa da Canoa - AL,223.18,35.7,5.304928989139516,AL,27006,Arapiraca,1693,0,0,38,15,67,same_uf,22.445363260484346,8.860011813349084,39.57471943295924
270420,Limoeiro de Anadia - AL,225.86,31.90000000000001,11.602535751142565,AL,27006,Arapiraca,1626,0,0,20,6,27,same_uf,12.300123001230013,3.690036900369004,16.605166051660518
270430,Maceió - AL,773.26,11.299999999999995,48.41950091038791,AL,27011,Maceió,70862,31,0,2271,420,3067,same_uf,32.04820637295024,5.927013067652621,43.28130732973949
270440,Major Isidoro - AL,267.7,32.7,23.965651834504293,AL,27004,Batalha,1547,0,0,35,6,43,same_uf,22.624434389140273,3.878474466709761,27.79573367808662
270450,Maragogi - AL,251.04,27.3,38.24089178901577,AL,27010,Litoral Norte Alagoano,2299,1,0,44,6,55,same_uf,19.138755980861244,2.609830361026533,23.923444976076556
270460,Maravilha - AL,228.13,27.599999999999994,13.60239162929746,AL,27003,Santana do Ipanema,928,0,0,8,3,16,same_uf,8.620689655172415,3.2327586206896552,17.24137931034483
270470,Marechal Deodoro - AL,415.93,20.3,28.397599276494287,AL,27011,Maceió,4089,1,0,129,23,163,same_uf,31.548055759354366,5.624847150892639,39.863047199804356
270480,Maribondo - AL,292.46,27.0,69.2750588851086,AL,27005,Palmeira dos Índios,942,0,0,13,1,16,same_uf,13.800424628450106,1.0615711252653928,16.985138004246284
270490,Mar Vermelho - AL,228.59,26.90000000000001,15.992292870905588,AL,27005,Palmeira dos Índios,245,0,0,6,4,10,same_uf,24.489795918367346,16.3265306122449,40.816326530612244
270500,Mata Grande - AL,185.12,35.8,21.789137380191693,AL,27001,Serrana do Sertão Alagoano,1635,0,0,13,6,20,same_uf,7.951070336391437,3.669724770642202,12.232415902140673
270510,Matriz de Camaragibe - AL,216.1,28.5,9.813559322033898,AL,27009,Mata Alagoana,2444,3,0,82,11,114,same_uf,33.55155482815057,4.500818330605565,46.64484451718494
270520,Messias - AL,248.03,26.90000000000001,31.80294041784885,AL,27009,Mata Alagoana,1600,0,0,38,11,54,same_uf,23.75,6.875,33.75
270530,Minador do Negrão - AL,227.34,40.5,0.7488087134104833,AL,27005,Palmeira dos Índios,428,2,0,9,0,11,same_uf,21.02803738317757,0.0,25.700934579439252
270540,Monteirópolis - AL,176.0,33.900000000000006,0.8844339622641509,AL,27004,Batalha,705,0,0,16,5,21,same_uf,22.69503546099291,7.092198581560283,29.78723404255319
270550,Murici - AL,230.14,27.90000000000001,66.92836113837095,AL,27009,Mata Alagoana,2817,0,0,55,40,114,same_uf,19.52431664891729,14.199503017394392,40.46858359957402
270560,Novo Lino - AL,234.59,33.0,35.21388716676999,AL,27009,Mata Alagoana,569,0,0,19,3,25,same_uf,33.391915641476274,5.272407732864675,43.936731107205624
270570,Olho d'Água das Flores - AL,270.04,26.90000000000001,2.282271316414095,AL,27004,Batalha,1951,2,0,19,12,47,same_uf,9.738595592004101,6.150691952844695,24.090210148641724
270580,Olho d'Água do Casado - AL,206.72,32.7,12.865221489161168,AL,27002,Alagoana do Sertão do São Francisco,438,0,0,14,1,15,same_uf,31.963470319634702,2.2831050228310503,34.24657534246575
270590,Olho d'Água Grande - AL,150.58,38.7,0.6928406466512702,AL,27007,Traipu,438,0,0,5,6,13,same_uf,11.415525114155251,13.698630136986301,29.680365296803654
270600,Olivença - AL,193.31,32.7,0.759144237405107,AL,27004,Batalha,966,0,0,4,3,13,same_uf,4.140786749482402,3.1055900621118013,13.457556935817806
270610,Ouro Branco - AL,225.24,28.200000000000003,3.01592680447306,AL,27003,Santana do Ipanema,1021,0,0,6,2,9,same_uf,5.8765915768854065,1.9588638589618022,8.81488736532811
270620,Palestina - AL,178.95,30.90000000000001,5.581761006289308,AL,27003,Santana do Ipanema,528,1,0,4,1,7,same_uf,7.575757575757576,1.893939393939394,13.257575757575758
270630,Palmeira dos Índios - AL,385.01,22.8,13.750061187527534,AL,27005,Palmeira dos Índios,6899,4,0,37,1,59,same_uf,5.363096100884186,0.14494854326714016,8.551964052761269
270640,Pão de Açúcar - AL,220.89,28.200000000000003,19.12442396313364,AL,27003,Santana do Ipanema,2618,2,0,23,18,76,same_uf,8.78533231474408,6.875477463712758,29.029793735676087
270642,Pariconha - AL,210.07,28.8,3.967642526964561,AL,27001,Serrana do Sertão Alagoano,394,0,0,6,0,9,same_uf,15.228426395939087,0.0,22.84263959390863
270644,Paripueira - AL,322.49,22.8,12.897526501766784,AL,27011,Maceió,1064,0,0,30,4,44,same_uf,28.195488721804512,3.7593984962406015,41.35338345864662
270650,Passo de Camaragibe - AL,190.71,29.200000000000003,3.084763948497854,AL,27010,Litoral Norte Alagoano,1486,0,0,44,6,54,same_uf,29.609690444145357,4.037685060565276,36.33916554508748
270660,Paulo Jacinto - AL,245.83,29.0,11.268939393939394,AL,27005,Palmeira dos Índios,568,0,0,15,5,23,same_uf,26.408450704225352,8.80281690140845,40.49295774647887
270670,Penedo - AL,328.36,20.90000000000001,31.114778144481114,AL,27013,Penedo,5791,1,0,61,14,159,same_uf,10.533586599896392,2.4175444655499914,27.45639785874633
270680,Piaçabuçu - AL,220.91,29.0,42.11658421165842,AL,27013,Penedo,1476,1,0,24,9,44,same_uf,16.260162601626018,6.097560975609756,29.81029810298103
270690,Pilar - AL,282.27,22.700000000000003,26.833692325133203,AL,27011,Maceió,3035,5,0,76,9,100,same_uf,25.041186161449755,2.9654036243822075,32.948929159802304
270700,Pindoba - AL,291.7,32.7,0.2652519893899204,AL,27008,Serrana dos Quilombos,208,0,0,4,2,6,same_uf,19.23076923076923,9.615384615384615,28.846153846153847
270710,Piranhas - AL,254.98,27.5,51.791304347826085,AL,27002,Alagoana do Sertão do São Francisco,2116,0,0,12,7,25,same_uf,5.671077504725898,3.3081285444234405,11.814744801512287
270720,Poço das Trincheiras - AL,160.42,30.3,2.8236707720036045,AL,27003,Santana do Ipanema,1377,1,0,7,1,21,same_uf,5.083514887436456,0.7262164124909223,15.250544662309368
270730,Porto Calvo - AL,251.38,25.90000000000001,16.068666872873493,AL,27009,Mata Alagoana,2725,0,0,74,16,103,same_uf,27.155963302752294,5.871559633027523,37.79816513761468
270740,Porto de Pedras - AL,232.55,29.8,4.625056129321957,AL,27010,Litoral Norte Alagoano,632,0,0,12,3,16,same_uf,18.9873417721519,4.746835443037975,25.31645569620253
270750,Porto Real do Colégio - AL,189.13,31.90000000000001,38.64886095836607,AL,27013,Penedo,1564,0,0,17,5,36,same_uf,10.869565217391305,3.1969309462915603,23.017902813299234
270760,Quebrangulo - AL,221.24,28.8,12.48754566589173,AL,27005,Palmeira dos Índios,1019,0,0,15,3,24,same_uf,14.720314033366044,2.944062806673209,23.55250245338567
270770,Rio Largo - AL,358.04,17.099999999999994,34.33636955107352,AL,27011,Maceió,5400,4,0,115,43,185,same_uf,21.296296296296298,7.962962962962963,34.25925925925926
270780,Roteiro - AL,198.27,33.8,6.900726392251816,AL,27012,São Miguel dos Campos,674,0,0,19,4,24,same_uf,28.189910979228486,5.9347181008902075,35.60830860534124
270790,Santa Luzia do Norte - AL,290.93,21.0,3.2017075773746,AL,27011,Maceió,565,0,0,7,5,19,same_uf,12.389380530973451,8.849557522123893,33.6283185840708
270800,Santana do Ipanema - AL,288.98,26.700000000000003,6.296976783029898,AL,27003,Santana do Ipanema,4934,3,0,37,22,102,same_uf,7.498986623429266,4.458856911228213,20.672882042967167
270810,Santana do Mundaú - AL,185.7,34.7,7.11997152011392,AL,27008,Serrana dos Quilombos,914,0,0,15,16,33,same_uf,16.411378555798688,17.505470459518598,36.10503282275711
270820,São Brás - AL,213.33,31.0,15.139879319802525,AL,27007,Traipu,462,0,0,11,0,14,same_uf,23.80952380952381,0.0,30.303030303030305
270830,São José da Laje - AL,280.89,27.8,68.98359546761374,AL,27008,Serrana dos Quilombos,2223,1,0,46,45,100,same_uf,20.6927575348628,20.242914979757085,44.9842555105713
270840,São José da Tapera - AL,187.57,33.0,4.604154969118473,AL,27003,Santana do Ipanema,3320,2,0,57,24,103,same_uf,17.16867469879518,7.228915662650603,31.02409638554217
270850,São Luís do Quitunde - AL,242.58,31.099999999999994,13.612836438923395,AL,27009,Mata Alagoana,3363,5,0,76,12,97,same_uf,22.598870056497177,3.568242640499554,28.843294677371393
270860,São Miguel dos Campos - AL,345.1,19.40000000000001,63.63571530452147,AL,27012,São Miguel dos Campos,4837,2,0,103,39,161,same_uf,21.29419061401695,8.062848873268555,33.28509406657019
270870,São Miguel dos Milagres - AL,235.12,26.3,7.727737973387923,AL,27010,Litoral Norte Alagoano,571,0,0,8,3,12,same_uf,14.010507880910684,5.253940455341506,21.015761821366024
270880,São Sebastião - AL,223.22,33.7,1.9485120453471887,AL,27006,Arapiraca,2909,1,0,44,8,60,same_uf,15.125472671020969,2.750085940185631,20.62564455139223
270890,Satuba - AL,368.62,17.400000000000006,72.19461156160084,AL,27011,Maceió,828,1,0,21,13,37,same_uf,25.36231884057971,15.70048309178744,44.68599033816425
270895,Senador Rui Palmeira - AL,156.77,33.2,6.5153010858835145,AL,27003,Santana do Ipanema,1146,0,0,8,6,17,same_uf,6.980802792321117,5.2356020942408374,14.834205933682373
270900,Tanque d'Arca - AL,214.12,34.8,2.784090909090909,AL,27005,Palmeira dos Índios,458,0,0,3,0,5,same_uf,6.550218340611353,0.0,10.91703056768559
270910,Taquarana - AL,213.58,34.0,9.405568096313017,AL,27006,Arapiraca,1616,0,0,34,6,43,same_uf,21.03960396039604,3.712871287128713,26.60891089108911
270915,Teotônio Vilela - AL,240.71,25.599999999999994,47.491282448663306,AL,27012,São Miguel dos Campos,3938,1,0,113,21,146,same_uf,28.694768918232604,5.332656170644998,37.07465718638903
270920,Traipu - AL,176.7,40.0,10.29040404040404,AL,27007,Traipu,2089,1,0,24,12,40,same_uf,11.488750598372427,5.744375299186213,19.147917663954043
270930,União dos Palmares - AL,298.45,29.099999999999994,65.29190207156309,AL,27008,Serrana dos Quilombos,6463,2,0,109,112,253,same_uf,16.86523286399505,17.329413585022436,39.145907473309606
270940,Viçosa - AL,240.44,30.599999999999994,31.89771197846568,AL,27008,Serrana dos Quilombos,2452,0,0,49,16,68,same_uf,19.9836867862969,6.525285481239805,27.732463295269167
280010,Amparo do São Francisco - SE,274.02,21.3,18.621700879765395,SE,28007,Propriá,174,0,0,2,3,7,same_uf,11.494252873563218,17.24137931034483,40.229885057471265
280020,Aquidabã - SE,269.57,27.200000000000003,37.105131205081065,SE,28003,Nossa Senhora das Dores,1384,0,0,8,63,75,same_uf,5.780346820809249,45.52023121387283,54.190751445086704
280030,Aracaju - SE,1022.07,6.299999999999997,87.81837598012898,SE,28011,Aracaju,37752,12,0,494,4795,5415,same_uf,13.085399449035812,127.01313837677473,143.43610934520026
280040,Arauá - SE,242.23,24.8,12.799729821006416,SE,28012,Boquim,928,0,0,7,6,13,same_uf,7.543103448275862,6.4655172413793105,14.008620689655173
280050,Areia Branca - SE,292.52,22.099999999999994,9.00391474554154,SE,28004,Agreste de Itabaiana,1468,0,0,36,5,43,same_uf,24.52316076294278,3.4059945504087192,29.291553133514988
280060,Barra dos Coqueiros - SE,397.3,12.299999999999995,63.59918200408998,SE,28011,Aracaju,1992,0,0,28,207,245,same_uf,14.056224899598394,103.91566265060241,122.99196787148594
280067,Boquim - SE,294.26,21.90000000000001,0.9416978257859022,SE,28012,Boquim,1947,0,0,19,26,53,same_uf,9.758602978941962,13.353877760657422,27.221366204417052
280070,Brejo Grande - SE,194.86,28.3,1.2833168805528137,SE,28007,Propriá,625,0,0,2,11,14,same_uf,3.2,17.6,22.4
280100,Campo do Brito - SE,389.86,25.200000000000003,15.522560740455072,SE,28004,Agreste de Itabaiana,1545,0,0,24,11,39,same_uf,15.533980582524272,7.119741100323624,25.24271844660194
280110,Canhoba - SE,247.55,30.200000000000003,4.118773946360153,SE,28007,Propriá,277,0,0,1,3,4,same_uf,3.6101083032490973,10.830324909747292,14.440433212996389
280120,Canindé de São Francisco - SE,259.96,26.8,45.877277085330775,SE,28001,Sergipana do Sertão do São Francisco,2209,0,0,13,16,35,same_uf,5.885015844273427,7.24309642372114,15.844273426889995
280130,Capela - SE,309.91,22.8,14.209019327129564,SE,28008,Cotinguiba,2817,0,0,21,103,153,same_uf,7.454739084132055,36.56372026979056,54.31309904153355
280140,Carira - SE,290.02,31.599999999999994,16.57084883327697,SE,28002,Carira,1687,0,0,18,4,23,same_uf,10.669828097213989,2.3710729104919976,13.633669235328986
280150,Carmópolis - SE,377.89,13.599999999999994,82.87012292891502,SE,28010,Baixo Cotinguiba,836,0,0,6,67,81,same_uf,7.177033492822966,80.14354066985646,96.88995215311004
280160,Cedro de São João - SE,346.7,19.700000000000003,40.86339444115908,SE,28007,Propriá,335,0,0,5,10,17,same_uf,14.925373134328359,29.850746268656717,50.74626865671642
280170,Cristinápolis - SE,228.21,27.200000000000003,2.0051294007927254,SE,28012,Boquim,1613,0,0,15,16,40,same_uf,9.299442033477991,9.919404835709857,24.798512089274645
280190,Cumbe - SE,282.35,23.8,11.472602739726028,SE,28003,Nossa Senhora das Dores,268,0,0,3,9,14,same_uf,11.194029850746269,33.582089552238806,52.23880597014925
280200,Divina Pastora - SE,275.95,20.90000000000001,12.363330529857024,SE,28008,Cotinguiba,410,0,0,4,37,43,same_uf,9.75609756097561,90.2439024390244,104.8780487804878
280210,Estância - SE,385.39,16.599999999999994,18.111922675599978,SE,28013,Estância,5749,1,0,72,47,131,same_uf,12.523917202991825,8.175334840841886,22.786571577665683
280220,Feira Nova - SE,232.12,27.40000000000001,22.983870967741936,SE,28001,Sergipana do Sertão do São Francisco,399,0,0,3,3,9,same_uf,7.518796992481203,7.518796992481203,22.55639097744361
280230,Frei Paulo - SE,379.95,24.200000000000003,9.159727479182438,SE,28002,Carira,1171,0,0,17,8,27,same_uf,14.517506404782237,6.831767719897523,23.05721605465414
280240,Gararu - SE,225.64,27.90000000000001,28.95800933125972,SE,28001,Sergipana do Sertão do São Francisco,646,1,0,6,9,16,same_uf,9.287925696594428,13.93188854489164,24.76780185758514
280250,General Maynard - SE,342.64,13.900000000000006,38.095238095238095,SE,28010,Baixo Cotinguiba,145,0,0,3,9,12,same_uf,20.689655172413794,62.06896551724138,82.75862068965517
280260,Graccho Cardoso - SE,247.12,27.099999999999994,23.550295857988164,SE,28001,Sergipana do Sertão do São Francisco,356,0,0,3,3,7,same_uf,8.426966292134832,8.426966292134832,19.662921348314608
280270,Ilha das Flores - SE,185.64,23.700000000000003,12.129502963976288,SE,28007,Propriá,728,0,0,7,29,41,same_uf,9.615384615384615,39.83516483516483,56.31868131868132
280280,Indiaroba - SE,219.1,24.40000000000001,2.623612512613522,SE,28013,Estância,1501,0,0,7,8,22,same_uf,4.663557628247835,5.329780146568954,14.656895403064624
280290,Itabaiana - SE,433.11,19.700000000000003,59.4777525670115,SE,28004,Agreste de Itabaiana,7268,0,0,122,30,170,same_uf,16.78591084204733,4.127682993946065,23.390203632361036
280300,Itabaianinha - SE,249.38,26.90000000000001,42.75306748466258,SE,28012,Boquim,3127,3,0,22,40,64,same_uf,7.035497281739687,12.791813239526704,20.466901183242726
280310,Itabi - SE,273.39,28.099999999999994,25.98978288633461,SE,28001,Sergipana do Sertão do São Francisco,228,0,0,0,5,5,same_uf,0.0,21.92982456140351,21.92982456140351
280320,Itaporanga d'Ajuda - SE,230.94,22.5,23.138297872340427,SE,28013,Estância,2627,0,0,20,212,238,same_uf,7.613247049866768,80.70041872858775,90.59763989341454
280330,Japaratuba - SE,287.85,18.5,8.228670420095279,SE,28009,Japaratuba,1212,0,0,8,68,83,same_uf,6.600660066006601,56.1056105610561,68.48184818481849
280340,Japoatã - SE,244.39,28.5,2.502750275027503,SE,28009,Japaratuba,1065,1,0,10,18,30,same_uf,9.389671361502348,16.901408450704224,28.169014084507044
280350,Lagarto - SE,357.94,22.8,28.64126892156153,SE,28006,Agreste de Lagarto,7079,1,0,34,83,143,same_uf,4.802938268116966,11.724819889814945,20.200593304139
280360,Laranjeiras - SE,275.29,14.299999999999995,34.93487698986976,SE,28010,Baixo Cotinguiba,1976,1,0,19,235,257,same_uf,9.615384615384615,118.92712550607287,130.06072874493927
280370,Macambira - SE,281.47,28.3,40.04117344312918,SE,28004,Agreste de Itabaiana,481,0,0,6,0,7,same_uf,12.474012474012474,0.0,14.553014553014552
280380,Malhada dos Bois - SE,258.81,21.5,10.76426264800861,SE,28003,Nossa Senhora das Dores,339,0,0,3,22,26,same_uf,8.849557522123893,64.89675516224189,76.69616519174042
280390,Malhador - SE,307.48,22.3,4.160809671071127,SE,28004,Agreste de Itabaiana,984,0,0,26,8,37,same_uf,26.422764227642276,8.130081300813009,37.60162601626016
280400,Maruim - SE,302.76,16.299999999999997,58.29202343397927,SE,28010,Baixo Cotinguiba,1462,0,0,14,109,127,same_uf,9.575923392612859,74.55540355677155,86.8673050615595
280410,Moita Bonita - SE,324.72,24.099999999999994,27.505760368663594,SE,28004,Agreste de Itabaiana,761,0,0,15,6,24,same_uf,19.71090670170828,7.884362680683312,31.537450722733247
280420,Monte Alegre de Sergipe - SE,213.62,31.0,46.33406835722161,SE,28001,Sergipana do Sertão do São Francisco,1053,0,0,4,8,13,same_uf,3.798670465337132,7.597340930674264,12.345679012345679
280430,Muribeca - SE,284.12,22.599999999999994,15.007215007215008,SE,28003,Nossa Senhora das Dores,492,0,0,3,17,22,same_uf,6.097560975609756,34.552845528455286,44.71544715447155
280440,Neópolis - SE,277.28,21.200000000000003,22.85041224970553,SE,28007,Propriá,1237,0,0,6,30,41,same_uf,4.8504446240905414,24.252223120452708,33.14470493128537
280445,Nossa Senhora Aparecida - SE,262.59,34.0,41.43518518518518,SE,28002,Carira,561,0,0,8,2,13,same_uf,14.260249554367201,3.5650623885918002,23.1729055258467
280450,Nossa Senhora da Glória - SE,310.09,24.200000000000003,34.933882505961414,SE,28001,Sergipana do Sertão do São Francisco,2460,0,0,15,12,36,same_uf,6.097560975609756,4.878048780487805,14.634146341463415
280460,Nossa Senhora das Dores - SE,287.16,25.90000000000001,8.249690636601127,SE,28003,Nossa Senhora das Dores,1854,0,0,19,65,91,same_uf,10.248112189859762,35.05933117583603,49.083063646170444
280470,Nossa Senhora de Lourdes - SE,257.96,26.099999999999994,14.527981910684002,SE,28007,Propriá,388,0,0,1,6,8,same_uf,2.577319587628866,15.463917525773196,20.61855670103093
280480,Nossa Senhora do Socorro - SE,358.22,9.900000000000006,61.54847535413265,SE,28011,Aracaju,13870,4,0,194,1268,1515,same_uf,13.98702235039654,91.42033165104542,109.22855082912761
280490,Pacatuba - SE,190.68,27.200000000000003,8.92604137149334,SE,28009,Japaratuba,950,1,0,4,38,44,same_uf,4.2105263157894735,40.0,46.31578947368421
280500,Pedra Mole - SE,331.9,25.200000000000003,48.39080459770115,SE,28002,Carira,227,0,0,3,1,6,same_uf,13.215859030837004,4.405286343612334,26.431718061674008
280510,Pedrinhas - SE,271.82,24.200000000000003,14.82873851294904,SE,28012,Boquim,617,0,0,10,4,17,same_uf,16.207455429497568,6.482982171799027,27.55267423014587
280520,Pinhão - SE,293.0,27.3,39.33865450399088,SE,28002,Carira,490,2,0,7,3,11,same_uf,14.285714285714286,6.122448979591836,22.448979591836736
280530,Pirambu - SE,254.06,18.099999999999994,14.96844003606853,SE,28009,Japaratuba,727,0,0,3,62,67,same_uf,4.126547455295736,85.28198074277854,92.15955983493811
280540,Poço Redondo - SE,197.86,32.2,42.61560138337389,SE,28001,Sergipana do Sertão do São Francisco,2022,1,0,6,18,30,same_uf,2.9673590504451037,8.90207715133531,14.836795252225519
280550,Poço Verde - SE,261.68,26.8,45.237006553878985,SE,28005,Tobias Barreto,1353,1,0,6,19,28,same_uf,4.434589800443459,14.042867701404287,20.694752402069476
280560,Porto da Folha - SE,219.28,28.5,37.8736642770188,SE,28001,Sergipana do Sertão do São Francisco,1442,0,0,4,14,19,same_uf,2.7739251040221915,9.70873786407767,13.176144244105409
280570,Propriá - SE,390.62,17.200000000000003,74.30555555555556,SE,28007,Propriá,1888,0,0,10,67,84,same_uf,5.296610169491525,35.48728813559322,44.49152542372882
280580,Riachão do Dantas - SE,207.85,26.599999999999994,4.112855155970594,SE,28006,Agreste de Lagarto,1138,0,0,4,11,18,same_uf,3.51493848857645,9.666080843585238,15.817223198594025
280590,Riachuelo - SE,309.67,15.5,58.60215053763441,SE,28010,Baixo Cotinguiba,887,0,0,9,70,84,same_uf,10.146561443066517,78.91770011273957,94.70124013528749
280600,Ribeirópolis - SE,352.34,25.90000000000001,56.76382660687593,SE,28002,Carira,1089,0,0,31,6,38,same_uf,28.46648301193756,5.509641873278237,34.89439853076217
280610,Rosário do Catete - SE,332.78,13.0,40.81632653061224,SE,28010,Baixo Cotinguiba,746,0,0,9,66,78,same_uf,12.064343163538874,88.47184986595174,104.55764075067025
280620,Salgado - SE,310.24,25.0,2.029720913374411,SE,28012,Boquim,1275,0,0,12,30,46,same_uf,9.411764705882353,23.529411764705884,36.07843137254902
280630,Santa Luzia do Itanhy - SE,192.49,29.200000000000003,13.662526507119054,SE,28013,Estância,1394,0,0,11,11,26,same_uf,7.890961262553802,7.890961262553802,18.65136298421808
280640,Santana do São Francisco - SE,230.25,19.3,55.0755939524838,SE,28007,Propriá,501,0,0,8,8,19,same_uf,15.968063872255488,15.968063872255488,37.924151696606785
280650,Santa Rosa de Lima - SE,205.47,24.40000000000001,13.996138996138995,SE,28008,Cotinguiba,328,0,0,4,28,34,same_uf,12.195121951219512,85.36585365853658,103.65853658536585
280660,Santo Amaro das Brotas - SE,349.94,17.099999999999994,8.054327226784586,SE,28010,Baixo Cotinguiba,852,1,0,8,76,84,same_uf,9.389671361502348,89.2018779342723,98.59154929577464
280670,São Cristóvão - SE,381.89,11.900000000000006,38.6299655927432,SE,28011,Aracaju,6377,0,0,77,617,717,same_uf,12.074643249176729,96.75395954210444,112.43531441116512
280680,São Domingos - SE,279.75,29.8,1.3509166934705694,SE,28004,Agreste de Itabaiana,788,0,0,13,7,22,same_uf,16.497461928934012,8.883248730964468,27.918781725888326
280690,São Francisco - SE,264.04,24.0,6.777996070726916,SE,28009,Japaratuba,220,1,0,0,15,15,same_uf,0.0,68.18181818181819,68.18181818181819
280700,São Miguel do Aleixo - SE,279.25,30.200000000000003,38.95238095238095,SE,28003,Nossa Senhora das Dores,292,0,0,9,1,13,same_uf,30.82191780821918,3.4246575342465753,44.52054794520548
280710,Simão Dias - SE,290.16,24.099999999999994,49.04107189771434,SE,28005,Tobias Barreto,2388,1,0,5,21,32,same_uf,2.0938023450586263,8.793969849246231,13.40033500837521
280720,Siriri - SE,264.01,18.90000000000001,28.0755711775044,SE,28008,Cotinguiba,648,0,0,6,26,38,same_uf,9.25925925925926,40.123456790123456,58.641975308641975
280730,Telha - SE,256.71,24.5,68.33930704898447,SE,28007,Propriá,221,1,0,1,2,3,same_uf,4.524886877828054,9.049773755656108,13.574660633484163
280740,Tobias Barreto - SE,343.62,26.099999999999994,65.28242752332787,SE,28005,Tobias Barreto,2914,1,0,17,55,76,same_uf,5.833905284831847,18.87439945092656,26.08098833218943
280750,Tomar do Geru - SE,202.09,28.8,4.81283422459893,SE,28012,Boquim,1060,1,0,11,10,24,same_uf,10.377358490566039,9.433962264150944,22.641509433962263
280760,Umbaúba - SE,268.46,22.5,1.159751715125776,SE,28012,Boquim,2133,0,0,19,16,40,same_uf,8.907641819034223,7.501172058134084,18.75293014533521
290010,Abaíra - BA,282.2,18.099999999999994,13.014763014763014,BA,29023,Seabra,163,0,0,2,1,4,same_uf,12.269938650306749,6.134969325153374,24.539877300613497
290020,Abaré - BA,214.86,24.40000000000001,46.24478442280946,BA,29005,Paulo Afonso,810,0,0,4,2,9,same_uf,4.938271604938271,2.4691358024691357,11.11111111111111
290030,Acajutiba - BA,251.46,20.3,8.554716061418475,BA,29017,Alagoinhas,1006,1,0,11,3,17,same_uf,10.934393638170974,2.982107355864811,16.898608349900595
290035,Adustina - BA,206.69,31.700000000000003,25.01105705440071,BA,29015,Ribeira do Pombal,660,0,0,4,3,8,same_uf,6.0606060606060606,4.545454545454546,12.121212121212121
290040,Água Fria - BA,212.96,24.700000000000003,2.595419847328244,BA,29012,Feira de Santana,910,0,0,19,6,30,same_uf,20.87912087912088,6.593406593406593,32.967032967032964
290050,Érico Cardoso - BA,258.28,27.700000000000003,0.6400602409638554,BA,29025,Livramento do Brumado,493,0,0,6,3,14,same_uf,12.170385395537526,6.085192697768763,28.397565922920894
290060,Aiquara - BA,283.24,22.099999999999994,62.840323767476086,BA,29024,Jequié,283,0,0,4,0,4,same_uf,14.134275618374557,0.0,14.134275618374557
290070,Alagoinhas - BA,535.0,9.599999999999994,55.77971515719192,BA,29017,Alagoinhas,10863,1,0,101,140,355,same_uf,9.29761575991899,12.88778422166989,32.6797385620915
290080,Alcobaça - BA,351.75,21.200000000000003,31.81362725450902,BA,29032,Porto Seguro,1621,2,0,1,0,6,same_uf,0.6169031462060457,0.0,3.7014188772362737
290090,Almadina - BA,260.81,29.0,71.49413564507904,BA,29031,Ilhéus-Itabuna,447,0,0,10,0,10,same_uf,22.371364653243848,0.0,22.371364653243848
290100,Amargosa - BA,362.0,19.0,22.15372760547101,BA,29024,Jequié,2667,0,0,30,11,49,same_uf,11.24859392575928,4.1244844394450695,18.37270341207349
290110,Amélia Rodrigues - BA,350.28,12.299999999999995,10.331329512092829,BA,29019,Catu,1741,1,0,36,9,48,same_uf,20.67777139574957,5.1694428489373925,27.570361860999427
290115,América Dourada - BA,178.5,25.0,2.77456647398844,BA,29009,Irecê,1288,0,0,7,7,19,same_uf,5.434782608695652,5.434782608695652,14.751552795031056
290120,Anagé - BA,243.51,31.0,20.002762812543168,BA,29028,Vitória da Conquista,1364,2,0,27,15,45,same_uf,19.794721407624632,10.997067448680351,32.99120234604106
290130,Andaraí - BA,224.89,24.0,13.957832933013076,BA,29023,Seabra,994,0,0,17,4,27,same_uf,17.10261569416499,4.0241448692152915,27.16297786720322
290135,Andorinha - BA,300.46,23.5,35.94460073577148,BA,29008,Senhor do Bonfim,846,1,0,11,0,15,same_uf,13.002364066193854,0.0,17.73049645390071
290140,Angical - BA,249.62,22.099999999999994,19.27742616033755,BA,29002,Cotegipe,976,0,0,7,3,15,same_uf,7.172131147540983,3.0737704918032787,15.368852459016393
290150,Anguera - BA,266.07,21.40000000000001,26.299087663625546,BA,29012,Feira de Santana,578,0,0,11,7,20,same_uf,19.031141868512112,12.110726643598616,34.602076124567475
290160,Antas - BA,265.66,26.099999999999994,52.20588235294117,BA,29015,Ribeira do Pombal,841,1,0,8,4,15,same_uf,9.512485136741974,4.756242568370987,17.8359096313912
290170,Antônio Cardoso - BA,232.56,26.8,12.837370242214533,BA,29012,Feira de Santana,993,0,0,19,5,30,same_uf,19.133937562940584,5.0352467270896275,30.211480362537763
290180,Antônio Gonçalves - BA,292.9,17.799999999999997,12.84046692607004,BA,29008,Senhor do Bonfim,679,0,0,7,2,10,same_uf,10.309278350515465,2.9455081001472756,14.727540500736376
290190,Aporá - BA,194.73,25.0,1.1020881670533642,BA,29017,Alagoinhas,984,1,0,12,8,24,same_uf,12.195121951219512,8.130081300813009,24.390243902439025
290195,Apuarema - BA,247.35,28.599999999999994,43.54609929078014,BA,29024,Jequié,449,0,0,1,0,1,same_uf,2.2271714922048997,0.0,2.2271714922048997
290200,Aracatu - BA,316.35,26.700000000000003,1.2602739726027397,BA,29027,Brumado,863,1,0,12,1,20,same_uf,13.904982618771726,1.1587485515643106,23.174971031286212
290205,Araçás - BA,222.68,21.0,2.787568087151554,BA,29017,Alagoinhas,753,0,0,7,6,21,same_uf,9.296148738379815,7.968127490039841,27.888446215139442
290210,Araci - BA,213.86,31.8,34.68997942991478,BA,29016,Serrinha,3963,1,0,63,29,102,same_uf,15.897047691143074,7.317688619732526,25.73807721423164
290220,Aramari - BA,267.91,18.099999999999994,8.485981308411215,BA,29017,Alagoinhas,600,1,0,5,7,17,same_uf,8.333333333333334,11.666666666666666,28.333333333333332
290225,Arataca - BA,252.88,28.599999999999994,17.992736876857048,BA,29031,Ilhéus-Itabuna,857,2,0,12,3,17,same_uf,14.002333722287048,3.500583430571762,19.83663943990665
290230,Aratuípe - BA,275.02,22.8,21.80388911874224,BA,29020,Santo Antônio de Jesus,532,0,0,10,0,21,same_uf,18.796992481203006,0.0,39.473684210526315
290240,Aurelino Leal - BA,249.13,24.599999999999994,50.77746622482794,BA,29031,Ilhéus-Itabuna,1207,1,0,12,6,20,same_uf,9.942004971002486,4.971002485501243,16.570008285004143
290250,Baianópolis - BA,232.3,27.700000000000003,10.701203558346416,BA,29001,Barreiras,999,0,0,2,3,8,same_uf,2.002002002002002,3.003003003003003,8.008008008008009
290260,Baixa Grande - BA,236.73,23.099999999999994,36.686494051784464,BA,29011,Itaberaba,1598,1,0,14,3,22,same_uf,8.760951188986233,1.8773466833541927,13.76720901126408
290265,Banzaê - BA,221.44,23.700000000000003,18.81383855024712,BA,29015,Ribeira do Pombal,951,0,0,2,0,4,same_uf,2.103049421661409,0.0,4.206098843322818
290270,Barra - BA,177.95,21.700000000000003,17.55731845523494,BA,29006,Barra,4617,1,0,25,23,68,same_uf,5.4147714966428415,4.981589776911414,14.72817847086853
290280,Barra da Estiva - BA,266.32,16.200000000000003,50.50738828556169,BA,29023,Seabra,2115,0,0,51,10,64,same_uf,24.113475177304963,4.7281323877068555,30.260047281323878
290290,Barra do Choça - BA,258.55,25.0,29.1082871728033,BA,29028,Vitória da Conquista,2888,0,0,61,28,116,same_uf,21.121883656509695,9.695290858725762,40.16620498614959
290300,Barra do Mendes - BA,290.13,13.299999999999995,2.431315341599805,BA,29009,Irecê,985,0,0,11,2,14,same_uf,11.16751269035533,2.030456852791878,14.213197969543147
290310,Barra do Rocha - BA,281.03,24.90000000000001,54.67185761957731,BA,29031,Ilhéus-Itabuna,434,1,0,5,1,10,same_uf,11.52073732718894,2.304147465437788,23.04147465437788
290320,Barreiras - BA,594.07,9.5,35.14270160976748,BA,29001,Barreiras,14154,5,0,59,35,213,same_uf,4.168432951815741,2.472799208704253,15.048749470114455
290323,Barro Alto - BA,246.6,16.299999999999997,7.166205682675384,BA,29009,Irecê,883,0,0,7,0,8,same_uf,7.927519818799547,0.0,9.060022650056625
290327,Barrocas - BA,279.27,18.40000000000001,27.64143632136399,BA,29016,Serrinha,1005,0,0,15,7,23,same_uf,14.925373134328359,6.965174129353234,22.885572139303484
290330,Barro Preto - BA,284.75,24.3,71.99180747567844,BA,29031,Ilhéus-Itabuna,404,0,0,3,0,3,same_uf,7.425742574257426,0.0,7.425742574257426
290340,Belmonte - BA,277.8,22.8,57.37421383647799,BA,29031,Ilhéus-Itabuna,1811,1,0,14,23,40,same_uf,7.730535615681943,12.700165654334622,22.087244616234123
290350,Belo Campo - BA,260.65,24.0,2.477632484514797,BA,29028,Vitória da Conquista,1194,1,0,19,13,34,same_uf,15.912897822445562,10.887772194304858,28.47571189279732
290360,Biritinga - BA,205.95,24.3,16.796116504854368,BA,29016,Serrinha,1185,1,0,29,7,42,same_uf,24.47257383966245,5.9071729957805905,35.44303797468354
290370,Boa Nova - BA,219.12,28.3,34.85673691688373,BA,29028,Vitória da Conquista,691,1,0,2,2,8,same_uf,2.894356005788712,2.894356005788712,11.577424023154848
290380,Boa Vista do Tupim - BA,191.17,27.200000000000003,5.62953995157385,BA,29011,Itaberaba,1268,1,0,12,5,26,same_uf,9.46372239747634,3.943217665615142,20.50473186119874
290390,Bom Jesus da Lapa - BA,359.93,17.700000000000003,37.51223690651003,BA,29007,Bom Jesus da Lapa,5679,2,0,50,22,90,same_uf,8.804366966015143,3.873921465046663,15.847860538827259
290395,Bom Jesus da Serra - BA,220.22,24.90000000000001,1.486280487804878,BA,29028,Vitória da Conquista,785,0,0,9,3,12,same_uf,11.464968152866241,3.821656050955414,15.286624203821656
290400,Boninal - BA,255.16,19.8,16.18514150943396,BA,29023,Seabra,734,0,0,0,0,0,same_uf,0.0,0.0,0.0
290405,Bonito - BA,244.53,17.599999999999994,6.617832786057085,BA,29023,Seabra,751,0,0,11,9,25,same_uf,14.647137150466046,11.984021304926765,33.28894806924101
290410,Boquira - BA,264.54,23.3,3.365550569554712,BA,29022,Boquira,1209,1,0,11,7,21,same_uf,9.098428453267163,5.789909015715467,17.3697270471464
290420,Botuporã - BA,227.76,23.8,32.77853260869565,BA,29022,Boquira,673,0,0,4,2,18,same_uf,5.943536404160476,2.971768202080238,26.74591381872214
290430,Brejões - BA,247.94,21.8,32.0253164556962,BA,29024,Jequié,1047,0,0,1,2,6,same_uf,0.9551098376313276,1.9102196752626552,5.730659025787966
290440,Brejolândia - BA,218.48,24.099999999999994,1.1798469387755102,BA,29002,Cotegipe,358,0,0,0,0,1,same_uf,0.0,0.0,2.793296089385475
290450,Brotas de Macaúbas - BA,243.98,19.8,22.600812753985625,BA,29022,Boquira,525,0,0,0,0,1,same_uf,0.0,0.0,1.9047619047619047
290460,Brumado - BA,398.87,14.900000000000006,63.39025181022371,BA,29027,Brumado,4140,2,0,109,4,144,same_uf,26.32850241545894,0.966183574879227,34.78260869565217
290470,Buerarema - BA,299.29,21.3,65.84077245399891,BA,29031,Ilhéus-Itabuna,1522,0,0,28,3,36,same_uf,18.396846254927727,1.971090670170828,23.653088042049934
290475,Buritirama - BA,173.63,23.700000000000003,3.5527462946817785,BA,29006,Barra,991,0,0,7,18,29,same_uf,7.063572149344097,18.163471241170534,29.263370332996974
290480,Caatiba - BA,286.15,27.700000000000003,59.47332421340629,BA,29028,Vitória da Conquista,374,0,0,6,3,9,same_uf,16.0427807486631,8.02139037433155,24.06417112299465
290485,Cabaceiras do Paraguaçu - BA,207.62,24.200000000000003,6.348470806302132,BA,29020,Santo Antônio de Jesus,1326,0,0,10,3,19,same_uf,7.541478129713424,2.262443438914027,14.328808446455506
290490,Cachoeira - BA,356.0,15.299999999999995,52.50832527661403,BA,29020,Santo Antônio de Jesus,2046,2,0,13,5,25,same_uf,6.35386119257087,2.4437927663734116,12.218963831867057
290500,Caculé - BA,381.08,18.40000000000001,18.62559241706161,BA,29026,Guanambi,1446,0,0,6,8,15,same_uf,4.149377593360996,5.532503457814661,10.37344398340249
290510,Caém - BA,218.73,22.599999999999994,8.664868509777477,BA,29010,Jacobina,1024,0,0,8,24,69,same_uf,7.8125,23.4375,67.3828125
290515,Caetanos - BA,220.36,25.3,10.49517284335098,BA,29028,Vitória da Conquista,654,0,0,6,13,20,same_uf,9.174311926605505,19.877675840978593,30.581039755351682
290520,Caetité - BA,401.91,18.8,34.75643130815545,BA,29026,Guanambi,3706,4,0,47,24,86,same_uf,12.682137075013491,6.475984889368592,23.20561252023745
290530,Cafarnaum - BA,246.37,19.700000000000003,4.70464135021097,BA,29009,Irecê,1443,0,0,1,3,4,same_uf,0.693000693000693,2.079002079002079,2.772002772002772
290540,Cairu - BA,323.16,14.599999999999994,45.46994072819644,BA,29030,Valença,1121,1,0,3,0,93,same_uf,2.6761819803746656,0.0,82.96164139161463
290550,Caldeirão Grande - BA,205.27,27.099999999999994,7.602836879432624,BA,29010,Jacobina,1011,0,0,8,5,17,same_uf,7.9129574678536105,4.945598417408506,16.81503461918892
290560,Camacan - BA,335.53,21.0,74.56711150325356,BA,29031,Ilhéus-Itabuna,2919,1,0,43,9,60,same_uf,14.73107228502912,3.0832476875642345,20.554984583761563
290570,Camaçari - BA,527.75,7.400000000000006,65.32821559378843,BA,29021,Salvador,18979,3,0,363,89,595,same_uf,19.12640286632594,4.689393540228674,31.35043995995574
290580,Camamu - BA,260.17,24.5,33.41471181403248,BA,29030,Valença,2473,0,0,24,12,130,same_uf,9.704811969268096,4.852405984634048,52.567731500202186
290590,Campo Alegre de Lourdes - BA,198.07,25.5,5.845264678838828,BA,29004,Juazeiro,2648,1,0,0,1,3,same_uf,0.0,0.3776435045317221,1.1329305135951662
290600,Campo Formoso - BA,264.91,22.40000000000001,13.261847880437802,BA,29008,Senhor do Bonfim,5746,0,0,80,15,109,same_uf,13.922728854855551,2.610511660285416,18.96971806474069
290610,Canápolis - BA,211.8,27.5,19.726027397260275,BA,29003,Santa Maria da Vitória,680,1,0,0,0,1,same_uf,0.0,0.0,1.4705882352941178
290620,Canarana - BA,248.69,17.400000000000006,1.5681196950079126,BA,29009,Irecê,1915,0,0,27,4,34,same_uf,14.099216710182768,2.088772845953003,17.754569190600524
290630,Canavieiras - BA,316.2,18.099999999999994,55.29835390946502,BA,29031,Ilhéus-Itabuna,2375,0,0,35,9,45,same_uf,14.736842105263158,3.789473684210526,18.94736842105263
290640,Candeal - BA,250.1,23.3,0.6658832745789267,BA,29016,Serrinha,538,0,0,11,1,12,same_uf,20.44609665427509,1.858736059479554,22.304832713754646
290650,Candeias - BA,437.17,8.5,74.0880604210188,BA,29021,Salvador,3701,2,0,57,4,104,same_uf,15.401242907322345,1.0807889759524454,28.100513374763576
290660,Candiba - BA,288.99,23.700000000000003,1.1428571428571428,BA,29026,Guanambi,570,0,0,1,28,32,same_uf,1.7543859649122806,49.12280701754386,56.14035087719298
290670,Cândido Sales - BA,262.48,23.5,7.778200735947215,BA,29028,Vitória da Conquista,2149,1,0,27,31,63,same_uf,12.563983248022335,14.4253140995812,29.315960912052116
290680,Cansanção - BA,210.4,26.599999999999994,32.475203387941605,BA,29014,Euclides da Cunha,2240,4,0,19,10,137,same_uf,8.482142857142858,4.464285714285714,61.160714285714285
290682,Canudos - BA,244.6,22.599999999999994,17.56086031671,BA,29014,Euclides da Cunha,1172,0,0,6,0,8,same_uf,5.1194539249146755,0.0,6.825938566552901
290685,Capela do Alto Alegre - BA,291.81,25.5,32.51664447403462,BA,29016,Serrinha,543,0,0,7,13,21,same_uf,12.89134438305709,23.941068139963168,38.67403314917127
290687,Capim Grosso - BA,371.98,19.099999999999994,12.161838640172371,BA,29010,Jacobina,2619,1,0,38,12,54,same_uf,14.509354715540283,4.581901489117984,20.61855670103093
290689,Caraíbas - BA,275.25,30.099999999999994,3.990368077055384,BA,29027,Brumado,606,0,0,9,12,24,same_uf,14.851485148514852,19.801980198019802,39.603960396039604
290690,Caravelas - BA,366.78,22.599999999999994,24.72204054937868,BA,29032,Porto Seguro,1539,1,0,1,1,6,same_uf,0.649772579597141,0.649772579597141,3.898635477582846
290700,Cardeal da Silva - BA,195.99,20.90000000000001,16.50526315789474,BA,29018,Entre Rios,608,0,0,6,5,15,same_uf,9.868421052631579,8.223684210526315,24.67105263157895
290710,Carinhanha - BA,205.18,23.40000000000001,6.155744447491089,BA,29007,Bom Jesus da Lapa,2523,0,0,6,37,72,same_uf,2.3781212841854935,14.66508125247721,28.53745541022592
290720,Casa Nova - BA,285.91,23.200000000000003,38.139861778142205,BA,29004,Juazeiro,4977,2,0,16,9,43,same_uf,3.2147880249146072,1.8083182640144666,8.639742816958007
290730,Castro Alves - BA,303.96,21.0,56.83713173985547,BA,29020,Santo Antônio de Jesus,1993,0,0,22,3,30,same_uf,11.038635223281485,1.5052684395383844,15.052684395383844
290740,Catolândia - BA,242.33,23.5,10.408432147562582,BA,29001,Barreiras,225,0,0,0,1,2,same_uf,0.0,4.444444444444445,8.88888888888889
290750,Catu - BA,458.94,10.299999999999995,71.01984310106137,BA,29019,Catu,2237,1,0,30,13,62,same_uf,13.410818059901654,5.81135449262405,27.715690657130086
290755,Caturama - BA,231.3,25.90000000000001,16.929460580912863,BA,29022,Boquira,388,0,0,0,0,0,same_uf,0.0,0.0,0.0
290760,Central - BA,228.23,18.200000000000003,9.943296881328472,BA,29009,Irecê,1284,1,0,8,3,12,same_uf,6.230529595015576,2.336448598130841,9.345794392523365
290770,Chorrochó - BA,244.52,26.099999999999994,28.40452719970792,BA,29005,Paulo Afonso,108,0,0,1,4,6,same_uf,9.25925925925926,37.03703703703704,55.55555555555556
290780,Cícero Dantas - BA,308.76,30.099999999999994,44.25745497490404,BA,29015,Ribeira do Pombal,1906,0,0,3,1,6,same_uf,1.5739769150052465,0.5246589716684156,3.147953830010493
290790,Cipó - BA,293.93,21.599999999999994,6.425339366515837,BA,29015,Ribeira do Pombal,1329,1,0,2,0,4,same_uf,1.5048908954100828,0.0,3.0097817908201656
290800,Coaraci - BA,337.36,21.700000000000003,83.76793704675204,BA,29031,Ilhéus-Itabuna,1679,1,0,29,13,48,same_uf,17.27218582489577,7.742703990470519,28.58844550327576
290810,Cocos - BA,252.8,22.3,3.233779608650875,BA,29003,Santa Maria da Vitória,1180,0,0,10,6,19,same_uf,8.474576271186441,5.084745762711864,16.10169491525424
290820,Conceição da Feira - BA,339.32,14.799999999999995,5.811694046988165,BA,29012,Feira de Santana,1527,0,0,17,8,31,same_uf,11.132940406024886,5.239030779305828,20.301244269810084
290830,Conceição do Almeida - BA,280.52,18.8,29.350598391210514,BA,29020,Santo Antônio de Jesus,989,1,0,18,5,30,same_uf,18.200202224469162,5.055611729019211,30.33367037411527
290840,Conceição do Coité - BA,302.28,18.200000000000003,32.01036773043901,BA,29016,Serrinha,4144,0,0,64,22,98,same_uf,15.444015444015443,5.308880308880309,23.64864864864865
290850,Conceição do Jacuípe - BA,398.25,11.599999999999994,6.792622582096266,BA,29012,Feira de Santana,2265,1,0,25,11,45,same_uf,11.037527593818984,4.856512141280353,19.867549668874172
290860,Conde - BA,240.91,21.599999999999994,13.479829452279436,BA,29018,Entre Rios,1151,2,0,14,6,28,same_uf,12.163336229365768,5.212858384013901,24.326672458731537
290870,Condeúba - BA,257.35,24.099999999999994,8.62252501596764,BA,29027,Brumado,726,0,0,15,8,26,same_uf,20.66115702479339,11.019283746556473,35.81267217630854
290880,Contendas do Sincorá - BA,288.39,24.200000000000003,11.57580283793876,BA,29023,Seabra,219,0,0,5,2,7,same_uf,22.831050228310502,9.132420091324201,31.963470319634702
290890,Coração de Maria - BA,253.89,19.200000000000003,4.032128514056225,BA,29012,Feira de Santana,1865,2,0,38,7,52,same_uf,20.37533512064343,3.753351206434316,27.882037533512065
290900,Cordeiros - BA,260.45,22.90000000000001,0.4975124378109453,BA,29027,Brumado,380,0,0,12,10,23,same_uf,31.57894736842105,26.31578947368421,60.526315789473685
290910,Coribe - BA,232.1,25.5,2.956480605487228,BA,29003,Santa Maria da Vitória,892,0,0,0,3,4,same_uf,0.0,3.3632286995515694,4.484304932735426
290920,Coronel João Sá - BA,236.06,34.599999999999994,30.81347576006573,BA,29013,Jeremoabo,400,0,0,1,2,4,same_uf,2.5,5.0,10.0
290930,Correntina - BA,280.82,21.200000000000003,17.345657879721557,BA,29003,Santa Maria da Vitória,1667,1,0,6,1,11,same_uf,3.599280143971206,0.5998800239952009,6.598680263947211
290940,Cotegipe - BA,231.53,26.700000000000003,5.8239398819108965,BA,29002,Cotegipe,711,1,0,6,0,8,same_uf,8.438818565400844,0.0,11.251758087201125
290950,Cravolândia - BA,257.27,25.0,60.040983606557376,BA,29024,Jequié,337,0,0,2,0,2,same_uf,5.9347181008902075,0.0,5.9347181008902075
290960,Crisópolis - BA,221.68,27.0,6.439267886855241,BA,29017,Alagoinhas,890,1,0,8,6,23,same_uf,8.98876404494382,6.741573033707865,25.84269662921348
290970,Cristópolis - BA,235.16,27.3,19.924812030075188,BA,29002,Cotegipe,801,0,0,2,0,8,same_uf,2.4968789013732833,0.0,9.987515605493133
290980,Cruz das Almas - BA,463.0,10.900000000000006,17.758040171833276,BA,29020,Santo Antônio de Jesus,4377,2,0,88,56,218,same_uf,20.105094813799408,12.794151245145077,49.80580306145762
290990,Curaçá - BA,231.1,22.700000000000003,37.2060857538036,BA,29004,Juazeiro,1805,0,0,15,2,28,same_uf,8.310249307479225,1.10803324099723,15.512465373961218
291000,Dário Meira - BA,197.92,31.3,48.50635906536528,BA,29028,Vitória da Conquista,782,1,0,9,2,14,same_uf,11.508951406649617,2.557544757033248,17.902813299232736
291005,Dias d'Ávila - BA,431.04,7.700000000000003,60.06637168141593,BA,29021,Salvador,5116,2,0,59,25,139,same_uf,11.532447224394058,4.886630179827991,27.16966379984363
291010,Dom Basílio - BA,240.38,22.0,0.4375631100639515,BA,29025,Livramento do Brumado,455,0,0,14,9,23,same_uf,30.76923076923077,19.78021978021978,50.54945054945055
291020,Dom Macedo Costa - BA,321.65,19.200000000000003,6.785411365564038,BA,29020,Santo Antônio de Jesus,247,0,0,12,2,15,same_uf,48.582995951417004,8.097165991902834,60.72874493927125
291030,Elísio Medrado - BA,310.47,23.40000000000001,0.9382329945269742,BA,29012,Feira de Santana,461,0,0,15,5,22,same_uf,32.53796095444685,10.845986984815617,47.72234273318872
291040,Encruzilhada - BA,211.07,29.40000000000001,20.390258659809408,BA,29029,Itapetinga,1725,1,0,15,15,34,same_uf,8.695652173913043,8.695652173913043,19.71014492753623
291050,Entre Rios - BA,314.1,16.599999999999994,11.382700459998196,BA,29018,Entre Rios,2330,0,0,23,11,57,same_uf,9.871244635193133,4.721030042918455,24.463519313304722
291060,Esplanada - BA,299.75,19.5,14.193175245806824,BA,29018,Entre Rios,2628,2,0,16,13,50,same_uf,6.0882800608828,4.946727549467275,19.025875190258752
291070,Euclides da Cunha - BA,265.79,24.90000000000001,12.045153559941982,BA,29014,Euclides da Cunha,4514,0,0,12,6,26,same_uf,2.658396101019052,1.329198050509526,5.759858218874612
291072,Eunápolis - BA,563.87,13.700000000000005,38.70201283052171,BA,29032,Porto Seguro,9311,4,0,164,28,249,same_uf,17.613575340994522,3.0071957899258943,26.742562560412416
291075,Fátima - BA,248.44,31.700000000000003,45.81749049429658,BA,29015,Ribeira do Pombal,820,0,0,1,2,6,same_uf,1.2195121951219512,2.4390243902439024,7.317073170731708
291077,Feira da Mata - BA,205.01,20.200000000000003,2.296211251435132,BA,29007,Bom Jesus da Lapa,160,0,0,1,2,3,same_uf,6.25,12.5,18.75
291080,Feira de Santana - BA,646.63,8.599999999999994,60.58183515080067,BA,29012,Feira de Santana,46552,15,0,1133,409,1786,same_uf,24.33837429111531,8.785873861488229,38.365698573638085
291085,Filadélfia - BA,242.98,20.90000000000001,9.711779448621554,BA,29008,Senhor do Bonfim,1394,4,0,9,74,85,same_uf,6.456241032998565,53.08464849354376,60.97560975609756
291090,Firmino Alves - BA,324.25,21.3,74.15730337078652,BA,29031,Ilhéus-Itabuna,354,0,0,4,4,8,same_uf,11.299435028248588,11.299435028248588,22.598870056497177
291100,Floresta Azul - BA,235.59,26.700000000000003,70.26402640264027,BA,29031,Ilhéus-Itabuna,759,1,0,14,5,20,same_uf,18.44532279314888,6.587615283267457,26.350461133069828
291110,Formosa do Rio Preto - BA,274.6,20.40000000000001,3.3142242923683267,BA,29001,Barreiras,1878,0,0,17,2,30,same_uf,9.052183173588924,1.0649627263045793,15.97444089456869
291120,Gandu - BA,435.91,20.90000000000001,54.80195333695063,BA,29031,Ilhéus-Itabuna,2772,3,0,7,12,28,same_uf,2.525252525252525,4.329004329004329,10.1010101010101
291125,Gavião - BA,267.23,24.0,14.760147601476016,BA,29016,Serrinha,263,1,0,5,1,8,same_uf,19.011406844106464,3.802281368821293,30.418250950570343
291130,Gentio do Ouro - BA,204.85,23.3,2.620967741935484,BA,29009,Irecê,611,1,0,5,1,7,same_uf,8.183306055646481,1.6366612111292962,11.456628477905074
291140,Glória - BA,259.05,26.0,19.593647828117703,BA,29005,Paulo Afonso,1261,0,0,9,90,103,same_uf,7.137192704203014,71.37192704203014,81.68120539254559
291150,Gongogi - BA,230.28,26.0,63.09683177153057,BA,29031,Ilhéus-Itabuna,401,1,0,5,2,9,same_uf,12.468827930174564,4.987531172069826,22.443890274314214
291160,Governador Mangabeira - BA,318.38,16.099999999999994,7.978526471677156,BA,29020,Santo Antônio de Jesus,1465,0,0,14,8,33,same_uf,9.556313993174061,5.460750853242321,22.525597269624573
291165,Guajeru - BA,240.57,27.099999999999994,1.0498687664041997,BA,29027,Brumado,489,0,0,3,4,11,same_uf,6.134969325153374,8.1799591002045,22.494887525562373
291170,Guanambi - BA,487.92,14.200000000000005,53.05994256999282,BA,29026,Guanambi,5425,2,0,32,440,480,same_uf,5.8986175115207375,81.10599078341014,88.47926267281106
291180,Guaratinga - BA,254.96,31.599999999999994,42.36379874962787,BA,29032,Porto Seguro,1587,1,0,8,7,18,same_uf,5.040957781978576,4.410838059231254,11.342155009451796
291185,Heliópolis - BA,236.45,28.700000000000003,8.200574562548969,BA,29015,Ribeira do Pombal,615,0,0,0,1,2,same_uf,0.0,1.6260162601626016,3.252032520325203
291190,Iaçu - BA,297.68,22.40000000000001,28.762086340732672,BA,29011,Itaberaba,2317,0,0,21,5,32,same_uf,9.06344410876133,2.1579628830384117,13.810962451445835
291200,Ibiassucê - BA,346.06,19.5,2.394567548248749,BA,29026,Guanambi,803,0,0,4,5,21,same_uf,4.981320049813201,6.226650062266501,26.151930261519304
291210,Ibicaraí - BA,333.95,19.700000000000003,63.98198436879057,BA,29031,Ilhéus-Itabuna,1847,0,0,41,14,61,same_uf,22.198159177043856,7.579859231185707,33.02652950730915
291220,Ibicoara - BA,295.76,14.799999999999995,17.66195399873391,BA,29023,Seabra,1898,1,0,35,6,44,same_uf,18.440463645943098,3.161222339304531,23.182297154899896
291230,Ibicuí - BA,300.54,23.40000000000001,62.07112970711297,BA,29028,Vitória da Conquista,993,1,0,13,5,18,same_uf,13.091641490433032,5.0352467270896275,18.12688821752266
291240,Ibipeba - BA,285.57,16.799999999999997,6.710044733631557,BA,29009,Irecê,1151,0,0,9,3,13,same_uf,7.819287576020852,2.6064291920069507,11.294526498696785
291250,Ibipitanga - BA,246.39,25.8,1.954053340374967,BA,29022,Boquira,433,1,0,2,0,2,same_uf,4.618937644341801,0.0,4.618937644341801
291260,Ibiquera - BA,187.8,27.90000000000001,7.785714285714286,BA,29011,Itaberaba,272,0,0,4,1,9,same_uf,14.705882352941176,3.676470588235294,33.088235294117645
291270,Ibirapitanga - BA,259.37,28.8,47.97852179406191,BA,29031,Ilhéus-Itabuna,2339,0,0,19,9,37,same_uf,8.123129542539546,3.847798204360838,15.818725951261223
291280,Ibirapuã - BA,426.28,21.200000000000003,49.38875305623472,BA,29032,Porto Seguro,416,1,0,0,0,3,same_uf,0.0,0.0,7.211538461538462
291290,Ibirataia - BA,274.11,26.599999999999994,71.61001788908766,BA,29031,Ilhéus-Itabuna,1851,0,0,19,8,35,same_uf,10.264721772015127,4.321988114532685,18.9086980010805
291300,Ibitiara - BA,240.52,20.90000000000001,15.811965811965813,BA,29022,Boquira,847,0,0,0,0,1,same_uf,0.0,0.0,1.1806375442739079
291310,Ibititá - BA,247.44,20.90000000000001,1.4979834837718455,BA,29009,Irecê,1288,0,0,10,6,16,same_uf,7.763975155279503,4.658385093167702,12.422360248447205
291320,Ibotirama - BA,330.87,16.799999999999997,30.564876957494405,BA,29006,Barra,2054,1,0,3,3,9,same_uf,1.4605647517039921,1.4605647517039921,4.381694255111976
291330,Ichu - BA,293.92,13.5,1.0932475884244373,BA,29016,Serrinha,390,0,0,5,2,9,same_uf,12.820512820512821,5.128205128205129,23.076923076923077
291340,Igaporã - BA,295.31,18.599999999999994,21.42677085959163,BA,29026,Guanambi,1081,0,0,7,29,40,same_uf,6.475485661424607,26.827012025901944,37.00277520814061
291345,Igrapiúna - BA,261.82,22.0,25.717501406865505,BA,29030,Valença,900,0,0,8,2,57,same_uf,8.88888888888889,2.2222222222222223,63.333333333333336
291350,Iguaí - BA,251.12,27.8,57.75444264943457,BA,29028,Vitória da Conquista,1947,0,0,18,4,34,same_uf,9.244992295839754,2.054442732408834,17.46276322547509
291360,Ilhéus - BA,571.5,11.700000000000005,66.50179454672072,BA,29031,Ilhéus-Itabuna,14719,4,0,110,46,184,same_uf,7.473333786262653,3.125212310618928,12.500849242475711
291370,Inhambupe - BA,251.95,23.3,32.05557745368546,BA,29017,Alagoinhas,2577,0,0,14,16,52,same_uf,5.43267365153279,6.208769887466046,20.178502134264647
291380,Ipecaetá - BA,182.34,23.8,4.692387904066736,BA,29012,Feira de Santana,1052,0,0,27,1,32,same_uf,25.665399239543728,0.9505703422053232,30.418250950570343
291390,Ipiaú - BA,556.18,18.40000000000001,66.63352707249923,BA,29031,Ilhéus-Itabuna,3480,3,0,58,13,91,same_uf,16.666666666666668,3.735632183908046,26.149425287356323
291400,Ipirá - BA,264.97,25.200000000000003,51.23424215772501,BA,29012,Feira de Santana,4440,2,0,40,14,61,same_uf,9.00900900900901,3.1531531531531534,13.73873873873874
291410,Ipupiara - BA,253.09,14.5,1.9413919413919407,BA,29022,Boquira,559,0,0,1,3,6,same_uf,1.7889087656529516,5.366726296958855,10.73345259391771
291420,Irajuba - BA,233.06,25.3,3.218173213440606,BA,29024,Jequié,531,0,0,1,1,5,same_uf,1.8832391713747645,1.8832391713747645,9.416195856873824
291430,Iramaia - BA,232.57,22.200000000000003,1.389317690645261,BA,29024,Jequié,540,1,0,3,1,8,same_uf,5.555555555555555,1.8518518518518519,14.814814814814815
291440,Iraquara - BA,241.06,15.799999999999995,10.057330057330056,BA,29009,Irecê,1919,0,0,6,2,8,same_uf,3.1266284523189163,1.0422094841063054,4.168837936425222
291450,Irará - BA,301.56,21.200000000000003,2.7553505062155583,BA,29012,Feira de Santana,2032,0,0,45,14,68,same_uf,22.14566929133858,6.889763779527559,33.46456692913386
291460,Irecê - BA,478.42,12.299999999999995,29.156049332382025,BA,29009,Irecê,5876,2,0,54,15,90,same_uf,9.18992511912866,2.5527569775357386,15.31654186521443
291465,Itabela - BA,347.91,23.099999999999994,4.283903675538657,BA,29032,Porto Seguro,2858,2,0,25,2,56,same_uf,8.74737578726382,0.6997900629811057,19.59412176347096
291470,Itaberaba - BA,416.68,16.700000000000003,69.0187679648312,BA,29011,Itaberaba,4651,2,0,37,8,49,same_uf,7.955278434745216,1.7200602021070737,10.535368737905827
291480,Itabuna - BA,585.24,9.799999999999995,81.69787369089178,BA,29031,Ilhéus-Itabuna,16724,5,0,485,156,700,same_uf,29.000239177230327,9.32791198277924,41.856015307342744
291490,Itacaré - BA,318.65,21.599999999999994,39.257176679490975,BA,29031,Ilhéus-Itabuna,1704,0,0,10,6,23,same_uf,5.868544600938967,3.5211267605633805,13.497652582159624
291500,Itaeté - BA,221.97,23.200000000000003,9.358879882092852,BA,29023,Seabra,863,1,0,8,1,11,same_uf,9.269988412514484,1.1587485515643106,12.746234067207416
291510,Itagi - BA,228.82,27.8,56.84096450826334,BA,29024,Jequié,730,0,0,2,0,4,same_uf,2.73972602739726,0.0,5.47945205479452
291520,Itagibá - BA,257.35,24.700000000000003,64.71840984382395,BA,29031,Ilhéus-Itabuna,1018,0,0,12,2,21,same_uf,11.787819253438114,1.9646365422396856,20.6286836935167
291530,Itagimirim - BA,330.18,25.40000000000001,76.63896583564174,BA,29032,Porto Seguro,373,0,0,5,0,6,same_uf,13.404825737265416,0.0,16.0857908847185
291535,Itaguaçu da Bahia - BA,244.58,26.099999999999994,10.767922924341171,BA,29006,Barra,960,0,0,6,1,14,same_uf,6.25,1.0416666666666667,14.583333333333334
291540,Itaju do Colônia - BA,274.62,23.40000000000001,67.89497927222479,BA,29031,Ilhéus-Itabuna,545,0,0,10,3,15,same_uf,18.34862385321101,5.504587155963303,27.522935779816514
291550,Itajuípe - BA,349.98,20.3,59.5,BA,29031,Ilhéus-Itabuna,1662,0,0,38,13,52,same_uf,22.86401925391095,7.821901323706378,31.28760529482551
291560,Itamaraju - BA,421.76,20.099999999999994,55.789869070616014,BA,29032,Porto Seguro,6293,0,0,78,53,157,same_uf,12.394724296837756,8.422056252979502,24.948355315429843
291570,Itamari - BA,317.46,25.5,41.600335148722245,BA,29031,Ilhéus-Itabuna,717,0,0,2,1,8,same_uf,2.789400278940028,1.394700139470014,11.157601115760112
291580,Itambé - BA,307.25,22.5,83.53578463558766,BA,29029,Itapetinga,1799,1,0,21,4,35,same_uf,11.673151750972762,2.2234574763757644,19.455252918287936
291590,Itanagra - BA,279.2,22.5,21.103896103896105,BA,29019,Catu,245,1,0,2,4,6,same_uf,8.16326530612245,16.3265306122449,24.489795918367346
291600,Itanhém - BA,381.9,22.40000000000001,65.67810195575505,BA,29032,Porto Seguro,1173,2,0,1,0,2,same_uf,0.8525149190110827,0.0,1.7050298380221653
291610,Itaparica - BA,404.92,7.200000000000003,48.0050465226305,BA,29021,Salvador,919,3,0,8,1,12,same_uf,8.705114254624592,1.088139281828074,13.057671381936888
291620,Itapé - BA,273.12,21.3,60.17406962785114,BA,29031,Ilhéus-Itabuna,780,0,0,15,4,20,same_uf,19.23076923076923,5.128205128205129,25.641025641025642
291630,Itapebi - BA,266.35,26.5,5.373831775700935,BA,29031,Ilhéus-Itabuna,612,1,0,7,1,8,same_uf,11.437908496732026,1.6339869281045751,13.071895424836601
291640,Itapetinga - BA,497.69,13.900000000000006,92.36550222867211,BA,29029,Itapetinga,4067,1,0,20,5,32,same_uf,4.917629702483403,1.2294074256208507,7.868207523973445
291650,Itapicuru - BA,182.99,35.2,11.844444444444443,BA,29015,Ribeira do Pombal,768,0,0,2,0,2,same_uf,2.6041666666666665,0.0,2.6041666666666665
291660,Itapitanga - BA,218.19,23.40000000000001,77.5436046511628,BA,29031,Ilhéus-Itabuna,494,0,0,4,3,11,same_uf,8.097165991902834,6.0728744939271255,22.267206477732792
291670,Itaquara - BA,219.9,30.8,61.91546762589928,BA,29024,Jequié,615,0,0,0,0,2,same_uf,0.0,0.0,3.252032520325203
291680,Itarantim - BA,344.15,21.0,75.08910148189833,BA,29029,Itapetinga,1149,0,0,4,9,14,same_uf,3.4812880765883376,7.83289817232376,12.184508268059181
291685,Itatim - BA,237.46,21.40000000000001,2.588686481303931,BA,29012,Feira de Santana,1040,0,0,16,8,27,same_uf,15.384615384615385,7.6923076923076925,25.96153846153846
291690,Itiruçu - BA,303.4,22.40000000000001,52.26434965771459,BA,29024,Jequié,821,0,0,2,0,6,same_uf,2.43605359317905,0.0,7.3081607795371495
291700,Itiúba - BA,203.35,24.8,21.2791512361125,BA,29008,Senhor do Bonfim,3342,2,0,45,1,46,same_uf,13.464991023339318,0.2992220227408737,13.764213046080192
291710,Itororó - BA,317.27,22.40000000000001,71.9186144274424,BA,29029,Itapetinga,1466,1,0,39,10,52,same_uf,26.60300136425648,6.8212824010914055,35.470668485675304
291720,Ituaçu - BA,265.23,23.3,8.264628996581541,BA,29027,Brumado,1175,1,0,22,6,28,same_uf,18.72340425531915,5.1063829787234045,23.829787234042552
291730,Ituberá - BA,331.18,18.700000000000003,37.93990254466703,BA,29030,Valença,2512,0,0,4,3,105,same_uf,1.5923566878980893,1.194267515923567,41.79936305732484
291733,Iuiu - BA,246.35,23.599999999999994,13.18840579710145,BA,29026,Guanambi,335,0,0,5,29,34,same_uf,14.925373134328359,86.56716417910448,101.49253731343283
291735,Jaborandi - BA,275.17,23.099999999999994,46.05263157894737,BA,29003,Santa Maria da Vitória,504,0,0,5,1,6,same_uf,9.920634920634921,1.9841269841269842,11.904761904761905
291740,Jacaraci - BA,280.87,23.599999999999994,6.465634338494974,BA,29026,Guanambi,653,0,0,6,2,9,same_uf,9.188361408882082,3.0627871362940278,13.782542113323125
291750,Jacobina - BA,402.96,16.099999999999994,54.575412932524216,BA,29010,Jacobina,6737,0,0,124,23,170,same_uf,18.40581861362624,3.413982484785513,25.23378358319727
291760,Jaguaquara - BA,292.29,24.40000000000001,29.871421467642254,BA,29024,Jequié,3601,0,0,3,1,6,same_uf,0.8331019161344071,0.27770063871146905,1.6662038322688142
291770,Jaguarari - BA,427.92,16.799999999999997,58.72195336559613,BA,29008,Senhor do Bonfim,1912,0,0,8,3,15,same_uf,4.184100418410042,1.5690376569037656,7.845188284518828
291780,Jaguaripe - BA,244.35,26.0,8.398778359511343,BA,29020,Santo Antônio de Jesus,912,1,0,9,2,22,same_uf,9.868421052631579,2.192982456140351,24.12280701754386
291790,Jandaíra - BA,186.15,24.200000000000003,3.824730783512811,BA,29018,Entre Rios,102,0,0,0,1,2,same_uf,0.0,9.803921568627452,19.607843137254903
291800,Jequié - BA,463.19,15.0,78.09927387494758,BA,29024,Jequié,10509,9,0,46,9,144,same_uf,4.377200494813969,0.8564087924636026,13.702540679417641
291810,Jeremoabo - BA,260.72,29.200000000000003,33.36128190795603,BA,29013,Jeremoabo,2492,0,0,6,67,83,same_uf,2.407704654895666,26.886035313001607,33.30658105939005
291820,Jiquiriçá - BA,252.1,20.599999999999994,30.3387703889586,BA,29024,Jequié,841,0,0,12,1,20,same_uf,14.26872770511296,1.1890606420927468,23.781212841854934
291830,Jitaúna - BA,260.58,27.0,50.74517468849255,BA,29024,Jequié,613,0,0,8,0,9,same_uf,13.05057096247961,0.0,14.681892332789559
291835,João Dourado - BA,275.86,18.5,4.556393390020856,BA,29009,Irecê,1998,1,0,12,5,21,same_uf,6.006006006006006,2.5025025025025025,10.51051051051051
291840,Juazeiro - BA,456.91,12.5,65.2029298969447,BA,29004,Juazeiro,17875,4,0,122,33,248,same_uf,6.825174825174825,1.8461538461538463,13.874125874125873
291845,Jucuruçu - BA,179.62,29.0,37.11717709720373,BA,29032,Porto Seguro,224,0,0,0,1,1,same_uf,0.0,4.464285714285714,4.464285714285714
291850,Jussara - BA,233.64,23.40000000000001,2.9411764705882355,BA,29009,Irecê,1345,1,0,11,2,16,same_uf,8.178438661710038,1.486988847583643,11.895910780669144
291855,Jussari - BA,279.98,27.599999999999994,66.5167416291854,BA,29031,Ilhéus-Itabuna,481,0,0,13,3,16,same_uf,27.027027027027028,6.237006237006237,33.264033264033266
291860,Jussiape - BA,332.66,23.599999999999994,21.662468513853906,BA,29023,Seabra,241,0,0,18,7,26,same_uf,74.68879668049793,29.04564315352697,107.88381742738589
291870,Lafaiete Coutinho - BA,283.81,24.5,39.581657280772326,BA,29024,Jequié,177,0,0,1,0,1,same_uf,5.649717514124294,0.0,5.649717514124294
291875,Lagoa Real - BA,221.57,21.40000000000001,5.617638175777711,BA,29026,Guanambi,863,0,0,9,10,32,same_uf,10.428736964078794,11.587485515643106,37.07995365005794
291880,Laje - BA,238.16,24.90000000000001,25.743509047993705,BA,29024,Jequié,1603,0,0,32,4,38,same_uf,19.96257018091079,2.495321272613849,23.705552089831567
291890,Lajedão - BA,447.01,22.3,67.65432098765432,BA,29032,Porto Seguro,164,1,0,0,0,0,same_uf,0.0,0.0,0.0
291900,Lajedinho - BA,205.29,25.200000000000003,20.556552962298024,BA,29011,Itaberaba,271,1,0,4,3,15,same_uf,14.760147601476016,11.07011070110701,55.35055350553505
291905,Lajedo do Tabocal - BA,233.3,26.3,0.6565449322938038,BA,29024,Jequié,459,0,0,1,0,1,same_uf,2.178649237472767,0.0,2.178649237472767
291910,Lamarão - BA,179.63,30.099999999999994,21.49265905383361,BA,29016,Serrinha,440,0,0,3,2,6,same_uf,6.818181818181818,4.545454545454546,13.636363636363637
291915,Lapão - BA,241.71,19.40000000000001,10.677476982272914,BA,29009,Irecê,2135,1,0,14,6,23,same_uf,6.557377049180328,2.810304449648712,10.772833723653395
291920,Lauro de Freitas - BA,998.62,4.700000000000003,80.88398907656519,BA,29021,Salvador,10909,3,0,226,57,401,same_uf,20.716839306994224,5.225043542029517,36.75863965533046
291930,Lençóis - BA,359.51,16.900000000000006,56.2,BA,29023,Seabra,706,0,0,4,3,8,same_uf,5.665722379603399,4.2492917847025495,11.331444759206798
291940,Licínio de Almeida - BA,296.16,20.90000000000001,4.593741027849555,BA,29026,Guanambi,851,0,0,10,5,18,same_uf,11.750881316098708,5.875440658049354,21.151586368977675
291950,Livramento de Nossa Senhora - BA,302.93,19.3,32.57855011409514,BA,29025,Livramento do Brumado,2787,2,0,64,245,314,same_uf,22.963760315751703,87.908144958737,112.6659490491568
291955,Luís Eduardo Magalhães - BA,847.88,6.799999999999997,18.16084191569588,BA,29001,Barreiras,3840,0,0,22,16,49,same_uf,5.729166666666667,4.166666666666667,12.760416666666666
291960,Macajuba - BA,183.18,25.099999999999994,43.86281588447653,BA,29011,Itaberaba,984,0,0,15,6,49,same_uf,15.24390243902439,6.097560975609756,49.796747967479675
291970,Macarani - BA,345.25,24.8,78.16532258064517,BA,29029,Itapetinga,1199,0,0,17,3,23,same_uf,14.178482068390325,2.5020850708924103,19.182652210175146
291980,Macaúbas - BA,249.16,24.0,27.00380102462403,BA,29022,Boquira,3056,0,0,29,9,45,same_uf,9.489528795811518,2.945026178010471,14.725130890052355
291990,Macururé - BA,234.7,24.40000000000001,1.0009532888465205,BA,29005,Paulo Afonso,134,0,0,2,8,10,same_uf,14.925373134328359,59.701492537313435,74.6268656716418
291992,Madre de Deus - BA,476.61,4.900000000000006,91.97602474864657,BA,29021,Salvador,1651,0,0,29,6,58,same_uf,17.56511205330103,3.634161114476075,35.13022410660206
291995,Maetinga - BA,267.32,30.0,24.924318869828458,BA,29027,Brumado,508,0,0,5,1,6,same_uf,9.84251968503937,1.968503937007874,11.811023622047244
292000,Maiquinique - BA,298.99,24.40000000000001,75.07407407407408,BA,29029,Itapetinga,438,0,0,3,1,4,same_uf,6.8493150684931505,2.2831050228310503,9.132420091324201
292010,Mairi - BA,283.2,21.90000000000001,54.01962472026166,BA,29011,Itaberaba,1223,0,0,15,5,23,same_uf,12.264922322158627,4.088307440719542,18.806214227309894
292020,Malhada - BA,217.29,21.599999999999994,15.286789514663898,BA,29026,Guanambi,1237,0,0,3,55,59,same_uf,2.4252223120452707,44.462409054163295,47.696038803556995
292030,Malhada de Pedras - BA,240.76,23.5,10.016906170752325,BA,29027,Brumado,433,0,0,4,2,7,same_uf,9.237875288683602,4.618937644341801,16.166281755196305
292040,Manoel Vitorino - BA,221.01,25.3,3.1621553250695675,BA,29028,Vitória da Conquista,848,0,0,4,0,7,same_uf,4.716981132075472,0.0,8.254716981132075
292045,Mansidão - BA,173.65,16.299999999999997,3.03994344291269,BA,29002,Cotegipe,427,0,0,3,1,6,same_uf,7.02576112412178,2.34192037470726,14.05152224824356
292050,Maracás - BA,286.65,22.3,9.61974649766511,BA,29024,Jequié,1783,0,0,3,0,4,same_uf,1.682557487380819,0.0,2.243409983174425
292060,Maragogipe - BA,293.43,21.200000000000003,40.9147713071732,BA,29020,Santo Antônio de Jesus,2729,1,0,27,9,47,same_uf,9.893733968486625,3.2979113228288752,17.222425796995235
292070,Maraú - BA,429.92,24.200000000000003,20.05036807438977,BA,29030,Valença,849,1,0,16,4,28,same_uf,18.84570082449941,4.7114252061248525,32.97997644287397
292080,Marcionílio Souza - BA,190.5,27.5,13.88697450034459,BA,29024,Jequié,736,0,0,7,1,16,same_uf,9.51086956521739,1.358695652173913,21.73913043478261
292090,Mascote - BA,251.72,27.599999999999994,44.29546562652365,BA,29031,Ilhéus-Itabuna,1239,0,0,17,5,24,same_uf,13.720742534301856,4.035512510088782,19.37046004842615
292100,Mata de São João - BA,423.79,10.700000000000005,42.923116394424014,BA,29019,Catu,3242,0,0,61,71,171,same_uf,18.815545959284393,21.900061690314622,52.745219000616906
292105,Matina - BA,222.17,28.5,3.249361080686382,BA,29026,Guanambi,810,0,0,6,30,36,same_uf,7.407407407407407,37.03703703703704,44.44444444444444
292110,Medeiros Neto - BA,379.62,21.8,35.318155283129016,BA,29032,Porto Seguro,1261,2,0,4,1,13,same_uf,3.1720856463124503,0.7930214115781126,10.309278350515465
292120,Miguel Calmon - BA,276.35,18.599999999999994,41.98275862068966,BA,29010,Jacobina,2512,1,0,23,3,39,same_uf,9.156050955414013,1.194267515923567,15.52547770700637
292130,Milagres - BA,308.71,19.90000000000001,5.22771007055805,BA,29024,Jequié,1025,0,0,6,3,14,same_uf,5.853658536585366,2.926829268292683,13.658536585365853
292140,Mirangaba - BA,190.43,22.5,18.81847475832438,BA,29010,Jacobina,1059,1,0,18,5,24,same_uf,16.997167138810198,4.721435316336166,22.662889518413596
292145,Mirante - BA,208.1,27.8,21.966977745872217,BA,29028,Vitória da Conquista,529,0,0,5,9,15,same_uf,9.45179584120983,17.013232514177695,28.35538752362949
292150,Monte Santo - BA,195.67,32.599999999999994,12.045281976944848,BA,29014,Euclides da Cunha,4146,0,0,34,10,56,same_uf,8.200675349734684,2.41196333815726,13.506994693680657
292160,Morpará - BA,215.54,25.599999999999994,4.5549519431675725,BA,29006,Barra,506,0,0,4,3,12,same_uf,7.905138339920948,5.928853754940712,23.715415019762847
292170,Morro do Chapéu - BA,246.76,20.0,9.59911361804996,BA,29010,Jacobina,3320,0,0,29,148,184,same_uf,8.734939759036145,44.57831325301205,55.42168674698795
292180,Mortugaba - BA,328.47,24.099999999999994,1.828206616366802,BA,29026,Guanambi,736,0,0,5,6,16,same_uf,6.793478260869565,8.152173913043478,21.73913043478261
292190,Mucugê - BA,310.12,18.40000000000001,37.56544502617801,BA,29023,Seabra,1218,0,0,14,2,23,same_uf,11.494252873563218,1.6420361247947455,18.88341543513957
292200,Mucuri - BA,524.16,16.400000000000006,30.85096290674509,BA,29032,Porto Seguro,3086,3,0,60,14,85,same_uf,19.44264419961115,4.536616979909268,27.543745949449125
292205,Mulungu do Morro - BA,199.13,18.700000000000003,0.5140610825521621,BA,29009,Irecê,1084,0,0,4,3,10,same_uf,3.690036900369004,2.7675276752767526,9.22509225092251
292210,Mundo Novo - BA,341.87,20.5,37.782738095238095,BA,29011,Itaberaba,1681,0,0,21,7,32,same_uf,12.492563950029744,4.164187983343248,19.036287923854847
292220,Muniz Ferreira - BA,292.32,20.599999999999994,26.411738550466875,BA,29020,Santo Antônio de Jesus,408,0,0,12,3,16,same_uf,29.41176470588235,7.352941176470588,39.21568627450981
292225,Muquém do São Francisco - BA,164.39,23.0,16.242884250474383,BA,29006,Barra,732,0,0,2,0,3,same_uf,2.73224043715847,0.0,4.098360655737705
292230,Muritiba - BA,388.55,15.599999999999994,14.943496032700168,BA,29020,Santo Antônio de Jesus,1784,0,0,27,12,58,same_uf,15.134529147982063,6.726457399103139,32.511210762331835
292240,Mutuípe - BA,371.14,21.40000000000001,49.314435372053616,BA,29024,Jequié,1415,0,0,25,11,38,same_uf,17.6678445229682,7.773851590106007,26.85512367491166
292250,Nazaré - BA,408.25,17.099999999999994,53.81531136449067,BA,29020,Santo Antônio de Jesus,1753,0,0,21,3,51,same_uf,11.979463776383342,1.7113519680547633,29.092983456930977
292260,Nilo Peçanha - BA,200.94,24.200000000000003,32.39595050618673,BA,29030,Valença,994,0,0,0,0,40,same_uf,0.0,0.0,40.241448692152915
292265,Nordestina - BA,186.38,26.200000000000003,3.9156626506024095,BA,29014,Euclides da Cunha,754,0,0,16,2,18,same_uf,21.220159151193634,2.6525198938992043,23.872679045092838
292270,Nova Canaã - BA,244.81,28.700000000000003,46.75507333735182,BA,29028,Vitória da Conquista,1028,1,0,10,2,12,same_uf,9.727626459143968,1.9455252918287937,11.673151750972762
292273,Nova Fátima - BA,282.77,21.40000000000001,63.91196013289037,BA,29016,Serrinha,397,1,0,6,13,19,same_uf,15.113350125944585,32.7455919395466,47.858942065491185
292275,Nova Ibiá - BA,377.32,26.099999999999994,35.954500494559845,BA,29031,Ilhéus-Itabuna,446,0,0,5,1,6,same_uf,11.210762331838565,2.242152466367713,13.452914798206278
292280,Nova Itarana - BA,185.26,27.200000000000003,6.536259541984733,BA,29024,Jequié,546,0,0,2,1,5,same_uf,3.663003663003663,1.8315018315018314,9.157509157509157
292285,Nova Redenção - BA,220.57,24.700000000000003,10.283018867924527,BA,29023,Seabra,382,0,0,5,0,6,same_uf,13.089005235602095,0.0,15.706806282722512
292290,Nova Soure - BA,238.53,27.90000000000001,1.3180764774044031,BA,29015,Ribeira do Pombal,1731,0,0,1,1,3,same_uf,0.5777007510109763,0.5777007510109763,1.733102253032929
292300,Nova Viçosa - BA,464.88,17.0,19.091884161601715,BA,29032,Porto Seguro,3306,4,0,19,17,78,same_uf,5.747126436781609,5.142165759225651,23.593466424682397
292303,Novo Horizonte - BA,249.57,20.099999999999994,10.553916748607014,BA,29022,Boquira,672,0,0,0,0,1,same_uf,0.0,0.0,1.4880952380952381
292305,Novo Triunfo - BA,192.76,21.099999999999994,55.13172338090011,BA,29015,Ribeira do Pombal,654,0,0,3,3,7,same_uf,4.587155963302752,4.587155963302752,10.703363914373089
292310,Olindina - BA,208.28,27.200000000000003,51.24071218281228,BA,29015,Ribeira do Pombal,1493,0,0,4,0,4,same_uf,2.679169457468185,0.0,2.679169457468185
292320,Oliveira dos Brejinhos - BA,214.82,20.099999999999994,12.875816993464053,BA,29022,Boquira,691,0,0,1,2,4,same_uf,1.447178002894356,2.894356005788712,5.788712011577424
292330,Ouriçangas - BA,278.65,24.40000000000001,15.10136532892015,BA,29012,Feira de Santana,545,0,0,2,2,6,same_uf,3.669724770642202,3.669724770642202,11.009174311926605
292335,Ourolândia - BA,236.2,25.0,18.637532133676093,BA,29010,Jacobina,1224,2,0,21,5,29,same_uf,17.15686274509804,4.084967320261438,23.69281045751634
292340,Palmas de Monte Alto - BA,257.67,25.700000000000003,16.527272727272727,BA,29026,Guanambi,1457,0,0,3,66,70,same_uf,2.059025394646534,45.29855868222375,48.04392587508579
292350,Palmeiras - BA,344.4,16.0,29.65997541990988,BA,29023,Seabra,589,0,0,4,0,5,same_uf,6.791171477079796,0.0,8.488964346349745
292360,Paramirim - BA,337.63,18.5,38.71311766797014,BA,29025,Livramento do Brumado,1134,0,0,4,0,4,same_uf,3.527336860670194,0.0,3.527336860670194
292370,Paratinga - BA,198.58,22.40000000000001,3.161836083760921,BA,29007,Bom Jesus da Lapa,2614,0,0,13,6,23,same_uf,4.973221117061974,2.295332823259373,8.798775822494262
292380,Paripiranga - BA,270.44,25.599999999999994,26.08749689286602,BA,29015,Ribeira do Pombal,131,0,0,1,1,2,same_uf,7.633587786259542,7.633587786259542,15.267175572519085
292390,Pau Brasil - BA,273.81,25.8,65.03807106598985,BA,29031,Ilhéus-Itabuna,976,0,0,14,12,34,same_uf,14.344262295081966,12.295081967213115,34.83606557377049
292400,Paulo Afonso - BA,531.71,15.700000000000005,82.9956003725232,BA,29005,Paulo Afonso,10031,0,0,63,850,958,same_uf,6.28053035589672,84.73731432559067,95.5039377928422
292405,Pé de Serra - BA,254.48,21.90000000000001,3.131163708086785,BA,29016,Serrinha,802,1,0,8,19,34,same_uf,9.975062344139651,23.69077306733167,42.394014962593516
292410,Pedrão - BA,219.85,20.099999999999994,2.770378263185935,BA,29012,Feira de Santana,387,0,0,2,2,6,same_uf,5.167958656330749,5.167958656330749,15.503875968992247
292420,Pedro Alexandre - BA,167.04,38.4,2.8310715956949,BA,29013,Jeremoabo,211,0,0,0,1,1,same_uf,0.0,4.739336492890995,4.739336492890995
292430,Piatã - BA,225.92,21.40000000000001,5.187319884726225,BA,29023,Seabra,1309,0,0,19,0,20,same_uf,14.514896867838043,0.0,15.278838808250573
292440,Pilão Arcado - BA,193.09,28.599999999999994,1.999024865919064,BA,29004,Juazeiro,1212,0,0,10,2,14,same_uf,8.250825082508252,1.6501650165016502,11.551155115511552
292450,Pindaí - BA,267.49,21.700000000000003,3.266090297790586,BA,29026,Guanambi,1122,0,0,3,40,43,same_uf,2.6737967914438503,35.650623885918,38.32442067736186
292460,Pindobaçu - BA,204.17,22.599999999999994,42.24678323985484,BA,29008,Senhor do Bonfim,1908,0,0,13,3,23,same_uf,6.813417190775682,1.5723270440251573,12.054507337526205
292465,Pintadas - BA,271.45,21.5,54.221912072575016,BA,29012,Feira de Santana,548,0,0,15,3,18,same_uf,27.37226277372263,5.474452554744525,32.846715328467155
292467,Piraí do Norte - BA,235.01,24.700000000000003,26.58564375237372,BA,29030,Valença,621,1,0,3,0,8,same_uf,4.830917874396135,0.0,12.882447665056361
292470,Piripá - BA,236.01,23.5,4.837264855180651,BA,29027,Brumado,516,0,0,12,13,26,same_uf,23.25581395348837,25.1937984496124,50.3875968992248
292480,Piritiba - BA,263.01,19.5,36.60620596612202,BA,29010,Jacobina,1431,2,0,14,6,32,same_uf,9.783368273934311,4.1928721174004195,22.36198462613557
292490,Planaltino - BA,279.2,29.40000000000001,0.6722024515618822,BA,29024,Jequié,542,0,0,0,0,0,same_uf,0.0,0.0,0.0
292500,Planalto - BA,253.33,26.8,2.771731243651139,BA,29028,Vitória da Conquista,2001,0,0,32,10,56,same_uf,15.992003998001,4.997501249375312,27.98600699650175
292510,Poções - BA,286.07,24.700000000000003,64.59998448048421,BA,29028,Vitória da Conquista,2138,0,0,24,11,46,same_uf,11.225444340505145,5.144995322731525,21.515434985968195
292520,Pojuca - BA,411.56,8.599999999999994,87.19416970327954,BA,29019,Catu,2640,1,0,66,9,94,same_uf,25.0,3.409090909090909,35.60606060606061
292525,Ponto Novo - BA,223.48,23.099999999999994,10.375472117307265,BA,29010,Jacobina,1339,0,0,5,7,14,same_uf,3.7341299477221805,5.227781926811053,10.455563853622106
292530,Porto Seguro - BA,515.25,11.099999999999994,69.19006282422252,BA,29032,Porto Seguro,11422,8,0,48,12,99,same_uf,4.202416389423918,1.0506040973559796,8.667483803186833
292540,Potiraguá - BA,319.9,20.099999999999994,75.64102564102564,BA,29029,Itapetinga,639,0,0,19,6,26,same_uf,29.7339593114241,9.389671361502348,40.68857589984351
292550,Prado - BA,367.6,17.799999999999997,14.697711337478502,BA,29032,Porto Seguro,1934,4,0,10,1,15,same_uf,5.170630816959669,0.5170630816959669,7.755946225439503
292560,Presidente Dutra - BA,264.5,14.099999999999994,6.928977975748577,BA,29009,Irecê,1095,1,0,7,2,13,same_uf,6.392694063926941,1.82648401826484,11.872146118721462
292570,Presidente Jânio Quadros - BA,209.77,30.8,31.98839662447257,BA,29027,Brumado,357,1,0,12,5,19,same_uf,33.61344537815126,14.005602240896359,53.221288515406165
292575,Presidente Tancredo Neves - BA,268.35,26.0,28.13028114917806,BA,29030,Valença,2145,1,0,22,2,88,same_uf,10.256410256410257,0.9324009324009324,41.02564102564103
292580,Queimadas - BA,239.87,21.40000000000001,37.91381278538813,BA,29014,Euclides da Cunha,1790,2,0,11,2,16,same_uf,6.145251396648045,1.1173184357541899,8.938547486033519
292590,Quijingue - BA,226.62,30.700000000000003,13.149889380530974,BA,29014,Euclides da Cunha,1204,1,0,6,2,8,same_uf,4.983388704318937,1.6611295681063123,6.644518272425249
292593,Quixabeira - BA,234.45,27.90000000000001,4.051383399209486,BA,29010,Jacobina,570,0,0,3,2,5,same_uf,5.2631578947368425,3.508771929824561,8.771929824561404
292595,Rafael Jambeiro - BA,226.04,26.8,11.699920191540304,BA,29012,Feira de Santana,1266,0,0,17,7,26,same_uf,13.428120063191153,5.529225908372828,20.537124802527646
292600,Remanso - BA,269.65,25.5,49.99527633443552,BA,29004,Juazeiro,3871,1,0,35,9,50,same_uf,9.041591320072333,2.324980625161457,12.916559028674762
292610,Retirolândia - BA,287.47,17.700000000000003,17.496598639455783,BA,29016,Serrinha,989,1,0,14,11,25,same_uf,14.155712841253791,11.122345803842265,25.278058645096056
292620,Riachão das Neves - BA,207.17,27.5,8.983251564879039,BA,29001,Barreiras,1683,1,0,5,4,30,same_uf,2.9708853238265003,2.3767082590612003,17.825311942959
292630,Riachão do Jacuípe - BA,305.39,16.5,64.43131462333825,BA,29016,Serrinha,2168,1,0,23,58,88,same_uf,10.608856088560886,26.752767527675278,40.59040590405904
292640,Riacho de Santana - BA,275.97,25.0,5.934643796168774,BA,29026,Guanambi,2358,1,0,12,45,64,same_uf,5.089058524173028,19.083969465648856,27.14164546225615
292650,Ribeira do Amparo - BA,180.61,31.90000000000001,1.1187388761759471,BA,29015,Ribeira do Pombal,918,0,0,1,0,3,same_uf,1.0893246187363834,0.0,3.2679738562091503
292660,Ribeira do Pombal - BA,314.22,23.90000000000001,27.649269914702906,BA,29015,Ribeira do Pombal,3754,4,0,5,1,23,same_uf,1.3319126265316996,0.2663825253063399,6.126798082045818
292665,Ribeirão do Largo - BA,267.26,28.200000000000003,30.72487644151565,BA,29029,Itapetinga,578,0,0,10,5,15,same_uf,17.301038062283737,8.650519031141869,25.951557093425606
292670,Rio de Contas - BA,289.15,18.3,22.87019618382155,BA,29023,Seabra,342,0,0,18,21,41,same_uf,52.63157894736842,61.40350877192982,119.88304093567251
292680,Rio do Antônio - BA,250.83,25.700000000000003,16.02691924227318,BA,29027,Brumado,763,0,0,7,3,24,same_uf,9.174311926605505,3.9318479685452163,31.45478374836173
292690,Rio do Pires - BA,267.94,25.3,2.8931979070483225,BA,29025,Livramento do Brumado,555,0,0,2,0,3,same_uf,3.6036036036036037,0.0,5.405405405405405
292700,Rio Real - BA,264.33,21.700000000000003,9.5229151014275,BA,29017,Alagoinhas,1893,0,0,9,45,59,same_uf,4.754358161648177,23.771790808240887,31.16745905969361
292710,Rodelas - BA,255.68,21.200000000000003,86.58070678127984,BA,29005,Paulo Afonso,252,0,0,1,37,39,same_uf,3.9682539682539684,146.82539682539684,154.76190476190476
292720,Ruy Barbosa - BA,288.42,20.8,53.01438684631194,BA,29011,Itaberaba,2499,1,0,31,6,161,same_uf,12.404961984793918,2.4009603841536613,64.42577030812325
292730,Salinas da Margarida - BA,282.43,11.400000000000006,11.766240542655884,BA,29020,Santo Antônio de Jesus,481,0,0,16,1,22,same_uf,33.264033264033266,2.079002079002079,45.73804573804574
292740,Salvador - BA,935.66,3.9000000000000057,93.1177209574717,BA,29021,Salvador,177918,72,0,4413,1491,10007,same_uf,24.80356119111051,8.380265065929247,56.24501174698457
292750,Santa Bárbara - BA,245.33,20.40000000000001,6.022538333641234,BA,29012,Feira de Santana,1751,1,0,25,7,43,same_uf,14.277555682467161,3.997715591090805,24.557395773843517
292760,Santa Brígida - BA,218.83,30.90000000000001,35.81696214662195,BA,29013,Jeremoabo,1043,0,0,2,56,62,same_uf,1.9175455417066156,53.691275167785236,59.443911792905084
292770,Santa Cruz Cabrália - BA,380.67,14.299999999999995,49.396197327852,BA,29032,Porto Seguro,1961,3,0,11,1,20,same_uf,5.609382967873534,0.5099439061703213,10.198878123406425
292780,Santa Cruz da Vitória - BA,264.76,22.700000000000003,76.49063032367972,BA,29031,Ilhéus-Itabuna,376,0,0,9,1,10,same_uf,23.93617021276596,2.6595744680851063,26.595744680851062
292790,Santa Inês - BA,273.13,25.700000000000003,66.27402355858648,BA,29024,Jequié,670,1,0,1,0,2,same_uf,1.492537313432836,0.0,2.985074626865672
292800,Santaluz - BA,254.1,21.200000000000003,56.69491525423729,BA,29016,Serrinha,2684,0,0,33,28,62,same_uf,12.295081967213115,10.432190760059612,23.09985096870343
292805,Santa Luzia - BA,261.97,27.599999999999994,43.81767816670864,BA,29031,Ilhéus-Itabuna,937,0,0,11,4,17,same_uf,11.739594450373533,4.268943436499466,18.14300960512273
292810,Santa Maria da Vitória - BA,309.25,21.8,13.329138953801904,BA,29003,Santa Maria da Vitória,2468,2,0,6,1,14,same_uf,2.4311183144246353,0.4051863857374392,5.672609400324149
292820,Santana - BA,299.57,23.599999999999994,13.154111558366878,BA,29003,Santa Maria da Vitória,1251,0,0,1,1,3,same_uf,0.7993605115907274,0.7993605115907274,2.3980815347721824
292830,Santanópolis - BA,261.4,22.099999999999994,1.1290322580645162,BA,29012,Feira de Santana,750,0,0,21,5,28,same_uf,28.0,6.666666666666667,37.333333333333336
292840,Santa Rita de Cássia - BA,262.27,19.099999999999994,14.30557486445155,BA,29002,Cotegipe,2225,0,0,16,7,46,same_uf,7.191011235955056,3.146067415730337,20.674157303370787
292850,Santa Terezinha - BA,240.31,22.90000000000001,4.712404712404712,BA,29012,Feira de Santana,624,0,0,3,1,5,same_uf,4.8076923076923075,1.6025641025641026,8.012820512820513
292860,Santo Amaro - BA,377.61,11.900000000000006,59.02806377596046,BA,29020,Santo Antônio de Jesus,3461,1,0,32,11,74,same_uf,9.245882692863335,3.178272175671771,21.38110372724646
292870,Santo Antônio de Jesus - BA,526.1,11.5,67.38979837386518,BA,29020,Santo Antônio de Jesus,7822,3,0,313,35,378,same_uf,40.01534134492457,4.474558936333419,48.32523651240092
292880,Santo Estêvão - BA,344.29,19.8,12.74569556605211,BA,29012,Feira de Santana,4160,2,0,79,21,116,same_uf,18.990384615384617,5.048076923076923,27.884615384615383
292890,São Desidério - BA,294.68,22.90000000000001,8.474335276553392,BA,29001,Barreiras,2235,1,0,11,2,25,same_uf,4.921700223713646,0.8948545861297539,11.185682326621924
292895,São Domingos - BA,332.49,20.40000000000001,64.51391274476126,BA,29016,Serrinha,390,0,0,15,1,16,same_uf,38.46153846153846,2.5641025641025643,41.02564102564103
292900,São Félix - BA,296.39,14.0,62.38159675236807,BA,29020,Santo Antônio de Jesus,1021,0,0,5,0,6,same_uf,4.897159647404505,0.0,5.8765915768854065
292905,São Félix do Coribe - BA,329.96,15.299999999999995,1.629106706489275,BA,29003,Santa Maria da Vitória,916,0,0,1,1,4,same_uf,1.091703056768559,1.091703056768559,4.366812227074236
292910,São Felipe - BA,265.64,20.8,9.804910864446686,BA,29020,Santo Antônio de Jesus,1231,0,0,27,10,50,same_uf,21.933387489845654,8.123476848090982,40.61738424045492
292920,São Francisco do Conde - BA,419.9,9.400000000000006,66.33789373210308,BA,29021,Salvador,527,0,0,11,5,20,same_uf,20.872865275142313,9.487666034155598,37.95066413662239
292925,São Gabriel - BA,241.8,17.599999999999994,8.513962116774067,BA,29009,Irecê,1588,0,0,16,1,19,same_uf,10.075566750629722,0.6297229219143576,11.964735516372796
292930,São Gonçalo dos Campos - BA,410.24,13.900000000000006,7.720465890183027,BA,29012,Feira de Santana,2356,1,0,32,15,57,same_uf,13.582342954159593,6.366723259762309,24.193548387096776
292935,São José da Vitória - BA,242.26,25.700000000000003,78.2583284628872,BA,29031,Ilhéus-Itabuna,642,0,0,14,3,20,same_uf,21.806853582554517,4.672897196261682,31.152647975077883
292937,São José do Jacuípe - BA,249.81,26.099999999999994,31.98599618077657,BA,29010,Jacobina,530,0,0,9,1,11,same_uf,16.9811320754717,1.8867924528301887,20.754716981132077
292940,São Miguel das Matas - BA,269.64,22.0,17.140090380890896,BA,29024,Jequié,634,2,0,15,0,17,same_uf,23.65930599369085,0.0,26.813880126182966
292950,São Sebastião do Passé - BA,391.61,12.700000000000005,66.47722659738572,BA,29019,Catu,2591,1,0,49,8,79,same_uf,18.911617136240835,3.0876109610189117,30.490158240061753
292960,Sapeaçu - BA,332.4,14.599999999999994,4.519774011299435,BA,29020,Santo Antônio de Jesus,1645,0,0,14,4,21,same_uf,8.51063829787234,2.43161094224924,12.76595744680851
292970,Sátiro Dias - BA,205.23,27.099999999999994,29.18929402637704,BA,29017,Alagoinhas,1204,0,0,6,1,8,same_uf,4.983388704318937,0.8305647840531561,6.644518272425249
292975,Saubara - BA,260.81,13.400000000000006,27.58620689655172,BA,29020,Santo Antônio de Jesus,542,1,0,5,2,9,same_uf,9.22509225092251,3.690036900369004,16.605166051660518
292980,Saúde - BA,230.49,20.0,20.40124328906471,BA,29010,Jacobina,881,1,0,3,11,18,same_uf,3.4052213393870603,12.485811577752553,20.431328036322363
292990,Seabra - BA,306.14,14.599999999999994,4.141651440006961,BA,29023,Seabra,3727,1,0,9,0,13,same_uf,2.4148108398175476,0.0,3.48806010195868
293000,Sebastião Laranjeiras - BA,268.26,22.3,12.709284627092844,BA,29026,Guanambi,411,0,0,2,19,24,same_uf,4.866180048661801,46.228710462287104,58.394160583941606
293010,Senhor do Bonfim - BA,407.79,15.299999999999995,55.7176513229431,BA,29008,Senhor do Bonfim,6306,1,0,75,3,108,same_uf,11.893434823977165,0.47573739295908657,17.12654614652712
293015,Serra do Ramalho - BA,206.68,22.5,2.393617021276596,BA,29007,Bom Jesus da Lapa,2405,2,0,8,2,15,same_uf,3.3264033264033266,0.8316008316008316,6.237006237006237
293020,Sento Sé - BA,218.76,22.700000000000003,31.861301929996728,BA,29004,Juazeiro,2540,0,0,15,1,32,same_uf,5.905511811023622,0.3937007874015748,12.598425196850394
293030,Serra Dourada - BA,226.78,21.700000000000003,4.929859719438878,BA,29003,Santa Maria da Vitória,1216,0,0,2,2,6,same_uf,1.644736842105263,1.644736842105263,4.934210526315789
293040,Serra Preta - BA,226.02,25.599999999999994,11.714219438645326,BA,29012,Feira de Santana,992,0,0,12,9,23,same_uf,12.096774193548388,9.07258064516129,23.18548387096774
293050,Serrinha - BA,359.4,16.299999999999997,51.84929933379279,BA,29016,Serrinha,6665,1,0,59,26,99,same_uf,8.852213053263316,3.9009752438109526,14.85371342835709
293060,Serrolândia - BA,257.01,20.90000000000001,4.624134520276954,BA,29010,Jacobina,925,0,0,10,2,17,same_uf,10.81081081081081,2.1621621621621623,18.37837837837838
293070,Simões Filho - BA,410.16,7.599999999999994,65.23714285714286,BA,29021,Salvador,9642,0,0,154,42,283,same_uf,15.971790085044596,4.355942750466708,29.3507571043352
293075,Sítio do Mato - BA,129.44,19.200000000000003,13.08316430020284,BA,29007,Bom Jesus da Lapa,589,0,0,7,0,13,same_uf,11.884550084889643,0.0,22.07130730050934
293076,Sítio do Quinto - BA,240.26,33.5,17.47083775185578,BA,29013,Jeremoabo,840,0,0,4,1,8,same_uf,4.761904761904762,1.1904761904761905,9.523809523809524
293077,Sobradinho - BA,331.39,16.599999999999994,74.37582128777923,BA,29004,Juazeiro,1575,0,0,17,5,28,same_uf,10.793650793650794,3.1746031746031744,17.77777777777778
293080,Souto Soares - BA,217.95,18.599999999999994,4.6706586826347305,BA,29009,Irecê,1341,0,0,1,12,16,same_uf,0.7457121551081283,8.94854586129754,11.931394481730052
293090,Tabocas do Brejo Velho - BA,213.68,26.40000000000001,6.036152356358941,BA,29002,Cotegipe,728,0,0,0,1,2,same_uf,0.0,1.3736263736263736,2.7472527472527473
293100,Tanhaçu - BA,266.78,23.700000000000003,12.29089628455714,BA,29027,Brumado,1052,0,0,26,7,33,same_uf,24.714828897338403,6.653992395437262,31.368821292775664
293105,Tanque Novo - BA,299.47,25.0,1.9661636945587564,BA,29022,Boquira,975,1,0,12,35,54,same_uf,12.307692307692308,35.8974358974359,55.38461538461539
293110,Tanquinho - BA,269.91,18.099999999999994,44.77947794779478,BA,29012,Feira de Santana,568,0,0,13,5,20,same_uf,22.887323943661972,8.80281690140845,35.2112676056338
293120,Taperoá - BA,268.48,25.3,28.16350479170741,BA,29030,Valença,1405,0,0,2,1,65,same_uf,1.4234875444839858,0.7117437722419929,46.263345195729535
293130,Tapiramutá - BA,301.85,21.099999999999994,2.4756189047261814,BA,29011,Itaberaba,1434,0,0,15,5,25,same_uf,10.460251046025105,3.486750348675035,17.433751743375176
293135,Teixeira de Freitas - BA,551.62,13.400000000000006,76.07487569464756,BA,29032,Porto Seguro,12824,36,0,6,6,51,same_uf,0.4678727386150967,0.4678727386150967,3.976918278228322
293140,Teodoro Sampaio - BA,257.55,21.5,23.53902738046588,BA,29012,Feira de Santana,442,0,0,7,1,10,same_uf,15.83710407239819,2.262443438914027,22.624434389140273
293150,Teofilândia - BA,276.95,22.5,24.5119305856833,BA,29016,Serrinha,1239,0,0,21,16,40,same_uf,16.949152542372882,12.9136400322841,32.28410008071025
293160,Teolândia - BA,229.03,27.90000000000001,36.20546810273405,BA,29031,Ilhéus-Itabuna,1047,0,0,6,2,35,same_uf,5.730659025787966,1.9102196752626552,33.42884431709646
293170,Terra Nova - BA,289.9,12.200000000000005,64.4481419855796,BA,29019,Catu,786,0,0,24,4,34,same_uf,30.53435114503817,5.089058524173028,43.25699745547074
293180,Tremedal - BA,235.85,28.0,7.886565928379218,BA,29027,Brumado,1112,1,0,19,17,39,same_uf,17.086330935251798,15.287769784172662,35.07194244604317
293190,Tucano - BA,320.21,26.5,46.471774193548384,BA,29014,Euclides da Cunha,3512,2,0,24,6,43,same_uf,6.83371298405467,1.7084282460136675,12.24373576309795
293200,Uauá - BA,245.23,21.5,2.664776754075124,BA,29014,Euclides da Cunha,1664,0,0,5,2,15,same_uf,3.0048076923076925,1.2019230769230769,9.014423076923077
293210,Ubaíra - BA,276.55,27.099999999999994,37.68017636086145,BA,29024,Jequié,1596,0,0,12,2,21,same_uf,7.518796992481203,1.2531328320802004,13.157894736842104
293220,Ubaitaba - BA,346.48,19.40000000000001,67.06566916043225,BA,29031,Ilhéus-Itabuna,1877,0,0,23,6,35,same_uf,12.253596164091636,3.196590303676079,18.646776771443793
293230,Ubatã - BA,301.48,25.0,57.7649837614408,BA,29031,Ilhéus-Itabuna,1662,0,0,17,7,25,same_uf,10.22864019253911,4.21179302045728,15.042117930204572
293240,Uibaí - BA,279.13,15.200000000000005,2.0242914979757085,BA,29009,Irecê,917,0,0,8,2,18,same_uf,8.724100327153762,2.1810250817884405,19.629225736095965
293245,Umburanas - BA,145.73,22.90000000000001,6.492199295420232,BA,29008,Senhor do Bonfim,541,1,0,14,2,16,same_uf,25.87800369685767,3.6968576709796674,29.57486136783734
293250,Una - BA,291.22,23.5,26.5224025523651,BA,29031,Ilhéus-Itabuna,1729,0,0,8,3,13,same_uf,4.626951995373048,1.735106998264893,7.518796992481203
293260,Urandi - BA,321.44,21.099999999999994,8.175117266026357,BA,29026,Guanambi,911,0,0,4,36,42,same_uf,4.390779363336993,39.51701427003293,46.10318331503842
293270,Uruçuca - BA,340.26,20.5,65.9468438538206,BA,29031,Ilhéus-Itabuna,1851,2,0,24,8,36,same_uf,12.965964343598054,4.321988114532685,19.448946515397083
293280,Utinga - BA,320.21,18.40000000000001,2.3420586498720724,BA,29023,Seabra,1261,0,0,16,1,42,same_uf,12.688342585249801,0.7930214115781126,33.30689928628073
293290,Valença - BA,365.23,17.799999999999997,61.4418039632526,BA,29030,Valença,7276,2,0,13,4,626,same_uf,1.7866959868059373,0.5497526113249038,86.03628367234744
293300,Valente - BA,381.35,14.799999999999995,47.06664892909405,BA,29016,Serrinha,1434,0,0,27,9,45,same_uf,18.828451882845187,6.2761506276150625,31.380753138075313
293305,Várzea da Roça - BA,224.94,26.0,19.177110427997164,BA,29011,Itaberaba,740,0,0,9,3,13,same_uf,12.162162162162161,4.054054054054054,17.56756756756757
293310,Várzea do Poço - BA,291.3,21.90000000000001,19.957310565635005,BA,29010,Jacobina,620,2,0,3,1,8,same_uf,4.838709677419355,1.6129032258064515,12.903225806451612
293315,Várzea Nova - BA,231.22,21.0,34.753763715233475,BA,29010,Jacobina,989,0,0,21,7,32,same_uf,21.23356926188069,7.077856420626896,32.355915065722954
293317,Varzedo - BA,294.14,23.700000000000003,28.21927888153054,BA,29020,Santo Antônio de Jesus,649,0,0,23,2,27,same_uf,35.43913713405239,3.0816640986132513,41.60246533127889
293320,Vera Cruz - BA,385.38,10.099999999999994,25.35534939143757,BA,29021,Salvador,2171,0,0,27,4,41,same_uf,12.436665131275909,1.842468908337172,18.885306310456013
293325,Vereda - BA,268.91,27.5,29.803545759463344,BA,29032,Porto Seguro,375,0,0,1,0,2,same_uf,2.6666666666666665,0.0,5.333333333333333
293330,Vitória da Conquista - BA,543.45,12.5,59.749016886421465,BA,29028,Vitória da Conquista,26947,8,0,729,404,1247,same_uf,27.053104241659554,14.992392474115857,46.27602330500612
293340,Wagner - BA,278.49,19.200000000000003,1.0971149939049167,BA,29023,Seabra,785,0,0,5,1,7,same_uf,6.369426751592357,1.2738853503184713,8.9171974522293
293345,Wanderley - BA,271.47,22.0,1.343624928530589,BA,29002,Cotegipe,762,0,0,4,1,10,same_uf,5.2493438320209975,1.3123359580052494,13.123359580052494
293350,Wenceslau Guimarães - BA,255.81,27.8,28.15146985550573,BA,29031,Ilhéus-Itabuna,1940,0,0,6,10,42,same_uf,3.0927835051546393,5.154639175257732,21.649484536082475
293360,Xique-Xique - BA,260.99,20.5,37.83783783783784,BA,29006,Barra,4367,3,0,9,4,107,same_uf,2.060911380810625,0.9159606136936111,24.501946416304097
